actor_episodes,actor_steps,delta_dist,delta_dist_10,delta_dist_100,delta_dist_1000,episode_length,episode_return,final_dist,final_dist_10,final_dist_100,final_dist_1000,init_dist,init_dist_10,init_dist_100,init_dist_1000,min_dist,min_dist_10,min_dist_100,min_dist_1000,steps_per_second,success,success_1000
4,600,0.029505074,-0.026456868,-0.026456868,-0.026456868,150,0.0,0.64561903,0.72325927,0.72325927,0.72325927,0.6751241,0.69680244,0.69680244,0.69680244,0.49535924,0.6074926,0.6074926,0.6074926,22.65544484204131,0.0,0.0
1,150,-0.13471901,0.0,0.0,0.0,150,0.0,1,150,0.8596391,0.72368246,0.72368246,0.72368246,0.7249201,0.72368246,0.72368246,0.72368246,0.69705456,0.72368246,0.72368246,0.72368246,23.395309987515226,0.0,nan
38,5700,-0.0028797388,-0.020851636,-0.035970896,-0.035970896,150,0.0,9,1350,0.70143294,0.70982426,0.7379886,0.7379886,0.6985532,0.68897265,0.7020177,0.7020177,0.67248017,0.66893065,0.6783283,0.6783283,121.54002126554734,0.0,0.0
70,10500,-0.040745497,-0.049503922,-0.038409498,-0.038409498,150,0.0,16,2400,0.7489025,0.7525838,0.7390754,0.7390754,0.708157,0.7030798,0.7006659,0.7006659,0.6869397,0.6699189,0.67797256,0.67797256,54.99894660742026,0.0,0.0
87,13050,0.30599806,-0.037298672,-0.03854892,-0.03854892,150,0.0,20,3000,0.3678052,0.7392851,0.7420172,0.7420172,0.67380327,0.70198643,0.7034683,0.7034683,0.33781222,0.6894265,0.67991143,0.67991143,40.93124686499523,0.0,0.0
106,15900,-0.12134373,0.24745782,0.021810526,0.016406761,150,0.0,38,5700,0.7809058,0.4534592,0.6832085,0.68890977,0.65956205,0.70091707,0.705019,0.7053164,0.2958989,0.3621574,0.6192156,0.62435365,11.252821720896948,0.0,0.0
110,16500,-0.23024404,0.105393216,0.019874394,0.011563511,150,0.0,71,10650,1.0168506,0.592268,0.6848295,0.69312125,0.78660655,0.69766116,0.7047039,0.7046847,0.55034477,0.44969177,0.61596465,0.62336636,6.084444577087091,0.0,0.0
114,17100,-0.22346538,-0.043455906,0.01857889,0.008182325,150,0.0,90,13500,0.92847157,0.75962514,0.6888752,0.6979241,0.7050062,0.71616924,0.70745414,0.7061063,0.5065386,0.5491067,0.61291456,0.6223259,10.26511963659248,0.0,0.0
122,18300,-0.1839984,-0.002395469,0.021414286,0.008368945,150,0.0,124,18600,0.8484703,0.71637076,0.68543595,0.6978418,0.66447186,0.7139753,0.70685023,0.7062107,0.40885618,0.5478638,0.60148764,0.6174226,6.204174433238316,0.0,0.0
126,18900,0.022459209,0.06736148,0.02548763,0.011008699,150,0.0,143,21450,0.6736407,0.64444923,0.68099046,0.6954051,0.69609994,0.7118107,0.70647794,0.7064138,0.42150182,0.49859986,0.5926268,0.61217093,10.052607228187519,0.0,0.0
130,19500,-0.14785755,0.07708863,0.02566078,0.009775539,150,0.0,162,24300,0.85214174,0.64146996,0.68166167,0.69703573,0.7042842,0.7185586,0.70732254,0.70681113,0.49400356,0.5077342,0.5888626,0.6113589,10.899409106356716,0.0,0.0
138,20700,-0.11332202,-0.14505704,0.013970749,-0.000298294,150,0.0,197,29550,0.80407524,0.8459948,0.6938105,0.7064328,0.6907532,0.70093775,0.7077812,0.70613456,0.46802375,0.6202878,0.58441275,0.61124575,6.065656186099085,0.0,0.0
142,21300,-0.16966838,-0.15294889,0.010305413,-0.0030052348,150,0.0,214,32100,0.8666474,0.84286815,0.6972194,0.70866436,0.69697905,0.6899193,0.7075249,0.70565915,0.6492622,0.54413015,0.57511675,0.6065766,10.68397389142191,0.0,0.0
150,22500,-0.088433385,-0.06260437,0.009983405,-0.005129374,150,0.0,235,35250,0.79228073,0.7585991,0.69764537,0.710444,0.70384735,0.69599473,0.7076287,0.7053146,0.4607949,0.45005932,0.55714875,0.598749,11.12562648732134,0.0,0.0
154,23100,-0.13057697,-0.03365761,0.010981703,-0.0052741063,150,0.0,255,38250,0.86679655,0.7357592,0.6965416,0.7109322,0.7362196,0.7021016,0.7075233,0.7056581,0.5029151,0.44549227,0.548473,0.59574544,9.785134274631003,0.0,0.0
158,23700,-0.021858513,-0.07732685,0.008887712,-0.008402539,150,0.0,271,40650,0.77226645,0.7886907,0.699727,0.71426004,0.75040793,0.71136385,0.7086148,0.70585746,0.49239808,0.47485405,0.54133844,0.59317034,11.131502938036682,0.0,0.0
162,24300,-0.1628946,-0.07065679,0.0061560045,-0.009929153,150,0.0,304,45600,0.8574244,0.79781306,0.7046158,0.716898,0.6945298,0.7271563,0.7107718,0.70696884,0.4354895,0.49564138,0.53476965,0.59112513,6.062707207585415,0.0,0.0
166,24900,-0.13115144,-0.08818466,0.0061699096,-0.012066754,150,0.0,321,48150,0.80414313,0.8184455,0.7045514,0.71904725,0.6729917,0.7302608,0.7107214,0.7069804,0.5189576,0.47983307,0.52587485,0.5874573,10.727696738279949,0.0,0.0
170,25500,-0.12964135,-0.13427344,-0.00026153983,-0.016230451,150,0.0,340,51000,0.7741862,0.83002645,0.70981413,0.722063,0.64454484,0.695753,0.70955247,0.7058325,0.64454484,0.5181395,0.52288985,0.5878082,9.741948435830707,0.0,0.0
178,26700,-0.10433322,-0.08641265,-0.001331464,-0.018209377,150,0.0,361,54150,0.77052146,0.7744263,0.70822877,0.72360337,0.66618824,0.6880136,0.7068972,0.7053941,0.4970034,0.59092546,0.5143232,0.5875895,9.829533772336314,0.0,0.0
182,27300,-0.11212212,-0.0794382,-0.003429923,-0.019650726,150,0.0,377,56550,0.8019086,0.7773269,0.7102593,0.72479314,0.6897865,0.6978887,0.70682913,0.7051425,0.4828338,0.557427,0.5085137,0.58648044,10.909217646786487,0.0,0.0
186,27900,-0.17461842,-0.09703564,-0.005811016,-0.021135142,150,0.0,410,61500,0.8576696,0.7954897,0.712161,0.7261362,0.68305117,0.6984541,0.70634997,0.7050011,0.5025853,0.56400585,0.50305563,0.5858392,5.934045697951368,0.0,0.0
194,29100,-0.11611986,-0.11404828,-0.038354497,-0.025492568,150,0.0,431,64650,0.7972062,0.8060567,0.74198794,0.7299391,0.68108636,0.69200844,0.7036335,0.7044466,0.5358308,0.5884203,0.5183057,0.586164,9.893708293478046,0.0,0.0
198,29700,-0.07021022,-0.13020656,-0.05134277,-0.027229575,150,0.0,450,67500,0.77078164,0.8145627,0.75321364,0.73107266,0.7005714,0.6843562,0.7018708,0.7038432,0.64871144,0.56993425,0.5226131,0.5843868,12.907753957347264,0.0,0.0
202,30300,-0.11358911,-0.09213799,-0.06538686,-0.027691972,150,0.0,485,72750,0.81652236,0.76997197,0.7665811,0.7310658,0.70293325,0.6778339,0.7011943,0.7033738,0.5550146,0.5588151,0.5314444,0.58430153,8.252877328119002,0.0,0.0
210,31500,-0.24925399,-0.10151203,-0.07907792,-0.031191882,150,0.0,505,75750,0.98187214,0.803497,0.781727,0.7349164,0.73261815,0.70198506,0.702649,0.7037244,0.73261815,0.6284888,0.54576683,0.58676285,13.424615238533173,0.0,0.0
214,32100,-0.09276241,-0.16151027,-0.08371677,-0.034363553,150,0.0,522,78300,0.74629104,0.8774519,0.7847847,0.7381373,0.65352863,0.71594155,0.701068,0.70377374,0.65352863,0.6780852,0.5495798,0.5886471,14.554349929225321,0.0,0.0
218,32700,-0.1515578,-0.1884825,-0.085731946,-0.03668666,150,0.0,541,81150,0.8520659,0.8981253,0.7867785,0.7405846,0.7005081,0.70964277,0.7010467,0.7038981,0.7005081,0.6996021,0.5543244,0.5908042,14.877515911592672,0.0,0.0
222,33300,-0.10010469,-0.18392244,-0.09946834,-0.0397727,150,0.0,560,84000,0.74794704,0.88970006,0.8002581,0.74356335,0.64784235,0.7057776,0.70078963,0.70379066,0.46416396,0.6979089,0.5614666,0.5924422,13.40017129506687,0.0,0.0
226,33900,-0.035411775,-0.17180212,-0.108139165,-0.041249134,150,0.0,577,86550,0.8156713,0.87377584,0.8080377,0.7448054,0.78025955,0.7019738,0.6998985,0.70355624,0.63898635,0.6536201,0.56702054,0.5923681,14.535512447108697,0.0,0.0
230,34500,-0.14328504,-0.1335018,-0.112212785,-0.042805634,150,0.0,596,89400,0.8361019,0.842985,0.8122065,0.7466783,0.69281685,0.70948315,0.69999385,0.7038726,0.53917557,0.63388586,0.56902623,0.59311205,13.407679219665267,0.0,0.0
234,35100,-0.1455974,-0.10014322,-0.11224489,-0.043844156,150,0.0,614,92100,0.8274489,0.8118827,0.8120584,0.7476781,0.6818515,0.7117394,0.6998136,0.7038339,0.6818515,0.6123912,0.56719327,0.5931593,14.518239827353694,0.0,0.0
275,41110,-0.041757762,0.0,0.0,0.0,10,0.0,806,120760,0.68519825,0.6947687,0.6947687,0.6947687,0.6434405,0.6947687,0.6947687,0.6947687,409,564.4676020145416,0.6434405,0.6947687,0.6947687,0.6947687,1.683380384164191,0.0,nan
278,41140,0.053379536,-0.008996751,-0.008996751,-0.008996751,10,0.0,806,120760,0.65612006,0.6919145,0.6919145,0.6919145,0.7094996,0.6829178,0.6829178,0.6829178,409,564.4676020145416,0.6417436,0.66233987,0.66233987,0.66233987,2.7511628297482913,0.0,0.0
276,41120,-0.011248171,-6.79791e-05,-6.79791e-05,-6.79791e-05,10,0.0,806,120760,0.6863723,0.70479697,0.70479697,0.70479697,0.6751241,0.70472896,0.70472896,0.70472896,409,564.4676020145416,0.6325162,0.6725036,0.6725036,0.6725036,1.5350202253717744,0.0,0.0
1314,51500,0.011697948,0.0,0.0,0.0,10,0.0,1064,123340,0.670919,0.70668095,0.70668095,0.70668095,0.68261695,0.70668095,0.70668095,0.70668095,410,564.4676020145416,0.65612006,0.70668095,0.70668095,0.70668095,1.7176650768836934,0.0,nan
2358,61940,0.055017233,0.009202337,0.009202337,0.009202337,10,0.0,1319,125890,0.74358624,0.71871793,0.71871793,0.71871793,0.7986035,0.72792023,0.72792023,0.72792023,411,564.4676020145416,0.6508496,0.70523596,0.70523596,0.70523596,2.8570218040219646,0.0,0.0
3397,72330,0.1341976,0.03381598,0.03381598,0.03381598,10,0.0,1578,128480,0.6644059,0.6563625,0.6563625,0.6563625,0.7986035,0.6901785,0.6901785,0.6901785,412,564.4676020145416,0.6403881,0.6563625,0.6563625,0.6563625,2.4386246897795947,0.0,0.0
3396,72320,0.015206873,-0.00011412799,-0.00011412799,-0.00011412799,10,0.0,1578,128480,0.65991724,0.71856964,0.71856964,0.71856964,0.6751241,0.71845555,0.71845555,0.71845555,412,564.4676020145416,0.65991724,0.70583487,0.70583487,0.70583487,1.6162352901554398,0.0,0.0
3639,74750,0.0916,0.019051248,0.028514624,0.02807895,10,0.0,1637,129070,0.60814893,0.67975026,0.674584,0.6761023,0.69974893,0.69880146,0.7030986,0.70418125,412,564.4676020145416,0.60814893,0.6353702,0.6309278,0.6302365,54.41000428087745,0.0,0.0
3888,77240,0.10748464,0.033806182,0.032402802,0.029721681,10,0.0,1696,129660,0.5914884,0.67759675,0.67410827,0.67507064,0.69897306,0.711403,0.706511,0.7047923,412,564.4676020145416,0.5914884,0.64447343,0.6348061,0.6290696,61.689196642491865,0.0,0.0
4133,79690,0.10760814,0.037238162,0.030405678,0.030532727,10,0.0,1755,130250,0.5941572,0.6676451,0.67377996,0.6741525,0.70176536,0.7048832,0.70418555,0.7046853,412,564.4676020145416,0.5941572,0.6198978,0.63324004,0.6285992,53.78974785799202,0.0,0.0
4325,81610,0.067926705,0.035064302,0.03349319,0.030458538,10,0.0,1803,130730,0.6704944,0.6598128,0.66810817,0.67391175,0.7384211,0.69487715,0.70160127,0.7043704,412,564.4676020145416,0.5550417,0.62769365,0.62934476,0.6279875,5.96076723754096,0.0,0.0
4458,82940,0.015313983,0.041628353,0.026742825,0.030534606,10,0.0,1834,131040,0.6582405,0.66898996,0.6720288,0.6731861,0.6735545,0.7106184,0.6987716,0.7037207,413,564.4676020145416,0.6582405,0.6433962,0.6244869,0.6274498,41.18151148953551,0.0,0.0
4515,83510,0.06605631,0.045132242,0.03219805,0.0302189,10,0.0,2011,132810,0.6948897,0.66762435,0.6702682,0.673188,0.76094604,0.7127566,0.7024662,0.7034069,420,581.6364979743958,0.6354488,0.6464618,0.6263498,0.6273755,0.8127610749999501,0.0,0.0
4551,83870,-0.0032287836,-0.0007534862,0.020919697,0.028957399,10,0.0,2098,133680,0.69344145,0.70773274,0.6802837,0.6742766,0.69021267,0.7069792,0.70120347,0.703234,426,592.134756565094,0.68422693,0.6933433,0.64337194,0.6288784,6.482399952397842,0.0,0.0
4598,84340,0.050402403,-0.007033306,0.0043418645,0.027449492,10,0.0,2181,134510,0.68160164,0.7229285,0.70159006,0.67568237,0.73200405,0.7158953,0.7059319,0.70313185,433,604.1454486846924,0.6695423,0.701108,0.6769131,0.63193506,3.9347527561442517,0.0,0.0
4640,84760,0.02480805,-0.0039602397,-0.006800273,0.026026953,10,0.0,2266,135360,0.7020435,0.71310425,0.7147645,0.67766917,0.7268515,0.709144,0.7079642,0.7036961,439,615.2749388217926,0.6773582,0.69722193,0.69487184,0.6345605,5.412389266335031,0.0,0.0
4676,85120,0.035436273,-0.01733495,-0.0071387375,0.024051394,10,0.0,2339,136090,0.7134023,0.71600544,0.71247286,0.6794318,0.74883854,0.6986705,0.70533407,0.7034832,445,625.416720867157,0.6978772,0.6864001,0.6901044,0.6372004,19.108333299164972,0.0,0.0
4715,85510,-0.06588817,-0.011767149,-0.007571993,0.022687012,10,0.0,2425,136950,0.7614109,0.719562,0.71406996,0.68114996,0.6955227,0.7077949,0.70649797,0.703837,451,636.1311824321747,0.6826698,0.6811079,0.68865997,0.6392376,5.770799203263664,0.0,0.0
4754,85900,-0.11939108,0.0026164472,-0.006644063,0.021482842,10,0.0,2495,137650,0.7881185,0.70507735,0.711232,0.682132,0.6687274,0.70769393,0.70458794,0.7036149,457,647.5138900279999,0.6687274,0.6827408,0.68266785,0.6417842,7.601137732092907,0.0,0.0
4789,86250,-0.035306275,-0.007827157,-0.0063462723,0.020442149,10,0.0,2581,138510,0.71107876,0.70079833,0.7081708,0.68269193,0.6757725,0.6929711,0.7018244,0.7031341,463,658.0578072071075,0.6757725,0.689034,0.68343604,0.6436631,5.424125106382869,0.0,0.0
4839,86750,-0.11754584,-0.008674895,-0.00965798,0.018138206,10,0.0,2671,139410,0.79670393,0.73236346,0.7145422,0.68519104,0.6791581,0.72368854,0.7048842,0.7033292,470,669.142138004303,0.668758,0.70533174,0.6888297,0.6465342,7.947966385229754,0.0,0.0
4875,87110,-0.03765869,-0.014001513,-0.0112433005,0.01635288,10,0.0,2740,140100,0.7618133,0.7295679,0.7181289,0.6871875,0.7241546,0.71556634,0.7068857,0.7035404,476,679.0972445011139,0.6358585,0.6828323,0.68744504,0.6485221,18.871890120827135,0.0,0.0
4910,87460,-0.10789698,-0.012090677,-0.011470424,0.015255955,10,0.0,2827,140970,0.7987039,0.7255551,0.7237037,0.6887787,0.6908069,0.7134644,0.7122334,0.7040347,482,689.8329498767853,0.5021121,0.6504052,0.68363655,0.6497566,5.698119118466776,0.0,0.0
4949,87850,-0.058249652,0.08407341,0.0019386536,0.01495977,10,0.0,2897,141670,0.72606707,0.6243985,0.70694435,0.6890775,0.6678174,0.708472,0.70888305,0.7040373,488,700.5474104881287,0.5484445,0.59296054,0.65019506,0.6487744,7.3397130894662626,0.0,0.0
4989,88250,0.0,0.035149287,0.018612301,0.014716274,10,0.0,2980,142500,0.6791843,0.6612054,0.6867794,0.68917775,0.6791843,0.69635475,0.70539165,0.7038941,494,711.3625133037567,0.6791843,0.58263886,0.6211724,0.648287,8.35220075690067,0.0,0.0
5024,88600,-0.03812176,0.02452277,0.037096146,0.014626369,10,0.0,3048,143180,0.75019515,0.6738991,0.6654489,0.68890285,0.7120734,0.6984219,0.70254517,0.7035292,499,720.9294335842133,0.7120734,0.5449036,0.5923385,0.6463656,14.215835238413188,0.0,0.0
5058,88940,-0.044856906,-0.0016155541,0.0343082,0.014481204,10,0.0,3117,143870,0.7367125,0.7204913,0.66631716,0.68914336,0.6918556,0.71887577,0.7006253,0.7036246,505,732.0165703296661,0.5827313,0.6988111,0.60524863,0.64748526,5.926455111981253,0.0,0.0
5101,89370,0.06926298,0.036116734,0.035260607,0.014908984,10,0.0,3195,144650,0.5809151,0.6818737,0.67048955,0.6888989,0.6501781,0.7179905,0.7057502,0.70380795,511,743.1392061710358,0.38344666,0.6443013,0.6116532,0.6466768,5.409160989544207,0.0,0.0
5138,89740,0.29319444,0.026756331,0.031673282,0.015083769,10,0.0,3273,145430,0.385282,0.65838015,0.6745064,0.6885608,0.67847645,0.6851365,0.7061797,0.7036445,517,753.6279139518738,0.38294202,0.55168796,0.61740303,0.6448829,8.090289886829021,0.0,0.0
5173,90090,0.27163643,-0.0076681376,0.029828275,0.014161499,10,0.0,3351,146210,0.42295176,0.7014502,0.67761767,0.6894283,0.6945882,0.6937821,0.7074459,0.7035899,522,764.7241859436035,0.42295176,0.6043515,0.61321807,0.6453362,4.6544705590563895,0.0,0.0
5193,90290,0.1614412,0.10605564,0.03369008,0.015089432,10,0.0,3401,146710,0.5509949,0.5983616,0.670463,0.68837893,0.7124361,0.70441735,0.70415324,0.7034683,526,777.5161299705505,0.5509949,0.5024184,0.5968277,0.64342415,3.6854971611690632,0.0,0.0
5220,90560,0.34186816,0.032913737,0.029886479,0.015385533,10,0.0,3458,147280,0.40817863,0.6802997,0.6752092,0.68832475,0.7500468,0.71321344,0.70509577,0.70371026,530,787.9798667430878,0.40817863,0.59789574,0.59483856,0.6427518,6.5304343046844915,0.0,0.0
5251,90870,0.25405514,0.060650956,0.030592067,0.015566599,10,0.0,3525,147950,0.45590007,0.63229465,0.67338747,0.6883027,0.7099552,0.69294566,0.70397955,0.70386934,535,800.1570265293121,0.45590007,0.5551039,0.5823436,0.64079124,4.265972769118467,0.0,0.0
5282,91180,0.18047357,0.05614961,0.036080185,0.015087369,10,0.0,3599,148690,0.5754937,0.63986146,0.66603637,0.68860364,0.75596726,0.696011,0.70211655,0.70369107,540,811.4881598949432,0.5754937,0.56954783,0.5811846,0.6397386,6.1122532906721005,0.0,0.0
5315,91510,-0.034623563,0.045872215,0.036798205,0.0155705465,10,0.0,3661,149310,0.7405461,0.66186935,0.6650993,0.6880866,0.70592254,0.70774156,0.7018977,0.7036572,545,822.4553124904633,0.6913446,0.56942165,0.5781287,0.63809407,4.1692211318267045,0.0,0.0
5347,91830,-0.060276806,0.032640584,0.032487996,0.01540398,10,0.0,3731,150010,0.7292068,0.70876014,0.67450166,0.68887466,0.66893,0.7414008,0.7069895,0.7042787,550,832.7611720561981,0.455314,0.63837576,0.60195535,0.6383977,6.307572162253165,0.0,0.0
5387,92230,0.23867658,0.058154892,0.038449425,0.016860522,10,0.0,3806,150760,0.4927316,0.64731324,0.66898507,0.68765676,0.7314082,0.70546806,0.7074345,0.7045172,556,842.9872682094574,0.40937144,0.60047436,0.60120845,0.63714087,7.353591471153447,0.0,0.0
5290,91260,-0.008826435,0.0927028,0.0927028,0.0927028,10,0.0,3600,148700,0.70013106,0.62741506,0.62741506,0.62741506,0.6913046,0.72011787,0.72011787,0.72011787,540,811.4881598949432,0.6913046,0.62443113,0.62443113,0.62443113,1.784358580219781,0.0,0.0
5533,93690,-0.05982232,0.005629629,0.06367054,0.042486683,10,0.0,3660,149300,0.7565145,0.70999765,0.6402639,0.6613842,0.69669217,0.7156273,0.70393455,0.7038709,540,811.4881598949432,0.6338524,0.58803374,0.5174876,0.5317402,57.39858470877872,0.0,0.0
5752,95880,0.22288173,0.15090035,0.05081035,0.04609786,10,0.0,3714,149840,0.44031465,0.5376936,0.6551471,0.6580578,0.6631964,0.68859404,0.7059575,0.7041557,540,811.4881598949432,0.44031465,0.43512496,0.5518511,0.53881055,63.13109967187453,0.0,0.0
5966,98020,0.26471058,0.08804891,0.05013442,0.046223685,10,0.0,3769,150390,0.44624266,0.6128177,0.6569133,0.6582309,0.71095324,0.7008666,0.70704764,0.7044546,540,811.4881598949432,0.44624266,0.55496097,0.5526735,0.5449146,79.67857326041074,0.0,0.0
6197,100330,0.3387824,0.0238694,0.04271368,0.045503754,10,0.0,3827,150970,0.39246485,0.66223264,0.65435946,0.65818065,0.73124725,0.68610203,0.6970729,0.7036845,540,811.4881598949432,0.39246485,0.59794295,0.5223172,0.5442133,10.501280893160091,0.0,0.0
6269,101050,0.18154514,0.033803083,0.05487536,0.04617568,10,0.0,3845,151150,0.50621676,0.6744062,0.64513427,0.65723985,0.6877619,0.7082093,0.7000096,0.7034156,540,811.4881598949432,0.50621676,0.51088935,0.5431735,0.54277486,29.661974181667485,0.0,0.0
6379,102150,-0.08755809,0.06841989,0.048429437,0.048795473,10,0.0,3872,151420,0.7728951,0.62853515,0.6525621,0.65390486,0.685337,0.6976911,0.7006841,0.70267755,541,811.4881598949432,0.4248371,0.47470236,0.5341925,0.540911,35.299497982250536,0.0,0.0
6436,102720,0.07066208,0.025132652,0.033083655,0.04815842,10,0.0,3941,152110,0.5825219,0.6883675,0.67391664,0.65510046,0.653184,0.71350014,0.70700043,0.70325893,545,828.3626081943512,0.4412471,0.62762177,0.5522719,0.54347825,6.430968465239639,0.0,0.0
6452,102880,-0.03218496,0.040966295,0.04016931,0.04757946,10,0.0,4122,153920,0.7846212,0.67576045,0.6639077,0.65571374,0.7524362,0.7167267,0.70407695,0.7032932,555,849.0146753787994,0.50847936,0.6224766,0.55596286,0.54579985,0.6852801448963466,0.0,0.0
6484,103200,-0.057349086,-0.003816098,0.023096118,0.045135096,10,0.0,4193,154630,0.73208165,0.7153899,0.68447584,0.65814924,0.67473257,0.71157384,0.7075719,0.7032843,560,859.0587298870087,0.63339454,0.6958411,0.60931635,0.55150586,6.421713064544256,0.0,0.0
6522,103580,-0.031222105,-0.016144544,0.013665316,0.043093804,10,0.0,4267,155370,0.78939426,0.7246818,0.69381315,0.6606395,0.75817215,0.70853734,0.7074784,0.7037333,565,870.2699658870697,0.6775335,0.6633265,0.64595693,0.55676633,5.808873387371976,0.0,0.0
6550,103860,-0.024492383,0.03265088,0.0041767797,0.042266868,10,0.0,4334,156040,0.7304574,0.6621013,0.703398,0.661426,0.70596504,0.6947523,0.7075748,0.70369285,570,881.5081057548523,0.70596504,0.62638634,0.6668573,0.5595881,6.71801932419766,0.0,0.0
6579,104150,0.13245386,-0.029506642,-0.0012634007,0.040138993,10,0.0,4389,156590,0.6050185,0.73496723,0.7076263,0.6636562,0.73747236,0.70546055,0.7063629,0.7037952,574,891.0044112205505,0.6050185,0.61766255,0.6603783,0.5642583,13.730383489903138,0.0,0.0
6604,104400,0.0,0.009177682,-0.00095218123,0.039416276,10,0.0,4442,157120,0.7992657,0.70624757,0.7083924,0.6648321,0.7992657,0.7154252,0.7074402,0.7042484,578,901.7834947109222,0.7992657,0.6492854,0.6580058,0.5666816,3.962645748235291,0.0,0.0
6627,104630,0.15299737,0.004206681,0.0053195213,0.038035627,10,0.0,4503,157730,0.506279,0.691645,0.6985812,0.66613966,0.65927637,0.6958517,0.7039007,0.7041753,582,911.9513621330261,0.506279,0.6339633,0.6414716,0.56879395,16.844249374812,0.0,0.0
6659,104950,-0.04688257,0.025162106,0.0059943767,0.03771927,10,0.0,4570,158400,0.7230552,0.6747022,0.6955349,0.66564184,0.6761726,0.69986427,0.70152926,0.70336115,587,923.9539518356323,0.6761726,0.63545984,0.6281793,0.56884,4.539933200493446,0.0,0.0
6685,105210,0.07469565,0.018312717,0.012817386,0.037335657,10,0.0,4628,158980,0.7144268,0.6778389,0.6877656,0.66588444,0.78912246,0.6961517,0.700583,0.70322007,591,934.3381235599518,0.6720338,0.6493238,0.63032264,0.5700474,5.353196669516648,0.0,0.0
6716,105520,-0.09162736,0.0075189234,0.015376742,0.036287174,10,0.0,4694,159640,0.7587147,0.7025319,0.6858427,0.66696984,0.6670873,0.71005076,0.7012194,0.7032571,596,945.7519636154175,0.48687965,0.6620847,0.62337804,0.57207644,5.129693944330099,0.0,0.0
6749,105850,-0.116532505,-0.0030758202,0.016104199,0.03564967,10,0.0,4760,160300,0.7966009,0.7327636,0.6904659,0.66771364,0.6800684,0.7296878,0.70657,0.7033633,601,957.2883808612823,0.4375912,0.64854205,0.62824845,0.57468224,4.822976031983419,0.0,0.0
6782,106180,0.34670702,0.015588445,0.017016487,0.033188906,10,0.0,4826,160960,0.37011698,0.67917913,0.6901828,0.6702644,0.716824,0.6947676,0.7071994,0.7034533,606,969.0667860507965,0.37011698,0.59802777,0.6258941,0.5789499,4.495056064633236,0.0,0.0
6814,106500,0.030979335,0.019441688,0.025032248,0.03419179,10,0.0,4900,161700,0.64756775,0.6876025,0.6826891,0.6693982,0.6785471,0.69755113,0.7072419,0.70355517,611,980.6967718601227,0.47337243,0.6214676,0.6249995,0.5795194,6.112736100800078,0.0,0.0
6854,106900,0.2646697,0.013788235,0.02726506,0.032284155,10,0.0,4966,162360,0.48468843,0.6986179,0.67795014,0.6715605,0.7493581,0.71240604,0.70521516,0.7038447,617,991.6473858356476,0.48468843,0.6281924,0.614365,0.5821173,7.750832313269114,0.0,0.0
6877,107130,0.2634625,0.07287861,0.03427764,0.032719407,10,0.0,5031,163010,0.4116564,0.6109967,0.6693724,0.6709873,0.6751189,0.68387526,0.70365024,0.7037068,621,1001.2334401607513,0.4116564,0.56059325,0.6000574,0.5814366,16.543776693346206,0.0,0.0
6906,107420,0.10396975,0.020434653,0.032299522,0.032898903,10,0.0,5095,163650,0.60810363,0.68418026,0.6741115,0.67076737,0.7120734,0.70461494,0.7064111,0.7036664,626,1014.3700618743896,0.60810363,0.6338828,0.59865034,0.58291256,3.7592181106252145,0.0,0.0
6936,107720,-0.00022476912,-0.00663988,0.029071392,0.031651862,10,0.0,5150,164200,0.76731986,0.7333111,0.6790041,0.67226136,0.7670951,0.7266712,0.70807546,0.7039132,630,1025.0775623321533,0.7562802,0.68753207,0.60778564,0.58662415,5.766775715081981,0.0,0.0
6965,108010,-0.010682702,0.04481069,0.031089334,0.0312369,10,0.0,5221,164910,0.7464076,0.6499439,0.67573786,0.6725199,0.7357249,0.6947545,0.70682716,0.7037567,635,1035.769560098648,0.4152809,0.5611486,0.6014469,0.5874387,5.369775170725093,0.0,0.0
6997,108330,0.08530754,0.007405293,0.020733543,0.029900322,10,0.0,5289,165590,0.6006133,0.6992737,0.6852766,0.6738519,0.68592083,0.706679,0.7060102,0.7037523,640,1047.0492551326752,0.497704,0.59602255,0.6004925,0.5876264,6.69702730381639,0.0,0.0
7030,108660,-0.045863092,0.0042434754,0.02717191,0.02940117,10,0.0,5348,166180,0.7132606,0.6977928,0.6771542,0.67427355,0.6673975,0.70203626,0.7043261,0.7036747,645,1057.80765914917,0.57681984,0.58778656,0.5861138,0.58835423,5.296485063264669,0.0,0.0
7067,109030,0.33569556,0.043229084,0.020964112,0.029313663,10,0.0,5420,166900,0.359006,0.6564247,0.6845444,0.67432094,0.69470155,0.6996538,0.7055084,0.7036345,650,1069.456220149994,0.359006,0.5892571,0.5871419,0.58987635,5.294286863660283,0.0,0.0
7091,109270,-0.001098156,0.059156667,0.032941796,0.029099256,10,0.0,5496,167660,0.70485014,0.64432585,0.6731178,0.6747211,0.703752,0.70348245,0.70605963,0.7038204,654,1082.6121883392334,0.42141956,0.5727521,0.58910483,0.59028184,2.1129642624095286,0.0,0.0
7102,109380,-0.015159667,0.0010102928,0.030606523,0.028608298,10,0.0,5541,168110,0.72201616,0.69146365,0.67358214,0.6751216,0.7068565,0.69247395,0.7041886,0.70372987,656,1092.3443808555603,0.50387937,0.6106185,0.58651614,0.5906354,10.396292109181411,0.0,0.0
7024,108600,0.033195138,0.030740779,0.030740779,0.030740779,10,0.0,5329,165990,0.642243,0.68066925,0.68066925,0.68066925,0.67543817,0.71141005,0.71141005,0.71141005,643,1053.315937757492,0.5177147,0.5829022,0.5829022,0.5829022,1.4963914570303662,0.0,0.0
8064,119000,0.12301642,0.024312392,0.024312392,0.024312392,10,0.0,5587,168570,0.55242175,0.6822969,0.6822969,0.6822969,0.67543817,0.70660925,0.70660925,0.70660925,644,1053.315937757492,0.55242175,0.60852313,0.60852313,0.60852313,1.6424751347914615,0.0,0.0
9106,129420,0.034235775,-0.006712059,-0.006712059,-0.006712059,10,0.0,5848,171180,0.6723875,0.7228339,0.7228339,0.7228339,0.70662326,0.7161219,0.7161219,0.7161219,645,1053.315937757492,0.4294714,0.62504655,0.62504655,0.62504655,1.3536367135953626,0.0,0.0
10156,139920,0.12616324,0.0,0.0,0.0,10,0.0,6109,173790,0.6316352,0.7140717,0.7140717,0.7140717,0.75779843,0.7140717,0.7140717,0.7140717,646,1053.315937757492,0.59731686,0.7140717,0.7140717,0.7140717,1.3699652608000736,0.0,nan
10157,139930,-0.033955693,0.009879644,0.009879644,0.009879644,10,0.0,6109,173790,0.708553,0.68312424,0.68312424,0.68312424,0.6745973,0.69300395,0.69300395,0.69300395,646,1053.315937757492,0.40639573,0.5807357,0.5807357,0.5807357,1.571719611304514,0.0,0.0
11197,150330,0.007649064,0.0,0.0,0.0,10,0.0,6367,176370,0.7467796,0.7399509,0.7399509,0.7399509,0.7544287,0.7399509,0.7399509,0.7399509,647,1053.315937757492,0.7246291,0.7399509,0.7399509,0.7399509,1.7542121251688945,0.0,nan
12244,160800,0.03536421,0.0028055385,0.0028055385,0.0028055385,10,0.0,6629,178990,0.64007396,0.6945921,0.6945921,0.6945921,0.67543817,0.69739765,0.69739765,0.69739765,648,1053.315937757492,0.3387765,0.5343523,0.5343523,0.5343523,1.5897409482394138,0.0,0.0
13277,171130,0.19288221,0.047421828,0.047421828,0.047421828,10,0.0,6888,181580,0.4817151,0.679883,0.679883,0.679883,0.6745973,0.7273049,0.7273049,0.7273049,649,1053.315937757492,0.4817151,0.6541602,0.6541602,0.6541602,0.888702243397351,0.0,0.0
14325,181610,0.0,0.047052197,0.047052197,0.047052197,10,0.0,7151,184210,0.6913046,0.64129573,0.64129573,0.64129573,0.6913046,0.6883479,0.6883479,0.6883479,650,1053.315937757492,0.6913046,0.54972893,0.54972893,0.54972893,1.7420250399818518,0.0,0.0
14560,183960,-0.015191257,0.0030281662,0.038424768,0.051162522,10,0.0,7211,184810,0.74700487,0.6915859,0.66476744,0.6527215,0.7318136,0.69461405,0.7031923,0.7038841,650,1053.315937757492,0.6476447,0.52680856,0.5105266,0.51196253,54.357400572305394,0.0,0.0
14784,186200,0.17564064,0.040893704,0.060695745,0.054652203,10,0.0,7265,185350,0.5576272,0.67405087,0.64274657,0.650276,0.73326784,0.71494454,0.7034424,0.70492834,650,1053.315937757492,0.5576272,0.49474543,0.51436776,0.5228919,71.61584996252137,0.0,0.0
15006,188420,0.15139157,0.079176985,0.067060895,0.05519944,10,0.0,7318,185880,0.5348353,0.6233104,0.6394075,0.64942867,0.68622684,0.7024873,0.7064684,0.70462817,650,1053.315937757492,0.5348353,0.50633866,0.52705824,0.5255886,36.31095647416213,0.0,0.0
15240,190760,-0.083856285,0.095176145,0.04955367,0.05322506,10,0.0,7375,186450,0.7585856,0.6042388,0.65053535,0.65037906,0.6747293,0.69941497,0.7000891,0.70360416,650,1053.315937757492,0.6747293,0.4608639,0.54201895,0.52990943,11.254595159103863,0.0,0.0
15332,191680,-0.015479445,0.09314022,0.0654779,0.054306436,10,0.0,7400,186700,0.7382933,0.5945457,0.63110465,0.6485829,0.72281384,0.687686,0.69658256,0.7028894,650,1053.315937757492,0.5529753,0.44527015,0.50410277,0.52739,44.67229378904149,0.0,0.0
15452,192880,0.24664384,0.01106779,0.030329451,0.051854614,10,0.0,7469,187390,0.4190467,0.6917725,0.6755748,0.65135914,0.66569054,0.70284027,0.7059043,0.70321375,652,1062.9058372974396,0.3554461,0.58750314,0.5725113,0.53338796,3.1225129747239952,0.0,0.0
15475,193110,0.018519819,0.047335397,0.03419951,0.05145794,10,0.0,7536,188060,0.6796029,0.65597594,0.67157906,0.6516189,0.69812274,0.70331126,0.7057785,0.7030768,656,1073.3323051929474,0.4727207,0.60649216,0.58908844,0.5365437,4.489420549223774,0.0,0.0
15497,193330,-0.02668804,0.054862022,0.036475215,0.05167021,10,0.0,7715,189850,0.71138775,0.6327548,0.66738963,0.65129364,0.6846997,0.6876168,0.7038648,0.7029639,666,1091.6778378486633,0.6837717,0.5406952,0.5817747,0.5382462,0.7234477857237427,0.0,0.0
15529,193650,0.06653607,-0.0076203584,0.014134548,0.050171867,10,0.0,7789,190590,0.71478295,0.7218843,0.6934322,0.6527967,0.781319,0.714264,0.70756674,0.7029685,671,1102.1253440380096,0.68673426,0.70093644,0.63667816,0.5434231,4.8174780228546,0.0,0.0
15552,193880,0.0019881725,-0.007277417,0.004554238,0.047862872,10,0.0,7839,191090,0.72633487,0.72326356,0.7050356,0.6556902,0.72832304,0.71598613,0.70958984,0.703553,675,1112.105963230133,0.70004994,0.6858528,0.66295946,0.5493128,12.411232386885173,0.0,0.0
15577,194130,-0.015966296,-0.011571581,-0.000114516915,0.047136046,10,0.0,7895,191650,0.7210879,0.71393347,0.70970243,0.6565409,0.7051216,0.70236194,0.709588,0.703677,679,1124.411246061325,0.5880961,0.678619,0.6735356,0.55192715,3.738061950900541,0.0,0.0
15601,194370,-0.015349507,-0.0050111054,-0.008168663,0.045131553,10,0.0,7946,192160,0.76418805,0.72447735,0.720309,0.6587848,0.74883854,0.71946627,0.7121403,0.7039163,682,1134.4052212238312,0.5524246,0.6901719,0.68791336,0.5552212,3.9452873271298796,0.0,0.0
15621,194570,-0.019177258,0.015704263,-0.0030747128,0.04302867,10,0.0,7989,192590,0.7773174,0.695948,0.71701205,0.6613092,0.75814015,0.71165216,0.7139372,0.70433784,685,1145.5438160896301,0.71509415,0.6212829,0.6816819,0.55904526,3.771800827020251,0.0,0.0
15643,194790,-0.10662246,0.01846693,0.00057883264,0.0426312,10,0.0,8046,193160,0.75424075,0.69179845,0.71331143,0.6617854,0.6476183,0.7102654,0.7138903,0.70441663,689,1157.5917024612427,0.5249614,0.6426165,0.6686094,0.55954087,3.607248478662487,0.0,0.0
15668,195040,0.2447519,0.04425881,0.008514846,0.042512637,10,0.0,8110,193800,0.4358019,0.6442973,0.6991511,0.6615556,0.6805538,0.6885561,0.70766586,0.70406824,693,1170.5174431800842,0.4358019,0.51567376,0.64318895,0.56111264,2.8766550369706367,0.0,0.0
15698,195340,-0.0035679936,0.01869468,0.025112655,0.042989235,10,0.0,8163,194330,0.6879683,0.6820609,0.6772121,0.66041994,0.6844003,0.70075566,0.70232475,0.7034092,697,1181.7620487213135,0.415914,0.668227,0.62626356,0.5622768,4.461894997752725,0.0,0.0
15725,195610,0.14433348,0.031852074,0.03184187,0.042123254,10,0.0,8236,195060,0.6142214,0.6755427,0.66787755,0.6614966,0.7585549,0.7073948,0.6997195,0.7036199,702,1192.9959590435028,0.5172087,0.6294977,0.6189118,0.56517875,5.998522073576251,0.0,0.0
15758,195940,0.04081428,0.027874624,0.034349147,0.04070888,10,0.0,8305,195750,0.69839823,0.6741605,0.6648518,0.66262275,0.7392125,0.7020352,0.699201,0.70333165,707,1204.5588533878326,0.62466466,0.61153245,0.6053512,0.56845284,5.963659009783019,0.0,0.0
15789,196250,-0.0009186864,0.05625807,0.020546732,0.03876405,10,0.0,8376,196460,0.72235805,0.659289,0.6864163,0.6650682,0.72143936,0.7155471,0.70696306,0.7038323,712,1215.5129861831665,0.72143936,0.6008587,0.6150523,0.5713028,5.135302474206281,0.0,0.0
15826,196620,0.21507707,0.012907499,0.01089262,0.037257977,10,0.0,8442,197120,0.48931566,0.6945785,0.6968453,0.66637367,0.70439273,0.707486,0.70773786,0.7036317,717,1226.7209701538086,0.45201913,0.60385174,0.6164392,0.57508165,6.189455019175,0.0,0.0
15848,196840,0.32534277,0.027931988,0.01101603,0.03653167,10,0.0,8502,197720,0.39179307,0.6810122,0.69801223,0.66733855,0.71713585,0.7089442,0.7090283,0.70387024,721,1236.5572822093964,0.39179307,0.634884,0.61627644,0.5771545,17.392651494606348,0.0,0.0
15877,197130,0.26886928,-0.0014239431,0.010513487,0.035014115,10,0.0,8571,198410,0.39859235,0.70287216,0.69681054,0.6692839,0.66746163,0.7014482,0.70732415,0.7042981,726,1247.5111904144287,0.39859235,0.5901879,0.6103871,0.57815737,5.199744866491908,0.0,0.0
15912,197480,0.27748916,0.004623127,0.013167314,0.034335975,10,0.0,8641,199110,0.4723318,0.72462523,0.6934765,0.6699071,0.74982095,0.7292484,0.7066439,0.70424306,731,1258.358259677887,0.4723318,0.6277227,0.5953104,0.5794711,5.835985355716068,0.0,0.0
15946,197820,0.0693354,-0.0012304187,0.015442553,0.032665294,10,0.0,8710,199800,0.6362257,0.7048474,0.6891608,0.67114407,0.7055611,0.7080957,0.70449835,0.7038457,736,1269.1319301128387,0.6165739,0.6604206,0.59535325,0.58253384,5.835470578365357,0.0,0.0
15969,198050,-0.044237077,0.04888466,0.020175936,0.031219937,10,0.0,8769,200390,0.7156873,0.64770156,0.6854771,0.67297024,0.6714502,0.70519626,0.7060016,0.70424145,740,1278.871321439743,0.3976875,0.5627743,0.59511995,0.5851283,16.467016922029575,0.0,0.0
16000,198360,0.26428002,0.04176208,0.02515635,0.030605022,10,0.0,8837,201070,0.39702296,0.6672549,0.6875842,0.67405725,0.661303,0.70901704,0.71274054,0.70466226,745,1290.379891872406,0.39702296,0.6243881,0.60807645,0.5876035,5.114523364385694,0.0,0.0
16032,198680,0.16389441,0.108949445,0.04368758,0.03154333,10,0.0,8905,201750,0.53993505,0.5825097,0.6670977,0.67303944,0.70382947,0.6914591,0.7107852,0.70458275,750,1301.842802286148,0.4409349,0.5291067,0.60377467,0.5887727,4.778149966985992,0.0,0.0
16065,199010,0.10385579,0.0071065845,0.051897164,0.031788997,10,0.0,8975,202450,0.61070764,0.70420974,0.6573696,0.6731099,0.7145634,0.7113163,0.70926684,0.7048988,755,1311.7221240997314,0.61070764,0.630772,0.5874273,0.5885536,21.269171419429203,0.0,0.0
16108,199440,-0.041886568,0.009390077,0.047029275,0.031530507,10,0.0,9055,203250,0.74716973,0.723737,0.66124415,0.6735918,0.70528316,0.7331271,0.7082735,0.7051223,762,1323.6888091564178,0.6100694,0.64247817,0.5881046,0.5903153,5.999388661691187,0.0,0.0
16146,199820,-0.0017663836,0.12755257,0.04322735,0.031365044,10,0.0,9132,204020,0.7225883,0.56960297,0.66070694,0.673866,0.7208219,0.6971555,0.7039343,0.70523095,768,1334.2344179153442,0.46396953,0.50097436,0.5668382,0.5913699,7.375897300624286,0.0,0.0
16180,200160,0.27743453,0.0482826,0.043638457,0.031211896,10,0.0,9204,204740,0.40196687,0.65414536,0.664088,0.6744202,0.6794014,0.702428,0.70772624,0.7056321,773,1343.8013911247253,0.40196687,0.5663971,0.57382035,0.59323484,20.241627166020468,0.0,0.0
16220,200560,-0.08699471,0.07474625,0.05030731,0.030919109,10,0.0,9285,205550,0.7435222,0.63932204,0.6551094,0.67512834,0.6565275,0.71406823,0.70541674,0.7060475,779,1354.2937343120575,0.6422575,0.5735962,0.5654608,0.5940498,6.12435183530338,0.0,0.0
16258,200940,0.018542886,0.09236975,0.04332006,0.030549824,10,0.0,9366,206360,0.70345485,0.60746825,0.66617113,0.67557484,0.72199774,0.69983804,0.7094912,0.70612466,785,1365.774873971939,0.6789815,0.50821495,0.566454,0.59461343,5.419555476190507,0.0,0.0
16299,201350,0.0,0.054953832,0.046249792,0.029642591,10,0.0,9435,207050,0.69665253,0.6641346,0.66077185,0.6767357,0.69665253,0.71908844,0.70702165,0.7063783,791,1377.10262799263,0.69665253,0.6489259,0.5755285,0.598094,7.349885440168226,0.0,0.0
16333,201690,0.07564002,0.0053532543,0.03141144,0.027255025,10,0.0,9515,207850,0.7412027,0.71300334,0.6758818,0.67968935,0.81684273,0.71835667,0.70729333,0.70694435,797,1387.3227071762085,0.72411823,0.6146177,0.5870429,0.6016834,22.412976996034462,0.0,0.0
16375,202110,-0.028287888,0.04517071,0.014841485,0.02632313,10,0.0,9591,208610,0.67031676,0.64540845,0.6903912,0.68056875,0.64202887,0.6905792,0.7052326,0.70689183,803,1397.605123758316,0.5005329,0.5415096,0.5928859,0.60362595,7.560136490768343,0.0,0.0
16414,202500,0.0,0.055764556,0.020307012,0.02568728,10,0.0,9670,209400,0.6874798,0.6401308,0.68033814,0.6808794,0.6874798,0.6958954,0.7006451,0.70656663,809,1407.7883822917938,0.6874798,0.58283424,0.58626574,0.60512865,7.417464581697875,0.0,0.0
16448,202840,0.060902953,0.046794035,0.037854683,0.02670267,10,0.0,9744,210140,0.68612254,0.65121114,0.6601355,0.67959446,0.7470255,0.69800526,0.6979902,0.7062971,815,1417.9870331287384,0.6245807,0.61948436,0.57680017,0.6043148,20.96932870515031,0.0,0.0
16485,203210,-0.058723032,0.020143365,0.038229633,0.026379433,10,0.0,9818,210880,0.72830224,0.6823852,0.66157144,0.679786,0.6695792,0.7025286,0.6998012,0.7061655,821,1428.6047790050507,0.58791184,0.6574164,0.59093547,0.60428065,7.128085851690138,0.0,0.0
16523,203590,-0.03385824,0.03324929,0.036183316,0.027879162,10,0.0,9897,211670,0.7078815,0.6774527,0.66639215,0.67820936,0.6740233,0.710702,0.7025754,0.7060885,827,1438.954187631607,0.45052412,0.6436745,0.604781,0.60217065,7.216836274689289,0.0,0.0
16567,204030,0.016756833,0.00117293,0.020726161,0.028298533,10,0.0,9969,212390,0.7129256,0.69712245,0.68464965,0.67736447,0.72968245,0.6982954,0.70537597,0.705663,833,1449.2820596694946,0.38296586,0.6558441,0.612855,0.5992417,7.453936535947887,0.0,0.0
16604,204400,-0.11599022,0.06661174,0.020950906,0.029854838,10,0.0,10045,213150,0.76294404,0.63509905,0.68494475,0.67555493,0.6469538,0.7017108,0.70589566,0.7054098,839,1459.52414560318,0.6116899,0.5465957,0.6186793,0.5964297,7.709839866063649,0.0,0.0
16641,204770,0.016943038,-0.004280448,0.018862624,0.029889202,10,0.0,10122,213920,0.6880834,0.7098904,0.6867223,0.6753475,0.70502645,0.70561,0.7055849,0.7052367,845,1469.6169846057892,0.66917855,0.64885336,0.62576556,0.5960048,14.827652522144417,0.0,0.0
16680,205160,0.110758364,0.00016058683,0.014049614,0.028130135,10,0.0,10203,214730,0.69974333,0.72642696,0.69294494,0.67783,0.8105017,0.7265875,0.70699453,0.7059601,851,1480.0747652053833,0.68596166,0.66464233,0.6367555,0.59858817,16.34360066211334,0.0,0.0
16716,205520,-0.05147791,0.026998889,0.002928424,0.027614411,10,0.0,10283,215530,0.7396382,0.6772882,0.70743597,0.6784532,0.6881603,0.7042872,0.7103643,0.7060676,857,1490.7977781295776,0.63966906,0.60352415,0.63095003,0.5971906,18.397974527187902,0.0,0.0
16755,205910,-0.006119609,0.053637218,0.013073745,0.027499923,10,0.0,10345,216150,0.6877088,0.6426383,0.69446594,0.6786912,0.6815892,0.6962756,0.70753974,0.7061912,862,1501.21657538414,0.6815892,0.58963776,0.61791235,0.59763134,6.666569181384295,0.0,0.0
16785,206210,0.038588107,0.0144793745,0.016003745,0.0282368,10,0.0,10421,216910,0.6274934,0.68474734,0.6876484,0.6773386,0.6660815,0.69922674,0.7036522,0.70557547,867,1513.1778643131256,0.6274934,0.61707157,0.6092117,0.5974167,4.687348362307332,0.0,0.0
16810,206460,0.0005326867,0.011167532,0.022305386,0.02811667,10,0.0,10480,217500,0.6977307,0.69815606,0.67953277,0.67736006,0.6982634,0.7093236,0.7018381,0.7054767,871,1525.9887685775757,0.6977307,0.5811786,0.6070044,0.5961972,3.3973939486868696,0.0,0.0
16828,206640,-0.07475972,0.030086568,0.020760698,0.02831822,10,0.0,10535,218050,0.7202178,0.6903744,0.68452436,0.677527,0.6454581,0.7204609,0.70528513,0.7058453,874,1538.901433467865,0.37953657,0.6536849,0.6190085,0.59763926,2.4351935086650087,0.0,0.0
16846,206820,0.15577984,0.02602217,0.018818798,0.028083185,10,0.0,10584,218540,0.51692516,0.6758177,0.6857528,0.67774665,0.672705,0.70184,0.70457155,0.70582986,877,1549.0602798461914,0.51692516,0.64084,0.6234831,0.5985364,3.953824114335476,0.0,0.0
16869,207050,8.392334e-05,0.024015957,0.016813884,0.02860392,10,0.0,10639,219090,0.7227252,0.69511765,0.69193304,0.6770983,0.72280914,0.7191337,0.70874697,0.7057022,880,1559.8785037994385,0.43466246,0.67019355,0.6324387,0.599304,2.767781426312435,0.0,0.0
16888,207240,-0.06757957,0.040246766,0.021486647,0.029250426,10,0.0,10680,219500,0.7282654,0.6700547,0.68850446,0.6768167,0.66068584,0.7103015,0.70999116,0.70606714,883,1570.0639081001282,0.66068584,0.6359215,0.6382091,0.60042834,4.879988784052878,0.0,0.0
16912,207480,0.055939376,0.023180688,0.024639674,0.029197093,10,0.0,10745,220150,0.7104889,0.68686974,0.6854668,0.67672426,0.7664283,0.7100504,0.7101065,0.70592135,887,1582.115952014923,0.68589765,0.6489706,0.64784694,0.6019177,4.515013538676566,0.0,0.0
16937,207730,0.18928102,0.07537812,0.040027335,0.030517735,10,0.0,10807,220770,0.4642035,0.6161523,0.66622716,0.6754807,0.6534845,0.6915304,0.7062545,0.7059984,891,1594.26109457016,0.40545303,0.5669912,0.6285354,0.6018963,3.3969506761903974,0.0,0.0
16967,208030,0.023921907,-0.00019596219,0.04604968,0.031543486,10,0.0,10871,221410,0.6753301,0.7102027,0.6590088,0.6741343,0.699252,0.7100068,0.70505834,0.70567787,896,1606.3601648807526,0.5009117,0.6784941,0.6188671,0.60137343,5.241417644477191,0.0,0.0
16995,208310,-0.024673104,0.076791145,0.051225368,0.031420782,10,0.0,10926,221960,0.69545597,0.6291728,0.65220374,0.6736923,0.67078286,0.70596397,0.70342916,0.70511305,900,1616.9644300937653,0.36156216,0.5855502,0.60096204,0.60122824,3.2586997052388,0.0,0.0
17020,208560,-0.030481875,0.05439513,0.05434524,0.03116984,10,0.0,10982,222520,0.6971615,0.63213235,0.6446862,0.673866,0.6666796,0.68652743,0.69903153,0.7050358,904,1626.9963369369507,0.4311486,0.5529394,0.58473116,0.60039586,17.18253833325072,0.0,0.0
17057,208930,0.029679477,0.08171772,0.05288858,0.031451803,10,0.0,11048,223180,0.6984179,0.6111883,0.64640206,0.67325395,0.7280974,0.692906,0.69929063,0.7047058,909,1637.9842545986176,0.32680795,0.47587672,0.5588944,0.5977473,6.292189040023163,0.0,0.0
17094,209300,0.2129122,0.08490006,0.080061175,0.033672415,10,0.0,11127,223970,0.5086839,0.5886051,0.62251055,0.6711456,0.7215961,0.7088423,0.7026517,0.7050272,915,1649.2502553462982,0.40074813,0.5560079,0.5351737,0.59677315,6.9288846311990975,0.0,0.0
17133,209690,0.0,0.12905668,0.10291794,0.03686392,10,0.0,11195,224650,0.75500107,0.5736104,0.6031765,0.66797096,0.75500107,0.7026671,0.70609444,0.7048348,921,1660.037589788437,0.75500107,0.5144099,0.5101843,0.59342986,6.831387707064485,0.0,0.0
17159,209950,0.25903141,0.09224509,0.11708834,0.039111238,10,0.0,11271,225410,0.5020082,0.6062309,0.5891028,0.6655685,0.7610396,0.69847596,0.7061911,0.7046797,926,1670.3786826133728,0.42331523,0.49639645,0.510158,0.591144,4.909284887017966,0.0,0.0
17191,210270,0.34732914,0.13121358,0.12245287,0.04167338,10,0.0,11338,226080,0.40655124,0.56248075,0.58037126,0.6629329,0.7538804,0.69369423,0.7028242,0.7046062,931,1682.1172044277191,0.3808458,0.50173587,0.49849445,0.5892726,5.236039768547364,0.0,0.0
17217,210530,0.31375614,0.110798635,0.12356353,0.044173636,10,0.0,11395,226650,0.35081396,0.59297764,0.58050597,0.6603269,0.6645701,0.70377624,0.7040695,0.70450056,935,1692.1723415851593,0.35081396,0.49674162,0.5011608,0.58689576,3.5317343836492383,0.0,0.0
17254,210900,0.09059423,0.16642353,0.130853,0.047277667,10,0.0,11457,227270,0.70356405,0.53922784,0.5719563,0.6568816,0.7941583,0.7056514,0.7028092,0.7041593,940,1702.9030504226685,0.3800004,0.41325217,0.4806575,0.5837654,5.767375985996495,0.0,0.0
17283,211190,0.23720649,0.09513898,0.13681316,0.0500101,10,0.0,11520,227900,0.4583613,0.61714756,0.56616706,0.6544644,0.6955678,0.71228653,0.7029802,0.7044745,945,1713.813092470169,0.4129477,0.53210294,0.47380197,0.58068407,5.281992494170269,0.0,0.0
17322,211580,0.3137209,0.0836588,0.12967256,0.05378722,10,0.0,11607,228770,0.40293935,0.6319382,0.57378554,0.6503684,0.71666026,0.715597,0.7034581,0.7041556,951,1725.7035551071167,0.39311278,0.60848325,0.48698398,0.5778557,5.530676348472759,0.0,0.0
17353,211890,0.2491447,0.096332416,0.11172993,0.05703164,10,0.0,11662,229320,0.4456406,0.60484725,0.5942559,0.6473568,0.6947853,0.7011797,0.70598584,0.70438844,956,1735.7436559200287,0.4179828,0.57351065,0.5266907,0.5757755,16.776001417497373,0.0,0.0
17393,212290,0.36880592,0.07344273,0.10337576,0.059292022,10,0.0,11748,230180,0.39885125,0.63367933,0.60452104,0.64541507,0.76765716,0.707122,0.7078968,0.704707,962,1747.2470831871033,0.3105137,0.5676077,0.53981215,0.57455355,6.303009100530818,0.0,0.0
17428,212640,0.29977772,0.09193,0.08947931,0.060975052,10,0.0,11812,230820,0.4311355,0.6197761,0.62135965,0.64426845,0.7309132,0.71170616,0.7108389,0.70524347,967,1757.134949207306,0.35630476,0.5060103,0.548229,0.5738929,7.1156145882938135,0.0,0.0
17448,212840,0.28907475,0.071771964,0.100722335,0.06261486,10,0.0,11878,231480,0.40773878,0.63768613,0.60693705,0.64272195,0.6968135,0.7094582,0.70765936,0.7053369,971,1769.6322150230408,0.36512557,0.6009917,0.5442992,0.5728396,3.077958133410201,0.0,0.0
17479,213150,0.25771904,0.0988435,0.11363373,0.06577838,10,0.0,11937,232070,0.50419384,0.61403286,0.5939842,0.63969225,0.7619129,0.71287644,0.7076179,0.7054707,975,1780.0938034057617,0.37270376,0.52562076,0.5250244,0.5701918,5.831957254323317,0.0,0.0
17498,213340,0.32351395,0.16671956,0.13102011,0.06860605,10,0.0,11993,232630,0.4407086,0.51835525,0.57333636,0.6366514,0.76422256,0.68507475,0.70435643,0.7052575,979,1791.508991241455,0.39177278,0.4219183,0.5104521,0.5669302,4.986827004005699,0.0,0.0
17527,213630,0.26352426,0.1458228,0.13478492,0.07117638,10,0.0,12048,233180,0.37505922,0.5313437,0.5651336,0.6339291,0.6385835,0.67716646,0.69991845,0.7051055,983,1801.7107982635498,0.37505922,0.40929595,0.49162835,0.5627523,5.121576735415859,0.0,0.0
17557,213930,0.2230525,0.13401087,0.12502448,0.07467715,10,0.0,12109,233790,0.4542185,0.5570037,0.5772598,0.6302207,0.677271,0.69101447,0.70228434,0.7048978,988,1813.9186906814575,0.38553765,0.505081,0.49343476,0.5590835,4.181610720657444,0.0,0.0
17576,214120,0.3173589,0.15265593,0.12766759,0.07684984,10,0.0,12173,234430,0.37437755,0.5367552,0.5715881,0.6280199,0.69173646,0.6894111,0.6992557,0.7048698,991,1826.9906992912292,0.3397093,0.49702024,0.49690408,0.55800956,3.065484423622165,0.0,0.0
17597,214330,0.37867782,0.09366443,0.12300196,0.07920299,10,0.0,12220,234900,0.37110445,0.6130451,0.57895863,0.625714,0.74978226,0.7067095,0.7019606,0.70491695,994,1836.9007415771484,0.37110445,0.50097305,0.49890518,0.55380565,10.907549484802573,0.0,0.0
17616,214520,0.26372877,0.12427048,0.128933,0.0806905,10,0.0,12268,235380,0.43156257,0.5817669,0.574703,0.62460476,0.69529134,0.70603734,0.70363593,0.70529526,997,1847.3210003376007,0.43156257,0.48582593,0.50270015,0.55284506,13.854841906372632,0.0,0.0
17646,214820,0.19182363,0.11447313,0.13300472,0.085262805,10,0.0,12334,236040,0.45044443,0.58161634,0.5699273,0.6195542,0.64226806,0.6960894,0.702932,0.704817,1002,1857.3407776355743,0.44140056,0.49526986,0.49820748,0.5469896,14.231864171215172,0.0,0.0
17679,215150,0.2622638,0.16129671,0.12897895,0.08863133,10,0.0,12394,236640,0.4457908,0.5862566,0.57919645,0.61659855,0.7080546,0.7213269,0.7081662,0.7049632,1007,1868.2610669136047,0.4307298,0.48473614,0.49666417,0.543522,5.900280390712613,0.0,0.0
17706,215420,0.31077328,0.14466022,0.1335826,0.09216246,10,0.0,12453,237230,0.37259486,0.59826267,0.57665056,0.61304843,0.68336815,0.7118455,0.7081099,0.7049635,1011,1878.8418395519257,0.3463672,0.5242497,0.49855787,0.5407772,5.150482911803698,0.0,0.0
17728,215640,0.0011171699,0.16775592,0.124722235,0.09406674,10,0.0,12520,237900,0.67803663,0.53948987,0.5835961,0.6108898,0.6791538,0.70724577,0.7083184,0.7049565,1014,1889.086662530899,0.4128573,0.44960642,0.5070043,0.5391932,1.97900640601446,0.0,0.0
17740,215760,0.12889618,0.13984184,0.12648383,0.09550208,10,0.0,12540,238100,0.56104094,0.5642185,0.5799234,0.6092577,0.6899371,0.7040604,0.70640725,0.7047598,1017,1911.9863812923431,0.35291395,0.45034927,0.50041217,0.5371544,0.44870987715590593,0.0,0.0
17780,216160,0.2635371,0.10475759,0.1261025,0.099743515,10,0.0,12607,238770,0.4373355,0.61378276,0.5791365,0.6053108,0.7008726,0.71854043,0.7052391,0.70505434,1023,1930.3057949543,0.377652,0.57547307,0.50736123,0.5326283,4.2871828146514535,0.0,0.0
17799,216350,0.033287942,0.18907444,0.13353714,0.10249994,10,0.0,12672,239420,0.6962849,0.51013285,0.5684414,0.6025476,0.72957283,0.69920725,0.7019785,0.70504755,1025,1939.3277699947357,0.38088718,0.43215352,0.4912021,0.52969533,9.07030294432613,0.0,0.0
17821,216570,0.32478547,0.1894725,0.14489771,0.10591631,10,0.0,12762,240320,0.4100713,0.5040039,0.5564657,0.5986597,0.7348568,0.6934763,0.70136344,0.7045761,1029,1954.5318441390991,0.4100713,0.46427608,0.47873324,0.5260844,2.426577346088391,0.0,0.0
17850,216860,0.35770443,0.11227532,0.14552003,0.10892015,10,0.0,12829,240990,0.3448842,0.59120136,0.5558897,0.5955116,0.7025886,0.7034766,0.70140976,0.7044318,1033,1965.2803974151611,0.3448842,0.48711163,0.48068318,0.5217397,7.637203412930629,0.0,0.0
17884,217200,0.3117301,0.101893745,0.14880137,0.1132813,10,0.0,12906,241760,0.3622173,0.599557,0.5521587,0.5909517,0.6739474,0.7014507,0.7009601,0.70423305,1039,1975.3453149795532,0.3622173,0.44760925,0.46833447,0.5143235,22.335992263381588,0.0,0.0
17924,217600,0.036216915,0.1408934,0.1377818,0.117154375,10,0.0,12982,242520,0.653092,0.5573022,0.5647846,0.5868137,0.68930894,0.6981956,0.70256644,0.703968,1045,1985.929738521576,0.431701,0.4869151,0.46620664,0.50812536,6.149038428411483,0.0,0.0
17967,218030,0.37873393,0.086676896,0.12102835,0.1190489,10,0.0,13077,243470,0.30382895,0.6227304,0.58259755,0.5850471,0.6825629,0.7094072,0.7036259,0.70409596,1052,1997.2256038188934,0.30382895,0.5658022,0.48525897,0.50443053,7.7212595381202656,0.0,0.0
18012,218480,0.25526714,0.17697221,0.11805239,0.12282185,10,0.0,13168,244380,0.4160478,0.55282307,0.5886953,0.58176327,0.67131495,0.7297953,0.7067478,0.7045851,1059,2007.997055530548,0.4160478,0.48386598,0.5088966,0.50094175,5.873756713578626,0.0,0.0
18050,218860,0.26566246,0.15205853,0.11995286,0.12518309,10,0.0,13254,245240,0.43738005,0.54656106,0.58792394,0.5797729,0.7030425,0.6986196,0.7078768,0.704956,1065,2020.1021165847778,0.42643923,0.46167436,0.50974584,0.5000082,3.5557692667990928,0.0,0.0
18083,219190,0.33294055,0.124594286,0.1273874,0.12559211,10,0.0,13327,245970,0.4034516,0.5691719,0.57750815,0.5788656,0.73639214,0.6937662,0.7048955,0.70445776,1070,2030.530458688736,0.4034516,0.5172876,0.50267893,0.4995326,6.681810368545069,0.0,0.0
18127,219630,0.27768093,0.1427202,0.13431977,0.1268012,10,0.0,13415,246850,0.40503317,0.58155584,0.5666361,0.57762575,0.6827141,0.724276,0.7009558,0.7044269,1077,2040.9038467407227,0.40503317,0.49002942,0.48432755,0.49865517,7.259608244960269,0.0,0.0
18170,220060,0.22974354,0.09574495,0.12712331,0.12676613,10,0.0,13501,247710,0.42871004,0.6289457,0.57671964,0.57773983,0.6584536,0.7246907,0.70384294,0.7045059,1084,2051.165009021759,0.38740396,0.47631377,0.48679826,0.49740186,7.487348387275286,0.0,0.0
18210,220460,0.23220259,0.14257626,0.11944465,0.12588122,10,0.0,13575,248450,0.432768,0.5798174,0.5864849,0.57854867,0.6649706,0.72239375,0.7059296,0.7044299,1090,2060.914355993271,0.432768,0.51354825,0.5022037,0.4987369,24.088458077117682,0.0,0.0
18244,220800,0.44991088,0.12385245,0.1228656,0.12623109,10,0.0,13644,249140,0.29694802,0.5812896,0.5783985,0.5779349,0.7468589,0.705142,0.7012642,0.70416605,1095,2070.8878207206726,0.29694802,0.53062165,0.4983204,0.50010335,17.021052793904357,0.0,0.0
18281,221170,0.35472387,0.13664073,0.1312356,0.12616847,10,0.0,13730,250000,0.41318142,0.55875796,0.57097524,0.57789946,0.7679053,0.6953987,0.7022109,0.70406795,1101,2081.197096824646,0.41318142,0.4609689,0.50387436,0.50074357,19.837368073800633,0.0,0.0
18336,221720,0.16541451,0.14879179,0.13929448,0.12746263,10,0.0,13822,250920,0.6117991,0.5624542,0.5686327,0.57698363,0.77721363,0.7112461,0.70792717,0.70444626,1109,2092.6505019664764,0.4496352,0.4955074,0.49920976,0.4993086,9.261686842976323,0.0,0.0
18380,222160,0.3198078,0.15894774,0.13252765,0.12833811,10,0.0,13912,251820,0.38968244,0.53913784,0.5756337,0.5759006,0.70949024,0.69808555,0.7081613,0.7042388,1116,2103.7043628692627,0.36534458,0.5171181,0.49785724,0.49751446,8.657783689579231,0.0,0.0
18421,222570,0.09721118,0.12655357,0.13373609,0.13098031,10,0.0,14003,252730,0.56471974,0.5749947,0.57192034,0.573006,0.6619309,0.70154834,0.7056565,0.7039864,1123,2114.8094363212585,0.3776205,0.510037,0.49526623,0.49442744,7.7715860353572275,0.0,0.0
18460,222960,0.23451895,0.12933706,0.13420498,0.12980253,10,0.0,14083,253530,0.46236318,0.57955456,0.5727909,0.5746286,0.6968821,0.7088916,0.7069959,0.7044311,1129,2124.770438671112,0.46236318,0.4507866,0.49542642,0.49463296,5.223481296335733,0.0,0.0
18505,223410,0.3032611,0.07787661,0.115021065,0.12893917,10,0.0,14180,254500,0.40450692,0.6300214,0.59134394,0.5753275,0.707768,0.70789796,0.706365,0.7042667,1136,2135.2553386688232,0.40244105,0.6257372,0.509151,0.49588674,7.916522041121785,0.0,0.0
18553,223890,0.30018765,0.17213081,0.11751151,0.12950253,10,0.0,14273,255430,0.4147116,0.5338186,0.5838189,0.57476866,0.71489924,0.7059494,0.7013304,0.7042712,1143,2145.4222214221954,0.36867228,0.46255025,0.5111473,0.49659735,7.938740231789113,0.0,0.0
18597,224330,0.0,0.15029678,0.12366858,0.12899837,10,0.0,14361,256310,0.7087323,0.5433923,0.57906747,0.5755641,0.7087323,0.6907778,0.7028486,0.7045302,1150,2155.8883464336395,0.7087323,0.47555313,0.50321394,0.4954231,8.869126638311766,0.0,0.0
18646,224820,0.3603189,0.1433607,0.12584436,0.12823206,10,0.0,14458,257280,0.36339605,0.5689703,0.5770304,0.57606006,0.72371495,0.712331,0.70287484,0.7042921,1158,2166.468849658966,0.33510932,0.45971972,0.46013528,0.4936678,11.359129380693371,0.0,0.0
18692,225280,0.001036942,0.14661358,0.12450068,0.12877437,10,0.0,14552,258220,0.64706105,0.54142886,0.57859945,0.57520187,0.648098,0.68804246,0.7031002,0.7039762,1165,2176.802697658539,0.3030562,0.45493072,0.4656953,0.49173626,5.691923685982204,0.0,0.0
18731,225670,0.29375875,0.10190628,0.12435381,0.12796794,10,0.0,14628,258980,0.3923412,0.6219383,0.5835729,0.5763044,0.68609995,0.7238446,0.70792687,0.70427233,1171,2187.0648560523987,0.3470299,0.5271965,0.4791847,0.49150178,10.251708372012763,0.0,0.0
18778,226140,0.2532181,0.09138898,0.11059564,0.12694794,10,0.0,14718,259880,0.461582,0.61617506,0.5963811,0.5774374,0.7148001,0.707564,0.7069768,0.7043854,1178,2197.008786201477,0.461582,0.587763,0.5077442,0.49229047,46.38141693031238,0.0,0.0
18819,226550,0.23691133,0.11748843,0.11514622,0.12580726,10,0.0,14811,260810,0.44125643,0.5856517,0.593157,0.57886326,0.67816776,0.7031401,0.70830315,0.70467055,1185,2207.922429084778,0.3593914,0.44624883,0.50995255,0.49332193,9.069834175054142,0.0,0.0
18864,227000,0.0270921,0.18262257,0.1289653,0.12509461,10,0.0,14900,261700,0.6670044,0.50574744,0.5716145,0.57925916,0.6940965,0.68837,0.7005799,0.70435375,1192,2218.4018609523773,0.4190212,0.4664522,0.49522117,0.49389765,7.536058251628248,0.0,0.0
18912,227480,0.0027406812,0.09812513,0.11699383,0.12399027,10,0.0,14990,262600,0.63883126,0.6254285,0.5840797,0.5805204,0.64157194,0.72355366,0.70107347,0.7045106,1199,2228.8055095672607,0.48476803,0.54599655,0.5026934,0.49740672,9.116910578153693,0.0,0.0
18956,227920,0.0071212053,0.06511957,0.10389082,0.12227128,10,0.0,15088,263580,0.64395916,0.6392686,0.60257167,0.5824249,0.65108037,0.70367604,0.7067155,0.70491457,1206,2239.5003855228424,0.41969633,0.47912508,0.5191594,0.4987257,8.231676035390894,0.0,0.0
18996,228320,0.24649662,0.09443952,0.09164438,0.121717714,10,0.0,15172,264420,0.40465373,0.6235854,0.6191815,0.5833406,0.65115035,0.7180249,0.7108258,0.7050583,1213,2249.385908126831,0.40465373,0.47054857,0.5138245,0.498085,24.004280853767064,0.0,0.0
19046,228820,0.09033686,0.12150055,0.09773635,0.12106115,10,0.0,15263,265330,0.6207883,0.57742274,0.6074713,0.5835583,0.71112514,0.69892335,0.70520765,0.7046195,1220,2260.526337623596,0.42749307,0.45634192,0.49781877,0.49760967,5.906385644101421,0.0,0.0
19080,229160,0.2164903,0.1023216,0.105306216,0.11980663,10,0.0,15347,266170,0.49963042,0.59962034,0.6000593,0.585288,0.7161207,0.7019419,0.70536536,0.70509475,1226,2270.8854682445526,0.40303242,0.49997458,0.49265245,0.49803907,23.179776144024732,0.0,0.0
19117,229530,0.27038714,0.12041309,0.107324146,0.11848685,10,0.0,15437,267070,0.4612395,0.5850431,0.597368,0.5867969,0.73162663,0.70545614,0.704692,0.7052838,1232,2282.686475276947,0.44697824,0.4910075,0.5070191,0.499209,8.231897369771657,0.0,0.0
19156,229920,0.3034919,0.10388764,0.10356834,0.1179504,10,0.0,15512,267820,0.40412396,0.5967408,0.6012417,0.5872717,0.70761585,0.7006284,0.70481,0.7052221,1238,2292.7515766620636,0.39967182,0.49850383,0.5083714,0.49928394,7.275358789345928,0.0,0.0
19195,230310,0.27062094,0.07535336,0.11273716,0.11846359,10,0.0,15592,268620,0.4289987,0.6370753,0.59198385,0.586986,0.69961965,0.7124287,0.7047211,0.7054496,1244,2304.055097579956,0.4289987,0.5469783,0.5089485,0.50004286,6.824896014933626,0.0,0.0
19238,230740,0.24928117,0.09323797,0.11908773,0.11811012,10,0.0,15671,269410,0.4747907,0.60931647,0.5827442,0.5871617,0.72407186,0.70255435,0.7018318,0.70527184,1250,2313.787939310074,0.4747907,0.5394329,0.50867426,0.5005702,26.379419757721898,0.0,0.0
19283,231190,0.06959218,0.068863966,0.10399681,0.11600394,10,0.0,15772,270420,0.60232973,0.6388205,0.60161614,0.5896062,0.6719219,0.7076845,0.70561296,0.7056101,1258,2324.425499677658,0.39826962,0.58171195,0.52177256,0.50160867,8.981794447023674,0.0,0.0
19337,231730,0.0,0.028391963,0.08755176,0.11321046,10,0.0,15884,271540,0.6659174,0.65182257,0.6159002,0.5914237,0.6659174,0.6802145,0.703452,0.70463413,1266,2334.7239570617676,0.6659174,0.5074452,0.51918733,0.5023146,10.826474567888743,0.0,0.0
19392,232280,0.27979392,0.07545601,0.09160799,0.11107922,10,0.0,15979,272490,0.4357339,0.63084555,0.60728514,0.5934876,0.71552783,0.70630157,0.69889313,0.7045669,1274,2345.1357243061066,0.4357339,0.5973341,0.530912,0.50543964,10.067548981532644,0.0,0.0
19438,232740,0.28477424,0.05205952,0.098251164,0.110068314,10,0.0,16077,273470,0.4471833,0.6675805,0.6068418,0.5944922,0.73195755,0.71963996,0.7050929,0.7045604,1282,2355.4229958057404,0.4471833,0.5044195,0.54017645,0.5062757,9.405751624078862,0.0,0.0
19494,233300,0.0,0.075873576,0.09384533,0.10829224,10,0.0,16177,274470,0.7108443,0.6345616,0.61443675,0.59656954,0.7108443,0.71043515,0.7082821,0.7048618,1290,2365.750638961792,0.7108443,0.5680498,0.5253008,0.5086504,9.85356743061127,0.0,0.0
19540,233760,0.23681575,0.12392086,0.09078184,0.1077473,10,0.0,16287,275570,0.42536128,0.575267,0.6172184,0.5973827,0.662177,0.6991879,0.70800024,0.70513004,1298,2376.1198167800903,0.42536128,0.5494268,0.54891616,0.5096281,8.49945793032733,0.0,0.0
19593,234290,0.22224015,0.1303992,0.102456845,0.10617194,10,0.0,16393,276630,0.5035099,0.58608234,0.60188746,0.59871024,0.72575,0.71648157,0.70434415,0.7048822,1306,2386.6478686332703,0.4649259,0.565137,0.5537352,0.51344806,11.660104510776753,0.0,0.0
19648,234840,0.18003371,0.050147902,0.08990442,0.10374468,10,0.0,16495,277650,0.48243055,0.65024364,0.6112945,0.60116273,0.66246426,0.7003915,0.7011989,0.7049075,1314,2397.2545459270477,0.48243055,0.5463101,0.54167885,0.517984,8.565065478998324,0.0,0.0
19693,235290,0.11050612,0.028401475,0.06776266,0.10053711,10,0.0,16585,278550,0.5572754,0.6641477,0.6304385,0.6038719,0.66778153,0.6925491,0.69820124,0.704409,1321,2407.090341091156,0.51895654,0.58733755,0.54271275,0.52142096,30.106211091403843,0.0,0.0
19743,235790,0.1598979,0.10333552,0.07173491,0.09884268,10,0.0,16676,279460,0.48946467,0.5906308,0.6292295,0.60540086,0.64936256,0.6939663,0.70096433,0.70424354,1329,2417.415148496628,0.48946467,0.51816857,0.5435578,0.52364576,26.816788880726367,0.0,0.0
19797,236330,0.09301531,0.05477169,0.058354225,0.09529361,10,0.0,16788,280580,0.66805845,0.6641091,0.65004593,0.60902673,0.76107377,0.7188808,0.7084002,0.7043203,1338,2429.045748233795,0.50887173,0.5953137,0.5728171,0.527557,8.566115035771253,0.0,0.0
19849,236850,0.20145077,0.040445663,0.02985363,0.08971004,10,0.0,16891,281610,0.589473,0.6762414,0.6834079,0.6155116,0.7909238,0.71668696,0.71326154,0.70522165,1346,2439.3417599201202,0.589473,0.564911,0.6136817,0.5350043,7.977944882749449,0.0,0.0
19903,237390,0.21402326,0.069682255,0.042257596,0.08657265,10,0.0,17003,282730,0.45626357,0.64829767,0.6684385,0.6189757,0.67028683,0.71798,0.710696,0.70554835,1354,2449.6803719997406,0.45626357,0.5455694,0.59918654,0.53814185,9.36584808150243,0.0,0.0
19951,237870,0.30371857,0.087576225,0.054544754,0.08463666,10,0.0,17096,283660,0.43642193,0.60792816,0.64682305,0.62022483,0.7401405,0.6955045,0.70136786,0.7048616,1362,2460.096978187561,0.43642193,0.5453856,0.5712073,0.54013693,9.126142697809058,0.0,0.0
20000,238360,0.22850654,0.075996764,0.065587096,0.08389299,10,0.0,17196,284660,0.49586108,0.61910576,0.6352595,0.6205753,0.7243676,0.6951026,0.70084655,0.7044683,1370,2470.549902200699,0.43497086,0.56746656,0.5655986,0.54305613,8.557008210174594,0.0,0.0
20054,238900,0.24657714,0.07579507,0.070779026,0.08186812,10,0.0,17308,285780,0.43606448,0.61762285,0.63305974,0.6228789,0.6826416,0.6934179,0.7038387,0.70474696,1378,2480.78635764122,0.43606448,0.5259357,0.5563768,0.5461194,10.049260328376633,0.0,0.0
20105,239410,7.981062e-05,0.10610096,0.07435192,0.080465734,10,0.0,17409,286790,0.7250975,0.5947614,0.63100684,0.6240583,0.7251773,0.7008623,0.7053588,0.70452404,1386,2491.069747209549,0.7250975,0.54783326,0.54246676,0.5476376,11.34696945062086,0.0,0.0
20154,239900,0.2016994,0.14593187,0.08720309,0.07951709,10,0.0,17504,287740,0.4632406,0.5555342,0.61713076,0.6250325,0.66494,0.7014661,0.7043339,0.70454955,1394,2501.286660194397,0.43985,0.4809928,0.54155314,0.54950976,8.474209378617163,0.0,0.0
20210,240460,0.25644758,0.080560714,0.08888225,0.077425495,10,0.0,17603,288730,0.4024816,0.60293657,0.6141565,0.6268878,0.65892917,0.6978987,0.7041409,0.70459867,1402,2511.6874573230743,0.4024816,0.5598062,0.54386413,0.55098915,9.882928537279431,0.0,0.0
20260,240960,0.22949281,0.10650551,0.08571859,0.0764637,10,0.0,17714,289840,0.47463664,0.59313464,0.6180342,0.62808657,0.70412946,0.69964015,0.7037528,0.7045502,1410,2522.1936507225037,0.47463664,0.5267678,0.54350394,0.5519534,6.698968666783046,0.0,0.0
20302,241380,0.15684736,0.10001495,0.09020237,0.076620094,10,0.0,17799,290690,0.5412474,0.59420836,0.61278075,0.62772936,0.6980948,0.6942232,0.70298314,0.70434946,1417,2532.1807096004486,0.5412474,0.54463613,0.5344194,0.5530054,30.995768504847078,0.0,0.0
20356,241920,0.15689456,0.13098082,0.09812414,0.07795386,10,0.0,17892,291620,0.53785294,0.585092,0.60248196,0.6264568,0.6947475,0.7160728,0.7006061,0.7044107,1425,2542.571937561035,0.53785294,0.5221122,0.53117543,0.55282736,8.431871934897961,0.0,0.0
20407,242430,0.37236738,0.10513327,0.084083706,0.07614716,10,0.0,18000,292700,0.35744512,0.5802103,0.61378384,0.62795985,0.7298125,0.6853436,0.6978675,0.7041069,1433,2552.9478871822357,0.35744512,0.49459577,0.5384362,0.5524878,8.959758561193556,0.0,0.0
20455,242910,0.22045991,0.09368472,0.0782187,0.07565813,10,0.0,18098,293680,0.47891322,0.6196526,0.62520397,0.6285125,0.6993731,0.7133373,0.7034226,0.70417064,1441,2563.437576532364,0.42289758,0.5257373,0.53830266,0.5536896,8.765908479597124,0.0,0.0
20512,243480,0.030574262,0.12558667,0.09751164,0.07582846,10,0.0,18205,294750,0.6847502,0.57997644,0.606977,0.62795085,0.71532446,0.7055631,0.7044885,0.7037793,1449,2573.737564563751,0.36760357,0.5151203,0.53232324,0.5529376,10.145433954359499,0.0,0.0
20563,243990,0.0005429983,0.06784811,0.09397623,0.07606425,10,0.0,18305,295750,0.7286083,0.6628089,0.6118376,0.6280183,0.7291513,0.730657,0.7058138,0.7040826,1457,2584.323650121689,0.5206143,0.55416673,0.5303205,0.55125743,10.829591404912415,0.0,0.0
20610,244460,0.011813283,0.090602845,0.08889301,0.075420305,10,0.0,18406,296760,0.71687484,0.60562277,0.6160391,0.6285144,0.7286881,0.69622576,0.70493215,0.70393467,1465,2594.6735060214996,0.71687484,0.49277574,0.5295759,0.55101,8.602777589194021,0.0,0.0
20662,244980,0.16920942,0.13149974,0.09820138,0.0768634,10,0.0,18511,297810,0.54329437,0.56165826,0.60065645,0.6271456,0.7125038,0.69315803,0.6988577,0.704009,1473,2604.981281042099,0.44826403,0.50743186,0.53361577,0.5505834,8.79249292081628,0.0,0.0
20711,245470,0.25192082,0.16000366,0.109401375,0.079846404,10,0.0,18611,298810,0.41948313,0.524516,0.58795524,0.62389225,0.67140394,0.6845197,0.69735664,0.70373863,1481,2615.3718280792236,0.41948313,0.45209724,0.52307487,0.5484754,8.547596717993363,0.0,0.0
20762,245980,0.2882237,0.12787135,0.120115474,0.08172895,10,0.0,18706,299760,0.38744596,0.59263504,0.58359474,0.622182,0.67566967,0.7205063,0.70371026,0.70391095,1488,2625.9936838150024,0.38744596,0.4817564,0.49981007,0.5457123,9.55200386242832,0.0,0.0
20814,246500,0.29323328,0.14451694,0.11943202,0.087031715,10,0.0,18810,300800,0.42405295,0.56402576,0.58826375,0.6164509,0.7172862,0.7085427,0.7076957,0.7034827,1497,2637.229756116867,0.42405295,0.4597172,0.49264598,0.53854454,9.713075158098135,0.0,0.0
20868,247040,0.28571257,0.10410883,0.115583934,0.09084285,10,0.0,18914,301840,0.41790655,0.5658546,0.58331597,0.6115365,0.7036191,0.69558364,0.70080626,0.702651,1505,2647.599949836731,0.41790655,0.51259506,0.50921667,0.534377,8.410621961923137,0.0,0.0
20917,247530,0.20356858,0.1272116,0.10489395,0.09219406,10,0.0,19016,302860,0.47803664,0.5677463,0.59644914,0.61059994,0.6816052,0.694958,0.7013432,0.70279396,1513,2658.036980867386,0.3905826,0.5037759,0.52249205,0.5320225,8.614886611744069,0.0,0.0
20970,248060,0.2899312,0.0824908,0.094295785,0.094684295,10,0.0,19117,303870,0.4153168,0.62445086,0.6125921,0.6081946,0.705248,0.70694166,0.7068879,0.70287883,1521,2667.7730271816254,0.4153168,0.57671916,0.50238276,0.52754205,28.10866017725803,0.0,0.0
21029,248650,0.17080826,0.100215316,0.094774626,0.0963094,10,0.0,19240,305100,0.53743476,0.5968088,0.6117613,0.6066401,0.708243,0.6970241,0.7065358,0.70294946,1530,2678.699811935425,0.53743476,0.5553732,0.5155299,0.525833,11.46524443064317,0.0,0.0
21086,249220,0.21743703,0.11418424,0.10562472,0.099076144,10,0.0,19342,306120,0.5474718,0.5957511,0.59835184,0.6038834,0.76490885,0.7099353,0.7039766,0.70295954,1539,2689.616661310196,0.5474718,0.50102305,0.5210339,0.52421826,10.528360378180212,0.0,0.0
21135,249710,0.3455517,0.052881815,0.08879068,0.09828197,10,0.0,19443,307130,0.3923442,0.65506446,0.615929,0.6046239,0.7378959,0.7079462,0.7047197,0.70290583,1547,2699.3442766666412,0.3923442,0.5492107,0.5199225,0.52338314,24.539961724178887,0.0,0.0
21191,250270,0.20728523,0.11752107,0.072063215,0.09715381,10,0.0,19557,308270,0.48873687,0.590366,0.6316623,0.6057878,0.6960221,0.7078871,0.7037255,0.70294166,1556,2710.464664697647,0.4583849,0.58238596,0.5433988,0.5241106,9.040825832729254,0.0,0.0
21245,250810,0.26485744,0.048421204,0.073425904,0.09635828,10,0.0,19657,309270,0.46879378,0.65977734,0.6310119,0.6067008,0.7336512,0.7081985,0.70443785,0.7030591,1564,2720.231062889099,0.46879378,0.53802884,0.5512739,0.5243667,27.79919750050703,0.0,0.0
21302,251380,0.23879376,0.06833544,0.0814862,0.09623669,10,0.0,19771,310410,0.4780046,0.6545739,0.6232431,0.6069746,0.71679837,0.72290933,0.7047293,0.7032113,1573,2731.120681285858,0.4780046,0.48618603,0.5361115,0.5240426,11.145788518012537,0.0,0.0
21359,251950,0.16827357,0.04624392,0.08945907,0.09590488,10,0.0,19887,311570,0.5211234,0.6564163,0.6106497,0.60714805,0.689397,0.7026602,0.70010877,0.703053,1582,2742.0448162555695,0.4229319,0.6116188,0.5299257,0.5235095,9.112867744589654,0.0,0.0
21411,252470,-0.108392894,0.048337296,0.10069218,0.09784513,10,0.0,19989,312590,0.7720006,0.6619016,0.59803385,0.6053674,0.6636077,0.7102389,0.69872606,0.70321256,1590,2751.674172401428,0.4870049,0.5216463,0.5305117,0.522692,26.40083942793515,0.0,0.0
21470,253060,0.390946,0.05673159,0.08547368,0.09649367,10,0.0,20111,313810,0.3605573,0.64015853,0.6191726,0.6067118,0.7515033,0.69689,0.70464617,0.7032055,1599,2762.531797885895,0.3605573,0.5590033,0.54768246,0.5246118,9.354274029140667,0.0,0.0
21517,253530,0.2461155,0.072126254,0.08582368,0.096785784,10,0.0,20213,314830,0.41926956,0.62103814,0.62095034,0.606638,0.66538507,0.6931644,0.706774,0.70342374,1607,2772.6282138824463,0.40690356,0.5486832,0.54767317,0.5249651,7.662556272957229,0.0,0.0
21571,254070,0.2496553,0.05782175,0.096115254,0.097065344,10,0.0,20306,315760,0.43675762,0.6390428,0.6077109,0.60593027,0.68641293,0.6968646,0.7038261,0.70299566,1615,2783.124233484268,0.4119484,0.52094394,0.5298581,0.5249192,10.025643134007844,0.0,0.0
21629,254650,0.04883474,0.09321025,0.08015046,0.09581454,10,0.0,20417,316870,0.6902107,0.624817,0.62676257,0.6077427,0.73904544,0.71802723,0.706913,0.70355725,1624,2793.9319984912872,0.44244304,0.5189424,0.54763216,0.52644265,9.262282013174719,0.0,0.0
21684,255200,0.3608415,0.06810267,0.08962076,0.09530897,10,0.0,20530,318000,0.32908016,0.6473665,0.61578304,0.6084658,0.6899217,0.7154692,0.7054038,0.7037748,1633,2804.794536590576,0.32908016,0.50284255,0.53242284,0.5252012,11.837842902832861,0.0,0.0
21737,255730,0.3288978,0.07577396,0.092743725,0.09335238,10,0.0,20630,319000,0.4045525,0.6383681,0.611732,0.6107276,0.7334503,0.7141421,0.7044757,0.70408,1641,2814.4029767513275,0.38127297,0.5171651,0.4986339,0.52572083,25.50831392778277,0.0,0.0
21794,256300,0.29520616,0.19933519,0.10932598,0.093750745,10,0.0,20752,320220,0.41488156,0.51128775,0.596798,0.6100862,0.7100877,0.71062297,0.7061238,0.7038369,1650,2825.3282866477966,0.32189056,0.43108296,0.48045897,0.5246936,9.376329278897634,0.0,0.0
21848,256840,0.23371911,0.09775953,0.1287587,0.09403973,10,0.0,20839,321090,0.46201587,0.61195284,0.5729996,0.6098646,0.695735,0.7097124,0.70175844,0.7039043,1658,2835.112934589386,0.40522406,0.4986518,0.4818268,0.52375686,30.648220610274812,0.0,0.0
21902,257380,0.23888671,0.09109967,0.11933428,0.09545805,10,0.0,20950,322200,0.49524754,0.5919265,0.5812842,0.60823816,0.73413426,0.6830262,0.7006185,0.70369625,1667,2846.2421848773956,0.35641044,0.47161284,0.49865803,0.5223134,9.709816969094508,0.0,0.0
21960,257960,0.29381785,0.08613992,0.11088679,0.095810026,10,0.0,21062,323320,0.39657006,0.62787044,0.5915968,0.607856,0.6903879,0.71401036,0.7024836,0.7036659,1676,2857.155613183975,0.37963915,0.5389893,0.5016415,0.52360827,8.381292807637495,0.0,0.0
22014,258500,0.27414215,0.15815414,0.11284542,0.097125076,10,0.0,21165,324350,0.39967972,0.53246224,0.5878698,0.6060304,0.67382187,0.6906164,0.7007153,0.70315546,1684,2866.9451184272766,0.39967972,0.49377838,0.49817216,0.52143806,29.191636791602548,0.0,0.0
22072,259080,0.0,0.140697,0.13252045,0.09826613,10,0.0,21278,325480,0.7036174,0.5703429,0.569072,0.60504043,0.7036174,0.7110399,0.70159256,0.7033065,1693,2877.8266541957855,0.7036174,0.46708828,0.47792014,0.5188137,11.598009069793164,0.0,0.0
22129,259650,0.24033481,0.11741948,0.12737074,0.10035847,10,0.0,21399,326690,0.4465062,0.58362585,0.5733093,0.6026058,0.686841,0.70104533,0.7006801,0.70296425,1702,2888.745379447937,0.35497513,0.46226507,0.46515927,0.51515305,10.144940716624983,0.0,0.0
22176,260120,0.2315824,0.15128812,0.127305,0.10403422,10,0.0,21492,327620,0.45712143,0.55147845,0.57831675,0.5993297,0.68870384,0.70276654,0.7056218,0.7033639,1710,2899.0658223629,0.39094526,0.47063646,0.49587846,0.5141468,7.83789551500809,0.0,0.0
22231,260670,0.01709801,0.047235835,0.11264265,0.10448769,10,0.0,21592,328620,0.6873761,0.6459727,0.5964049,0.59897274,0.7044741,0.6932086,0.7090475,0.70346045,1718,2909.306992292404,0.6457139,0.5363876,0.5228859,0.51274514,11.075081710434802,0.0,0.0
22280,261160,-0.013856649,0.08557503,0.07659102,0.10342528,10,0.0,21704,329740,0.6870406,0.6098277,0.6251318,0.5996476,0.673184,0.69497275,0.70247275,0.7030954,1726,2920.0427582263947,0.48667175,0.50195616,0.5285928,0.5124852,7.827529145355117,0.0,0.0
22326,261620,-0.006975472,0.06747852,0.05302235,0.10145869,10,0.0,21782,330520,0.7154952,0.6332694,0.64878714,0.6016537,0.70851976,0.70074797,0.7018095,0.7031124,1733,2930.471801519394,0.33932847,0.5011975,0.5374389,0.5134821,8.733448202266493,0.0,0.0
22381,262170,0.0,0.0009032309,0.03566812,0.098080605,10,0.0,21883,331530,0.76504916,0.69552433,0.665913,0.60524315,0.76504916,0.69642764,0.70158106,0.7033237,1741,2940.937422990799,0.76504916,0.6644823,0.5622628,0.5153639,9.463878762826305,0.0,0.0
22424,262600,0.00976342,-0.014937395,0.017114654,0.09349092,10,0.0,21982,332520,0.66994035,0.71818894,0.6885387,0.6103351,0.6797038,0.70325154,0.7056533,0.70382607,1748,2951.5150628089905,0.6588561,0.6785809,0.60900784,0.5212567,9.666802953946116,0.0,0.0
22466,263020,0.03327942,0.008551073,0.0075413417,0.09124591,10,0.0,22058,333280,0.69446355,0.6821551,0.69715333,0.6121329,0.72774297,0.69070613,0.7046947,0.70337886,1755,2962.369176864624,0.44356692,0.60290635,0.64253944,0.5239946,7.510612851313716,0.0,0.0
22506,263420,-0.020457208,0.023215938,0.024025815,0.088762514,10,0.0,22136,334060,0.69603616,0.6713867,0.67768115,0.6142546,0.67557895,0.701865,0.70211,0.7031301,1761,2972.522297859192,0.39343312,0.6009462,0.61748654,0.5259613,8.10674616397402,0.0,0.0
22554,263900,0.008138537,0.0073969425,0.04031456,0.08590448,10,0.0,22235,335050,0.6784756,0.71184415,0.6612573,0.6172158,0.68661416,0.71924114,0.7015719,0.70312023,1769,2982.863168001175,0.6264284,0.6626143,0.5991179,0.52978766,9.144132831031115,0.0,0.0
22611,264470,0.011648536,0.009401226,0.026940493,0.0837736,10,0.0,22336,336060,0.70231134,0.69433904,0.6748366,0.6192302,0.7139599,0.70374024,0.70177704,0.7030038,1777,2993.3570172786713,0.6729932,0.6113298,0.62011397,0.5330009,10.568394274834935,0.0,0.0
22654,264900,0.0089021325,0.002608663,0.015670478,0.08035365,10,0.0,22434,337040,0.70872945,0.71641856,0.68686324,0.6224741,0.7176316,0.7190273,0.70253366,0.7028277,1784,3003.604524374008,0.6757822,0.68143296,0.6328289,0.53780967,7.37078901266176,0.0,0.0
22702,265380,-6.765127e-05,0.00074968935,0.009638711,0.07557698,10,0.0,22512,337820,0.70408475,0.714489,0.69599617,0.627296,0.7040171,0.7135004,0.70603263,0.7030405,1791,3014.670312643051,0.6894452,0.68564254,0.6490139,0.54591316,8.322416492667221,0.0,0.0
22739,265750,0.0005158186,0.015046316,0.0077278353,0.07294223,10,0.0,22602,338720,0.6612443,0.691486,0.6974083,0.6299308,0.6617601,0.7065323,0.7051361,0.70287305,1797,3024.856518268585,0.6612443,0.6650184,0.6623149,0.5516696,7.214554661685304,0.0,0.0
22775,266110,-0.011395752,-0.00084614754,0.0047884663,0.06894301,10,0.0,22676,339460,0.6846451,0.7003178,0.697652,0.6336137,0.67324936,0.6994717,0.70244044,0.70255667,1803,3036.0007948875427,0.6716184,0.6722547,0.6725453,0.5586674,10.113526596840005,0.0,0.0
22821,266570,0.026609063,-0.0038009225,0.0030913502,0.06276153,10,0.0,22770,340400,0.7258311,0.71960497,0.7031424,0.6403439,0.75244015,0.71580404,0.70623374,0.70310545,1810,3047.3290827274323,0.6953383,0.6979744,0.67879564,0.5682307,3.888741472322493,0.0,0.0
22851,266870,0.013054907,0.014749235,0.003515736,0.058310848,10,0.0,22834,341040,0.7134841,0.70691186,0.70732534,0.6452071,0.726539,0.7216611,0.71084106,0.703518,1815,3057.5888934135437,0.7134841,0.69505197,0.68506783,0.57550216,16.747218382433385,0.0,0.0
22895,267310,0.036141574,-0.0027713955,0.0034475632,0.053867307,10,0.0,22925,341950,0.68906534,0.70835245,0.70243573,0.6493132,0.7252069,0.70558107,0.7058833,0.7031806,1822,3069.1660420894623,0.68271965,0.67336524,0.67820007,0.58159304,6.336093780684926,0.0,0.0
22932,267680,-0.030627608,0.0074892044,0.001591202,0.049351167,10,0.0,23002,342720,0.71248955,0.69365245,0.7020651,0.6542348,0.68186194,0.7011417,0.7036563,0.7035859,1828,3079.954850435257,0.6698439,0.6715276,0.6773692,0.5899078,6.081744965995302,0.0,0.0
22976,268120,0.004137993,0.0063668313,0.0042360667,0.04562599,10,0.0,23093,343630,0.6594686,0.6795678,0.7003719,0.6581634,0.6636066,0.68593466,0.704608,0.7037894,1834,3090.238914489746,0.6594686,0.6598805,0.679975,0.5964493,4.087412840582085,0.0,0.0
23020,268560,0.093311846,-0.0045085372,0.006215078,0.0403828,10,0.0,23183,344530,0.6602844,0.6951947,0.6934212,0.6631696,0.75359625,0.69068617,0.6996363,0.7035524,1841,3101.138540506363,0.6602844,0.648411,0.6719316,0.6040319,7.4665396343227295,0.0,0.0
23055,268910,-0.016515493,0.0009039879,0.006391917,0.035255305,10,0.0,23250,345200,0.71856284,0.723395,0.6966619,0.6688046,0.70204735,0.724299,0.70305395,0.70405984,1847,3111.465891599655,0.70180523,0.68211544,0.67176384,0.61254966,8.965314400235295,0.0,0.0
23100,269360,0.008252144,0.009380842,0.0050765667,0.030449077,10,0.0,23350,346200,0.69268703,0.70718324,0.6972618,0.67338306,0.7009392,0.7165641,0.7023384,0.7038321,1854,3122.0951545238495,0.69245934,0.6700794,0.6710017,0.62191844,10.364042098583708,0.0,0.0
23139,269750,0.014074266,0.0037145794,0.00797603,0.024608955,10,0.0,23424,346940,0.65387243,0.69588405,0.6968051,0.6796089,0.6679467,0.6995986,0.7047811,0.70421785,1860,3131.8102300167084,0.65387243,0.67032117,0.6730044,0.62987596,12.699148576838661,0.0,0.0
23177,270130,0.08848441,-0.00061555504,0.0065406025,0.020629909,10,0.0,23500,347700,0.6492373,0.7064596,0.6979769,0.68318987,0.7377217,0.705844,0.7045176,0.7038198,1866,3143.9040973186493,0.6492373,0.67968905,0.6719676,0.63422024,7.935516962215185,0.0,0.0
23208,270440,0.0,-0.019198824,0.004917079,0.017347421,10,0.0,23571,348410,0.70667964,0.7249786,0.7049707,0.6866751,0.70667964,0.70577985,0.70988774,0.70402247,1871,3154.059900999069,0.70667964,0.68606865,0.67784995,0.6401491,6.18423314726933,0.0,0.0
23250,270860,0.0036116838,0.01343599,0.006316939,0.01567939,10,0.0,23659,349290,0.6817798,0.6911381,0.69929117,0.68810606,0.6853915,0.7045741,0.7056082,0.7037855,1877,3164.93039226532,0.6559452,0.6770394,0.6748879,0.6439237,6.328199424317414,0.0,0.0
23303,271390,0.35830706,0.06233306,0.011187182,0.012955001,10,0.0,23762,350320,0.4072839,0.6406044,0.69115335,0.6910186,0.76559097,0.6972579,0.70159703,0.7038904,1885,3175.9114038944244,0.4072839,0.5777431,0.66530985,0.65160143,9.09083106368019,0.0,0.0
23345,271810,0.051751673,0.02051967,0.020068385,0.011818061,10,0.0,23843,351130,0.6830062,0.67990404,0.6817845,0.69206524,0.7347579,0.7004237,0.70185286,0.7038833,1892,3186.8344926834106,0.6830062,0.66168606,0.65490234,0.6565759,9.36167971269717,0.0,0.0
23381,272170,0.024255395,0.000419122,0.021875314,0.011953246,10,0.0,23925,351950,0.6657836,0.70813596,0.67970514,0.69182277,0.690039,0.7085551,0.7015805,0.703776,1898,3197.0052716732025,0.62091774,0.6219058,0.6426716,0.6570154,10.71694869651847,0.0,0.0
23426,272620,0.032876194,0.0029759645,0.018233698,0.013009495,10,0.0,24019,352890,0.69916695,0.71734107,0.68762064,0.6909376,0.73204315,0.72031707,0.70585424,0.703947,1905,3207.475256919861,0.687243,0.6491357,0.64577514,0.65726507,6.97314469855804,0.0,0.0
23463,272990,-0.033839285,0.012663138,0.013741536,0.012479341,10,0.0,24092,353620,0.70300144,0.70880955,0.6931851,0.69159704,0.66916215,0.7214727,0.7069266,0.70407635,1911,3217.5361502170563,0.4314338,0.6999434,0.6469473,0.6580614,7.799233930493668,0.0,0.0
23514,273500,0.22653067,0.004255998,0.014847402,0.011048271,10,0.0,24198,354680,0.50992346,0.69435847,0.686861,0.69286543,0.7364541,0.6986145,0.70170844,0.7039136,1919,3228.7005066871643,0.50992346,0.6282815,0.620816,0.6588738,8.124060953545323,0.0,0.0
23564,274000,-0.0036429167,0.030147085,0.01667346,0.010076859,10,0.0,24282,355520,0.69272304,0.67260075,0.6848715,0.6939264,0.6890801,0.7027478,0.70154494,0.70400316,1926,3239.3822660446167,0.6890801,0.5886189,0.62376744,0.6601042,8.50521966473532,0.0,0.0
23600,274360,-0.013586462,-0.010681653,0.013137912,0.009642623,10,0.0,24360,356300,0.68923444,0.70373094,0.6881866,0.69443864,0.675648,0.6930493,0.7013245,0.7040813,1932,3249.668925523758,0.67492306,0.64041054,0.6425203,0.66122735,6.723945916717285,0.0,0.0
23656,274920,-0.035050035,-0.007714963,0.007798835,0.008969114,10,0.0,24461,357310,0.6889792,0.70506465,0.69197196,0.6947919,0.6539292,0.6973497,0.6997708,0.70376104,1940,3260.5012905597687,0.526364,0.65583175,0.64196587,0.66167593,8.872571272637273,0.0,0.0
23695,275310,0.035931945,0.04164139,0.015960488,0.0103724245,10,0.0,24560,358300,0.6782112,0.6565819,0.6792509,0.6927063,0.71414316,0.6982233,0.69521135,0.70307875,1947,3271.934595346451,0.50992143,0.6203332,0.6296067,0.6592982,6.046660284062871,0.0,0.0
23727,275630,0.0017886162,0.014423018,0.0241679,0.010992451,10,0.0,24625,358950,0.6680194,0.7051387,0.67721677,0.6924166,0.66980803,0.7195617,0.7013846,0.7034091,1952,3283.130048751831,0.66376615,0.6765332,0.63504994,0.65864396,6.0502346567923535,0.0,0.0
23763,275990,-0.014071882,0.021586645,0.025510168,0.011129029,10,0.0,24701,359710,0.66814405,0.6882419,0.6745398,0.69248134,0.65407217,0.70982856,0.7000498,0.70361036,1957,3294.656567335129,0.4705612,0.6724231,0.6333145,0.65817064,5.049694469877697,0.0,0.0
23797,276330,0.0,0.012103433,0.012950893,0.011173968,10,0.0,24761,360310,0.64493906,0.679242,0.69092566,0.6919053,0.64493906,0.6913455,0.7038765,0.70307934,1962,3305.6724758148193,0.64493906,0.60604215,0.6525896,0.65692556,7.512804336977693,0.0,0.0
23827,276630,0.27244398,0.020083647,0.014154339,0.011990194,10,0.0,24829,360990,0.4697552,0.6876853,0.68491846,0.6904364,0.7421992,0.707769,0.6990729,0.7024266,1967,3316.205250263214,0.4697552,0.6787256,0.64665025,0.6551558,7.698699795964368,0.0,0.0
23865,277010,-0.00056290627,0.0306245,0.01964205,0.012820206,10,0.0,24910,361800,0.6769202,0.6812001,0.6802285,0.6895594,0.67635727,0.71182454,0.6998705,0.70237964,1973,3327.735764503479,0.67635727,0.6540926,0.6420832,0.65358245,5.005958616350204,0.0,0.0
23894,277300,0.024650991,0.006791198,0.022872377,0.013185279,10,0.0,24979,362490,0.69953483,0.69360507,0.6780771,0.68910897,0.7241858,0.7003962,0.7009493,0.7022942,1978,3337.769661426544,0.69899714,0.64363116,0.6413857,0.6527756,14.530513772674567,0.0,0.0
23931,277670,0.015527368,0.024942648,0.018324552,0.013575823,10,0.0,25045,363150,0.6901768,0.6780828,0.68376756,0.6886998,0.70570415,0.7030255,0.7020921,0.7022755,1983,3347.8753583431244,0.68159693,0.65133286,0.64991486,0.65233046,23.074951848145474,0.0,0.0
23965,278010,2.3066998e-05,0.008197093,0.011313439,0.013534072,10,0.0,25120,363900,0.7199819,0.71603394,0.69623125,0.6891625,0.720005,0.724231,0.7075447,0.70269656,1989,3358.8654792308807,0.7199819,0.6825273,0.6660947,0.6523205,5.800553958390611,0.0,0.0
24002,278380,-0.066290975,0.0149569865,0.014047546,0.0139604695,10,0.0,25197,364670,0.7180823,0.67176265,0.6909517,0.68874264,0.65179133,0.68671966,0.7049993,0.7027031,1995,3370.853005886078,0.4504422,0.64020586,0.66033983,0.6510578,4.920210734924618,0.0,0.0
24035,278710,0.24322027,0.0062811375,0.009488958,0.013792593,10,0.0,25257,365270,0.511024,0.6885394,0.69240594,0.68851256,0.75424427,0.6948206,0.701895,0.7023052,2000,3380.4013588428497,0.511024,0.5767919,0.6355423,0.64871985,23.186606034272117,0.0,0.0
24077,279130,0.06264961,-0.018302536,0.012146752,0.013925179,10,0.0,25340,366100,0.66275865,0.7171982,0.6817218,0.68800646,0.72540826,0.6988956,0.6938684,0.70193166,2006,3391.431354045868,0.41516486,0.63782716,0.6153805,0.64673847,6.554596503499672,0.0,0.0
24105,279410,0.20954049,0.05655659,0.011895058,0.014427329,10,0.0,25405,366750,0.50158995,0.61700815,0.68158805,0.6873104,0.71113044,0.67356473,0.6934831,0.7017378,2011,3402.351514339447,0.50158995,0.5945476,0.61882436,0.6455268,3.96321525937052,0.0,0.0
24139,279750,0.1838248,0.010621619,0.01967827,0.014795881,10,0.0,25471,367410,0.49403235,0.6995119,0.6785887,0.68700385,0.67785716,0.71013343,0.698267,0.70179975,2016,3412.9942684173584,0.49403235,0.63632184,0.62799317,0.64483863,7.729556629457281,0.0,0.0
24171,280070,0.021924615,0.04495321,0.0237317,0.015624152,10,0.0,25540,368100,0.69635785,0.63495076,0.67458695,0.68568105,0.71828246,0.6799039,0.6983187,0.70130515,2021,3422.7716794013977,0.5324238,0.6014195,0.636181,0.64317626,21.35635076256606,0.0,0.0
24206,280420,0.17997873,0.019107372,0.021651534,0.016066715,10,0.0,25607,368770,0.5141731,0.6765647,0.681669,0.6850278,0.6941518,0.69567215,0.70332044,0.7010945,2027,3434.5550830364227,0.5140086,0.58533496,0.6375955,0.64130604,6.239233305273198,0.0,0.0
24239,280750,0.019616067,0.031876177,0.019152245,0.016285244,10,0.0,25686,369560,0.6663164,0.6695324,0.6825881,0.6850736,0.68593246,0.7014085,0.7017405,0.7013589,2032,3445.626343011856,0.4211042,0.5757255,0.6258658,0.63973266,6.6128407202901744,0.0,0.0
24279,281150,2.5808811e-05,0.003542745,0.014124661,0.016450347,10,0.0,25756,370260,0.6847499,0.6921611,0.6905285,0.68501174,0.6847757,0.6957038,0.704653,0.701462,2038,3456.066911458969,0.6729042,0.6248461,0.62914413,0.63814294,7.894924180151596,0.0,0.0
24315,281510,0.013402462,-0.005432093,0.0079567265,0.015748076,10,0.0,25829,370990,0.76414996,0.7035637,0.6971567,0.68562883,0.7775524,0.69758075,0.70498246,0.7013647,2043,3465.6977019309998,0.43909794,0.5725194,0.6314307,0.6376047,5.388464870307869,0.0,0.0
24353,281890,0.012528002,0.019206423,0.009849112,0.015634984,10,0.0,25901,371710,0.75052214,0.6805714,0.6974291,0.68642503,0.76305014,0.6997778,0.7072782,0.70206004,2049,3476.5301134586334,0.39356422,0.6316681,0.6371984,0.6375564,6.597279142044665,0.0,0.0
24381,282170,-0.017226994,-0.011892563,0.019313509,0.01608235,10,0.0,25973,372430,0.7325398,0.71488106,0.6909463,0.68636656,0.7153128,0.7029885,0.7102598,0.70244896,2054,3486.4076883792877,0.40644357,0.6595217,0.6240107,0.6362972,17.274130549025486,0.0,0.0
24420,282560,-0.020200908,0.05501445,0.042106546,0.017483031,10,0.0,26044,373140,0.6710406,0.66274744,0.6671408,0.68476194,0.6508397,0.7177619,0.7092475,0.702245,2060,3498.3923144340515,0.3953615,0.61273706,0.6022653,0.6336881,5.863008176164895,0.0,0.0
24460,282960,-0.032797337,0.003699553,0.032410108,0.017778752,10,0.0,26130,374000,0.74162287,0.7053574,0.6756151,0.6845943,0.7088255,0.7090569,0.7080252,0.702373,2066,3509.469266653061,0.34288916,0.5885196,0.5958377,0.63162553,6.245244934630693,0.0,0.0
24497,283330,-0.02357918,0.033047285,0.03669667,0.01873423,10,0.0,26205,374750,0.71655446,0.6683359,0.66880035,0.6835475,0.6929753,0.7013831,0.705497,0.70228165,2072,3519.8937051296234,0.47115827,0.5400521,0.5684285,0.6288904,8.115063806207592,0.0,0.0
24530,283660,0.028005958,0.023408085,0.038304243,0.020086342,10,0.0,26271,375410,0.6749782,0.6804511,0.66503996,0.68223155,0.70298415,0.7038592,0.7033441,0.7023179,2077,3529.2495243549347,0.6736211,0.59187627,0.5602503,0.62631416,12.805439810857152,0.0,0.0
24559,283950,-0.025550842,0.06143687,0.049285423,0.02106355,10,0.0,26334,376040,0.70807576,0.62685615,0.6498369,0.6811437,0.6825249,0.688293,0.6991223,0.70220727,2082,3540.1903145313263,0.67574656,0.47722673,0.5520943,0.62448746,5.747486307887271,0.0,0.0
24595,284310,0.051458478,0.040626667,0.044539824,0.021766689,10,0.0,26392,376620,0.6692323,0.6467394,0.6560239,0.68047804,0.7206908,0.68736607,0.7005639,0.7022447,2087,3550.4828271865845,0.33324856,0.5636695,0.57221204,0.6220684,6.95009073071908,0.0,0.0
24625,284610,-0.008812845,0.080011025,0.046150144,0.023796096,10,0.0,26465,377350,0.70224804,0.62292635,0.6536282,0.67861545,0.6934352,0.7029373,0.6997784,0.7024116,2092,3560.877948284149,0.39798254,0.591482,0.5590357,0.61887217,7.178769907490608,0.0,0.0
24657,284930,0.37401348,0.009973854,0.04385236,0.024695594,10,0.0,26531,378010,0.33043486,0.699896,0.65768784,0.6775131,0.70444834,0.70986974,0.70154023,0.70220876,2097,3571.554437637329,0.33043486,0.63865215,0.5572184,0.61619794,5.905663788486113,0.0,0.0
24694,285300,0.029359937,0.05888342,0.049452562,0.025240319,10,0.0,26596,378660,0.69834256,0.6378637,0.6548977,0.67797655,0.7277025,0.6967471,0.70435035,0.7032169,2102,3582.4769265651703,0.35988367,0.554877,0.55895555,0.61509556,5.901868634826747,0.0,0.0
24725,285610,0.0,0.13497272,0.052349284,0.026291238,10,0.0,26663,379330,0.75407434,0.5644649,0.65731573,0.6769206,0.75407434,0.6994377,0.70966506,0.7032118,2107,3592.875250339508,0.75407434,0.54143745,0.57367426,0.61297524,6.054496624725644,0.0,0.0
24758,285940,0.33028004,0.08475149,0.04921963,0.027085494,10,0.0,26727,379970,0.34628072,0.6105803,0.658694,0.6760469,0.67656076,0.6953318,0.70791364,0.70313245,2112,3603.352552175522,0.32628936,0.50590706,0.57570165,0.6107505,7.501895906844438,0.0,0.0
24794,286300,0.014775455,0.10614214,0.06398573,0.030399876,10,0.0,26799,380690,0.7203723,0.5974594,0.638935,0.6727408,0.7351478,0.7036015,0.70292085,0.70314074,2118,3614.2732076644897,0.3936906,0.55170316,0.54970187,0.6045412,7.407090052843656,0.0,0.0
24823,286590,0.35297945,0.075924546,0.07524581,0.032298774,10,0.0,26869,381390,0.29830423,0.6255803,0.62802976,0.671262,0.6512837,0.7015048,0.7032756,0.70356077,2123,3624.0263290405273,0.29830423,0.5388236,0.5340762,0.6017894,16.30626497742792,0.0,0.0
24856,286920,-0.04383874,0.11669223,0.07425062,0.033234436,10,0.0,26936,382060,0.70934385,0.5856912,0.6268931,0.67010134,0.6655051,0.70238346,0.70114374,0.7033358,2128,3634.2869958877563,0.47750744,0.56995934,0.52299446,0.5984453,19.366528623584728,0.0,0.0
24887,287230,0.07687515,0.08098974,0.057419375,0.033914085,10,0.0,27000,382700,0.5700778,0.6400039,0.6466084,0.6698441,0.6469529,0.7209937,0.7040278,0.7037582,2133,3644.7723603248596,0.5700778,0.51586664,0.535906,0.5942888,21.63949887089626,0.0,0.0
24929,287650,0.0004233718,0.013151688,0.04111488,0.03486544,10,0.0,27079,383490,0.74931777,0.70878065,0.66303045,0.6689291,0.74974114,0.72193235,0.70414525,0.7037945,2139,3656.257312297821,0.4605913,0.5685816,0.5322659,0.58992445,5.540856162718685,0.0,0.0
24950,287860,0.0049527287,0.06833703,0.045861647,0.035837602,10,0.0,27139,384090,0.73279595,0.65100974,0.6639529,0.66796887,0.7377487,0.7193468,0.7098144,0.7038065,2143,3668.0022757053375,0.6850192,0.5061473,0.5364574,0.5865325,4.797272729664224,0.0,0.0
24982,288180,0.3572425,0.09033434,0.058957063,0.038038123,10,0.0,27207,384770,0.28719488,0.61498743,0.64847547,0.66541994,0.6444374,0.7053217,0.7074326,0.7034581,2148,3679.0359892845154,0.28719488,0.5331028,0.53004384,0.58176357,5.808862928942148,0.0,0.0
25019,288550,0.0494197,0.08958612,0.08186528,0.041533947,10,0.0,27271,385410,0.6197491,0.6163207,0.6198174,0.6617864,0.66916883,0.7059069,0.70168275,0.7033203,2153,3688.79314661026,0.34693405,0.5094902,0.50536287,0.5755683,6.063086803984521,0.0,0.0
25047,288830,0.33839235,0.14112262,0.10800195,0.045294393,10,0.0,27330,386000,0.33898583,0.5568899,0.5892296,0.65808135,0.6773782,0.6980125,0.6972316,0.70337576,2158,3699.316511631012,0.33757374,0.5108985,0.49163598,0.573175,6.624142982676137,0.0,0.0
25081,289170,0.3066155,0.10971324,0.12602742,0.04950221,10,0.0,27400,386700,0.37290874,0.59501374,0.5705407,0.654071,0.67952424,0.7094344,0.6964766,0.7035725,2163,3709.205926179886,0.37290874,0.4351502,0.46803942,0.56719553,5.790407147666355,0.0,0.0
25116,289520,0.36466244,0.14685321,0.13504377,0.05394265,10,0.0,27477,387470,0.40105793,0.546384,0.5645672,0.6498164,0.76572037,0.69323725,0.69961095,0.703759,2169,3720.3883576393127,0.34454548,0.4425574,0.47178382,0.56083477,6.475605380445892,0.0,0.0
25156,289920,0.24567384,0.11374102,0.13130623,0.05797989,10,0.0,27543,388130,0.47718143,0.599146,0.5719912,0.6458866,0.72285527,0.7128871,0.7032975,0.7038665,2175,3731.7798640727997,0.36838034,0.50803536,0.47305542,0.5545716,5.801383544905733,0.0,0.0
25190,290260,0.001102984,0.11521421,0.13332935,0.061231934,10,0.0,27619,388890,0.6840629,0.5813833,0.56848663,0.6427802,0.6851659,0.6965975,0.701816,0.7040121,2180,3742.072283267975,0.6840629,0.4665907,0.47736576,0.55003977,6.079403664452256,0.0,0.0
25218,290540,0.3110812,0.13242987,0.120984696,0.064407155,10,0.0,27682,389520,0.3463513,0.5688747,0.5833166,0.63937956,0.6574325,0.70130455,0.7043013,0.70378673,2185,3753.844316959381,0.3463513,0.5033458,0.49749017,0.54620755,5.453625826208637,0.0,0.0
25250,290860,-0.014653802,0.0888841,0.109041326,0.06602349,10,0.0,27749,390190,0.70794713,0.60541135,0.5946799,0.63795334,0.69329333,0.6942954,0.7037212,0.7039768,2190,3764.413593530655,0.410763,0.55595464,0.506448,0.5443413,5.929021999968335,0.0,0.0
25288,291240,-0.025114,0.0747235,0.08618836,0.06775158,10,0.0,27813,390830,0.69899887,0.64233917,0.6214756,0.63644874,0.67388487,0.71706265,0.707664,0.7042003,2195,3774.7552280426025,0.67388487,0.5522141,0.5275013,0.54051286,7.25931297676894,0.0,0.0
25317,291530,0.032539487,0.010873273,0.06312328,0.070024796,10,0.0,27876,391460,0.66635007,0.69472253,0.64322317,0.6338721,0.69888955,0.7055958,0.70634645,0.7038969,2200,3784.591312646866,0.4230821,0.62625664,0.5478293,0.5379316,18.135060521485723,0.0,0.0
25353,291890,0.30350262,0.09805359,0.076318115,0.07244375,10,0.0,27951,392210,0.36943704,0.60326874,0.62502444,0.6309185,0.67293966,0.7013224,0.7013425,0.7033622,2205,3795.84379529953,0.36943704,0.5083561,0.5359141,0.534263,7.65321375186846,0.0,0.0
25378,292140,0.2930697,0.09102048,0.089640245,0.074682645,10,0.0,28024,392940,0.41550133,0.6082376,0.6116414,0.62851393,0.708571,0.69925815,0.7012816,0.7031965,2210,3808.2728650569916,0.37966242,0.5339471,0.52073485,0.5307918,4.286025809529084,0.0,0.0
25412,292480,0.3264704,0.040403873,0.08967382,0.075242326,10,0.0,28091,393610,0.4356095,0.6671025,0.6111257,0.6279784,0.7620799,0.70750636,0.70079947,0.7032207,2215,3818.7164890766144,0.4356095,0.5098695,0.5132642,0.52893054,6.590149587438457,0.0,0.0
25450,292860,0.25223994,0.11592211,0.090443306,0.07755507,10,0.0,28160,394300,0.40593874,0.5820706,0.61480945,0.62549925,0.6581787,0.6979927,0.7052528,0.7030543,2221,3829.793612718582,0.27721986,0.55921185,0.51872396,0.5271482,5.3132251079701085,0.0,0.0
25482,293180,0.15477371,0.082756005,0.0740302,0.07900899,10,0.0,28227,394970,0.5369231,0.6235215,0.6332251,0.6242791,0.6916968,0.7062775,0.70725524,0.70328796,2226,3840.4274299144745,0.42631808,0.4846848,0.53064895,0.52576476,6.791253551224911,0.0,0.0
25519,293550,0.31636462,0.05592338,0.08116355,0.079690374,10,0.0,28314,395840,0.3737543,0.6417474,0.6242377,0.6237788,0.6901189,0.6976708,0.7054013,0.7034691,2232,3850.7051961421967,0.3737543,0.56712687,0.52898085,0.5253426,7.234222810331529,0.0,0.0
25557,293930,-0.08750731,0.0923271,0.091183014,0.08214444,10,0.0,28376,396460,0.74913514,0.62655413,0.6152553,0.6215647,0.6616278,0.71888113,0.70643824,0.7037091,2237,3860.083027124405,0.35314783,0.5442997,0.5120226,0.52208346,19.87526968748238,0.0,0.0
25590,294260,0.093137324,0.07555607,0.097743034,0.084478,10,0.0,28449,397190,0.587705,0.6214274,0.6069846,0.6193262,0.68084234,0.69698346,0.70472753,0.70380414,2243,3871.1382813453674,0.43339026,0.45330834,0.5130884,0.5204497,7.790967553547874,0.0,0.0
25625,294610,0.037984073,0.05395142,0.108460605,0.08596925,10,0.0,28514,397840,0.6135906,0.6425475,0.5953506,0.6178801,0.6515747,0.696499,0.7038113,0.7038494,2248,3881.750941514969,0.55505145,0.51898515,0.49743256,0.51921785,4.604560687696296,0.0,0.0
25657,294930,0.24207947,0.08251475,0.09640899,0.08746675,10,0.0,28577,398470,0.47244754,0.6081103,0.6053748,0.6162475,0.714527,0.6906251,0.70178384,0.70371425,2253,3892.215379714966,0.37848797,0.45935735,0.5063708,0.51675856,7.6666558822147755,0.0,0.0
25697,295330,0.2530714,0.091129564,0.094488,0.08912525,10,0.0,28657,399270,0.45304695,0.62441915,0.60820657,0.6143773,0.70611835,0.71554863,0.70269465,0.70350254,2259,3903.689178466797,0.45304695,0.4825936,0.4976891,0.5143022,6.081548318995703,0.0,0.0
25725,295610,0.30064562,0.09679477,0.09843922,0.09107376,10,0.0,28730,400000,0.39488778,0.60336745,0.6019515,0.61194575,0.6955334,0.7001622,0.7003909,0.70301956,2264,3915.735401391983,0.39454323,0.49565473,0.490406,0.5105874,4.851035766798443,0.0,0.0
25758,295940,0.31346744,0.16905671,0.0944076,0.091979474,10,0.0,28794,400640,0.40651578,0.5242009,0.60578316,0.61099106,0.7199832,0.69325763,0.7001907,0.70297056,2269,3925.5600883960724,0.39022252,0.45366636,0.4888299,0.508126,6.047579204352557,0.0,0.0
25795,296310,0.27977017,0.0850261,0.09411435,0.092160285,10,0.0,28866,401360,0.4282681,0.62005943,0.6061013,0.61086166,0.7080383,0.70508546,0.7002157,0.7030219,2275,3936.519581079483,0.4282681,0.47001344,0.48955715,0.5080436,6.539638892782486,0.0,0.0
25830,296660,0.40114683,0.14581248,0.093138,0.09291433,10,0.0,28942,402120,0.35107207,0.5965685,0.6120856,0.61060464,0.7522189,0.6975962,0.7031577,0.70309263,2280,3947.443287372589,0.35107207,0.52859944,0.4950701,0.5068963,5.8498893845732,0.0,0.0
25860,296960,0.008813143,-0.0045576454,0.086761706,0.09325652,10,0.0,28990,402600,0.72640014,0.71252376,0.61594313,0.6099247,0.7352133,0.70796615,0.7027048,0.70318115,2284,3957.0889480113983,0.4128169,0.53107387,0.5012982,0.50590163,35.13508940201798,0.0,0.0
25891,297270,0.3882081,0.13418865,0.08416509,0.09500856,10,0.0,29060,403300,0.31148612,0.56607175,0.62052166,0.6080729,0.6996942,0.70026046,0.70468676,0.7030814,2290,3969.035573720932,0.31148612,0.52027214,0.5051386,0.5057151,6.291076333543271,0.0,0.0
25925,297610,0.000106573105,0.09954009,0.07994324,0.09639867,10,0.0,29132,404020,0.731039,0.6149632,0.62233424,0.6065343,0.73114556,0.7145032,0.70227736,0.70293295,2295,3980.3361077308655,0.731039,0.4586599,0.5027849,0.5035468,5.372095001060508,0.0,0.0
25956,297920,-0.087201476,0.13052066,0.08764738,0.09825816,10,0.0,29198,404680,0.74592745,0.5726478,0.61869806,0.6045176,0.658726,0.70316845,0.7063454,0.7027758,2300,3991.8892772197723,0.37379968,0.52475655,0.52035195,0.5043733,4.208064792678538,0.0,0.0
25988,298240,0.2655098,0.07002913,0.08655586,0.097103074,10,0.0,29261,405310,0.3985624,0.61546624,0.61395216,0.60557663,0.6640722,0.6854954,0.70050794,0.7026798,2305,4003.366397857666,0.3985624,0.48135048,0.5200271,0.50508225,4.413673271683887,0.0,0.0
26020,298560,0.14082152,0.075073585,0.08679554,0.09619676,10,0.0,29326,405960,0.5356889,0.62970436,0.6148934,0.6068363,0.6765104,0.7047779,0.7016888,0.7030331,2310,4013.4498217105865,0.44776934,0.5743093,0.54792804,0.5085806,5.668271749740561,0.0,0.0
26052,298880,-0.056935012,0.041346617,0.07352816,0.09393728,10,0.0,29391,406610,0.7348355,0.6680841,0.6225719,0.6088865,0.6779005,0.70943075,0.6961,0.70282376,2315,4023.4156532287598,0.54338384,0.60451984,0.5383765,0.51017666,16.030232799897266,0.0,0.0
26087,299230,0.13873774,0.072914705,0.07828978,0.09326011,10,0.0,29457,407270,0.53945965,0.63401985,0.6209907,0.6096488,0.6781974,0.7069346,0.6992805,0.70290893,2320,4034.098560333252,0.39672178,0.4939916,0.53344524,0.5108482,5.206885451732853,0.0,0.0
26109,299450,0.33227226,0.098653935,0.082533285,0.09162285,10,0.0,29508,407780,0.32773152,0.58295286,0.61702234,0.61125815,0.6600038,0.68160677,0.6995556,0.70288104,2324,4044.454715490341,0.32773152,0.44325987,0.5113547,0.5110598,3.7083706110737853,0.0,0.0
26143,299790,0.21211216,0.09311788,0.09318554,0.0907007,10,0.0,29579,408490,0.4896386,0.6192073,0.61081386,0.6123259,0.70175076,0.7123252,0.70399934,0.7030266,2329,4054.547755718231,0.31143692,0.5435359,0.5100912,0.5129353,7.385925742135766,0.0,0.0
26176,300120,0.06489414,0.13453022,0.09735755,0.09021345,10,0.0,29642,409120,0.6014822,0.55459696,0.60457665,0.61246926,0.66637635,0.68912715,0.7019342,0.70268273,2334,4065.0441184043884,0.47949103,0.506183,0.5111904,0.51389486,4.7775850226616985,0.0,0.0
26203,300390,0.1752432,0.12639089,0.11356612,0.09046102,10,0.0,29711,409810,0.5070405,0.58591723,0.58633155,0.612413,0.6822837,0.71230805,0.6998976,0.702874,2338,4076.034163236618,0.3997183,0.47393385,0.5026923,0.51409227,4.708755821105845,0.0,0.0
26232,300680,-0.08559322,0.059977867,0.094625056,0.08930336,10,0.0,29779,410490,0.7649783,0.6612785,0.6114975,0.6136843,0.67938507,0.7212564,0.70612264,0.7029877,2343,4087.173552751541,0.39638543,0.5534512,0.5174962,0.51396424,7.134910112432181,0.0,0.0
26266,301020,0.14929175,0.0776296,0.0876959,0.08942346,10,0.0,29833,411030,0.5463804,0.6297001,0.6193874,0.6135436,0.69567215,0.70732975,0.70708334,0.70296705,2348,4096.741659641266,0.46068364,0.5124234,0.5094219,0.512929,16.083823086167612,0.0,0.0
26300,301360,0.009917378,0.09937455,0.08177519,0.09112345,10,0.0,29912,411820,0.73790514,0.6091892,0.6273672,0.61175466,0.7478225,0.70856375,0.70914245,0.7028781,2354,4109.1828026771545,0.3702031,0.5434642,0.5137863,0.5110079,6.221998585391557,0.0,0.0
26342,301780,0.27722818,0.06446391,0.10659902,0.09181012,10,0.0,29995,412650,0.42687857,0.648904,0.59817827,0.6114682,0.70410675,0.7133679,0.70477736,0.7032783,2360,4120.1406898498535,0.42687857,0.4758997,0.49335217,0.50876874,6.805287165873098,0.0,0.0
26377,302130,0.36231917,0.1428393,0.103605196,0.09161617,10,0.0,30064,413340,0.3584826,0.55481315,0.60007566,0.61141264,0.7208018,0.69765246,0.70368093,0.70302886,2366,4131.682829380035,0.3584826,0.4957215,0.5034141,0.51034766,6.603037145452917,0.0,0.0
26415,302510,0.35388932,0.09051381,0.10634893,0.093535826,10,0.0,30140,414100,0.36516204,0.6247293,0.5960533,0.6095763,0.71905136,0.71524304,0.7024023,0.70311207,2372,4142.2100558280945,0.36516204,0.47218004,0.49717212,0.5080117,5.678312907870703,0.0,0.0
26447,302830,-0.030500293,0.036632936,0.09305848,0.09207502,10,0.0,30213,414830,0.7629719,0.67840946,0.6123697,0.61109996,0.7324716,0.71504235,0.70542824,0.703175,2377,4152.44716668129,0.3939358,0.57893574,0.50923294,0.50812215,5.826298594635832,0.0,0.0
26485,303210,-0.054128528,0.07152343,0.08476272,0.092564024,10,0.0,30277,415470,0.7473169,0.6332995,0.61967874,0.6102879,0.69318837,0.7048229,0.70444137,0.70285195,2382,4161.672000169754,0.46084303,0.48127642,0.50560755,0.5075045,15.826487257469305,0.0,0.0
26517,303530,-0.09082562,0.08819319,0.08677568,0.093843505,10,0.0,30342,416120,0.76951253,0.6347946,0.6180556,0.60903233,0.6786869,0.7229878,0.7048312,0.70287585,2387,4172.795624732971,0.6786869,0.57369936,0.5072087,0.50623643,6.7849860468155985,0.0,0.0
26551,303870,0.27017847,0.090472996,0.10211993,0.09377019,10,0.0,30416,416860,0.41254976,0.6120307,0.5963745,0.60877705,0.68272823,0.70250374,0.6984943,0.70254725,2393,4182.797897815704,0.41254976,0.4914638,0.49260005,0.50588495,20.846814356519303,0.0,0.0
26592,304280,0.0,0.098025665,0.0959134,0.09303001,10,0.0,30501,417710,0.72899944,0.5919739,0.600337,0.6091204,0.72899944,0.6899996,0.69625044,0.70215046,2399,4193.441549539566,0.72899944,0.49284044,0.49643466,0.505258,7.545301357534114,0.0,0.0
26625,304610,-0.0061801076,0.11343684,0.10343974,0.09324445,10,0.0,30557,418270,0.6812991,0.5855684,0.5939859,0.6090774,0.675119,0.69900525,0.69742566,0.70232177,2404,4203.669358730316,0.42264947,0.48457846,0.48542282,0.50522137,7.358859273508307,0.0,0.0
26664,305000,0.19752082,0.116549134,0.103536755,0.09409079,10,0.0,30637,419070,0.4796559,0.57008755,0.5930307,0.60774976,0.6771767,0.6866367,0.69656736,0.7018406,2410,4214.590440988541,0.4796559,0.48655477,0.4883505,0.5043193,7.208398533332989,0.0,0.0
26699,305350,0.33332777,0.17165032,0.1228288,0.09538362,10,0.0,30710,419800,0.35577786,0.5354868,0.5743889,0.6063114,0.68910563,0.70713717,0.6972177,0.701695,2416,4225.140453338623,0.35577786,0.47371873,0.48526868,0.50441134,7.165392398947786,0.0,0.0
26737,305730,0.2752012,0.17299028,0.12430668,0.09638295,10,0.0,30793,420630,0.37775755,0.51824933,0.5718437,0.605317,0.65295875,0.6912396,0.6961503,0.7017,2422,4235.999637842178,0.37137458,0.4541742,0.4959513,0.50554717,6.19954495622868,0.0,0.0
26091,299270,0.1382662,0.04796369,0.04796369,0.04796369,10,0.0,29460,407300,0.53717196,0.6506987,0.6506987,0.6506987,0.67543817,0.6986624,0.6986624,0.6986624,2320,4034.098560333252,0.4964087,0.59120333,0.59120333,0.59120333,1.5437141802100838,0.0,0.0
26088,299240,0.2396693,0.0,0.0,0.0,10,0.0,29460,407300,0.44294766,0.70668095,0.70668095,0.70668095,0.68261695,0.70668095,0.70668095,0.70668095,2320,4034.098560333252,0.44294766,0.70668095,0.70668095,0.70668095,1.7629514897730796,0.0,nan
26330,301660,0.33733353,0.09399449,0.08179863,0.08041999,10,0.0,29523,407930,0.40067396,0.6141211,0.61872107,0.62188524,0.7380075,0.7081155,0.70051986,0.7023052,2320,4034.098560333252,0.37852982,0.44513893,0.4940312,0.48531532,60.013965041608955,0.0,0.0
26557,303930,0.29260802,0.0624865,0.068431534,0.08034204,10,0.0,29578,408480,0.43061864,0.65459675,0.6349826,0.62298006,0.72322667,0.7170832,0.703414,0.7033221,2320,4034.098560333252,0.43061864,0.48912382,0.4737403,0.47788662,63.86785155226917,0.0,0.0
26831,306670,0.34261504,0.049545564,0.06556023,0.07941822,10,0.0,29646,409160,0.4137452,0.6550501,0.64015406,0.62400526,0.75636023,0.7045957,0.7057143,0.7034235,2320,4034.098560333252,0.4137452,0.5919195,0.50878537,0.48787913,58.422999777133946,0.0,0.0
27016,308520,0.33935103,0.0969945,0.08229752,0.08062112,10,0.0,29689,409590,0.37892696,0.60433084,0.6186025,0.62246186,0.718278,0.70132524,0.7008999,0.703083,2320,4034.098560333252,0.37892696,0.5507744,0.48692796,0.48645452,7.370039114253684,0.0,0.0
27142,309780,-0.07128507,0.04056279,0.094459735,0.082403116,10,0.0,29722,409920,0.74483955,0.6559426,0.6034971,0.62060666,0.6735545,0.7134013,0.698806,0.7030869,2321,4034.098560333252,0.6726969,0.5407562,0.47757703,0.48684952,53.218563482073975,0.0,0.0
27208,310440,0.322709,0.086242355,0.090109855,0.08279611,10,0.0,29893,411630,0.3987657,0.6168059,0.61367744,0.6198359,0.7214747,0.70304835,0.7037874,0.702632,2328,4049.9603641033173,0.3987657,0.5212369,0.501975,0.48735172,0.8735585090365932,0.0,0.0
27250,310860,0.0,0.08119349,0.08287972,0.08200922,10,0.0,29971,412410,0.69635737,0.61815315,0.61942697,0.6205302,0.69635737,0.69934666,0.7023067,0.70253944,2334,4060.2688937187195,0.69635737,0.5069374,0.51950145,0.49026763,7.666109387854173,0.0,0.0
27284,311200,0.29401085,0.17312202,0.088249415,0.08353171,10,0.0,30053,413230,0.38072172,0.53540146,0.6180742,0.6191767,0.67473257,0.70852345,0.70632356,0.70270836,2340,4070.903511762619,0.38072172,0.47726688,0.53697354,0.4920472,6.792894570710138,0.0,0.0
27324,311600,0.020595849,0.08266567,0.08448802,0.08296823,10,0.0,30126,413960,0.69784975,0.63641393,0.6235227,0.62013716,0.7184456,0.71907955,0.7080106,0.70310533,2346,4081.3874247074127,0.5612109,0.53375846,0.5325978,0.49241063,7.486955452273762,0.0,0.0
27364,312000,0.36984843,0.08760559,0.09418187,0.0829354,10,0.0,30210,414800,0.3481003,0.6424975,0.61429465,0.6204221,0.71794873,0.710151,0.70559067,0.7032207,2352,4092.5046303272247,0.3481003,0.4533654,0.5111414,0.49318224,7.126627629941085,0.0,0.0
27404,312400,0.2316525,0.1243072,0.07953447,0.08234767,10,0.0,30283,415530,0.49038666,0.55502254,0.62641,0.6208578,0.72203916,0.67932975,0.70594454,0.70320547,2358,4102.783134222031,0.33025017,0.44467384,0.50714433,0.49502155,7.614365599940019,0.0,0.0
27437,312730,-0.0923692,0.07834988,0.08740921,0.08254631,10,0.0,30361,416310,0.75164557,0.6209669,0.61344415,0.6205805,0.65927637,0.6993168,0.70085335,0.70312685,2364,4113.171824216843,0.35798687,0.49814016,0.50334364,0.49743786,6.107893640066975,0.0,0.0
27479,313150,0.0048152804,0.14445376,0.102086306,0.08393457,10,0.0,30443,417130,0.72288805,0.586836,0.5971214,0.6183789,0.72770333,0.69729537,0.6963138,0.7021908,2370,4123.689366102219,0.36488923,0.5040612,0.5079017,0.49814466,6.985574850821986,0.0,0.0
27513,313490,0.4524358,0.17722242,0.113500595,0.08492936,10,0.0,30514,417840,0.3129676,0.56694907,0.58979404,0.61814904,0.7654034,0.7004806,0.6996344,0.7025291,2375,4135.025528669357,0.3129676,0.4084136,0.500523,0.49902117,7.177258944399953,0.0,0.0
27539,313750,0.31129566,0.12353269,0.10897812,0.08504646,10,0.0,30583,418530,0.34731957,0.57191056,0.5943796,0.6176129,0.65861523,0.6954433,0.70335776,0.70265937,2380,4146.733198404312,0.34731957,0.500733,0.5064966,0.4997183,4.403550133839744,0.0,0.0
27565,314010,0.3087678,0.15242127,0.111465,0.08718831,10,0.0,30641,419110,0.3745662,0.555861,0.5987863,0.61601746,0.683334,0.7082823,0.7102514,0.7032058,2384,4157.132288455963,0.3745662,0.48863226,0.5003923,0.50073504,4.749195220350536,0.0,0.0
27597,314330,0.3861109,0.1371441,0.11447743,0.08859934,10,0.0,30708,419780,0.37810022,0.57593095,0.5950835,0.6146273,0.7642111,0.71307504,0.70956093,0.7032267,2389,4167.810420513153,0.37810022,0.5314251,0.49769893,0.5019226,5.287551882075717,0.0,0.0
27635,314710,0.32307267,0.15541169,0.12399694,0.089272544,10,0.0,30780,420500,0.34319603,0.55654263,0.582047,0.61416614,0.6662687,0.71195436,0.70604396,0.7034387,2394,4178.273012161255,0.34319603,0.47464848,0.5026226,0.5034533,5.987984354134051,0.0,0.0
27661,314970,0.35246274,0.17773762,0.13142124,0.09130708,10,0.0,30843,421130,0.35210624,0.5354289,0.5753394,0.6125274,0.704569,0.71316653,0.7067606,0.7038345,2399,4188.977758646011,0.35210624,0.42475972,0.49557513,0.5023241,4.851215312536614,0.0,0.0
27690,315260,0.3604331,0.14948454,0.14574283,0.09338527,10,0.0,30897,421670,0.37051272,0.56613535,0.5620226,0.6103335,0.7309458,0.7156199,0.7077655,0.7037187,2403,4198.464488744736,0.37051272,0.49796176,0.48982733,0.5017294,16.40113149438124,0.0,0.0
27723,315590,0.41298512,0.16921648,0.14899297,0.09544262,10,0.0,30969,422390,0.30006245,0.5167033,0.5596707,0.6080138,0.71304756,0.68591976,0.7086637,0.7034564,2408,4209.8467519283295,0.30006245,0.4018093,0.47806796,0.49983263,5.127085416748415,0.0,0.0
27755,315910,0.23905507,0.12827528,0.1438727,0.09707783,10,0.0,31042,423120,0.42172745,0.59541446,0.5615653,0.60666066,0.6607825,0.72368973,0.7054379,0.7037384,2413,4221.749507427216,0.3761307,0.49933243,0.48167852,0.49805188,5.108410667449396,0.0,0.0
27785,316210,0.21174085,0.14655498,0.12878338,0.099003956,10,0.0,31109,423790,0.4321167,0.58082545,0.5781384,0.60482156,0.64385754,0.72738045,0.70692176,0.7038255,2418,4232.754502773285,0.32906646,0.46194515,0.4831549,0.49710226,4.705547105855132,0.0,0.0
27811,316470,0.22786462,0.17926362,0.13931824,0.101626776,10,0.0,31167,424370,0.41966373,0.51268303,0.56449705,0.601871,0.64752835,0.6919467,0.7038153,0.7034978,2422,4242.376254320145,0.41966373,0.4626019,0.47006848,0.49603823,16.373606597374714,0.0,0.0
27840,316760,0.34622717,0.17401585,0.13689359,0.10315189,10,0.0,31226,424960,0.40431625,0.5513254,0.5709548,0.6007063,0.7505434,0.72534126,0.7078484,0.70385814,2426,4253.050206661224,0.32966936,0.51550394,0.47315267,0.49524918,5.293100941735183,0.0,0.0
27861,316970,0.32924387,0.06437578,0.13116287,0.104360215,10,0.0,31281,425510,0.36159882,0.6469031,0.5787194,0.599379,0.6908427,0.7112789,0.7098822,0.7037393,2430,4263.70569062233,0.36159882,0.60352796,0.4836476,0.4948924,4.805699508580084,0.0,0.0
27891,317270,0.23562956,0.13743757,0.12986489,0.105336264,10,0.0,31338,426080,0.46799558,0.5940737,0.57948595,0.5985923,0.70362514,0.73151124,0.70935076,0.7039286,2434,4273.183784723282,0.46799558,0.5452727,0.5063059,0.49749783,12.39101483150741,0.0,0.0
27920,317560,0.30071807,0.117636606,0.12156608,0.10537954,10,0.0,31402,426720,0.41747123,0.5719352,0.5870065,0.5986278,0.7181893,0.6895718,0.7085726,0.7040073,2439,4286.545924663544,0.32200733,0.48400408,0.521174,0.49929228,4.316629954643679,0.0,0.0
27952,317880,0.3414628,0.11645907,0.11387236,0.10697142,10,0.0,31473,427430,0.35543996,0.59473056,0.59392846,0.5976282,0.69690275,0.7111897,0.70780075,0.7045996,2444,4297.781274318695,0.35543996,0.5618464,0.53866965,0.5025659,4.833452720412056,0.0,0.0
27985,318210,0.30421486,0.09652928,0.123834155,0.10725783,10,0.0,31544,428140,0.4197704,0.59781,0.58480924,0.5975241,0.72398525,0.6943393,0.70864326,0.704782,2449,4308.687021255493,0.29865423,0.47848707,0.5252817,0.50279105,5.168100811323161,0.0,0.0
28009,318450,0.37132236,0.08552221,0.11998695,0.109021224,10,0.0,31599,428690,0.33930883,0.6145703,0.58828706,0.5957905,0.7106312,0.7000926,0.708274,0.70481175,2453,4319.204770326614,0.33930883,0.5255744,0.5156641,0.5025143,5.116355096637698,0.0,0.0
28033,318690,0.32174292,0.1339493,0.119394496,0.10978897,10,0.0,31659,429290,0.37168518,0.56331486,0.59196466,0.59551793,0.6934281,0.69726413,0.711359,0.70530695,2457,4330.38884305954,0.37168518,0.49865994,0.52963334,0.50371164,3.80269797914035,0.0,0.0
28059,318950,0.25466657,0.10685102,0.12068639,0.11210297,10,0.0,31714,429840,0.45536286,0.61460376,0.58591336,0.5929965,0.7100294,0.72145474,0.70659965,0.70509934,2461,4340.2112374305725,0.45536286,0.55825317,0.51550627,0.5034692,18.753614414465975,0.0,0.0
28092,319280,0.11025089,0.12321279,0.12459761,0.11279757,10,0.0,31785,430550,0.57179993,0.6036691,0.5835424,0.5926332,0.6820508,0.72688186,0.70814,0.70543087,2466,4351.1998546123505,0.4921435,0.5260722,0.51485354,0.50504035,4.733846524559986,0.0,0.0
28122,319580,0.36109337,0.10001335,0.11973513,0.112476654,10,0.0,31851,431210,0.3655043,0.5935272,0.5832211,0.5932343,0.72659767,0.69354045,0.7029561,0.70571095,2471,4362.4138214588165,0.33074665,0.5354232,0.5148012,0.5076909,4.977851708273933,0.0,0.0
28156,319920,0.0012892485,0.15690024,0.12814486,0.11467583,10,0.0,31915,431850,0.66521835,0.54628766,0.5778332,0.5909346,0.6665076,0.703188,0.7059781,0.70561033,2476,4372.396050453186,0.41163325,0.4557539,0.5030943,0.5056982,5.793074338789349,0.0,0.0
28194,320300,0.30140355,0.1459233,0.12750927,0.115911245,10,0.0,31994,432640,0.39368388,0.542348,0.57490057,0.58980894,0.69508743,0.6882714,0.70241,0.7057203,2482,4383.190941572189,0.39368388,0.4246934,0.48903596,0.50547427,6.496968765693286,0.0,0.0
28231,320670,0.26843628,0.17336491,0.13532265,0.11775138,10,0.0,32068,433380,0.43567994,0.5306395,0.56807184,0.5881788,0.7041162,0.70400447,0.70339453,0.7059303,2488,4393.800947904587,0.4200459,0.44419494,0.4672914,0.5019561,6.393016417765079,0.0,0.0
28270,321060,0.34100884,0.14961712,0.13841182,0.120873585,10,0.0,32152,434220,0.357356,0.5511525,0.56618756,0.5849402,0.69836485,0.7007697,0.70459956,0.7058137,2494,4404.676254034042,0.28765738,0.4556044,0.4612598,0.4994148,5.913483018861008,0.0,0.0
28311,321470,0.26517606,0.23393461,0.13976693,0.1217456,10,0.0,32228,434980,0.4360026,0.4696323,0.5653657,0.58413076,0.70117867,0.7035669,0.7051326,0.70587635,2500,4416.248130559921,0.34928286,0.42526063,0.47524688,0.49852726,5.270788164482414,0.0,0.0
28351,321870,0.30439058,0.14790975,0.14762525,0.12540942,10,0.0,32300,435700,0.38605306,0.5522727,0.5575374,0.5802546,0.69044363,0.70018244,0.70516264,0.70566404,2506,4427.42391037941,0.33109033,0.4052682,0.47198075,0.4956957,8.650940860852668,0.0,0.0
28386,322220,0.21999756,0.14510688,0.14938703,0.12747112,10,0.0,32378,436480,0.48097375,0.5607952,0.5541304,0.5779056,0.7009713,0.705902,0.7035174,0.7053767,2512,4438.0594227313995,0.33967286,0.49163085,0.4783866,0.49563015,6.023702427114749,0.0,0.0
28426,322620,0.45243388,0.091176264,0.1475274,0.1287063,10,0.0,32459,437290,0.29325002,0.59903485,0.55386835,0.57694227,0.7456839,0.6902111,0.70139575,0.70564854,2518,4448.787237882614,0.27708352,0.52955085,0.4726107,0.49471426,7.823696434227329,0.0,0.0
28463,322990,0.27469298,0.094588384,0.12799527,0.12922956,10,0.0,32531,438010,0.44531134,0.6175061,0.57306886,0.5766804,0.7200043,0.7120945,0.70106417,0.70590997,2524,4459.1946449279785,0.31634858,0.48304304,0.49076062,0.4937104,6.101343623888884,0.0,0.0
28505,323410,0.27937952,0.17028192,0.12046188,0.13061199,10,0.0,32608,438780,0.4967138,0.51736104,0.5804939,0.57527417,0.7760933,0.68764293,0.7009558,0.70588624,2530,4469.670728445053,0.33141935,0.4538383,0.5010802,0.4935835,7.684232800355421,0.0,0.0
28535,323710,0.35592738,0.08113398,0.117709324,0.13094687,10,0.0,32678,439480,0.35207328,0.60432255,0.58575314,0.5746379,0.70800066,0.6854566,0.7034624,0.70558476,2535,4479.977419376373,0.342925,0.53556126,0.5178982,0.4949209,4.366530440235963,0.0,0.0
28563,323990,0.24346867,0.09882009,0.12022433,0.13015483,10,0.0,32740,440100,0.44319233,0.6085364,0.58292055,0.5751632,0.686661,0.7073566,0.70314485,0.70531803,2539,4489.723082065582,0.37069356,0.46360603,0.5036718,0.49433282,10.110720516212018,0.0,0.0
28584,324200,0.35548013,0.12377733,0.1240027,0.13133901,10,0.0,32789,440590,0.35752338,0.59108657,0.5786707,0.57405764,0.7130035,0.7148639,0.70267344,0.7053966,2543,4500.574099779129,0.35752338,0.5195621,0.49909452,0.4940416,12.047103806396336,0.0,0.0
28612,324480,0.2982121,0.1453713,0.13067618,0.1322174,10,0.0,32848,441180,0.3766545,0.5566126,0.5744856,0.5734252,0.6748666,0.70198387,0.7051618,0.7056426,2547,4511.120127439499,0.29728872,0.47080064,0.49264243,0.49323413,16.69657155936825,0.0,0.0
28643,324790,0.31259015,0.10720124,0.1245301,0.13085955,10,0.0,32924,441940,0.3750116,0.5939883,0.58411133,0.5748099,0.68760175,0.7011896,0.7086414,0.70566946,2552,4524.270792722702,0.32053024,0.45880565,0.4873131,0.49315846,3.1648563124309246,0.0,0.0
28670,325060,0.28573018,0.06987884,0.120892994,0.12971258,10,0.0,32986,442560,0.41766322,0.6400217,0.5888535,0.57579446,0.7033934,0.70990044,0.7097464,0.7055071,2556,4535.320670366287,0.40637928,0.56055045,0.5080857,0.49481422,5.484210632295161,0.0,0.0
28696,325320,0.27213898,0.15191634,0.11870395,0.12954418,10,0.0,33042,443120,0.46093342,0.54625094,0.5855859,0.5756788,0.7330724,0.69816726,0.70428985,0.705223,2560,4545.666770219803,0.46093342,0.46611595,0.4993993,0.49446368,4.622526028478824,0.0,0.0
28720,325560,0.0011506081,0.14542855,0.11802956,0.12889469,10,0.0,33099,443690,0.65067136,0.5451683,0.5831057,0.57619774,0.651822,0.6905968,0.70113534,0.70509243,2564,4556.024881601334,0.45851725,0.48587656,0.4977963,0.49480364,3.4168583588391117,0.0,0.0
28744,325800,0.31861892,0.1332491,0.12824701,0.1292512,10,0.0,33154,444240,0.37238702,0.5514236,0.5706243,0.5757765,0.69100595,0.6846728,0.6988714,0.7050277,2568,4566.8650686740875,0.35012242,0.4445886,0.48691842,0.49405763,4.379846106662721,0.0,0.0
28772,326080,0.22766227,0.1291813,0.12891956,0.1291315,10,0.0,33209,444790,0.4559732,0.5513706,0.56576556,0.5751761,0.6836355,0.6805519,0.69468516,0.7043077,2572,4576.366624116898,0.3590199,0.48388973,0.4754865,0.49455598,20.475081181669246,0.0,0.0
28796,326320,0.27024895,0.07487533,0.1186532,0.12819491,10,0.0,33263,445330,0.44373083,0.6459368,0.5761361,0.5761513,0.7139798,0.72081214,0.6947892,0.7043462,2576,4587.087925195694,0.42455202,0.5577692,0.49018905,0.49571124,5.498765030703801,0.0,0.0
28823,326590,0.2799444,0.146668,0.1247579,0.12810647,10,0.0,33321,445910,0.41641346,0.55945855,0.5754222,0.57656485,0.69635785,0.7061266,0.70018023,0.70467126,2580,4598.0841546058655,0.31211373,0.49210605,0.4924617,0.49704382,4.669038271205154,0.0,0.0
28848,326840,0.31633696,0.11786623,0.11938942,0.12735622,10,0.0,33375,446450,0.380877,0.58922374,0.58376193,0.57700044,0.69721395,0.70708996,0.70315135,0.7043566,2584,4608.1327402591705,0.36136004,0.5181705,0.5057146,0.4968377,5.533362875884215,0.0,0.0
28872,327080,0.34140217,0.08140888,0.1255342,0.12815227,10,0.0,33436,447060,0.30998975,0.6434602,0.58389914,0.5763961,0.6513919,0.72486913,0.7094334,0.7045485,2588,4619.218199729919,0.30998975,0.5510538,0.50368947,0.49563953,3.796098230543669,0.0,0.0
28896,327320,0.26608106,0.11946154,0.1339111,0.1285051,10,0.0,33497,447670,0.46075174,0.5818836,0.57483804,0.5757933,0.7268328,0.70134515,0.7087492,0.70429844,2592,4630.903394937515,0.3834901,0.46297556,0.49174088,0.49418885,4.473074978830686,0.0,0.0
28931,327670,0.2361094,0.13970327,0.12536721,0.12858856,10,0.0,33564,448340,0.4180905,0.56326896,0.58095443,0.5758415,0.6541999,0.70297223,0.7063217,0.70443004,2597,4641.128657579422,0.3258546,0.4038555,0.47800025,0.4922056,6.81177588510533,0.0,0.0
28972,328080,0.31463623,0.14359583,0.13406986,0.12906037,10,0.0,33646,449160,0.33955926,0.56889397,0.5719874,0.5748183,0.6541955,0.68750274,0.70187056,0.7038694,2603,4652.242069721222,0.33955926,0.4201808,0.4608416,0.48905492,6.713240867837168,0.0,0.0
29000,328360,0.25812626,0.12493744,0.13201588,0.12946187,10,0.0,33706,449760,0.39107966,0.5721565,0.5679217,0.5741329,0.6492059,0.6970939,0.6999376,0.7035949,2608,4663.110360622406,0.3873561,0.5097697,0.46320805,0.48893854,5.1428792837667965,0.0,0.0
29029,328650,0.26261404,0.086348355,0.13101867,0.12993373,10,0.0,33765,450350,0.41677627,0.60511875,0.5710404,0.5734013,0.6793903,0.69146717,0.70205903,0.703335,2612,4671.937982797623,0.31440818,0.55268854,0.4799632,0.487074,13.352735950479394,0.0,0.0
29064,329000,0.30876386,0.12152932,0.12856942,0.12972024,10,0.0,33837,451070,0.395154,0.57624316,0.57133824,0.5737781,0.70391786,0.6977725,0.6999078,0.70349836,2618,4684.487622022629,0.3835602,0.49794626,0.47673503,0.48601425,6.323575018412271,0.0,0.0
29092,329280,0.29996037,0.13706821,0.13462521,0.1305867,10,0.0,33901,451710,0.43174636,0.5887095,0.5720051,0.5730225,0.73170674,0.7257776,0.7066304,0.7036091,2622,4694.083516597748,0.41212317,0.5088495,0.4752241,0.48457012,14.042632404323506,0.0,0.0
29127,329630,0.0,0.13836983,0.13515404,0.13128112,10,0.0,33961,452310,0.72838604,0.5627547,0.5688586,0.5722584,0.72838604,0.7011244,0.70401275,0.70353955,2627,4704.650267601013,0.72838604,0.4422102,0.4661672,0.4824682,6.523827899770532,0.0,0.0
29164,330000,0.27824557,0.1701009,0.13755675,0.13100535,10,0.0,34042,453120,0.46459168,0.55442154,0.57077295,0.57297355,0.74283725,0.7245224,0.7083298,0.70397896,2633,4715.823930025101,0.4309663,0.49726802,0.48550117,0.48479742,7.816815745064292,0.0,0.0
29199,330350,0.19725835,0.066847704,0.12514256,0.13029742,10,0.0,34120,453900,0.5464422,0.65429384,0.5824446,0.5738556,0.74370056,0.7211415,0.7075871,0.704153,2639,4726.874821662903,0.42332175,0.54015267,0.4974965,0.4855508,6.135113372158931,0.0,0.0
29229,330650,0.35906842,0.10333083,0.12049859,0.13005936,10,0.0,34186,454560,0.3860133,0.59965026,0.5854818,0.573788,0.7450817,0.70298105,0.70598036,0.70384735,2644,4737.693465948105,0.3860133,0.46818638,0.49459878,0.48571253,5.279361709251354,0.0,0.0
29262,330980,0.2963033,0.12459552,0.13018031,0.13047884,10,0.0,34249,455190,0.40794095,0.58917487,0.5758354,0.57343197,0.70424426,0.7137704,0.7060157,0.7039108,2649,4747.7234852313995,0.40794095,0.4782072,0.47865131,0.48525622,5.888506115375468,0.0,0.0
29294,331300,0.32092708,0.12042246,0.13098279,0.13011776,10,0.0,34315,455850,0.36775726,0.56767714,0.57166135,0.5735082,0.68868434,0.68809956,0.70264405,0.703626,2654,4759.213655471802,0.36775726,0.47082338,0.4753948,0.4853076,4.782711966027646,0.0,0.0
29325,331610,0.0,0.2064482,0.1411447,0.1303417,10,0.0,34371,456410,0.64540863,0.49478674,0.560907,0.5732085,0.64540863,0.70123494,0.70205176,0.7035502,2658,4769.480502843857,0.64540863,0.4705016,0.47367778,0.48538768,5.3351147984136755,0.0,0.0
29348,331840,0.2626353,0.14350884,0.13064574,0.12876992,10,0.0,34425,456950,0.40422457,0.5637459,0.56980795,0.5745651,0.66685987,0.7057675,0.70104134,0.70339066,2662,4779.9924659729,0.3556976,0.4978451,0.48756936,0.4868269,5.672636072537397,0.0,0.0
29376,332120,0.36106756,0.16082284,0.13654226,0.12830228,10,0.0,34504,457740,0.36154798,0.5329858,0.55995405,0.5748957,0.72261554,0.6938087,0.69649637,0.703198,2667,4792.094069719315,0.36154798,0.44785118,0.46903023,0.48586842,3.7395627043727067,0.0,0.0
29403,332390,0.24683952,0.09075095,0.13160703,0.12702101,10,0.0,34560,458300,0.46035022,0.61310875,0.5671634,0.5760239,0.70718974,0.7038597,0.69877034,0.70304483,2671,4802.548417568207,0.37733456,0.5525323,0.47747716,0.486427,4.4654325619504585,0.0,0.0
29432,332680,0.3429792,0.12861161,0.13467312,0.12862471,10,0.0,34613,458830,0.4289934,0.6009394,0.5660584,0.5747732,0.7719726,0.72955096,0.7007315,0.70339787,2675,4812.26682305336,0.36774448,0.49103966,0.46721244,0.4854621,5.149817013030401,0.0,0.0
29460,332960,0.3237173,0.16317458,0.1462946,0.13016112,10,0.0,34664,459340,0.37764335,0.535367,0.555531,0.5731986,0.70136064,0.6985417,0.7018256,0.7033597,2679,4822.908712387085,0.37764335,0.49858722,0.47039506,0.4848742,4.994263086426162,0.0,0.0
29484,333200,0.2819318,0.09432031,0.13564296,0.12976278,10,0.0,34721,459910,0.39256856,0.61112463,0.56848407,0.5734401,0.67450035,0.70544493,0.70412695,0.7032029,2683,4832.601702451706,0.39256856,0.51755655,0.48227695,0.48369795,13.209391152301997,0.0,0.0
29512,333480,0.23134384,0.11279507,0.1374248,0.12952572,10,0.0,34790,460600,0.45828512,0.6032968,0.56949675,0.57393676,0.68962896,0.71609193,0.7069215,0.7034625,2688,4844.157256126404,0.45828512,0.5275065,0.48778805,0.48427925,4.846786659660867,0.0,0.0
29547,333830,0.19632584,0.15387337,0.12314494,0.12997046,10,0.0,34859,461290,0.52251285,0.54980594,0.5841143,0.57373655,0.7188387,0.7036794,0.7072594,0.7037071,2693,4856.141746520996,0.34897178,0.5074291,0.50861675,0.48419067,4.8160536345938905,0.0,0.0
29574,334100,0.0,0.17969312,0.11835727,0.129587,10,0.0,34916,461860,0.77206343,0.5046307,0.58977336,0.5742887,0.77206343,0.6843238,0.70813066,0.7038757,2697,4867.815420627594,0.77206343,0.41887712,0.51983005,0.48654443,3.830219078313719,0.0,0.0
29596,334320,0.32966048,0.07784632,0.11591022,0.12853754,10,0.0,34981,462510,0.41225243,0.61150163,0.5884683,0.574813,0.7419129,0.68934804,0.7043786,0.7033505,2701,4880.32951426506,0.4002211,0.5585857,0.52352,0.48639446,4.5953463055721055,0.0,0.0
29632,334680,0.27537632,0.11141388,0.10976799,0.12781629,10,0.0,35051,463210,0.40682983,0.60413045,0.59369254,0.5753664,0.68220615,0.71554434,0.70346045,0.7031827,2706,4892.639713525772,0.40682983,0.55619633,0.5271639,0.4884463,3.6723866173711786,0.0,0.0
29660,334960,0.26951477,0.08588102,0.10656925,0.1277544,10,0.0,35121,463910,0.45878842,0.6137556,0.5924406,0.5753124,0.7283032,0.6996366,0.69900995,0.7030668,2711,4904.7776300907135,0.44581023,0.5258237,0.5244902,0.4885117,4.955823817045286,0.0,0.0
29692,335280,0.2411145,0.11067091,0.10212026,0.12703297,10,0.0,35190,464600,0.4328329,0.5939689,0.60067236,0.5762566,0.6739474,0.7046398,0.70279264,0.70328957,2716,4916.9463357925415,0.4328329,0.5349995,0.5316387,0.48949414,4.657067481501879,0.0,0.0
29719,335550,0.15957874,0.134281,0.110832416,0.12665503,10,0.0,35238,465080,0.512554,0.58878624,0.59416044,0.5768088,0.67213273,0.7230673,0.7049928,0.70346385,2720,4927.031740427017,0.4931902,0.48589784,0.5281056,0.49084532,4.057736809925159,0.0,0.0
29748,335840,0.012961507,0.11558409,0.10122943,0.12524785,10,0.0,35303,465730,0.7001176,0.5913231,0.6016941,0.57832676,0.7130791,0.70690715,0.7029236,0.7035746,2724,4937.225150585175,0.50664824,0.5103947,0.52456343,0.493177,4.916294835814804,0.0,0.0
29771,336070,0.18791026,0.06177504,0.09890781,0.12500195,10,0.0,35359,466290,0.50083977,0.6398779,0.6036321,0.578861,0.68875,0.70165294,0.70254,0.70386297,2728,4947.791542768478,0.4510462,0.5687793,0.5364889,0.4939746,4.140497816820634,0.0,0.0
29794,336300,0.09393239,0.085830614,0.10141874,0.12517391,10,0.0,35421,466910,0.597598,0.62303495,0.6030664,0.578882,0.6915304,0.7088655,0.7044851,0.7040558,2732,4959.926394701004,0.47239074,0.5309459,0.5406864,0.49494115,3.3716121030011523,0.0,0.0
29825,336610,0.20928389,0.05907734,0.086331345,0.122614615,10,0.0,35476,467460,0.47292477,0.6590835,0.6223021,0.581708,0.68220866,0.7181608,0.7086334,0.70432264,2736,4970.217410087585,0.4255987,0.5530314,0.5544877,0.4973452,5.216188113400217,0.0,0.0
29847,336830,-0.013817489,0.012908274,0.076469906,0.120855376,10,0.0,35533,468030,0.6644985,0.68305194,0.6326612,0.583294,0.650681,0.69596016,0.70913124,0.70414937,2740,4980.700783491135,0.47523096,0.60603774,0.5673387,0.49921408,3.918143820019834,0.0,0.0
29872,337080,-0.0034858584,0.0037081062,0.051532403,0.11762757,10,0.0,35591,468610,0.7087208,0.68028945,0.6531998,0.58592874,0.70523494,0.68399763,0.7047321,0.7035563,2744,4991.93438243866,0.70523494,0.66024506,0.5951248,0.5035318,4.122980154017633,0.0,0.0
29896,337320,0.043174744,-0.0053436933,0.027474651,0.114408925,10,0.0,35647,469170,0.6809302,0.70154274,0.678034,0.589244,0.72410494,0.69619906,0.7055085,0.7036529,2748,5002.28045964241,0.6809302,0.676044,0.62882143,0.50833195,3.660732793468204,0.0,0.0
29930,337660,-1.2814999e-05,-0.0062049804,0.009151584,0.11065042,10,0.0,35719,469890,0.7040301,0.6974963,0.688071,0.59271896,0.7040173,0.69129133,0.69722253,0.7033693,2753,5013.984045982361,0.68446285,0.6663625,0.6488592,0.51464427,4.878112435249612,0.0,0.0
29966,338020,-0.010240793,0.0067503927,0.0031844168,0.10595087,10,0.0,35775,470450,0.70089614,0.7100044,0.6947921,0.59725416,0.69065535,0.71675473,0.69797647,0.703205,2758,5023.6404049396515,0.69065535,0.65002584,0.6575832,0.52127236,30.10331564634541,0.0,0.0
30002,338380,0.12791085,-0.0032402216,0.0009117562,0.10068547,10,0.0,35859,471290,0.5636789,0.7209103,0.6986804,0.60303473,0.6915898,0.7176701,0.69959205,0.7037202,2764,5034.849229335785,0.5636789,0.65319824,0.65400124,0.5282125,6.180771060880309,0.0,0.0
30043,338790,-0.05043316,-0.019801682,-0.0022609662,0.09532671,10,0.0,35930,472000,0.6965965,0.7261157,0.7083419,0.60841334,0.64616334,0.7063141,0.7060809,0.7037401,2770,5045.817229270935,0.64616334,0.6841864,0.66396815,0.53610855,6.47705037294389,0.0,0.0
30078,339140,0.015113771,0.053544022,-0.00046267777,0.09091102,10,0.0,36005,472750,0.69967544,0.6535293,0.70577097,0.6127607,0.7147892,0.70707333,0.70530814,0.70367175,2776,5056.558585166931,0.69967544,0.6311182,0.66965646,0.54368883,7.61682415255353,0.0,0.0
30115,339510,0.004441023,-0.007666516,0.002401321,0.08548728,10,0.0,36084,473540,0.7509501,0.72960055,0.7033628,0.6182188,0.7553911,0.7219341,0.70576406,0.7037059,2782,5067.492707967758,0.7509501,0.64625674,0.6555462,0.54997313,7.003651352980986,0.0,0.0
30152,339880,0.0,0.060028363,0.0142703485,0.0821052,10,0.0,36155,474250,0.6835637,0.64230376,0.6923352,0.6215785,0.6835637,0.70233214,0.70660555,0.7036837,2787,5078.844877719879,0.6835637,0.5466026,0.6298227,0.55348617,5.656250830204348,0.0,0.0
30184,340200,0.15321434,0.041442044,0.022585819,0.078839764,10,0.0,36227,474970,0.5909226,0.6630659,0.6822264,0.6244285,0.7441369,0.70450795,0.7048122,0.70326835,2793,5090.111857175827,0.53373253,0.51652235,0.60667235,0.5563027,7.340084298100624,0.0,0.0
30226,340620,0.21274355,0.09929316,0.04004437,0.075972036,10,0.0,36306,475760,0.4676074,0.58691347,0.6598024,0.6270737,0.68035096,0.68620664,0.6998468,0.7030458,2799,5100.964913368225,0.4178073,0.55073977,0.5886652,0.56057984,7.155532323465306,0.0,0.0
30266,341020,-0.00022268295,0.06396761,0.055973817,0.073301286,10,0.0,36390,476600,0.7020065,0.6382783,0.64299303,0.62927365,0.70178384,0.70224583,0.698967,0.70257497,2805,5111.662590742111,0.70178384,0.5548059,0.5701487,0.563617,7.56484072150436,0.0,0.0
30304,341400,0.027159631,0.06888679,0.06507863,0.07090694,10,0.0,36461,477310,0.63887686,0.642657,0.6352261,0.6322688,0.6660365,0.7115438,0.70030475,0.7031757,2811,5122.20300078392,0.63887686,0.57030123,0.5660796,0.5672658,7.484374333632936,0.0,0.0
30337,341730,0.12323302,0.029234301,0.048338488,0.066648126,10,0.0,36541,478110,0.6093653,0.670958,0.6560102,0.63670665,0.7325983,0.7001923,0.7043486,0.7033548,2817,5132.936985731125,0.48809713,0.5929296,0.56710666,0.57059926,5.634127171866439,0.0,0.0
30380,342160,0.23673004,0.025926406,0.03485476,0.06253274,10,0.0,36616,478860,0.42341942,0.6739019,0.6704395,0.6411541,0.66014946,0.69982827,0.70529425,0.7036869,2823,5143.182425498962,0.38517433,0.63781834,0.58138716,0.57580984,7.600779594273915,0.0,0.0
30416,342520,-0.08575982,0.015747666,0.026431452,0.058236543,10,0.0,36695,479650,0.7489749,0.70726144,0.68021804,0.64577913,0.6632151,0.72300905,0.70664954,0.7040156,2829,5153.740983963013,0.47789246,0.6230098,0.5993061,0.58126044,8.067986227326061,0.0,0.0
30456,342920,0.0069716573,0.06635137,0.03540821,0.054009974,10,0.0,36772,480420,0.74058676,0.63968205,0.66756445,0.649705,0.7475584,0.70603347,0.70297265,0.703715,2835,5164.514016151428,0.74058676,0.5864575,0.6089263,0.5859281,5.267293907260151,0.0,0.0
30494,343300,0.21353987,0.020997271,0.023884082,0.049991284,10,0.0,36845,481150,0.45718053,0.67549473,0.68114114,0.6536775,0.6707204,0.696492,0.7050252,0.70366883,2841,5174.7198367118835,0.45718053,0.5680664,0.60232824,0.58956236,6.9521551030407425,0.0,0.0
30530,343660,0.037201643,0.027511835,0.022995234,0.046056654,10,0.0,36921,481910,0.6872796,0.6799377,0.6827878,0.6575277,0.7244812,0.7074496,0.705783,0.7035844,2847,5184.738078355789,0.6821507,0.562673,0.5971638,0.5929345,21.624169883333842,0.0,0.0
30572,344080,-0.07591921,0.009504318,0.019257955,0.041405577,10,0.0,36996,482660,0.7385113,0.7060152,0.6857189,0.6621393,0.6625921,0.7155196,0.70497686,0.7035448,2853,5195.016830921173,0.6625921,0.67395204,0.59897673,0.5967856,23.90103386988044,0.0,0.0
30602,344380,-0.009401441,0.024366235,0.024092374,0.039567918,10,0.0,37069,483390,0.7439588,0.6894127,0.6837926,0.6644264,0.73455733,0.713779,0.7078849,0.7039943,2858,5205.378440618515,0.6409117,0.60105693,0.6094503,0.59935087,15.05519659175628,0.0,0.0
30638,344740,0.023591816,0.07370104,0.022847507,0.037383195,10,0.0,37135,484050,0.72901803,0.6279622,0.6814768,0.66643256,0.75260985,0.70166326,0.70432425,0.7038157,2863,5216.2674877643585,0.72901803,0.55708325,0.6074003,0.60041636,5.083613564289294,0.0,0.0
30666,345020,-0.064216554,0.006458527,0.021712115,0.034366563,10,0.0,37207,484770,0.7144749,0.6863854,0.6823706,0.6694391,0.65025836,0.6928439,0.7040827,0.7038056,2868,5227.030509233475,0.5241426,0.6342584,0.6237204,0.6044225,5.074115551036955,0.0,0.0
30695,345310,-0.06578845,0.056215607,0.02473429,0.032383524,10,0.0,37271,485410,0.7219791,0.65205264,0.67528754,0.6712117,0.65619063,0.7082683,0.70002174,0.7035952,2873,5238.036189556122,0.5029903,0.62597024,0.6160279,0.60727966,5.217103595410973,0.0,0.0
30728,345640,0.2759876,0.027102256,0.028974243,0.030118417,10,0.0,37322,485920,0.4660506,0.66167736,0.66854876,0.6732557,0.7420382,0.68877965,0.6975229,0.70337415,2877,5247.6146359443665,0.4660506,0.6010715,0.61460996,0.6092761,4.996247725406878,0.0,0.0
30754,345900,0.1388455,0.040646106,0.031726126,0.027929,10,0.0,37393,486630,0.52170837,0.65664166,0.6668358,0.6755018,0.6605539,0.6972878,0.698562,0.7034308,2882,5259.246207952499,0.5116704,0.5981553,0.6104365,0.6118723,4.622104245030028,0.0,0.0
30783,346190,-0.087738395,0.03901531,0.035784446,0.026089597,10,0.0,37447,487170,0.75409484,0.6736333,0.66483665,0.67710024,0.66635644,0.71264863,0.700621,0.7031898,2886,5268.490995883942,0.5529434,0.6603862,0.6124147,0.6137074,14.451834843418792,0.0,0.0
30818,346540,-0.0021910071,0.045244038,0.030300822,0.024634892,10,0.0,37516,487860,0.68936443,0.6552915,0.6729922,0.6782557,0.6871734,0.7005355,0.70329314,0.7028906,2891,5280.3670036792755,0.6871734,0.6006193,0.625131,0.6160429,5.6553867362342976,0.0,0.0
30842,346780,0.13781047,0.011851233,0.025563093,0.023714928,10,0.0,37576,488460,0.6171691,0.68166167,0.6747568,0.6788768,0.75497955,0.6935129,0.70032,0.7025917,2895,5290.3977262973785,0.6171691,0.6188423,0.62669486,0.6167707,17.895582534938445,0.0,0.0
30871,347070,-0.026105583,0.011318552,0.017793942,0.023413628,10,0.0,37643,489130,0.735272,0.6968864,0.6866122,0.67963415,0.7091664,0.70820487,0.704406,0.70304775,2900,5302.603272199631,0.7091664,0.6057066,0.62784225,0.61627686,4.330824583340648,0.0,0.0
30902,347380,0.0015312433,-0.001609087,0.017824056,0.024333807,10,0.0,37718,489880,0.6898864,0.69754183,0.6826961,0.6784784,0.69141763,0.69593275,0.70052004,0.70281214,2905,5314.259964466095,0.65946907,0.6056606,0.6155767,0.6139292,5.0909322187985735,0.0,0.0
30933,347690,0.19787106,0.05893585,0.018465482,0.025132563,10,0.0,37770,490400,0.48491344,0.64250827,0.68436486,0.6782046,0.6827845,0.7014441,0.7028305,0.70333713,2909,5323.6764550209045,0.48491344,0.5939782,0.6185846,0.6131427,26.16364253348504,0.0,0.0
30956,347920,-0.0051103234,0.03753251,0.024144048,0.025311008,10,0.0,37831,491010,0.72426677,0.66669613,0.6800572,0.6783705,0.71915644,0.7042286,0.7042011,0.7036815,2913,5334.249460935593,0.50590664,0.6270219,0.6157028,0.612787,4.394577187238586,0.0,0.0
30992,348280,-0.04425758,0.014169246,0.024433283,0.026669128,10,0.0,37897,491670,0.7390323,0.7032829,0.68279594,0.67708874,0.69477475,0.7174521,0.7072293,0.7037579,2919,5345.157173156738,0.69219184,0.6219188,0.6174301,0.6108879,6.496166780478157,0.0,0.0
31029,348650,-0.11612165,-0.020113658,0.02261757,0.027242035,10,0.0,37981,492510,0.79301625,0.7402631,0.6846038,0.67619616,0.6768946,0.72014946,0.70722127,0.70343816,2925,5355.509305000305,0.5534286,0.6511236,0.617024,0.6086603,6.62171677272644,0.0,0.0
31068,349040,0.28843018,0.0023941933,0.010633754,0.027768232,10,0.0,38050,493200,0.43244,0.7026859,0.69633025,0.6758179,0.7208702,0.70508003,0.706964,0.70358616,2931,5366.791314840317,0.43244,0.61857677,0.6240572,0.6064576,6.710686689964107,0.0,0.0
31108,349440,0.07803291,0.019393723,0.017859934,0.028307816,10,0.0,38135,494050,0.6535664,0.692793,0.6875807,0.6753107,0.73159933,0.7082197,0.70457804,0.7036636,2937,5377.5698318481445,0.6535664,0.66566575,0.6049021,0.60509545,8.206160435047588,0.0,0.0
31146,349820,-0.057685077,0.058832146,0.035928663,0.030036528,10,0.0,38205,494750,0.7327608,0.6293772,0.66527724,0.67303616,0.6750757,0.68820924,0.7012059,0.70307267,2943,5388.590814828873,0.46056905,0.5672312,0.5938224,0.60371363,5.2305026692460626,0.0,0.0
31178,350140,0.07094228,0.030149106,0.034534995,0.029531254,10,0.0,38269,495390,0.65641135,0.6603497,0.66537356,0.6735959,0.72735363,0.6904988,0.6999084,0.70312715,2948,5398.4653787612915,0.46931043,0.57290125,0.5904065,0.60336745,13.900234437604931,0.0,0.0
31221,350570,0.16713792,0.05567255,0.037531186,0.029726267,10,0.0,38346,496160,0.5253564,0.6562582,0.6641995,0.67350906,0.69249433,0.7119308,0.7017305,0.7032353,2954,5409.0945065021515,0.3897578,0.5993941,0.5947981,0.6042062,8.156092484240768,0.0,0.0
31259,350950,0.09805697,0.08291307,0.04523001,0.02811334,10,0.0,38421,496910,0.6500639,0.64165086,0.66158223,0.6760072,0.74812084,0.7245639,0.7068122,0.7041205,2960,5419.447264432907,0.6500639,0.5972756,0.5965171,0.6059249,7.508917311937991,0.0,0.0
31294,351300,0.22409436,0.01757878,0.051632408,0.02897869,10,0.0,38507,497770,0.46524343,0.6810894,0.6547966,0.67468894,0.6893378,0.6986682,0.706429,0.70366764,2966,5429.744235992432,0.46524343,0.6341447,0.585702,0.6054977,6.524317030204278,0.0,0.0
31335,351710,0.010574102,0.022171427,0.04722949,0.028310342,10,0.0,38584,498540,0.65225494,0.6849326,0.65986425,0.675461,0.66282904,0.707104,0.7070937,0.70377135,2972,5440.360408306122,0.5032804,0.5737748,0.58599764,0.6067428,7.710136072016349,0.0,0.0
31368,352040,0.22295812,0.047343373,0.045891892,0.029685829,10,0.0,38662,499320,0.44167206,0.6553222,0.6550905,0.6737397,0.6646302,0.7026656,0.70098245,0.7034255,2978,5450.713785409927,0.44167206,0.53493166,0.57195014,0.60488856,6.724435330258231,0.0,0.0
31412,352480,0.0,0.031381626,0.0417445,0.029529763,10,0.0,38731,500010,0.68633854,0.6869481,0.6638608,0.6741981,0.68633854,0.7183296,0.7056054,0.7037279,2984,5461.322390556335,0.68633854,0.56063783,0.5610957,0.6028756,7.046013990548543,0.0,0.0
31452,352880,0.29162854,0.10907469,0.054346047,0.03145037,10,0.0,38809,500790,0.3905254,0.6217185,0.6501105,0.6724281,0.68215394,0.6942683,0.70313776,0.70356387,2990,5471.931882858276,0.3905254,0.5562339,0.554155,0.6007683,7.219388971383927,0.0,0.0
31487,353230,0.10462117,0.09589179,0.06828082,0.034245156,10,0.0,38891,501610,0.5414052,0.6064361,0.6353061,0.6692173,0.6460264,0.70232785,0.70358694,0.7034624,2996,5482.075768709183,0.4181839,0.54371434,0.5491138,0.5982543,22.3493221889665,0.0,0.0
31529,353650,0.2861664,0.06979458,0.0824754,0.036145624,10,0.0,38971,502410,0.4010196,0.6298586,0.61614877,0.6668321,0.687186,0.6996532,0.6986242,0.70297766,3003,5493.935002565384,0.4010196,0.5752344,0.5446503,0.5959366,6.847070803930528,0.0,0.0
31570,354060,0.083984375,0.12461014,0.087542735,0.03951634,10,0.0,39056,503260,0.5819417,0.569867,0.61204857,0.6632229,0.6659261,0.69447714,0.6995913,0.70273924,3009,5504.102971076965,0.44130933,0.52440274,0.53619087,0.59317756,7.226948326067853,0.0,0.0
31611,354470,0.045372188,0.06059494,0.07950676,0.04117109,10,0.0,39132,504020,0.6280953,0.65459025,0.62234664,0.6613388,0.6734675,0.71518517,0.7018534,0.7025099,3015,5514.085505485535,0.42465565,0.53832054,0.5366795,0.58990294,7.949570699331462,0.0,0.0
31642,354780,0.18290958,0.05549541,0.07429863,0.04251339,10,0.0,39194,504640,0.46449468,0.6417176,0.6260555,0.6599939,0.64740425,0.69721305,0.70035416,0.7025073,3020,5523.83925819397,0.46449468,0.5407165,0.5384874,0.5876633,25.99081402237254,0.0,0.0
31683,355190,0.23857301,0.04134532,0.06775698,0.044760656,10,0.0,39277,505470,0.47918516,0.66787106,0.63365054,0.658051,0.7177582,0.7092164,0.7014075,0.70281166,3027,5535.707955121994,0.47918516,0.56388146,0.54727644,0.58449864,6.983345246116774,0.0,0.0
31723,355590,0.013529599,0.08166905,0.075534485,0.046265937,10,0.0,39355,506250,0.7101562,0.64582735,0.63116854,0.65717137,0.7236858,0.72749645,0.7067031,0.7034374,3033,5545.898373126984,0.52336043,0.5352669,0.5482216,0.5828215,8.282316068503256,0.0,0.0
31761,355970,0.2692086,0.10987637,0.07952505,0.04822975,10,0.0,39434,507040,0.40320957,0.59862536,0.6255789,0.65515554,0.6724182,0.7085018,0.705104,0.7033852,3039,5555.784118652344,0.40320957,0.53691834,0.54687285,0.5798181,20.258687685745514,0.0,0.0
31805,356410,-0.033857882,0.06113285,0.071431905,0.049789183,10,0.0,39521,507910,0.7504787,0.6537012,0.63171244,0.65352684,0.7166208,0.71483403,0.7031443,0.70331603,3046,5567.204430103302,0.43331042,0.56838286,0.5436317,0.5758799,6.330608279968292,0.0,0.0
31848,356840,-1.5497208e-05,0.030124992,0.06307135,0.051006433,10,0.0,39596,508660,0.7235091,0.66006386,0.6396044,0.6527873,0.7234936,0.7055074,0.7046334,0.7036892,3052,5577.433189868927,0.6382971,0.52276397,0.5454018,0.5731298,7.1826743299139615,0.0,0.0
31887,357230,0.2568335,0.10393737,0.061400358,0.052902702,10,0.0,39672,509420,0.4673261,0.6023453,0.64638436,0.65086436,0.7241596,0.7062826,0.7077847,0.70376706,3058,5587.3275010585785,0.4673261,0.55404246,0.54743785,0.5701798,27.519837911110937,0.0,0.0
31929,357650,0.25415054,0.061389662,0.055909142,0.05435738,10,0.0,39765,510350,0.42578104,0.6426124,0.6488572,0.6492823,0.6799316,0.704002,0.7047664,0.7036396,3065,5599.181858301163,0.42578104,0.5638417,0.54613113,0.5672536,6.568156677235924,0.0,0.0
31969,358050,0.0,0.12203989,0.07621478,0.05675917,10,0.0,39847,511170,0.7128053,0.5865067,0.6248569,0.6468174,0.7128053,0.70508397,0.70103997,0.7035672,3071,5609.127517700195,0.7128053,0.55677325,0.54404044,0.5647616,7.776529783211107,0.0,0.0
32003,358390,0.24116147,0.03684733,0.07804271,0.058664095,10,0.0,39913,511830,0.46156365,0.6709207,0.62535954,0.6446334,0.7027251,0.707768,0.7034021,0.7032975,3077,5619.148076295853,0.46156365,0.5537635,0.5451685,0.56091547,24.305464044833784,0.0,0.0
32046,358820,0.16737449,0.018055355,0.068867415,0.060679533,10,0.0,40003,512730,0.5410362,0.6768292,0.6336834,0.6424475,0.7084107,0.69488454,0.7025507,0.70312697,3083,5629.15154504776,0.5410362,0.59591275,0.5505746,0.5591749,20.392049330208142,0.0,0.0
32090,359260,0.016523361,0.05231052,0.06677297,0.06260561,10,0.0,40088,513580,0.66973114,0.64229286,0.63151956,0.6400608,0.6862545,0.69460344,0.69829255,0.7026664,3090,5640.851027011871,0.42949525,0.60086817,0.55782944,0.5578322,7.749892832330638,0.0,0.0
32124,359600,0.18609256,0.022027206,0.055726804,0.06241995,10,0.0,40167,514370,0.50140035,0.66254735,0.6428511,0.64017016,0.6874929,0.6845746,0.69857794,0.7025901,3096,5652.003487586975,0.50140035,0.6104356,0.5753925,0.55754966,6.452323721954848,0.0,0.0
32164,360000,-0.00014400482,0.034358554,0.048866652,0.0629288,10,0.0,40234,515040,0.6491962,0.65182406,0.6479064,0.6396137,0.6490522,0.68618256,0.69677305,0.7025426,3102,5662.011671066284,0.55203116,0.6175034,0.58152366,0.5581025,6.584026432149571,0.0,0.0
32206,360420,0.15082031,0.007701957,0.042898875,0.06334049,10,0.0,40320,515900,0.5526056,0.7047039,0.65547836,0.6392025,0.70342594,0.7124059,0.69837725,0.70254296,3108,5673.497625589371,0.53925115,0.61736137,0.5907212,0.55681556,5.014630924687592,0.0,0.0
32238,360740,-0.010731459,0.037564594,0.042300202,0.06341195,10,0.0,40384,516540,0.7391916,0.67347205,0.66109574,0.6391879,0.72846013,0.7110367,0.703396,0.7025999,3113,5683.914042234421,0.60186374,0.57575405,0.59435207,0.557735,10.58328764143776,0.0,0.0
32292,361280,0.15513426,0.068900645,0.040491663,0.06244668,10,0.0,40506,517760,0.54976743,0.633721,0.66467786,0.63987905,0.7049017,0.7026216,0.70516944,0.7023257,3122,5694.83918428421,0.54976743,0.59639925,0.59583884,0.5579473,11.94858662795385,0.0,0.0
32344,361800,0.094889164,0.0124642495,0.043011177,0.062787116,10,0.0,40605,518750,0.5686925,0.70163643,0.65937406,0.6393696,0.66358167,0.7141006,0.7023852,0.7021567,3130,5705.170745849609,0.5096794,0.60001606,0.58636737,0.5578857,10.178681890709653,0.0,0.0
32382,362180,0.0853309,0.06958857,0.054957315,0.0632996,10,0.0,40696,519660,0.556976,0.63086987,0.6478056,0.6390571,0.6423069,0.7004584,0.70276284,0.70235676,3136,5716.227803230286,0.49129856,0.5681833,0.5852637,0.5594196,7.234527271535561,0.0,0.0
32423,362590,0.1486919,0.048170626,0.05503547,0.064163856,10,0.0,40766,520360,0.52124053,0.64752585,0.6517171,0.638055,0.6699324,0.6956965,0.70675254,0.7022189,3142,5727.419663906097,0.44155923,0.5605142,0.58207095,0.56028014,7.517837887443504,0.0,0.0
32457,362930,0.18732876,0.089514464,0.06636992,0.06352284,10,0.0,40840,521100,0.5197214,0.6035625,0.6352422,0.638567,0.70705014,0.68859684,0.7018059,0.70207167,3147,5738.146946430206,0.5197214,0.5920515,0.56872535,0.56063867,5.659934387843655,0.0,0.0
32490,363260,0.16765308,0.07701577,0.05774413,0.062772565,10,0.0,40905,521750,0.50375086,0.6238871,0.64228934,0.6392395,0.67140394,0.70090294,0.70003337,0.70201206,3153,5749.656380653381,0.50375086,0.5603246,0.5771012,0.5627968,5.699420696012706,0.0,0.0
32517,363530,0.27143636,0.018801332,0.06551878,0.062134754,10,0.0,40971,522410,0.43595234,0.6900461,0.6357399,0.64030206,0.7073887,0.7088474,0.7012588,0.70243686,3157,5759.123027801514,0.43595234,0.56117404,0.57940525,0.5638335,12.088421808653058,0.0,0.0
32551,363870,0.17518902,0.010697335,0.05441809,0.060076598,10,0.0,41029,522990,0.5238422,0.6793538,0.6466296,0.64207006,0.69903123,0.6900511,0.70104766,0.7021466,3162,5771.111832380295,0.46625283,0.58261263,0.5875332,0.5651013,6.002076676767665,0.0,0.0
32574,364100,0.072797835,0.058261074,0.05161566,0.059316296,10,0.0,41086,523560,0.6159876,0.6549854,0.6497407,0.6429777,0.68878543,0.71324646,0.7013563,0.70229405,3166,5781.325700521469,0.46699116,0.57711005,0.5778875,0.56626755,4.051784897308125,0.0,0.0
32595,364310,-0.000108242035,0.04180599,0.045946974,0.059016068,10,0.0,41132,524020,0.79871815,0.6574903,0.65714693,0.64347094,0.7986099,0.6992963,0.7030939,0.70248705,3169,5791.829532146454,0.5339764,0.604816,0.5872195,0.5676694,3.4313917023606986,0.0,0.0
32619,364550,0.15453821,0.043788694,0.043614622,0.058784544,10,0.0,41179,524490,0.5124296,0.66301,0.65882564,0.64395213,0.6669678,0.7067987,0.7024402,0.7027367,3173,5804.843017101288,0.5124296,0.56054497,0.5808445,0.56794494,3.3041464583992104,0.0,0.0
32641,364770,0.044484437,0.09224887,0.053580455,0.058851823,10,0.0,41222,524920,0.6322173,0.595234,0.64705867,0.6435372,0.6767017,0.68748283,0.7006391,0.70238906,3176,5814.839080810547,0.5688024,0.54034245,0.5724776,0.5680669,4.185820597395259,0.0,0.0
32663,364990,0.17999059,0.07285548,0.056671724,0.05866477,10,0.0,41278,525480,0.583846,0.63365257,0.64784044,0.64383787,0.76383656,0.70650804,0.7045122,0.70250267,3180,5827.8448574543,0.5064089,0.55871266,0.5737113,0.56880075,3.6920783371605572,0.0,0.0
32682,365180,0.013774991,0.094544075,0.061357096,0.058483306,10,0.0,41323,525930,0.753912,0.6067743,0.64149904,0.64403135,0.76768696,0.7013184,0.70285624,0.70251477,3183,5837.796215057373,0.53474075,0.51938385,0.5649257,0.5688789,3.185800350777225,0.0,0.0
32706,365420,0.17557263,0.07501843,0.064466655,0.058380228,10,0.0,41368,526380,0.49126995,0.6462919,0.63997954,0.6441992,0.6668426,0.7213103,0.70444626,0.7025794,3186,5847.430938720703,0.49126995,0.5892552,0.56602925,0.56913084,19.04511603556102,0.0,0.0
32735,365710,0.21792918,0.08005788,0.06750537,0.05822653,10,0.0,41435,527050,0.49080873,0.63067484,0.6401851,0.6443287,0.7087379,0.70645005,0.70771945,0.7025194,3191,107944.25009965897,0.49080873,0.57144433,0.56700027,0.5698042,9.795346185930635e-05,0.0,0.0
32813,366490,-0.0058139563,0.08664886,0.06335955,0.05702919,10,0.0,41642,529120,0.7759632,0.62129354,0.6385851,0.6452923,0.77014923,0.70794237,0.7019446,0.7023214,3203,107954.70281434059,0.43562782,0.56667274,0.5712454,0.57210827,11.658383532462103,0.0,0.0
32883,367190,-0.00026726723,0.058056843,0.06667859,0.05810132,10,0.0,41852,531220,0.7081315,0.6472558,0.6388211,0.64422166,0.7078642,0.7053126,0.70549965,0.702323,3213,107964.1728219986,0.7078642,0.5177806,0.57678515,0.5738267,12.144849700280812,0.0,0.0
32909,367450,0.226937,0.06631928,0.06803416,0.0582313,10,0.0,41947,532170,0.5363348,0.6478342,0.63730437,0.6441897,0.7632718,0.71415347,0.70533854,0.702421,3218,107974.84527826309,0.51006883,0.54886055,0.57206905,0.57452565,4.474844533361101,0.0,0.0
32948,367840,0.0,0.031059852,0.06208862,0.057082303,10,0.0,42027,532970,0.7556232,0.6975893,0.645708,0.6459828,0.7556232,0.7286492,0.7077966,0.7030651,3224,107985.49227118492,0.7556232,0.6651085,0.59149206,0.57816076,9.075533300400666,0.0,0.0
32988,368240,-0.07559353,0.028816622,0.05357089,0.055653278,10,0.0,42124,533940,0.7417467,0.6595741,0.65424746,0.6472154,0.6661532,0.6883907,0.70781827,0.7028687,3231,107995.73784947395,0.52967083,0.57282484,0.6032245,0.58021355,10.587626198562923,0.0,0.0
33034,368700,0.18812233,0.015638972,0.046084166,0.054546602,10,0.0,42221,534910,0.5030152,0.684316,0.6577361,0.64839697,0.69113755,0.699955,0.7038203,0.70294356,3238,108005.54370951653,0.5030152,0.5730797,0.59994376,0.5823717,25.377620545549043,0.0,0.0
33090,369260,0.13498968,0.024658436,0.047261108,0.05396108,10,0.0,42325,535950,0.56747204,0.6796692,0.65979594,0.6497112,0.7024617,0.70432764,0.7070571,0.70367223,3246,108016.74709749222,0.5037247,0.59343624,0.5903588,0.5834771,7.756070941639704,0.0,0.0
33130,369660,0.101189494,0.017118847,0.047336534,0.054471992,10,0.0,42434,537040,0.57581854,0.68547755,0.65932715,0.649531,0.67700803,0.7025963,0.7066637,0.7040029,3253,108027.4999165535,0.53071964,0.64651895,0.5919596,0.5841342,9.530265146660923,0.0,0.0
33178,370140,0.15379357,0.04988826,0.046659384,0.054569457,10,0.0,42519,537890,0.494214,0.6518114,0.6573284,0.6495619,0.6480076,0.7016997,0.70398784,0.7041313,3260,108038.10347294807,0.4899264,0.5957983,0.5973686,0.58433986,9.770141128008456,0.0,0.0
33227,370630,0.22228453,0.04342623,0.044308294,0.054677118,10,0.0,42626,538960,0.4486601,0.66763324,0.65914726,0.64949596,0.67094463,0.71105945,0.7034557,0.704173,3268,108048.73344302177,0.4486601,0.5890211,0.59396094,0.5838284,8.637072388823771,0.0,0.0
33276,371120,0.38578954,0.086911075,0.060921416,0.056338105,10,0.0,42731,540010,0.3504854,0.6139273,0.6441697,0.64782995,0.73627496,0.70083845,0.7050912,0.7041681,3276,108059.26097273827,0.3504854,0.50579727,0.57018065,0.5823423,7.456239543755301,0.0,0.0
33331,371670,0.244356,0.08210665,0.071917765,0.057334624,10,0.0,42828,540980,0.39600715,0.61118096,0.6316551,0.64693713,0.64036316,0.6932877,0.70357287,0.70427173,3284,108069.91306042671,0.39600715,0.5487035,0.5680303,0.5817855,10.302577594721454,0.0,0.0
33380,372160,0.14321446,0.048227448,0.07046072,0.05798361,10,0.0,42930,542000,0.55285305,0.65814257,0.6334627,0.646231,0.6960675,0.70637,0.7039234,0.70421463,3292,108080.2820315361,0.41151825,0.61042345,0.57389665,0.58111656,9.368553025316267,0.0,0.0
33431,372670,0.24300572,0.081127174,0.075105555,0.0588609,10,0.0,43036,543060,0.4227259,0.6250529,0.6313334,0.64549613,0.6657316,0.7061801,0.7064389,0.704357,3300,108091.31660270691,0.4227259,0.5532435,0.5673716,0.580246,8.165023527735318,0.0,0.0
33480,373160,0.2380619,0.10444441,0.088582,0.06075923,10,0.0,43135,544050,0.4457475,0.5957481,0.6156667,0.64394397,0.6838094,0.70019263,0.7042486,0.7047032,3308,108101.82362151146,0.4457475,0.5079165,0.5391011,0.5772875,9.32983330526875,0.0,0.0
33537,373730,0.010537744,0.08259462,0.087495804,0.06206399,10,0.0,43236,545060,0.69647044,0.62975633,0.61542165,0.64252394,0.7070082,0.71235096,0.7029176,0.70458794,3316,108112.11410427094,0.44732332,0.5222018,0.5361713,0.57556665,8.800058243183335,0.0,0.0
33587,374230,0.32701674,0.10518441,0.08757853,0.06480124,10,0.0,43341,546110,0.37626722,0.6063913,0.6152734,0.6397678,0.70328397,0.7115757,0.7028519,0.7045691,3324,108122.71991348267,0.37626722,0.52834576,0.5421915,0.57330114,10.088893207881563,0.0,0.0
33636,374720,0.27241522,0.093718156,0.09012133,0.06588136,10,0.0,43448,547180,0.43770325,0.5965178,0.60858417,0.63852245,0.7101185,0.690236,0.6987056,0.7044038,3332,108133.07137489319,0.38686675,0.53486854,0.53693163,0.5717518,8.978929516872698,0.0,0.0
33690,375260,0.25360048,0.085866764,0.0951076,0.0679303,10,0.0,43541,548110,0.42999125,0.6252543,0.6072643,0.63652354,0.6835917,0.7111211,0.7023719,0.7044539,3340,108143.52971339226,0.42685956,0.52958727,0.5445934,0.57102686,9.919434675773406,0.0,0.0
33740,375760,0.22310749,0.08840662,0.0956595,0.06864967,10,0.0,43647,549170,0.48281732,0.6037718,0.6050139,0.63515157,0.7059248,0.6921784,0.7006735,0.7038013,3348,108154.12779426575,0.42150626,0.5415923,0.5418776,0.5691721,9.107896868904215,0.0,0.0
33792,376280,0.24492103,0.087226786,0.08779921,0.07092225,10,0.0,43754,550240,0.45268178,0.61839914,0.6134873,0.6332086,0.6976028,0.7056259,0.7012865,0.7041309,3356,108164.76321554184,0.4136777,0.5129117,0.53535914,0.56769884,11.16400096886071,0.0,0.0
33843,376790,0.31949377,0.10661949,0.10171905,0.07327633,10,0.0,43846,551160,0.43975443,0.5973746,0.60220087,0.6305759,0.7592482,0.70399415,0.7039198,0.70385224,3364,108175.3874976635,0.41411826,0.5366986,0.5363976,0.5651008,10.401476833220414,0.0,0.0
33890,377260,0.18791345,0.12010703,0.10532236,0.07486672,10,0.0,43937,552070,0.49142286,0.5840972,0.60145855,0.62929666,0.6793363,0.7042042,0.7067809,0.70416325,3371,108185.53708839417,0.41417468,0.48788232,0.5270879,0.5630822,8.61345005485183,0.0,0.0
33932,377680,0.33830816,0.08195488,0.10277571,0.07653912,10,0.0,44031,553010,0.37339586,0.6253779,0.60526544,0.62767434,0.711704,0.7073328,0.70804125,0.7042134,3378,108196.43448066711,0.37339586,0.54317987,0.5347411,0.561065,9.08658690374137,0.0,0.0
33978,378140,0.2839186,0.102323055,0.0965494,0.07825057,10,0.0,44116,553860,0.40591893,0.63761914,0.61270964,0.6258249,0.6898375,0.71155035,0.7076237,0.70400536,3385,108206.95990276337,0.35309902,0.5249409,0.5433687,0.55789137,7.436669663104629,0.0,0.0
34025,378610,0.03200406,0.0866143,0.10560321,0.081643,10,0.0,44210,554800,0.6313427,0.6425858,0.60275,0.6228026,0.66334677,0.7292001,0.7083532,0.70444566,3392,108217.73308444023,0.46225452,0.57948613,0.5317484,0.5544579,8.716673971599501,0.0,0.0
34067,379030,0.19940352,0.12715349,0.108554974,0.08397206,10,0.0,44309,555790,0.5055293,0.5595876,0.5980624,0.62022877,0.7049328,0.68674105,0.70661753,0.7042008,3399,108227.4104180336,0.5055293,0.4748074,0.5223133,0.5515907,16.967880681643493,0.0,0.0
34154,379900,0.21382746,0.060089182,0.0914887,0.08803418,10,0.0,44478,557480,0.49363223,0.65718424,0.6132351,0.616366,0.7074597,0.7172734,0.70472383,0.70440024,3413,108237.7086019516,0.4023242,0.5073834,0.52002585,0.5447557,18.53645946581389,0.0,0.0
34244,380800,0.070115864,0.078113265,0.09741848,0.09236298,10,0.0,44654,559240,0.6046703,0.6474862,0.6119927,0.6125522,0.67478615,0.7255994,0.70941126,0.70491517,3427,108248.1092004776,0.4381372,0.6083247,0.5375625,0.5416112,15.64456221153466,0.0,0.0
34341,381770,0.2257654,0.106988885,0.089791365,0.09399579,10,0.0,44829,560990,0.48309058,0.59384954,0.6119717,0.6105237,0.708856,0.70083845,0.70176315,0.70451945,3441,108258.4018805027,0.48309058,0.5199866,0.5428728,0.5394378,13.181771754396827,0.0,0.0
34396,382320,0.24432465,0.06546576,0.08853094,0.09457875,10,0.0,44931,562010,0.4632207,0.6259321,0.6111414,0.60947925,0.70754534,0.69139785,0.69967234,0.70405805,3450,108268.90904784203,0.4632207,0.5901545,0.5338705,0.5363589,17.690588142007083,0.0,0.0
34469,383050,0.24692255,0.12447593,0.10595362,0.09595677,10,0.0,45073,563430,0.5059405,0.5916092,0.59835035,0.60826904,0.75286305,0.7160851,0.7043039,0.7042258,3462,108279.42503118515,0.5059405,0.5248484,0.5365201,0.5364813,29.49014710959148,0.0,0.0
34541,383770,0.22631794,0.07351465,0.09279639,0.095728174,10,0.0,45223,564930,0.5002211,0.63269675,0.60836154,0.6082935,0.726539,0.70621145,0.7011579,0.70402163,3474,108289.82415103912,0.47459933,0.56161463,0.53881717,0.53695905,19.150831315960335,0.0,0.0
34597,384330,0.31305662,0.070465595,0.09228703,0.095692426,10,0.0,45337,566070,0.34849474,0.62637055,0.6048494,0.60803276,0.66155136,0.6968361,0.6971364,0.7037253,3482,108300.27416825294,0.34849474,0.51555496,0.51659113,0.5351891,9.293276910052075,0.0,0.0
34670,385060,0.06950599,0.102705,0.10907021,0.09650209,10,0.0,45483,567530,0.62770706,0.59053373,0.59220296,0.60729563,0.69721305,0.69323874,0.7012732,0.70379776,3493,108310.08004379272,0.31849134,0.49348912,0.5102726,0.5331558,12.683047194207708,0.0,0.0
34719,385550,0.2995475,0.09411235,0.11023549,0.09819838,10,0.0,45562,568320,0.4317348,0.6147327,0.5902414,0.60564214,0.7312823,0.708845,0.7004768,0.70384055,3501,108320.35965013504,0.38623044,0.51622194,0.50837183,0.5306502,12.588502553984224,0.0,0.0
34794,386300,0.3948341,0.10612764,0.13395853,0.101412475,10,0.0,45710,569800,0.30779082,0.5883895,0.56532675,0.6021338,0.7026249,0.6945172,0.6992852,0.7035463,3513,108331.25661039352,0.30779082,0.5222984,0.4817662,0.52690536,9.344245896705223,0.0,0.0
34847,386830,0.27922258,0.15676314,0.13335365,0.10308164,10,0.0,45815,570850,0.44892886,0.52166784,0.565171,0.60011595,0.72815144,0.6784309,0.69852465,0.7031976,3521,108340.82800459862,0.2969019,0.4383688,0.47721282,0.523739,18.63395550121663,0.0,0.0
34918,387540,0.2531196,0.061716944,0.11773159,0.1030943,10,0.0,45952,572220,0.39958757,0.6412736,0.5849787,0.600364,0.65270716,0.7029906,0.70271033,0.7034583,3532,108352.314483881,0.35792157,0.48882207,0.4860046,0.5214562,10.070045849720382,0.0,0.0
34977,388130,0.36485812,0.06729156,0.091544755,0.102889195,10,0.0,46080,573500,0.31398162,0.6234833,0.613866,0.60020286,0.67883974,0.69077486,0.7054108,0.7030921,3542,108362.89648652077,0.31398162,0.55276924,0.5050183,0.5191846,15.221720553966597,0.0,0.0
35044,388800,0.38635293,0.09556614,0.090102576,0.10198823,10,0.0,46197,574670,0.32701,0.60448074,0.61129975,0.6006118,0.71336293,0.7000469,0.70140237,0.7026001,3552,108373.6419801712,0.32701,0.526151,0.51949847,0.51853424,9.142354938301207,0.0,0.0
35108,389440,0.41922808,0.040747494,0.09558305,0.10193023,10,0.0,46319,575890,0.32718056,0.6667334,0.6056931,0.6004733,0.74640864,0.70748085,0.70127606,0.7024034,3562,108382.98823142052,0.32718056,0.5693375,0.5189631,0.51794916,44.805866002354435,0.0,0.0
35170,390060,0.0011554956,0.120332286,0.09150279,0.10281427,10,0.0,46437,577070,0.66052705,0.5926858,0.6157795,0.5995,0.66168255,0.71301806,0.70728225,0.7023143,3571,108393.8183517456,0.39178422,0.52418613,0.53146344,0.51764345,9.513803655585347,0.0,0.0
35220,390560,0.26130435,0.07908231,0.09314394,0.101857275,10,0.0,46555,578250,0.38223383,0.62277514,0.6119047,0.60030556,0.6435382,0.70185745,0.70504874,0.7021628,3580,108404.59770846367,0.33517343,0.5345251,0.52172935,0.51638466,15.50970691588868,0.0,0.0
35288,391240,-0.023094833,0.07010361,0.0858224,0.10122915,10,0.0,46681,579510,0.7642989,0.63566947,0.62155974,0.60101247,0.7412041,0.705773,0.707382,0.7022416,3590,108414.11747455597,0.38587794,0.47109762,0.52157724,0.5154752,23.02941720689998,0.0,0.0
35342,391780,0.07258868,0.12100534,0.102092884,0.10303199,10,0.0,46771,580410,0.5846016,0.5779052,0.6000652,0.59926975,0.65719026,0.6989106,0.70215815,0.7023018,3598,108424.4902689457,0.5846016,0.54019076,0.5149615,0.51390433,10.116871059765534,0.0,0.0
35413,392490,0.37763768,0.13795963,0.11199437,0.10435841,10,0.0,46916,581860,0.3441798,0.55767137,0.5903079,0.598235,0.7218175,0.6956309,0.70230234,0.7025934,3610,108435.12245607376,0.3441798,0.41110128,0.49312237,0.5107099,8.988874234747346,0.0,0.0
35465,393010,0.24714202,0.100361444,0.10231081,0.10322785,10,0.0,47023,582930,0.55090016,0.6045618,0.60512185,0.5997909,0.7980422,0.7049233,0.7074327,0.7030188,3618,108445.7034497261,0.3969516,0.5426695,0.4971831,0.5097487,7.958893038826298,0.0,0.0
35517,393530,0.37757427,0.057104707,0.08987781,0.10417272,10,0.0,47115,583850,0.32430154,0.6481079,0.62011164,0.5992188,0.7018758,0.7052126,0.7099895,0.7033915,3626,108456.37839078903,0.32430154,0.59146667,0.5150194,0.50775313,10.17562970185431,0.0,0.0
35592,394280,0.15110147,0.10211512,0.061247636,0.10180463,10,0.0,47250,585200,0.50802916,0.6106459,0.6448032,0.60210633,0.65913063,0.69875664,0.7055234,0.70376104,3637,108465.87632250786,0.40389708,0.56183165,0.53376204,0.50884247,25.287426174990294,0.0,0.0
35641,394770,-0.08585793,0.049979363,0.07686536,0.0997794,10,0.0,47363,586330,0.7468039,0.664917,0.62393093,0.603997,0.66094595,0.7148963,0.7007962,0.7037764,3645,108477.30352807045,0.66094595,0.5701643,0.5313664,0.510528,9.489785644583284,0.0,0.0
35695,395310,-0.04103893,-0.005891985,0.052749887,0.09640889,10,0.0,47452,587220,0.7453381,0.7337879,0.65055764,0.6074077,0.70429915,0.7278959,0.7033074,0.7038166,3653,108487.52825021744,0.5810744,0.63813025,0.56433713,0.5129681,10.01782968009995,0.0,0.0
35770,396060,0.05571574,0.004236567,0.0061952984,0.08668091,10,0.0,47600,588700,0.6836561,0.7081646,0.6970969,0.6173025,0.73937184,0.7124011,0.70329213,0.7039834,3665,108498.29370522499,0.65930754,0.6611434,0.6381119,0.5249203,8.415497196642713,0.0,0.0
35821,396570,-0.04889059,-0.0059547364,0.005518422,0.0805287,10,0.0,47695,589650,0.7401075,0.7144076,0.6915204,0.6228965,0.6912169,0.7084528,0.6970387,0.70342517,3673,108508.91738939285,0.67395663,0.68563503,0.6451722,0.53272086,9.993050163429565,0.0,0.0
35869,397050,-0.042571247,0.0038678707,0.0055261715,0.074178204,10,0.0,47795,590650,0.75099814,0.6826659,0.6935695,0.62951833,0.7084269,0.68653375,0.6990956,0.70369655,3681,108519.53965997696,0.7084269,0.65393794,0.654992,0.5429888,9.194026814625554,0.0,0.0
35931,397670,0.010795951,0.00449419,0.0023667805,0.06712354,10,0.0,47920,591900,0.73187387,0.7007632,0.7006399,0.63624287,0.7426698,0.7052574,0.70300674,0.7033664,3690,108529.17364525795,0.73187387,0.6774893,0.6719428,0.5548472,17.37875735560393,0.0,0.0
35994,398300,0.014165461,-0.0124538485,0.0016561842,0.06179448,10,0.0,48039,593090,0.7339123,0.72267824,0.70717096,0.64217454,0.74807775,0.71022445,0.7088271,0.703969,3700,108539.88903021812,0.7339123,0.68649334,0.6796984,0.56488025,9.680124387737274,0.0,0.0
36046,398820,0.0,0.0029819547,0.002548371,0.057267137,10,0.0,48133,594030,0.6926271,0.70034754,0.70455736,0.6470121,0.6926271,0.7033295,0.70710564,0.7042793,3708,108550.63268446922,0.6926271,0.65965736,0.67563546,0.5723645,9.588242932098032,0.0,0.0
36094,399300,0.023341537,-0.0050655366,-0.00018900514,0.052214228,10,0.0,48230,595000,0.7039045,0.717815,0.7029091,0.6522157,0.72724605,0.7127494,0.7027199,0.7044299,3716,108561.12285614014,0.68153346,0.6789508,0.67124295,0.5813177,10.480899482864821,0.0,0.0
36148,399840,0.0,0.012471199,-0.0006561911,0.047790445,10,0.0,48331,596010,0.72449005,0.70170105,0.70668864,0.6567168,0.72449005,0.71417224,0.7060325,0.7045073,3724,108571.60147714615,0.72449005,0.6893318,0.67344004,0.5880317,12.061238122597597,0.0,0.0
36220,400560,-0.035488844,0.0060528577,0.0033193135,0.041258372,10,0.0,48477,597470,0.7116797,0.6964367,0.7010184,0.6631572,0.67619085,0.7024896,0.7043376,0.7044155,3736,108582.54721212387,0.6760369,0.6687738,0.680388,0.60038966,8.028596115849949,0.0,0.0
36273,401090,0.0,0.016784335,0.0036031718,0.036110476,10,0.0,48586,598560,0.75888115,0.68794525,0.70528686,0.6687851,0.75888115,0.7047296,0.7088899,0.7048956,3744,108593.457062006,0.75888115,0.6632947,0.6851379,0.6093363,7.090124091844429,0.0,0.0
36324,401600,-0.007989049,0.009406763,0.0046146363,0.03107678,10,0.0,48679,599490,0.7060005,0.7043042,0.70357794,0.6736136,0.69801146,0.7145331,0.70831877,0.704768,3752,108604.57708072662,0.65128464,0.6849933,0.68206793,0.6170939,8.713810908634606,0.0,0.0
36373,402090,-0.07970774,0.0075535057,0.0029064894,0.026250131,10,0.0,48779,600490,0.75151,0.7047967,0.69936144,0.6782849,0.6718023,0.7123502,0.7022679,0.704535,3760,108615.1020731926,0.66064113,0.6834403,0.6725857,0.6247809,8.748743006883974,0.0,0.0
36426,402620,-0.029619217,-0.010676551,0.0021188862,0.020790003,10,0.0,48887,601570,0.68774575,0.7228097,0.7039155,0.6843137,0.65812653,0.7121331,0.7060344,0.70510375,3768,108625.44947814941,0.657699,0.69780004,0.6786685,0.63613933,10.789711569776385,0.0,0.0
36489,403250,-0.0068199635,0.007875377,0.0053084623,0.014170619,10,0.0,49006,602760,0.6750214,0.70728695,0.7002555,0.6904264,0.66820145,0.71516234,0.7055639,0.70459706,3778,108635.33219194412,0.66820145,0.6969428,0.68268996,0.6478275,36.18000013801575,0.0,0.0
36544,403800,-0.048754334,-0.007092518,0.006808914,0.012404419,10,0.0,49101,603710,0.6958162,0.7220849,0.6963484,0.6917147,0.6470619,0.71499234,0.70315737,0.70411915,3786,108645.92186641693,0.6470619,0.695058,0.67957366,0.6539916,10.376955032248121,0.0,0.0
36594,404300,-0.013053954,0.0007884979,0.00060173095,0.008198549,10,0.0,49199,604690,0.665464,0.69604456,0.7004526,0.6959427,0.65241003,0.6968331,0.7010544,0.70414126,3794,108656.17246699333,0.65241003,0.6637175,0.6765823,0.6618372,9.350707951560869,0.0,0.0
36644,404800,-0.0004541278,0.004178971,-0.00054556964,0.004519276,10,0.0,49297,605670,0.73611814,0.7038657,0.70347834,0.6997778,0.735664,0.7080447,0.70293283,0.70429707,3802,108666.30574297905,0.69816345,0.67057335,0.67824644,0.6686998,13.428347318847308,0.0,0.0
36711,405470,-0.053590834,-0.00029281975,0.0029719549,0.0025685267,10,0.0,49433,607030,0.7255266,0.7021936,0.7061838,0.70222175,0.67193574,0.7073061,0.7094713,0.7048438,3812,108676.38404607773,0.67193574,0.6662003,0.67966354,0.6746759,9.557284178030594,0.0,0.0
36758,405940,-0.05398172,-0.008046162,0.0021645748,0.0028504152,10,0.0,49524,607940,0.7387471,0.72128224,0.7071105,0.70233756,0.6847654,0.713236,0.7092751,0.705188,3820,108686.91712260246,0.6570484,0.67888534,0.6804603,0.67571265,8.72343253213491,0.0,0.0
36815,406510,0.00029957294,0.003685069,0.0015942078,0.0023025123,10,0.0,49620,608900,0.68057656,0.6889325,0.7026201,0.7031372,0.68087614,0.6962392,0.7040465,0.7053622,3828,108697.3104250431,0.6636023,0.6739441,0.6784437,0.6779463,10.550893302077046,0.0,0.0
36860,406960,0.05003363,-0.0042002974,0.0055555645,0.0028135818,10,0.0,49719,609890,0.6837184,0.7193518,0.6940352,0.70218563,0.733752,0.7151515,0.6995909,0.7049992,3836,108707.66737818718,0.6743268,0.6990399,0.67646843,0.67787606,8.337469298311873,0.0,0.0
36918,407540,-0.0824222,0.0005807996,0.0062732575,0.0030058462,10,0.0,49827,610970,0.75365216,0.70925987,0.69906425,0.7023356,0.67122996,0.7098407,0.7053377,0.70534146,3844,108718.16246175766,0.6538871,0.67618454,0.6789948,0.6783587,9.172940256644377,0.0,0.0
36964,408000,0.03881842,0.012402308,0.0032835125,0.0026142502,10,0.0,49921,611910,0.68986905,0.6868209,0.7011416,0.70223606,0.72868747,0.69722545,0.70386213,0.7048279,3852,108729.320032835,0.6819938,0.6785406,0.6791363,0.6781762,8.892665630324293,0.0,0.0
37017,408530,-0.108279884,-0.010053533,0.0014558905,0.0028297785,10,0.0,50026,612960,0.75654775,0.7055541,0.6991961,0.7017756,0.64826787,0.70639145,0.70189005,0.7047135,3860,108739.80294775963,0.6427648,0.6680335,0.6779061,0.6784559,8.618621778011573,0.0,0.0
37069,409050,0.046884775,0.011074251,0.00450823,0.0032319746,10,0.0,50117,613870,0.69217426,0.70812017,0.6985992,0.70155114,0.73905903,0.71919435,0.70310736,0.70478314,3868,108750.15758776665,0.6627954,0.6798621,0.67460054,0.6784037,8.982148363885557,0.0,0.0
37121,409570,-0.027394056,0.0006895602,0.0037115621,0.0032480292,10,0.0,50215,614850,0.7349066,0.7041257,0.7015114,0.7011984,0.70751256,0.7048152,0.70522285,0.7044465,3876,108760.7335717678,0.64897835,0.6684967,0.67694443,0.67879456,10.003766047141179,0.0,0.0
37173,410090,-0.031475425,0.0020262778,0.002189383,0.003329057,10,0.0,50318,615880,0.68953604,0.67125434,0.69684684,0.7006737,0.6580606,0.67888105,0.6993883,0.7040716,3884,108771.24100804329,0.6531756,0.6567155,0.67291677,0.6781923,10.912546984424079,0.0,0.0
37221,410570,-0.010251164,0.0032384873,0.0040993565,0.003422687,10,0.0,50416,616860,0.6901552,0.6940319,0.6911526,0.7000704,0.67990404,0.6972704,0.695252,0.70349306,3892,108781.64281320572,0.6668708,0.67728984,0.6723879,0.6779056,10.462807216668434,0.0,0.0
37271,411070,0.0,-0.01630817,0.0038079673,0.0033708455,10,0.0,50515,617850,0.74119765,0.7386254,0.69797105,0.6999575,0.74119765,0.7223173,0.70177877,0.70332825,3900,108792.00923848152,0.74119765,0.69428515,0.677557,0.67743504,7.889882232197039,0.0,0.0
37341,411770,-0.04439771,0.003022045,0.0042042034,0.0034641891,10,0.0,50655,619250,0.75212747,0.7129737,0.69916934,0.69969374,0.70772976,0.7159958,0.7033737,0.7031579,3911,108802.976136446,0.6997666,0.7018651,0.6781831,0.6776769,8.131531265352145,0.0,0.0
37390,412260,-0.017526448,-0.0060581686,0.0027834761,0.0033601192,10,0.0,50753,620230,0.72565764,0.70360875,0.69606733,0.69943017,0.7081312,0.69755065,0.6988509,0.70279026,3919,108813.78634548187,0.70251006,0.6778946,0.6757953,0.6775419,8.619367428673945,0.0,0.0
37448,412840,0.0,-0.029265702,-0.001231836,0.0029703288,10,0.0,50848,621180,0.6982374,0.7104642,0.7004428,0.6996366,0.6982374,0.6811985,0.69921106,0.7026069,3927,108824.15557408333,0.6982374,0.66843843,0.6772963,0.6777731,10.591650021085805,0.0,0.0
37500,413360,0.0,-0.013917076,-0.0044478346,0.0024409203,10,0.0,50946,622160,0.6839757,0.7056402,0.7072286,0.70000064,0.6839757,0.6917231,0.7027809,0.7024415,3935,108834.5807685852,0.6839757,0.68162024,0.6809884,0.67747474,9.194937845497657,0.0,0.0
37553,413890,-0.02252084,-0.005967307,-0.0058806045,0.0017598703,10,0.0,51058,623280,0.7467066,0.70023996,0.70908356,0.7007947,0.72418576,0.69427264,0.70320296,0.7025546,3944,108845.03072309494,0.72192496,0.6605013,0.6804411,0.6778456,11.53774251847858,0.0,0.0
37630,414660,0.0,-0.0019386768,-0.00400908,0.001723051,10,0.0,51213,624830,0.7182731,0.69818103,0.703435,0.7005134,0.7182731,0.69624245,0.69942605,0.7022365,3956,108855.48381567001,0.7182731,0.67590404,0.6781395,0.6776382,10.5008812690274,0.0,0.0
37698,415340,0.022986472,0.0025593818,-0.0037054145,0.0012630438,10,0.0,51330,626000,0.7276138,0.7001674,0.7036923,0.70048255,0.7506003,0.7027268,0.69998693,0.7017456,3967,108865.46845436096,0.7193789,0.689561,0.6837458,0.6780759,60.239100586549014,0.0,0.0
37768,416040,0.08135241,-5.811453e-05,-0.005848788,0.00070612645,10,0.0,51466,627360,0.66259515,0.69997895,0.7070636,0.70067835,0.74394757,0.6999208,0.70121485,0.7013844,3977,108874.74206542969,0.6585311,0.67420185,0.681932,0.6779923,10.787036536958997,0.0,0.0
37839,416750,-0.031737626,0.00255602,-0.0029396517,-4.695177e-05,10,0.0,51614,628840,0.7194685,0.6889116,0.7056097,0.7018844,0.68773085,0.69146764,0.7026699,0.7018374,3989,108885.10243201256,0.68773085,0.67961204,0.6825234,0.6789358,19.38735050889262,0.0,0.0
37913,417490,0.0006082058,0.00083194376,0.0024154817,-0.00012806404,10,0.0,51750,630200,0.7271284,0.6962309,0.7008959,0.7016845,0.7277366,0.69706273,0.7033113,0.7015564,4000,108895.86104607582,0.6682796,0.6777553,0.6841708,0.6790486,13.982705240667453,0.0,0.0
37991,418270,-0.035165787,-0.017194558,-0.008754401,-0.0014027999,10,0.0,51902,631720,0.7077741,0.7123535,0.71342933,0.7030797,0.6726083,0.69515896,0.7046749,0.7016769,4012,108905.79330706596,0.6726083,0.68993855,0.6866392,0.67959297,30.310701923007436,0.0,0.0
38056,418920,-0.0042000413,0.0060658157,-0.009366725,-0.0019809713,10,0.0,52023,632930,0.69265413,0.69773906,0.7136193,0.7040071,0.6884541,0.70380485,0.7042526,0.7020261,4022,108915.9854900837,0.688323,0.67943734,0.68973106,0.68084365,10.437372341823307,0.0,0.0
38138,419740,-0.027609766,-0.015242904,-0.0048894025,-0.002319376,10,0.0,52175,634450,0.68090034,0.7188755,0.7129378,0.7048622,0.65329057,0.7036327,0.70804834,0.7025428,4035,108927.02147459984,0.6532822,0.66747725,0.68630075,0.68170166,14.826274042786643,0.0,0.0
38196,420320,-0.020206809,-0.0036485791,-0.0011787605,-0.0029022773,10,0.0,52288,635580,0.72358984,0.69490504,0.71001077,0.70606977,0.703383,0.6941565,0.7084312,0.70313215,4044,108936.30186033249,0.6926591,0.6755173,0.6826536,0.682221,15.414732461316198,0.0,0.0
38278,421140,0.005922854,-0.011252254,-0.003472491,-0.0033988133,10,0.0,52444,637140,0.691613,0.71546376,0.706613,0.70647585,0.6975359,0.70421153,0.7031405,0.703077,4057,108947.1141564846,0.64679146,0.68374234,0.682961,0.682616,10.509556262767973,0.0,0.0
38347,421830,0.07170886,0.0005393565,0.0014873248,-0.0033960901,10,0.0,52581,638510,0.6862447,0.710924,0.69956225,0.7064161,0.7579536,0.71146333,0.70104957,0.70302004,4068,108958.37810397148,0.6786793,0.7005016,0.6803485,0.68246216,13.08706228291217,0.0,0.0
38424,422600,0.050571382,0.0041259886,0.0007928008,-0.0037442788,10,0.0,52731,640010,0.68761325,0.69368553,0.6992719,0.70650965,0.73818463,0.68985903,0.69927263,0.7026368,4080,108968.41409087181,0.6573561,0.668563,0.6768614,0.6822158,10.712612970414746,0.0,0.0
38486,423220,0.015619814,-0.009711629,-0.0032141525,-0.003571243,10,0.0,52842,641120,0.70003164,0.7048613,0.70391786,0.70639354,0.71565145,0.6951496,0.7007038,0.7028223,4089,108978.0838470459,0.6794887,0.6756405,0.6781268,0.6825421,13.940636602852605,0.0,0.0
38546,423820,-0.034557343,-0.01701861,-0.0077834334,-0.0034451128,10,0.0,52966,642360,0.72602475,0.70892894,0.71143585,0.70652825,0.6914674,0.6919104,0.7036525,0.70308316,4099,108988.31502509117,0.6650363,0.6729988,0.6834534,0.6826328,21.392404869607084,0.0,0.0
38625,424610,0.10581142,-0.0019481599,-0.005405092,-0.0036884437,10,0.0,53115,643850,0.6574697,0.71319115,0.70626456,0.7071471,0.7632811,0.711243,0.7008593,0.70345867,4111,108998.36373209953,0.65652716,0.69816923,0.68033516,0.68302053,11.51439881844586,0.0,0.0
38692,425280,-0.029993057,0.017671555,-0.0009088582,-0.0034555763,10,0.0,53238,645080,0.68877655,0.69389105,0.70975304,0.70741636,0.6587835,0.71156263,0.7088443,0.70396084,4121,109008.54763579369,0.6514706,0.6738606,0.6823919,0.68269485,12.872225567407948,0.0,0.0
38771,426070,-0.0072031617,0.009055262,0.006560611,-0.002377814,10,0.0,53389,646590,0.6662946,0.6875988,0.69619936,0.7062395,0.6590914,0.69665414,0.70275986,0.7038617,4134,109019.4302353859,0.6435334,0.67215544,0.67441994,0.68200284,10.61731382697311,0.0,0.0
38835,426710,0.033230364,0.0074901283,0.0038285344,-0.0021199747,10,0.0,53514,647840,0.68920994,0.70542943,0.7008379,0.70619875,0.7224403,0.7129196,0.7046665,0.7040787,4144,109029.67251563072,0.6774274,0.6794068,0.6766883,0.6817432,12.20336892148833,0.0,0.0
38911,427470,0.006278813,0.008736825,0.008821406,-0.0015655033,10,0.0,53645,649150,0.69805247,0.6983182,0.6950574,0.7057715,0.7043313,0.70705503,0.70387876,0.70420593,4156,109040.46285939217,0.69805247,0.6872907,0.67711836,0.6811686,18.908643698432147,0.0,0.0
38978,428140,-0.03450364,-0.0037578165,0.0079792505,-0.0003627845,10,0.0,53799,650690,0.6929746,0.7006713,0.6948485,0.7043888,0.658471,0.69691354,0.70282763,0.7040259,4167,109050.9471244812,0.6417632,0.66594326,0.6739802,0.6803277,29.493879795484542,0.0,0.0
39053,428890,0.060854197,0.012499529,0.0039588492,0.00055335666,10,0.0,53922,651920,0.70291674,0.692888,0.6984579,0.7032189,0.76377094,0.6977984,0.7019105,0.7036795,4178,109061.73135185242,0.67606694,0.6655842,0.6757531,0.6790982,16.158874061608852,0.0,0.0
39126,429620,0.02234447,0.059167463,0.011997111,0.0017662294,10,0.0,54064,653340,0.65152466,0.62934786,0.68679726,0.7012971,0.67386913,0.6885153,0.6987944,0.70306337,4189,109071.2035176754,0.65152466,0.59005976,0.6465595,0.67554224,13.338603936733678,0.0,0.0
39194,430300,0.0,0.065768376,0.021925738,0.0033648668,10,0.0,54203,654730,0.7073048,0.620459,0.67732793,0.69912004,0.7073048,0.68589145,0.69862986,0.7024562,4199,109081.3431327343,0.7073048,0.6135479,0.63769484,0.6722434,12.395042815060688,0.0,0.0
39267,431030,0.003931999,0.029694265,0.024271503,0.005065204,10,0.0,54348,656180,0.73153746,0.6949924,0.6803061,0.69789296,0.73546946,0.72468674,0.7045777,0.7029581,4212,109092.6966085434,0.6897267,0.65654075,0.63381284,0.66952264,20.311458532082902,0.0,0.0
39333,431690,0.04430747,0.019478858,0.018079655,0.0062603275,10,0.0,54466,657360,0.67985696,0.6883674,0.6927589,0.69743615,0.7241644,0.7078463,0.7108387,0.7036965,4222,109103.13126468658,0.6113634,0.62034124,0.64145017,0.6669657,10.129245993393525,0.0,0.0
39396,432320,0.038826466,-0.004982126,0.022218503,0.007580266,10,0.0,54587,658570,0.699214,0.70971906,0.6830362,0.6961024,0.73804045,0.704737,0.7052545,0.7036826,4232,109113.45065975189,0.5621152,0.6746594,0.6312195,0.6638492,9.824435493108052,0.0,0.0
39464,433000,0.23302963,0.04406581,0.033108655,0.009997213,10,0.0,54698,659680,0.47428927,0.6675715,0.6705254,0.69370973,0.7073189,0.71163726,0.70363396,0.703707,4241,109122.58928775787,0.47428927,0.6233824,0.6281757,0.6600475,17.670777752780396,0.0,0.0
39536,433720,0.09204292,0.061159782,0.048815694,0.0144156,10,0.0,54839,661090,0.5814592,0.6372631,0.6579851,0.68927187,0.67350215,0.69842285,0.7068008,0.7036875,4253,109132.73001766205,0.5814592,0.5664002,0.5872915,0.6522717,13.100727421858139,0.0,0.0
39601,434370,0.27076107,0.043880634,0.056211986,0.019024746,10,0.0,54978,662480,0.41028053,0.6563918,0.64604723,0.68503016,0.6810416,0.7002725,0.70225924,0.70405495,4264,109143.89316082001,0.41028053,0.62776875,0.59186476,0.6473321,38.5915918015833,0.0,0.0
39681,435170,0.31827915,0.10481272,0.06975019,0.025508901,10,0.0,55118,663880,0.3831169,0.597584,0.6351605,0.6779376,0.70139605,0.7023967,0.70491076,0.7034465,4276,109153.9178249836,0.3831169,0.5089325,0.56429964,0.6362168,46.545092978015305,0.0,0.0
39742,435780,0.35998526,0.11073302,0.107149385,0.032024227,10,0.0,55230,665000,0.35289302,0.59117377,0.5967607,0.6715883,0.7128783,0.7019068,0.7039101,0.70361257,4284,109162.16450953484,0.33944103,0.508742,0.51972014,0.62592924,13.361153779747436,0.0,0.0
39803,436390,0.3289415,0.20427541,0.13345642,0.04070796,10,0.0,55352,666220,0.35215,0.50397813,0.56746644,0.66256297,0.6810915,0.7082535,0.7009228,0.703271,4295,109173.40316939354,0.35215,0.36892992,0.48236725,0.61260694,13.103162588027564,0.0,0.0
39871,437070,0.3176819,0.1398648,0.14056493,0.05024903,10,0.0,55496,667660,0.3528418,0.55532163,0.5676437,0.65336,0.6705237,0.6951864,0.7082087,0.703609,4307,109183.61918568611,0.34049255,0.45926428,0.4637354,0.5967873,14.21719891992372,0.0,0.0
39945,437810,0.2920394,0.127787,0.115967296,0.056895312,10,0.0,55627,668970,0.42850792,0.5876102,0.59010595,0.64670575,0.7205473,0.7120072,0.7060222,0.7036306,4317,109193.61590623856,0.40355936,0.46369058,0.49727,0.5861892,13.298351333210526,0.0,0.0
40013,438490,0.034973264,0.15082099,0.12691998,0.06521613,10,0.0,55754,670240,0.7054816,0.5732162,0.58336985,0.6389147,0.74045485,0.72403723,0.71028984,0.7041309,4328,109205.0504822731,0.3783242,0.5045207,0.5010133,0.5750299,11.603884169869215,0.0,0.0
40090,439260,0.2065649,0.12777103,0.12172557,0.07449633,10,0.0,55897,671670,0.44247907,0.5996977,0.5865497,0.6303436,0.649044,0.72746885,0.7082752,0.7048399,4340,109214.9344303608,0.3309236,0.51007736,0.49552086,0.5625182,12.013078814291378,0.0,0.0
40151,439870,0.41358852,0.15203893,0.11076786,0.07947735,10,0.0,56022,672920,0.30374032,0.5537899,0.5973596,0.62558687,0.71732885,0.70251745,0.70769143,0.7050224,4350,109225.85350036621,0.30374032,0.4560089,0.5078982,0.55401236,12.461566252460045,0.0,0.0
40218,440540,0.3385763,0.1285113,0.12243357,0.08631133,10,0.0,56144,674140,0.3828219,0.5816603,0.58288807,0.6190831,0.7213982,0.7101716,0.7053217,0.70539445,4360,109236.32638216019,0.3828219,0.46958822,0.47588524,0.54311675,15.056742285953264,0.0,0.0
40298,441340,0.30615273,0.0992159,0.09536858,0.09257594,10,0.0,56301,675710,0.37239394,0.5887372,0.608406,0.6123911,0.67854667,0.68795305,0.7037746,0.7049671,4373,109247.28702878952,0.36718348,0.5465158,0.5060625,0.53283846,9.996968235112414,0.0,0.0
40356,441920,0.24257368,0.0885392,0.1049789,0.098528974,10,0.0,56414,676840,0.42706543,0.60413545,0.5987356,0.60672086,0.6696391,0.6926747,0.7037144,0.7052499,4382,109256.5780146122,0.3908752,0.55198133,0.52994627,0.5265049,10.384259059819792,0.0,0.0
40426,442620,0.2796552,0.10311924,0.110235006,0.10391035,10,0.0,56551,678210,0.37965813,0.6097205,0.5968053,0.6013226,0.6593133,0.7128397,0.70704025,0.7052329,4392,109266.73294591904,0.35996717,0.48526043,0.5252748,0.51879376,11.034334708622863,0.0,0.0
40507,443430,0.27791002,0.1253809,0.12523362,0.109880514,10,0.0,56688,679580,0.43308792,0.5834178,0.5733672,0.59458333,0.71099794,0.7087987,0.6986008,0.70446384,4405,109277.65124464035,0.4211601,0.47049803,0.48160753,0.5094242,12.064780355796055,0.0,0.0
40567,444030,0.34581566,0.11349042,0.110901155,0.112904124,10,0.0,56813,680830,0.33846432,0.59728104,0.5918611,0.59193456,0.68428,0.71077144,0.70276225,0.7048387,4415,109287.90846776962,0.33846432,0.5167483,0.506451,0.50603515,10.198089735226302,0.0,0.0
40631,444670,0.32242346,0.16575687,0.12694961,0.11768824,10,0.0,56938,682080,0.36797792,0.53878653,0.57293963,0.58662874,0.6904014,0.7045434,0.69988936,0.704317,4425,109298.1544034481,0.36797792,0.5050722,0.50043607,0.5003918,11.045775284011754,0.0,0.0
40693,445290,0.2740233,0.1714242,0.1255348,0.11921185,10,0.0,57052,683220,0.45245075,0.5411066,0.5791506,0.5854484,0.72647405,0.71253073,0.7046855,0.7046603,4433,109306.23342084885,0.32031378,0.44477352,0.5088834,0.49943578,11.790038954343755,0.0,0.0
40770,446060,0.43145952,0.11841941,0.12557991,0.11970979,10,0.0,57199,684690,0.32442895,0.56842816,0.57156974,0.5842661,0.75588846,0.68684757,0.69714963,0.7039759,4446,109317.33607268333,0.32442895,0.53488386,0.51170224,0.50042266,40.74168979307169,0.0,0.0
40839,446750,0.3136742,0.13481906,0.11786004,0.11761304,10,0.0,57325,685950,0.37572283,0.60685074,0.58765715,0.58662647,0.68939704,0.71030235,0.7028519,0.7040327,4457,109328.3902463913,0.33445328,0.4889458,0.51978177,0.50433064,13.740292567741546,0.0,0.0
40903,447390,0.34359026,0.10359526,0.116525814,0.117120996,10,0.0,57450,687200,0.38233167,0.5944258,0.58501756,0.58671284,0.7259219,0.69802105,0.7015433,0.7038339,4467,109338.5170674324,0.34644687,0.50288856,0.49892807,0.5050911,12.889262707095988,0.0,0.0
40968,448040,0.27651998,0.09759376,0.12888294,0.11800137,10,0.0,57576,688460,0.4082227,0.6045641,0.5715115,0.58530295,0.6847427,0.70215786,0.70039445,0.70330435,4478,109348.16072773933,0.40109575,0.5396812,0.488234,0.50309134,12.848932442612108,0.0,0.0
41044,448800,0.0,0.10853581,0.11643842,0.11754804,10,0.0,57714,689840,0.72661144,0.5744549,0.58290523,0.5850768,0.72661144,0.69710666,0.69935656,0.70264107,4489,109359.34683775902,0.72661144,0.52289706,0.50775594,0.50487405,13.18401750197636,0.0,0.0
41105,449410,0.31820607,0.14652011,0.12114154,0.11792481,10,0.0,57838,691080,0.41614002,0.5503177,0.5794843,0.5846489,0.7343461,0.6968378,0.7006258,0.7025738,4498,109368.5105009079,0.3711434,0.46098223,0.5068651,0.5039252,10.841510619076729,0.0,0.0
41170,450060,0.35288528,0.11945776,0.12858474,0.119793154,10,0.0,57949,692190,0.36263028,0.5861734,0.57353663,0.58232665,0.71551555,0.70563114,0.7021214,0.7021199,4508,109378.92100739479,0.36263028,0.53224623,0.49019572,0.50305,21.794524847283103,0.0,0.0
41243,450790,0.36804685,0.14943188,0.123679966,0.11954554,10,0.0,58088,693580,0.3333355,0.5305618,0.5767581,0.58220774,0.70138234,0.6799937,0.7004381,0.7017533,4520,109388.76201677322,0.3333355,0.4645702,0.49430716,0.505247,13.908480606967995,0.0,0.0
41311,451470,0.28175193,0.09349391,0.12161867,0.1209973,10,0.0,58212,694820,0.48771638,0.6106291,0.57583165,0.5802786,0.7694683,0.704123,0.6974503,0.7012759,4530,109398.9749326706,0.32732472,0.54771715,0.49541527,0.5036608,13.707131145906967,0.0,0.0
41374,452100,0.29834902,0.11889484,0.11558527,0.12078023,10,0.0,58349,696190,0.38667136,0.5950511,0.5858605,0.5803987,0.6850204,0.713946,0.70144576,0.70117897,4541,109410.13703155518,0.38667136,0.5772927,0.5144706,0.5037446,10.066425432370115,0.0,0.0
41448,452840,0.28241074,0.13310717,0.117703505,0.11987312,10,0.0,58477,697470,0.4074971,0.56759673,0.5846877,0.58131176,0.68990785,0.7003113,0.7030342,0.7011572,4552,109419.06461453438,0.37553808,0.4825324,0.49688485,0.50236404,13.207332214643584,0.0,0.0
41514,453500,0.24033016,0.10364379,0.11681266,0.11999543,10,0.0,58611,698810,0.39660764,0.5990957,0.58704,0.5815433,0.6369378,0.7027394,0.7038526,0.7015388,4563,109430.35670685768,0.36214978,0.47171426,0.49370408,0.50263304,13.163511032036734,0.0,0.0
41583,454190,0.0,0.119242355,0.097999245,0.11868056,10,0.0,58733,700030,0.68081254,0.59323233,0.605682,0.582591,0.68081254,0.71247464,0.7036814,0.7012716,4573,109440.56883859634,0.68081254,0.49154726,0.5087247,0.5022683,14.373722599721182,0.0,0.0
41644,454800,0.21978796,0.11143605,0.09772101,0.11683962,10,0.0,58857,701270,0.45299911,0.5943513,0.60447574,0.58476293,0.6727871,0.7057873,0.70219666,0.70160246,4583,109450.88005185127,0.37498686,0.55914676,0.5226323,0.5037106,14.938065301040389,0.0,0.0
41726,455620,0.31030568,0.0508758,0.10118829,0.115007706,10,0.0,59010,702800,0.37592098,0.6467307,0.60722345,0.58705544,0.68622667,0.6976065,0.7084118,0.70206314,4596,109461.68264126778,0.37592098,0.5668535,0.54113984,0.5060579,10.007303322665853,0.0,0.0
41783,456190,0.30604815,0.1372786,0.10833252,0.11441955,10,0.0,59123,703930,0.38484,0.56762457,0.59464484,0.5877891,0.69088817,0.7069894,0.7031486,0.7022346,4604,109470.75357866287,0.38484,0.49310502,0.5038197,0.50436914,13.285499709539337,0.0,0.0
41845,456810,0.35084292,0.114523575,0.09974834,0.11359394,10,0.0,59236,705060,0.3723221,0.5754887,0.6058649,0.5887185,0.72316504,0.6900123,0.7056132,0.70231235,4614,109481.06119632721,0.3723221,0.51855993,0.5285388,0.5055498,12.43382300191326,0.0,0.0
41912,457480,0.0,0.20087087,0.1140215,0.1137893,10,0.0,59372,706420,0.7183762,0.509253,0.5891433,0.58862853,0.7183762,0.71012384,0.7031648,0.70241785,4624,109491.19476509094,0.7183762,0.43569785,0.51934475,0.5062252,11.744125422872672,0.0,0.0
41977,458130,0.33682653,0.09504888,0.115444034,0.11189999,10,0.0,59492,707620,0.41448155,0.60916257,0.5899064,0.5906577,0.7513081,0.7042115,0.70535034,0.70255774,4635,109502.3726837635,0.41448155,0.5124813,0.5097776,0.50900847,11.256739732659732,0.0,0.0
42052,458880,0.32425857,0.09905002,0.116016805,0.112403825,10,0.0,59632,709020,0.3637545,0.59322876,0.59322023,0.59082437,0.6880131,0.6922788,0.709237,0.70322824,4647,109512.37859869003,0.3637545,0.5239329,0.52209496,0.5098547,24.927057685256006,0.0,0.0
42119,459550,0.22929728,0.14144929,0.09797321,0.11048129,10,0.0,59753,710230,0.4725635,0.5746862,0.6046342,0.59268165,0.7018608,0.7161355,0.7026074,0.70316297,4657,109522.57440447807,0.4725635,0.53761804,0.5165215,0.51062304,36.132531480146206,0.0,0.0
42186,460220,0.27845192,0.13104247,0.112547465,0.11045901,10,0.0,59884,711540,0.3965717,0.5783285,0.59324133,0.5929326,0.6750236,0.709371,0.7057888,0.70339155,4668,109533.8652973175,0.3965717,0.48195797,0.50140417,0.51005584,10.012229120680152,0.0,0.0
42264,461000,0.015502214,0.07279688,0.12565199,0.110414214,10,0.0,60033,713030,0.6396145,0.6354834,0.5800718,0.59364843,0.65511674,0.70828027,0.70572364,0.7040627,4679,109543.04376220703,0.3289108,0.46476522,0.47383925,0.5082729,16.88722614600554,0.0,0.0
42324,461600,0.25155503,0.16683304,0.11901992,0.11066011,10,0.0,60135,714050,0.49612218,0.55193305,0.5868531,0.593813,0.7476772,0.7187661,0.7058729,0.7044731,4689,109553.02684640884,0.48874852,0.50241065,0.49950558,0.50895697,11.47281503710615,0.0,0.0
42390,462260,0.26991573,0.13820693,0.12145582,0.11153181,10,0.0,60268,715380,0.39216718,0.57102144,0.5843755,0.59310097,0.6620829,0.7092284,0.7058313,0.7046328,4700,109564.25003409386,0.363965,0.444722,0.4999895,0.50680214,11.729356193386677,0.0,0.0
42458,462940,0.0014395714,0.13972834,0.13575165,0.112497084,10,0.0,60391,716610,0.7590919,0.5643093,0.5665444,0.5918982,0.7605315,0.7040377,0.7022961,0.70439523,4710,109574.55885767937,0.3380637,0.52120364,0.4840927,0.50761247,11.508692905901714,0.0,0.0
42524,463600,0.25220105,0.08219127,0.10612097,0.11178799,10,0.0,60526,717960,0.48788562,0.62983644,0.5977077,0.5929361,0.7400867,0.7120278,0.70382863,0.7047241,4721,109585.59271883965,0.4562392,0.52225196,0.5234492,0.5096739,10.750452260327657,0.0,0.0
42587,464230,0.4352591,0.07154422,0.11365417,0.11461252,10,0.0,60645,719150,0.31475085,0.63898426,0.5872393,0.58978117,0.75000995,0.7105285,0.7008934,0.7043937,4731,109596.01256656647,0.31475085,0.58228546,0.5059134,0.50775206,17.836004004092544,0.0,0.0
42665,465010,0.31507254,0.12328231,0.12860405,0.11628465,10,0.0,60777,720470,0.3789478,0.5950994,0.57446337,0.58790404,0.69402033,0.7183817,0.7030675,0.7041887,4742,109605.4630458355,0.3789478,0.5648099,0.5011209,0.5056067,14.188702835877294,0.0,0.0
42728,465640,0.24786031,0.102905154,0.12575169,0.11806876,10,0.0,60900,721700,0.42178547,0.59242874,0.57147485,0.5850643,0.6696458,0.69533384,0.69722664,0.70313305,4752,109615.59144258499,0.373666,0.5086864,0.49972302,0.50277406,11.181167097015319,0.0,0.0
42793,466290,0.2236045,0.14891468,0.12042345,0.118796155,10,0.0,61020,722900,0.42844456,0.54783916,0.5770943,0.5843273,0.65204906,0.69675386,0.69751775,0.7031234,4762,109625.71444296837,0.34825557,0.50551397,0.51892006,0.50435144,11.433154016101751,0.0,0.0
42854,466900,0.22280475,0.14462742,0.123252705,0.12041956,10,0.0,61142,724120,0.462047,0.58435273,0.5831971,0.58290786,0.68485177,0.7289802,0.7064498,0.7033274,4772,109635.92057299614,0.41318494,0.45711645,0.5128222,0.50117594,11.668473563252926,0.0,0.0
42938,467740,0.2262598,0.13961433,0.122322395,0.120142564,10,0.0,61292,725620,0.42224362,0.56883043,0.57995635,0.58275247,0.6485034,0.7084447,0.7022787,0.702895,4785,109646.86970901489,0.4180329,0.49936724,0.4914718,0.5007995,12.920932642582816,0.0,0.0
43001,468370,0.0,0.16510734,0.12037954,0.12034917,10,0.0,61412,726820,0.73035216,0.5371519,0.5815818,0.5824513,0.73035216,0.7022592,0.7019613,0.70280045,4795,109657.32151126862,0.73035216,0.454745,0.4924036,0.49886316,12.767166469775148,0.0,0.0
43059,468950,0.4164254,0.142798,0.13090351,0.121313706,10,0.0,61524,727940,0.30572766,0.5762408,0.5786105,0.58174706,0.72215307,0.71903884,0.70951384,0.7030608,4804,109666.52633285522,0.30572766,0.53006047,0.50729865,0.4987063,12.095857771789566,0.0,0.0
43124,469600,0.4011114,0.10573678,0.13823698,0.1238982,10,0.0,61655,729250,0.3167636,0.59039485,0.5623293,0.5786121,0.717875,0.6961316,0.70056623,0.70251024,4814,109676.74383378029,0.3167636,0.5223719,0.47456238,0.49564454,11.170934876092577,0.0,0.0
43189,470250,0.3683654,0.111423194,0.13440937,0.12472541,10,0.0,61763,730330,0.36551702,0.59744614,0.57041276,0.57800233,0.7338824,0.70886934,0.704822,0.7027278,4824,109687.036839962,0.35625613,0.5076103,0.47827804,0.49590528,20.824075135999554,0.0,0.0
43269,471050,0.3036174,0.14124088,0.123525836,0.1245699,10,0.0,61924,731940,0.40630975,0.56266654,0.5838278,0.57849294,0.70992714,0.7039073,0.7073538,0.70306283,4837,109697.9804019928,0.40630975,0.51606905,0.49642524,0.49779022,12.150531684835618,0.0,0.0
43328,471640,0.241718,0.08239612,0.1144591,0.12450801,10,0.0,62027,732970,0.47895533,0.6390823,0.59684104,0.5788473,0.7206733,0.72147834,0.71130013,0.7033554,4846,109707.35422801971,0.41648105,0.52441084,0.51848924,0.49697644,10.58451084000958,0.0,0.0
43392,472280,0.3668203,0.0836772,0.11816883,0.12381571,10,0.0,62146,734160,0.30521968,0.61480004,0.59047306,0.5797705,0.67204,0.69847727,0.7086419,0.7035863,4856,109718.10277676582,0.30521968,0.5276476,0.49428773,0.49738443,29.584374601038412,0.0,0.0
43452,472880,0.3555469,0.11257653,0.127463,0.12454629,10,0.0,62258,735280,0.36263353,0.6031469,0.57291234,0.5788296,0.7181804,0.7157235,0.70037514,0.70337594,4865,109727.6914756298,0.36263353,0.49752608,0.46948552,0.49463794,12.362607855493534,0.0,0.0
43459,472950,0.40029484,0.13468595,0.13095695,0.124339685,10,0.0,62281,735510,0.26509154,0.5582693,0.5680959,0.57891554,0.6653864,0.6929552,0.6990529,0.7032552,4866,109728.69545865059,0.26509154,0.48427826,0.46845964,0.494625,0.054537337258155884,0.0,0.0
43554,473900,0.27789816,0.12281654,0.14466676,0.12791055,10,0.0,62466,737360,0.4212294,0.58340013,0.5599062,0.5756314,0.69912755,0.7062167,0.704573,0.703542,4881,109921.59475779533,0.39086092,0.5305499,0.484363,0.4920373,21.51163410921415,0.0,0.0
43659,474950,0.0,0.18089478,0.12902561,0.12794578,10,0.0,62656,739260,0.7804967,0.5165392,0.57176995,0.5753365,0.7804967,0.69743407,0.70079553,0.70328224,4897,109931.68100667,0.7804967,0.42156187,0.46807525,0.48930535,20.440117816993794,0.0,0.0
43760,475960,0.3042975,0.066587634,0.10764644,0.12660779,10,0.0,62837,741070,0.4185248,0.65230805,0.59990066,0.577999,0.7228223,0.7188956,0.707547,0.70460683,4913,109941.6614151001,0.4185248,0.5426363,0.5049036,0.489743,47.20604157522144,0.0,0.0
43855,476910,0.26735944,0.122856595,0.12006071,0.1264946,10,0.0,63005,742750,0.42334294,0.5862037,0.5749647,0.5768656,0.6907024,0.70906025,0.6950253,0.70336014,4927,109950.94282317162,0.42334294,0.49793655,0.48943087,0.48736075,18.827864117024156,0.0,0.0
43922,477580,0.27883044,0.10211279,0.12025855,0.12671764,10,0.0,63139,744090,0.42422715,0.5912194,0.58178586,0.57705337,0.7030576,0.6933323,0.70204437,0.70377105,4939,109962.17307806015,0.42422715,0.5035075,0.5021133,0.4885504,26.369568429225726,0.0,0.0
43985,478210,0.29129928,0.059951294,0.10921895,0.12566517,10,0.0,63243,745130,0.41063827,0.65031826,0.5926529,0.5777519,0.70193756,0.7102696,0.70187193,0.70341706,4948,109971.93156647682,0.41063827,0.5652485,0.5018848,0.48911887,39.10911528800088,0.0,0.0
44046,478820,0.20494643,0.10378003,0.10361529,0.1245625,10,0.0,63366,746360,0.47571203,0.5979163,0.592539,0.57823,0.68065846,0.70169634,0.69615436,0.7027925,4958,109983.28717136383,0.42473903,0.45549732,0.50279266,0.48934832,9.316979820226866,0.0,0.0
44104,479400,0.2877924,0.09661458,0.111221716,0.12197512,10,0.0,63468,747380,0.4273956,0.6317555,0.5900603,0.581002,0.715188,0.70289093,0.698404,0.70268935,4967,109993.20213222504,0.4273956,0.5425111,0.51995176,0.49379432,16.2119318746229,0.0,0.0
44164,480000,0.31694517,0.07990306,0.10159166,0.11966216,10,0.0,63597,748670,0.39343414,0.631889,0.60208493,0.58294594,0.7103793,0.71179193,0.7036766,0.70260805,4977,110004.47145652771,0.39343414,0.47111243,0.50986356,0.49485284,9.488821693213383,0.0,0.0
44217,480530,0.2725832,0.09368042,0.101981096,0.11845753,10,0.0,63688,749580,0.47237694,0.6156545,0.60749483,0.58466846,0.7449601,0.70933497,0.70947593,0.70312595,4985,110015.21950674057,0.43480837,0.5581794,0.5258807,0.4977619,11.074540726351668,0.0,0.0
44284,481200,0.32449412,0.14744598,0.11684841,0.11916165,10,0.0,63813,750830,0.37938988,0.5722811,0.5912319,0.5837016,0.703884,0.71972716,0.70808035,0.7028633,4995,110025.86982297897,0.37938988,0.5077729,0.52196157,0.49820167,9.755910574045112,0.0,0.0
44334,481700,0.13942647,0.113520995,0.11962661,0.118707456,10,0.0,63909,751790,0.51397496,0.5847553,0.586191,0.58380413,0.65340143,0.70416045,0.7067926,0.7025789,5003,110036.67923665047,0.4429809,0.55988014,0.51571906,0.49876058,9.681784606293396,0.0,0.0
44380,482160,0.26024666,0.076732956,0.12200849,0.11917165,10,0.0,64017,752870,0.4378849,0.6283821,0.5807373,0.582923,0.69813156,0.705115,0.70274574,0.7020947,5011,110047.33524227142,0.4378849,0.50488627,0.50124645,0.498188,8.268905667772197,0.0,0.0
44434,482700,0.27515328,0.10663493,0.13259621,0.119273424,10,0.0,64102,753720,0.42956316,0.60959136,0.56913865,0.5832023,0.70471644,0.7162264,0.70173484,0.70247585,5019,110058.0225148201,0.42956316,0.5865379,0.49190316,0.50027084,9.496214128862482,0.0,0.0
44486,483220,0.21269274,0.13149408,0.12303695,0.117476285,10,0.0,64208,754780,0.48083216,0.5607885,0.5772179,0.5846029,0.6935249,0.69228256,0.7002548,0.70207924,5027,110068.58976984024,0.38129684,0.51125246,0.5200233,0.50318414,8.308056408287804,0.0,0.0
44539,483750,0.28383338,0.12702915,0.11017367,0.11558681,10,0.0,64297,755670,0.39824945,0.5931937,0.5920144,0.5867397,0.68208283,0.72022283,0.702188,0.7023266,5035,110079.31292271614,0.39824945,0.53142345,0.51665473,0.5048703,8.926907674285559,0.0,0.0
44586,484220,0.25698793,0.15545599,0.10826431,0.11484592,10,0.0,64398,756680,0.45962542,0.5474269,0.5978243,0.5875646,0.71661335,0.7028829,0.70608854,0.70241046,5043,110089.96005511284,0.45962542,0.5071804,0.51643634,0.506292,8.24974661502655,0.0,0.0
44641,484770,0.10876316,0.11922197,0.11038335,0.114371866,10,0.0,64493,757630,0.63288754,0.5853998,0.5944157,0.58844984,0.7416507,0.69504726,0.7035559,0.70271415,5051,110100.5043656826,0.63288754,0.48562494,0.51193583,0.50872636,9.525799896845381,0.0,0.0
44687,485230,0.24412045,0.14678589,0.11731318,0.113435656,10,0.0,64590,758600,0.48236826,0.54962564,0.58211374,0.5887702,0.7264887,0.6964115,0.69942695,0.7022059,5059,110111.06520438194,0.37939763,0.46781856,0.5030453,0.5102561,9.362661892665331,0.0,0.0
44738,485740,0.2139287,0.048950005,0.10360768,0.11292101,10,0.0,64686,759560,0.43780464,0.646586,0.5975096,0.5892866,0.65173334,0.695536,0.70111734,0.7022076,5067,110121.54545807838,0.43780464,0.59667814,0.51369196,0.51112044,8.91340618108629,0.0,0.0
44796,486320,0.2809771,0.11115813,0.09080236,0.11203712,10,0.0,64787,760570,0.39141372,0.5945382,0.61348397,0.5902289,0.6723908,0.70569634,0.7042864,0.70226604,5075,110131.98168945312,0.39141372,0.5855265,0.53751546,0.51247597,9.113764741977905,0.0,0.0
44844,486800,0.012880802,0.09304655,0.09000878,0.10959219,10,0.0,64887,761570,0.7108305,0.6063752,0.61220783,0.59301126,0.7237113,0.6994217,0.7022165,0.7026034,5083,110142.69035887718,0.4977438,0.52512723,0.55916315,0.5174637,8.097126037477672,0.0,0.0
44891,487270,-0.03344077,0.100901306,0.093688615,0.10876418,10,0.0,64969,762390,0.7064306,0.6025004,0.6091389,0.59413826,0.67298985,0.70340174,0.7028275,0.7029024,5090,110152.81977081299,0.37760305,0.551334,0.5541616,0.51813453,9.377547253800772,0.0,0.0
44937,487730,0.16433239,0.04054528,0.08523873,0.10609489,10,0.0,65065,763350,0.47575772,0.6795638,0.62409586,0.59712684,0.6400901,0.72010916,0.70933473,0.7032218,5098,110163.45208501816,0.4702801,0.5842605,0.5412936,0.5209736,8.308678512707752,0.0,0.0
44991,488270,0.11752093,0.10635392,0.07133763,0.10497604,10,0.0,65165,764350,0.58002967,0.5991285,0.6340463,0.59827757,0.6975506,0.70548236,0.705384,0.7032537,5106,110174.10499429703,0.52142954,0.49676627,0.5507099,0.5230171,8.337182590346226,0.0,0.0
45045,488810,0.09562433,0.14518376,0.087068535,0.104134746,10,0.0,65258,765280,0.6310141,0.5427883,0.61446494,0.59933084,0.72663844,0.687972,0.7015334,0.70346564,5114,110184.82081890106,0.45373017,0.458915,0.5342221,0.5239717,9.71660564305298,0.0,0.0
45091,489270,0.061149776,0.04707929,0.091247186,0.10282907,10,0.0,65357,766270,0.6662085,0.6459936,0.6087654,0.6007737,0.7273583,0.69307286,0.70001256,0.7036028,5122,110195.3728108406,0.42633206,0.56849706,0.52435523,0.5239345,10.92877995295285,0.0,0.0
45146,489820,0.22445726,0.10719864,0.09129473,0.10302532,10,0.0,65454,767240,0.51962423,0.605276,0.6102277,0.60051686,0.7440815,0.71247464,0.70152235,0.7035421,5130,110206.05870628357,0.4617775,0.54054934,0.52816725,0.5244689,9.986851836242739,0.0,0.0
45194,490300,0.20254284,0.07115642,0.09055075,0.10159741,10,0.0,65561,768310,0.51919013,0.6375655,0.6112449,0.60138816,0.721733,0.70872194,0.70179564,0.7029856,5138,110216.76313591003,0.4094664,0.53848267,0.52859765,0.5256832,8.146030612793856,0.0,0.0
45249,490850,0.04855025,0.043195404,0.06856965,0.099840045,10,0.0,65650,769200,0.6084748,0.66202444,0.63389623,0.6030353,0.65702504,0.70521986,0.7024659,0.7028753,5146,110227.20848679543,0.48337635,0.5586733,0.54855764,0.52739614,11.000619231748727,0.0,0.0
45318,491540,0.0008367896,0.060608543,0.05180953,0.094727054,10,0.0,65783,770530,0.73148584,0.6339889,0.65048033,0.60786974,0.73232263,0.6945974,0.7022899,0.7025968,5156,110237.09174346924,0.6432586,0.58174336,0.5760674,0.5327972,21.01536856651403,0.0,0.0
45394,492300,-0.05974126,-0.012418103,0.02270984,0.08613435,10,0.0,65929,771990,0.8015691,0.7283968,0.6849804,0.617009,0.74182785,0.71597856,0.7076902,0.7031433,5169,110248.2823214531,0.72689563,0.70019156,0.6362013,0.54440135,14.99593844745724,0.0,0.0
45457,492930,-0.0027914047,-0.019091755,-0.011476352,0.077339076,10,0.0,66051,773210,0.70494795,0.73030174,0.7144233,0.62588,0.70215654,0.7112101,0.702947,0.70321906,5179,110258.54890966415,0.69509524,0.6968336,0.680614,0.5550049,11.950499910107071,0.0,0.0
45535,493710,-0.02579397,0.0009629607,-0.006097751,0.068559974,10,0.0,66195,774650,0.70184255,0.6988445,0.71004707,0.63485825,0.6760486,0.6998074,0.7039493,0.70341825,5191,110268.66480016708,0.6760486,0.6884744,0.69247293,0.5688879,22.05740610242225,0.0,0.0
45592,494280,0.058163047,-0.011691737,-0.006372962,0.06144205,10,0.0,66303,775730,0.6768452,0.72580016,0.7121553,0.64175224,0.73500824,0.7141084,0.7057825,0.7031943,5199,110277.22683930397,0.6552072,0.7070842,0.69284827,0.5793554,11.011359728227625,0.0,0.0
45662,494980,-0.026255071,-0.007568455,-0.0076427115,0.053284492,10,0.0,66441,777110,0.66734916,0.6911508,0.71002793,0.6497845,0.6410941,0.6862078,0.70261407,0.70319223,5211,110289.3621377945,0.6410941,0.6709195,0.6867562,0.590905,13.161515931057984,0.0,0.0
45726,495620,-0.014436662,-0.013870472,-0.013109756,0.04566272,10,0.0,66561,778310,0.75555557,0.70885366,0.7143818,0.6577085,0.7411189,0.69498324,0.70127213,0.70337117,5221,110299.78787255287,0.6828126,0.6804528,0.6842243,0.6023689,10.409298497883794,0.0,0.0
45809,496450,-0.030982912,-0.0074323774,-0.009955985,0.03727434,10,0.0,66709,779790,0.7468914,0.7237236,0.7130809,0.6659785,0.71590847,0.71629125,0.70312494,0.7032528,5234,110310.53815746307,0.71590847,0.70054257,0.68091375,0.6131,12.104252948430211,0.0,0.0
45876,497120,0.0,-0.0030716895,-0.009233778,0.030671956,10,0.0,66829,780990,0.71091723,0.71097183,0.7129761,0.6727723,0.71091723,0.70790017,0.7037422,0.7034443,5244,110320.8429210186,0.71091723,0.68993217,0.68835264,0.62255615,13.009034637688666,0.0,0.0
45938,497740,-0.023327708,-0.01213221,-0.010083455,0.025278963,10,0.0,66937,782070,0.69762814,0.71988225,0.71313566,0.6777487,0.67430043,0.70775,0.7030522,0.70302767,5253,110330.24807071686,0.67430043,0.6963407,0.68698305,0.63109374,14.114000147388746,0.0,0.0
45977,498130,-0.011645317,0.00364542,-0.011120787,0.022384848,10,0.0,67033,783030,0.74168867,0.6823037,0.7139994,0.68082273,0.73004335,0.6859492,0.7028785,0.70320755,5260,110340.91188883781,0.65908635,0.66024715,0.6840303,0.63570493,22.27541119425576,0.0,0.0
46026,498620,0.015275598,-0.011151838,-0.0094474815,0.018196797,10,0.0,67132,784020,0.694198,0.71235216,0.7130177,0.68496335,0.7094736,0.70120037,0.7035704,0.7031601,5268,110351.80966925621,0.692087,0.6850072,0.6840343,0.6426155,8.199461189390894,0.0,0.0
46081,499170,-0.0029527545,-0.025825579,-0.010688914,0.011688467,10,0.0,67233,785030,0.7184053,0.70914656,0.7136566,0.6917824,0.71545255,0.683321,0.70296776,0.7034708,5276,110362.41825246811,0.6954154,0.6790658,0.6862397,0.65189517,8.792610884941283,0.0,0.0
46134,499700,-0.0039752126,0.0026962995,-0.0075970264,0.006646498,10,0.0,67321,785910,0.6569902,0.7041172,0.70939535,0.69695073,0.65301496,0.7068135,0.7017984,0.7035973,5284,110373.19875741005,0.65301496,0.6692891,0.6828616,0.66012096,9.805931901640118,0.0,0.0
46180,500160,0.0,-0.0076544406,-0.006859169,0.0019308882,10,0.0,67418,786880,0.6509856,0.7061187,0.7085109,0.7014773,0.6509856,0.6984642,0.70165163,0.7034082,5292,110384.04660773277,0.6509856,0.6801654,0.6824818,0.6674765,9.67423442656868,0.0,0.0
46230,500660,-0.07863456,-0.011687833,-0.011599476,-0.0021003766,10,0.0,67512,787820,0.7908073,0.7179168,0.71624875,0.7057487,0.71217275,0.7062289,0.7046493,0.7036483,5300,110394.67695641518,0.63654166,0.6949953,0.6855973,0.67368495,8.306991805510856,0.0,0.0
46277,501130,-0.02229631,0.010480935,-0.009271699,-0.00401314,10,0.0,67610,788800,0.7488317,0.6969374,0.7125133,0.7077987,0.7265354,0.7074183,0.7032417,0.7037856,5307,110404.77645874023,0.7265354,0.67674005,0.68145734,0.67869353,9.542561311745441,0.0,0.0
46322,501580,0.002480507,-0.004140854,-0.0070009725,-0.007978415,10,0.0,67685,789550,0.6930274,0.7065009,0.7096506,0.71136266,0.6955079,0.70236,0.7026497,0.7033843,5314,110414.21546840668,0.6855096,0.6935832,0.6867695,0.6835327,17.26824191242828,0.0,0.0
46375,502110,-0.008447826,0.009045029,-0.010370629,-0.009441424,10,0.0,67779,790490,0.7199464,0.6972319,0.7163211,0.7128186,0.71149856,0.7062769,0.7059504,0.7033772,5322,110425.04248070717,0.71149856,0.63702416,0.6843206,0.68571293,9.726781658854962,0.0,0.0
46423,502590,0.002599001,-0.013943034,-0.008316978,-0.008812939,10,0.0,67883,791530,0.7038814,0.71667814,0.7116884,0.7119976,0.7064804,0.7027351,0.7033715,0.7031846,5330,110435.67132306099,0.6953766,0.6935048,0.67920095,0.68533015,8.439814039741922,0.0,0.0
46467,503030,-0.00833863,-0.01602773,-0.0060562063,-0.008833505,10,0.0,67972,792420,0.67489177,0.7214931,0.7091474,0.712109,0.66655314,0.70546544,0.70309126,0.7032755,5337,110446.08955216408,0.66655314,0.6952054,0.6820106,0.6852205,8.758295659800165,0.0,0.0
46519,503550,0.056473017,-0.025717854,-0.013017251,-0.009416058,10,0.0,68070,793400,0.6751936,0.70264864,0.7176265,0.71267235,0.7316666,0.6769308,0.7046093,0.70325637,5345,110456.81025099754,0.6536479,0.67061275,0.689946,0.68511176,10.836365177123234,0.0,0.0
46574,504100,-0.039839983,-0.006134051,-0.00985826,-0.009399059,10,0.0,68155,794250,0.7240426,0.7142397,0.7126331,0.71272826,0.6842026,0.7140788,0.7030741,0.70337546,5353,110467.28690266609,0.6842026,0.6903955,0.68354523,0.68466353,10.035458922680407,0.0,0.0
46635,504710,0.031771064,-0.008495015,-0.0052115507,-0.009309957,10,0.0,68276,795460,0.6952399,0.7029216,0.7083437,0.71243554,0.72701097,0.69442666,0.7031323,0.7031256,5363,110477.50032424927,0.6884137,0.6763667,0.6769907,0.68375087,9.318397725000555,0.0,0.0
46685,505210,0.024448514,-0.008376378,-0.00284957,-0.008966826,10,0.0,68372,796420,0.68012285,0.70565265,0.7053359,0.7123416,0.70457137,0.69727635,0.7024864,0.70337474,5371,110488.61941456795,0.67626995,0.6785594,0.67533654,0.6835701,7.855224141395772,0.0,0.0
46736,505720,0.008046746,0.0063531874,-0.004451504,-0.008480729,10,0.0,68469,797390,0.74423105,0.6886138,0.7060466,0.71154493,0.7522778,0.694967,0.70159507,0.70306426,5379,110499.7281756401,0.74423105,0.6807952,0.6810885,0.6833545,8.05018622143701,0.0,0.0
46789,506250,-0.017606378,-0.013499921,-0.006320083,-0.008487746,10,0.0,68571,798410,0.70199436,0.7083337,0.70852655,0.71184,0.684388,0.69483376,0.70220655,0.70335215,5387,110510.46378707886,0.684388,0.67748106,0.672382,0.682681,8.629599933667588,0.0,0.0
46859,506950,-0.033528447,0.0013206959,-0.0061463392,-0.0082400385,10,0.0,68707,799770,0.7138799,0.6984583,0.709803,0.7113817,0.68035144,0.7030622,0.7036617,0.7031752,5398,110521.13465070724,0.68035144,0.67404866,0.6756781,0.68181336,10.506062966683116,0.0,0.0
46915,507510,0.007764876,-0.021882981,-0.0065660845,-0.0081110895,10,0.0,68823,800930,0.67124534,0.7161063,0.70597667,0.71104527,0.6790102,0.6942234,0.6994105,0.7029342,5407,110531.71546888351,0.67124534,0.6591808,0.65653604,0.6796578,16.114349029789793,0.0,0.0
46977,508130,-0.029560208,-0.011814153,-0.0046530613,-0.0075174686,10,0.0,68926,801960,0.7371395,0.70211285,0.7073054,0.71030164,0.7075793,0.6902987,0.70265245,0.7027841,5416,110542.14225196838,0.7075793,0.6681947,0.65152514,0.6776704,8.824477165532585,0.0,0.0
47030,508660,-0.06047505,-0.013595623,-0.00029417337,-0.0067559336,10,0.0,69044,803140,0.7184946,0.7446356,0.70717984,0.7098455,0.65801954,0.73103994,0.7068856,0.70308954,5425,110552.70301628113,0.37507868,0.6744846,0.6540386,0.6757373,7.63468026951344,0.0,0.0
47081,509170,-0.015852094,0.056545395,0.008708337,-0.0051301173,10,0.0,69124,803940,0.7198027,0.6413435,0.7024134,0.7087435,0.7039506,0.69788885,0.7111217,0.7036134,5433,110562.40505433083,0.7039506,0.60732925,0.6528717,0.6736195,22.142714603524205,0.0,0.0
47150,509860,0.0,0.014012816,0.008926646,-0.004656975,10,0.0,69261,805310,0.7329977,0.6957124,0.6981247,0.70852953,0.7329977,0.70972526,0.70705134,0.70387256,5443,110573.7698996067,0.7329977,0.6119833,0.64431876,0.6717219,8.814833402476633,0.0,0.0
47191,510270,-0.03152162,-0.0059928834,0.022897411,-0.0022375337,10,0.0,69350,806200,0.75515944,0.71769005,0.67558134,0.70522535,0.7236378,0.7116971,0.69847876,0.7029878,5450,110583.73796319962,0.7236378,0.6220223,0.6070521,0.66588616,17.074941510147536,0.0,0.0
47244,510800,-0.018855572,0.01218119,0.025982404,-0.0009964568,10,0.0,69436,807060,0.7186516,0.68443,0.66835684,0.70365226,0.699796,0.6966112,0.6943392,0.70265573,5458,110594.67700982094,0.3236721,0.64212334,0.60478693,0.66341794,9.19610511565884,0.0,0.0
47291,511270,0.21339616,0.07328296,0.018643875,0.00041474914,10,0.0,69524,807940,0.44137558,0.6169225,0.678763,0.7020339,0.65477175,0.69020545,0.6974067,0.7024486,5465,110604.30488228798,0.44137558,0.5546285,0.61261505,0.6588634,32.26864275339127,0.0,0.0
47341,511770,0.36275312,0.0484334,0.018452374,0.0014529834,10,0.0,69629,808990,0.4070491,0.67210114,0.6836265,0.70112973,0.7698022,0.7205345,0.70207894,0.7025828,5473,110615.65039801598,0.4070491,0.6555334,0.6168201,0.65687996,9.579509648703684,0.0,0.0
47390,512260,0.2378948,0.057889484,0.025656223,0.0037979905,10,0.0,69718,809880,0.41735116,0.61748254,0.68003273,0.69872975,0.65524596,0.675372,0.705689,0.7025277,5481,110626.3428235054,0.37201095,0.54036915,0.6096063,0.65180236,11.504873170298183,0.0,0.0
47450,512860,0.3137487,-0.0057733953,0.04086924,0.0071582324,10,0.0,69827,810970,0.4052085,0.69514865,0.6579728,0.69517964,0.7189572,0.6893751,0.6988421,0.7023378,5489,110635.10369610786,0.38473913,0.54652107,0.5538368,0.6428605,18.81596325007178,0.0,0.0
47501,513370,0.030262113,-0.009045732,0.029700179,0.009476529,10,0.0,69935,812050,0.74044186,0.73537385,0.6718786,0.69261765,0.770704,0.72632813,0.7015787,0.70209414,5498,110646.01360535622,0.7031691,0.5765684,0.55631727,0.6359262,19.980678169570975,0.0,0.0
47550,513860,0.0,0.15682271,0.061745778,0.014700943,10,0.0,70025,812950,0.6714267,0.5471715,0.64522195,0.6881509,0.6714267,0.70399415,0.7069678,0.7028519,5506,110656.930934906,0.6714267,0.5383922,0.5515641,0.62967926,7.70365167765438,0.0,0.0
47595,514310,0.21476623,0.05106948,0.07680963,0.017952817,10,0.0,70111,813810,0.47621855,0.64626825,0.62955,0.68444717,0.6909848,0.69733775,0.7063597,0.7024,5513,110666.77620887756,0.43992054,0.545259,0.54354805,0.62276787,23.095561006902287,0.0,0.0
47645,514810,0.15942067,0.15479156,0.083953746,0.022780137,10,0.0,70210,814800,0.53930974,0.5424846,0.61909324,0.67998016,0.6987304,0.69727623,0.703047,0.7027603,5521,110677.66872954369,0.3680343,0.4629895,0.51669616,0.6141935,8.09970450001178,0.0,0.0
47694,515300,0.0,0.14285778,0.09860379,0.027824841,10,0.0,70306,815760,0.70121634,0.58487844,0.6078757,0.6750376,0.70121634,0.7277363,0.70647955,0.70286244,5528,110687.62905025482,0.70121634,0.48941088,0.49775037,0.6058492,8.842002920558654,0.0,0.0
47740,515760,0.27311075,0.12967578,0.10951476,0.033486977,10,0.0,70392,816620,0.40603226,0.56020486,0.59476274,0.6693826,0.679143,0.6898807,0.7042775,0.70286953,5536,110698.81195163727,0.38175982,0.48214525,0.50809973,0.59778917,8.48626110377334,0.0,0.0
47791,516270,0.26519108,0.13311796,0.11820093,0.040288456,10,0.0,70496,817660,0.5053626,0.56632507,0.5840004,0.6625924,0.77055365,0.69944316,0.70220137,0.7028809,5544,110709.90897369385,0.5053626,0.50888795,0.5045492,0.58910125,7.808810097321925,0.0,0.0
47845,516810,0.312104,0.16275409,0.1186845,0.04647449,10,0.0,70586,818560,0.44228852,0.5322774,0.58506346,0.6562533,0.7543925,0.6950315,0.703748,0.70272774,5552,110720.2517387867,0.35252354,0.45228162,0.5098373,0.5809742,9.633728929180917,0.0,0.0
47916,517520,0.07595605,0.116549134,0.1169417,0.055749238,10,0.0,70717,819870,0.60691226,0.5737627,0.5871053,0.64753294,0.6828683,0.6903118,0.70404696,0.7032822,5562,110729.27697610855,0.42585397,0.48703146,0.52027875,0.57168764,30.311140018066848,0.0,0.0
47967,518030,0.26945212,0.10140212,0.12536506,0.062125903,10,0.0,70811,820810,0.42318377,0.6115705,0.5788639,0.6414338,0.6926359,0.7129727,0.704229,0.7035597,5571,110740.3061439991,0.42318377,0.5285433,0.5030437,0.5634377,33.83057064987252,0.0,0.0
48021,518570,0.31757438,0.115232036,0.12789153,0.068829805,10,0.0,70913,821830,0.37878656,0.58288133,0.5803786,0.63474005,0.69636095,0.69811326,0.70827,0.7035698,5579,110750.39701366425,0.37878656,0.49270993,0.4897686,0.55437756,13.505963574538242,0.0,0.0
48093,519290,0.19667774,0.11348456,0.11933903,0.07661517,10,0.0,71045,823150,0.50356907,0.5873321,0.5832769,0.62648046,0.7002468,0.7008167,0.7026159,0.7030956,5590,110760.82898497581,0.30866632,0.47310853,0.48861584,0.5432754,12.008934182697223,0.0,0.0
48150,519860,0.3350536,0.13156739,0.11929216,0.08362346,10,0.0,71163,824330,0.39038375,0.5764459,0.5879808,0.6198258,0.72543734,0.70801324,0.70727295,0.7034493,5600,110771.98975610733,0.39038375,0.53575945,0.5064255,0.5354714,22.804289331421696,0.0,0.0
48203,520390,0.25408185,0.09022029,0.124539375,0.08766348,10,0.0,71264,825340,0.4311549,0.6188998,0.58181834,0.6164085,0.68523675,0.7091201,0.70635766,0.704072,5608,110783.10517930984,0.4311549,0.5251545,0.51533526,0.5324396,10.588954657615794,0.0,0.0
48270,521060,0.31714183,0.10611081,0.11846984,0.09372771,10,0.0,71381,826510,0.37909478,0.58894706,0.5841719,0.61049724,0.6962366,0.69505787,0.70264184,0.70422494,5618,110793.47251749039,0.37909478,0.50787246,0.50960785,0.5258328,9.213008246516432,0.0,0.0
48315,521510,0.3156402,0.116866134,0.10316954,0.09764009,10,0.0,71466,827360,0.4240951,0.5705043,0.5955363,0.6065187,0.7397353,0.6873705,0.6987059,0.70415884,5625,110803.38508987427,0.3258713,0.520526,0.51989603,0.5217969,22.987059891912747,0.0,0.0
48362,521980,0.098992765,0.121669866,0.10459139,0.10210378,10,0.0,71573,828430,0.57476,0.5976278,0.597646,0.6018728,0.6737528,0.71929777,0.70223737,0.7039766,5633,110814.70999312401,0.3642343,0.5114524,0.50945204,0.5152989,8.27203354013233,0.0,0.0
48409,522450,0.25649145,0.124942735,0.111969374,0.10421053,10,0.0,71659,829290,0.40251252,0.59997725,0.591578,0.5999648,0.659004,0.7019226,0.70098245,0.7039099,5640,110825.6424934864,0.37758124,0.447048,0.4881491,0.51277024,10.457282206231879,0.0,0.0
48453,522890,0.42490813,0.1063514,0.10876879,0.10821258,10,0.0,71742,830120,0.37334386,0.588597,0.5936018,0.5960763,0.798252,0.6949484,0.7023706,0.7042889,5647,110835.58991003036,0.37334386,0.47778812,0.4898476,0.509962,22.302476012219213,0.0,0.0
48506,523420,0.0,0.14908604,0.11188524,0.11211896,10,0.0,71832,831020,0.70206386,0.53731054,0.5938984,0.5921851,0.70206386,0.68639666,0.7057836,0.70430404,5655,110846.70669531822,0.70206386,0.463725,0.50437903,0.50761837,9.084782121820828,0.0,0.0
48553,523890,0.23861736,0.10386832,0.1074499,0.112347856,10,0.0,71928,831980,0.42500502,0.5980705,0.5989349,0.59187895,0.6636224,0.7019388,0.7063847,0.70422685,5663,110857.5006480217,0.40491787,0.49391347,0.51336694,0.50641394,8.552874507796744,0.0,0.0
48604,524400,0.19089222,0.08825091,0.106858924,0.114541434,10,0.0,72026,832960,0.48939008,0.62789124,0.60027474,0.58996874,0.6802823,0.7161422,0.70713353,0.7045102,5671,110868.50389361382,0.42895368,0.5313288,0.51807994,0.5057773,8.17100116536448,0.0,0.0
48654,524900,0.088469625,0.11250794,0.11299371,0.11542303,10,0.0,72121,833910,0.61712635,0.60623723,0.5938319,0.5892899,0.70559597,0.7187451,0.7068256,0.704713,5678,110879.0400569439,0.37702894,0.5371281,0.5176571,0.50676364,7.7530730924645,0.0,0.0
48696,525320,0.24604449,0.11686102,0.11673833,0.11629167,10,0.0,72202,834720,0.4167743,0.5754233,0.5926909,0.58834153,0.6628188,0.69228435,0.70942926,0.7046333,5685,110889.89188551903,0.410311,0.46897888,0.5130306,0.5071683,9.60994559570356,0.0,0.0
48752,525880,0.23743257,0.09196061,0.13061364,0.11767411,10,0.0,72313,835830,0.48975858,0.6367354,0.5752315,0.5871848,0.72719115,0.7251482,0.70566964,0.7047875,5693,110899.85751128197,0.4355887,0.5517019,0.49773955,0.50610334,10.929335268889325,0.0,0.0
48812,526480,0.28828126,0.10474674,0.11491236,0.11598115,10,0.0,72425,836950,0.40763152,0.6025263,0.5909996,0.58885145,0.6959128,0.70727295,0.70591193,0.70483255,5703,110910.67682981491,0.40763152,0.50188553,0.50428486,0.50641465,9.288018881169364,0.0,0.0
48857,526930,0.20611644,0.13655493,0.116722375,0.11736247,10,0.0,72511,837810,0.5199725,0.5722188,0.5828456,0.5870543,0.72608894,0.7087737,0.699568,0.7044169,5710,110920.86208057404,0.5199725,0.47818977,0.49892122,0.5051031,8.656906302902062,0.0,0.0
48903,527390,0.23380065,0.06888662,0.12816165,0.11710777,10,0.0,72612,838820,0.5328849,0.61841094,0.5706917,0.58720547,0.76668555,0.6872976,0.6988533,0.7043132,5717,110931.07284355164,0.3622166,0.5013845,0.4912184,0.5034732,8.547434722527052,0.0,0.0
48948,527840,0.014609039,0.12361713,0.12250351,0.11665761,10,0.0,72700,839700,0.6548704,0.5851069,0.5835032,0.58789235,0.6694794,0.70624375,0.70615226,0.7045771,5724,110941.36323070526,0.45024663,0.52669734,0.51419795,0.50573087,7.304436749277098,0.0,0.0
48993,528290,0.33095032,0.094940044,0.11629483,0.11672441,10,0.0,72775,840450,0.42653215,0.6182929,0.5879473,0.5873883,0.75748247,0.71323293,0.70424217,0.7041127,5731,110951.61376357079,0.42653215,0.52755105,0.52182055,0.5061817,9.448501178499077,0.0,0.0
49033,528690,0.32586873,0.08698814,0.12126105,0.11646025,10,0.0,72863,841330,0.35470772,0.59421,0.5814054,0.587629,0.68057644,0.6811981,0.70266646,0.7040893,5738,110961.69535779953,0.35470772,0.5551015,0.5092024,0.5069314,24.3677792302106,0.0,0.0
49086,529220,0.22952414,0.11037189,0.11915419,0.11639055,10,0.0,72962,842320,0.5127117,0.6091626,0.5843068,0.58773685,0.74223584,0.71953446,0.70346093,0.7041273,5746,110972.6568505764,0.30464113,0.4828806,0.49758166,0.50690323,9.742314256752927,0.0,0.0
49159,529950,0.35627833,0.10412506,0.10537478,0.115360804,10,0.0,73110,843800,0.33173463,0.5877069,0.59881383,0.5884121,0.68801296,0.69183195,0.7041887,0.70377296,5757,110983.55473637581,0.33173463,0.5107229,0.5226991,0.5085131,8.784557891674606,0.0,0.0
49212,530480,0.35925755,0.08677,0.108530976,0.11532222,10,0.0,73217,844870,0.36453328,0.60656536,0.5939026,0.5884556,0.7237908,0.6933354,0.70243365,0.70377785,5766,110994.3260140419,0.33769357,0.53939676,0.5256218,0.50789326,9.65248287176683,0.0,0.0
49268,531040,0.1847935,0.1462915,0.124589466,0.115748,10,0.0,73309,845790,0.4751763,0.5688542,0.57660806,0.58788365,0.6599698,0.7151457,0.70119756,0.7036316,5774,111004.63910102844,0.4751763,0.5092291,0.49798784,0.506763,7.618996410757301,0.0,0.0
49310,531460,0.21015084,0.11898607,0.1154642,0.11678267,10,0.0,73393,846630,0.45770794,0.58624244,0.5837484,0.5868608,0.6678588,0.7052285,0.6992125,0.70364344,5781,111014.55882692337,0.45770794,0.5134186,0.4881935,0.5045069,24.937565475687933,0.0,0.0
49364,532000,0.0,0.15783902,0.11420125,0.11651827,10,0.0,73495,847650,0.7043771,0.5406033,0.5857456,0.5868063,0.7043771,0.6984423,0.6999469,0.70332456,5789,111025.38444161415,0.7043771,0.5133688,0.4981439,0.50540155,9.435482310765254,0.0,0.0
49411,532470,0.37556514,0.10674258,0.1041317,0.11611649,10,0.0,73585,848550,0.35222206,0.57670045,0.5950949,0.5873223,0.7277872,0.68344307,0.6992267,0.70343876,5797,111036.3659517765,0.35222206,0.4859465,0.51358867,0.5072757,8.846157820974252,0.0,0.0
49465,533010,0.15441918,0.17838763,0.11286064,0.1164612,10,0.0,73680,849500,0.5633831,0.5352024,0.5887656,0.5869165,0.7178023,0.71359,0.7016262,0.7033778,5805,111047.21739673615,0.5633831,0.46132112,0.50696486,0.5080708,10.035542962720683,0.0,0.0
49508,533440,0.3246909,0.1067137,0.11062285,0.116104625,10,0.0,73764,850340,0.38266394,0.60158604,0.59455013,0.58732086,0.70735484,0.70829976,0.705173,0.7034254,5812,111057.42029285431,0.38266394,0.51070005,0.51918256,0.50843906,9.550344358999522,0.0,0.0
49560,533960,0.42560992,0.15025397,0.11087514,0.116505064,10,0.0,73860,851300,0.32022753,0.56660116,0.59829557,0.5868831,0.74583745,0.71685505,0.7091705,0.70338815,5820,111068.0555422306,0.32022753,0.48002195,0.51723623,0.50819916,8.127234512627012,0.0,0.0
49615,534510,0.3909544,0.16945691,0.11404354,0.117198534,10,0.0,73966,852360,0.31159094,0.53820556,0.5918052,0.5859946,0.70254534,0.70766246,0.7058489,0.7031932,5828,111078.56538820267,0.31159094,0.4629523,0.5086789,0.507632,10.555606447865527,0.0,0.0
49666,535020,0.23812452,0.12584597,0.117483415,0.116671234,10,0.0,74052,853220,0.45994815,0.58025706,0.5861301,0.5862516,0.6980727,0.706103,0.70361346,0.7029229,5836,111088.89160943031,0.35026062,0.5188917,0.5047515,0.50702435,10.758995448407763,0.0,0.0
49718,535540,0.2898541,0.116813466,0.11975041,0.1163408,10,0.0,74157,854270,0.3773563,0.5830077,0.58770597,0.5869933,0.6672104,0.6998211,0.7074566,0.7033341,5844,111099.30708479881,0.3502214,0.4820622,0.5106712,0.50784564,10.993540649038437,0.0,0.0
49764,536000,0.32797435,0.095963895,0.11931359,0.11600838,10,0.0,74245,855150,0.35007802,0.6084284,0.5883987,0.58749294,0.67805237,0.7043923,0.70771223,0.7035013,5852,111109.97039175034,0.35007802,0.51940215,0.53164643,0.51007444,8.85011120918066,0.0,0.0
49815,536510,0.24481791,0.117522836,0.12167444,0.116731495,10,0.0,74344,856140,0.41391414,0.5894445,0.58565444,0.58673424,0.65873206,0.70696735,0.70732886,0.70346576,5860,111120.85335159302,0.38059124,0.49518114,0.52563316,0.50993186,8.203351708369883,0.0,0.0
49868,537040,0.13788581,0.12821193,0.12958528,0.116975665,10,0.0,74442,857120,0.55240756,0.5787128,0.5759654,0.5868291,0.6902934,0.70692474,0.7055506,0.70380473,5868,111131.57232284546,0.34902024,0.47456717,0.48467225,0.50858605,7.7087076904132426,0.0,0.0
49916,537520,0.31963825,0.077851206,0.1124252,0.1155293,10,0.0,74534,858040,0.37684435,0.6266462,0.5923617,0.58830005,0.6964826,0.70449746,0.70478684,0.7038293,5876,111142.58748793602,0.37684435,0.56477344,0.48969296,0.50845784,9.7945466030402,0.0,0.0
49967,538030,0.16279346,0.10170212,0.10281133,0.11473843,10,0.0,74626,858960,0.5093934,0.6070251,0.60383266,0.5893006,0.67218685,0.70872724,0.706644,0.70403904,5884,111153.60950231552,0.3745795,0.4705701,0.497179,0.50665635,8.26387635583556,0.0,0.0
50019,538550,0.2131032,0.07261587,0.10951921,0.11424681,10,0.0,74728,859980,0.4522904,0.63938224,0.60051817,0.58997643,0.6653936,0.7119981,0.7100374,0.70422333,5892,111164.39429497719,0.39618328,0.60425395,0.5013672,0.5072786,7.6608362199417535,0.0,0.0
50073,539090,0.0006554127,0.1167196,0.117834575,0.1150455,10,0.0,74826,860960,0.7832513,0.576948,0.5848701,0.58904564,0.7839067,0.69366765,0.70270467,0.7040912,5900,111175.29158377647,0.4692489,0.44109744,0.4997087,0.5058419,7.833530309120004,0.0,0.0
50117,539530,0.29220432,0.14833865,0.122191325,0.11490316,10,0.0,74905,861750,0.37774694,0.5392062,0.57543474,0.5888129,0.66995126,0.6875449,0.6976261,0.70371604,5907,111186.03801846504,0.32308203,0.48438087,0.48743027,0.5051164,9.552599945430686,0.0,0.0
50162,539980,0.3691921,0.0929665,0.11477385,0.115449645,10,0.0,74992,862620,0.39480695,0.60690224,0.5844532,0.5883276,0.76399904,0.6998688,0.6992271,0.70377725,5914,111195.8626089096,0.39480695,0.5150503,0.48929352,0.50411564,23.639164223923423,0.0,0.0
50214,540500,0.25388637,0.09853106,0.11140762,0.1146424,10,0.0,75092,863620,0.43677852,0.60280067,0.5949109,0.58950907,0.6906649,0.70133173,0.7063185,0.7041515,5922,111206.93576717377,0.43677852,0.47120342,0.49611354,0.5028606,9.51059581355504,0.0,0.0
50262,540980,0.29011506,0.096358694,0.11849202,0.11499184,10,0.0,75181,864510,0.4231099,0.5923755,0.58481646,0.5888574,0.71322495,0.6887342,0.7033084,0.70384926,5930,111217.84141588211,0.41395167,0.48625407,0.48219842,0.5022046,7.7655413434190415,0.0,0.0
50312,541480,0.00064879656,0.13883562,0.12298173,0.11544276,10,0.0,75266,865360,0.7786511,0.5559756,0.5730678,0.58845216,0.7792999,0.6948113,0.6960495,0.7038949,5937,111227.6765859127,0.44742745,0.5011169,0.4823772,0.50259304,9.208578506223903,0.0,0.0
50358,541940,0.37535614,0.105594896,0.11289999,0.11518452,10,0.0,75357,866270,0.31930655,0.60671914,0.5925907,0.5892822,0.6946627,0.712314,0.70549065,0.70446676,5945,111238.41962146759,0.31930655,0.526136,0.50231016,0.50284404,8.316203803207753,0.0,0.0
50405,542410,0.3331677,0.06095515,0.09315575,0.11407158,10,0.0,75449,867190,0.39599618,0.6374678,0.6164675,0.5908504,0.7291639,0.698423,0.70962334,0.704922,5952,111248.1064748764,0.39599618,0.5543077,0.5249867,0.5046416,21.089229534647636,0.0,0.0
50457,542930,0.28394133,0.1617932,0.09267935,0.11408876,10,0.0,75544,868140,0.4613948,0.55013204,0.6126843,0.5908834,0.7453361,0.7119252,0.70536375,0.7049721,5960,111258.95951747894,0.4613948,0.48621997,0.5361263,0.5047216,8.487203847091664,0.0,0.0
50510,543460,0.012667358,0.14944799,0.104201965,0.113336034,10,0.0,75639,869090,0.69400156,0.54684705,0.59502035,0.59102416,0.7066689,0.6962951,0.6992224,0.7043602,5968,111269.95783662796,0.48457944,0.4733513,0.51760554,0.50429016,10.010953012317067,0.0,0.0
50556,543920,0.25579163,0.107304595,0.09838018,0.11257303,10,0.0,75729,869990,0.45096186,0.58178425,0.5994872,0.5912513,0.7067535,0.6890888,0.6978675,0.7038244,5976,111280.53424143791,0.45096186,0.48932284,0.5197736,0.5050134,8.708099461129375,0.0,0.0
50607,544430,0.2406351,0.062021352,0.09789638,0.111702114,10,0.0,75831,871010,0.46068412,0.65822494,0.60349303,0.59217775,0.7013192,0.72024626,0.7013894,0.7038799,5984,111291.4293410778,0.4136767,0.6324442,0.5329705,0.50650203,10.741939135472311,0.0,0.0
50654,544900,0.2832335,0.102809,0.10227308,0.11090202,10,0.0,75910,871800,0.38189885,0.58621156,0.59828204,0.5924957,0.66513234,0.68902063,0.700555,0.70339775,5991,111300.8606300354,0.38189885,0.5017394,0.53229266,0.50808173,18.421569505859864,0.0,0.0
50699,545350,0.30971378,0.07681198,0.10046928,0.11041896,10,0.0,76009,872790,0.35304266,0.63478464,0.6012803,0.5927291,0.66275644,0.71159655,0.7017495,0.70314807,5998,111311.79709029198,0.35304266,0.59721583,0.5405936,0.50834465,7.585186556927546,0.0,0.0
50745,545810,0.31647325,0.13280371,0.10809323,0.109771684,10,0.0,76089,873590,0.43749374,0.5732904,0.5923538,0.5930393,0.753967,0.699658,0.70030767,0.7027623,6005,111321.47109627724,0.36807314,0.5231758,0.52737176,0.50807714,29.765815225452258,0.0,0.0
50794,546300,0.09516758,0.11848299,0.108187854,0.10934691,10,0.0,76177,874470,0.55931413,0.6034828,0.593858,0.5935803,0.6544817,0.7219658,0.7020459,0.7029272,6013,111332.45472311974,0.3840567,0.5789543,0.54774714,0.51033473,8.44302668419028,0.0,0.0
50843,546790,0.2687878,0.0835741,0.10101717,0.10729849,10,0.0,76274,875440,0.47471,0.61723584,0.6057264,0.5957429,0.7434978,0.70080996,0.7067436,0.7030414,6021,111343.28136992455,0.45930752,0.58402044,0.55901337,0.5146074,10.06452442689879,0.0,0.0
50891,547270,0.21170467,0.101692244,0.10316534,0.106983334,10,0.0,76362,876320,0.4749034,0.60056144,0.60419524,0.59609336,0.6866081,0.70225364,0.7073605,0.7030767,6028,111352.89629459381,0.4470216,0.5033878,0.5403628,0.5160053,19.008407687650234,0.0,0.0
50943,547790,0.23874888,0.084457085,0.09872521,0.10656747,10,0.0,76463,877330,0.48443738,0.6180016,0.60509306,0.5962623,0.72318625,0.7024587,0.70381826,0.7028297,6036,111364.23530554771,0.48328087,0.45374146,0.51960135,0.5165516,8.74627830500487,0.0,0.0
50987,548230,0.2568732,0.0945036,0.103095815,0.10641567,10,0.0,76550,878200,0.44126916,0.6101745,0.60350585,0.5967844,0.69814235,0.70467806,0.70660156,0.7032001,6043,111375.10053753853,0.33986574,0.55285513,0.511258,0.5184443,9.3053279679604,0.0,0.0
51036,548720,0.1712535,0.112584054,0.11366004,0.10676215,10,0.0,76637,879070,0.54712325,0.601823,0.5942653,0.5961555,0.71837676,0.71440697,0.7079252,0.7029176,6051,111386.04881572723,0.4785511,0.50665694,0.5041513,0.5169869,8.033780037101344,0.0,0.0
51082,549180,0.18790466,0.08878853,0.11223212,0.1057233,10,0.0,76720,879900,0.5257805,0.6252732,0.5934651,0.5976409,0.71368515,0.71406174,0.7056971,0.70336413,6058,111395.78464055061,0.51211977,0.5586935,0.520127,0.51997596,22.800533169816326,0.0,0.0
51134,549700,0.303607,0.08339973,0.11695951,0.10586139,10,0.0,76818,880880,0.40357238,0.63113797,0.5897139,0.5978417,0.70717937,0.7145377,0.7066734,0.70370305,6066,111406.73776769638,0.40357238,0.5587592,0.5228076,0.52181053,7.848605130377702,0.0,0.0
51183,550190,0.24969622,0.11155937,0.118198134,0.10666454,10,0.0,76917,881870,0.42697826,0.5977566,0.5835383,0.59672695,0.6766745,0.709316,0.7017363,0.70339143,6074,111417.83999443054,0.42697826,0.54049885,0.50389713,0.5202005,8.446017268577979,0.0,0.0
51235,550710,0.36412552,0.064507246,0.11313717,0.10619373,10,0.0,77007,882770,0.39827743,0.63009477,0.5878703,0.597106,0.76240295,0.694602,0.7010075,0.70329976,6081,111427.30131316185,0.39827743,0.5523087,0.50071293,0.5221575,35.72514922728883,0.0,0.0
51284,551200,0.2557887,0.16044942,0.12664427,0.10717316,10,0.0,77093,883630,0.44308856,0.5362522,0.57537466,0.5963246,0.6988773,0.69399714,0.70209193,0.70349395,6089,111438.113956213,0.31018272,0.45116368,0.48990354,0.52162445,9.972791991529686,0.0,0.0
51334,551700,0.19808415,0.1278252,0.13297154,0.107775725,10,0.0,77188,884580,0.4604549,0.57831645,0.5740919,0.59601843,0.65853906,0.70614165,0.70706344,0.7037942,6097,111448.86615586281,0.4604549,0.47302732,0.5003531,0.52273583,9.783073617074775,0.0,0.0
51381,552170,0.2987276,0.102562286,0.11981331,0.108922094,10,0.0,77283,885530,0.34687027,0.5791147,0.5854525,0.5942064,0.6455979,0.681677,0.7052659,0.7031285,6104,111458.64688587189,0.34687027,0.5336807,0.512782,0.52055365,22.17873047868532,0.0,0.0
51424,552600,0.25266114,0.11442938,0.115719415,0.11008136,10,0.0,77357,886270,0.41084203,0.5958659,0.5875388,0.59335035,0.66350317,0.7102953,0.7032582,0.7034317,6111,111468.92626404762,0.41084203,0.49566096,0.49797302,0.519645,23.4163901734217,0.0,0.0
51471,553070,0.28896213,0.10430603,0.11211073,0.11017256,10,0.0,77447,887170,0.41876137,0.5946425,0.58963084,0.5930615,0.7077235,0.69894856,0.7017416,0.7032341,6118,111478.9826207161,0.40823928,0.5139993,0.49804622,0.5179364,34.70718247588092,0.0,0.0
51517,553530,0.16885376,0.10768516,0.1108254,0.11062671,10,0.0,77538,888080,0.50065,0.6011729,0.59152216,0.5930527,0.66950375,0.7088581,0.7023476,0.70367944,6126,111490.12448000908,0.39923376,0.5307663,0.49457452,0.51812226,9.570543300032812,0.0,0.0
51572,554080,0.20213664,0.121945366,0.11851877,0.1121561,10,0.0,77635,889050,0.51983935,0.598452,0.58822286,0.59201527,0.721976,0.72039735,0.7067417,0.70417136,6134,111500.08823800087,0.359724,0.5693401,0.5116842,0.51722926,10.54617640809789,0.0,0.0
51628,554640,0.09095734,0.1089118,0.12499683,0.11350861,10,0.0,77743,890130,0.57855463,0.59573466,0.5802417,0.59035844,0.669512,0.70464647,0.7052386,0.7038672,6143,111511.23510980606,0.37929487,0.47489232,0.49531177,0.5138643,9.111677960939499,0.0,0.0
51677,555130,0.28498286,0.09861415,0.11621168,0.11362227,10,0.0,77846,891160,0.39210653,0.61242193,0.5908506,0.59099865,0.6770894,0.7110361,0.70706236,0.70462084,6151,111521.06910991669,0.39210653,0.5299294,0.49997452,0.51345325,38.31877374193984,0.0,0.0
51745,555810,0.18628582,0.12912045,0.12312796,0.114089474,10,0.0,77964,892340,0.4640561,0.57538694,0.5818411,0.59061474,0.6503419,0.7045074,0.70496905,0.70470417,6161,111531.11470890045,0.46368036,0.47271833,0.48955476,0.5109266,32.06813794263476,0.0,0.0
51798,556340,0.41441923,0.15037905,0.11605679,0.11475246,10,0.0,78073,893430,0.3435979,0.55888903,0.58591825,0.58993274,0.7580171,0.70926803,0.7019751,0.70468515,6170,111542.258934021,0.3435979,0.47334284,0.4866588,0.5066216,8.49643283047847,0.0,0.0
51854,556900,0.0,0.09744541,0.112491414,0.11592183,10,0.0,78174,894440,0.6748375,0.6012444,0.592747,0.58851165,0.6748375,0.6986651,0.70518416,0.70444846,6178,111552.61304402351,0.6748375,0.5398898,0.49572617,0.50332713,9.36155434285268,0.0,0.0
51904,557400,0.0,0.11902461,0.114154026,0.11607857,10,0.0,78272,895420,0.67973584,0.5916659,0.59027433,0.5886543,0.67973584,0.71069056,0.7044283,0.7047328,6186,111563.63418126106,0.67973584,0.50272804,0.49998978,0.5022581,9.774508140638313,0.0,0.0
51969,558050,0.0,0.105271935,0.10816614,0.11657458,10,0.0,78398,896680,0.7034114,0.5956611,0.5931118,0.5876008,0.7034114,0.7042665,0.70137084,0.704285,6196,111574.53902482986,0.7034114,0.57234836,0.51943606,0.5044422,7.510173093899009,0.0,0.0
52010,558460,0.22680637,0.08734391,0.10923382,0.11611224,10,0.0,78491,897610,0.43169472,0.6183928,0.59159213,0.58784604,0.6585011,0.70573676,0.7008259,0.7039583,6203,111585.2864124775,0.37424543,0.52803797,0.52910626,0.5049492,8.31916295531422,0.0,0.0
52054,558900,0.3166463,0.07554725,0.10264612,0.11504377,10,0.0,78569,898390,0.42386785,0.6345016,0.6000333,0.5889077,0.74051416,0.7100488,0.70267946,0.7039515,6210,111595.2930533886,0.42386785,0.517248,0.52284056,0.5048734,9.400580489718159,0.0,0.0
52108,559440,0.3460131,0.11269711,0.10001605,0.11463313,10,0.0,78665,899350,0.32245877,0.5747069,0.60327476,0.5889187,0.6684719,0.687404,0.7032909,0.7035518,6218,111606.45971107483,0.32245877,0.55001783,0.52159375,0.5046159,8.05308738828927,0.0,0.0
52155,559910,0.2771907,0.0855454,0.103330955,0.11379201,10,0.0,78749,900190,0.42016447,0.61961997,0.6016272,0.5903606,0.69735515,0.70516545,0.70495814,0.7041526,6225,111616.38635253906,0.42016447,0.60976607,0.5398256,0.5070101,37.3652045939657,0.0,0.0
52202,560380,0.0,0.12952486,0.11845534,0.11458708,10,0.0,78850,901200,0.67262673,0.572643,0.5861755,0.5896447,0.67262673,0.70216787,0.7046309,0.70423174,6233,111627.6285161972,0.67262673,0.5353825,0.5283387,0.5069117,7.838633776942182,0.0,0.0
52256,560920,0.29217976,0.115554914,0.12630449,0.11519852,10,0.0,78948,902180,0.38022017,0.5721835,0.5779605,0.5888445,0.67239994,0.68773836,0.7042649,0.704043,6241,111638.98585939407,0.34426996,0.4699691,0.50439924,0.5069886,6.636984375417847,0.0,0.0
52298,561340,0.35174245,0.11282661,0.1300161,0.11474092,10,0.0,79025,902950,0.36739868,0.59194434,0.5728809,0.5892671,0.7191411,0.7047709,0.70289695,0.704008,6248,111649.51477766037,0.36739868,0.5162129,0.50637406,0.50839996,7.442836363339536,0.0,0.0
52345,561810,0.1378141,0.16666476,0.13314842,0.11556922,10,0.0,79123,903930,0.53912115,0.5230411,0.56874734,0.5881757,0.67693526,0.68970597,0.70189583,0.70374495,6255,111659.61175322533,0.40377024,0.4760303,0.51168936,0.5080984,8.532706643249876,0.0,0.0
52391,562270,0.17019275,0.06873961,0.12025632,0.11477996,10,0.0,79198,904680,0.47726414,0.62384486,0.57810724,0.5888809,0.6474569,0.69258446,0.69836366,0.70366096,6262,111669.50121760368,0.394766,0.54849875,0.51576906,0.509424,33.58788553399186,0.0,0.0
52438,562740,0.41814393,0.09930718,0.12569208,0.116675615,10,0.0,79302,905720,0.31755877,0.60460854,0.5713995,0.5864723,0.7357027,0.7039157,0.6970916,0.70314795,6270,111680.97685909271,0.31755877,0.5616975,0.50028515,0.5084847,9.494066751535147,0.0,0.0
52483,563190,0.29429606,0.093740895,0.12629086,0.11703529,10,0.0,79376,906460,0.4137989,0.6047637,0.57523423,0.58654773,0.70809495,0.69850457,0.7015251,0.703583,6277,111690.7985022068,0.4137989,0.56492597,0.5129696,0.5101273,25.230429036591094,0.0,0.0
52535,563710,0.3220358,0.17742202,0.12065965,0.117643386,10,0.0,79471,907410,0.42060554,0.51904935,0.58000803,0.58544254,0.7426413,0.6964714,0.70066774,0.70308596,6285,111702.22644472122,0.42060554,0.42069182,0.52254266,0.50972384,7.94241278086627,0.0,0.0
52585,564210,0.23669347,0.10702968,0.11961878,0.116477996,10,0.0,79554,908240,0.46481618,0.6042716,0.5807131,0.5865361,0.70150965,0.71130127,0.7003319,0.703014,6292,111712.32909798622,0.4342399,0.5018546,0.5175324,0.5111669,9.613901693633991,0.0,0.0
52624,564600,0.23833242,0.10632281,0.12352572,0.11756321,10,0.0,79649,909190,0.46470544,0.5964323,0.5797261,0.5855475,0.70303786,0.70275515,0.70325196,0.7031107,6299,111722.61916255951,0.45903483,0.5000487,0.497286,0.5106316,7.612950370755031,0.0,0.0
52670,565060,0.26208586,0.11043148,0.12735072,0.11759394,10,0.0,79726,909960,0.43371427,0.60193086,0.57908255,0.58539134,0.6958001,0.7123624,0.7064332,0.70298535,6306,111732.7481687069,0.4028402,0.5005789,0.4921308,0.5102889,7.8027015779699225,0.0,0.0
52717,565530,0.43171874,0.080478966,0.11566315,0.1174801,10,0.0,79820,910900,0.33541247,0.61853474,0.5881492,0.58522785,0.7671312,0.69901377,0.70381224,0.702708,6313,111742.7304623127,0.33541247,0.4940107,0.49725002,0.50922126,9.803857587434768,0.0,0.0
52764,566000,0.39953256,0.11054166,0.10526494,0.11696838,10,0.0,79903,911730,0.35991627,0.59192705,0.597219,0.5860217,0.7594488,0.70246863,0.7024839,0.7029902,6321,111754.05255246162,0.35991627,0.50687194,0.50254536,0.51170427,7.739078016762359,0.0,0.0
52812,566480,0.2544634,0.10836637,0.11219666,0.11689017,10,0.0,79998,912680,0.4332132,0.58827764,0.5932536,0.58602256,0.6876766,0.69664407,0.7054503,0.70291287,6328,111764.02684164047,0.4332132,0.54134154,0.5104085,0.51264894,9.269831559433348,0.0,0.0
52860,566960,0.24306086,0.13510135,0.11565657,0.11684236,10,0.0,80085,913550,0.4492812,0.56735903,0.584929,0.5855868,0.69234204,0.7024604,0.7005856,0.70242906,6335,111774.68952703476,0.4492812,0.4658927,0.49227268,0.5111666,9.67312109666885,0.0,0.0
52901,567370,0.26949304,0.14485452,0.110124625,0.11716222,10,0.0,80165,914350,0.3949365,0.5705193,0.5882409,0.58516014,0.66442955,0.71537375,0.69836557,0.70232236,6342,111784.56277132034,0.3949365,0.48610416,0.4880624,0.510527,18.419676444987832,0.0,0.0
52953,567890,0.15604728,0.08139839,0.11876943,0.11766177,10,0.0,80251,915210,0.53809965,0.6294475,0.5871092,0.58525586,0.69414693,0.71084595,0.7058785,0.7029176,6350,111795.91244268417,0.3506988,0.5577565,0.50623655,0.509874,10.556244041464861,0.0,0.0
53001,568370,0.2617852,0.16289933,0.12953596,0.119282395,10,0.0,80358,916280,0.39517975,0.53490096,0.5741071,0.58333415,0.65696496,0.6978002,0.703643,0.7026166,6358,111807.10203289986,0.3744786,0.42524403,0.504919,0.5081532,8.759715081365046,0.0,0.0
53057,568930,0.40494493,0.10886202,0.12513627,0.119932376,10,0.0,80452,917220,0.3499026,0.5888544,0.57166284,0.5822667,0.7548475,0.69771636,0.69679904,0.70219904,6366,111818.09717416763,0.3499026,0.50207627,0.49426782,0.5075242,8.865411085145743,0.0,0.0
53108,569440,0.27894485,0.16133687,0.12007523,0.12179492,10,0.0,80549,918190,0.41415924,0.53921825,0.58267045,0.58060545,0.6931041,0.7005551,0.70274574,0.7024004,6374,111828.98631381989,0.41415924,0.45243964,0.50153136,0.5056553,8.754529838176085,0.0,0.0
53154,569900,0.34282744,0.05990553,0.11742237,0.12134268,10,0.0,80634,919040,0.34895188,0.647509,0.59452814,0.58158034,0.6917793,0.7074145,0.7119505,0.702923,6382,111840.04229617119,0.34895188,0.5964168,0.52486837,0.5059331,8.545111721173289,0.0,0.0
53208,570440,0.33801252,0.18289351,0.11691141,0.121265836,10,0.0,80731,920010,0.3670776,0.5156283,0.59175754,0.58165884,0.7050901,0.6985218,0.7086689,0.70292467,6390,111850.96755194664,0.3670776,0.44075084,0.52259904,0.5057231,8.841031893281261,0.0,0.0
53255,570910,0.2506934,0.07656689,0.114677936,0.12022359,10,0.0,80810,920800,0.44247088,0.61753076,0.5882668,0.58269984,0.6931643,0.69409764,0.70294464,0.70292336,6397,111860.84065151215,0.40169138,0.55909103,0.50325924,0.5059794,9.391819632809604,0.0,0.0
53305,571410,0.03321117,0.17115279,0.12152825,0.12014403,10,0.0,80904,921740,0.70650184,0.5452451,0.5806796,0.5826777,0.739713,0.7163979,0.70220786,0.7028218,6405,111871.86609554291,0.35269457,0.47371188,0.4851708,0.503942,8.832361752707163,0.0,0.0
53346,571820,0.121159256,0.105550304,0.12204998,0.11961433,10,0.0,80992,922620,0.5732941,0.5916428,0.5832884,0.5835368,0.69445336,0.697193,0.70533836,0.7031511,6412,111882.62115836143,0.38091633,0.43656904,0.48707128,0.50300384,8.124754957794629,0.0,0.0
53394,572300,0.30175456,0.13431345,0.11689138,0.1195341,10,0.0,81076,923460,0.38989523,0.5766028,0.5881373,0.58388513,0.6916498,0.7143668,0.70507544,0.703449,6419,111892.55939126015,0.3895428,0.5007037,0.48683488,0.50177294,23.794634398171,0.0,0.0
53444,572800,0.28559294,0.13645753,0.11629125,0.11898418,10,0.0,81171,924410,0.43189356,0.56607354,0.5848379,0.58444923,0.7174865,0.7025311,0.7011292,0.70343333,6427,111903.66552686691,0.38957942,0.49644262,0.48214477,0.50107145,9.465346007341994,0.0,0.0
53488,573240,0.34712598,0.11488372,0.11710909,0.118743666,10,0.0,81253,925230,0.37798354,0.5779427,0.5834893,0.5845177,0.7251095,0.69282645,0.7005985,0.7032614,6434,111913.33741354942,0.37798354,0.46183786,0.48707283,0.49911058,21.0403640712411,0.0,0.0
53540,573760,0.21447527,0.09775193,0.11717238,0.11809607,10,0.0,81349,926190,0.4540947,0.6154753,0.58703405,0.5856907,0.66857,0.7132273,0.70420647,0.7037868,6442,111924.7523317337,0.41480696,0.54625666,0.4944559,0.49916217,6.514386447206464,0.0,0.0
53589,574250,0.30671284,0.05996604,0.09886606,0.11708972,10,0.0,81436,927060,0.40563175,0.643246,0.6053807,0.5864392,0.7123446,0.7032121,0.70424676,0.70352894,6449,111934.32478141785,0.40563175,0.5619322,0.53228,0.50071967,17.793193090938093,0.0,0.0
53633,574690,0.16935283,0.063618824,0.09314559,0.11598171,10,0.0,81530,928000,0.48200458,0.6305068,0.61175597,0.5877705,0.6513574,0.69412565,0.7049015,0.7037522,6457,111946.26027369499,0.35489047,0.51925766,0.52981097,0.50134176,8.244458588259437,0.0,0.0
53685,575210,0.023793757,0.03173722,0.07922574,0.112870865,10,0.0,81614,928840,0.67887294,0.6859955,0.6264172,0.5905779,0.7026667,0.7177327,0.70564294,0.7034487,6464,111955.96282362938,0.50698906,0.5354315,0.5347988,0.5035077,29.36437115163141,0.0,0.0
53736,575720,0.13363159,0.041321762,0.06254561,0.11105858,10,0.0,81710,929800,0.581432,0.6837509,0.6452864,0.59324753,0.7150636,0.7250727,0.7080871,0.7043551,6472,111967.27280139923,0.581432,0.57598597,0.548274,0.50595415,9.81497974666364,0.0,0.0
53789,576250,0.25380075,0.095271565,0.061117154,0.1074124,10,0.0,81815,930850,0.5346373,0.63248456,0.6486767,0.59663206,0.788438,0.72775614,0.70697355,0.7039846,6481,111977.80381703377,0.5346373,0.6218729,0.56114316,0.5099572,13.724147611912901,0.0,0.0
53854,576900,0.016865373,0.0012099504,0.025748396,0.101390444,10,0.0,81920,931900,0.6887314,0.69348705,0.6767941,0.6030453,0.70559675,0.694697,0.7025425,0.70430595,6490,111987.2734284401,0.6705299,0.63351214,0.61563915,0.5199138,13.759192222716111,0.0,0.0
53922,577580,-0.070821285,-0.0027112663,0.0002560687,0.092754506,10,0.0,82065,933350,0.7244683,0.69546354,0.6979015,0.6110677,0.653647,0.69275224,0.6981575,0.7038048,6502,111998.29903531075,0.65129024,0.6842342,0.66876626,0.5325875,47.545303059501,0.0,0.0
53995,578310,-0.07077831,-0.0025870681,-0.011714007,0.08300331,10,0.0,82179,934490,0.7711224,0.71090513,0.71706057,0.6211776,0.7003441,0.70831805,0.7053465,0.70394474,6512,112007.59487295151,0.7003441,0.69117093,0.6863403,0.5450081,12.399417973182068,0.0,0.0
54060,578960,-0.03483349,-0.021702033,-0.009583263,0.07544316,10,0.0,82303,935730,0.7423605,0.73438394,0.7156794,0.6293865,0.707527,0.7126819,0.7060962,0.7046248,6523,112019.21849703789,0.67326134,0.68586963,0.68946546,0.5568347,12.60223626909503,0.0,0.0
54124,579600,0.023938835,0.0013545037,-0.006538093,0.066945896,10,0.0,82418,936880,0.7181507,0.7154318,0.71368116,0.637431,0.7420895,0.71678627,0.70714307,0.70416945,6533,112029.50194382668,0.70580107,0.6800164,0.6847581,0.56731856,13.509500252358757,0.0,0.0
54194,580300,-0.0373528,-0.023308862,-0.010355363,0.058883347,10,0.0,82547,938170,0.7194534,0.7424263,0.71735036,0.64523363,0.6821006,0.7218509,0.7080056,0.7041039,6544,112039.95367765427,0.6821006,0.6937718,0.68283683,0.5783308,13.995153103018417,0.0,0.0
54242,580780,-0.039230764,0.017468613,-0.009808684,0.051831674,10,0.0,82640,939100,0.7121709,0.68340635,0.7069989,0.65166235,0.67294014,0.700875,0.69719034,0.7034444,6552,112050.58639192581,0.67294014,0.67238,0.67736167,0.588362,7.361545749375262,0.0,0.0
54291,581270,-0.09515214,0.0042296173,-0.008751425,0.045918085,10,0.0,82727,939970,0.74979013,0.69830644,0.7053705,0.65787953,0.654638,0.7025361,0.69661903,0.7036483,6559,112060.78512573242,0.654638,0.67206115,0.67941576,0.5969997,8.297207620296339,0.0,0.0
54333,581690,-0.023795485,-0.010113472,-0.008749693,0.03999557,10,0.0,82809,940790,0.71552366,0.7175209,0.7095414,0.6630761,0.6917282,0.7074074,0.7007918,0.7030068,6566,112071.4644613266,0.6917282,0.697616,0.6801635,0.6046473,7.56052079091664,0.0,0.0
54382,582180,0.03911233,-0.014865982,-0.008430066,0.034260493,10,0.0,82904,941740,0.6809515,0.7238552,0.71258515,0.66927785,0.7200638,0.70898926,0.70415497,0.7035952,6573,112081.53029704094,0.6809515,0.68802464,0.68404037,0.615251,8.507615934741539,0.0,0.0
54428,582640,-0.031626344,-0.03190128,-0.0073907753,0.028362172,10,0.0,82976,942460,0.74884564,0.7552563,0.7140782,0.67531514,0.7172193,0.723355,0.70668745,0.70373535,6580,112091.35083246231,0.65688074,0.68413174,0.68597275,0.62374777,30.32457377685652,0.0,0.0
54469,583050,-0.03165555,-0.015821159,-0.008274503,0.023039091,10,0.0,83058,943280,0.7953565,0.7249402,0.71255577,0.68090165,0.76370096,0.709119,0.70428115,0.7037877,6587,112101.43227958679,0.6572153,0.68569916,0.6796348,0.6329955,54.476786700003245,0.0,0.0
54519,583550,-0.052794874,-0.017413521,-0.008702782,0.01687759,10,0.0,83163,944330,0.7490426,0.7305187,0.7164352,0.6873481,0.6962477,0.71310514,0.7077324,0.70413405,6595,112112.93344187737,0.6962477,0.69436467,0.6811794,0.6414526,8.14745949389956,0.0,0.0
54562,583980,-0.063317776,-0.023047805,-0.010810123,0.011496404,10,0.0,83244,945140,0.73976934,0.71595967,0.7169231,0.6921666,0.67645156,0.6929119,0.706113,0.70372105,6602,112123.11998534203,0.6671055,0.6827513,0.6845626,0.6479767,8.273825222685682,0.0,0.0
54608,584440,-0.08948499,0.007246405,-0.012295717,0.0072650905,10,0.0,83325,945950,0.76009977,0.7013101,0.7183065,0.6965471,0.6706148,0.7085565,0.70601064,0.70386916,6609,112133.05955481529,0.6485658,0.6825072,0.688709,0.654567,7.0921225992689925,0.0,0.0
54653,584890,-0.06936979,-0.0034236312,-0.009094552,0.0026293756,10,0.0,83408,946780,0.7742901,0.7193476,0.7154035,0.7014973,0.7049203,0.7159239,0.70630896,0.70418483,6616,112143.21693587303,0.7049203,0.69999534,0.68804914,0.6631901,8.958304188205583,0.0,0.0
54699,585350,0.034392476,0.0010632515,-0.010403664,-0.00064594747,10,0.0,83485,947550,0.68668175,0.6976845,0.7151463,0.7045564,0.7210742,0.69874775,0.7047426,0.70396817,6623,112153.23947930336,0.68668175,0.68186074,0.68206453,0.6685557,10.680494791408044,0.0,0.0
54742,585780,-0.10196757,0.008175617,-0.009647041,-0.0038897025,10,0.0,83567,948370,0.7785836,0.6869842,0.7124416,0.7073578,0.676616,0.6951598,0.7027947,0.70346814,6630,112163.20981550217,0.67581475,0.6691019,0.6814605,0.6749136,30.284767375113272,0.0,0.0
54796,586320,-0.056403518,-0.000837487,-0.0044780485,-0.0063125957,10,0.0,83662,949320,0.7477815,0.7104727,0.7068144,0.7097545,0.691378,0.7129227,0.7033432,0.7035047,6638,112174.54617381096,0.691378,0.6975497,0.6869787,0.6797994,8.025093724540733,0.0,0.0
54843,586790,-0.10568488,-0.010791421,-0.0049586706,-0.007842443,10,0.0,83747,950170,0.7954345,0.72927415,0.7111425,0.71157485,0.6897496,0.71848273,0.70618385,0.7037323,6645,112184.68064641953,0.6897496,0.67973983,0.685531,0.6824081,9.166817651030078,0.0,0.0
54882,587180,-0.06964278,-0.02264232,-0.007820859,-0.008638253,10,0.0,83833,951030,0.70840293,0.71269184,0.71102357,0.7124185,0.63876015,0.6900495,0.70320266,0.7037803,6652,112195.48917102814,0.63876015,0.661363,0.6840824,0.68336934,10.030826892529657,0.0,0.0
54931,587670,0.08230722,-0.009801602,-0.009958442,-0.008766473,10,0.0,83913,951830,0.7007618,0.7010933,0.7114821,0.71262,0.783069,0.6912918,0.7015236,0.70385355,6659,112205.34492588043,0.7007618,0.67176515,0.68125314,0.68366903,24.238661272212106,0.0,0.0
54984,588200,-0.0009880066,-0.040435113,-0.012242227,-0.008945678,10,0.0,84018,952880,0.7447873,0.7687155,0.71679133,0.71281314,0.74379927,0.72828037,0.70454895,0.7038675,6667,112216.68727707863,0.7089748,0.70684135,0.68513644,0.68360084,10.021932439293927,0.0,0.0
55025,588610,0.07322848,-0.025819981,-0.014783878,-0.0093410015,10,0.0,84090,953600,0.7093198,0.7277917,0.719181,0.71340084,0.78254825,0.70197177,0.704397,0.70405984,6674,112226.51231193542,0.6660326,0.6748348,0.68317723,0.68326735,22.516827343776004,0.0,0.0
55077,589130,0.0027719736,-0.009617669,-0.011612706,-0.009286908,10,0.0,84194,954640,0.70635515,0.7162921,0.71854967,0.7132135,0.7091271,0.70667446,0.70693696,0.7039266,6682,112237.80998134613,0.6971571,0.6833432,0.6770159,0.6825723,9.68143598020089,0.0,0.0
55123,589590,-0.027981102,-0.011454207,-0.004736058,-0.009027073,10,0.0,84278,955480,0.7211252,0.6903668,0.70598054,0.7125963,0.6931441,0.6789126,0.70124453,0.7035693,6689,112247.78031396866,0.6434577,0.6635313,0.6761312,0.6824838,9.34739039731107,0.0,0.0
55166,590020,-0.05054891,0.015245015,-0.002815141,-0.0085183075,10,0.0,84352,956220,0.7429416,0.7058501,0.706346,0.7123401,0.6923927,0.72109514,0.7035309,0.7038218,6696,112257.52707362175,0.6923927,0.6829883,0.6800062,0.68216884,20.16382763821004,0.0,0.0
55215,590510,0.07993311,0.001893276,-0.0003452474,-0.007988872,10,0.0,84448,957180,0.64794487,0.70171595,0.7039341,0.7118053,0.727878,0.7036092,0.70358896,0.7038164,6704,112268.48681759834,0.6460595,0.68314546,0.68032813,0.68236387,10.387141878222684,0.0,0.0
55263,590990,-0.10354322,0.01683383,-0.0011376643,-0.007760703,10,0.0,84539,958090,0.7795237,0.70365787,0.70399344,0.7118544,0.67598045,0.7204917,0.70285577,0.70409364,6711,112278.24687337875,0.67598045,0.6795235,0.68245405,0.6823026,22.6055387640183,0.0,0.0
55312,591480,-0.01827687,0.00030031204,-0.0038513457,-0.0074424795,10,0.0,84633,959030,0.7302962,0.6966833,0.7097504,0.7119871,0.7120193,0.69698364,0.7058991,0.70454466,6719,112289.37749528885,0.6559643,0.67458737,0.68373823,0.6828853,9.818028517035058,0.0,0.0
55360,591960,-0.00948602,0.004948878,-0.0017998856,-0.007125332,10,0.0,84707,959770,0.74140644,0.6986598,0.70814127,0.7116256,0.7319204,0.70360863,0.7063414,0.7045002,6726,112299.10224485397,0.6794044,0.68001425,0.6836968,0.6825567,19.217412261048295,0.0,0.0
55408,592440,0.008278787,-0.008088106,-0.005687477,-0.0074564083,10,0.0,84802,960720,0.6927598,0.6989868,0.7080642,0.71179104,0.7010386,0.6908988,0.7023766,0.7043346,6734,112310.40424084663,0.6465396,0.67566675,0.6817115,0.68260187,9.558090015459557,0.0,0.0
55457,592930,-0.06628716,-0.018930143,-0.010879274,-0.007669215,10,0.0,84891,961610,0.7282325,0.7361226,0.7141659,0.7120609,0.66194534,0.71719253,0.7032866,0.7043916,6741,112321.3798391819,0.66194534,0.71421915,0.68677884,0.6831686,8.874998756870802,0.0,0.0
55509,593450,-0.00013285875,-0.007886303,-0.0073942696,-0.0074954475,10,0.0,84986,962560,0.7268863,0.7100042,0.71253484,0.7118573,0.7267534,0.7005881,0.7051473,0.70430434,6749,112332.42723703384,0.7267534,0.684465,0.6844089,0.6833611,8.541702644844069,0.0,0.0
55555,593910,-0.109654605,-0.00032861234,-0.0056757415,-0.0071588526,10,0.0,85090,963600,0.7849814,0.71143246,0.7076411,0.71102047,0.6753268,0.7111038,0.7019653,0.70386165,6757,112343.53617596626,0.6698473,0.6811186,0.6811197,0.68273747,7.98943961781474,0.0,0.0
55602,594380,-0.0077281594,0.008929824,-0.0035214955,-0.00645315,10,0.0,85165,964350,0.75806314,0.69250643,0.7027978,0.71014476,0.750335,0.7021613,0.6993542,0.70368165,6764,112354.2114546299,0.6821412,0.68318254,0.67889017,0.68238455,8.534194531349192,0.0,0.0
55646,594820,0.34195694,0.020467807,0.005576756,-0.005688942,10,0.0,85247,965170,0.35429975,0.700385,0.70130837,0.70964795,0.6962567,0.72085273,0.70700264,0.7039532,6771,112364.08698654175,0.35429975,0.6841475,0.68029404,0.6821842,26.987681408868486,0.0,0.0
55709,595450,-0.02869904,-0.0016248703,0.0073268916,-0.0046766778,10,0.0,85367,966370,0.6861851,0.7048166,0.7010117,0.7086515,0.6574861,0.7031917,0.7086819,0.70400107,6781,112374.39294362068,0.65557486,0.653731,0.6698121,0.6809129,36.71519946358027,0.0,0.0
55772,596080,-0.028483152,-0.005945337,0.0169495,-0.0029145684,10,0.0,85481,967510,0.75275147,0.7109262,0.68470556,0.70668197,0.7242683,0.70498085,0.70165503,0.7038408,6791,112384.86701464653,0.7161675,0.68326247,0.64727896,0.6780987,11.045900369197076,0.0,0.0
55833,596690,-0.021084487,0.008543956,0.011457157,-0.0025998773,10,0.0,85587,968570,0.68698007,0.7039853,0.6950759,0.7066733,0.6658956,0.71252924,0.70653313,0.7041448,6800,112394.10072350502,0.6658956,0.6753632,0.6597086,0.67753565,17.722154171566242,0.0,0.0
55909,597450,0.0066639185,0.010742825,-0.0030899667,-0.0022185515,10,0.0,85722,969920,0.7290753,0.68086076,0.7045051,0.70609206,0.73573923,0.69160366,0.7014152,0.70394176,6812,112404.1418390274,0.3548304,0.63864696,0.6706996,0.6765591,10.483815252270704,0.0,0.0
55972,598080,-0.013060689,0.007041556,0.0024583442,-0.0012191508,10,0.0,85827,970970,0.7561636,0.6949109,0.6962032,0.70511395,0.7431029,0.7019524,0.69866157,0.7039117,6821,112414.42688536644,0.7431029,0.67362165,0.6657673,0.6758936,13.012812378711788,0.0,0.0
56038,598740,-0.00028812885,0.009218127,0.0078120725,0.0006164572,10,0.0,85956,972260,0.63282293,0.6956582,0.6973055,0.70322084,0.6325348,0.7048763,0.70511746,0.7038213,6832,112425.83225822449,0.3191735,0.6356232,0.6719527,0.675139,13.25598601553752,0.0,0.0
56099,599350,0.008362651,0.005630237,-0.0018448031,0.00045717336,10,0.0,86071,973410,0.7293381,0.7088873,0.7042725,0.7029047,0.73770076,0.7145175,0.7024278,0.7034425,6842,112436.29943752289,0.657842,0.6966589,0.67217684,0.6748318,13.5705626198541,0.0,0.0
56177,600130,-0.043456078,0.0017253042,0.0005548686,0.00072290184,10,0.0,86211,974810,0.7468312,0.719814,0.7083956,0.7032788,0.7033751,0.7215392,0.7089505,0.7040488,6854,112446.54454684258,0.7033751,0.69706476,0.6803752,0.67466164,12.702413768248933,0.0,0.0
56237,600730,-0.040100694,-0.0017561674,-0.0010181505,0.00080548064,10,0.0,86316,975860,0.7331436,0.70101523,0.7101776,0.70361334,0.69304293,0.69925904,0.7091594,0.70448375,6863,112455.90882873535,0.69121003,0.68505645,0.686476,0.675213,13.827190448655523,0.0,0.0
56307,601430,-0.0020167828,0.0004658103,-0.0047736512,0.00060141983,10,0.0,86442,977120,0.6487182,0.6997123,0.707864,0.70305777,0.6467014,0.700178,0.7030905,0.70369637,6874,112467.36385321617,0.64626956,0.6525571,0.68198675,0.6745095,12.961805002943544,0.0,0.0
56369,602050,0.028433204,-0.00082409976,-0.00091371237,0.0006193059,10,0.0,86559,978290,0.7151486,0.72458446,0.7024271,0.703234,0.74358183,0.7237603,0.70151335,0.70388573,6884,112477.66814994812,0.6886352,0.705466,0.6787699,0.67481875,13.511702367211402,0.0,0.0
56440,602760,-0.044270754,0.006371719,-0.0011619186,0.001330548,10,0.0,86680,979500,0.7145654,0.6885359,0.7063046,0.70253944,0.67029464,0.69490767,0.7051427,0.7039105,6894,112487.67695140839,0.66511875,0.67770183,0.6836219,0.6747236,16.815980197551397,0.0,0.0
56511,603470,0.000729084,-0.010516482,-0.002798884,0.0015659616,10,0.0,86819,980890,0.6827647,0.7331666,0.7115223,0.7027041,0.6834938,0.7226502,0.70872355,0.70434153,6906,112498.07015132904,0.6746911,0.70538896,0.68847364,0.67513514,35.157059527132425,0.0,0.0
56576,604120,0.0,0.001273334,-0.0029474408,0.0019928648,10,0.0,86935,982050,0.6523881,0.6973858,0.7105749,0.7024561,0.6523881,0.69865906,0.70762753,0.70450354,6916,112508.51890993118,0.6523881,0.6711473,0.6848864,0.6751538,12.620000920705863,0.0,0.0
56634,604700,0.022073984,0.009614736,0.0025282043,0.0017662715,10,0.0,87043,983130,0.70122504,0.6844442,0.700973,0.7027771,0.723299,0.694059,0.7035013,0.70454335,6925,112517.8991920948,0.68142366,0.6712548,0.6657548,0.67393166,13.005642191536836,0.0,0.0
56704,605400,0.010647297,-0.008297908,-0.00014136374,0.0010904038,10,0.0,87169,984390,0.7062153,0.72676414,0.71069616,0.7038111,0.7168626,0.7184663,0.7105547,0.70490146,6936,112529.3270907402,0.69972336,0.6906026,0.6702394,0.6749116,9.883517730603412,0.0,0.0
56778,606140,-0.021118522,-0.0014622569,-0.00052583637,-0.00028809143,10,0.0,87310,985800,0.7158573,0.7118293,0.70956445,0.7059441,0.6947388,0.7103671,0.7090387,0.70565593,6947,112538.95676851273,0.39946926,0.69813764,0.66854197,0.6766671,9.852417073278442,0.0,0.0
56845,606810,0.37675622,0.019228805,0.024487743,0.0021362344,10,0.0,87424,986940,0.33501217,0.6675138,0.6773935,0.70259255,0.7117684,0.6867426,0.70188123,0.70472884,6958,112550.39325094223,0.33501217,0.5167226,0.6053188,0.66978383,12.260999459198738,0.0,0.0
56904,607400,0.22953811,0.12522009,0.08496352,0.0092453975,10,0.0,87540,988100,0.48205808,0.5805918,0.61705095,0.6957984,0.7115962,0.7058118,0.70201457,0.70504385,6968,112560.88935303688,0.46323076,0.5090528,0.5376314,0.6595297,10.007771327785157,0.0,0.0
56972,608080,0.2158944,0.09127695,0.1197271,0.016730644,10,0.0,87655,989250,0.52676344,0.61171633,0.58319306,0.6884724,0.74265784,0.7029933,0.70292014,0.70520306,6978,112571.38645982742,0.35691398,0.50308526,0.5017867,0.64893055,11.203629777057516,0.0,0.0
57042,608780,0.259314,0.09391973,0.10481638,0.023543373,10,0.0,87782,990520,0.45124924,0.6380007,0.60275,0.68179053,0.71056324,0.7319205,0.7075664,0.70533395,6989,112581.8090698719,0.45124924,0.57822776,0.53561467,0.64056456,19.670899777604564,0.0,0.0
57113,609490,0.16518232,0.075776696,0.09101898,0.029533861,10,0.0,87916,991860,0.4868023,0.6271485,0.62133855,0.67651474,0.65198463,0.70292526,0.7123576,0.7060486,7000,112592.10882115364,0.4868023,0.46424484,0.541165,0.63150376,9.475826420141336,0.0,0.0
57174,610100,0.32601452,0.11304827,0.10625249,0.037256498,10,0.0,88028,992980,0.34483963,0.6063992,0.6031872,0.66876316,0.67085415,0.7194473,0.70943964,0.70601964,7010,112602.53711414337,0.34483963,0.541742,0.5309121,0.6221318,11.498508372686963,0.0,0.0
57237,610730,0.20506886,0.09687734,0.1048301,0.044068687,10,0.0,88129,993990,0.4558442,0.60721076,0.6024759,0.66182643,0.66091305,0.7040881,0.70730597,0.705895,7019,112611.95913600922,0.3906817,0.47799754,0.5358188,0.6114939,11.47566522706846,0.0,0.0
57299,611350,0.25005454,0.10328672,0.11078827,0.051693216,10,0.0,88245,995150,0.46501005,0.6120986,0.5929952,0.6542926,0.7150646,0.7153852,0.70378333,0.70598584,7029,112622.52759051323,0.46501005,0.505666,0.5234883,0.6016054,29.106918186619144,0.0,0.0
57364,612000,0.0,0.12622486,0.11169369,0.058257345,10,0.0,88362,996320,0.6671646,0.5808996,0.5915997,0.6478695,0.6671646,0.7071245,0.7032934,0.7061268,7039,112632.9074640274,0.6671646,0.50355697,0.52001274,0.5922593,13.112153935658815,0.0,0.0
57437,612730,0.25370178,0.08797358,0.102673255,0.06569059,10,0.0,88489,997590,0.46787867,0.6128997,0.60111463,0.6404836,0.72158045,0.7008734,0.7037879,0.7061742,7050,112642.13247704506,0.36304954,0.5764407,0.5245429,0.5809533,12.003308254323482,0.0,0.0
57498,613340,0.25742397,0.13138936,0.09793498,0.07248859,10,0.0,88603,998730,0.4598001,0.56184286,0.6077114,0.6334273,0.71722406,0.6932323,0.70564634,0.70591587,7060,112652.53079986572,0.41476962,0.49565578,0.5153128,0.5692148,10.250262775303105,0.0,0.0
57563,613990,0.24316978,0.12145624,0.10868986,0.079640016,10,0.0,88720,999900,0.46485227,0.5858166,0.59162915,0.62553483,0.70802206,0.7062409,0.70035917,0.70516527,7070,112663.67727255821,0.38584217,0.5008868,0.50281835,0.55837643,13.79885465305831,0.0,0.0
57624,614600,0.38088977,0.07774107,0.10450245,0.08605593,10,0.0,88836,1001060,0.37738442,0.6171235,0.5932865,0.61882794,0.7582742,0.69486463,0.6977891,0.7048839,7080,112674.12272572517,0.37738442,0.52121127,0.51631445,0.54982257,11.135295718372305,0.0,0.0
57689,615250,0.056299746,0.15840928,0.116150305,0.09391468,10,0.0,88951,1002210,0.65681875,0.5450356,0.5880175,0.61056536,0.7131185,0.70344484,0.70416796,0.70448005,7090,112684.6295902729,0.30891532,0.49505553,0.49969876,0.53764147,12.77446510423805,0.0,0.0
57747,615830,0.29999977,0.14936607,0.12116401,0.10133691,10,0.0,89056,1003260,0.35340238,0.53276587,0.5845811,0.60321295,0.65340215,0.6821319,0.7057451,0.7045499,7099,112693.97153258324,0.35340238,0.4419682,0.4980929,0.52757186,16.233598248725286,0.0,0.0
57828,616640,0.25277948,0.113817096,0.11419681,0.108000286,10,0.0,89194,1004640,0.48342866,0.5950091,0.58522475,0.59598887,0.73620814,0.7088262,0.6994217,0.70398927,7111,112704.19869279861,0.48342866,0.574536,0.50955755,0.5200683,11.029486090548831,0.0,0.0
57889,617250,0.26886362,0.08865751,0.116409846,0.10963597,10,0.0,89310,1005800,0.44220728,0.5959078,0.5842512,0.59438455,0.7110709,0.68456537,0.70066094,0.70402056,7121,112714.66308522224,0.4052977,0.54558516,0.5301807,0.5209884,12.02460249155558,0.0,0.0
57955,617910,0.09260315,0.0830112,0.095784426,0.10774113,10,0.0,89436,1007060,0.58028466,0.6317082,0.60347867,0.5961378,0.6728878,0.7147194,0.6992632,0.7038789,7132,112726.11818146706,0.39098775,0.59230894,0.5447687,0.52357095,9.976803353713652,0.0,0.0
58015,618510,0.282389,0.10494755,0.09744148,0.107872956,10,0.0,89541,1008110,0.43377173,0.59964406,0.60452384,0.5958181,0.7161607,0.70459163,0.7019653,0.70369107,7141,112735.57837152481,0.40225375,0.4907693,0.52237487,0.5208118,11.231380462616862,0.0,0.0
58082,619180,0.29103646,0.104167506,0.1155803,0.108928725,10,0.0,89658,1009280,0.41088012,0.60655963,0.5879997,0.594046,0.7019166,0.7107272,0.7035801,0.70297474,7151,112745.94564294815,0.41088012,0.54423714,0.5060499,0.5181351,11.55610047072405,0.0,0.0
58152,619880,0.39365897,0.048912883,0.10918828,0.10998317,10,0.0,89801,1010710,0.30076185,0.6485509,0.593172,0.59238845,0.6944208,0.6974638,0.7023602,0.7023716,7163,112756.94815850258,0.30076185,0.5372134,0.513777,0.51633936,48.62543967242231,0.0,0.0
58207,620430,0.0,0.121060535,0.10498973,0.10991146,10,0.0,89887,1011570,0.68692774,0.5889801,0.5978305,0.59239733,0.68692774,0.7100406,0.7028202,0.70230883,7171,112767.0093331337,0.68692774,0.46787548,0.5090652,0.5152143,8.500119365937866,0.0,0.0
58252,620880,0.013477802,0.12757115,0.10996084,0.11070833,10,0.0,89971,1012410,0.6830537,0.5716208,0.5938886,0.59167224,0.6965315,0.69919205,0.70384943,0.7023806,7178,112777.12441968918,0.45406282,0.49174675,0.5131872,0.5150894,9.001210590098829,0.0,0.0
58298,621340,0.36002108,0.09875701,0.11168183,0.10966291,10,0.0,90056,1013260,0.36611542,0.6098387,0.5965546,0.5930046,0.7261365,0.70859575,0.7082362,0.70266753,7185,112787.82659387589,0.36611542,0.5493971,0.5187828,0.51542014,9.142044077413596,0.0,0.0
58345,621810,0.36419755,0.09495796,0.09913248,0.109324,10,0.0,90155,1014250,0.31976813,0.61582464,0.6104109,0.5934901,0.6839657,0.71078265,0.70954347,0.7028141,7193,112799.23361682892,0.31976813,0.5281173,0.52377486,0.5147827,8.259233711299464,0.0,0.0
58392,622280,0.4077401,0.08822258,0.10088024,0.10892427,10,0.0,90232,1015020,0.3193672,0.6178838,0.6023078,0.5936802,0.7271073,0.7061064,0.703188,0.7026045,7200,112809.12610507011,0.3193672,0.5404278,0.5050729,0.5134001,24.221612266312167,0.0,0.0
58442,622780,0.21090335,0.08371736,0.10661384,0.10979724,10,0.0,90327,1015970,0.4913414,0.62477475,0.5986741,0.5931484,0.70224476,0.7084921,0.7052879,0.70294565,7208,112820.4591999054,0.49108237,0.5667906,0.5020297,0.5126163,9.231793895440013,0.0,0.0
58486,623220,0.3269588,0.12504867,0.098448016,0.10955031,10,0.0,90407,1016770,0.41420832,0.56964785,0.6070385,0.59298116,0.7411671,0.69469655,0.70548666,0.7025315,7215,112830.23411250114,0.41420832,0.5238687,0.5235143,0.51354194,19.805715947876116,0.0,0.0
58533,623690,0.16740441,0.03850323,0.0769576,0.1068195,10,0.0,90490,1017600,0.54760146,0.6715056,0.6250346,0.595934,0.7150059,0.71000874,0.7019921,0.7027534,7222,112840.28822469711,0.4960364,0.58395284,0.534435,0.5145226,23.397384190226916,0.0,0.0
58583,624190,-0.13253969,0.06234458,0.063187696,0.10372041,10,0.0,90594,1018640,0.7798163,0.6665087,0.6398002,0.59954244,0.64727664,0.72885334,0.7029879,0.7032628,7230,112851.5527176857,0.36311138,0.64958084,0.550885,0.5178995,10.34656762573104,0.0,0.0
58629,624650,-0.047128737,0.004773116,0.040368322,0.100313134,10,0.0,90672,1019420,0.7144932,0.6941539,0.6629208,0.6026664,0.6673645,0.6989269,0.7032891,0.7029796,7237,112861.61378645897,0.66550213,0.65420157,0.5881893,0.52217263,22.041618538421844,0.0,0.0
58677,625130,0.0062847137,0.0029166758,0.014955449,0.09475183,10,0.0,90768,1020380,0.7039817,0.6737253,0.68066496,0.6076034,0.7102664,0.67664194,0.6956204,0.7023552,7245,112872.94285774231,0.4432421,0.65738773,0.6240314,0.52878577,7.914859344990016,0.0,0.0
58727,625630,-0.04434383,-0.0100158695,0.004558625,0.08922645,10,0.0,90849,1021190,0.74624103,0.72287977,0.69313514,0.61286205,0.7018972,0.71286386,0.69769377,0.7020885,7252,112882.79798579216,0.7018972,0.699334,0.63600814,0.5349805,20.518783305750272,0.0,0.0
58776,626120,-0.03340268,-0.013467264,0.005866515,0.083863094,10,0.0,90934,1022040,0.7864684,0.72442406,0.6969664,0.6182468,0.7530657,0.7142971,0.7031669,0.7024887,7260,112894.05733418465,0.70115685,0.6346811,0.6342864,0.5415578,7.16202768023813,0.0,0.0
58819,626550,-0.060751915,-0.011919493,-0.0021384018,0.07861832,10,0.0,91016,1022860,0.76784706,0.70806026,0.7035999,0.62358075,0.70709515,0.6961407,0.7014615,0.7021991,7267,112904.15334630013,0.37910408,0.6707932,0.64464206,0.54738843,8.395772952637781,0.0,0.0
58864,627000,-0.011204064,-0.027893823,-0.008057188,0.07266614,10,0.0,91111,1023810,0.71867186,0.7284287,0.7113863,0.6296431,0.7074678,0.7005348,0.703329,0.7023092,7274,112914.47310042381,0.6983587,0.637864,0.6508519,0.55336756,9.845610699342147,0.0,0.0
58915,627510,-0.028225124,-0.005836022,-0.007522685,0.067546435,10,0.0,91199,1024690,0.7287049,0.69865835,0.70928836,0.63496494,0.7004798,0.69282234,0.7017658,0.7025114,7282,112925.64568781853,0.6874332,0.68312657,0.6700072,0.55988467,8.528643204227492,0.0,0.0
58967,628030,-0.06054747,0.0009945274,-0.0041096057,0.062499672,10,0.0,91302,1025720,0.72435385,0.6962399,0.7048887,0.6402376,0.6638064,0.69723445,0.700779,0.70273733,7290,112936.70868182182,0.6638064,0.67562664,0.68021756,0.5679824,8.090066739177523,0.0,0.0
59015,628510,-0.016090214,0.0023062765,-0.0032350672,0.056710362,10,0.0,91376,1026460,0.74502546,0.6984681,0.70823884,0.6462792,0.72893524,0.7007743,0.7050039,0.70298964,7297,112946.17747664452,0.69137394,0.67943984,0.68553334,0.5774196,23.72160075831228,0.0,0.0
59064,629000,-0.019344747,-0.005394882,-0.00645675,0.050810684,10,0.0,91469,1027390,0.673672,0.7059016,0.7098018,0.6522422,0.6543273,0.70050675,0.70334506,0.7030529,7305,112957.13005018234,0.6543273,0.67636013,0.6802768,0.5853694,8.933090591245099,0.0,0.0
59111,629470,-0.014741302,-0.000630337,-0.007539147,0.044893254,10,0.0,91561,1028310,0.7055673,0.71948075,0.71164405,0.6580602,0.690826,0.71885043,0.704105,0.70295346,7312,112967.08459186554,0.690826,0.6983446,0.68121177,0.5929022,7.186345357167517,0.0,0.0
59159,629950,-0.11099893,-0.002725482,-0.009423762,0.039149158,10,0.0,91655,1029250,0.7837173,0.7033129,0.7170837,0.6644698,0.67271835,0.7005874,0.7076599,0.7036189,7320,112978.31506586075,0.66709447,0.66866666,0.685877,0.602171,8.539947831501165,0.0,0.0
59208,630440,-0.041363657,-0.011539215,-0.010370526,0.0332691,10,0.0,91743,1030130,0.7605741,0.71384794,0.7183255,0.6702727,0.71921045,0.7023087,0.7079549,0.70354176,7328,112989.29604578018,0.68101853,0.68503064,0.6860438,0.6108312,8.232491961929153,0.0,0.0
59255,630910,0.019251823,-0.014176244,-0.0103951255,0.027127106,10,0.0,91826,1030960,0.7218419,0.7264042,0.7153356,0.6764088,0.7410937,0.71222794,0.70494056,0.7035359,7335,112998.93875074387,0.70693344,0.6776761,0.68544006,0.6191274,23.848223936445734,0.0,0.0
59306,631420,-0.11742371,0.00047547222,-0.008505835,0.022229584,10,0.0,91917,1031870,0.7655348,0.69867593,0.71201193,0.6808083,0.6481111,0.6991514,0.7035063,0.70303786,7343,113009.9603357315,0.64754486,0.68434787,0.68351716,0.6260156,9.036976740628479,0.0,0.0
59356,631920,0.03483522,-0.004441464,-0.008285168,0.016182074,10,0.0,92011,1032810,0.71248096,0.7095312,0.71094346,0.68658143,0.7473162,0.7050897,0.7026582,0.70276344,7351,113021.06081032753,0.69003546,0.68824446,0.68486804,0.635079,9.45024258145512,0.0,0.0
59408,632440,-0.02047497,-0.0190248,-0.010313328,0.010487469,10,0.0,92105,1033750,0.7222282,0.7184069,0.71165496,0.69226235,0.70175326,0.69938207,0.7013416,0.70274985,7359,113032.02580523491,0.69937015,0.67954427,0.67436653,0.64401,9.703134297006358,0.0,0.0
59454,632900,0.0,-0.014278459,-0.0104186395,0.004884109,10,0.0,92197,1034670,0.6972565,0.7302953,0.7135041,0.6977993,0.6972565,0.7160169,0.7030853,0.70268345,7366,113042.50343561172,0.6972565,0.68901235,0.6719458,0.6514166,7.941003792056201,0.0,0.0
59505,633410,0.0077691674,0.011992293,-0.0033096108,0.0013744097,10,0.0,92294,1035640,0.6736706,0.68303925,0.7073902,0.7013741,0.68143976,0.6950315,0.70408064,0.70274854,7374,113053.44001245499,0.6668747,0.67175376,0.6703968,0.657752,9.179977106437557,0.0,0.0
59554,633900,-0.05117315,-0.011235112,-0.0052929674,-0.0025708394,10,0.0,92365,1036350,0.74638295,0.7126783,0.70692015,0.70520437,0.6952098,0.70319146,0.7021111,0.7026846,7381,113063.15728569031,0.66537297,0.6793345,0.6691542,0.6640104,33.12039583664,0.0,0.0
59607,634430,-0.07009208,0.00034174323,-0.014036935,-0.0050874874,10,0.0,92471,1037410,0.73201036,0.7221383,0.71750563,0.707964,0.6619183,0.72247994,0.7034686,0.70287645,7390,113074.63280296326,0.65451235,0.70945925,0.6842773,0.67015284,9.256282682361924,0.0,0.0
59669,635050,-0.060501754,0.003231293,-0.0069872765,-0.0064090774,10,0.0,92576,1038460,0.7492591,0.72387016,0.7175833,0.71029913,0.68875736,0.7271013,0.710596,0.7038901,7399,113083.77568268776,0.68875736,0.6985975,0.6890773,0.6736469,11.677394297868904,0.0,0.0
59736,635720,-0.026545584,-0.012497043,-0.012747574,-0.007648638,10,0.0,92701,1039710,0.7645382,0.6999412,0.71397,0.7110591,0.73799264,0.68744415,0.7012225,0.70341045,7410,113095.1583430767,0.67361504,0.67731965,0.67935014,0.67609066,13.89475469617945,0.0,0.0
59800,636360,-0.018535554,-0.020829702,-0.006262313,-0.007687498,10,0.0,92818,1040880,0.72264415,0.73557997,0.7118967,0.7116846,0.7041086,0.7147503,0.70563436,0.7039971,7420,113105.49887514114,0.6713707,0.6886026,0.6822698,0.6796719,13.352060092012392,0.0,0.0
59879,637150,-0.09003371,0.00046765208,-0.00547725,-0.0071340883,10,0.0,92959,1042290,0.7760091,0.7198423,0.7106421,0.7111953,0.6859754,0.7203101,0.70516497,0.70406127,7432,113115.71100568771,0.6859754,0.68000907,0.6840033,0.68091995,20.344186660147685,0.0,0.0
59941,637770,-0.023238242,0.011144906,-0.003148046,-0.007230652,10,0.0,93065,1043350,0.7046419,0.68287855,0.7030716,0.7111144,0.68140364,0.6940235,0.69992346,0.70388377,7442,113125.77470755577,0.64596313,0.664474,0.6746711,0.68048793,12.983101832577175,0.0,0.0
60005,638410,0.018915236,-0.008366424,-0.00534887,-0.007257491,10,0.0,93181,1044510,0.68607587,0.6968717,0.70410186,0.7106063,0.7049911,0.6885053,0.69875306,0.7033488,7452,113136.02422738075,0.65608627,0.68161637,0.67655665,0.67991394,12.777173591855858,0.0,0.0
60064,639000,-0.0016630292,-0.009467578,-0.00945867,-0.007383831,10,0.0,93287,1045570,0.72698724,0.71251994,0.70740145,0.7104675,0.7253242,0.70305234,0.69794273,0.70308375,7460,113144.24768733978,0.68499756,0.6960448,0.67802274,0.680024,14.447543785560805,0.0,0.0
60144,639800,-0.020961344,0.0062769055,-0.0011848819,-0.00655422,10,0.0,93430,1047000,0.74441403,0.70521796,0.69986,0.70870715,0.7234527,0.71149486,0.6986752,0.70215297,7474,113156.62950563431,0.7184056,0.68801886,0.6646491,0.67777425,19.085743564261374,0.0,0.0
60204,640400,0.11176562,-0.011714238,-0.0009545076,-0.0060362504,10,0.0,93536,1048060,0.6560634,0.7140044,0.7016289,0.7079934,0.767829,0.7022902,0.7006744,0.70195717,7483,113166.47604632378,0.6560634,0.68962765,0.67232996,0.67741877,29.929064552612896,0.0,0.0
60265,641010,0.0,-0.019065887,0.00029222667,-0.0056291586,10,0.0,93651,1049210,0.6663021,0.7079698,0.70170355,0.7075377,0.6663021,0.68890387,0.70199585,0.7019086,7493,113176.75633454323,0.6663021,0.6836507,0.67858094,0.67723656,9.942782179482894,0.0,0.0
60330,641660,-0.025045216,-0.005983895,-0.0064883446,-0.005524903,10,0.0,93757,1050270,0.6875257,0.6975926,0.70723176,0.7072338,0.6624805,0.6916088,0.7007433,0.70170885,7502,113186.09616422653,0.6624805,0.6747774,0.6738523,0.6760437,13.37663895005141,0.0,0.0
60408,642440,0.016959548,0.0050673066,-0.004907889,-0.005096688,10,0.0,93903,1051730,0.6734576,0.6803279,0.70640135,0.7069286,0.6904172,0.6853951,0.7014934,0.70183194,7514,113196.9187541008,0.3431256,0.6602498,0.6755974,0.6764318,19.939340119380166,0.0,0.0
60472,643080,-0.05482894,-0.010672564,-0.00434753,-0.0052931486,10,0.0,94014,1052840,0.74296623,0.7244969,0.7057003,0.7070415,0.6881373,0.71382433,0.70135283,0.70174843,7525,113207.47931027412,0.6881373,0.7004738,0.67436767,0.6770546,29.64757008625729,0.0,0.0
60535,643710,-0.057060897,-0.00534184,0.0012808614,-0.0043125814,10,0.0,94142,1054120,0.7381417,0.71554255,0.6996643,0.70606023,0.6810808,0.71020067,0.70094514,0.70174766,7535,113218.88162446022,0.6810808,0.6796583,0.65651435,0.67487246,6.446843296960136,0.0,0.0
60573,644090,0.06705749,-0.0070237042,0.0015284341,-0.0039038341,10,0.0,94220,1054900,0.6687973,0.6950239,0.69834745,0.70539623,0.7358548,0.68800014,0.6998759,0.7014924,7541,113229.01489067078,0.6687973,0.6290625,0.645494,0.67360055,7.142924776523041,0.0,0.0
60620,644560,0.033000708,-0.0068324385,-0.00090945064,-0.0037500768,10,0.0,94297,1055670,0.66957146,0.70425,0.70068854,0.7048871,0.70257217,0.6974176,0.69977915,0.701137,7548,113238.94669365883,0.66821176,0.56391126,0.6444851,0.6709192,22.19308275769016,0.0,0.0
60671,645070,0.05996585,-0.01308242,-0.003227647,-0.0034840493,10,0.0,94391,1056610,0.68713635,0.7192176,0.7049842,0.70434314,0.7471022,0.7025128,0.7011985,0.7008421,7556,113250.33428764343,0.68713635,0.61287427,0.6403918,0.66888887,8.47504498378967,0.0,0.0
60719,645550,-0.0013290048,-0.0043371916,-0.0034091582,-0.003046663,10,0.0,94473,1057430,0.7209421,0.7079161,0.70866776,0.70421743,0.7196131,0.71419793,0.7052304,0.70111877,7563,113260.38455796242,0.63392425,0.6678835,0.634706,0.6669597,9.269485337749243,0.0,0.0
60768,646040,0.2573534,0.0054610847,-0.00014497459,-0.0031503066,10,0.0,94575,1058450,0.4271998,0.68761235,0.7058108,0.7044741,0.6845532,0.69307345,0.70566577,0.70132387,7571,113271.749812603,0.38697425,0.62014735,0.63716376,0.66499645,7.706406105882828,0.0,0.0
60810,646460,0.01908964,-0.006425917,0.005382317,-0.0021244318,10,0.0,94654,1059240,0.74390006,0.72542655,0.7004488,0.7032699,0.7629897,0.7190005,0.7058312,0.70114547,7578,113281.87644934654,0.6485208,0.67713785,0.6464695,0.6633822,8.68738092999191,0.0,0.0
60857,646930,-0.039620638,-0.008462852,0.010050628,-0.0013837896,10,0.0,94735,1060050,0.742466,0.70523465,0.69132596,0.7026599,0.70284534,0.69677174,0.70137656,0.7012761,7585,113292.5774948597,0.70284534,0.67613924,0.6400559,0.66119826,9.349809562151219,0.0,0.0
60901,647370,-0.03679794,0.029521296,0.0069349026,-0.00122158,10,0.0,94816,1060860,0.6935015,0.6767071,0.6950142,0.7024873,0.65670353,0.7062284,0.7019492,0.70126575,7592,113302.41618776321,0.49943182,0.65877646,0.6408093,0.65969795,24.960092930033493,0.0,0.0
60955,647910,0.00017088652,-0.0054346146,-0.0004765001,-0.0011253284,10,0.0,94910,1061800,0.6496171,0.7076604,0.70374,0.70253897,0.64978796,0.7022258,0.70326346,0.7014136,7600,113313.5926733017,0.6479052,0.6837227,0.65733683,0.6592178,10.565952941336509,0.0,0.0
60999,648350,-0.033637226,-0.015174222,-0.0050615235,-0.0012080211,10,0.0,94990,1062600,0.7532738,0.7214347,0.709643,0.7030206,0.71963656,0.7062605,0.70458144,0.70181257,7607,113323.38803362846,0.71539956,0.6529192,0.65352,0.6574474,20.425177149029192,0.0,0.0
61052,648880,-0.050602973,0.0039509893,-0.004978431,-0.0009974283,10,0.0,95092,1063620,0.7829236,0.70826447,0.7105902,0.70336294,0.7323206,0.71221554,0.7056118,0.70236546,7615,113334.87295269966,0.7323206,0.6912383,0.65680826,0.65742165,9.087663816342829,0.0,0.0
61095,649310,-0.018914342,-0.014599132,0.0058276285,0.000104100225,10,0.0,95172,1064420,0.7264388,0.73286295,0.7037293,0.70299244,0.7075245,0.7182638,0.7095569,0.7030965,7622,113345.03185367584,0.7065463,0.69908893,0.65910447,0.6563083,8.705319718818213,0.0,0.0
61137,649730,0.003739655,0.05225321,0.022961276,0.0014053823,10,0.0,95249,1065190,0.7478408,0.6630361,0.68576264,0.7021577,0.7515805,0.7152893,0.7087239,0.7035631,7629,113355.14658236504,0.6323107,0.612508,0.63433915,0.6544789,22.461070834533775,0.0,0.0
61187,650230,-0.012833774,0.058954395,0.030917304,0.00307972,10,0.0,95340,1066100,0.715236,0.6283099,0.6708719,0.69977385,0.70240223,0.6872643,0.70178926,0.70285356,7637,113366.75443959236,0.66484004,0.51582104,0.607768,0.6500555,8.41811517731954,0.0,0.0
61232,650680,-0.044331253,0.08200024,0.03880014,0.0050091115,10,0.0,95428,1066980,0.7895782,0.63038564,0.66289467,0.6981447,0.74524695,0.71238583,0.7016947,0.7031538,7644,113376.74099898338,0.39310545,0.5607136,0.6022747,0.64674217,7.552020811385476,0.0,0.0
61282,651180,-0.077338934,0.05604607,0.04327593,0.007211033,10,0.0,95504,1067740,0.8120751,0.6587953,0.6629355,0.696308,0.73473614,0.71484137,0.7062113,0.70351905,7651,113386.88017439842,0.70106804,0.5284026,0.5823808,0.6416653,8.972592790828168,0.0,0.0
61329,651650,0.0064465404,0.058101248,0.050489232,0.010664299,10,0.0,95605,1068750,0.67889065,0.6370524,0.6547569,0.6928017,0.6853372,0.69515365,0.70524615,0.703466,7659,113398.22948908806,0.3015284,0.5683302,0.55814946,0.6352354,8.290031238542491,0.0,0.0
61375,652110,-0.009053528,0.019540286,0.057945956,0.013160915,10,0.0,95690,1069600,0.67267966,0.66951716,0.645981,0.6903344,0.66362613,0.68905747,0.703927,0.7034953,7666,113408.28559660912,0.35857332,0.59531295,0.556218,0.6309699,9.605541771459638,0.0,0.0
61422,652580,0.29049745,0.077010155,0.04828882,0.015421513,10,0.0,95764,1070340,0.3799005,0.6204842,0.65248454,0.6880337,0.67039794,0.6974944,0.70077324,0.70345515,7673,113419.00536990166,0.3799005,0.53661174,0.55403036,0.624115,8.689283268955673,0.0,0.0
61462,652980,0.3777249,0.03583181,0.041354038,0.017298257,10,0.0,95847,1071170,0.35292685,0.6512001,0.6576947,0.68617433,0.73065174,0.6870319,0.69904876,0.70347255,7680,113429.02937078476,0.35292685,0.54188025,0.5526356,0.61954385,22.06186130964529,0.0,0.0
61517,653530,0.056213975,-0.0012806475,0.03903437,0.019336767,10,0.0,95940,1072100,0.68517065,0.6946742,0.65944207,0.6838843,0.7413846,0.6933935,0.6984763,0.70322114,7688,113440.22958016396,0.37366045,0.5438265,0.54402626,0.613052,10.135818337928436,0.0,0.0
61565,654010,-0.08480799,0.089312315,0.037709843,0.020810407,10,0.0,96034,1073040,0.74268466,0.61949605,0.6635652,0.68267405,0.6578767,0.7088084,0.7012752,0.7034845,7696,113451.30082416534,0.35838547,0.5244128,0.5342511,0.608228,8.374776219595716,0.0,0.0
61610,654460,0.052488923,0.09626086,0.05011305,0.024181131,10,0.0,96116,1073860,0.6549353,0.60540855,0.65362024,0.6794725,0.7074242,0.70166934,0.7037332,0.7036536,7703,113461.49708676338,0.4026333,0.5085047,0.54090875,0.602192,11.134802043727875,0.0,0.0
61662,654980,-0.006176412,0.03307817,0.05281924,0.026201492,10,0.0,96209,1074790,0.69777316,0.6621672,0.65033484,0.67752576,0.69159675,0.6952454,0.7031541,0.70372725,7711,113472.5034160614,0.6773638,0.50926316,0.54842484,0.59929174,9.66947500677206,0.0,0.0
61705,655410,0.42950964,0.079131894,0.060246877,0.030641174,10,0.0,96293,1075630,0.27684063,0.61623085,0.6412729,0.6727068,0.70635027,0.69536275,0.7015198,0.7033479,7718,113482.2740457058,0.27684063,0.5221224,0.5550036,0.59448045,26.539794467543626,0.0,0.0
61758,655940,0.41905215,0.07843763,0.07247274,0.033186246,10,0.0,96385,1076550,0.3117334,0.61101466,0.62383866,0.6694987,0.73078555,0.6894523,0.69631135,0.7026848,7726,113493.63053107262,0.3117334,0.4778368,0.5362472,0.58969617,8.958082246491726,0.0,0.0
61808,656440,-0.036358535,0.033722192,0.062024504,0.036056206,10,0.0,96478,1077480,0.69881105,0.66880316,0.6412648,0.6669822,0.6624525,0.7025253,0.70328933,0.7030384,7734,113504.85260748863,0.36616185,0.56500304,0.5552441,0.5855679,8.774334776230933,0.0,0.0
61852,656880,-0.053231537,0.08562453,0.06663046,0.038775537,10,0.0,96559,1078290,0.7861037,0.61262,0.636415,0.6641583,0.7328722,0.6982445,0.7030454,0.70293385,7741,113514.79819703102,0.5288444,0.5005494,0.55392414,0.5818391,9.676743146771527,0.0,0.0
61902,657380,0.038792253,0.12159707,0.074164025,0.042498548,10,0.0,96643,1079130,0.6191075,0.5842975,0.6249162,0.6603525,0.65789974,0.70589453,0.69908035,0.70285106,7748,113525.04363179207,0.47248545,0.4943571,0.53637314,0.57618743,7.739106576232332,0.0,0.0
61946,657820,0.34756413,0.003667909,0.05166873,0.043516845,10,0.0,96725,1079950,0.34322134,0.694367,0.6503214,0.6591822,0.69078547,0.6980349,0.70199007,0.70269907,7755,113534.78850626945,0.34322134,0.54320025,0.548019,0.57165647,21.538576882884133,0.0,0.0
61989,658250,0.010938466,0.10515702,0.054504957,0.047093224,10,0.0,96809,1080790,0.6973627,0.56673175,0.6441746,0.6551517,0.7083012,0.6718887,0.6986795,0.702245,7762,113545.26428341866,0.29091862,0.5263409,0.54407996,0.56647044,29.535771324915004,0.0,0.0
62035,658710,0.009528041,0.019926315,0.05281905,0.049233284,10,0.0,96894,1081640,0.7395928,0.6914433,0.6461672,0.65304464,0.74912083,0.7113696,0.69898623,0.7022779,7769,113555.28224563599,0.36118954,0.6222107,0.55120206,0.56281465,27.553572507810877,0.0,0.0
62082,659180,-0.034685373,0.020666063,0.046182446,0.05021006,10,0.0,96985,1082550,0.71699905,0.6972108,0.66223645,0.65230715,0.6823137,0.7178768,0.7084188,0.70251715,7777,113566.36824989319,0.5536291,0.53110087,0.56252927,0.55826414,7.991180997228629,0.0,0.0
62131,659670,0.0015980005,0.07488386,0.048316717,0.05183097,10,0.0,97064,1083340,0.6864259,0.6399198,0.66096777,0.65055513,0.6880239,0.7148037,0.70928454,0.702386,7784,113575.86298394203,0.5091474,0.54763806,0.55183095,0.5545131,23.406602482683496,0.0,0.0
62183,660190,0.009608209,0.090968885,0.055846807,0.053082217,10,0.0,97159,1084290,0.73602456,0.6099487,0.6456764,0.64939153,0.74563277,0.70091754,0.70152307,0.7024738,7792,113587.13348293304,0.73602456,0.49221706,0.53282773,0.55002993,9.16836056281872,0.0,0.0
62233,660690,0.24165887,0.12163005,0.0606856,0.0537515,10,0.0,97252,1085220,0.5005018,0.6024865,0.64046526,0.6487454,0.7421607,0.70137364,0.7006784,0.70225084,7800,113598.32081460953,0.30813876,0.5215047,0.53789526,0.5489061,8.309050503241563,0.0,0.0
62281,661170,-0.061017454,0.05876732,0.067128055,0.055493128,10,0.0,97346,1086160,0.76501465,0.64515644,0.63316584,0.6464484,0.7039972,0.70392376,0.7002938,0.70194143,7808,113609.53871870041,0.35939988,0.54277945,0.54023355,0.5458663,8.677269518717463,0.0,0.0
62332,661680,0.13299352,0.016880348,0.060418658,0.054336812,10,0.0,97439,1087090,0.65701914,0.6838203,0.6424399,0.6476701,0.79001266,0.70070064,0.7028585,0.7020069,7816,113620.77716302872,0.35292023,0.5695439,0.54305184,0.54732317,8.000549354127404,0.0,0.0
62381,662170,0.3339624,-0.009396696,0.044394854,0.05449789,10,0.0,97521,1087910,0.33942273,0.7228514,0.6623927,0.6477859,0.67338514,0.71345466,0.7067874,0.7022838,7823,113630.4739716053,0.33942273,0.6309041,0.5666561,0.5476969,31.29087512607951,0.0,0.0
62429,662650,0.025231302,0.042215504,0.046407893,0.054224975,10,0.0,97615,1088850,0.70275384,0.66682625,0.65980667,0.6485591,0.72798514,0.7090417,0.7062146,0.70278406,7831,113641.55853128433,0.70275384,0.57978547,0.5623524,0.54840183,9.074793030094801,0.0,0.0
62481,663170,0.039342582,0.054852016,0.046300106,0.054546617,10,0.0,97709,1089790,0.7000875,0.6516194,0.659716,0.64837515,0.73943007,0.7064714,0.7060162,0.7029218,7839,113652.54768157005,0.3550109,0.5345653,0.5516286,0.547948,9.205918664997109,0.0,0.0
62529,663650,-0.089924276,0.02933393,0.041257795,0.05555763,10,0.0,97790,1090600,0.809031,0.68585277,0.6653102,0.64776367,0.71910673,0.7151867,0.70656806,0.7033212,7846,113662.0610973835,0.71910673,0.5660981,0.5531341,0.5498445,20.87634474431069,0.0,0.0
62571,664070,-0.10647553,-0.0022185862,0.030884257,0.05377256,10,0.0,97883,1091530,0.78303176,0.71252763,0.6745342,0.64949185,0.6765562,0.710309,0.7054184,0.7032644,7853,113672.39538145065,0.6765562,0.6837491,0.5828313,0.5525073,19.044251291432662,0.0,0.0
62621,664570,0.018693626,0.0014063179,0.013143185,0.051194306,10,0.0,97975,1092450,0.6783047,0.71058834,0.69248915,0.65201116,0.6969983,0.7113613,0.7062155,0.7032041,7861,113683.47072434425,0.6752086,0.69470906,0.6417926,0.5589452,8.542569012803963,0.0,0.0
62669,665050,0.0012681484,-0.0042768656,0.0030426222,0.048700273,10,0.0,98058,1093280,0.6889078,0.7042299,0.70300746,0.6547724,0.69017595,0.69995296,0.70605016,0.7034727,7868,113693.38723230362,0.687395,0.6867261,0.6832355,0.56540686,28.50036047556954,0.0,0.0
62718,665540,-0.06724095,0.01481176,-0.0016844183,0.04510765,10,0.0,98145,1094150,0.7362042,0.7022248,0.71284175,0.6593743,0.66896325,0.71703655,0.7111574,0.70448196,7876,113704.8807375431,0.66896325,0.68976355,0.6933443,0.5727384,8.270955314837499,0.0,0.0
62762,665980,-0.041205347,-0.0018183768,-0.0021930605,0.041626886,10,0.0,98225,1094950,0.6831155,0.6992834,0.71097493,0.6629167,0.64191014,0.697465,0.7087817,0.70454365,7883,113714.81482124329,0.64191014,0.6726512,0.69244456,0.5796603,23.969067628560097,0.0,0.0
62814,666500,0.0020255446,-0.018020654,-0.003490535,0.03803765,10,0.0,98317,1095870,0.71293074,0.723987,0.707708,0.6667064,0.7149563,0.70596635,0.70421755,0.70474404,7891,113725.9727499485,0.6941327,0.69184536,0.6872122,0.5859862,9.654460283660354,0.0,0.0
62858,666940,-0.018622339,0.0045425715,-0.00445909,0.03525073,10,0.0,98397,1096670,0.7164996,0.7019269,0.71110123,0.6697624,0.6978773,0.7064694,0.7066421,0.70501316,7898,113735.74011540413,0.6978773,0.6797732,0.68600196,0.592057,22.274926167211284,0.0,0.0
62913,667490,0.009301722,0.000322479,-0.0063688094,0.030470073,10,0.0,98491,1097610,0.7275356,0.6959467,0.70992774,0.6744868,0.7368373,0.69381994,0.7030851,0.70494944,7906,113746.97951388359,0.7275356,0.6897161,0.6867635,0.6007339,9.116714395170273,0.0,0.0
62955,667910,0.0,-0.014370436,-0.0079024695,0.029535806,10,0.0,98581,1098510,0.6755845,0.72197115,0.70879394,0.6753116,0.6755845,0.7076007,0.70089155,0.7048474,7913,113757.11332321167,0.6755845,0.6903218,0.68627626,0.60485935,7.4244089225226855,0.0,0.0
63001,668370,0.070450306,-0.012474978,-0.007317832,0.02531305,10,0.0,98657,1099270,0.6678796,0.69854516,0.70907664,0.67991954,0.7383299,0.6860702,0.70175874,0.7052326,7920,113767.2845518589,0.6678796,0.6708186,0.6857705,0.61284363,9.587028780487582,0.0,0.0
63048,668840,-0.009085774,0.0026787699,-0.0055238847,0.023874344,10,0.0,98743,1100130,0.67536104,0.69924724,0.7100658,0.6812728,0.66627526,0.70192605,0.7045419,0.70514715,7927,113777.24695134163,0.6641009,0.6940291,0.6818039,0.61732787,26.474929856620303,0.0,0.0
63094,669300,0.010638654,0.0024398982,-0.0018349063,0.02189995,10,0.0,98820,1100900,0.70256525,0.6994914,0.70798945,0.6830032,0.7132039,0.7019313,0.7061544,0.7049031,7934,113787.26929759979,0.70256525,0.67887336,0.6767923,0.62216526,23.941717502501596,0.0,0.0
63137,669730,-0.009255409,-0.020463824,-0.0043331,0.01900728,10,0.0,98908,1101780,0.72277176,0.72325146,0.70696646,0.6855501,0.71351635,0.7027876,0.7026334,0.7045574,7941,113797.91216468811,0.67488563,0.68386173,0.6773102,0.6277467,9.283015393550079,0.0,0.0
63180,670160,0.017798483,0.023710066,-0.0017005188,0.017186118,10,0.0,98980,1102500,0.6885044,0.67137533,0.6976343,0.6872649,0.7063029,0.69508535,0.6959337,0.704451,7948,113808.16285276413,0.68705994,0.6308196,0.66452414,0.6341747,8.542090575034099,0.0,0.0
63225,670610,-0.004421711,-0.024950027,-0.004717014,0.013852643,10,0.0,99058,1103280,0.77298886,0.7281922,0.7065693,0.6908436,0.76856714,0.70324224,0.7018523,0.7046962,7955,113818.34734678268,0.7063817,0.67458254,0.67789453,0.63989985,9.159514908464994,0.0,0.0
63271,671070,0.0,-0.004080343,-0.002413222,0.010328632,10,0.0,99143,1104130,0.69479674,0.7211131,0.7127564,0.6950582,0.69479674,0.71703273,0.7103431,0.7053868,7962,113828.81547403336,0.69479674,0.69532466,0.68148303,0.64757186,10.08822589253523,0.0,0.0
63312,671480,-0.04134476,-0.010194302,-0.0061548976,0.0074132946,10,0.0,99233,1105030,0.7116117,0.7168445,0.71296906,0.6975897,0.6702669,0.7066502,0.70681417,0.7050029,7969,113838.99313759804,0.6682793,0.6857375,0.67001635,0.65180457,20.807339686205992,0.0,0.0
63365,672010,-0.017596364,-0.011435872,-0.01309288,0.0041487725,10,0.0,99316,1105860,0.73343056,0.71447647,0.7159979,0.70087355,0.7158342,0.70304066,0.70290494,0.70502234,7977,113850.63529539108,0.70739067,0.69539565,0.6635276,0.6572148,6.769788979956808,0.0,0.0
63409,672450,0.1027298,-0.01865704,-0.01605984,0.0015780203,10,0.0,99398,1106680,0.6435316,0.7343019,0.72049,0.7033561,0.7462614,0.71564496,0.7044301,0.7049341,7984,113860.70964241028,0.6435316,0.71020234,0.6787488,0.66380346,29.06347421236695,0.0,0.0
63457,672930,0.03503847,-0.007202542,-0.00841091,-0.00066671753,10,0.0,99480,1107500,0.74661887,0.718514,0.71618706,0.7056989,0.78165734,0.7113116,0.7077761,0.7050322,7991,113870.69581389427,0.69068354,0.70093364,0.68904305,0.66955334,36.41227093141464,0.0,0.0
63503,673390,-0.12459707,-0.0118739065,-0.003294431,-0.0025542255,10,0.0,99569,1108390,0.8172315,0.7280692,0.7120517,0.7073917,0.6926344,0.71619534,0.7087572,0.7048374,7998,113880.8120238781,0.6926344,0.6621777,0.6864621,0.67444026,28.016565580997675,0.0,0.0
63548,673840,0.014950812,0.003515744,-0.004053391,-0.004426114,10,0.0,99657,1109270,0.695564,0.68924344,0.7093022,0.7092577,0.7105148,0.6927592,0.7052488,0.70483166,8006,113892.14568591118,0.67196727,0.6719758,0.6846648,0.6795326,11.433584114303565,0.0,0.0
63599,674350,-0.059644938,-0.014746398,-0.0056551313,-0.0051266216,10,0.0,99748,1110180,0.77763635,0.72436583,0.7060757,0.7096352,0.7179914,0.70961946,0.7004207,0.70450854,8014,113903.41723752022,0.6560156,0.676842,0.6800712,0.6815164,8.046056787538685,0.0,0.0
63654,674900,-0.076470375,-0.013193679,-0.0037253797,-0.0055630575,10,0.0,99849,1111190,0.7299519,0.73026806,0.70269537,0.7098823,0.65348154,0.71707433,0.69896996,0.7043193,8022,113914.4989862442,0.65348154,0.70516735,0.67212355,0.6807409,6.627658910465933,0.0,0.0
63700,675360,0.0,0.0017254412,-0.0033704536,-0.005240337,10,0.0,99931,1112010,0.71875215,0.6871294,0.7058995,0.7091339,0.71875215,0.6888548,0.70252913,0.70389354,8029,113924.97457790375,0.71875215,0.68114746,0.6771447,0.6800945,9.609527267978468,0.0,0.0
63725,675610,-0.07016677,0.005888498,-0.0025102072,-0.005239987,10,0.0,99983,1112530,0.74201673,0.72115177,0.70646375,0.7089709,0.67184997,0.72704023,0.70448494,0.7037903,8033,113935.80857563019,0.67184997,0.6914272,0.6759346,0.67948884,4.051106304567412,0.0,0.0
63745,675810,0.0195266,-0.00023332238,-0.0022171908,-0.0053289793,10,0.0,100022,1112920,0.70564276,0.6810338,0.7047608,0.7087892,0.72516936,0.68080044,0.70251524,0.7034884,8036,113946.89708304405,0.42002773,0.5830528,0.67199814,0.67838013,3.7647599488733468,0.0,0.0
63765,676010,-0.021230042,0.005757779,3.1182764e-05,-0.0050727283,10,0.0,100057,1113270,0.75030255,0.7020012,0.69972533,0.7086493,0.7290725,0.7077633,0.70020044,0.70352834,8039,113957.19278693199,0.7117605,0.6695763,0.66563296,0.6780073,3.880987242711231,0.0,0.0
63788,676240,-0.015384555,0.024369668,0.004920164,-0.0047366126,10,0.0,100100,1113700,0.70894074,0.6828111,0.6944721,0.70821804,0.6935562,0.70718074,0.70002437,0.70340616,8043,113970.11259365082,0.65404594,0.6679752,0.66310006,0.6778251,3.482471212952127,0.0,0.0
63810,676460,0.019347608,-0.011376917,0.0031841581,-0.004783746,10,0.0,100137,1114070,0.6618694,0.71387213,0.69840264,0.70808876,0.681217,0.7024952,0.70050126,0.70331985,8046,113979.81679964066,0.51034886,0.6733802,0.6609292,0.6773044,11.954485043868413,0.0,0.0
63833,676690,-0.009174049,-0.019188207,0.00022458911,-0.004862838,10,0.0,100186,1114560,0.69141126,0.725387,0.700032,0.70812047,0.6822372,0.7061988,0.70045817,0.7032761,8050,113991.6116104126,0.6788142,0.69276154,0.6624233,0.67706347,4.837070354782736,0.0,0.0
63864,677000,0.000102221966,-0.0012351811,0.0015618127,-0.004625944,10,0.0,100239,1115090,0.6786089,0.7033505,0.70072883,0.7076411,0.6787111,0.70211536,0.7022906,0.70310694,8055,114001.58989596367,0.6786089,0.69469476,0.67666006,0.6770731,6.296992630770605,0.0,0.0
63897,677330,0.0045571327,0.043022428,0.002753426,-0.0038507117,10,0.0,100300,1115700,0.6901559,0.645819,0.69987226,0.70688283,0.69471306,0.6888414,0.70262563,0.7031433,8060,114011.85660266876,0.31300035,0.6092895,0.67239547,0.67598045,5.653390339387755,0.0,0.0
63930,677660,-0.040362418,0.00019688011,0.0072109196,-0.003422186,10,0.0,100358,1116280,0.69567,0.7269381,0.7001127,0.7072233,0.6553076,0.727135,0.70732355,0.7037489,8065,114022.05399799347,0.6553076,0.6962605,0.67226493,0.67541504,6.726922306471058,0.0,0.0
63961,677970,0.06801355,-0.014118582,0.005049365,-0.003296605,10,0.0,100420,1116900,0.6419531,0.7211946,0.70236015,0.7070069,0.70996666,0.707076,0.7074096,0.7037597,8070,114032.18633747101,0.64168143,0.6701342,0.6698981,0.675371,5.130974096330788,0.0,0.0
64018,678540,0.036747813,0.030905664,0.0066540414,-0.0020034956,10,0.0,100514,1117840,0.7079096,0.6682506,0.69770104,0.7056106,0.7446574,0.6991563,0.704355,0.70368093,8079,114042.76167154312,0.6737601,0.65909296,0.6721281,0.6746854,16.904295733606965,0.0,0.0
64076,679120,-0.01876849,0.003684491,0.015000595,-0.00134407,10,0.0,100627,1118970,0.71088177,0.70357895,0.68745375,0.7049861,0.6921133,0.70726347,0.7024545,0.7036356,8088,114053.43912887573,0.69175714,0.68634546,0.64711654,0.6722191,9.89097604642432,0.0,0.0
64123,679590,0.05797708,0.0008484006,0.007470135,-0.00086617685,10,0.0,100697,1119670,0.6884467,0.7083544,0.69990057,0.7050022,0.7464238,0.7092029,0.7073708,0.70418555,8095,114063.77622818947,0.6884467,0.6909319,0.656484,0.6724441,11.630368534507857,0.0,0.0
64168,680040,-0.03669995,0.0009538114,-0.000454458,-0.00084324786,10,0.0,100782,1120520,0.72972107,0.71300554,0.70896095,0.705639,0.6930211,0.71395934,0.70850646,0.70468503,8102,114074.04233050346,0.6930211,0.68369985,0.6691505,0.67170584,8.7222207318856,0.0,0.0
64211,680470,0.004234612,-0.002483201,0.004489048,-0.00041349648,10,0.0,100858,1121280,0.6976114,0.69017017,0.7006457,0.70483595,0.701846,0.68768704,0.70513475,0.70443994,8109,114084.45861339569,0.68569905,0.64330304,0.66033345,0.6707786,10.405009323889624,0.0,0.0
64256,680920,0.011625767,0.019091249,0.00890631,8.379507e-05,10,0.0,100937,1122070,0.6985017,0.7005263,0.6947812,0.7039725,0.7101275,0.7196175,0.7036874,0.70412505,8116,114094.60483407974,0.6985017,0.6870414,0.65146375,0.66914076,8.77216017715384,0.0,0.0
64297,681330,-0.018695652,0.039779693,0.010194668,0.0010944064,10,0.0,101019,1122890,0.71966213,0.66753685,0.69361806,0.70315737,0.7009665,0.70731664,0.7038128,0.7043082,8123,114104.8534374237,0.6922445,0.6218289,0.63207537,0.6667138,7.599727415325079,0.0,0.0
64343,681790,-0.10252619,0.028907869,0.01851575,0.0025886158,10,0.0,101111,1123810,0.74710727,0.67868793,0.6879894,0.7016096,0.6445811,0.70759594,0.70650506,0.70424974,8130,114115.39041829109,0.3562225,0.58486974,0.6269148,0.66556567,6.983185960051879,0.0,0.0
64386,682220,-0.017602563,0.018570447,0.01746097,0.0037832428,10,0.0,101183,1124530,0.7155551,0.6866813,0.6875796,0.70047617,0.6979525,0.7048354,0.7045335,0.7043715,8136,114126.02444815636,0.6915859,0.66256446,0.62027705,0.66281915,8.131408302818528,0.0,0.0
64442,682780,-0.11110544,0.062098574,0.039156187,0.0070985192,10,0.0,101287,1125570,0.7751594,0.66074353,0.664282,0.6968495,0.664054,0.7228421,0.7034381,0.7040475,8145,114136.73440265656,0.6464203,0.61673963,0.5939924,0.65712637,11.929019232087361,0.0,0.0
64499,683350,0.3189358,0.026748803,0.05385186,0.010775958,10,0.0,101388,1126580,0.40944898,0.6661953,0.6521667,0.6932483,0.7283848,0.692944,0.7060185,0.70404375,8154,114145.98520827293,0.40944898,0.43106803,0.56111044,0.6477764,10.750543191162535,0.0,0.0
64567,684030,0.4025087,0.075404376,0.069789596,0.015998257,10,0.0,101512,1127820,0.32652834,0.6293932,0.6358075,0.68826026,0.72903705,0.7047975,0.7055971,0.70426106,8165,114157.26203012466,0.32652834,0.5095583,0.5169002,0.637602,11.068222438785476,0.0,0.0
64630,684660,0.043295324,0.17207028,0.09341976,0.022657327,10,0.0,101615,1128850,0.7028149,0.5325396,0.60791504,0.68153113,0.7461102,0.7046098,0.7013348,0.7043031,8173,114165.46470284462,0.7028149,0.46105808,0.5013191,0.6264511,13.424577999818842,0.0,0.0
64695,685310,0.25912097,0.14800084,0.10897704,0.02984049,10,0.0,101728,1129980,0.47749063,0.55481523,0.59288204,0.67424,0.7366116,0.7028161,0.70185906,0.7040623,8184,114176.63713335991,0.4059588,0.5040576,0.5095464,0.61619526,13.089132906235362,0.0,0.0
64757,685930,0.2405588,0.13971937,0.120214455,0.03673066,10,0.0,101836,1131060,0.47553027,0.57704353,0.5783929,0.6674637,0.71608907,0.7167629,0.6986073,0.70416224,8194,114187.60177350044,0.47553027,0.48392168,0.5086395,0.60807997,8.036778723126215,0.0,0.0
64811,686470,0.19678456,0.14917311,0.12067279,0.04333785,10,0.0,101943,1132130,0.46348727,0.5636746,0.5826581,0.66129357,0.6602718,0.71171474,0.7023552,0.70446825,8203,114197.97402119637,0.39246267,0.422862,0.5061478,0.59854823,9.541145996478175,0.0,0.0
64870,687060,0.2591484,0.11723745,0.12525904,0.0502901,10,0.0,102054,1133240,0.42298386,0.587093,0.5822463,0.65429884,0.68213224,0.70433044,0.7075053,0.7045889,8212,114208.59977960587,0.38164306,0.53574586,0.5034839,0.58861744,7.898150245674175,0.0,0.0
64917,687530,0.27878988,0.065724365,0.12506777,0.056103766,10,0.0,102142,1134120,0.44205254,0.63377964,0.5780849,0.64807326,0.7208424,0.699504,0.7031527,0.704177,8220,114218.92651343346,0.3754552,0.5404619,0.49477768,0.57927024,9.111191050912964,0.0,0.0
64980,688160,0.21530622,0.18480185,0.12591793,0.063803956,10,0.0,102246,1135160,0.46712744,0.5284298,0.5804342,0.640321,0.68243366,0.7132317,0.7063522,0.70412505,8229,114229.19908547401,0.46712744,0.45999694,0.48107615,0.56742895,9.77180505054341,0.0,0.0
65023,688590,0.26406473,0.11469959,0.12867013,0.06869259,10,0.0,102333,1136030,0.432526,0.5903581,0.5759981,0.6355515,0.6965907,0.7050576,0.7046683,0.704244,8236,114239.4240500927,0.3360154,0.455573,0.48242173,0.5600013,8.224462531895915,0.0,0.0
65072,689080,0.2935964,0.13461895,0.13917914,0.075108044,10,0.0,102422,1136920,0.43150473,0.5707881,0.56438917,0.62906045,0.7251011,0.705407,0.7035682,0.70416844,8244,114249.98863959312,0.42711166,0.5412218,0.49552417,0.55355793,8.61039100741253,0.0,0.0
65122,689580,0.3800542,0.16157117,0.1254821,0.08027139,10,0.0,102507,1137770,0.3714812,0.5254985,0.5805739,0.6238153,0.7515354,0.6870696,0.7060559,0.70408666,8251,114260.49551129341,0.29828355,0.49765387,0.528209,0.54756606,8.723944201587127,0.0,0.0
65169,690050,0.31453127,0.04214462,0.09904519,0.08462541,10,0.0,102603,1138730,0.35789937,0.6592502,0.6072331,0.6193652,0.67243063,0.7013948,0.7062783,0.7039907,8259,114271.78129577637,0.299864,0.54529226,0.54450417,0.54121363,8.029300035147179,0.0,0.0
65216,690520,0.26331234,0.13228402,0.10598806,0.08952551,10,0.0,102683,1139530,0.4330144,0.55639756,0.59665483,0.61461425,0.69632673,0.68868154,0.7026428,0.7041398,8266,114281.85815382004,0.36370024,0.42562413,0.5121856,0.5338558,9.771880179431706,0.0,0.0
65266,691020,0.3164975,0.0785492,0.110475294,0.09491103,10,0.0,102764,1140340,0.39660656,0.63497704,0.5910128,0.60902685,0.71310407,0.7135262,0.70148814,0.7039379,8274,114292.09500455856,0.39660656,0.529777,0.49815762,0.5263236,7.4055049953520315,0.0,0.0
65311,691470,0.2486912,0.15216315,0.12234747,0.0994829,10,0.0,102844,1141140,0.47268236,0.5532533,0.58279055,0.6046896,0.72137356,0.70541644,0.705138,0.7041725,8281,114302.2144947052,0.47268236,0.49499482,0.49197933,0.52162904,9.68004842904478,0.0,0.0
65360,691960,0.37461302,0.11437969,0.12532927,0.10533548,10,0.0,102936,1142060,0.37982306,0.57734036,0.57853925,0.59837234,0.7544361,0.69172007,0.7038686,0.70370775,8289,114313.5196313858,0.37982306,0.49321175,0.5017507,0.5146549,8.314603044145281,0.0,0.0
65407,692430,0.0011643171,0.09442577,0.123310894,0.10942184,10,0.0,103028,1142980,0.7746474,0.6126405,0.57683116,0.59426695,0.77581173,0.70706624,0.70014197,0.70368886,8296,114323.5734462738,0.32085708,0.53093576,0.49886322,0.5108609,9.459932062131506,0.0,0.0
65458,692940,0.0,0.11919775,0.1139512,0.11288877,10,0.0,103122,1143920,0.70803505,0.59085315,0.58571255,0.59045273,0.70803505,0.7100509,0.6996637,0.70334154,8304,114334.8776113987,0.70803505,0.49123377,0.5049854,0.505784,7.090282300918915,0.0,0.0
65506,693420,0.26631755,0.1353359,0.10878252,0.11461049,10,0.0,103189,1144590,0.37270278,0.56835324,0.59127754,0.58851033,0.6390203,0.70368916,0.70006007,0.70312077,8311,114344.95286297798,0.29162985,0.4886493,0.5137471,0.50624293,9.480373500547104,0.0,0.0
65551,693870,0.31962702,0.11367414,0.10329904,0.11586609,10,0.0,103278,1145480,0.41033384,0.59059703,0.59505725,0.5870171,0.72996086,0.7041502,0.7010198,0.70288193,8318,114354.72938871384,0.41033384,0.46861762,0.5152755,0.50479776,27.90820104957572,0.0,0.0
65599,694350,0.37648004,0.10344182,0.11284665,0.11777983,10,0.0,103365,1146350,0.34014344,0.59553945,0.58752155,0.58521676,0.7166235,0.69898117,0.7003683,0.7029966,8326,114366.20261240005,0.34014344,0.44274265,0.4899887,0.5037483,8.47335339666137,0.0,0.0
65649,694850,0.31259355,0.1105729,0.11023827,0.11739449,10,0.0,103462,1147320,0.3945231,0.5800369,0.5903194,0.5852907,0.70711666,0.6905255,0.7006904,0.70274144,8334,114377.43845391273,0.34956232,0.5212139,0.5156521,0.5052525,8.51370151916134,0.0,0.0
65698,695340,0.28890064,0.087837026,0.09855654,0.11671628,10,0.0,103534,1148040,0.4676049,0.6214238,0.6033136,0.58634734,0.75650555,0.7092607,0.70187014,0.7030636,8341,114387.51703286171,0.41945484,0.54339355,0.5215061,0.5052636,8.92828915172287,0.0,0.0
65746,695820,0.11578512,0.14672223,0.09903244,0.11568633,10,0.0,103634,1149040,0.524537,0.5555052,0.60668534,0.5877566,0.64032215,0.7022275,0.7057178,0.703443,8349,114398.62977409363,0.3070639,0.47644597,0.5275107,0.50654304,8.142527782372259,0.0,0.0
65789,696250,0.31561092,0.12143799,0.10218463,0.1158455,10,0.0,103718,1149880,0.4514158,0.57847023,0.60271287,0.5875145,0.7670267,0.6999082,0.70489746,0.70335996,8356,114408.94486284256,0.4514158,0.5349213,0.5344579,0.50675887,9.108838385867513,0.0,0.0
65837,696730,0.292666,0.05905471,0.108480364,0.114081524,10,0.0,103799,1150690,0.40499023,0.62917745,0.5969225,0.5892196,0.6976562,0.6882322,0.70540273,0.70330113,8363,114419.14364409447,0.32470807,0.544414,0.5169151,0.5088777,9.302059034740694,0.0,0.0
65887,697230,0.23916742,0.10121839,0.10382363,0.11258122,10,0.0,103885,1151550,0.3980746,0.59154624,0.60205406,0.59086186,0.637242,0.69276464,0.70587766,0.7034431,8371,114430.10009384155,0.3980746,0.46399957,0.51391625,0.509517,9.454334635745974,0.0,0.0
65938,697740,0.014134467,0.1473102,0.117165945,0.11308858,10,0.0,103990,1152600,0.648389,0.5621159,0.5908778,0.59038746,0.66252345,0.7094261,0.70804375,0.7034761,8379,114440.50646877289,0.39333206,0.4606425,0.5148739,0.5112013,10.968365332540447,0.0,0.0
65991,698270,0.23169982,0.09277094,0.11729524,0.112098984,10,0.0,104074,1153440,0.5054454,0.61014736,0.58904344,0.59134316,0.73714525,0.7029183,0.7063387,0.70344216,8387,114450.70070958138,0.42274866,0.5224493,0.516838,0.5135395,11.399584926459797,0.0,0.0
66044,698800,0.2451989,0.08491611,0.10023854,0.109727755,10,0.0,104181,1154510,0.41360945,0.61400676,0.60443735,0.5938984,0.65880835,0.69892293,0.704676,0.7036262,8396,114461.8038482666,0.4002254,0.47182187,0.51258785,0.51400304,9.188753640511361,0.0,0.0
66099,699350,0.23322931,0.09684376,0.101774216,0.10875029,10,0.0,104272,1155420,0.43545935,0.5873119,0.6006781,0.59442127,0.66868865,0.6841556,0.7024525,0.7031715,8404,114471.98335909843,0.4004914,0.4894578,0.5077374,0.5136283,11.123813605554396,0.0,0.0
66154,699900,0.39600587,0.08423689,0.10129914,0.10840785,10,0.0,104376,1156460,0.39710766,0.62311876,0.60243607,0.59462816,0.7931135,0.7073557,0.7037353,0.703036,8413,114483.16264486313,0.39710766,0.5420858,0.53558284,0.51399696,8.776023816159602,0.0,0.0
66205,700410,0.30508348,0.14654271,0.11541837,0.110092804,10,0.0,104469,1157390,0.44025204,0.56092465,0.5916678,0.5932439,0.7453355,0.7074673,0.7070861,0.7033367,8421,114493.09866309166,0.44025204,0.5100177,0.52119356,0.5133054,25.01011601968465,0.0,0.0
66259,700950,0.2522924,0.118248925,0.12036113,0.10926332,10,0.0,104564,1158340,0.4479611,0.5824355,0.5842452,0.5942838,0.7002535,0.70068437,0.7046063,0.7035471,8429,114503.48006272316,0.4479611,0.5104259,0.51506144,0.5162994,12.016802822397421,0.0,0.0
66302,701380,0.20343801,0.085935354,0.10061744,0.10803247,10,0.0,104654,1159240,0.43851027,0.6288278,0.6041253,0.5953496,0.6419483,0.7147631,0.7047428,0.7033821,8436,114513.27197909355,0.37381953,0.5319342,0.53140104,0.5171844,21.609074122922713,0.0,0.0
66357,701930,0.0,0.12237678,0.11439827,0.10821047,10,0.0,104736,1160060,0.75627476,0.59726065,0.5894373,0.5953196,0.75627476,0.71963745,0.70383567,0.7035301,8444,114524.6358115673,0.75627476,0.5457674,0.51825494,0.51779443,8.685058578482785,0.0,0.0
66408,702440,0.0006521344,0.115670465,0.10668692,0.10651858,10,0.0,104828,1160980,0.78258586,0.59302825,0.59536576,0.59695524,0.783238,0.70869875,0.7020527,0.7034738,8452,114535.42292618752,0.78258586,0.5287818,0.5122047,0.5181947,11.619706857761992,0.0,0.0
66459,702950,0.03469199,0.09825279,0.09247258,0.105705045,10,0.0,104928,1161980,0.6485209,0.6244054,0.6133986,0.5984327,0.6832129,0.72265804,0.7058713,0.7041378,8460,114546.39839625359,0.35459065,0.5674394,0.53400874,0.5209845,8.639717946219697,0.0,0.0
66518,703540,0.058046877,0.115217045,0.10291325,0.10593825,10,0.0,105021,1162910,0.6366342,0.59408236,0.6049312,0.59848213,0.69468105,0.70929945,0.7078444,0.7044203,8469,114556.9993109703,0.45126063,0.56273353,0.5462485,0.522062,14.010697330744739,0.0,0.0
66562,703980,0.32381162,0.07928161,0.08928112,0.10431487,10,0.0,105114,1163840,0.3934928,0.625775,0.6165529,0.60020596,0.7173044,0.70505655,0.7058339,0.7045208,8477,114567.73188281059,0.3934928,0.5765398,0.55335474,0.5248689,8.101993498399326,0.0,0.0
66613,704490,0.37036812,0.10855921,0.0950023,0.10384143,10,0.0,105199,1164690,0.36195713,0.59571946,0.61354095,0.6009709,0.73232526,0.69679046,0.7080545,0.70482314,8484,114577.93129682541,0.36195713,0.5139069,0.5404804,0.52630895,9.12378429056516,0.0,0.0
66654,704900,0.19938618,0.07628244,0.10877334,0.10428072,10,0.0,105281,1165510,0.51415396,0.64189875,0.5967375,0.6009666,0.71354014,0.71818113,0.7055108,0.70524734,8491,114587.77748608589,0.51415396,0.5751305,0.53743696,0.52686226,25.791309684199263,0.0,0.0
66705,705410,0.26280576,0.098615676,0.106729,0.10423139,10,0.0,105378,1166480,0.4497288,0.6002451,0.5957744,0.6008197,0.71253455,0.69886076,0.7025034,0.70505106,8499,114598.87289214134,0.34762758,0.51028,0.5270657,0.52689075,9.83142922774728,0.0,0.0
66750,705860,0.21493128,0.114346385,0.09131955,0.10404532,10,0.0,105449,1167190,0.49384162,0.58586407,0.61175567,0.6009001,0.7087729,0.70021045,0.70307523,0.7049454,8506,114608.85653948784,0.49384162,0.52905685,0.54183173,0.5270586,24.509331745465023,0.0,0.0
66798,706340,0.17848301,0.11544323,0.08823514,0.103125624,10,0.0,105547,1168170,0.5168897,0.58321536,0.61599964,0.6017692,0.6953727,0.69865865,0.70423484,0.7048948,8514,114620.12387132645,0.46955037,0.5158299,0.5462815,0.52742124,7.85069266953057,0.0,0.0
66845,706810,0.30430886,0.10542289,0.09756336,0.10336058,10,0.0,105619,1168890,0.37956885,0.59703857,0.6067954,0.6011954,0.6838777,0.70246136,0.7043588,0.704556,8521,114629.84829854965,0.37956885,0.4814601,0.54557586,0.52968425,23.498515061994272,0.0,0.0
66891,707270,0.2570613,0.120280765,0.1106672,0.10335109,10,0.0,105705,1169750,0.41843814,0.5707923,0.5897157,0.6011051,0.67549944,0.69107306,0.7003828,0.70445615,8528,114640.18697071075,0.41843814,0.5213195,0.5401501,0.5309472,20.407626663838155,0.0,0.0
66939,707750,0.21372485,0.13378134,0.106445305,0.10271238,10,0.0,105789,1170590,0.48615414,0.5668589,0.5927355,0.6013434,0.699879,0.7006403,0.6991809,0.7040558,8536,114651.88311457634,0.47084036,0.5252501,0.5309735,0.5310672,8.316365397068743,0.0,0.0
66987,708230,0.2802761,0.1349357,0.11462452,0.1030889,10,0.0,105868,1171380,0.3849539,0.55903155,0.58618516,0.6009231,0.66523,0.69845086,0.70078874,0.704094,8543,114662.15508151054,0.36396152,0.4956842,0.5279081,0.531558,9.805814983246691,0.0,0.0
67035,708710,0.0,0.16735503,0.11734537,0.10378589,10,0.0,105954,1172240,0.74886394,0.53111696,0.58422536,0.59994394,0.74886394,0.69847196,0.7015707,0.70372975,8550,114672.25228524208,0.74886394,0.44571012,0.50445515,0.52988714,11.48591311320171,0.0,0.0
67093,709290,0.19620907,0.13930635,0.113229014,0.10432825,10,0.0,106049,1173190,0.59532017,0.57988137,0.59076667,0.5996076,0.79152924,0.71918774,0.70399576,0.7039359,8559,114682.98813319206,0.42991242,0.49972296,0.49621788,0.52960235,10.543334513947036,0.0,0.0
67136,709720,0.31900942,0.060725916,0.10587877,0.104176536,10,0.0,106134,1174040,0.45139343,0.65942794,0.6015854,0.60011387,0.77040285,0.7201538,0.7074642,0.7042904,8566,114692.78582978249,0.45139343,0.55219823,0.508139,0.52836746,21.803486537556825,0.0,0.0
67180,710160,0.23581311,0.11364267,0.10704442,0.10390652,10,0.0,106215,1174850,0.43108395,0.5930622,0.6044128,0.6004441,0.66689706,0.7067049,0.71145713,0.7043506,8573,114702.93963217735,0.43108395,0.5205253,0.5044724,0.5274254,24.647772194462352,0.0,0.0
67226,710620,0.22923729,0.087298326,0.10363079,0.10343269,10,0.0,106306,1175760,0.44566974,0.6111976,0.6021272,0.60062385,0.674907,0.698496,0.705758,0.7040565,8580,114713.22684383392,0.44566974,0.5803541,0.508638,0.5274128,7.634505171028552,0.0,0.0
67279,711150,0.01812929,0.14302154,0.112965785,0.103586785,10,0.0,106387,1176570,0.66838986,0.5487594,0.5845673,0.60044384,0.68651915,0.6917809,0.69753313,0.7040307,8588,114723.5986084938,0.66838986,0.50805676,0.51507956,0.52727777,9.864658881347856,0.0,0.0
67326,711620,0.0010612011,0.14196979,0.120681286,0.104447566,10,0.0,106484,1177540,0.6692908,0.55181974,0.582488,0.5994951,0.670352,0.6937895,0.7031692,0.7039427,8596,114734.20934724808,0.6692908,0.47340688,0.5152874,0.52691996,10.095556640295923,0.0,0.0
67370,712060,0.26274276,0.08090362,0.11119828,0.103555255,10,0.0,106569,1178390,0.48045313,0.6227069,0.5928036,0.60034615,0.7431959,0.70361054,0.70400184,0.70390135,8603,114745.02434635162,0.41936308,0.5387186,0.5043387,0.5255732,7.6905759501179265,0.0,0.0
67415,712510,0.2408539,0.080880426,0.10417147,0.104730636,10,0.0,106655,1179250,0.45948273,0.6142346,0.59618783,0.59918076,0.70033664,0.6951151,0.70035934,0.7039114,8610,114755.62832784653,0.38030812,0.53024733,0.49813324,0.5245285,7.721651864531467,0.0,0.0
67465,713010,0.28756428,0.09507026,0.113260746,0.10574466,10,0.0,106732,1180020,0.43994844,0.6042596,0.59252715,0.59815955,0.7275127,0.69932985,0.70578796,0.70390415,8617,114766.16336250305,0.436809,0.52671635,0.50898683,0.5230841,9.394712150442476,0.0,0.0
67505,713410,0.20550129,0.13292113,0.10804827,0.10548816,10,0.0,106820,1180900,0.47651175,0.5729105,0.59771174,0.59841913,0.68201303,0.70583165,0.70575994,0.70390725,8624,114777.01606917381,0.47651175,0.48197192,0.5192153,0.52246666,6.117125865108045,0.0,0.0
67561,713970,0.19152623,0.11468418,0.10569882,0.106959075,10,0.0,106911,1181810,0.51430386,0.58901584,0.59522074,0.5963978,0.7058301,0.70370007,0.7009195,0.7033569,8633,114788.13337755203,0.45278284,0.5320617,0.52746224,0.5209996,8.704634996322486,0.0,0.0
67614,714500,0.38424537,0.10735562,0.10534334,0.10686902,10,0.0,107008,1182780,0.36198828,0.60301316,0.6002589,0.5967802,0.74623364,0.71036875,0.70560217,0.70364916,8641,114798.4545006752,0.36198828,0.47056317,0.5095566,0.51881313,9.631908194405309,0.0,0.0
67668,715040,0.0,0.11827122,0.10159015,0.10671004,10,0.0,107098,1183680,0.6652088,0.6015011,0.61034197,0.59723294,0.6652088,0.7197722,0.7119321,0.703943,8649,114808.59556388855,0.6652088,0.5260478,0.50168926,0.5178358,10.851717908900817,0.0,0.0
67716,715520,0.3132574,0.09031992,0.10979231,0.10725374,10,0.0,107190,1184600,0.40349346,0.6161365,0.5966045,0.5969187,0.71675086,0.7064564,0.7063969,0.7041725,8657,114818.53289222717,0.40349346,0.52766854,0.51079875,0.51657945,31.20529722490886,0.0,0.0
67768,716040,0.33109584,0.104219355,0.12171215,0.10959717,10,0.0,107292,1185620,0.36405852,0.6030029,0.58254313,0.5944362,0.69515437,0.7069147,0.70410734,0.7040166,8665,114828.51368999481,0.36405852,0.56940866,0.5006975,0.51383644,27.317675547632803,0.0,0.0
67827,716630,0.0,0.13267174,0.11943913,0.110142775,10,0.0,107385,1186550,0.74851185,0.5381814,0.5841662,0.59392923,0.74851185,0.67085314,0.7036053,0.704072,8674,114839.65145897865,0.74851185,0.41511402,0.5015017,0.5116342,11.1329843976985,0.0,0.0
67876,717120,0.32870227,0.090624556,0.11571526,0.1107536,10,0.0,107476,1187460,0.43014604,0.6118778,0.59074587,0.59386486,0.7588483,0.7025023,0.706461,0.7046185,8682,114849.63633131981,0.43014604,0.4713946,0.50190306,0.50922596,38.496805932887874,0.0,0.0
67937,717730,0.33407733,0.1737137,0.11151753,0.11068248,10,0.0,107583,1188530,0.35824826,0.5110575,0.5937594,0.5940985,0.6923256,0.6847711,0.705277,0.70478094,8691,114860.42130041122,0.35824826,0.4630917,0.49659848,0.50758755,12.300296693090544,0.0,0.0
67990,718260,0.24175474,0.10364568,0.11128181,0.11036085,10,0.0,107679,1189490,0.46014425,0.60435134,0.58795625,0.5943571,0.701899,0.707997,0.69923806,0.7047179,8700,114870.3814702034,0.46014425,0.5410434,0.49555394,0.5069428,26.119016616194735,0.0,0.0
68056,718920,0.2264001,0.08154966,0.10344982,0.10934303,10,0.0,107789,1190590,0.44728348,0.6228967,0.59962094,0.59558064,0.6736836,0.7044463,0.7030707,0.7049236,8710,114881.51435303688,0.41912144,0.53486574,0.5039604,0.5076813,10.045366126338267,0.0,0.0
68116,719520,0.31226188,0.096309826,0.093409434,0.10830731,10,0.0,107890,1191600,0.37136567,0.62223536,0.6140529,0.59668064,0.68362755,0.71854514,0.70746225,0.704988,8719,114891.67929172516,0.37136567,0.50924194,0.5322927,0.51050156,12.498454940584494,0.0,0.0
68164,720000,0.40375775,0.15836361,0.1031135,0.1088058,10,0.0,107984,1192540,0.36299258,0.5499255,0.606453,0.5956597,0.76675034,0.7082892,0.7095666,0.7044655,8727,114902.78176569939,0.36299258,0.5087346,0.55164456,0.5123422,7.678712559606858,0.0,0.0
68213,720490,0.22230232,0.050600447,0.10676989,0.108120516,10,0.0,108063,1193330,0.47471327,0.67312896,0.6033452,0.5973588,0.6970156,0.7237294,0.71011513,0.7054794,8734,114912.63198518753,0.47471327,0.5866652,0.55403227,0.51550794,33.109545656917135,0.0,0.0
68259,720950,0.1750986,0.1234764,0.10906443,0.10919936,10,0.0,108155,1194250,0.49630022,0.59970057,0.6071168,0.596949,0.6713988,0.723177,0.7161813,0.7061483,8742,114924.09811520576,0.4116309,0.503342,0.5437689,0.5151237,7.25289839847759,0.0,0.0
68312,721480,0.3084236,0.079067156,0.098069236,0.10724355,10,0.0,108242,1195120,0.40428486,0.62947947,0.61411047,0.5988479,0.7127085,0.7085466,0.7121797,0.7060914,8750,114934.54928898811,0.40428486,0.5839136,0.5402494,0.51650393,8.325707281488356,0.0,0.0
68366,722020,0.20858529,0.12390806,0.09313392,0.10709627,10,0.0,108338,1196080,0.44404975,0.56542265,0.6105391,0.5991282,0.65263504,0.6893307,0.70367295,0.7062245,8758,114944.58650684357,0.44404975,0.5281328,0.54534835,0.519435,9.937632489201249,0.0,0.0
68416,722520,0.27581862,0.09494356,0.11039948,0.107380405,10,0.0,108440,1197100,0.3719928,0.618314,0.59312433,0.5990592,0.6478114,0.7132576,0.7035238,0.7064397,8766,114954.50491642952,0.36024854,0.5456804,0.53312737,0.520507,9.83324088474936,0.0,0.0
68466,723020,0.26635912,0.08044869,0.106643364,0.106723666,10,0.0,108529,1197990,0.42388174,0.6285129,0.59598136,0.5991709,0.69024086,0.7089616,0.7026248,0.70589453,8774,114964.57802200317,0.38140202,0.548375,0.5324862,0.52105623,30.085350414414673,0.0,0.0
68511,723470,0.30303153,0.10637289,0.1033607,0.106971376,10,0.0,108606,1198760,0.39273182,0.5966636,0.5976134,0.5988745,0.69576335,0.7030364,0.70097405,0.70584583,8781,147950.82588768005,0.29434133,0.5449256,0.5231166,0.5208115,0.00030322887135002794,0.0,0.0
68619,724550,0.2815608,0.14167671,0.11407281,0.10782004,10,0.0,108833,1201030,0.39323398,0.58332044,0.59297544,0.5980883,0.6747948,0.72499716,0.70704824,0.7059083,8798,147960.90784716606,0.39323398,0.52585626,0.5319272,0.5230452,13.080181250604221,0.0,0.0
68655,724910,0.23579425,0.16211064,0.13734896,0.10882915,10,0.0,108928,1201980,0.42594987,0.5432205,0.57067853,0.5971278,0.6617441,0.70533115,0.7080274,0.70595694,8804,147972.0479876995,0.41176975,0.4166669,0.50428766,0.52300566,7.136980098729577,0.0,0.0
68701,725370,0.30511627,0.039301313,0.129808,0.10901406,10,0.0,108999,1202690,0.37110785,0.6641857,0.5736653,0.5965999,0.6762241,0.703487,0.7034733,0.705614,8811,147982.4990439415,0.37110785,0.49532264,0.49582022,0.5221934,8.04550116635966,0.0,0.0
68750,725860,0.3740952,0.10186292,0.104463026,0.10763162,10,0.0,109077,1203470,0.37529194,0.61521894,0.5998354,0.5984702,0.74938715,0.69571483,0.7031191,0.70572853,8818,147991.87243270874,0.33955976,0.5764877,0.51773477,0.5249658,21.01108387092896,0.0,0.0
68797,726330,0.34279007,0.13434081,0.089637585,0.10651692,10,0.0,109167,1204370,0.38892418,0.57092434,0.61914647,0.5991003,0.73171425,0.70526516,0.70878404,0.7056172,8826,148002.4905116558,0.38892418,0.46613532,0.5369332,0.5246351,24.38190196442035,0.0,0.0
68853,726890,0.32683223,0.069165714,0.087955944,0.10402383,10,0.0,109269,1205390,0.32816726,0.647106,0.61577123,0.6016543,0.6549995,0.7162717,0.7037272,0.7056781,8835,148013.61173439026,0.32816726,0.559365,0.5215881,0.5264519,9.69733289497352,0.0,0.0
68910,727460,0.13520575,0.15362845,0.09680752,0.105284385,10,0.0,109362,1206320,0.5960969,0.5468385,0.60426366,0.5998635,0.7313026,0.700467,0.70107114,0.70514786,8843,148023.84609508514,0.39622068,0.47393745,0.5154338,0.5261368,11.252925374151431,0.0,0.0
68961,727970,0.25753593,0.18029942,0.13006926,0.106832854,10,0.0,109455,1207250,0.40466517,0.52964634,0.57410216,0.59879637,0.6622011,0.7099458,0.7041714,0.70562917,8851,148033.83673405647,0.40466517,0.46479687,0.48711455,0.52505076,9.53632578857129,0.0,0.0
69007,728430,0.29506937,0.09681194,0.1257668,0.10668277,10,0.0,109559,1208290,0.39980665,0.5935006,0.57726765,0.5988115,0.694876,0.6903125,0.70303446,0.70549434,8859,148045.38712716103,0.39980665,0.4307045,0.48391032,0.5247598,7.444093919411189,0.0,0.0
69054,728900,0.38616043,0.116058156,0.122913636,0.10873563,10,0.0,109629,1208990,0.30711603,0.5893871,0.5787797,0.59674186,0.69327646,0.7054453,0.7016934,0.70547754,8866,148055.2684659958,0.30711603,0.48063534,0.47864723,0.52212304,26.821676278029944,0.0,0.0
69112,729480,0.24677625,0.09294162,0.12861277,0.10999128,10,0.0,109736,1210060,0.47063914,0.6254141,0.5765524,0.5954179,0.7174154,0.71835566,0.70516515,0.70540917,8875,148066.6288189888,0.43924877,0.52301824,0.47355306,0.51917547,8.742956531019612,0.0,0.0
69173,730090,0.25007197,0.13402376,0.11304383,0.1095448,10,0.0,109841,1211110,0.3947318,0.5709151,0.591596,0.59542394,0.64480376,0.70493877,0.7046398,0.7049688,8884,148077.27479481697,0.3947318,0.43952894,0.4907763,0.5162638,10.927009014519832,0.0,0.0
69223,730590,0.0,0.11270665,0.123175405,0.11146669,10,0.0,109938,1212080,0.69807035,0.5863537,0.57339823,0.5924186,0.69807035,0.69906044,0.69657356,0.7038854,8892,148087.398113966,0.69807035,0.5058099,0.48139095,0.5116487,10.31867739593566,0.0,0.0
69257,730930,0.2773424,0.12255283,0.125109,0.11112456,10,0.0,110022,1212920,0.4320092,0.571465,0.57208276,0.592007,0.7093516,0.6940179,0.6971917,0.70313156,8898,148097.3868701458,0.4320092,0.45618606,0.48167613,0.5109229,24.30739380339676,0.0,0.0
69303,731390,0.30034587,0.08799155,0.11968792,0.11261009,10,0.0,110104,1213740,0.38751706,0.60523945,0.58221227,0.59050953,0.68786293,0.693231,0.70190024,0.70311964,8905,148108.78168606758,0.38751706,0.46223626,0.50719565,0.5103035,7.121546686471078,0.0,0.0
69349,731850,0.25995526,0.09832007,0.11214814,0.113039,10,0.0,110190,1214600,0.43792066,0.60852414,0.59344286,0.5902001,0.6978759,0.7068442,0.705591,0.70323914,8912,148120.17553186417,0.43792066,0.49077383,0.49434498,0.5068565,6.709736619532877,0.0,0.0
69389,732250,0.061766624,0.10816423,0.10810891,0.11373753,10,0.0,110254,1215240,0.70226425,0.6009715,0.5989291,0.5897538,0.7640309,0.7091358,0.707038,0.70349133,8918,148130.233014822,0.41260827,0.432559,0.48987734,0.5055227,7.828953680368147,0.0,0.0
69433,732690,0.25039107,0.13202724,0.12308451,0.11412099,10,0.0,110335,1216050,0.4278624,0.5983194,0.5878679,0.5902376,0.6782535,0.6985768,0.70759946,0.7040233,8925,148140.96160912514,0.38573858,0.49790016,0.48127034,0.5031078,8.922847428666005,0.0,0.0
69480,733160,0.30862167,0.0759764,0.110445224,0.11351452,10,0.0,110428,1216980,0.41642186,0.6222401,0.59368753,0.5902658,0.72504354,0.69821644,0.7041328,0.7037803,8933,148151.49753141403,0.3867601,0.4913608,0.47178254,0.50070995,6.47889630099444,0.0,0.0
69526,733620,0.1185773,0.14579444,0.11611925,0.11482897,10,0.0,110505,1217750,0.57148975,0.5736846,0.5841859,0.58888197,0.69006705,0.71947896,0.70030516,0.7037109,8939,148161.24978542328,0.35990548,0.5075266,0.47959983,0.49812555,27.855895704034296,0.0,0.0
69566,734020,-0.013960898,0.11223169,0.113573425,0.11573046,10,0.0,110589,1218590,0.7026802,0.5870396,0.5870936,0.5878036,0.6887193,0.6992713,0.700667,0.70353407,8946,148171.50042438507,0.45313236,0.5228172,0.4788464,0.49510452,19.790744793391863,0.0,0.0
69614,734500,0.32975096,0.16353986,0.12388652,0.11584129,10,0.0,110689,1219590,0.3642369,0.5279341,0.57903117,0.5874176,0.69398785,0.6914739,0.70291764,0.70325893,8953,148182.2571003437,0.31875765,0.42193562,0.47134075,0.49286717,8.630411414856894,0.0,0.0
69653,734890,0.42009774,0.024424892,0.116384566,0.11338206,10,0.0,110766,1220360,0.3467234,0.66359746,0.58602595,0.58961064,0.76682115,0.6880223,0.7024106,0.7029927,8959,148191.85510730743,0.3467234,0.49557662,0.49154878,0.49343213,21.7349041717731,0.0,0.0
69689,735250,-0.06808698,0.09824927,0.10186792,0.111417696,10,0.0,110853,1221230,0.76324487,0.59669167,0.600288,0.59148294,0.6951579,0.6949409,0.701276,0.7030893,8965,148202.74124646187,0.40254107,0.44541103,0.5042356,0.4943246,5.337163664719095,0.0,0.0
69715,735510,0.0045492053,0.07556677,0.07774337,0.11163997,10,0.0,110932,1222020,0.6783027,0.63097656,0.624778,0.59139526,0.6828519,0.7065433,0.7019223,0.7029505,8969,148213.59053707123,0.36710605,0.49874216,0.5227948,0.49429417,4.742261397251157,0.0,0.0
69756,735920,0.22973478,0.030286456,0.07348766,0.11074726,10,0.0,111029,1222990,0.54466957,0.6728239,0.63038695,0.5920507,0.77440435,0.70311034,0.70245284,0.70283246,8976,148224.9050283432,0.4312578,0.5539194,0.5352266,0.49429113,7.260337094794712,0.0,0.0
69803,736390,0.3393048,0.035322256,0.06135012,0.10856854,10,0.0,111109,1223790,0.43070883,0.6742337,0.6467152,0.5942395,0.77001363,0.7095559,0.70806533,0.7029177,8983,148235.146351099,0.43070883,0.5325388,0.5410213,0.49560004,7.010535767353997,0.0,0.0
69850,736860,-0.0677039,0.06714009,0.048432726,0.107028335,10,0.0,111205,1224750,0.784566,0.6486874,0.66240174,0.5964974,0.7168621,0.7158275,0.71083426,0.7036501,8990,148246.79566693306,0.7136301,0.6396848,0.56294364,0.49846163,4.344958933583611,0.0,0.0
69879,737150,0.0035018325,0.028760856,0.06018455,0.105997816,10,0.0,111293,1225630,0.72722965,0.6622525,0.6466211,0.5972484,0.7307315,0.69101334,0.70680565,0.7032408,8995,148257.97160696983,0.53767955,0.5291174,0.5513997,0.49901232,7.844433380825435,0.0,0.0
69919,737550,-0.061327815,-0.029422332,0.051607475,0.10208709,10,0.0,111379,1226490,0.70942235,0.7305651,0.65380687,0.6014218,0.64809453,0.70114267,0.7054142,0.70351934,9001,148267.81115746498,0.57906336,0.5054994,0.5566164,0.5014415,17.487196164269335,0.0,0.0
69947,737830,0.059934378,0.020859081,0.04827375,0.099528894,10,0.0,111440,1227100,0.6798889,0.69546545,0.6581656,0.60408044,0.7398233,0.7163245,0.7064394,0.7037955,9005,148278.15716671944,0.6796901,0.5863415,0.55589247,0.50494105,23.47711511012846,0.0,0.0
69982,738180,-0.033016622,0.04019802,0.03375246,0.096434,10,0.0,111523,1227930,0.76439285,0.662146,0.67378664,0.60736,0.73137623,0.70234406,0.70753896,0.7037327,9011,148288.83455777168,0.68007797,0.57408005,0.56557375,0.50706404,7.149619055541389,0.0,0.0
70020,738560,0.2681899,-0.015228706,0.027313046,0.09279143,10,0.0,111588,1228580,0.3961761,0.71285975,0.67531013,0.6107802,0.664366,0.69763106,0.7026231,0.7035196,9017,148299.13140821457,0.3961761,0.56763947,0.5816177,0.51080006,5.662555333830965,0.0,0.0
70057,738930,0.0019283891,-0.02693541,0.01573326,0.087352306,10,0.0,111664,1229340,0.7026479,0.73924357,0.6861679,0.61606485,0.7045763,0.71230817,0.7019012,0.70366734,9023,148309.83864355087,0.5581138,0.6374786,0.5809726,0.516398,6.1368530233661955,0.0,0.0
70092,739280,0.22120258,0.07877555,0.02780291,0.08559744,10,0.0,111755,1230250,0.45624086,0.6254773,0.6728361,0.6178205,0.67744344,0.7092192,0.701277,0.7036228,9028,148320.16374325752,0.362351,0.5122925,0.5849615,0.51888794,4.30625500319455,0.0,0.0
70133,739690,0.058660626,0.057553172,0.034321554,0.0827619,10,0.0,111835,1231050,0.6087777,0.66806656,0.6709074,0.6205745,0.6674383,0.7256197,0.705229,0.7035642,9034,148331.15586209297,0.6087777,0.5938427,0.58437216,0.52187806,8.812622020965545,0.0,0.0
70178,740140,0.0040082335,0.028746763,0.030956896,0.077327095,10,0.0,111923,1231930,0.7073062,0.68887985,0.67496794,0.6265335,0.71131444,0.71762663,0.7059249,0.7039561,9041,148341.1261534691,0.7073062,0.59140146,0.5959167,0.52889556,23.277764519799096,0.0,0.0
70226,740620,-0.06279695,0.022924135,0.015517758,0.072886236,10,0.0,112022,1232920,0.7622164,0.6848565,0.68967295,0.6316138,0.69941944,0.7077806,0.7051906,0.7044267,9049,148351.92325901985,0.42532694,0.5597221,0.6028463,0.5336627,8.36758027077953,0.0,0.0
70276,741120,0.10633296,0.043343592,0.015585153,0.06739056,10,0.0,112109,1233790,0.5352421,0.65636814,0.686961,0.6367523,0.64157504,0.6997117,0.70254606,0.7043441,9057,148363.16765236855,0.5352421,0.6393175,0.60867786,0.539521,8.039129360609703,0.0,0.0
70325,741610,-0.014420867,-0.0035893023,0.010221749,0.063415594,10,0.0,112197,1234670,0.74368936,0.6994357,0.6888454,0.6405707,0.7292685,0.6958464,0.69906706,0.70394796,9064,148374.0690021515,0.3281383,0.64348453,0.6300169,0.5452544,7.092644290775986,0.0,0.0
70367,742030,-0.025977671,0.030116275,0.00507897,0.057786323,10,0.0,112279,1235490,0.6918766,0.64795214,0.6923651,0.6457655,0.6658989,0.6780684,0.6974441,0.70344377,9071,148384.5236670971,0.66306114,0.57815236,0.637804,0.55235296,7.46799402390119,0.0,0.0
70413,742490,0.017010927,-0.0044219852,-0.0028561691,0.051636696,10,0.0,112362,1236320,0.72992355,0.71412563,0.7019511,0.65148354,0.7469345,0.7097036,0.69909495,0.7032048,9078,148394.57411122322,0.7067674,0.6971288,0.6551078,0.561858,21.385784022295894,0.0,0.0
70464,743000,0.0,-0.024041945,-0.0049496912,0.046268735,10,0.0,112451,1237210,0.756364,0.7340327,0.71092814,0.65708274,0.756364,0.7099907,0.7059786,0.70347166,9086,148405.7964799404,0.756364,0.6736944,0.67697114,0.57114387,10.581229139914882,0.0,0.0
70511,743470,-0.0056155324,-0.011018669,-0.0082444325,0.03985335,10,0.0,112539,1238090,0.6906876,0.71669215,0.7171968,0.6641999,0.68507206,0.7056735,0.70895225,0.7040017,9093,148415.59875535965,0.68507206,0.69106305,0.6862107,0.5818463,34.035448182067526,0.0,0.0
70556,743920,-0.07722682,-0.012108738,-0.0065651,0.035278212,10,0.0,112624,1238940,0.7476997,0.71029204,0.7120331,0.66862863,0.67047286,0.69818336,0.705468,0.7038734,9101,148426.50587201118,0.67047286,0.68327826,0.6863903,0.5917034,7.869914525488307,0.0,0.0
70604,744400,-0.018037677,-0.030569542,-0.0056958245,0.02773397,10,0.0,112708,1239780,0.7609907,0.7471542,0.70652854,0.67598134,0.742953,0.7165846,0.70083266,0.7037013,9108,148436.02993297577,0.742953,0.69644034,0.68151337,0.601599,20.999112834264224,0.0,0.0
70655,744910,-0.12152773,-0.014871555,-0.009316877,0.023031607,10,0.0,112793,1240630,0.7689237,0.7348292,0.71285295,0.68104225,0.64739597,0.71995765,0.7035361,0.7040166,9116,148447.2045094967,0.64574814,0.7097549,0.68317,0.6101405,9.483693931780236,0.0,0.0
70703,745390,0.035288393,-0.009346133,-0.010260156,0.01833046,10,0.0,112883,1241530,0.68174213,0.69862115,0.7116574,0.68551004,0.7170305,0.6892749,0.7013973,0.70384043,9123,148456.99450922012,0.68174213,0.68092346,0.6840662,0.6182251,24.828577432731212,0.0,0.0
70750,745860,0.0060127378,-0.0045375586,-0.004950675,0.014868057,10,0.0,112972,1242420,0.72676295,0.7195167,0.7058395,0.6888761,0.7327757,0.7149792,0.7008889,0.7037442,9131,148467.35200452805,0.6821106,0.6858448,0.6826664,0.62575704,30.799525336905056,0.0,0.0
70811,746470,0.02436626,-0.010899896,-0.0037443333,0.011708871,10,0.0,113078,1243480,0.668573,0.70531625,0.7062764,0.6914746,0.6929393,0.69441634,0.7025321,0.7031835,9140,148478.18390536308,0.668573,0.6783173,0.68175346,0.632657,10.52830223726523,0.0,0.0
70866,747020,0.022778094,-0.003231156,-0.006862057,0.007845862,10,0.0,113175,1244450,0.7212717,0.71249974,0.7088141,0.6951161,0.7440498,0.70867103,0.70124173,0.7028788,9149,148488.41245651245,0.6485059,0.67113763,0.6775142,0.6386996,9.465645064940135,0.0,0.0
70913,747490,-0.0001745224,-0.011843199,-0.008168228,0.0049811057,10,0.0,113263,1245330,0.70412564,0.7146194,0.714153,0.6979685,0.7039511,0.70277613,0.7059847,0.7029496,9156,148498.443598032,0.6611204,0.674256,0.6797411,0.64498407,9.224959426536794,0.0,0.0
70955,747910,-0.0872013,-0.0039384244,-0.006747299,0.003363156,10,0.0,113332,1246020,0.7236654,0.69841886,0.7099492,0.69927543,0.6364641,0.69448054,0.7032018,0.70263857,9163,148508.14516091347,0.6351022,0.6832279,0.67852074,0.6500167,20.78896173254565,0.0,0.0
71010,748460,0.045194983,-0.014289481,-0.004988053,0.0019273162,10,0.0,113422,1246920,0.6741479,0.6959468,0.7009095,0.70039195,0.7193429,0.6816573,0.69592154,0.7023193,9171,148519.20382094383,0.62760466,0.66479266,0.67570114,0.6546346,10.18910423033383,0.0,0.0
71056,748920,-0.06567907,0.006928307,0.0010021371,0.0018428528,10,0.0,113516,1247860,0.7714768,0.7102097,0.6992875,0.7006224,0.70579773,0.71713805,0.70028967,0.70246524,9179,148530.3676521778,0.70579773,0.68381464,0.67422134,0.6589529,9.88597307080757,0.0,0.0
71106,749420,-0.04326594,-0.003684342,0.00239873,-0.0008634232,10,0.0,113604,1248740,0.7627172,0.7163373,0.70095235,0.7032657,0.71945125,0.712653,0.70335114,0.70240235,9187,148541.52078223228,0.69680595,0.7002941,0.6791952,0.6640397,6.972777218459198,0.0,0.0
71154,749900,0.0628739,-0.01719439,0.007434453,-0.0013269759,10,0.0,113685,1249550,0.6834571,0.7275399,0.70026535,0.7041127,0.746331,0.7103455,0.70769984,0.7027858,9194,148551.30668377876,0.66775197,0.6421579,0.6648254,0.66656417,21.579256603730872,0.0,0.0
71207,750430,0.0194754,0.016694088,0.023033971,-0.0007529415,10,0.0,113783,1250530,0.6675266,0.67234385,0.6832046,0.70334095,0.687002,0.6890379,0.70623857,0.702588,9202,148562.59308981895,0.46015638,0.5568119,0.6267807,0.6665802,9.26699699032228,0.0,0.0
71251,750870,0.22468787,0.040833086,0.025952134,9.645128e-05,10,0.0,113870,1251400,0.4150983,0.6615152,0.6755894,0.7025437,0.6397862,0.70234835,0.70154154,0.7026401,9209,148572.6286239624,0.4150983,0.63868105,0.61312926,0.66864735,26.08325015780031,0.0,0.0
71300,751360,0.31919768,0.0052962243,0.01794843,-0.000117681266,10,0.0,113959,1252290,0.43911132,0.68931544,0.6818482,0.702375,0.758309,0.69461167,0.6996041,0.70227134,9217,148584.09964370728,0.43911132,0.6550354,0.6366213,0.66900134,9.510054555278458,0.0,0.0
71347,751830,-0.09321886,-0.006619769,0.0050320458,0.00032996607,10,0.0,114029,1252990,0.77377874,0.7113003,0.6899872,0.7017955,0.6805599,0.7046805,0.6952247,0.7021532,9224,148593.82557177544,0.6803824,0.6778286,0.6534307,0.6693068,22.78857871840107,0.0,0.0
71397,752330,0.063269496,-0.015692621,-0.0054736864,-0.00040562797,10,0.0,114117,1253870,0.7542996,0.7221195,0.70026135,0.7025341,0.8175691,0.70642686,0.6947876,0.7021432,9232,148603.53746581078,0.6829359,0.68864113,0.66927373,0.6704981,10.211760592716383,0.0,0.0
71452,752880,0.050806463,0.008948159,-0.010686904,-0.0006780953,10,0.0,114221,1254910,0.6319803,0.69301236,0.71429425,0.70279956,0.68278676,0.70196044,0.7036073,0.70212317,9241,148615.7517797947,0.6319803,0.63127494,0.67999464,0.6701531,8.004951488051558,0.0,0.0
71502,753380,0.07267308,-0.011437714,-0.003217479,0.00013815927,10,0.0,114301,1255710,0.648676,0.71204627,0.70894814,0.7017051,0.72134906,0.7006086,0.70573074,0.70185757,9248,148625.46142840385,0.648676,0.6703638,0.67141294,0.66881317,36.97168001805258,0.0,0.0
71555,753910,0.01399076,0.0658465,0.011615646,0.0012127047,10,0.0,114400,1256700,0.6822691,0.65680164,0.69471383,0.70094156,0.69625986,0.72264814,0.7063294,0.702219,9257,148635.86473798752,0.6822691,0.5841015,0.6524797,0.6666897,9.777196772686628,0.0,0.0
71607,754430,0.38627824,0.011441255,0.022399453,0.0030336506,10,0.0,114489,1257590,0.31065026,0.67815197,0.6779839,0.698787,0.6969285,0.6895932,0.70038337,0.70183474,9265,148645.71113944054,0.31065026,0.54881066,0.6110178,0.66158694,26.269483823893225,0.0,0.0
71667,755030,0.050045013,0.004246825,0.027878508,0.005156366,10,0.0,114592,1258620,0.67502457,0.70706666,0.6719748,0.69644713,0.7250696,0.7113134,0.6998533,0.7016175,9274,148656.6188724041,0.45722282,0.6225999,0.5782955,0.6556969,10.530903349935336,0.0,0.0
71714,755500,0.2088511,0.04884837,0.03987306,0.008154215,10,0.0,114671,1259410,0.5051548,0.64152086,0.65799284,0.6936326,0.7140059,0.6903692,0.6978659,0.70180094,9281,148666.37136387825,0.37728623,0.58828276,0.5705995,0.6502733,29.083586715713636,0.0,0.0
71756,755920,0.2017617,0.036430772,0.043927208,0.009913736,10,0.0,114759,1260290,0.48492578,0.65721345,0.6571813,0.69160765,0.68668747,0.69364417,0.7011086,0.70157427,9288,148676.6875178814,0.42212352,0.6021225,0.57760453,0.6455492,22.930194263821356,0.0,0.0
71808,756440,-0.034087658,0.05848845,0.028642757,0.010982788,10,0.0,114840,1261100,0.7417872,0.6411536,0.6757263,0.6908761,0.70769954,0.69964206,0.7043692,0.701896,9296,148687.744576931,0.45464125,0.5660304,0.60156846,0.6429308,9.565014924583476,0.0,0.0
71861,756970,-0.025316477,-0.009826953,0.020770686,0.01265688,10,0.0,114930,1262000,0.7693988,0.7152053,0.68358505,0.68913454,0.74408233,0.7053784,0.7043557,0.70185536,9304,148698.53931188583,0.3518222,0.670687,0.62410593,0.63998216,11.258516420835067,0.0,0.0
71906,757420,0.01084739,0.00353235,0.01818441,0.013842131,10,0.0,115031,1263010,0.66460985,0.6971195,0.6841354,0.6876627,0.67545724,0.7006518,0.70240456,0.7014882,9312,148710.21092319489,0.65307385,0.67678857,0.6337127,0.6379927,6.653542445223296,0.0,0.0
71959,757950,-0.10338956,-0.015168267,0.0036424696,0.01367243,10,0.0,115112,1263820,0.76516473,0.7158196,0.6996843,0.6882546,0.6617752,0.70065135,0.70341164,0.7019765,9320,148720.24421596527,0.64227146,0.6753333,0.66472685,0.63825744,27.412157070601776,0.0,0.0
72016,758520,0.09665817,0.0039777397,-0.0059429705,0.013484014,10,0.0,115214,1264840,0.6638198,0.69573355,0.7055457,0.6884762,0.76047796,0.6997113,0.69960284,0.7020348,9329,148731.20096421242,0.6638198,0.6764237,0.6753829,0.6381661,10.993673198612496,0.0,0.0
72073,759090,0.0025731325,0.0107024135,-0.0005951357,0.013723452,10,0.0,115306,1265760,0.6636106,0.7107067,0.7042775,0.68838966,0.6661837,0.7214092,0.7036823,0.70214236,9337,148741.31133508682,0.6636106,0.6886894,0.6773875,0.63822806,9.683733799276336,0.0,0.0
72121,759570,-0.06376964,0.0067842305,0.0056187166,0.014033976,10,0.0,115399,1266690,0.76016176,0.70277685,0.7030166,0.68831444,0.6963921,0.70956105,0.70863533,0.7022393,9345,148751.2053911686,0.64046013,0.6943885,0.6812597,0.6382437,24.665165536898918,0.0,0.0
72163,759990,-0.006126642,-0.001144421,0.0041865925,0.013350094,10,0.0,115485,1267550,0.703765,0.6868683,0.70010674,0.6883713,0.69763833,0.6857239,0.7042934,0.7017445,9352,148762.49387025833,0.6582317,0.65951586,0.6790079,0.63977605,8.251715343143388,0.0,0.0
72213,760490,6.425381e-05,0.0058909,0.00093611836,0.01180179,10,0.0,115570,1268400,0.6550282,0.7054988,0.70498407,0.6903998,0.6550925,0.7113897,0.70592016,0.7022324,9359,148772.8405265808,0.65302503,0.68920064,0.68351847,0.64366704,11.54134910078109,0.0,0.0
72261,760970,-0.047573686,-0.008373534,-0.00058557274,0.010117849,10,0.0,115657,1269270,0.7118448,0.70599854,0.70233613,0.6918253,0.6642711,0.697625,0.7017505,0.70200497,9367,148782.64969992638,0.6642711,0.6892215,0.6784742,0.6464609,25.90861358812614,0.0,0.0
72315,761510,-0.008626759,0.0010202884,0.0037295627,0.010469097,10,0.0,115759,1270290,0.6626526,0.6743743,0.6918896,0.6913577,0.65402585,0.67539454,0.6956192,0.7018249,9376,148793.67904877663,0.64642924,0.66467553,0.67233545,0.6473495,8.716257343288625,0.0,0.0
72372,762080,-0.0013431311,0.013199747,0.0074288533,0.010934902,10,0.0,115854,1271240,0.734027,0.6845943,0.6930052,0.69140714,0.7326839,0.6977941,0.7004341,0.7023505,9384,148803.95082688332,0.7326839,0.66339445,0.6738104,0.64774436,10.161570340637473,0.0,0.0
72414,762500,0.121019304,0.019137448,0.008865008,0.012051592,10,0.0,115942,1272120,0.6583975,0.693787,0.6936855,0.6901577,0.7794168,0.7129243,0.7025504,0.7022663,9391,148814.89095187187,0.6583975,0.6735455,0.6744467,0.64709616,8.486645731490174,0.0,0.0
72458,762940,-0.014984965,0.0012281418,0.008202762,0.012508727,10,0.0,116028,1272980,0.69861937,0.6925521,0.69719476,0.6899335,0.6836344,0.6937802,0.7053974,0.70245165,9398,148826.38991713524,0.6835067,0.6772607,0.67884886,0.64784163,6.668707094376353,0.0,0.0
72513,763490,0.009186268,0.011563951,-0.0006245339,0.0120912,10,0.0,116108,1273780,0.6452606,0.70445406,0.70782334,0.69045234,0.65444684,0.7160181,0.7071988,0.7025518,9406,148837.3174419403,0.6452606,0.6860275,0.6824523,0.6485537,9.930905417941483,0.0,0.0
72556,763920,-0.041299522,0.0030064941,-6.993651e-05,0.011340169,10,0.0,116188,1274580,0.71102035,0.70027,0.7056141,0.69103014,0.6697208,0.7032765,0.70554405,0.7024225,9413,148847.21203517914,0.66785306,0.69099903,0.68078095,0.6504054,18.77682801152851,0.0,0.0
72604,764400,-0.039541602,-0.014160842,0.0036277205,0.010325352,10,0.0,116283,1275530,0.70679116,0.7161659,0.7018217,0.6924473,0.66724956,0.70200515,0.7054495,0.70269114,9421,148859.03692269325,0.5919014,0.6693994,0.6789098,0.6543706,7.923663285720493,0.0,0.0
72656,764920,0.09572327,-0.007988721,0.0030029684,0.008851454,10,0.0,116370,1276400,0.6317158,0.70097256,0.6946768,0.69364077,0.72743905,0.69298387,0.6976798,0.7025,9429,148870.1890387535,0.6317158,0.66805995,0.6695608,0.65957505,8.380931067142498,0.0,0.0
72704,765400,-0.032551765,-0.0065958677,0.003885694,0.0069472427,10,0.0,116451,1277210,0.68357694,0.6960509,0.69304466,0.6956539,0.6510252,0.68945503,0.6969304,0.70260894,9436,148879.86108970642,0.6501059,0.6710123,0.6712754,0.6645372,30.555651475183165,0.0,0.0
72753,765890,-0.096289575,-0.011751359,0.0017054474,0.0049449974,10,0.0,116539,1278090,0.7998935,0.7154915,0.7018594,0.6977914,0.7036039,0.7037401,0.70356506,0.7027449,9444,148891.26672625542,0.6696254,0.67557824,0.676302,0.66971254,9.23596940151777,0.0,0.0
72798,766340,-0.03140956,-0.011731493,0.0020074458,0.00471087,10,0.0,116620,1278900,0.72131145,0.74234426,0.7066143,0.69856584,0.6899019,0.72623914,0.7080651,0.7029722,9451,148901.37859511375,0.6540945,0.6846815,0.67720723,0.6711901,8.764633568119608,0.0,0.0
72840,766760,-0.03341931,-0.0012390495,0.0021837289,0.0027827942,10,0.0,116700,1279700,0.6907191,0.6992428,0.70841825,0.7005559,0.6572998,0.6980037,0.7105332,0.70326126,9458,148911.60668349266,0.6450738,0.67624146,0.6757515,0.67452395,7.109282636556048,0.0,0.0
72897,767330,-0.026438057,0.0067472397,-0.00036832632,0.0022789908,10,0.0,116781,1280510,0.70850986,0.7069276,0.7105212,0.70135915,0.6820718,0.7136747,0.7101929,0.70365816,9466,148922.03553247452,0.6665827,0.68186057,0.67669946,0.6768789,11.206853800969586,0.0,0.0
72944,767800,-0.08081126,-0.0026037276,-0.00021588265,0.0022379947,10,0.0,116871,1281410,0.72924346,0.71918404,0.7118972,0.70180225,0.6484322,0.71658033,0.71168137,0.7040361,9474,148932.73625969887,0.6447516,0.68616265,0.6821706,0.677278,8.295453376760332,0.0,0.0
72996,768320,0.12617725,-0.010655576,-0.003534847,0.0024931624,10,0.0,116961,1282310,0.667956,0.70881546,0.7093956,0.7016587,0.79413325,0.69815993,0.70586073,0.704176,9482,148943.6954410076,0.6542337,0.6802589,0.6804094,0.6774307,10.243868961250746,0.0,0.0
73041,768770,0.08603877,0.0050977827,0.0012870408,0.0026486106,10,0.0,117037,1283070,0.6588539,0.7030346,0.7021237,0.7015962,0.74489266,0.7081324,0.70341057,0.7042422,9489,148953.22459316254,0.6588539,0.69226885,0.6809229,0.6778462,18.509620200766722,0.0,0.0
73096,769320,0.12423873,-0.010508066,0.00084474625,0.0019548438,10,0.0,117135,1284050,0.64062756,0.7173374,0.7040495,0.7022687,0.7648663,0.70682937,0.7048942,0.7042127,9497,148963.28139066696,0.6387738,0.68951625,0.6784005,0.6774412,28.479769896878658,0.0,0.0
73143,769790,0.041304886,-0.012035519,-0.004944029,0.001517002,10,0.0,117225,1284950,0.6538418,0.6991242,0.7053595,0.70208424,0.6951467,0.68708867,0.70041543,0.7036033,9505,148974.51231241226,0.6538418,0.66551745,0.6728762,0.67690116,7.595996182355892,0.0,0.0
73191,770270,-0.020639956,-0.0014050364,-0.007828104,0.0011715331,10,0.0,117300,1285700,0.73828804,0.7009171,0.7067389,0.70257556,0.7176481,0.7015761,0.6991012,0.703725,9512,148984.7460913658,0.6926678,0.6839825,0.6776164,0.6771061,8.655637891198634,0.0,0.0
73233,770690,-0.067399025,-0.012184394,-0.008311008,0.00096740684,10,0.0,117391,1286610,0.7004359,0.720922,0.7114164,0.7028431,0.63303685,0.70873755,0.70310533,0.7038166,9519,148995.17343735695,0.6325222,0.69619876,0.68045586,0.6773387,7.9345141673024475,0.0,0.0
73276,771120,0.018614829,-0.010774469,-0.007208324,0.0004918277,10,0.0,117471,1287410,0.6813925,0.70325387,0.7088207,0.7035143,0.7000073,0.6924794,0.7016123,0.7039352,9526,149005.58294963837,0.6788849,0.6807088,0.6786807,0.6773479,7.685557769070309,0.0,0.0
73325,771610,0.042943656,0.0044189813,-0.007470388,-0.0001580373,10,0.0,117547,1288170,0.6674926,0.7157677,0.70705533,0.70433897,0.7104363,0.71843606,0.69957495,0.70425206,9533,149015.8787033558,0.6635318,0.69517356,0.6782892,0.67773587,10.237745496475142,0.0,0.0
73365,772010,-0.07576865,-0.0011664033,-0.0041370117,-0.00035693884,10,0.0,117626,1288960,0.76370084,0.72332156,0.70882255,0.7047063,0.6879322,0.72215515,0.7046857,0.70436853,9540,149026.1509206295,0.6879322,0.6955935,0.68319845,0.67799586,7.66770845368484,0.0,0.0
73415,772510,-0.104278326,-0.013693708,-0.0022334922,-0.0012998517,10,0.0,117713,1289830,0.74406457,0.7157219,0.7086622,0.7055552,0.63978624,0.7020281,0.70642877,0.7041323,9547,149035.7479915619,0.63978624,0.68846685,0.68490374,0.6784924,27.171481470444572,0.0,0.0
73475,773110,6.0498714e-05,0.005840808,-0.00583952,-0.0015934763,10,0.0,117808,1290780,0.6855331,0.6941596,0.7067312,0.7055659,0.6855936,0.7000005,0.7008917,0.7039403,9556,149046.8500099182,0.6855331,0.67928684,0.68128365,0.67815214,10.251046904549971,0.0,0.0
73522,773580,-0.0545606,-0.0006483972,-0.0038372523,-0.0017273322,10,0.0,117900,1291700,0.7400242,0.70335615,0.70268166,0.70526993,0.6854636,0.70270777,0.69884455,0.7035235,9564,149057.00938916206,0.6854636,0.6829921,0.6805054,0.67834955,10.644098955030293,0.0,0.0
73572,774080,-0.03226638,-0.0028929352,0.0003304535,-0.0018921986,10,0.0,117994,1292640,0.68139845,0.6818197,0.69731367,0.7049833,0.6491321,0.6789268,0.6976441,0.7030729,9572,149067.2550625801,0.6491321,0.6683689,0.67633677,0.67785364,10.184848646732295,0.0,0.0
73625,774610,-0.1076507,-0.00039368868,0.0020329773,-0.001981261,10,0.0,118088,1293580,0.77976674,0.7181364,0.70132226,0.7057125,0.67211604,0.71774274,0.7033551,0.7037225,9580,149077.38506793976,0.67211604,0.68547946,0.6804907,0.67896193,10.09246423799357,0.0,0.0
73668,775040,-0.038051665,-0.0008826256,-0.0048802076,-0.0026206402,10,0.0,118172,1294420,0.7469213,0.6965717,0.7114127,0.7065488,0.70886964,0.6956891,0.70653266,0.70390916,9587,149087.57110738754,0.70886964,0.6698935,0.68417215,0.6793141,6.12376883791147,0.0,0.0
73707,775430,0.031138897,0.011253983,-0.0057232417,-0.0028727183,10,0.0,118240,1295100,0.7128224,0.66851205,0.709825,0.70676106,0.7439613,0.67976606,0.70410156,0.7039163,9593,149097.64286661148,0.63758,0.66007555,0.67942536,0.6793426,6.750252794255652,0.0,0.0
73759,775950,-0.01639086,-0.018226182,-0.0018423635,-0.0031256927,10,0.0,118329,1295990,0.76267296,0.7349315,0.70432997,0.70702916,0.7462821,0.7167053,0.70248765,0.70382977,9601,149108.23529791832,0.7221856,0.69452316,0.67961633,0.67960376,11.631461905563478,0.0,0.0
73808,776440,0.0062473416,-0.0050655366,-0.0046433886,-0.0033457014,10,0.0,118422,1296920,0.72975504,0.7024525,0.7109693,0.7068392,0.7360024,0.697387,0.7063258,0.70349354,9609,149118.139626503,0.6381759,0.6913292,0.6870089,0.68021303,28.151127171587277,0.0,0.0
73863,776990,0.011776745,-0.0064041493,-0.0009315318,-0.0035360367,10,0.0,118512,1297820,0.7588863,0.70322365,0.7039646,0.70675236,0.770663,0.6968195,0.7030331,0.7032163,9617,149128.08606553078,0.6464203,0.6702863,0.68223155,0.6804585,34.48559833191915,0.0,0.0
73913,777490,-0.00011664629,-0.011815041,-0.005219315,-0.003971959,10,0.0,118608,1298780,0.67984056,0.72387475,0.7079602,0.70671606,0.6797239,0.7120597,0.70274085,0.70274407,9625,149138.6955420971,0.6797239,0.6979903,0.6808044,0.68039256,10.10808894569959,0.0,0.0
73963,777990,0.0010721087,-0.008770794,-0.0074030817,-0.003947683,10,0.0,118707,1299770,0.69395095,0.71912724,0.71004677,0.7062892,0.69502306,0.71064323,0.702589,0.70226747,9633,149148.96283102036,0.6932679,0.6894759,0.68143713,0.6802118,11.117907546216554,0.0,0.0
74014,778500,-0.0036557317,-0.0050976574,-0.008322377,-0.0047602034,10,0.0,118790,1300600,0.7353828,0.71051633,0.7134203,0.7073069,0.73172706,0.7054187,0.7050978,0.7025468,9641,149159.31392502785,0.709578,0.6946129,0.68333876,0.6806543,10.392819612411111,0.0,0.0
74072,779080,-0.06255454,-0.010909254,-0.006360578,-0.0048055095,10,0.0,118886,1301560,0.7439358,0.72609174,0.7147012,0.7078579,0.6813813,0.7151825,0.7083406,0.70305234,9650,149169.3097639084,0.665105,0.6883309,0.6872185,0.6810706,10.272334278773492,0.0,0.0
74128,779640,0.08929068,-0.0011771381,-0.003658638,-0.0047550346,10,0.0,118986,1302560,0.65623105,0.7109148,0.7115357,0.7081327,0.7455217,0.70973766,0.7074169,0.70333385,9659,149179.3787214756,0.65623105,0.6631174,0.68047136,0.68147534,9.800570279880167,0.0,0.0
74192,780280,0.0,0.0024957596,-0.003924199,-0.0047664307,10,0.0,119096,1303660,0.7284567,0.69452953,0.7089988,0.70841306,0.7284567,0.6970253,0.7043113,0.70361155,9669,149190.30813741684,0.7284567,0.66158354,0.67970395,0.6816457,9.559187915363788,0.0,0.0
74240,780760,-0.044603884,-0.0024505318,-0.0068067336,-0.0046092947,10,0.0,119182,1304520,0.76623785,0.7033177,0.7109102,0.7084523,0.721634,0.7008672,0.7041033,0.7038306,9676,149200.30299520493,0.721634,0.66451937,0.6791519,0.68185,9.540043557127504,0.0,0.0
74286,781220,0.0,-0.00063990353,-0.008279086,-0.004759232,10,0.0,119259,1305290,0.70544773,0.6892714,0.71177423,0.70879346,0.70544773,0.68863153,0.7034951,0.7039642,9683,149210.50093984604,0.70544773,0.6747002,0.67572653,0.6815276,8.781013951462977,0.0,0.0
74334,781700,0.002202928,-0.0036706687,-0.008262555,-0.004851222,10,0.0,119340,1306100,0.7224652,0.7174988,0.71475965,0.7092035,0.72466815,0.71382815,0.7064972,0.7042517,9691,149221.96186208725,0.7224652,0.6730982,0.6766734,0.6814747,7.7479258159393245,0.0,0.0
74379,782150,-0.086155,-0.0044086697,-0.0053212154,-0.0049199024,10,0.0,119420,1306900,0.76848036,0.72494483,0.7138488,0.7092168,0.68232536,0.7205361,0.7085277,0.7042926,9698,149232.2935180664,0.67781734,0.6966611,0.68217117,0.68149084,7.7082005155703,0.0,0.0
74427,782630,0.10669941,-0.0005875826,-0.0054156547,-0.004849495,10,0.0,119498,1307680,0.66984695,0.6832537,0.7100375,0.70901513,0.77654636,0.6826661,0.7046219,0.7041522,9705,149242.1949198246,0.63653034,0.6606059,0.68036026,0.68112123,10.071066223866408,0.0,0.0
74469,783050,0.05402893,0.006035149,-0.0016809589,-0.004640652,10,0.0,119572,1308420,0.70492524,0.69230896,0.70347685,0.70889413,0.75895417,0.68730104,0.70125824,0.704178,9712,149252.07426905632,0.64689773,0.66097987,0.6743978,0.6806511,23.371830348635182,0.0,0.0
74521,783570,-0.059810102,-0.012575966,-0.0019851953,-0.0047150766,10,0.0,119673,1309430,0.72072196,0.7199093,0.7053455,0.7094098,0.66091186,0.7073333,0.7033604,0.70464444,9720,149263.48334264755,0.6535334,0.67167777,0.67488426,0.6806715,9.113360774279675,0.0,0.0
74571,784070,0.10214263,0.014848632,-0.0014203596,-0.0048373346,10,0.0,119761,1310310,0.6535951,0.691733,0.7073001,0.70985574,0.7557377,0.70658165,0.7058798,0.7050136,9728,149274.77767777443,0.6535951,0.6727498,0.6741659,0.6804853,8.003306419697774,0.0,0.0
74615,784510,-0.029988647,0.010075378,0.002581712,-0.0045792144,10,0.0,119834,1311040,0.7797622,0.7051695,0.7032171,0.70951307,0.74977356,0.7152449,0.7057989,0.7049121,9735,149284.8565738201,0.70070714,0.68627584,0.6763404,0.68028724,20.771912308669837,0.0,0.0
74662,784980,0.0036937594,0.0013601065,-0.0006220615,-0.0045097326,10,0.0,119906,1311760,0.7065714,0.72213876,0.70811707,0.7093629,0.71026516,0.72349894,0.7074951,0.7048474,9742,149295.07202100754,0.69657356,0.6921321,0.6736995,0.67938405,23.008269540389094,0.0,0.0
74709,785450,0.055188417,0.0016575158,0.0015337178,-0.0040836125,10,0.0,119988,1312580,0.70684254,0.6931681,0.7036159,0.70912266,0.76203096,0.69482565,0.70514953,0.704995,9749,149305.47177362442,0.69207686,0.670892,0.6629104,0.67862487,8.54395765567861,0.0,0.0
74752,785880,0.10953283,0.13101362,0.04042772,-0.000368366,10,0.0,120073,1313430,0.55338025,0.5689428,0.66836107,0.7058562,0.6629131,0.6999565,0.70878893,0.7054455,9756,149315.9385650158,0.34533462,0.48035675,0.60489863,0.6719972,9.293573430194568,0.0,0.0
74799,786350,0.3155564,0.112732604,0.08648522,0.0048907283,10,0.0,120156,1314260,0.3521738,0.5846695,0.6179929,0.7000574,0.6677302,0.69740206,0.70447814,0.7049359,9764,149327.4920413494,0.3521738,0.5310737,0.53403,0.66373146,7.222207107693315,0.0,0.0
74847,786830,0.24773687,0.14127256,0.10534241,0.009649553,10,0.0,120237,1315070,0.46928817,0.56873375,0.59547025,0.6954386,0.71702504,0.7100063,0.7008127,0.7050073,9771,149337.6318116188,0.46928817,0.46792537,0.50196433,0.654521,8.621832004453262,0.0,0.0
74891,787270,0.22190553,0.054084517,0.10539883,0.01496879,10,0.0,120311,1315810,0.5278069,0.6504866,0.5954969,0.69017893,0.7497124,0.70457107,0.7008958,0.7050886,9778,149347.53327393532,0.41194734,0.60877645,0.4977129,0.6465116,29.050570926323285,0.0,0.0
74941,787770,0.2363708,0.13042153,0.11209592,0.02082853,10,0.0,120401,1316710,0.47341526,0.5647374,0.5912226,0.6844401,0.70978606,0.6951589,0.7033185,0.70520127,9786,149358.80249524117,0.39882568,0.46156922,0.5106348,0.63848096,8.267041159745936,0.0,0.0
74991,788270,0.26635927,0.116647735,0.11700324,0.027511235,10,0.0,120485,1317550,0.4230271,0.58571446,0.5876978,0.6775682,0.68938637,0.7023622,0.704701,0.7050049,9794,149369.9998307228,0.3947952,0.52181244,0.51512533,0.6293965,8.6748180054163,0.0,0.0
75040,788760,0.4272977,0.15758564,0.12933075,0.034141283,10,0.0,120563,1318330,0.34610862,0.5313279,0.57385355,0.67053396,0.7734063,0.6889136,0.7031843,0.7046815,9801,149379.8573462963,0.34610862,0.5052412,0.49971864,0.6202247,9.72795701268996,0.0,0.0
75082,789180,0.19819644,0.08742021,0.11370375,0.03870086,10,0.0,120639,1319090,0.45697346,0.6073746,0.58919346,0.6658392,0.6551699,0.69479483,0.7028972,0.7045314,9808,149389.64138913155,0.33284676,0.5426936,0.50534075,0.6123351,20.726849900351304,0.0,0.0
75133,789690,0.24313632,0.11135819,0.108882844,0.04472913,10,0.0,120729,1319990,0.43988112,0.59172404,0.59307355,0.65931094,0.68301743,0.70308226,0.70195633,0.7040401,9816,149401.06008148193,0.4094416,0.5093952,0.50215703,0.60304517,9.713045916868003,0.0,0.0
75179,790150,0.37063795,0.098290786,0.112249546,0.0500469,10,0.0,120807,1320770,0.2997536,0.60033673,0.5880036,0.6539358,0.67039156,0.69862753,0.70025325,0.70398265,9823,149411.0309612751,0.2997536,0.5196719,0.50841504,0.5953374,21.048589410125174,0.0,0.0
75224,790600,0.22914374,0.1094512,0.1137597,0.055944454,10,0.0,120885,1321550,0.48850387,0.5877454,0.59136736,0.6482552,0.7176476,0.6971966,0.705127,0.7041997,9830,149421.13692760468,0.4170126,0.4634582,0.5108488,0.5873153,19.730361857022164,0.0,0.0
75276,791120,0.28749278,0.12952888,0.118204825,0.062008675,10,0.0,120980,1322500,0.37426093,0.5790089,0.58884096,0.6422968,0.6617537,0.7085377,0.7070458,0.7043055,9838,149431.87304115295,0.37426093,0.5142329,0.50877005,0.5799993,9.290940416914577,0.0,0.0
75331,791670,0.03839284,0.15493515,0.12445143,0.0692138,10,0.0,121069,1323390,0.64139235,0.546445,0.57863027,0.6347224,0.6797852,0.70138013,0.70308167,0.70393616,9846,149442.6885728836,0.35141477,0.4784246,0.49628934,0.56913984,8.880833526718488,0.0,0.0
75375,792110,0.2377393,0.12187022,0.12774089,0.07509596,10,0.0,121148,1324180,0.48757175,0.5861865,0.57276773,0.6286282,0.72531104,0.7080568,0.7005086,0.70372415,9853,149452.86966633797,0.45109403,0.48339716,0.4876228,0.5609275,8.200346094433222,0.0,0.0
75415,792510,0.14648962,0.097197525,0.1193499,0.07955909,10,0.0,121243,1325130,0.49725723,0.6252018,0.5906967,0.62483454,0.64374685,0.72239935,0.7100465,0.7043936,9860,149463.6807091236,0.33901894,0.5362698,0.5088255,0.5546313,9.810512252193757,0.0,0.0
75464,793000,0.34112567,0.1126708,0.110265896,0.08507266,10,0.0,121314,1325840,0.32687813,0.6050519,0.60166425,0.6195704,0.6680038,0.7007307,0.7085188,0.70427,9867,149474.06011605263,0.31386575,0.46712804,0.50390387,0.5455649,9.187179709588758,0.0,0.0
75504,793400,0.28688475,0.16147482,0.1240855,0.09072219,10,0.0,121395,1326650,0.3986394,0.52141184,0.5757475,0.61321825,0.68552417,0.68288666,0.699833,0.70394045,9874,149484.50257992744,0.3986394,0.48019004,0.48135173,0.5369161,7.846388060885354,0.0,0.0
75551,793870,0.29884633,0.1597979,0.12325631,0.09664207,10,0.0,121475,1327450,0.38951966,0.538941,0.57444644,0.60715514,0.688366,0.69873893,0.69770277,0.70379716,9881,149494.06895017624,0.38951966,0.46158352,0.47337788,0.52680886,23.94449208130718,0.0,0.0
75602,794380,0.14434758,0.089795195,0.1127305,0.10205129,10,0.0,121571,1328410,0.4925001,0.6186239,0.58877134,0.6017607,0.6368477,0.70841914,0.7015018,0.703812,9889,149504.7434539795,0.3216962,0.539608,0.49168813,0.5188138,8.046496708734095,0.0,0.0
75653,794890,0.3004659,0.072934695,0.10469897,0.107520215,10,0.0,121659,1329290,0.38336852,0.62717426,0.5963062,0.59589773,0.68383443,0.7001089,0.7010052,0.70341796,9897,149514.75438523293,0.38336852,0.4832944,0.49836907,0.5095158,36.08046892607739,0.0,0.0
75707,795430,0.0,0.10035263,0.10588707,0.11244284,10,0.0,121747,1330170,0.70582664,0.5970029,0.592963,0.59065056,0.70582664,0.69735557,0.6988501,0.7030934,9905,149524.86590099335,0.70582664,0.4829058,0.49246866,0.5009983,10.957385026985243,0.0,0.0
75772,796080,0.17078632,0.06643853,0.10633393,0.11376181,10,0.0,121866,1331360,0.48960805,0.64645827,0.59534526,0.5890387,0.6603944,0.71289676,0.70167917,0.7028005,9916,149536.09211277962,0.3723489,0.4983263,0.49913684,0.4993756,8.390539502193405,0.0,0.0
75822,796580,0.18906787,0.077799834,0.107972614,0.11417708,10,0.0,121949,1332190,0.44689152,0.66190636,0.59485435,0.5890503,0.6359594,0.73970616,0.702827,0.7032274,9923,149546.48755002022,0.27073357,0.6032439,0.5021991,0.4996393,8.721547856492903,0.0,0.0
75866,797020,0.3137058,0.17630138,0.11224955,0.11469298,10,0.0,122033,1333030,0.3560729,0.51165617,0.59396905,0.58861315,0.6697787,0.6879575,0.70621854,0.7033062,9930,149556.50967502594,0.3560729,0.4350513,0.50735086,0.5000733,8.654764511104183,0.0,0.0
75909,797450,0.23833841,0.10437131,0.11496248,0.11496416,10,0.0,122103,1333730,0.41643846,0.60214835,0.59316653,0.5881588,0.6547769,0.70651966,0.7057338,0.7031217,9937,149566.61522626877,0.3624101,0.52001065,0.5128527,0.49969867,7.529491512522841,0.0,0.0
75957,797930,0.32322127,0.1582087,0.12370859,0.11554441,10,0.0,122191,1334610,0.39383113,0.5384807,0.57625425,0.58770066,0.7170524,0.6966894,0.6999836,0.70312244,9944,149576.64343214035,0.39383113,0.43295264,0.48971376,0.49899718,9.35372747122666,0.0,0.0
75997,798330,0.24446982,0.08341306,0.12455536,0.11508106,10,0.0,122269,1335390,0.48196775,0.63352954,0.5813516,0.58839834,0.72643757,0.71694255,0.7059068,0.70325375,9951,149586.90295672417,0.48196775,0.5559934,0.5097107,0.5000765,21.498292665174777,0.0,0.0
76041,798770,0.3552172,0.096792534,0.11771147,0.114385925,10,0.0,122339,1336090,0.3939108,0.6057477,0.58561826,0.58872193,0.749128,0.7025403,0.7033296,0.7030489,9958,149597.18784832954,0.3939108,0.5302194,0.5065355,0.50009644,23.664064598101145,0.0,0.0
76095,799310,0.36300844,0.085770704,0.10107014,0.11443501,10,0.0,122431,1337010,0.3810867,0.61085653,0.6007284,0.5888262,0.74409515,0.6966272,0.70179856,0.70299447,9966,149608.3045783043,0.3810867,0.45454836,0.5084498,0.5000825,10.772685080784145,0.0,0.0
76144,799800,0.3084637,0.15842901,0.11511915,0.11509116,10,0.0,122503,1337730,0.3566231,0.5623704,0.58790684,0.5882299,0.6650868,0.7207993,0.70302606,0.70332104,9973,149617.90693187714,0.3566231,0.49080372,0.51044995,0.5009654,36.3694255365272,0.0,0.0
76191,800270,0.01365912,0.10016455,0.12213149,0.11597147,10,0.0,122589,1338590,0.7085271,0.58590406,0.58085895,0.5872987,0.7221862,0.6860686,0.7030014,0.70295995,9981,149629.0091085434,0.3444435,0.5492609,0.49648735,0.49977496,9.469057795445249,0.0,0.0
76239,800750,0.39394918,0.10151782,0.1206359,0.11575507,10,0.0,122688,1339580,0.3279644,0.5997318,0.5860971,0.58766127,0.7219136,0.7012496,0.70478487,0.7031438,9989,149640.21741890907,0.3279644,0.49742636,0.49314713,0.49892086,8.650567959166668,0.0,0.0
76286,801220,0.20730498,0.13185856,0.11850457,0.11540678,10,0.0,122755,1340250,0.4863573,0.5647821,0.5872229,0.5878523,0.6936623,0.6966407,0.70572746,0.7030488,9996,149649.68203401566,0.36555788,0.51461947,0.48267996,0.49732834,17.448204138344163,0.0,0.0
76338,801740,0.33853608,0.07681279,0.11037145,0.114893965,10,0.0,122843,1341130,0.34220552,0.63295186,0.59164083,0.58852696,0.6807416,0.70976466,0.7020123,0.70318216,10004,149660.7662100792,0.34220552,0.50462353,0.5006984,0.49942186,8.457446540370693,0.0,0.0
76392,802280,0.3270194,0.098078564,0.11304753,0.115028396,10,0.0,122935,1342050,0.32896602,0.59723955,0.5875335,0.587891,0.6559854,0.6953181,0.7005811,0.7026381,10012,149671.6503136158,0.32896602,0.47864103,0.50451136,0.4980507,10.587465843761635,0.0,0.0
76444,802800,0.11118394,0.086309016,0.11994657,0.11501069,10,0.0,123023,1342930,0.6400876,0.60659885,0.5777234,0.5872068,0.75127155,0.6929079,0.6976699,0.7019754,10020,149682.55696821213,0.3393029,0.52096117,0.47871566,0.49684235,9.678931527099621,0.0,0.0
76494,803300,0.25032645,0.120599225,0.12577835,0.116110146,10,0.0,123106,1343760,0.46184826,0.57083124,0.574208,0.5863954,0.7121747,0.69143057,0.6999863,0.70225525,10028,149693.4007499218,0.34330744,0.4564426,0.47082534,0.49631014,10.096907883587287,0.0,0.0
76534,803700,0.1458714,0.13790706,0.12963031,0.11589433,10,0.0,123185,1344550,0.534232,0.55230796,0.5707241,0.5867151,0.6801034,0.69021493,0.70035446,0.7022624,10035,149703.20337462425,0.3755746,0.43488628,0.4840284,0.49757105,22.121518183529894,0.0,0.0
76588,804240,0.28975964,0.11034014,0.11307961,0.11489964,10,0.0,123270,1345400,0.3696887,0.6027337,0.5865059,0.5875095,0.6594483,0.71307385,0.69958556,0.7022754,10043,149714.2958869934,0.3696887,0.5412284,0.5100175,0.49856445,10.15317990087206,0.0,0.0
76632,804680,0.10683501,0.05317424,0.104950674,0.11479474,10,0.0,123352,1346220,0.5927492,0.65278643,0.60053396,0.58809495,0.6995842,0.7059607,0.7054846,0.70282024,10050,149724.17292046547,0.42792976,0.49846405,0.5210568,0.50073254,23.863692095340888,0.0,0.0
76682,805180,0.2996249,0.100504555,0.1107956,0.115703784,10,0.0,123437,1347070,0.3641105,0.60292095,0.59411114,0.58705986,0.6637354,0.7034256,0.7049067,0.70253384,10058,149735.01130223274,0.3641105,0.5665085,0.5023844,0.49944708,8.72074090568955,0.0,0.0
76732,805680,-0.026666045,0.044975996,0.089976,0.11419697,10,0.0,123527,1347970,0.7334668,0.65218496,0.61052734,0.5883591,0.70680076,0.6971609,0.7033296,0.7028067,10066,149745.87890195847,0.6946837,0.56917983,0.52025723,0.50152403,8.225210895476991,0.0,0.0
76783,806190,0.20920792,0.028378338,0.060969017,0.11126435,10,0.0,123616,1348860,0.43887618,0.667061,0.64112943,0.59185874,0.6480841,0.69543934,0.7047705,0.70303994,10074,149756.84055256844,0.3472055,0.6132072,0.5653926,0.50592035,7.432866269850552,0.0,0.0
76834,806700,0.0059642196,0.06237439,0.07281692,0.11076097,10,0.0,123696,1349660,0.7001667,0.6474955,0.62955666,0.5921943,0.7061309,0.70986986,0.70237356,0.70272374,10081,149766.8979780674,0.36493325,0.5599817,0.5468258,0.50599533,8.419213525006102,0.0,0.0
76884,807200,0.3328266,0.15849438,0.070580326,0.10778511,10,0.0,123778,1350480,0.3321399,0.54361373,0.6341479,0.5950359,0.6649665,0.6867523,0.7013999,0.70241815,10089,149778.03668522835,0.3087889,0.40531677,0.5314323,0.5069,9.056149454932296,0.0,0.0
76931,807670,0.010696113,0.10890553,0.062016465,0.10521043,10,0.0,123857,1351270,0.7365121,0.5937853,0.64234734,0.59721005,0.74720824,0.70269084,0.7043637,0.702662,10096,149787.93089556694,0.41820982,0.54831684,0.55296063,0.5105248,25.464718682001866,0.0,0.0
76976,808120,0.33692172,0.0696177,0.06502316,0.101392396,10,0.0,123940,1352100,0.3162211,0.62927157,0.639102,0.6013638,0.6531428,0.69888926,0.7041252,0.7026742,10104,149798.72397446632,0.3162211,0.52923286,0.5469624,0.51227313,8.382450252044848,0.0,0.0
77030,808660,-0.04712224,0.046971057,0.06549151,0.09945459,10,0.0,124028,1352980,0.69851995,0.6485926,0.63541925,0.6032068,0.6513977,0.6955636,0.70091075,0.7025685,10112,149809.7408516407,0.6500443,0.49418563,0.5266492,0.5131008,8.098817723964642,0.0,0.0
77077,809130,0.41036642,0.08908428,0.08836846,0.09999617,10,0.0,124112,1353820,0.30142695,0.5964087,0.6118699,0.6019667,0.71179336,0.68549305,0.6968316,0.70199156,10119,149819.39449334145,0.28661823,0.5318059,0.5071872,0.5112206,30.458374756092866,0.0,0.0
77123,809590,0.22121903,0.07944015,0.0825398,0.097325705,10,0.0,124189,1354590,0.49163964,0.6208552,0.62099844,0.6051891,0.7128587,0.7002954,0.69915354,0.70232546,10127,149830.25869226456,0.444906,0.4905828,0.505581,0.5123038,9.475194928856475,0.0,0.0
77174,810100,0.2689342,0.031042721,0.07895792,0.09449092,10,0.0,124276,1355460,0.43871856,0.68163407,0.6249737,0.60752517,0.70765275,0.7126769,0.7039316,0.7021909,10135,149841.2884721756,0.43871856,0.5712274,0.5111895,0.5132178,8.388156717168616,0.0,0.0
77224,810600,-0.024354875,0.082374215,0.09592118,0.09436322,10,0.0,124360,1356300,0.7848221,0.6302349,0.61213356,0.6082515,0.76046723,0.7126092,0.7080547,0.70257175,10142,149851.01322746277,0.72716486,0.5892017,0.5206733,0.5152271,24.23782085769316,0.0,0.0
77270,811060,0.3239851,0.0822625,0.088549875,0.09270173,10,0.0,124442,1357120,0.3438539,0.62587434,0.62443256,0.61024827,0.667839,0.70813674,0.71298236,0.7028707,10150,149862.13149428368,0.3438539,0.5526804,0.53501546,0.51687753,8.445236690101808,0.0,0.0
77317,811530,0.39965045,0.08927294,0.08708384,0.09169641,10,0.0,124525,1357950,0.3221153,0.60283196,0.62182343,0.61126643,0.72176576,0.69210494,0.7089073,0.7029236,10157,149871.70694303513,0.3221153,0.51236016,0.52886915,0.5177017,23.92272277205134,0.0,0.0
77367,812030,0.35420698,0.0008987546,0.0821397,0.08945641,10,0.0,124607,1358770,0.33675194,0.6857449,0.6210512,0.6138067,0.6909589,0.68664354,0.7020473,0.7030304,10165,149882.56219124794,0.33675194,0.478889,0.5227342,0.51818913,8.74461892570323,0.0,0.0
77416,812520,0.2301403,0.05795765,0.06913224,0.08683011,10,0.0,124695,1359650,0.45544252,0.6501249,0.6335332,0.6167924,0.6855828,0.7080826,0.7026655,0.7033211,10173,149893.53678822517,0.45544252,0.55576456,0.54413825,0.5222992,7.788139341513568,0.0,0.0
77468,813040,0.31914592,0.07726921,0.07590258,0.084560655,10,0.0,124783,1360530,0.38640118,0.6387645,0.6280566,0.61886007,0.7055471,0.7160337,0.7039591,0.70331746,10181,149904.18154716492,0.38640118,0.56764925,0.5439461,0.52549183,15.258689528546487,0.0,0.0
77536,813720,0.27856016,0.040139705,0.053920593,0.079444095,10,0.0,124892,1361620,0.4473337,0.6429733,0.6467555,0.6242493,0.72589386,0.683113,0.7006762,0.70337355,10191,149914.48472118378,0.33402216,0.5841652,0.5630923,0.53053087,12.911879576666347,0.0,0.0
77596,814320,-0.118742645,-0.0013178646,0.024908882,0.07368169,10,0.0,124991,1362610,0.79354084,0.7002006,0.6724109,0.6297215,0.6747982,0.6988827,0.6973199,0.7032365,10199,149922.65491247177,0.65108407,0.660036,0.603404,0.53810376,14.193931772542655,0.0,0.0
77663,814990,0.022480786,-0.014049989,0.022893667,0.06794466,10,0.0,125109,1363790,0.6910129,0.71911305,0.67957234,0.63477135,0.7134937,0.70506305,0.70246595,0.7030053,10211,149934.74376749992,0.6757303,0.67472774,0.63278437,0.5465987,34.58304234507813,0.0,0.0
77723,815590,0.007641971,0.0027939677,0.018687254,0.06324976,10,0.0,125205,1364750,0.71579874,0.6974982,0.68726164,0.6400891,0.7234407,0.7002922,0.70594895,0.7030912,10219,149942.98692512512,0.62837774,0.65132535,0.63069654,0.55304444,14.806892437170585,0.0,0.0
77803,816390,0.0073437095,0.07084452,0.0066550486,0.05928498,10,0.0,125334,1366040,0.6680771,0.63364625,0.70021135,0.6443627,0.6754208,0.7044907,0.7068665,0.70360506,10233,149954.9638698101,0.6680771,0.5177267,0.6304145,0.55894566,13.320782089832857,0.0,0.0
77867,817030,0.030526042,0.01210174,0.015100708,0.056190204,10,0.0,125445,1367150,0.6703697,0.69034106,0.69013405,0.6474662,0.7008957,0.70244277,0.7052347,0.7034974,10243,149965.1299610138,0.6703697,0.6656267,0.6188398,0.5638909,30.052950693517946,0.0,0.0
77936,817720,0.053794026,0.05616011,0.026951827,0.053596307,10,0.0,125555,1368250,0.6837653,0.642566,0.67827106,0.6498064,0.7375593,0.6987261,0.70522285,0.7034162,10253,149975.25833010674,0.30185038,0.56018645,0.6145131,0.56784195,11.119791024587698,0.0,0.0
78000,818360,-0.032957613,0.11453575,0.05037661,0.053517707,10,0.0,125662,1369320,0.7315527,0.5756558,0.6488734,0.65004236,0.6985951,0.69019157,0.69925004,0.7034579,10263,149985.57126927376,0.4514674,0.47478828,0.5658532,0.56833994,12.776142207590258,0.0,0.0
78062,818980,-0.13879329,0.0035242797,0.049256172,0.048973624,10,0.0,125771,1370410,0.8065612,0.7112879,0.65428525,0.6550133,0.6677679,0.7148122,0.70354134,0.70398605,10273,149995.7134721279,0.66637003,0.578103,0.5773165,0.57458985,13.077469191135778,0.0,0.0
78131,819670,0.42445,0.053262103,0.045355722,0.04770172,10,0.0,125881,1371510,0.34064856,0.65041554,0.6631582,0.65684813,0.7650986,0.70367754,0.70851403,0.7043269,10284,150007.14237236977,0.34064856,0.6259159,0.592146,0.58053577,12.536128422340667,0.0,0.0
78207,820430,0.44071093,0.05133914,0.02546197,0.04144794,10,0.0,126014,1372840,0.33181962,0.63947666,0.67626137,0.6623942,0.77253056,0.69081575,0.70172334,0.70381457,10296,150017.14181375504,0.33181962,0.58292854,0.62366754,0.5894355,10.214334489607655,0.0,0.0
78272,821080,0.3979767,0.035342924,0.03135019,0.038485833,10,0.0,126114,1373840,0.352382,0.6681277,0.6705085,0.6649409,0.7503587,0.69534284,0.7011474,0.7032381,10306,150027.3974225521,0.3497231,0.5712139,0.5936245,0.59187585,11.586103870704695,0.0,0.0
78339,821750,0.0035732985,0.017832488,0.03132514,0.035433374,10,0.0,126234,1375040,0.69573647,0.697194,0.67255974,0.6678822,0.69930977,0.7150265,0.7038849,0.70316654,10316,150037.5544948578,0.4305381,0.62497413,0.58135056,0.59522694,10.990939290336563,0.0,0.0
78401,822370,0.44465324,0.033363722,0.018762464,0.032155585,10,0.0,126330,1376000,0.28647527,0.66502446,0.6861013,0.67135996,0.7311285,0.6983882,0.7048637,0.70351565,10326,150047.78764224052,0.28647527,0.5744049,0.6017176,0.6000237,10.881385410764578,0.0,0.0
78465,823010,-0.021489859,0.057996415,0.04387893,0.031148255,10,0.0,126450,1377200,0.76956517,0.65277845,0.6593715,0.67247,0.7480753,0.71077484,0.7032504,0.7036182,10337,150059.014015913,0.7480753,0.6048306,0.5805559,0.6022627,8.970071346890975,0.0,0.0
78532,823680,0.102861404,0.016856745,0.038267277,0.030271988,10,0.0,126560,1378300,0.6634489,0.6807789,0.6673039,0.6736208,0.76631033,0.6976357,0.70557135,0.7038928,10346,150068.30954790115,0.40823805,0.58094966,0.5865879,0.6026732,9.853676230821494,0.0,0.0
78593,824290,0.23012584,0.052220322,0.028784985,0.03144932,10,0.0,126655,1379250,0.5113767,0.6651261,0.67599833,0.6729517,0.7415025,0.69339573,0.7058977,0.70417094,10356,150078.51942563057,0.30263495,0.5531839,0.59363127,0.6001811,13.769545247274113,0.0,0.0
78657,824930,0.3500516,0.042314246,0.06027691,0.033875372,10,0.0,126764,1380340,0.3619375,0.64789546,0.6377586,0.6700935,0.7119891,0.69020975,0.6980354,0.70396894,10366,150088.65701889992,0.3619375,0.6123826,0.5605529,0.5957085,29.195680410519707,0.0,0.0
78728,825640,-0.00069081783,0.042337257,0.06680946,0.03751925,10,0.0,126879,1381490,0.73626125,0.66234875,0.6328178,0.66615576,0.73557043,0.70468605,0.6996272,0.70367503,10376,150098.7913479805,0.37357897,0.59332454,0.5674036,0.59143806,34.926687584520785,0.0,0.0
78789,826250,-0.1074872,0.05795026,0.059757285,0.04173412,10,0.0,126986,1382560,0.7861829,0.6448087,0.64665306,0.6620466,0.6786957,0.70275897,0.7064103,0.7037807,10386,150108.91789507866,0.5887283,0.5760809,0.5852549,0.58681357,37.40525847354086,0.0,0.0
78868,827040,0.25892708,0.009977331,0.07403582,0.046098825,10,0.0,127104,1383740,0.43810084,0.7032372,0.62989604,0.65772027,0.6970279,0.7132145,0.70393187,0.7038191,10399,150119.9629459381,0.41304785,0.5486525,0.5476967,0.58231604,44.542968530135475,0.0,0.0
78933,827690,0.113910615,0.11106322,0.08285389,0.049474563,10,0.0,127214,1384840,0.52286524,0.59547704,0.62028533,0.65414125,0.63677585,0.7065403,0.7031391,0.7036158,10409,150130.36777734756,0.34688058,0.51957905,0.5293143,0.57605803,13.623487606902847,0.0,0.0
78993,828290,0.18044037,0.07869368,0.107118234,0.05328226,10,0.0,127313,1385830,0.49624026,0.61899847,0.59123826,0.65033764,0.6766806,0.6976921,0.69835645,0.7036199,10418,150139.61906599998,0.49624026,0.52680004,0.52192706,0.5738503,13.744651149073107,0.0,0.0
79055,828910,0.18697089,0.075239256,0.096592404,0.05578743,10,0.0,127419,1386890,0.5280477,0.6351246,0.6069683,0.6482096,0.7150186,0.71036386,0.70356077,0.703997,10428,150149.94002509117,0.49697712,0.5135139,0.5167083,0.57036155,13.762451835730104,0.0,0.0
79123,829590,0.0,0.11038327,0.08503093,0.05926822,10,0.0,127536,1388060,0.67060405,0.57127297,0.6171144,0.6440628,0.67060405,0.68699306,0.70216334,0.70337903,10439,150161.16487193108,0.67060405,0.5017755,0.53232557,0.566755,14.311933868234656,0.0,0.0
79186,830220,0.3932753,0.09439675,0.09419237,0.06286799,10,0.0,127644,1389140,0.33574244,0.6037665,0.61222786,0.64104724,0.72901773,0.69816315,0.7064203,0.70391524,10449,150171.33350515366,0.33574244,0.59746486,0.5496067,0.5627544,13.338701501242502,0.0,0.0
79249,830850,0.30669132,0.11811955,0.10833549,0.06848999,10,0.0,127743,1390130,0.35435316,0.58685386,0.59732723,0.6354932,0.6610445,0.7119173,0.7061301,0.7040034,10457,150179.5431740284,0.35435316,0.56498986,0.5425938,0.5583222,14.170367227133779,0.0,0.0
79309,831450,0.45673406,0.09965755,0.10878696,0.072736874,10,0.0,127851,1391210,0.35398793,0.5987267,0.5962683,0.631381,0.810722,0.6983842,0.70505524,0.70411783,10467,150189.80608439445,0.35398793,0.57063115,0.5453189,0.55618423,12.790159914201752,0.0,0.0
79374,832100,0.19790685,0.052400388,0.09675933,0.076832496,10,0.0,127960,1392300,0.5740437,0.65354484,0.6101862,0.62725526,0.77195054,0.70594525,0.70694566,0.7040878,10477,150200.0187830925,0.39178416,0.5826787,0.52228975,0.54910356,15.5223633139213,0.0,0.0
79439,832750,0.33048272,0.07593024,0.0910354,0.08000111,10,0.0,128068,1393380,0.3814147,0.6203784,0.6079398,0.62351006,0.71189743,0.69630873,0.69897515,0.7035112,10487,150210.20211815834,0.31939662,0.5531428,0.51567835,0.5463878,13.902704035734718,0.0,0.0
79508,833440,0.23380792,0.064672925,0.0956781,0.08331104,10,0.0,128179,1394490,0.4780422,0.64454,0.6039333,0.62009674,0.7118501,0.70921296,0.69961137,0.70340776,10499,150222.37756705284,0.33285955,0.555553,0.5150253,0.5425409,13.43575027973101,0.0,0.0
79573,834090,0.2602171,0.11149788,0.10493206,0.08821704,10,0.0,128289,1395590,0.4552839,0.5899257,0.5961458,0.6148109,0.715501,0.7014236,0.7010778,0.70302796,10509,150232.51218390465,0.41558623,0.5514773,0.52726334,0.53862256,31.898661783092653,0.0,0.0
79633,834690,0.36241755,0.09687934,0.10019674,0.09036735,10,0.0,128394,1396640,0.3184109,0.5927788,0.6002903,0.61263317,0.68082845,0.6896581,0.7004871,0.7030005,10519,150242.81484365463,0.3184109,0.56207854,0.5352104,0.53705394,11.928825849490403,0.0,0.0
79695,835310,0.33947584,0.07774828,0.114645116,0.094474845,10,0.0,128499,1397690,0.37779453,0.63902116,0.5852755,0.6085991,0.7172704,0.71676946,0.6999207,0.703074,10529,150253.12072443962,0.37779453,0.6186088,0.51909643,0.5334971,10.850886919394153,0.0,0.0
79774,836100,0.17355591,0.116877355,0.10729298,0.09797068,10,0.0,128620,1398900,0.53767055,0.57878053,0.59682065,0.6048294,0.71122646,0.69565785,0.7041136,0.7028,10541,150263.155667305,0.35485485,0.5222042,0.5206545,0.5284979,9.735525780097051,0.0,0.0
79836,836720,0.41117337,0.14405105,0.100077584,0.099728785,10,0.0,128719,1399890,0.32408884,0.56796706,0.6081304,0.6034767,0.7352622,0.71201813,0.7082079,0.70320547,10550,150272.45639038086,0.32408884,0.46317896,0.5284002,0.5268805,12.635508567965012,0.0,0.0
79896,837320,0.3458784,0.15331319,0.12436015,0.10378734,10,0.0,128826,1400960,0.36193553,0.55171865,0.58023965,0.5991538,0.7078139,0.7050319,0.70459986,0.7029412,10560,150282.77887749672,0.36193553,0.4743588,0.49465066,0.5240659,11.263792378827002,0.0,0.0
79963,837990,0.37913555,0.13289532,0.1269791,0.10416704,10,0.0,128934,1402040,0.31373036,0.592708,0.5739282,0.5992736,0.6928659,0.691555,0.6971247,0.70307666,10570,150293.04236125946,0.31373036,0.4550782,0.48092172,0.52230597,11.381078117542224,0.0,0.0
80033,838690,-0.059754968,0.011817509,0.10154478,0.104326025,10,0.0,129050,1403200,0.77192396,0.68860954,0.5969525,0.59858936,0.712169,0.6972236,0.6985526,0.70275223,10581,150304.36396813393,0.3408248,0.49510854,0.50315946,0.5211079,12.640919917408999,0.0,0.0
80092,839280,0.34146556,0.15079328,0.09263821,0.10653723,10,0.0,129146,1404160,0.39588293,0.55223197,0.61052155,0.5965033,0.7373485,0.7030252,0.7031481,0.70272195,10590,150313.75068211555,0.39588293,0.4979991,0.5220911,0.5202627,13.797492880529411,0.0,0.0
80160,839960,0.21406767,0.09884887,0.090381615,0.10578481,10,0.0,129263,1405330,0.47086832,0.60758376,0.6186033,0.5969031,0.684936,0.7064326,0.7089849,0.70268786,10601,150325.0548069477,0.32685566,0.54486966,0.5175986,0.5178689,13.608494407424494,0.0,0.0
80225,840610,0.26002964,0.015366626,0.0849281,0.102774106,10,0.0,129371,1406410,0.38991275,0.6930715,0.6147376,0.59959304,0.6499424,0.7084382,0.6996656,0.7021133,10611,150335.23970103264,0.38991275,0.5264338,0.51559085,0.51743495,12.667005717557723,0.0,0.0
80290,841260,-0.008600891,0.058874566,0.043453272,0.09829476,10,0.0,129481,1407510,0.6965187,0.6458317,0.6610045,0.604222,0.6879178,0.7047062,0.70445776,0.702488,10621,150345.40751814842,0.49318174,0.55380046,0.5645664,0.520751,32.33895304637998,0.0,0.0
80354,841900,0.030410588,-0.004986501,0.017128093,0.09312893,10,0.0,129592,1408620,0.62957925,0.6992098,0.6866832,0.6091837,0.65998983,0.6942233,0.7038114,0.7022182,10632,150356.54527401924,0.62957925,0.6759473,0.6160751,0.5277742,10.963775113041033,0.0,0.0
80421,842570,-0.032610416,-0.016939515,0.008724197,0.08744138,10,0.0,129703,1409730,0.77376497,0.70669806,0.6918444,0.6154443,0.74115455,0.68975854,0.70056856,0.7026826,10642,150366.92528367043,0.65410465,0.6677829,0.641223,0.5362307,13.086029258290571,0.0,0.0
80484,843200,0.016689003,0.0053524794,0.0032829512,0.08190751,10,0.0,129809,1410790,0.6760346,0.69301033,0.6950825,0.62054837,0.69272363,0.7018032,0.69806635,0.7024391,10652,150377.22127079964,0.6760346,0.67844,0.6433287,0.54434204,12.251115051071821,0.0,0.0
80551,843870,0.0,0.018651377,0.003941,0.07554055,10,0.0,129913,1411830,0.66916656,0.69109553,0.70220506,0.6274491,0.66916656,0.70974696,0.70614606,0.7027268,10662,150387.55210590363,0.66916656,0.6847722,0.6751594,0.5545314,13.2595438718729,0.0,0.0
80614,844500,0.088210404,0.004316008,-0.0011127574,0.069124706,10,0.0,130020,1412900,0.6434552,0.69127023,0.7046665,0.6334768,0.7316656,0.6955862,0.70355386,0.7026015,10672,150397.82984018326,0.6434552,0.66467726,0.6824159,0.5633799,13.615421122304625,0.0,0.0
80674,845100,-0.012073994,-0.016980534,-0.0019712723,0.060757127,10,0.0,130115,1413850,0.72183025,0.71941155,0.70595306,0.6425996,0.70975626,0.7024311,0.70398176,0.70304114,10681,150407.03645968437,0.70975626,0.68984103,0.6804638,0.57368743,15.694097291860615,0.0,0.0
80753,845890,-0.016698182,-0.0020520627,-0.0040260763,0.051903557,10,0.0,130232,1415020,0.70492154,0.7028211,0.7068126,0.65128416,0.68822336,0.70050544,0.70266515,0.70292234,10693,150417.00706267357,0.68822336,0.68399805,0.6829191,0.5872503,13.224238644579101,0.0,0.0
80817,846530,0.060700595,-0.009911078,-0.0048884344,0.045325402,10,0.0,130354,1416240,0.68451464,0.71629894,0.7058948,0.65721375,0.74521524,0.7063879,0.7010065,0.7024696,10703,150427.40973353386,0.675432,0.70003057,0.6834626,0.595517,11.275613937412244,0.0,0.0
80880,847160,0.05801308,-0.0062183263,-0.0027040553,0.037624553,10,0.0,130460,1417300,0.65787244,0.7050721,0.70721453,0.66482496,0.7158855,0.69885385,0.7045105,0.7023855,10713,150437.63462901115,0.64501137,0.67735314,0.684099,0.6062288,10.962792199051476,0.0,0.0
80940,847760,-0.082469404,-0.006104124,-0.003734948,0.028915972,10,0.0,130552,1418220,0.72525334,0.7036284,0.7061784,0.67380404,0.64278394,0.69752425,0.7024435,0.70262843,10723,150447.99643325806,0.6427134,0.68177176,0.68226606,0.62029284,10.298080065329389,0.0,0.0
81008,848440,0.06339157,0.007020408,-0.0038381582,0.021415183,10,0.0,130671,1419410,0.71417177,0.70828307,0.70292175,0.68151134,0.77756333,0.7153035,0.6990837,0.70292646,10734,150459.32726693153,0.70315605,0.6989935,0.6815881,0.63166344,12.222013065008587,0.0,0.0
81071,849070,0.085762024,-0.004293716,-0.004942775,0.015693309,10,0.0,130776,1420460,0.6543062,0.7217549,0.71431303,0.6875535,0.7400682,0.7174612,0.70937026,0.70324683,10744,150469.61283230782,0.6543062,0.69656205,0.68149614,0.6424996,10.392938071845826,0.0,0.0
81139,849750,0.00516057,-0.0016783357,-0.0055781323,0.008968218,10,0.0,130882,1421520,0.6954392,0.7004644,0.706655,0.6937351,0.7005998,0.6985814,0.7014111,0.7027041,10754,150479.8223619461,0.6954392,0.66984683,0.67419916,0.65231043,12.815193795133696,0.0,0.0
81198,850340,-0.015227318,-0.0022475957,-0.005821343,0.003123196,10,0.0,130976,1422460,0.69280446,0.7085577,0.7052166,0.6998106,0.67757714,0.70631003,0.69939524,0.70293385,10763,150489.12263679504,0.6662597,0.67859954,0.6754029,0.662534,11.987047838972515,0.0,0.0
81268,851040,-0.02384895,-0.010970104,-0.0059515303,-0.00047995878,10,0.0,131097,1423670,0.7702171,0.732144,0.71395755,0.70360744,0.74636817,0.72117394,0.70800585,0.7031275,10773,150499.27307534218,0.6833544,0.6962353,0.6836122,0.67035663,12.894306933584684,0.0,0.0
81326,851620,-0.013950288,-0.008783209,-0.0034830673,-0.0020804885,10,0.0,131189,1424590,0.719844,0.720045,0.7099825,0.70512414,0.7058937,0.71126187,0.70649946,0.7030437,10783,150509.50896334648,0.70141625,0.6832705,0.6796686,0.6753002,11.840172085020614,0.0,0.0
81392,852280,0.0045475364,0.0021718324,-0.0073204865,-0.0034705624,10,0.0,131310,1425800,0.6899386,0.7097172,0.7093977,0.7064899,0.69448614,0.711889,0.7020771,0.7030193,10793,150519.80634737015,0.6896066,0.7037048,0.6799372,0.6776166,11.799793898367644,0.0,0.0
81454,852900,-0.00392884,0.015847558,-0.0022096736,-0.0033713614,10,0.0,131418,1426880,0.6632284,0.68620723,0.7070051,0.70706934,0.65929955,0.7020548,0.7047955,0.703698,10803,150529.93156433105,0.6592114,0.68188804,0.6853264,0.68089646,11.963316296683573,0.0,0.0
81519,853550,0.03158748,-0.01618204,-0.0022973479,-0.004261776,10,0.0,131511,1427810,0.69439507,0.7272472,0.70766073,0.7080067,0.72598255,0.7110652,0.70536333,0.7037449,10813,150540.1034474373,0.6723174,0.68434775,0.6838171,0.68201965,11.499848242616599,0.0,0.0
81580,854160,0.039229274,-0.0059116306,-0.0060853045,-0.0045764935,10,0.0,131618,1428880,0.67048866,0.70797694,0.7115683,0.7087073,0.7097179,0.70206535,0.705483,0.7041307,10823,150550.35282683372,0.67048866,0.6827932,0.68527246,0.6824135,11.296525775569869,0.0,0.0
81650,854860,-0.024282336,-0.020252401,-0.005637256,-0.005126814,10,0.0,131724,1429940,0.738608,0.73184764,0.70442766,0.70869875,0.71432567,0.7115953,0.6987903,0.7035719,10833,150560.5494134426,0.68386525,0.68699104,0.68017685,0.6820765,13.448006094448562,0.0,0.0
81713,855490,0.01995182,-0.008375156,-0.012927253,-0.005613397,10,0.0,131822,1430920,0.6712641,0.71078026,0.7133564,0.7089826,0.69121593,0.7024051,0.700429,0.7033692,10843,150570.75064229965,0.6712641,0.6882726,0.6804905,0.6818407,13.255902225686079,0.0,0.0
81774,856100,0.032600045,0.0063659847,-0.0069553717,-0.0055256546,10,0.0,131940,1432100,0.70732296,0.71884966,0.70956063,0.70913106,0.739923,0.7252157,0.7026052,0.70360535,10853,150581.14238262177,0.66650945,0.70580614,0.67885643,0.681615,11.952635202604425,0.0,0.0
81843,856790,0.014465988,-0.011713231,-0.0049568685,-0.005356104,10,0.0,132051,1433210,0.73161376,0.72036487,0.7099473,0.70908916,0.74607974,0.70865166,0.7049904,0.703733,10863,150591.28374791145,0.73161376,0.68112826,0.68315315,0.68133473,10.106958765681338,0.0,0.0
81903,857390,0.022916019,-0.005556649,-0.0064906357,-0.0059329565,10,0.0,132156,1434260,0.7052345,0.71231145,0.7118538,0.7095032,0.72815055,0.70675486,0.7053631,0.7035702,10873,150601.43663167953,0.7052345,0.70122653,0.68518203,0.68167543,11.666558650804932,0.0,0.0
81969,858050,-0.022103667,0.0070164204,-0.0036597305,-0.005753396,10,0.0,132249,1435190,0.73758173,0.69767916,0.71030396,0.7103592,0.71547806,0.7046955,0.7066443,0.70460576,10883,150611.6701965332,0.68173075,0.6803149,0.6854824,0.6818187,10.335517746281184,0.0,0.0
82031,858670,0.07744491,-0.014926666,-0.0034601898,-0.0061903875,10,0.0,132360,1436300,0.64799446,0.7059094,0.7095531,0.7106705,0.72543937,0.69098276,0.706093,0.7044801,10894,150622.8692700863,0.64799446,0.68058294,0.6842496,0.6823546,9.983072373694963,0.0,0.0
82096,859320,-0.014541328,-0.013495302,-0.006120151,-0.0061354144,10,0.0,132456,1437260,0.7039891,0.71257323,0.7098877,0.7106229,0.68944776,0.69907796,0.7037675,0.7044875,10903,150632.07197713852,0.68944776,0.6802657,0.6795377,0.68239623,13.431714417743438,0.0,0.0
82158,859940,-0.07791728,-0.017823797,-0.011192739,-0.006550295,10,0.0,132561,1438310,0.77691054,0.7267292,0.71923184,0.7115595,0.69899327,0.7089054,0.7080391,0.70500916,10913,150642.51838302612,0.67026895,0.68991846,0.6867297,0.6832053,14.26777661968688,0.0,0.0
82242,860780,0.0065193176,-0.020470511,-0.01128625,-0.007062174,10,0.0,132701,1439710,0.6835809,0.72904974,0.72311944,0.71278083,0.6901002,0.7085792,0.7118332,0.70571864,10926,150653.6025674343,0.67137855,0.700089,0.69261587,0.68411285,30.9822828756625,0.0,0.0
82299,861350,-0.023803055,0.00021196008,-0.012500117,-0.0073409826,10,0.0,132789,1440590,0.6878212,0.70147717,0.7217909,0.7127887,0.66401815,0.7016891,0.70929086,0.7054476,10935,150662.9811615944,0.66401815,0.6791738,0.69015574,0.6845165,12.448096623943368,0.0,0.0
82361,861970,-0.057024777,-0.013887435,-0.007921775,-0.0074202144,10,0.0,132894,1441640,0.749518,0.7434429,0.71432436,0.71328783,0.6924932,0.7295555,0.7064026,0.70586765,10945,150673.2946255207,0.6924932,0.7012469,0.6865524,0.6848164,10.735684040542827,0.0,0.0
82429,862650,-0.012702823,-0.008399022,-0.0056028557,-0.007427368,10,0.0,133000,1442700,0.66385144,0.7349946,0.71352226,0.71321297,0.6511486,0.7265955,0.70791936,0.7057855,10955,150683.70961284637,0.6511486,0.7092708,0.6888492,0.68473166,13.909610665251709,0.0,0.0
82477,863130,0.08947259,0.0028633892,-0.005437216,-0.0077720326,10,0.0,133093,1443630,0.6848243,0.6963884,0.712961,0.7136714,0.7742969,0.69925183,0.7075238,0.7058994,10963,150694.7061202526,0.6848243,0.6772288,0.6867387,0.68482834,7.269279916837424,0.0,0.0
82527,863630,-0.00087589025,-0.00041856169,0.0022197543,-0.006858193,10,0.0,133183,1444530,0.6759039,0.70739037,0.7065535,0.7128751,0.675028,0.71238977,0.70878214,0.705966,10971,150704.7647678852,0.6680039,0.68192166,0.6817376,0.6843916,10.20788354607951,0.0,0.0
82585,864210,-0.0003077984,-0.011469048,0.0001129964,-0.00693612,10,0.0,133275,1445450,0.6709762,0.7244829,0.70789444,0.71297914,0.6706684,0.7130138,0.7080075,0.7060429,10980,150715.08049607277,0.6706684,0.6836718,0.6806318,0.68403673,12.692730775946567,0.0,0.0
82639,864750,0.026693583,-0.012378293,-0.0026557373,-0.0066258376,10,0.0,133372,1446420,0.6652145,0.6935797,0.7026765,0.7126426,0.69190806,0.68120134,0.7000207,0.70601684,10989,150725.27099108696,0.6652145,0.6684476,0.6790578,0.68422353,9.162634365733444,0.0,0.0
82700,865360,0.04712504,-0.01744764,0.0024093434,-0.0054543233,10,0.0,133470,1447400,0.69391567,0.7325848,0.6963957,0.7116006,0.7410407,0.7151371,0.6988049,0.7061463,10998,150735.71378469467,0.6698902,0.6259451,0.6647834,0.68275076,9.24641044164613,0.0,0.0
82757,865930,0.0047926903,-0.0048437417,0.006172877,-0.0049858093,10,0.0,133567,1448370,0.67923135,0.7089853,0.6981638,0.7111594,0.68402404,0.7041415,0.70433676,0.70617366,11007,150745.9649333954,0.67475635,0.6780754,0.6667055,0.6828877,11.25903019370356,0.0,0.0
82810,866460,-0.067141056,0.0053176107,0.0033064072,-0.0047671967,10,0.0,133653,1449230,0.8120846,0.7101558,0.6992367,0.71085083,0.74494356,0.7154734,0.702543,0.7060836,11015,150755.53611969948,0.66605777,0.66682374,0.67385125,0.6822921,10.905357251965954,0.0,0.0
82872,867080,-0.009191096,-0.0004288733,-0.0018291768,-0.0045909937,10,0.0,133760,1450300,0.75345165,0.7008928,0.7061289,0.71020424,0.74426055,0.700464,0.70429975,0.70561326,11025,150766.35461997986,0.71588475,0.68867624,0.6741531,0.68174237,29.051737990879218,0.0,0.0
82933,867690,-0.034141183,0.03499716,7.464975e-05,-0.0038342646,10,0.0,133854,1451240,0.7135933,0.64852595,0.70104057,0.70885265,0.6794521,0.6835232,0.70111525,0.70501846,11034,150775.9810988903,0.63412464,0.6119885,0.67262083,0.67997503,11.031037996988646,0.0,0.0
82995,868310,-0.098147035,0.035204697,0.014416215,-0.0020063499,10,0.0,133959,1452290,0.76754266,0.668026,0.6905379,0.70723635,0.6693956,0.7032307,0.7049541,0.70523,11044,150787.02346777916,0.60820705,0.6269948,0.6558094,0.67790174,12.517481870514633,0.0,0.0
83053,868890,0.008760691,-0.014268252,0.006397151,-0.0015640282,10,0.0,134054,1453240,0.69354117,0.7034328,0.695139,0.7062207,0.70230186,0.6891646,0.7015362,0.7046567,11053,150796.8835234642,0.5520342,0.60146165,0.64645356,0.675187,31.97519014863498,0.0,0.0
83111,869470,0.0715037,-0.0026909113,0.0004717636,-0.0008460281,10,0.0,134150,1454200,0.70485926,0.71314836,0.6970131,0.70541024,0.77636296,0.71045744,0.6974848,0.7045642,11062,150807.0867497921,0.68069875,0.6867262,0.6569502,0.67396104,28.432161941761,0.0,0.0
83172,870080,0.050002515,0.013327742,0.00644176,0.0005250399,10,0.0,134260,1455300,0.710808,0.71931726,0.70075935,0.7039917,0.7608105,0.732645,0.70720094,0.70451677,11072,150817.98137068748,0.69580024,0.69701517,0.66194504,0.6718002,9.389290403313996,0.0,0.0
83238,870740,0.00021070242,0.0044066133,0.007657735,0.0019995647,10,0.0,134366,1456360,0.6740708,0.69307816,0.69810724,0.701585,0.6742815,0.69748473,0.70576495,0.7035846,11081,150827.9137582779,0.6740708,0.66554964,0.65941703,0.66864794,9.836967712974616,0.0,0.0
83300,871360,9.3102455e-05,-0.016895425,0.004346813,0.003338188,10,0.0,134472,1457420,0.6970279,0.7245099,0.6953155,0.69995445,0.697121,0.7076145,0.69966227,0.70329267,11091,150838.20493984222,0.64797467,0.66559494,0.6613633,0.66688,12.889809337458347,0.0,0.0
83363,871990,0.09924662,0.039542377,0.012570622,0.004798091,10,0.0,134566,1458360,0.660873,0.67500204,0.69114786,0.6986233,0.7601196,0.7145444,0.7037185,0.7034214,11101,150848.5567626953,0.6608279,0.6435162,0.6571783,0.66522896,11.718872499302897,0.0,0.0
83429,872650,-0.018676102,-0.021204943,0.014240724,0.006229289,10,0.0,134687,1459570,0.6899655,0.72473097,0.6853926,0.6963902,0.6712894,0.703526,0.69963336,0.70261943,11111,150858.7361290455,0.47401306,0.59665644,0.6313755,0.6603667,11.368239484395282,0.0,0.0
83488,873240,0.021049142,0.005240023,0.011681127,0.006898205,10,0.0,134783,1460530,0.6746243,0.70265126,0.6911725,0.6955091,0.69567347,0.7078913,0.7028536,0.70240724,11121,150868.90564393997,0.6656586,0.676281,0.64111954,0.6594463,12.2817080234091,0.0,0.0
83558,873940,-0.021791458,0.0058038533,-0.00067331374,0.0069639445,10,0.0,134890,1461600,0.7787836,0.71392816,0.7073088,0.69551694,0.75699216,0.71973205,0.70663553,0.7024809,11132,150880.1356151104,0.7437736,0.6960349,0.6802919,0.6595905,12.697753017843985,0.0,0.0
83617,874530,-0.053035855,0.027062213,0.0024322825,0.007523997,10,0.0,134988,1462580,0.7362285,0.6747049,0.7045275,0.6953873,0.6831927,0.7070707,0.70749146,0.70296925,11141,150889.33309555054,0.68235034,0.6293936,0.6676066,0.65796447,11.018814431026144,0.0,0.0
83683,875190,-0.016337812,-0.0025131584,-0.0017930844,0.0070422413,10,0.0,135107,1463770,0.6939029,0.7124971,0.7044789,0.69589,0.6775651,0.70998394,0.7026858,0.7029323,11151,150899.55051207542,0.63476276,0.657883,0.66187555,0.65719277,10.344158810049237,0.0,0.0
83745,875810,-0.035524487,-0.009910691,0.0059547643,0.0075874003,10,0.0,135213,1464830,0.7248939,0.7130013,0.69345385,0.69497496,0.68936944,0.70309067,0.69940865,0.70256245,11161,150909.9894247055,0.6733868,0.65348274,0.6500036,0.65552104,11.190561123009077,0.0,0.0
83810,876460,-0.05857402,-0.026664376,0.0059915823,0.0075688353,10,0.0,135317,1465870,0.74130017,0.7218739,0.6955417,0.69471985,0.68272614,0.6952095,0.70153326,0.7022886,11172,150921.22215628624,0.6648145,0.61546457,0.6366927,0.653623,10.709429104198462,0.0,0.0
83880,877160,-0.05743879,-0.007324636,-0.0027759958,0.00781998,10,0.0,135436,1467060,0.7651189,0.73209286,0.7006262,0.6942933,0.7076801,0.7247683,0.6978503,0.7021133,11182,150931.50141382217,0.6939887,0.7104055,0.6472426,0.6522273,7.069383310958688,0.0,0.0
83946,877820,-0.012570977,0.0031011463,0.006259413,0.008199747,10,0.0,135541,1468110,0.67415416,0.69971436,0.6934626,0.6939677,0.6615832,0.70281553,0.69972205,0.70216745,11193,150942.81203842163,0.6615832,0.6864034,0.6496856,0.65164626,11.876726587781167,0.0,0.0
84010,878460,0.0,0.050242584,0.011525018,0.0069113285,10,0.0,135648,1469180,0.7940721,0.6458771,0.68959177,0.6947682,0.7940721,0.69611967,0.70111674,0.7016796,11203,150953.0627667904,0.7940721,0.51975507,0.65107787,0.6522634,10.918333453077476,0.0,0.0
84074,879100,0.015297115,-0.0021239042,0.00900681,0.007321878,10,0.0,135741,1470110,0.73094803,0.7087375,0.6936172,0.6947928,0.74624515,0.7066136,0.7026241,0.70211464,11212,150962.39340949059,0.69186294,0.65162677,0.633191,0.6516446,13.6782007653889,0.0,0.0
84136,879720,0.016223907,0.0076174974,0.005683911,0.006998228,10,0.0,135848,1471180,0.70298177,0.70489925,0.69770503,0.6953667,0.7192057,0.7125167,0.7033889,0.7023649,11222,150972.87045812607,0.68993187,0.6853208,0.64672005,0.65155995,12.354028906450198,0.0,0.0
84204,880400,-0.042287827,0.04189277,0.008509942,0.0068333275,10,0.0,135953,1472230,0.7022005,0.6706479,0.6884822,0.69475013,0.65991265,0.7125407,0.6969923,0.7015834,11232,150983.19281578064,0.39966977,0.56833714,0.6423754,0.64975536,14.866981353109168,0.0,0.0
84264,881000,0.2724142,0.028209379,0.010701677,0.0072115394,10,0.0,136060,1473300,0.42425233,0.6688028,0.6868144,0.6941366,0.69666654,0.6970121,0.697516,0.7013481,11242,150993.45611262321,0.42425233,0.57484406,0.61269933,0.64724314,14.538300306793442,0.0,0.0
84332,881680,0.24299908,0.02628674,0.029147988,0.008813696,10,0.0,136177,1474470,0.42980593,0.67789584,0.6736856,0.6928164,0.672805,0.70418257,0.70283365,0.7016301,11253,151005.04086518288,0.37885457,0.5201118,0.59431636,0.6435744,12.995821746438724,0.0,0.0
84395,882310,-0.08345789,0.03789412,0.051002108,0.011166828,10,0.0,136284,1475540,0.81446594,0.6746205,0.6527107,0.6905209,0.73100805,0.7125147,0.7037127,0.7016877,11263,151015.21340703964,0.65067756,0.5469743,0.5887643,0.63980395,14.367636862889103,0.0,0.0
84455,882910,0.02000755,0.013459181,0.0344887,0.011401942,10,0.0,136381,1476510,0.7082049,0.68687886,0.6718227,0.6904866,0.7282125,0.70033807,0.7063114,0.7018886,11271,151023.35901594162,0.4687948,0.62083066,0.6009019,0.63931227,13.52653527464068,0.0,0.0
84524,883600,-0.00024592876,0.07982089,0.04274271,0.015328933,10,0.0,136492,1477620,0.6737214,0.6067064,0.6585827,0.6861459,0.67347544,0.68652725,0.70132536,0.70147485,11283,151035.8347094059,0.3767188,0.56567365,0.5959582,0.6328431,14.978897498769705,0.0,0.0
84586,884220,0.26817757,0.07688619,0.07154397,0.019712817,10,0.0,136596,1478660,0.4441443,0.6232777,0.6311536,0.681635,0.7123219,0.7001639,0.70269746,0.7013478,11293,151046.17869758606,0.4441443,0.5639618,0.5501324,0.624696,13.542533193591236,0.0,0.0
84653,884890,0.30790618,0.10969515,0.0685193,0.023558307,10,0.0,136702,1479720,0.35467175,0.6016866,0.63765043,0.6782159,0.6625779,0.71138185,0.70616984,0.7017743,11303,151056.41249585152,0.35392854,0.5596019,0.56199825,0.6188943,12.827159066651742,0.0,0.0
84710,885460,0.3590749,0.031059552,0.06378497,0.027849738,10,0.0,136798,1480680,0.38810384,0.65101945,0.6370902,0.6739448,0.74717873,0.7098975,0.7027686,0.7020678,11311,151064.697378397,0.38810384,0.5853776,0.55259573,0.6117197,14.127206373959861,0.0,0.0
84779,886150,0.17529625,0.022614863,0.059179515,0.031051341,10,0.0,136905,1481750,0.5363026,0.68320787,0.6384815,0.67036474,0.7115989,0.7058228,0.6994122,0.70169824,11321,151074.92976737022,0.3477311,0.57930607,0.5493429,0.6046931,14.793491617629009,0.0,0.0
84841,886770,0.34623092,0.06738241,0.062450096,0.034468047,10,0.0,137010,1482800,0.35251808,0.6131987,0.6317416,0.66676164,0.698749,0.6805811,0.6941917,0.7015531,11332,151086.2238152027,0.35251808,0.51030767,0.5235046,0.5967804,13.18336690227791,0.0,0.0
84902,887380,0.23034197,0.05869169,0.054129634,0.038221247,10,0.0,137114,1483840,0.41345716,0.6541307,0.64444,0.6633783,0.6437991,0.71282244,0.69856954,0.70191276,11342,151096.53214120865,0.35227022,0.56774056,0.527555,0.5898265,11.170687938262587,0.0,0.0
84970,888060,-0.022902548,0.059969246,0.06889823,0.042671204,10,0.0,137216,1484860,0.7583607,0.6546911,0.6330967,0.65894234,0.73545814,0.7146604,0.70199484,0.7018694,11352,151106.94218969345,0.3762487,0.54518247,0.53725994,0.58195853,13.244637952452859,0.0,0.0
85032,888680,0.3138976,0.087790035,0.076150134,0.04735379,10,0.0,137320,1485900,0.3616814,0.6096034,0.62891126,0.6542563,0.675579,0.69739354,0.7050613,0.70193833,11362,151117.27459263802,0.3616814,0.540228,0.5414015,0.5755208,15.270266678753842,0.0,0.0
85098,889340,0.01103878,0.051502895,0.07393157,0.049910378,10,0.0,137420,1486900,0.67738116,0.6534692,0.62919706,0.65144104,0.68841994,0.70497215,0.7031286,0.70162815,11372,151128.05984258652,0.67738116,0.57655007,0.53453046,0.56929445,27.595485037409766,0.0,0.0
85151,889870,-0.04260713,0.004849029,0.038048573,0.051972624,10,0.0,137515,1487850,0.70310956,0.692739,0.66399556,0.64965856,0.66050243,0.6975881,0.7020441,0.7018171,11381,151137.7048382759,0.35849383,0.57336736,0.55817705,0.5640115,10.819344741919034,0.0,0.0
85220,890560,0.0,-0.00065951346,0.032992985,0.05375207,10,0.0,137634,1489040,0.7053938,0.71864474,0.6684033,0.6484928,0.7053938,0.7179853,0.70139617,0.7025477,11392,151149.02661442757,0.7053938,0.64861107,0.6002186,0.5639696,13.080042561631412,0.0,0.0
85285,891210,0.008803904,0.047713753,0.031656038,0.055335116,10,0.0,137739,1490090,0.6861948,0.6599916,0.6741387,0.6474026,0.6949987,0.7077054,0.70579475,0.7028548,11402,151159.30407381058,0.6861948,0.57917535,0.6002314,0.5621564,12.57747978648022,0.0,0.0
85345,891810,-0.028452337,0.0010570108,0.04515644,0.055195175,10,0.0,137833,1491030,0.73128563,0.70618653,0.6581194,0.6474703,0.7028333,0.70724356,0.70327586,0.7027732,11411,151168.70958828926,0.42222345,0.56438035,0.5556267,0.55932754,10.517093049467626,0.0,0.0
85414,892500,-0.015463531,0.02764747,0.033176545,0.053437307,10,0.0,137937,1492070,0.7227169,0.69338256,0.6749939,0.64936453,0.7072534,0.72103006,0.70817053,0.7030823,11421,151179.05938649178,0.70294404,0.625425,0.5769767,0.5596531,15.249092264864151,0.0,0.0
85473,893090,0.32241458,-0.0025780261,0.04052503,0.055271287,10,0.0,138045,1493150,0.4070812,0.7149844,0.6656762,0.647496,0.72949576,0.71240646,0.7062012,0.7030276,11431,151189.3107469082,0.4070812,0.6899508,0.60893786,0.55870086,14.343433652577561,0.0,0.0
85540,893760,-0.01427722,0.0031447648,0.029319186,0.052320313,10,0.0,138151,1494210,0.78915524,0.71095204,0.6736436,0.6506923,0.774878,0.7140968,0.7029629,0.70329076,11441,151199.49588680267,0.42244637,0.6694062,0.6051698,0.56154704,15.389422501858412,0.0,0.0
85603,894390,-0.0021165013,0.059233963,0.0323183,0.049904067,10,0.0,138256,1495260,0.73070353,0.6422766,0.66957796,0.6526953,0.72858703,0.70151055,0.70189637,0.70284355,11451,151209.74869561195,0.66594756,0.4896082,0.58134574,0.56224024,14.524490727370067,0.0,0.0
85668,895040,-0.020410597,0.053260397,0.038308404,0.048623335,10,0.0,138362,1496320,0.7261185,0.62902755,0.66250616,0.6535829,0.7057079,0.682288,0.7008145,0.70255053,11461,151219.95775318146,0.4420004,0.54923564,0.57962877,0.56471777,14.969851889869279,0.0,0.0
85734,895700,0.12121254,0.050092988,0.041871015,0.047793657,10,0.0,138475,1497450,0.5594035,0.64066935,0.65929204,0.65481263,0.680616,0.6907623,0.7011631,0.70260626,11472,151231.2549777031,0.3415189,0.6263823,0.59787124,0.5682987,13.15941408770989,0.0,0.0
85798,896340,0.28883225,0.07145397,0.04036633,0.046777822,10,0.0,138578,1498480,0.4313897,0.6460375,0.662692,0.6561511,0.72022194,0.7174915,0.7030583,0.7029289,11482,151241.6592514515,0.4313897,0.55888695,0.5743407,0.5684914,12.676503895913923,0.0,0.0
85861,896970,0.44812912,0.022353942,0.023470258,0.043359604,10,0.0,138683,1499530,0.29107815,0.6810566,0.68512726,0.66073644,0.73920727,0.7034105,0.70859754,0.7040961,11492,151251.92051410675,0.29107815,0.57917225,0.56827664,0.57403576,10.287812205356731,0.0,0.0
85925,897610,-0.07756567,-0.002329123,0.028982768,0.042390395,10,0.0,138788,1500580,0.7525674,0.71127486,0.6793081,0.66213304,0.67500174,0.7089457,0.7082909,0.70452344,11502,151262.29294753075,0.38470328,0.5973037,0.58431673,0.5745434,14.81775726852995,0.0,0.0
85989,898250,-0.049743176,0.064418264,0.034823526,0.03980918,10,0.0,138893,1501630,0.7578823,0.62653124,0.6714017,0.6643988,0.7081391,0.69094956,0.7062252,0.704208,11512,151272.60277342796,0.7081391,0.50973594,0.5708601,0.5773072,12.49418454842933,0.0,0.0
86052,898880,-0.07554996,0.058497913,0.029277215,0.035338853,10,0.0,138984,1502540,0.73126537,0.63495165,0.67525864,0.66892505,0.6557154,0.6934495,0.7045359,0.704264,11521,151281.87678194046,0.6557154,0.5818717,0.59224284,0.581086,13.39527801171507,0.0,0.0
86114,899500,-0.016364872,0.021435186,0.038980734,0.034997202,10,0.0,139087,1503570,0.7084136,0.6838245,0.6626596,0.6689725,0.6920487,0.7052597,0.70164037,0.7039697,11531,151292.2249906063,0.6920487,0.5471307,0.58117414,0.58347386,13.787351597017757,0.0,0.0
86180,900160,-0.01544112,0.0727973,0.03680217,0.03461783,10,0.0,139189,1504590,0.7004483,0.62464064,0.66522115,0.6696017,0.68500715,0.697438,0.70202345,0.7042196,11541,151302.55078220367,0.68500715,0.5763396,0.5892458,0.58486205,13.358340984999549,0.0,0.0
86243,900790,-0.01795423,0.044631265,0.04862485,0.03587767,10,0.0,139304,1505740,0.71413296,0.65923345,0.6526077,0.66779876,0.69617873,0.7038647,0.70123243,0.70367646,11552,151313.8909215927,0.37890616,0.6244379,0.5840693,0.58297867,10.911102035082608,0.0,0.0
86303,901390,-0.012674451,0.05572232,0.02932042,0.034020245,10,0.0,139397,1506670,0.7033353,0.64881736,0.67754775,0.6699317,0.69066083,0.70453966,0.70686823,0.70395195,11561,151323.12338757515,0.6638019,0.5224732,0.6196455,0.5868976,11.000841395835826,0.0,0.0
86375,902110,0.016575933,0.050174274,0.019593274,0.032334983,10,0.0,139510,1507800,0.7042928,0.650089,0.6849262,0.67133754,0.7208687,0.7002633,0.7045195,0.7036726,11572,151334.4788696766,0.70357376,0.60467553,0.6240157,0.59252685,12.693637329057637,0.0,0.0
86436,902720,0.0113399625,0.0077181994,0.013782515,0.030958643,10,0.0,139614,1508840,0.69240683,0.705644,0.69324225,0.6731014,0.7037468,0.7133622,0.7070247,0.70406014,11582,151344.88487410545,0.69240683,0.66191804,0.63511175,0.5936416,13.395145394179634,0.0,0.0
86501,903370,0.04239446,-0.008252251,0.0027688688,0.028658371,10,0.0,139721,1509910,0.68020755,0.7061846,0.70708567,0.6753701,0.722602,0.6979324,0.7098545,0.70402837,11592,151355.0903120041,0.6790464,0.65113366,0.6547791,0.59656227,15.431638821334884,0.0,0.0
86557,903930,-0.064409435,-0.018010605,-0.00010753572,0.026958924,10,0.0,139813,1510830,0.7881316,0.7269925,0.708543,0.67749196,0.72372216,0.70898193,0.70843554,0.7044509,11601,151364.45511054993,0.6594066,0.6931613,0.66566813,0.60134673,10.697127210840806,0.0,0.0
86628,904640,-0.014488578,0.008712351,0.001899186,0.025090672,10,0.0,139929,1511990,0.7337795,0.6966088,0.70226425,0.6790807,0.7192909,0.70532113,0.7041635,0.70417136,11611,151374.84208130836,0.68202597,0.66122115,0.65627486,0.6052438,10.452091201218076,0.0,0.0
86693,905290,-0.011036396,-0.022348458,0.01256305,0.02281834,10,0.0,140031,1513010,0.67650247,0.7343806,0.6906158,0.68174493,0.66546607,0.7120322,0.70317876,0.7045634,11622,151386.08899474144,0.66546607,0.69876325,0.6424418,0.6088518,11.11849403835841,0.0,0.0
86755,905910,0.003072679,0.0076660244,-0.008645055,0.019783579,10,0.0,140125,1513950,0.7281316,0.6959624,0.71734923,0.68523794,0.7312043,0.70362854,0.70870405,0.7050215,11631,151395.3810274601,0.4201777,0.5577377,0.6562841,0.61217725,14.573671100183773,0.0,0.0
86821,906570,-0.022080898,-0.004153633,-0.00018552154,0.017908672,10,0.0,140239,1515090,0.6800075,0.71267086,0.7090216,0.6871627,0.6579266,0.7085172,0.70883614,0.7050714,11642,151406.6708741188,0.6579266,0.6428109,0.6573526,0.6192019,10.442754127813133,0.0,0.0
86885,907210,0.0,0.013106758,0.005811516,0.017615791,10,0.0,140341,1516110,0.75588095,0.69544655,0.6988258,0.6873242,0.75588095,0.70855325,0.7046373,0.7049401,11652,151416.99911403656,0.75588095,0.6293104,0.65400904,0.62243605,12.56676998395561,0.0,0.0
86948,907840,-0.02892071,-0.0009928227,0.004345612,0.015119479,10,0.0,140433,1517030,0.70194024,0.69979215,0.6962869,0.6892682,0.6730195,0.6987993,0.70063263,0.7043877,11661,151426.22851014137,0.6730195,0.62496096,0.6392437,0.6279459,13.03162067248107,0.0,0.0
87010,908460,-0.084106505,0.06202829,0.009289153,0.0139681,10,0.0,140535,1518050,0.7660589,0.64253855,0.6917387,0.6900709,0.6819524,0.70456684,0.7010278,0.70403904,11671,151436.66314649582,0.6819524,0.6327628,0.6568383,0.6313784,14.217459157427458,0.0,0.0
87076,909120,-0.032898664,-0.014096963,0.0075996686,0.012246437,10,0.0,140650,1519200,0.7043058,0.71995795,0.69539255,0.6920157,0.67140716,0.705861,0.7029922,0.70426214,11682,151447.93338823318,0.67140716,0.64044017,0.6580012,0.63559157,11.497881105613569,0.0,0.0
87139,909750,0.00068199635,0.00032781958,0.0031430721,0.010404812,10,0.0,140743,1520130,0.775437,0.7101919,0.6981812,0.6937559,0.776119,0.7105197,0.7013242,0.70416075,11691,151457.23132395744,0.66648823,0.68396455,0.6543165,0.63998073,14.747505078097394,0.0,0.0
87201,910370,0.09189677,-0.0006984055,-0.0009933955,0.007357589,10,0.0,140847,1521170,0.6051578,0.7066432,0.707689,0.6972079,0.69705456,0.7059447,0.7066956,0.70456547,11701,151467.52528905869,0.6051578,0.6688838,0.6743561,0.64750236,14.105076887947423,0.0,0.0
87265,911010,-0.013753891,0.012299824,-0.0016221702,0.005396758,10,0.0,140952,1522220,0.68882376,0.684838,0.7099004,0.69959825,0.67506987,0.69713783,0.7082782,0.704995,11711,151477.81812047958,0.58158726,0.67150724,0.6791948,0.65172315,15.539875193539674,0.0,0.0
87331,911670,-0.0055657625,0.0033760488,-0.004370379,0.0034337202,10,0.0,141055,1523250,0.7664523,0.693909,0.7041723,0.700959,0.76088655,0.69728506,0.6998018,0.7043928,11721,151488.10931158066,0.6769098,0.6767777,0.67064613,0.6542687,13.783210479738605,0.0,0.0
87395,912310,-0.021182,0.0380078,0.0017285445,0.0026830179,10,0.0,141158,1524280,0.7371534,0.6740437,0.7006888,0.7019575,0.7159714,0.71205145,0.7024173,0.70464057,11731,151498.51826953888,0.7022347,0.64149195,0.6697093,0.6570146,13.072162519397228,0.0,0.0
87460,912960,0.06835395,0.012552584,0.008552423,0.00285491,10,0.0,141272,1525420,0.6714428,0.6921483,0.69320923,0.7011618,0.73979676,0.70470095,0.7017617,0.70401675,11742,151509.8487660885,0.6714428,0.61997604,0.6494881,0.6563928,12.835539811006244,0.0,0.0
87525,913610,0.036114216,0.026715288,0.0020478228,0.0027954287,10,0.0,141376,1526460,0.6733071,0.6774745,0.6994465,0.700984,0.70942134,0.7041898,0.7014944,0.7037794,11752,151520.0821454525,0.6733071,0.63202876,0.65768945,0.6581656,13.88999221435268,0.0,0.0
87586,914220,-0.002207756,-0.00022708773,0.004384413,0.0028338146,10,0.0,141469,1527390,0.69044894,0.6867671,0.7009253,0.7005361,0.6882412,0.68654,0.7053098,0.70336986,11761,151529.33335900307,0.67275727,0.62940466,0.6577685,0.65712655,10.943225110924534,0.0,0.0
87654,914900,0.0066183805,-0.012228375,-0.0027077526,0.0012409965,10,0.0,141581,1528510,0.7030129,0.6971868,0.70132124,0.7019529,0.70963126,0.68495846,0.6986135,0.70319396,11772,151540.70994830132,0.7030129,0.6735345,0.66708237,0.65950614,12.62073761269902,0.0,0.0
87715,915510,0.052107334,-0.008208918,-0.0051943283,0.0012247262,10,0.0,141671,1529410,0.6885323,0.7121682,0.7050534,0.70141417,0.7406396,0.70395935,0.6998591,0.7026389,11781,151549.95420861244,0.6885323,0.67094123,0.6674694,0.66051596,13.015271510413013,0.0,0.0
87783,916190,0.0,0.00798769,0.003960067,0.002201198,10,0.0,141784,1530540,0.69646883,0.7020018,0.69666827,0.7000292,0.69646883,0.70998955,0.70062834,0.70223033,11792,151561.3962199688,0.69646883,0.6787394,0.6674971,0.6615962,10.12907476135369,0.0,0.0
87842,916780,-0.06489813,-0.025853295,0.0041465396,0.0015577917,10,0.0,141879,1531490,0.77066743,0.72761077,0.6974801,0.7003954,0.7057693,0.70175755,0.7016267,0.70195323,11801,151570.97092080116,0.6398892,0.68095684,0.66951734,0.66249585,12.020143314201082,0.0,0.0
87907,917430,-0.02090162,-0.006905681,-0.0024772214,0.0014269967,10,0.0,141984,1532540,0.6703952,0.6874372,0.700725,0.7004435,0.6494936,0.6805315,0.6982479,0.7018705,11811,151581.23783946037,0.6494936,0.67439353,0.67323285,0.6646046,13.376728539385615,0.0,0.0
87971,918070,-0.08873367,-0.010373687,-0.0069262413,0.0005791236,10,0.0,142089,1533590,0.77779377,0.7183134,0.70941305,0.70144457,0.6890601,0.70793974,0.70248675,0.70202374,11821,151591.4696879387,0.6890601,0.66748023,0.66966486,0.66598076,15.056893629715573,0.0,0.0
88041,918770,0.22564423,-0.026463639,-0.0077358065,-0.00049609586,10,0.0,142203,1534730,0.4467587,0.73677903,0.71465564,0.7027356,0.6724029,0.71031547,0.7069197,0.7022395,11832,151602.74939918518,0.4467587,0.6938554,0.66709894,0.6662521,14.3055880521185,0.0,0.0
88102,919380,0.3185524,-0.010726375,0.0021935916,-5.2008927e-05,10,0.0,142308,1535780,0.41249928,0.7065095,0.69693506,0.7022151,0.7310517,0.6957831,0.6991285,0.7021631,11842,151613.0263147354,0.41249928,0.6292831,0.6479328,0.6649096,13.4065301115244,0.0,0.0
88165,920010,0.007246554,0.0069088815,-0.00032494427,-0.00073815515,10,0.0,142412,1536820,0.69418,0.6702478,0.6941972,0.7020285,0.70142657,0.67715675,0.69387215,0.7012903,11852,151623.2992053032,0.69418,0.6617688,0.64588475,0.664751,12.43858707417831,0.0,0.0
88227,920630,-0.018788695,0.001002258,-0.00814229,-0.0011118385,10,0.0,142504,1537740,0.75503236,0.68666047,0.7083149,0.70210916,0.73624367,0.6876627,0.70017266,0.70099723,11861,151632.7144408226,0.6868696,0.6335083,0.67366046,0.6643797,13.445471249806058,0.0,0.0
88310,921460,-0.100681245,0.018377047,-0.0010125786,-0.0006604193,10,0.0,142640,1539100,0.7562599,0.693835,0.69820875,0.7014132,0.6555787,0.712212,0.69719607,0.7007528,11874,151643.68109107018,0.45558047,0.67707646,0.6657263,0.66419154,28.864226162416603,0.0,0.0
88371,922070,-0.0056714416,-0.008742464,-0.0038231295,-0.0010038295,10,0.0,142734,1540040,0.69577235,0.7095827,0.7062072,0.70183223,0.6901009,0.7014074,0.7023817,0.70075464,11884,151654.02233314514,0.6901009,0.68736047,0.67564166,0.6644679,13.93773202947115,0.0,0.0
88431,922670,0.03000164,-0.0042259633,0.0015797638,-0.0012468664,10,0.0,142829,1540990,0.7195055,0.7077313,0.6994236,0.7018118,0.7495071,0.7035054,0.70100325,0.70056486,11893,151663.37544298172,0.68551725,0.6855868,0.67485535,0.6653702,11.313635260162382,0.0,0.0
88493,923290,0.2368345,-0.0017206908,0.0066831233,-0.0007224484,10,0.0,142933,1542030,0.4646723,0.7023057,0.69989884,0.7018607,0.7015068,0.700585,0.706582,0.7011383,11903,151673.66172409058,0.4646723,0.67079985,0.6696413,0.6664602,11.291732837688933,0.0,0.0
88557,923930,0.29709375,-0.007279545,0.0068497374,-0.000595483,10,0.0,143039,1543090,0.3859225,0.71044606,0.697854,0.70166284,0.68301624,0.7031666,0.7047037,0.7010673,11913,151683.900649786,0.3859225,0.66919065,0.6526525,0.66515416,13.218774720374158,0.0,0.0
88622,924580,-0.06962335,-0.021233547,0.0034509313,-0.0003742199,10,0.0,143140,1544100,0.7792929,0.7313982,0.70446366,0.7020765,0.70966953,0.7101647,0.70791453,0.70170224,11923,151694.34651494026,0.6642082,0.6368634,0.65919,0.66533804,10.824770151608062,0.0,0.0
88687,925230,-0.00016373396,0.05902984,0.0037729435,0.00077829283,10,0.0,143243,1545130,0.70829725,0.6382206,0.70254403,0.70127904,0.7081335,0.6972505,0.7063169,0.70205736,11933,151704.6591246128,0.7081335,0.56883806,0.6311405,0.66099215,10.785411075922351,0.0,0.0
88751,925870,-0.010377228,0.020101076,0.019277476,0.0022231387,10,0.0,143345,1546150,0.7076632,0.6800285,0.68765277,0.7003734,0.69728595,0.7001296,0.70693016,0.70259655,11943,151714.92587471008,0.69728595,0.619916,0.6193982,0.6593779,10.939223637442922,0.0,0.0
88815,926510,0.050575078,0.021118637,0.02139889,0.0031268494,10,0.0,143448,1547180,0.71815574,0.6765956,0.68243563,0.6992937,0.7687308,0.6977142,0.7042596,0.70247656,11953,151725.16981697083,0.43967673,0.6470779,0.62694055,0.6575464,11.723887520331532,0.0,0.0
88882,927180,-0.02673465,0.040776975,0.026455652,0.004737014,10,0.0,143563,1548330,0.67264885,0.65609175,0.6726877,0.6979281,0.6459142,0.69947374,0.6999708,0.7027478,11964,151736.50950670242,0.6459142,0.59568375,0.59809625,0.65249556,10.317479332713608,0.0,0.0
88949,927850,0.18245912,0.022494927,0.03459778,0.007813981,10,0.0,143664,1549340,0.4715789,0.68876225,0.67055625,0.69545114,0.654038,0.70469743,0.70403177,0.7032555,11974,151746.817810297,0.4715789,0.53833044,0.57859766,0.64643604,11.95646838250742,0.0,0.0
89011,928470,0.16309473,0.07912262,0.07792181,0.013364297,10,0.0,143766,1550360,0.49312267,0.62237763,0.62232894,0.6892034,0.6562174,0.7015003,0.70025086,0.70266765,11984,151757.29716706276,0.36707637,0.4464684,0.52891237,0.63726354,12.514572422912957,0.0,0.0
89073,929090,0.02984631,0.1071413,0.08061912,0.018161906,10,0.0,143869,1551390,0.66273814,0.6245185,0.6260028,0.6849154,0.69258446,0.7316599,0.706622,0.7031333,11994,151767.7236828804,0.44591567,0.5918279,0.5206116,0.62887627,12.698187415173688,0.0,0.0
89139,929750,0.26114085,0.042881463,0.06615309,0.021980543,10,0.0,143974,1552440,0.46309206,0.6489876,0.64246404,0.6816066,0.7242329,0.6918691,0.70861727,0.7036432,12004,151777.9329097271,0.35482812,0.51708466,0.55122787,0.6234902,13.807817278602068,0.0,0.0
89200,930360,0.35518998,0.11464423,0.06948567,0.027681591,10,0.0,144079,1553490,0.3810022,0.5810239,0.63402563,0.6760638,0.73619217,0.6956681,0.7035112,0.7037399,12014,151788.22896385193,0.3810022,0.5176597,0.5395561,0.614941,13.435087509125044,0.0,0.0
89264,931000,0.38004887,0.10331973,0.10031397,0.034968946,10,0.0,144182,1554520,0.3094697,0.5816203,0.6021102,0.6690349,0.6895186,0.68494,0.70242417,0.70405984,12024,151798.52844429016,0.3094697,0.48218304,0.50003093,0.6033464,11.17046481105865,0.0,0.0
89330,931660,0.24832836,0.14224896,0.10472333,0.04188994,10,0.0,144286,1555560,0.44981018,0.57474375,0.596396,0.6622882,0.69813854,0.71699274,0.70111936,0.70424134,12034,151808.85002064705,0.44981018,0.4829901,0.50969666,0.594136,11.362726726723473,0.0,0.0
89395,932310,0.29192033,0.15013176,0.117910616,0.049463917,10,0.0,144386,1556560,0.42855772,0.5458745,0.58311546,0.6546408,0.72047806,0.69600624,0.7010261,0.70416075,12044,151819.25269436836,0.31423482,0.45123926,0.5105639,0.5829089,13.010112038909638,0.0,0.0
89457,932930,0.25132844,0.12949684,0.120160006,0.057062928,10,0.0,144489,1557590,0.41505542,0.57163006,0.57559603,0.6463951,0.66638386,0.70112693,0.695756,0.7036042,12053,151828.59189677238,0.34537598,0.39935678,0.49488378,0.5716588,10.545717677857459,0.0,0.0
89520,933560,0.37975007,0.05275287,0.101865195,0.062643304,10,0.0,144590,1558600,0.3820498,0.63649714,0.5935288,0.64024514,0.7617999,0.68925,0.695394,0.7030099,12064,151839.86458802223,0.37496436,0.5020347,0.49871427,0.561976,10.049272367055055,0.0,0.0
89583,934190,0.2728764,0.15858474,0.11388183,0.069856204,10,0.0,144680,1559500,0.44379005,0.54024553,0.5886546,0.6330261,0.71666646,0.6988303,0.70253634,0.7029926,12073,151849.12866449356,0.35236967,0.5221825,0.50524926,0.553766,12.077335415759636,0.0,0.0
89643,934790,0.24641839,0.15673211,0.10722621,0.07573403,10,0.0,144786,1560560,0.4171771,0.5371438,0.5981412,0.62726855,0.6635955,0.69387585,0.70536727,0.70309407,12083,151859.3440964222,0.4171771,0.47726852,0.5239177,0.5458893,11.34781675875841,0.0,0.0
89711,935470,0.39892516,0.0676838,0.1007033,0.08142743,10,0.0,144906,1561760,0.3298796,0.61931574,0.603834,0.6216149,0.72880477,0.68699956,0.7045373,0.70309836,12093,151869.70649385452,0.3298796,0.57497346,0.54152465,0.5410342,7.262593686988277,0.0,0.0
89776,936120,0.33386952,0.13847706,0.11082246,0.08769265,10,0.0,145008,1562780,0.32077676,0.5515735,0.59306914,0.6148894,0.6546463,0.69005054,0.7038916,0.70264083,12103,151879.9928135872,0.32077676,0.48418626,0.5447789,0.5345309,10.68857027671554,0.0,0.0
89843,936790,0.0,0.120161995,0.11495935,0.09337179,10,0.0,145111,1563810,0.7588288,0.5923534,0.59161234,0.60977185,0.7588288,0.7125154,0.70657164,0.7031437,12114,151891.38788700104,0.7588288,0.5359577,0.52837545,0.52783555,13.155777709191188,0.0,0.0
89903,937390,0.2476218,0.12245828,0.09421172,0.09859983,10,0.0,145202,1564720,0.44017813,0.58687675,0.61052126,0.6042952,0.68779993,0.709335,0.7047329,0.702895,12123,151900.59533262253,0.36852258,0.5514547,0.5467177,0.5248053,10.61194128788358,0.0,0.0
89968,938040,0.26388186,0.093187705,0.10727065,0.10111557,10,0.0,145307,1565770,0.42699265,0.6197321,0.5957721,0.6021194,0.6908745,0.71291983,0.70304275,0.7032349,12133,151910.87913918495,0.42699265,0.49745637,0.5260179,0.52060604,12.63360941120623,0.0,0.0
90029,938650,0.24513173,0.06565771,0.10086888,0.10192577,10,0.0,145422,1566920,0.4123323,0.6377884,0.60695326,0.601971,0.657464,0.7034461,0.7078221,0.70389676,12144,151922.1457722187,0.40083444,0.57240003,0.5178242,0.52169836,11.78845832250086,0.0,0.0
90094,939300,0.25570637,0.092602156,0.10838757,0.10467629,10,0.0,145523,1567930,0.41933393,0.61239016,0.59611017,0.5989402,0.6750403,0.7049923,0.70449793,0.70361644,12154,151932.552175045,0.3868057,0.5773276,0.5309544,0.521408,9.74514143255278,0.0,0.0
90158,939940,0.38360742,0.1390674,0.10562981,0.10702469,10,0.0,145614,1568840,0.34808215,0.5581085,0.6009014,0.5965984,0.7316896,0.69717586,0.7065312,0.7036231,12163,151941.8426835537,0.34808215,0.49044618,0.52364063,0.51948804,12.171754985298607,0.0,0.0
90226,940620,0.0,0.13413408,0.11406432,0.10863831,10,0.0,145726,1569960,0.7034758,0.5533143,0.58758616,0.5946087,0.7034758,0.6874484,0.7016504,0.703247,12174,151953.3388106823,0.7034758,0.49468398,0.5302167,0.51968133,13.758131601390803,0.0,0.0
90289,941250,0.39394233,0.06558685,0.10580921,0.10850938,10,0.0,145827,1570970,0.35651413,0.64310193,0.59749836,0.5950486,0.75045645,0.70868886,0.7033076,0.70355797,12184,151963.61784672737,0.35651413,0.6177705,0.5386377,0.5229371,11.915988426930795,0.0,0.0
90353,941890,0.3001379,0.13141373,0.11625054,0.108838946,10,0.0,145921,1571910,0.37907335,0.5864302,0.59273154,0.59496814,0.67921126,0.71784395,0.70898217,0.7038071,12193,151972.86036014557,0.37907335,0.5478193,0.5318322,0.5225856,13.133117386342109,0.0,0.0
90416,942520,0.25754517,0.13235784,0.11779006,0.10824214,10,0.0,146035,1573050,0.4338851,0.576024,0.5896106,0.59621006,0.6914303,0.7083819,0.7074007,0.70445216,12204,151984.22338581085,0.4157297,0.5140674,0.5209426,0.5230645,10.60991725167915,0.0,0.0
90479,943150,0.32233077,0.028354367,0.11525364,0.108237185,10,0.0,146127,1573970,0.3729086,0.6706008,0.58615816,0.59638673,0.69523937,0.6989552,0.70141184,0.7046239,12213,151993.52168416977,0.3729086,0.5371586,0.5159816,0.5242368,10.633690586595423,0.0,0.0
90546,943820,0.28530487,0.1353288,0.076859005,0.10696164,10,0.0,146231,1575010,0.410601,0.58477914,0.6276132,0.59785694,0.69590586,0.7201079,0.7044722,0.70481855,12223,152003.78468346596,0.33677843,0.5667743,0.5180459,0.5249282,12.798515797118254,0.0,0.0
90609,944450,0.32008913,0.040748917,0.063400894,0.10253302,10,0.0,146333,1576030,0.41591927,0.6805114,0.6467276,0.6025179,0.7360084,0.7212603,0.71012855,0.70505095,12233,152014.1687016487,0.41591927,0.63922703,0.56260157,0.5287057,13.787791227077076,0.0,0.0
90673,945090,-0.11039019,0.02648828,0.04901241,0.09926669,10,0.0,146434,1577040,0.7805307,0.6857008,0.66109776,0.60622764,0.6701405,0.712189,0.71011025,0.7054944,12243,152024.56898093224,0.6701405,0.5607609,0.5732481,0.531291,12.413737584202488,0.0,0.0
90735,945710,0.33833486,0.020572383,0.040787525,0.09476132,10,0.0,146536,1578060,0.33867764,0.68445134,0.6657124,0.61050624,0.6770125,0.70502365,0.7065,0.70526755,12253,152034.8532140255,0.33867764,0.5904748,0.58554274,0.5339705,11.136286155790502,0.0,0.0
90801,946370,-0.020466506,0.00088063476,0.016589494,0.08799871,10,0.0,146651,1579210,0.663803,0.7030938,0.67957747,0.6166875,0.6433365,0.7039745,0.69616705,0.7046863,12264,152046.1534023285,0.6374657,0.68935585,0.6289466,0.54184353,10.4598092133417,0.0,0.0
90863,946990,-0.0067476034,0.0064861355,-0.000547033,0.08241297,10,0.0,146742,1580120,0.777689,0.7033686,0.7002175,0.6216835,0.7709414,0.7098547,0.6996705,0.70409644,12273,152055.5618839264,0.6733504,0.68687266,0.68079656,0.55049694,13.012481335081855,0.0,0.0
90925,947610,-0.0028159618,-0.000606668,-0.0011124009,0.075535685,10,0.0,146848,1581180,0.7040065,0.7217253,0.70848924,0.62913007,0.70119053,0.72111857,0.70737684,0.7046658,12283,152065.7871143818,0.69114494,0.70714855,0.68247324,0.5597614,11.336232502952775,0.0,0.0
90988,948240,0.026438951,0.0070711253,-0.001572851,0.06860292,10,0.0,146949,1582190,0.6769741,0.70251435,0.7131203,0.635883,0.70341307,0.7095855,0.7115475,0.70448595,12293,152076.06649971008,0.6769741,0.68986714,0.68633914,0.5703307,10.636732462202268,0.0,0.0
91054,948900,0.035749435,0.008451921,-0.00017694235,0.062364332,10,0.0,147050,1583200,0.69753385,0.69795084,0.71234465,0.64266944,0.7332833,0.70640284,0.7121677,0.7050338,12303,152086.5048186779,0.69753385,0.672336,0.68641424,0.580347,12.572273342297748,0.0,0.0
91118,949540,-0.036200404,0.009197205,0.0022927923,0.05522805,10,0.0,147156,1584260,0.7733509,0.71925443,0.7033078,0.6498539,0.7371505,0.72845167,0.70560056,0.7050819,12313,152096.7924580574,0.73702407,0.6836045,0.6793927,0.58957356,14.041457125774082,0.0,0.0
91186,950220,-0.05465758,0.0102816345,0.0053886445,0.048772268,10,0.0,147271,1585410,0.7229891,0.7075976,0.7007343,0.6562134,0.6683315,0.7178792,0.70612305,0.7049857,12324,152108.1122634411,0.6683315,0.6939015,0.68363744,0.599697,12.692569453796072,0.0,0.0
91248,950840,0.03166443,0.013422823,0.0033992166,0.041727368,10,0.0,147362,1586320,0.689379,0.67713886,0.7008182,0.6636344,0.7210434,0.69056165,0.7042173,0.70536184,12333,152117.44339871407,0.689379,0.66304463,0.6817834,0.6086929,13.12823800139724,0.0,0.0
91313,951490,0.050115407,-0.007765144,0.0001566583,0.034848634,10,0.0,147473,1587430,0.65280795,0.7068759,0.7059918,0.6703307,0.70292336,0.69911075,0.7061486,0.70517933,12344,152128.80122470856,0.6310084,0.6575486,0.6790114,0.61719465,10.72041377695692,0.0,0.0
91376,952120,-0.12611628,0.005633044,0.003253252,0.027878603,10,0.0,147563,1588330,0.7924623,0.7033352,0.7029779,0.67724395,0.666346,0.7089683,0.7062312,0.70512253,12353,152138.04118967056,0.6585076,0.690524,0.67636293,0.62725973,13.341034990801269,0.0,0.0
91437,952730,-0.05329311,0.013930815,-0.000412156,0.019136982,10,0.0,147663,1589330,0.79238486,0.68305373,0.70381254,0.68618274,0.73909175,0.6969845,0.7034005,0.70531976,12363,152148.50829219818,0.6711326,0.6726277,0.67869323,0.6375393,10.472410294976479,0.0,0.0
91506,953420,-0.016362727,0.004308903,0.0035973054,0.014202183,10,0.0,147776,1590460,0.7050732,0.71156794,0.69620436,0.6909211,0.68871045,0.7158769,0.6998017,0.70512336,12374,152159.91874718666,0.68863827,0.7014394,0.67701143,0.6485501,13.256568384269759,0.0,0.0
91568,954040,0.09835708,0.0054041385,0.0047057266,0.009558231,10,0.0,147878,1591480,0.666767,0.69368166,0.6966158,0.6951483,0.7651241,0.6990858,0.70132166,0.7047066,12384,152170.31325125694,0.6553076,0.678053,0.68157387,0.6579262,10.426210697600654,0.0,0.0
91629,954650,-0.099829614,-0.005435562,0.001972469,0.0063124304,10,0.0,147969,1592390,0.7614764,0.7077538,0.7037914,0.6983233,0.6616468,0.7023182,0.70576394,0.70463574,12393,152179.65771913528,0.6453506,0.6749733,0.6808747,0.6653175,11.050745963503038,0.0,0.0
91694,955300,0.028816998,-0.0016436458,0.0031710481,0.0034758847,10,0.0,148073,1593430,0.6681655,0.6993497,0.7012823,0.7010268,0.6969825,0.6977061,0.7044533,0.7045027,12403,152189.97899341583,0.6668027,0.6870259,0.6797771,0.6714181,11.214602632379671,0.0,0.0
91759,955950,-0.108132124,0.015203523,0.0011420781,0.0015712467,10,0.0,148186,1594560,0.77547175,0.6980104,0.7015228,0.703194,0.6673396,0.713214,0.70266485,0.70476526,12414,152201.24094605446,0.6642388,0.6915309,0.6791983,0.6773336,11.375303007537966,0.0,0.0
91824,956600,0.021078885,-0.007961976,-0.0019096023,0.0014399443,10,0.0,148289,1595590,0.70215905,0.71293837,0.6995193,0.7032343,0.72323793,0.7033714,0.6975226,0.7046762,12424,152211.66799783707,0.68555593,0.688046,0.67769694,0.6798734,10.668861671216842,0.0,0.0
91890,957260,0.012314916,0.0006329954,0.0028871566,0.0017261578,10,0.0,148388,1596580,0.71248883,0.7140187,0.6979476,0.70298463,0.72480375,0.7146517,0.70083475,0.7047108,12434,152222.03439879417,0.67293715,0.69660294,0.6788415,0.6800452,13.921785417571844,0.0,0.0
91952,957880,-0.012722135,-0.0049985526,0.000120849014,0.0016551104,10,0.0,148480,1597500,0.688481,0.69503564,0.70882386,0.70304346,0.67575884,0.69003713,0.7089446,0.70469856,12443,152231.2712574005,0.67575884,0.67843086,0.6858326,0.6803994,13.784084709779615,0.0,0.0
92013,958490,0.050837517,-0.010721344,-0.0007338244,0.0017555571,10,0.0,148582,1598520,0.6672071,0.7058669,0.69853044,0.7018787,0.71804464,0.69514555,0.6977966,0.7036343,12453,152241.64062166214,0.48152578,0.6747363,0.6589503,0.67782617,11.013898458901233,0.0,0.0
92083,959190,0.0,0.042927064,0.0049978597,0.002227403,10,0.0,148693,1599630,0.69730407,0.6602801,0.70026994,0.7014514,0.69730407,0.7032072,0.7052678,0.70367885,12464,152253.02333569527,0.69730407,0.56809616,0.65145963,0.67515004,12.859927702642624,0.0,0.0
92143,959790,0.019006252,0.041981086,0.015778987,0.0033611476,10,0.0,148797,1600670,0.6923613,0.6580392,0.68626094,0.7001852,0.71136755,0.7000204,0.7020398,0.7035464,12474,152263.302806139,0.6714747,0.55352896,0.60949624,0.6703791,10.577546661152148,0.0,0.0
92213,960490,0.3131133,0.014869916,0.038977433,0.0058613443,10,0.0,148899,1601690,0.44399008,0.68928885,0.660865,0.6972764,0.7571034,0.7041588,0.6998425,0.7031378,12484,152273.6605644226,0.44399008,0.55505896,0.57687753,0.66265035,12.244087488961707,0.0,0.0
92268,961040,0.38641793,0.026456377,0.03326783,0.007527862,10,0.0,148991,1602610,0.36426538,0.67146856,0.6698772,0.6956386,0.7506833,0.697925,0.7031449,0.7031665,12493,152283.0241508484,0.36426538,0.60748774,0.5966143,0.6585845,10.514601552057293,0.0,0.0
92334,961700,0.0194484,0.09924639,0.033180665,0.009954614,10,0.0,149096,1603660,0.66377306,0.59304106,0.67282045,0.6929959,0.68322146,0.6922875,0.7060012,0.7029505,12503,152293.2869925499,0.5363876,0.5167988,0.6053714,0.6534118,11.554906622514732,0.0,0.0
92398,962340,0.012036622,-0.0021317124,0.023143744,0.010846196,10,0.0,149198,1604680,0.7193888,0.7116436,0.68135285,0.6920406,0.7314254,0.7095119,0.7044966,0.7028868,12513,152303.60957860947,0.70760167,0.63930255,0.616898,0.6510762,13.444764422744045,0.0,0.0
92464,963000,0.11875343,0.04347991,0.0137854405,0.0118151205,10,0.0,149311,1605810,0.6250005,0.6593818,0.6917622,0.691651,0.7437539,0.7028618,0.7055477,0.7034661,12524,152314.95975136757,0.6250005,0.56820214,0.63575274,0.6480621,11.49870381661308,0.0,0.0
92528,963640,0.24414596,-0.008791107,0.0076728235,0.011626154,10,0.0,149413,1606830,0.46081004,0.7024342,0.70023626,0.69224715,0.704956,0.6936431,0.707909,0.7038733,12534,152325.22036409378,0.46081004,0.64728326,0.655916,0.64725626,10.076662612909782,0.0,0.0
92593,964290,-0.00074905157,0.019542223,0.0054628914,0.012021414,10,0.0,149514,1607840,0.7017385,0.6848109,0.6948965,0.6912631,0.7009894,0.70435303,0.7003595,0.7032845,12544,152335.4921321869,0.39168516,0.58377725,0.6181915,0.6420922,15.970683696766342,0.0,0.0
92658,964940,0.059601784,0.02644979,0.010462859,0.012823311,10,0.0,149615,1608850,0.70216167,0.6711413,0.6916561,0.69032156,0.76176345,0.6975911,0.70211905,0.7031449,12554,152345.88498306274,0.4536142,0.6108428,0.62029666,0.63812315,12.74178937167542,0.0,0.0
92722,965580,-0.00716871,0.002249247,0.018732874,0.013617823,10,0.0,149718,1609880,0.7005687,0.68007535,0.6855415,0.68966687,0.69339997,0.6823246,0.7042743,0.7032847,12564,152356.19920492172,0.69339997,0.5574702,0.62804246,0.63503844,12.374896182618278,0.0,0.0
92782,966180,-0.01616466,0.0009476721,0.017999418,0.015148086,10,0.0,149813,1610830,0.70444345,0.7118038,0.68296075,0.68817,0.6882788,0.7127515,0.70096016,0.7033181,12573,152365.46006464958,0.66690767,0.68112236,0.6078703,0.630127,11.61937208411328,0.0,0.0
92847,966830,-0.03631878,0.016563501,0.031572275,0.017096234,10,0.0,149916,1611860,0.7212722,0.6946766,0.66656464,0.6865877,0.6849534,0.7112401,0.6981369,0.703684,12583,152375.81917500496,0.5288909,0.6113538,0.59854347,0.6253695,13.826447476988083,0.0,0.0
92912,967480,0.24122134,0.06310342,0.031343855,0.018388003,10,0.0,150019,1612890,0.46300647,0.6418086,0.6729167,0.68445325,0.7042278,0.70491207,0.7042606,0.70284116,12593,152386.09667801857,0.46300647,0.51581323,0.6013229,0.6204822,13.674619802048632,0.0,0.0
92977,968130,0.03966129,-0.013699341,0.021725373,0.019995663,10,0.0,150120,1613900,0.70223194,0.71758884,0.68427795,0.6833601,0.74189323,0.7038895,0.70600337,0.7033558,12602,152395.36391210556,0.70223194,0.56644416,0.5922727,0.6150007,14.547916545269391,0.0,0.0
93040,968760,0.0,0.059307337,0.031120868,0.02224048,10,0.0,150231,1615010,0.7091407,0.6340884,0.6701681,0.68081546,0.7091407,0.69339573,0.701289,0.7030559,12614,152407.83421683311,0.7091407,0.59736884,0.58917874,0.6115896,9.724645994288053,0.0,0.0
93107,969430,0.33077103,0.024490837,0.043086678,0.024353854,10,0.0,150330,1616000,0.3765216,0.6798359,0.65573853,0.67846847,0.7072926,0.70432675,0.6988251,0.7028223,12624,152418.20129084587,0.35037428,0.5606772,0.5763825,0.6069019,15.367319736524893,0.0,0.0
93171,970070,0.3228931,-0.0021544755,0.039280307,0.024291614,10,0.0,150431,1617010,0.40709475,0.7157942,0.66326654,0.67842644,0.72998786,0.71363974,0.70254683,0.702718,12634,152428.49370121956,0.40709475,0.68493134,0.5766195,0.6066559,14.465127395289759,0.0,0.0
93236,970720,0.36496004,0.0022616684,0.010520932,0.022066537,10,0.0,150533,1618030,0.36997703,0.6933202,0.69602257,0.68111265,0.7349371,0.695582,0.7065433,0.70317924,12644,152438.84280705452,0.36997703,0.62555164,0.6149757,0.60974324,13.828922839939677,0.0,0.0
93297,971330,0.035217464,-0.007078773,0.012327023,0.021400247,10,0.0,150638,1619080,0.68804675,0.7359215,0.6915661,0.68157595,0.7232642,0.72921276,0.7037681,0.7029894,12654,152449.03603339195,0.6812914,0.7112378,0.63794047,0.61197865,15.087619839681377,0.0,0.0
93358,971940,-0.030550838,0.02362225,0.0063139074,0.02083487,10,0.0,150733,1620030,0.7183449,0.6793854,0.69964325,0.6821122,0.6877941,0.7030076,0.7059572,0.70294714,12662,152457.17439055443,0.3506772,0.5883537,0.6389358,0.61365503,13.320909008334334,0.0,0.0
93426,972620,-0.051119447,-0.0053232433,0.026104586,0.02197771,10,0.0,150845,1621150,0.73636574,0.70294374,0.6755077,0.68078244,0.6852463,0.6976205,0.7016124,0.70276016,12674,152469.67956328392,0.6852463,0.55426854,0.59911174,0.6106332,14.717532630447224,0.0,0.0
93489,973250,-0.00097459555,0.03314967,0.024863515,0.022869129,10,0.0,150947,1622170,0.7344405,0.6698312,0.67127556,0.67881995,0.7334659,0.7029808,0.69613916,0.70168906,12684,152480.10511350632,0.71389705,0.58590496,0.5864791,0.60773146,13.793554332108535,0.0,0.0
93552,973880,-0.0076660514,0.028852608,0.03891634,0.02514123,10,0.0,151052,1623220,0.726318,0.6722515,0.65984404,0.6766983,0.71865195,0.7011041,0.69876045,0.7018395,12694,152490.32911157608,0.383367,0.60367763,0.5814908,0.6029924,13.292025616193166,0.0,0.0
93615,974510,-0.09897035,0.008924762,0.034402665,0.02684499,10,0.0,151146,1624160,0.76329505,0.7113267,0.6693887,0.67524254,0.6643247,0.72025144,0.7037914,0.7020875,12703,152499.6269118786,0.45267293,0.6521851,0.57397485,0.60076046,14.07340051659125,0.0,0.0
93679,975150,-0.012075067,0.019415999,0.022260591,0.027183635,10,0.0,151249,1625190,0.7383028,0.704991,0.68639827,0.67513406,0.72622776,0.72440696,0.7086588,0.70231766,12713,152509.92254543304,0.4757425,0.6154808,0.59044534,0.6003452,15.249530258343368,0.0,0.0
93745,975810,0.010022581,0.0026017905,0.030375402,0.02903416,10,0.0,151356,1626260,0.6631882,0.7045115,0.67867327,0.67341566,0.6732108,0.7071134,0.7090487,0.70244986,12724,152521.2751865387,0.4032338,0.61386037,0.58917505,0.59647655,14.196795155161688,0.0,0.0
93807,976430,0.02828437,0.040456884,0.04064435,0.029920623,10,0.0,151450,1627200,0.6848964,0.6685175,0.6661736,0.6732261,0.7131808,0.70897436,0.70681787,0.70314676,12732,152529.51247358322,0.3273215,0.6393362,0.5844961,0.5964763,14.052027596798354,0.0,0.0
93871,977070,-0.042566776,0.010120672,0.027974548,0.028761476,10,0.0,151551,1628210,0.73884803,0.68281555,0.6780557,0.6745447,0.69628125,0.69293624,0.70603025,0.70330614,12742,152539.86942195892,0.45920846,0.5050198,0.57352006,0.59328866,13.227445749012114,0.0,0.0
93938,977740,0.010133684,0.028636415,0.04349363,0.030606898,10,0.0,151654,1629240,0.71725273,0.6573929,0.6572304,0.67211145,0.7273864,0.6860294,0.700724,0.7027184,12753,152551.1623904705,0.35093296,0.59136945,0.58236706,0.5924121,14.117111701544019,0.0,0.0
94003,978390,-0.0149027705,0.053560454,0.03471829,0.030974865,10,0.0,151767,1630370,0.71184325,0.64464,0.66743577,0.6718407,0.6969405,0.69820046,0.702154,0.70281553,12764,152562.44311070442,0.4424919,0.5829413,0.6080059,0.5935983,14.001567634620956,0.0,0.0
94064,979000,0.01676637,0.043158133,0.042356998,0.030867549,10,0.0,151868,1631380,0.7358132,0.65608656,0.6595318,0.6723044,0.75257957,0.6992448,0.70188874,0.70317185,12774,152572.69230937958,0.28911033,0.5624925,0.59333223,0.59323233,13.364146599861398,0.0,0.0
94132,979680,0.04705268,0.05674023,0.03465165,0.029829722,10,0.0,151970,1632400,0.6829808,0.64452195,0.66826266,0.6734754,0.73003346,0.70126224,0.7029142,0.7033051,12784,152582.94615530968,0.60826665,0.5462614,0.5850962,0.5939904,14.061817222365452,0.0,0.0
94194,980300,-0.022635281,0.06639193,0.023547124,0.030595029,10,0.0,152071,1633410,0.71774775,0.63877255,0.6799656,0.67237383,0.69511247,0.70516443,0.7035127,0.7029689,12794,152593.19348359108,0.44697085,0.62775743,0.6164555,0.5967124,12.83833320681625,0.0,0.0
94257,980930,0.3474604,-0.0068726777,0.0363714,0.031404756,10,0.0,152172,1634420,0.30231935,0.71163565,0.66663015,0.6714262,0.64977974,0.7047629,0.70300156,0.70283085,12804,152603.61556744576,0.30231935,0.6329242,0.6066616,0.5944603,13.485801226495203,0.0,0.0
94323,981590,-0.08615816,0.0046506226,0.0144384615,0.031765968,10,0.0,152273,1635430,0.78612155,0.70963395,0.6914364,0.67138296,0.6999634,0.71428454,0.70587486,0.7031489,12814,152613.94550085068,0.68528986,0.607833,0.6238971,0.5948132,14.09302469359805,0.0,0.0
94383,982190,0.06788057,0.060871612,0.014606369,0.03166824,10,0.0,152362,1636320,0.6578087,0.63228744,0.69051874,0.67130613,0.7256893,0.693159,0.7051251,0.7029744,12823,152623.24735450745,0.33526266,0.59962934,0.6321804,0.594048,14.710048226803105,0.0,0.0
94446,982820,-0.0042291284,0.059438713,0.017910365,0.031144435,10,0.0,152467,1637370,0.74787384,0.64840174,0.6833538,0.6721881,0.7436447,0.70784044,0.7012642,0.70333254,12832,152632.52769494057,0.6849641,0.63394415,0.6475197,0.59717625,11.112543573300776,0.0,0.0
94511,983470,-0.049062073,0.068294324,0.021328477,0.030019186,10,0.0,152570,1638400,0.709582,0.6224672,0.6793824,0.67343163,0.6605199,0.6907616,0.7007108,0.7034508,12842,152642.81107068062,0.51908386,0.59342873,0.624552,0.59887254,13.994704819548458,0.0,0.0
94575,984110,0.009795904,0.025459845,0.033827107,0.02929851,10,0.0,152674,1639440,0.67781395,0.6828235,0.66984206,0.67441356,0.68760985,0.7185172,0.7035836,0.7040293,12853,152654.0416815281,0.67781395,0.5738236,0.61744493,0.6017046,16.69945000123425,0.0,0.0
94641,984770,0.046248734,0.0068775774,0.030533824,0.029394614,10,0.0,152784,1640540,0.6978974,0.6747135,0.6750474,0.67453563,0.7441461,0.68159115,0.7055811,0.70393026,12864,152665.43459677696,0.6978974,0.5973239,0.61653405,0.6046678,13.11099399388698,0.0,0.0
94709,985450,-0.02538085,0.04869525,0.025047876,0.029289147,10,0.0,152880,1641500,0.79250395,0.65822476,0.6769306,0.6741366,0.7671231,0.70691997,0.70197845,0.7034257,12874,152675.90249109268,0.71412873,0.5388356,0.61748147,0.6064136,12.412929345542146,0.0,0.0
94770,986060,-0.0659433,0.029179025,0.040930785,0.02972414,10,0.0,152980,1642500,0.7477269,0.68202215,0.6641688,0.67368,0.6817836,0.7112011,0.7050996,0.7034042,12884,152686.27472805977,0.6671589,0.6046392,0.5984054,0.6073772,14.6743520084807,0.0,0.0
94832,986680,0.023893356,-0.0034514845,0.01585033,0.028247554,10,0.0,153074,1643440,0.71080375,0.7191914,0.6880212,0.6749535,0.7346971,0.71573985,0.70387155,0.7032011,12893,152695.55693244934,0.4994306,0.6959851,0.6267609,0.61074007,14.424449768104399,0.0,0.0
94894,987300,-0.019668043,0.009563679,0.0068280236,0.02637928,10,0.0,153175,1644450,0.66780573,0.68545026,0.7012766,0.67732334,0.6481377,0.695014,0.7081046,0.7037027,12903,152705.86218070984,0.36326504,0.6427348,0.6536012,0.61493975,10.54887125952794,0.0,0.0
94960,987960,0.30752328,0.116931394,0.014697743,0.02573718,10,0.0,153278,1645480,0.42134842,0.56630385,0.6882777,0.67783755,0.7288717,0.67984015,0.7026449,0.70355344,12913,152716.16036200523,0.38518223,0.4787075,0.61989456,0.6153468,13.406097318527392,0.0,0.0
95025,988610,0.0,0.0077183307,0.029260969,0.024794692,10,0.0,153385,1646550,0.7077837,0.70620364,0.67415315,0.6789511,0.7077837,0.713922,0.7034141,0.7037458,12924,152727.57485055923,0.7077837,0.6009661,0.59877324,0.61412525,12.577608022696829,0.0,0.0
95088,989240,-0.022182822,0.009881288,0.024544276,0.022942616,10,0.0,153488,1647580,0.69494945,0.6838299,0.6775997,0.68094033,0.6727666,0.69371116,0.702144,0.70388293,12934,152738.00420498848,0.44103315,0.5603796,0.5879257,0.615556,9.990265318308847,0.0,0.0
95153,989890,-0.03041333,0.0068936227,0.023871398,0.02357765,10,0.0,153580,1648500,0.72848976,0.70115125,0.6767897,0.6805979,0.6980764,0.7080449,0.7013934,0.7041827,12943,152747.36253476143,0.6980575,0.62467796,0.57681197,0.61452913,13.904561419793502,0.0,0.0
95213,990490,-0.05897069,-0.0044255676,0.023126762,0.022112949,10,0.0,153682,1649520,0.7235422,0.7096965,0.6838539,0.68189865,0.6645715,0.70527095,0.70563143,0.70397186,12953,152757.6342151165,0.41019052,0.60699,0.5939437,0.6140471,12.051946618975757,0.0,0.0
95277,991130,-0.10097563,0.063722245,0.033873983,0.02246378,10,0.0,153783,1650530,0.75042266,0.62929106,0.67394155,0.6819388,0.649447,0.6930133,0.70781565,0.7044004,12963,152768.04210042953,0.3844261,0.5469631,0.5938175,0.61465114,11.010585041285388,0.0,0.0
95346,991820,0.3890316,0.014013017,0.031646714,0.024067804,10,0.0,153894,1651640,0.37132335,0.6807496,0.6690611,0.67966163,0.76035494,0.6947626,0.7007078,0.7037187,12974,152779.43822979927,0.37132335,0.57734334,0.5881946,0.61057734,10.233723849045703,0.0,0.0
95408,992440,-0.0850718,0.010045702,0.043773465,0.025895527,10,0.0,153997,1652670,0.7752569,0.7108701,0.65760475,0.678073,0.69018507,0.72091573,0.70137835,0.7039619,12984,152789.75882577896,0.69018507,0.62833476,0.5647927,0.60602516,11.146845995452288,0.0,0.0
95473,993090,0.008026838,0.041135073,0.0468288,0.028140945,10,0.0,154097,1653670,0.71014833,0.66289616,0.6568302,0.6759188,0.7181752,0.7040312,0.70365906,0.7039929,12994,152800.15671491623,0.44711477,0.5348757,0.5590342,0.5999516,13.705720236659785,0.0,0.0
95536,993720,-0.0059151053,0.0055273296,0.03148104,0.028103434,10,0.0,154197,1654670,0.6857911,0.69073075,0.6712967,0.6760566,0.67987597,0.69625807,0.70277756,0.7040525,13004,152810.5530307293,0.4460315,0.5422022,0.54817224,0.59565413,10.744173488662568,0.0,0.0
95599,994350,0.2560867,0.04630472,0.03251012,0.028500907,10,0.0,154299,1655690,0.43868405,0.66348064,0.67483765,0.67554235,0.69477075,0.70978534,0.7073478,0.7041013,13014,152820.9642739296,0.43868405,0.5856419,0.5541408,0.5919857,11.505687413624447,0.0,0.0
95665,995010,-0.03974694,0.048465498,0.055816248,0.030768696,10,0.0,154398,1656680,0.74436605,0.6624796,0.65015036,0.67361414,0.7046191,0.71094507,0.70596665,0.70437515,13024,152831.25065803528,0.70383275,0.60185325,0.5680097,0.5890825,13.754111751764475,0.0,0.0
95725,995610,0.34277853,0.079619795,0.054869782,0.030496037,10,0.0,154488,1657580,0.38284865,0.62141997,0.6475632,0.67402256,0.7256272,0.7010398,0.70243293,0.7045084,13033,152840.61296200752,0.38284865,0.5147877,0.5567242,0.5841137,10.432180321866891,0.0,0.0
95793,996290,-0.090902805,0.05922054,0.057390038,0.03347776,10,0.0,154600,1658700,0.7790397,0.63394207,0.64602745,0.6705482,0.6881369,0.6931626,0.70552063,0.7044431,13044,152851.9256322384,0.38114032,0.5732708,0.5679624,0.58389944,11.048958564930187,0.0,0.0
95859,996950,0.24800357,-0.0127325775,0.066273645,0.03678944,10,0.0,154702,1659720,0.43160746,0.7238265,0.6354519,0.6670681,0.679611,0.7110939,0.7017255,0.7041929,13054,152862.20803570747,0.38450122,0.5529817,0.5684021,0.5805933,12.20221864127641,0.0,0.0
95921,997570,0.04183066,0.031266265,0.046783112,0.039807457,10,0.0,154802,1660720,0.63952756,0.6715393,0.6553505,0.66399646,0.6813582,0.7028056,0.70213354,0.7040763,13064,152872.64954710007,0.4425582,0.60470843,0.5594866,0.574718,11.511346115106216,0.0,0.0
95986,998220,0.0,0.027622616,0.03788946,0.04040441,10,0.0,154907,1661770,0.7143238,0.6841076,0.6677505,0.6630897,0.7143238,0.7117301,0.70563996,0.703943,13073,152881.98599410057,0.7143238,0.5510954,0.57866955,0.5717022,12.475235745235722,0.0,0.0
96047,998830,0.2887451,0.06377443,0.03157258,0.040619366,10,0.0,154996,1662660,0.36479247,0.635641,0.67383075,0.66309243,0.6535376,0.6994153,0.70540327,0.7040935,13083,152892.2040951252,0.36479247,0.5581249,0.57856864,0.5727002,13.152601135043026,0.0,0.0
96110,999460,0.3202261,0.056132544,0.041761123,0.0416214,10,0.0,155108,1663780,0.35831842,0.6370532,0.6580082,0.6618796,0.6785445,0.6931857,0.69976944,0.70404565,13093,152902.5238761902,0.35831842,0.5587791,0.58030283,0.57032704,10.537660612933852,0.0,0.0
96176,1000120,-0.024507761,-0.011159593,0.025190994,0.04169965,10,0.0,155197,1664670,0.7290349,0.7296224,0.6784191,0.66232497,0.70452714,0.7209136,0.7067351,0.7044971,13103,152912.73687767982,0.6841901,0.6576079,0.60500944,0.5742591,13.711396993322309,0.0,0.0
96239,1000750,-0.027596831,-0.0067405044,0.025553668,0.041020874,10,0.0,155300,1665700,0.7739566,0.6989147,0.68246734,0.6629035,0.74635977,0.6921742,0.70625365,0.70427054,13113,152922.99653697014,0.4437124,0.59648263,0.6252606,0.57556283,12.96474981144673,0.0,0.0
96303,1001390,-0.056036115,-0.02535661,0.010446432,0.040303055,10,0.0,155413,1666830,0.71455956,0.73556554,0.69570524,0.6639258,0.65852344,0.710209,0.7061516,0.704363,13123,152933.39261126518,0.37322548,0.67735016,0.63311595,0.57722205,10.458343452638907,0.0,0.0
96369,1002050,-0.11796099,0.0018609881,0.013086837,0.038439423,10,0.0,155515,1667850,0.7764551,0.70649594,0.69272965,0.6657589,0.6584941,0.708357,0.7058165,0.70460206,13133,152943.65100741386,0.40797284,0.69045025,0.64392453,0.5811879,10.92533540745109,0.0,0.0
96433,1002690,-0.024196625,-0.008173669,0.008056026,0.035619292,10,0.0,155616,1668860,0.73280734,0.7148222,0.6946501,0.6685291,0.7086107,0.7066485,0.7027061,0.7045529,13144,152954.91791272163,0.7077496,0.6725533,0.65040946,0.5864449,10.081005124019342,0.0,0.0
96498,1003340,0.0,0.008187318,0.005608667,0.033093017,10,0.0,155716,1669860,0.7015118,0.7034135,0.70335025,0.67154336,0.7015118,0.7116008,0.708959,0.7051409,13153,152964.236007452,0.7015118,0.59922534,0.6266815,0.59064513,12.53023738806804,0.0,0.0
96558,1003940,-0.0121587515,-0.008266514,0.0034417447,0.03179055,10,0.0,155819,1670890,0.7179082,0.6921513,0.7030032,0.67285484,0.70574945,0.6838848,0.706445,0.70502174,13163,152974.55468273163,0.41174817,0.6763257,0.638889,0.5970178,10.99199351325456,0.0,0.0
96625,1004610,-0.04515201,-0.030614948,-0.0033063698,0.029282246,10,0.0,155917,1671870,0.71693206,0.72153,0.7062449,0.67471,0.67178005,0.690915,0.70293856,0.7043717,13174,152985.8417930603,0.67178005,0.667416,0.6503273,0.60262686,10.141018607686354,0.0,0.0
96689,1005250,0.01847148,-0.015107793,-0.0005340198,0.024964374,10,0.0,156017,1672870,0.68126464,0.71377933,0.7042002,0.6793795,0.6997361,0.6986715,0.7036662,0.70467556,13183,152995.22276568413,0.4444346,0.64203006,0.65177596,0.608109,11.44816736149513,0.0,0.0
96754,1005900,-0.00026726723,0.009777462,0.011873789,0.02314772,10,0.0,156122,1673920,0.7184698,0.6897873,0.68959045,0.6812516,0.71820253,0.7039272,0.7014669,0.7043847,13193,153005.61523389816,0.6842401,0.55714494,0.631775,0.6113225,10.234645301542674,0.0,0.0
96817,1006530,0.04805535,0.01308387,0.007699399,0.01846205,10,0.0,156222,1674920,0.69864357,0.6832632,0.6992614,0.6859835,0.7466989,0.69634706,0.70696086,0.70444155,13204,153016.89326238632,0.54967165,0.64982444,0.64810705,0.6178679,10.741232150782242,0.0,0.0
96878,1007140,-0.07502103,0.035355944,0.0052922135,0.015001324,10,0.0,156324,1675940,0.7660024,0.67876744,0.7021556,0.6903632,0.6909814,0.71412337,0.7074478,0.70525414,13214,153027.2245299816,0.36691764,0.6616248,0.66085327,0.62293494,10.215374363655583,0.0,0.0
96941,1007770,-0.08300418,0.0031837344,0.0009925398,0.012355128,10,0.0,156414,1676840,0.7253307,0.69991314,0.7039436,0.6924547,0.64232653,0.70309687,0.7049361,0.7047815,13223,153036.48882508278,0.4609871,0.67865074,0.65990376,0.6302319,10.321488352131649,0.0,0.0
97005,1008410,0.032622755,0.0056310953,0.0025379283,0.010939617,10,0.0,156516,1677860,0.72702175,0.6890287,0.6923125,0.6926704,0.7596445,0.69465977,0.69485044,0.7036172,13233,153046.79304862022,0.5279084,0.67545915,0.65308833,0.6338869,10.37571003155036,0.0,0.0
97069,1009050,0.041148484,-0.0049426677,0.003610497,0.0082086,10,0.0,156616,1678860,0.7029224,0.70205957,0.6927462,0.69545597,0.7440709,0.69711685,0.69635683,0.7036636,13243,153057.1132156849,0.50751865,0.68070555,0.6636328,0.6402222,10.549614177211115,0.0,0.0
97139,1009750,-0.00010061264,-0.03027987,0.0064945165,0.007075466,10,0.0,156728,1679980,0.7343183,0.72076863,0.6907604,0.696133,0.7342177,0.6904887,0.69725496,0.7032459,13254,153068.8130056858,0.47061455,0.6017175,0.651093,0.6439973,12.58560154304975,0.0,0.0
97199,1010350,-0.044144154,-0.012321877,-0.0067606806,0.004143442,10,0.0,156821,1680910,0.7093212,0.7128858,0.70977247,0.6991275,0.66517705,0.70056385,0.70301175,0.7032709,13263,153078.04764580727,0.64934605,0.66240597,0.65613806,0.64751095,15.42723994166469,0.0,0.0
97263,1010990,-0.1343072,0.022099365,-0.00014923007,0.003963941,10,0.0,156930,1682000,0.7781183,0.6875998,0.70138913,0.6988876,0.6438111,0.70969903,0.7012398,0.70285153,13274,153089.47024011612,0.6389571,0.6747564,0.66338205,0.64896315,10.680560064883393,0.0,0.0
97329,1011650,-0.040388882,-0.024733812,-0.0022602826,0.0023617754,10,0.0,157032,1683020,0.69940174,0.71969914,0.7039575,0.70005876,0.65901285,0.69496536,0.7016972,0.70242053,13284,153099.76249074936,0.6588558,0.68762404,0.6798305,0.652408,13.655600376364566,0.0,0.0
97389,1012250,-0.02636379,0.03311332,0.001639142,0.0022669567,10,0.0,157122,1683920,0.76868266,0.6574138,0.6973355,0.6998679,0.74231887,0.6905271,0.69897467,0.7021349,13293,153109.03151607513,0.7089137,0.60197884,0.6594898,0.65340054,13.874636495323687,0.0,0.0
97453,1012890,0.52328813,0.03350524,0.007565658,0.0024584632,10,0.0,157221,1684910,0.3024371,0.6690915,0.6965991,0.70008266,0.8257252,0.7025967,0.7041648,0.7025411,13303,153119.40857052803,0.3024371,0.57458967,0.6534044,0.6549552,10.834808782327057,0.0,0.0
97521,1013570,-0.13410825,-0.013218379,0.009899747,0.0018597227,10,0.0,157327,1685970,0.78317446,0.70066345,0.6965075,0.7003968,0.6490662,0.68744504,0.70640725,0.70225644,13314,153130.98163175583,0.64903563,0.6693685,0.6549206,0.6560553,13.521773345209967,0.0,0.0
97585,1014210,-0.01497215,-0.013454139,-0.0045335186,0.0018503745,10,0.0,157428,1686980,0.74193424,0.711031,0.7117261,0.7006421,0.7269621,0.6928279,0.7068622,0.7024423,13324,153141.28588199615,0.6868626,0.6027576,0.65839684,0.65636474,13.851831155972732,0.0,0.0
97650,1014860,-0.085819244,0.054961216,0.008468904,0.0024242292,10,0.0,157529,1687990,0.73454845,0.64161545,0.6959262,0.6999777,0.6487292,0.69657665,0.704395,0.702402,13334,153151.87542915344,0.64120895,0.6249658,0.65254354,0.657419,12.094675354747105,0.0,0.0
97715,1015510,0.0014768243,0.047831576,0.006651618,0.0025845643,10,0.0,157630,1689000,0.7294461,0.6491533,0.69858795,0.7002912,0.73092294,0.6969848,0.70523953,0.70287573,13344,153162.15078425407,0.32535,0.6389617,0.66515756,0.6584716,14.032634718919331,0.0,0.0
97773,1016090,0.022467792,0.032994486,0.0034702076,0.002132299,10,0.0,157723,1689930,0.6379149,0.6590759,0.70070165,0.70047975,0.6603827,0.69207036,0.70417196,0.70261204,13353,153171.33965420723,0.6379149,0.6001134,0.6534082,0.6589047,11.419479446699073,0.0,0.0
97838,1016740,-0.041324377,-0.012623447,0.0061959745,0.0019452053,10,0.0,157821,1690910,0.7392304,0.74454033,0.6989292,0.700963,0.697906,0.7319169,0.7051251,0.7029082,13363,153181.67462301254,0.697906,0.70442307,0.6582023,0.65993655,10.830030422072037,0.0,0.0
97904,1017400,-0.061151624,0.0031863214,-0.0012430936,0.0020751369,10,0.0,157922,1691920,0.7218265,0.70683724,0.710752,0.70099986,0.66067487,0.7100235,0.7095089,0.70307493,13373,153191.9787657261,0.65516305,0.6937143,0.67108434,0.66049623,12.585824359756847,0.0,0.0
97971,1018070,0.0009763241,-0.017831558,0.00811356,0.002974885,10,0.0,158033,1693030,0.76924956,0.717112,0.6983619,0.700412,0.7702259,0.69928044,0.70647544,0.70338684,13384,153203.38663315773,0.6921994,0.64342517,0.6649731,0.66088206,12.137233981907746,0.0,0.0
98033,1018690,-0.01418674,0.006689352,0.01752341,0.0043420824,10,0.0,158137,1694070,0.75278604,0.720039,0.688991,0.699963,0.7385993,0.7267283,0.7066583,0.70426255,13394,153213.63847589493,0.7271722,0.7015484,0.6542334,0.660696,13.84032641532159,0.0,0.0
98098,1019340,0.33381483,-0.010787082,0.017920192,0.0042685773,10,0.0,158237,1695070,0.3210179,0.70497954,0.68957657,0.7004832,0.6548327,0.6941924,0.7074967,0.7047543,13404,153223.9111726284,0.3210179,0.6737698,0.63701814,0.65872645,12.995427143354206,0.0,0.0
98162,1019980,-0.10752964,0.014231932,0.011306535,0.005377132,10,0.0,158340,1696100,0.78824186,0.7076837,0.6954194,0.6997938,0.6807122,0.7219156,0.7067259,0.7052131,13414,153234.17653298378,0.6807122,0.6724462,0.63373125,0.65741545,12.735417349215115,0.0,0.0
98222,1020580,-0.008939922,0.011137051,0.019242318,0.0069761234,10,0.0,158428,1696980,0.6649928,0.6859418,0.68321836,0.69788635,0.6560529,0.6970789,0.7020533,0.70489466,13423,153243.52857589722,0.53481823,0.6554339,0.6370972,0.6559447,13.951116091549144,0.0,0.0
98289,1021250,-0.064875185,0.036219157,0.028920684,0.008975285,10,0.0,158538,1698080,0.80185175,0.6596307,0.6669026,0.69561183,0.73697656,0.6958499,0.6958234,0.704583,13434,153254.8912642002,0.70832145,0.59664273,0.6089487,0.6528573,10.589246054377922,0.0,0.0
98350,1021860,0.30227542,0.034638323,0.027401257,0.010685236,10,0.0,158626,1698960,0.4214391,0.6640539,0.67511016,0.69387513,0.72371453,0.69869226,0.70251137,0.70460826,13443,153264.29967808723,0.4214391,0.5846955,0.5989461,0.6483479,11.114687363113624,0.0,0.0
98417,1022530,0.3104592,-0.015102166,0.020889606,0.0115062855,10,0.0,158737,1700070,0.37176484,0.7272423,0.68573684,0.6936127,0.68222404,0.71214014,0.7066264,0.7051359,13454,153275.65058875084,0.37176484,0.638961,0.5907499,0.64399135,10.899969750488307,0.0,0.0
98480,1023160,0.036099255,0.02951089,0.01806856,0.0122984415,10,0.0,158837,1701070,0.7178251,0.68388116,0.6913398,0.6928422,0.75392437,0.7133921,0.70940816,0.7051409,13464,153285.95694875717,0.6778278,0.6452619,0.61507004,0.6415821,9.484897063309699,0.0,0.0
98542,1023780,-0.057940662,0.07963167,0.036433134,0.015133805,10,0.0,158935,1702050,0.70353144,0.61192405,0.6662613,0.68929005,0.6455908,0.6915558,0.7026945,0.7045431,13474,153296.247351408,0.35417098,0.5139621,0.5857629,0.63639337,9.774756435338986,0.0,0.0
98605,1024410,0.32951143,0.056542426,0.040429045,0.01870429,10,0.0,159023,1702930,0.39427975,0.6454956,0.6639055,0.68620217,0.7237912,0.70203805,0.70433444,0.7048624,13483,153305.5481312275,0.39427975,0.5461427,0.59410834,0.6320049,10.721490736449635,0.0,0.0
98676,1025120,0.2882683,0.06776573,0.07251739,0.022818908,10,0.0,159133,1704030,0.43546018,0.6228658,0.63745207,0.6822466,0.7237285,0.6906315,0.70996946,0.70516443,13494,153316.91292262077,0.43546018,0.48807782,0.5605135,0.6254004,13.84006610016921,0.0,0.0
98730,1025660,-0.07898241,0.047396038,0.057868186,0.025954135,10,0.0,159223,1704930,0.78899825,0.6301518,0.6420794,0.6787153,0.71001583,0.71150786,0.70387435,0.70501035,13503,153326.39480423927,0.5434908,0.51707417,0.5375883,0.6167692,10.755637774118744,0.0,0.0
98795,1026310,0.3659975,0.11416318,0.073959686,0.031299584,10,0.0,159325,1705950,0.32122046,0.580286,0.6228794,0.6731853,0.68721795,0.6944492,0.6987466,0.70482606,13513,153336.6983540058,0.32122046,0.48101807,0.520175,0.60945547,11.125728597522384,0.0,0.0
98865,1027010,-0.05715704,0.06573819,0.08218061,0.036452994,10,0.0,159431,1707010,0.75724477,0.63293666,0.625317,0.66795534,0.7000877,0.69867486,0.70544416,0.7047322,13524,153348.05143141747,0.38299775,0.5630417,0.5282325,0.60151833,9.986835190827826,0.0,0.0
98929,1027650,0.21982592,0.08140174,0.090293944,0.04207184,10,0.0,159531,1708010,0.45806795,0.63550895,0.62096465,0.66265786,0.6778939,0.71691066,0.7108985,0.7050406,13534,153358.37462043762,0.4307356,0.5559279,0.5199146,0.591755,10.686007771125055,0.0,0.0
98994,1028300,0.37004805,0.116056204,0.1141449,0.04963764,10,0.0,159631,1709010,0.33580106,0.62053365,0.591054,0.6547372,0.7058491,0.6993777,0.7014984,0.7043527,13544,153368.80187225342,0.33580106,0.53692853,0.51268953,0.58247095,10.940476280528538,0.0,0.0
99058,1028940,0.03779435,0.14556752,0.10334067,0.05367936,10,0.0,159731,1710010,0.6371736,0.56807417,0.60250115,0.65026516,0.67496794,0.71364164,0.7058419,0.7042947,13554,153379.19536232948,0.46125606,0.5151398,0.52452195,0.5751566,10.353350994135996,0.0,0.0
99121,1029570,0.22570458,0.05383136,0.112765506,0.060308464,10,0.0,159832,1711020,0.46226457,0.6587509,0.5964199,0.6439492,0.68796915,0.71258223,0.70918536,0.70460826,13564,153389.71972680092,0.427831,0.55065644,0.5288481,0.5679676,11.68127741691479,0.0,0.0
99182,1030180,0.37819183,0.08450707,0.091136195,0.06554867,10,0.0,159921,1711910,0.33932793,0.6160823,0.6101044,0.638084,0.71751976,0.70058936,0.70124054,0.704016,13573,153399.0426261425,0.30939552,0.45626703,0.52296126,0.5605421,11.332734584653227,0.0,0.0
99247,1030830,0.17863035,0.12841663,0.1289329,0.07336474,10,0.0,160020,1712900,0.52289516,0.5758668,0.5718362,0.631034,0.7015255,0.7042834,0.70076907,0.70454955,13583,153409.37411165237,0.44759145,0.48917812,0.49186856,0.55099493,13.28911132261748,0.0,0.0
99310,1031460,0.27567425,0.11708252,0.10936608,0.07716793,10,0.0,160121,1713910,0.47648028,0.6063246,0.5994611,0.62763083,0.7521545,0.72340715,0.7088272,0.70515186,13593,153419.701192379,0.47648028,0.48334283,0.5144957,0.54567456,13.142417572087703,0.0,0.0
99376,1032120,0.21278101,0.07518699,0.1121002,0.08256978,10,0.0,160231,1715010,0.4264363,0.6095742,0.5966129,0.6225643,0.6392173,0.6847612,0.7087132,0.7054742,13604,153431.0262067318,0.3292287,0.51411736,0.5236675,0.53995544,11.043847003513816,0.0,0.0
99440,1032760,0.40079254,0.0922699,0.10874488,0.08865558,10,0.0,160318,1715880,0.36317188,0.60415924,0.5896216,0.6154719,0.7639644,0.6964292,0.69836646,0.70449257,13613,153440.39144706726,0.36317188,0.53796506,0.49811488,0.5342517,13.542629391510543,0.0,0.0
99508,1033440,0.0,0.15939775,0.09025242,0.091374174,10,0.0,160429,1716990,0.6713051,0.54312503,0.612359,0.6126914,0.6713051,0.70252275,0.7026113,0.7044183,13624,153451.86191749573,0.6713051,0.44312066,0.4916988,0.5252576,12.971241125441118,0.0,0.0
99565,1034010,-0.12122363,0.08969803,0.09870186,0.09540872,10,0.0,160522,1717920,0.7923166,0.63858473,0.60927516,0.60947067,0.671093,0.7282827,0.707977,0.7051687,13633,153461.19718527794,0.39465767,0.5707338,0.5047613,0.52259034,11.231290238188386,0.0,0.0
99628,1034640,0.36527956,0.05301995,0.085236825,0.09604342,10,0.0,160623,1718930,0.39056927,0.64728653,0.62034774,0.6078747,0.7558488,0.70030653,0.70558465,0.70432854,13643,153471.4872841835,0.3731929,0.5514716,0.5448458,0.5201487,10.570202706874545,0.0,0.0
99695,1035310,-0.019100249,0.057147335,0.0492006,0.09424608,10,0.0,160722,1719920,0.76620233,0.6473721,0.65354925,0.6097835,0.7471021,0.70451945,0.70274997,0.70428497,13653,153481.76805353165,0.3209233,0.5503626,0.56076777,0.52056235,13.327389295202519,0.0,0.0
99761,1035970,-0.03992641,0.021000024,0.03177704,0.09224138,10,0.0,160834,1721040,0.7409735,0.70604396,0.67985666,0.61289674,0.70104706,0.727044,0.71163374,0.70512056,13664,153493.05975985527,0.5096094,0.5918549,0.5911764,0.5253509,11.334072850053301,0.0,0.0
99822,1036580,0.14885116,0.019228572,0.037161987,0.08944511,10,0.0,160922,1721920,0.5569352,0.69191825,0.67150176,0.61601365,0.70578635,0.7111468,0.70866674,0.70550823,13673,153502.37157344818,0.53940845,0.658785,0.5975942,0.5289569,13.87509088948302,0.0,0.0
99890,1037260,0.0046016574,0.015581787,0.03126918,0.08570897,10,0.0,161030,1723000,0.73178506,0.6653593,0.6717613,0.61893415,0.7363867,0.6809411,0.7030304,0.7046687,13684,153513.77387666702,0.5231535,0.5191686,0.58405423,0.53315467,10.226901775704262,0.0,0.0
99950,1037860,0.016022503,-0.016678154,0.02829024,0.08057454,10,0.0,161131,1724010,0.69105256,0.73842156,0.6785038,0.62504554,0.70707506,0.72174346,0.706794,0.7054001,13693,153523.1878387928,0.43663615,0.64425796,0.60412765,0.53958887,11.843344855803467,0.0,0.0
100018,1038540,-0.02269882,0.066089764,0.038853273,0.07642729,10,0.0,161234,1725040,0.6944872,0.64039874,0.66908944,0.6290911,0.6717884,0.7126069,0.70815575,0.70550925,13703,153533.45141363144,0.5865895,0.5710278,0.583252,0.5430723,10.85036480866559,0.0,0.0
100076,1039120,-0.001210928,0.041539766,0.05042903,0.07188382,10,0.0,161322,1725920,0.7040612,0.64390385,0.6532942,0.6333265,0.7028503,0.6854437,0.7037232,0.70491713,13713,153543.71322250366,0.35754842,0.5908211,0.5854895,0.54672545,10.54079348277356,0.0,0.0
100145,1039810,0.0113630295,0.03674135,0.03039269,0.06781416,10,0.0,161422,1726920,0.69654536,0.6702922,0.6739542,0.6376787,0.7079084,0.70703346,0.70434684,0.7052357,13723,153553.9928123951,0.5296826,0.60247797,0.5993386,0.55152047,13.761390711832954,0.0,0.0
100209,1040450,-0.01314193,0.03251966,0.020532379,0.061426423,10,0.0,161522,1727920,0.7133724,0.6659224,0.68037766,0.64421976,0.7002305,0.69844204,0.70091003,0.705517,13733,153564.3126323223,0.7002305,0.5647357,0.6073623,0.55693567,12.551167586939114,0.0,0.0
100272,1041080,0.056762815,0.029804567,0.024582596,0.055895332,10,0.0,161632,1729020,0.71600926,0.673124,0.67914003,0.64899695,0.7727721,0.69728225,0.70320946,0.7048356,13744,153575.71092391014,0.6859635,0.6158771,0.61945003,0.5655238,10.172776721794722,0.0,0.0
100333,1041690,-0.057893217,0.02141275,0.015904322,0.049936716,10,0.0,161719,1729890,0.73633885,0.69733226,0.6967134,0.65552485,0.67844564,0.71874505,0.7126178,0.7054603,13753,153585.19348025322,0.66767275,0.6576675,0.6506356,0.57408535,11.913318004876892,0.0,0.0
100402,1042380,0.011630654,0.019789886,0.010195137,0.043776076,10,0.0,161829,1730990,0.6892577,0.684899,0.694642,0.66159177,0.70088834,0.7035497,0.70472074,0.7053563,13764,153596.5526280403,0.67479813,0.6598362,0.6555772,0.58241,11.979916100965607,0.0,0.0
100464,1043000,0.08049595,0.044189315,0.011955176,0.03865769,10,0.0,161928,1731980,0.6670274,0.644229,0.69439834,0.667382,0.74752337,0.69014823,0.70606333,0.705912,13774,153606.85366082191,0.6503773,0.624522,0.6596515,0.5930969,11.036181263374875,0.0,0.0
100527,1043630,0.103803694,0.034575272,0.014600459,0.03348194,10,0.0,162015,1732850,0.61158645,0.6548002,0.6915632,0.6727459,0.71539015,0.68937546,0.7061636,0.7059404,13783,153616.14352154732,0.61158645,0.6246246,0.6590051,0.6026392,11.062398588841976,0.0,0.0
100591,1044270,0.05884415,0.039229088,0.024449049,0.029160121,10,0.0,162116,1733860,0.640842,0.66687083,0.6801343,0.6764541,0.69968617,0.70609987,0.7045833,0.7056142,13793,153626.62712311745,0.4449158,0.64414495,0.63474846,0.6098871,11.329235764188542,0.0,0.0
100655,1044910,0.023958027,0.026811188,0.02694366,0.027096651,10,0.0,162215,1734850,0.70286036,0.66723454,0.6756146,0.6788428,0.7268184,0.69404566,0.7025583,0.7059513,13803,153636.97367739677,0.661144,0.64178747,0.6260391,0.6155784,14.447822477584074,0.0,0.0
100719,1045550,0.037421823,0.03380403,0.024076648,0.025878849,10,0.0,162315,1735850,0.68606055,0.6510189,0.6788391,0.67990524,0.7234824,0.6848229,0.7029157,0.7057223,13813,153647.41338276863,0.68606055,0.62770754,0.6381121,0.6197179,12.084555795109884,0.0,0.0
100788,1046240,0.101813614,0.050795026,0.020105619,0.02564341,10,0.0,162424,1736940,0.5814298,0.6577764,0.68110305,0.6798707,0.6832434,0.70857143,0.7011503,0.70510036,13824,153658.90620183945,0.5814298,0.5970593,0.6249465,0.6204162,12.737389789629649,0.0,0.0
100848,1046840,0.014958918,0.022788357,0.028644556,0.025020406,10,0.0,162517,1737870,0.7457533,0.6625525,0.6687797,0.6792835,0.7607122,0.683845,0.6970903,0.7042894,13833,153668.2994172573,0.4827804,0.5546006,0.5926247,0.6203794,13.616901915091102,0.0,0.0
101213,1050490,4.7445297e-05,-0.0058292407,-0.0058292407,-0.0058292407,10,0.0,163081,1743510,0.6745499,0.720394,0.720394,0.720394,0.6745973,0.71456474,0.71456474,0.71456474,13890,153727.48994374275,0.6259314,0.6046394,0.6046394,0.6046394,0.45673746520759967,0.0,0.0
101311,1051470,-0.01676315,0.018498044,0.034566663,0.032837067,10,0.0,163108,1743780,0.6946484,0.69243884,0.67193407,0.6739162,0.67788523,0.7109369,0.70650065,0.70675343,13890,153727.48994374275,0.67788523,0.53945845,0.5869,0.5884697,22.13671943240372,0.0,0.0
101411,1052470,-0.010829389,0.0068838536,0.036931172,0.035371397,10,0.0,163131,1744010,0.7291865,0.7138623,0.6675047,0.6703699,0.7183571,0.7207462,0.7044359,0.7057413,13890,153727.48994374275,0.7047504,0.67431074,0.5832056,0.5860604,22.82782136374645,0.0,0.0
101496,1053320,0.28274006,0.00065968034,0.0331979,0.03548554,10,0.0,163152,1744220,0.36621052,0.6977035,0.6687338,0.66834927,0.6489506,0.6983631,0.70193183,0.70383483,13890,153727.48994374275,0.36621052,0.6455402,0.579521,0.5804733,24.22898602630682,0.0,0.0
101598,1054340,-0.012574673,-0.010572022,0.02956594,0.034440044,10,0.0,163178,1744480,0.6602349,0.7213281,0.6810837,0.6711976,0.64766026,0.71075606,0.7106497,0.70563763,13890,153727.48994374275,0.57410777,0.6152786,0.6100865,0.5869908,12.069488047929143,0.0,0.0
101665,1055010,0.008417249,0.033316024,0.031251032,0.034164324,10,0.0,163195,1744650,0.6672449,0.67172176,0.67560035,0.6709571,0.67566216,0.70503783,0.70685136,0.7051214,13890,153727.48994374275,0.6672449,0.64131594,0.594039,0.58693635,12.987029393641956,0.0,0.0
101734,1055700,0.19137457,0.020828456,0.041886844,0.03538113,10,0.0,163214,1744840,0.47913018,0.6776627,0.6619579,0.66930455,0.67050475,0.69849104,0.7038448,0.7046856,13890,153727.48994374275,0.46877283,0.611903,0.58021146,0.5839011,22.27971821439461,0.0,0.0
101802,1056380,0.1059289,0.062328875,0.045827147,0.035249043,10,0.0,163231,1745010,0.6677281,0.6519918,0.6552856,0.66930497,0.773657,0.7143207,0.70111275,0.704554,13890,153727.48994374275,0.6677281,0.6270887,0.5850798,0.58634955,19.604278414795342,0.0,0.0
101880,1057160,0.013053715,0.0011402011,0.028423076,0.03416929,10,0.0,163253,1745230,0.6803563,0.7085772,0.67750216,0.67044216,0.69341004,0.7097174,0.7059253,0.7046114,13890,153727.48994374275,0.67553735,0.57873785,0.59395117,0.58546627,17.66620784467668,0.0,0.0
101965,1058010,0.010244489,0.041321486,0.029155113,0.034131072,10,0.0,163273,1745430,0.6885984,0.6673751,0.67496496,0.67027915,0.6988429,0.70869654,0.70412016,0.7044103,13890,153727.48994374275,0.5157119,0.631394,0.5933056,0.5860577,16.9656775322998,0.0,0.0
102031,1058670,0.04402423,0.07215606,0.04323092,0.035100818,10,0.0,163291,1745610,0.67998546,0.60662425,0.65557694,0.66884184,0.7240097,0.6787804,0.69880795,0.7039427,13890,153727.48994374275,0.57697463,0.47135943,0.5582758,0.5825683,16.58544841128931,0.0,0.0
102117,1059530,0.29932457,0.040454626,0.03803251,0.03460055,10,0.0,163313,1745830,0.482646,0.66603667,0.66017807,0.66915953,0.78197056,0.7064913,0.6982106,0.7037601,13890,153727.48994374275,0.42528352,0.62605196,0.583756,0.5840337,16.54525809954758,0.0,0.0
102149,1059850,0.15879828,0.028434282,0.036764108,0.03521757,10,0.0,163322,1745920,0.4853158,0.6751722,0.6658252,0.6685263,0.6441141,0.7036066,0.7025893,0.70374393,13890,153727.48994374275,0.4853158,0.5889609,0.5911943,0.5838168,9.66173256815992,0.0,0.0
102188,1060240,0.052406132,0.023700362,0.040338766,0.0354733,10,0.0,163332,1746020,0.6787023,0.66125095,0.6616428,0.66818225,0.7311084,0.6849514,0.7019816,0.70365554,13890,153727.48994374275,0.64465517,0.53955257,0.59408903,0.58391625,22.22482217191885,0.0,0.0
102242,1060780,0.2688333,0.018707752,0.026506584,0.0347749,10,0.0,163346,1746160,0.44008717,0.67391765,0.6722952,0.6683663,0.7089205,0.6926254,0.6988019,0.7031412,13890,153727.48994374275,0.44008717,0.6045578,0.6013697,0.5857367,15.894222031569383,0.0,0.0
102295,1061310,0.067397356,0.04219139,0.026830185,0.034483008,10,0.0,163360,1746300,0.62131506,0.6512619,0.67262673,0.6687176,0.6887124,0.69345343,0.699457,0.70320064,13891,153727.48994374275,0.3368545,0.5328451,0.5941296,0.58470273,9.945571269293934,0.0,0.0
102335,1061710,0.09050542,-0.00033043028,0.033523753,0.0346157,10,0.0,163615,1748850,0.68111634,0.70486987,0.67201287,0.6685637,0.77162176,0.7045394,0.70553666,0.7031794,13898,153773.42179441452,0.33654588,0.6238755,0.58054703,0.58413184,0.29565124382931796,0.0,0.0
102353,1061890,-0.01744932,0.11143817,0.05069619,0.036387037,10,0.0,163681,1749510,0.7154015,0.5776833,0.6548685,0.6667254,0.69795215,0.68912154,0.7055648,0.7031125,13901,153787.4534521103,0.5135137,0.5144749,0.5678848,0.5826892,2.091274160281405,0.0,0.0
102372,1062080,0.27665326,0.033086747,0.054906815,0.037050754,10,0.0,163742,1750120,0.3773416,0.68463993,0.65081114,0.6662256,0.65399486,0.7177267,0.70571786,0.7032764,13904,153801.0312142372,0.37627748,0.5564135,0.5566923,0.58123094,2.8752884334584183,0.0,0.0
102389,1062250,0.35933393,0.03831442,0.058154732,0.037150778,10,0.0,163808,1750780,0.39883822,0.67647827,0.64940584,0.6661547,0.75817215,0.71479267,0.7075605,0.7033054,13907,153813.87413764,0.39883822,0.5211953,0.5461679,0.5803275,2.4907080283466447,0.0,0.0
102406,1062420,-0.06164229,0.04620732,0.06385171,0.037180934,10,0.0,163849,1751190,0.7321684,0.6610749,0.64727724,0.66650283,0.6705261,0.7072822,0.7111288,0.70368373,13909,153822.73046946526,0.52523744,0.6149434,0.5597017,0.5819717,12.842794945682344,0.0,0.0
102417,1062530,-0.01655668,0.1034541,0.073272735,0.038262915,10,0.0,163898,1751680,0.7006677,0.6027552,0.6357722,0.66524315,0.684111,0.70620936,0.7090449,0.7035061,13911,153834.03913354874,0.68370026,0.5489855,0.55055696,0.58041805,1.8411020246879417,0.0,0.0
102427,1062630,0.44463643,0.025366645,0.07183726,0.03822993,10,0.0,163955,1752250,0.34788486,0.693857,0.63707745,0.6655624,0.7925213,0.7192237,0.7089147,0.70379233,13913,153846.61286902428,0.34788486,0.52064985,0.5385729,0.5805942,1.7625012222946717,0.0,0.0
102442,1062780,0.071771204,0.083967015,0.07540686,0.038884506,10,0.0,163999,1752690,0.65910566,0.61065227,0.6338593,0.66496927,0.73087686,0.6946193,0.7092661,0.7038538,13915,153855.92622756958,0.45426276,0.4822177,0.52882874,0.58034253,10.718178338174138,0.0,0.0
102460,1062960,0.25339147,0.008923084,0.058304086,0.038376544,10,0.0,164065,1753350,0.4550242,0.6985298,0.6519822,0.665602,0.7084157,0.7074529,0.71028626,0.7039786,13918,153868.6857688427,0.4550242,0.5672809,0.5385554,0.58004576,2.7974630170045947,0.0,0.0
102479,1063150,0.26791164,0.04063875,0.061313685,0.038705572,10,0.0,164135,1754050,0.44473997,0.7003081,0.649776,0.66558975,0.7126516,0.7140465,0.71020883,0.70402884,13921,153882.45936346054,0.44120383,0.5284398,0.52778715,0.5792414,2.3945711459219194,0.0,0.0
102497,1063330,-0.04608363,0.12059279,0.07133435,0.04057302,10,0.0,164183,1754530,0.72198683,0.58575547,0.6352114,0.6634658,0.6759032,0.7063483,0.7065459,0.7040388,13923,153891.53525471687,0.47142938,0.5477639,0.5265658,0.5771935,8.270762862430939,0.0,0.0
102513,1063490,0.2797388,0.028356165,0.06772161,0.04098606,10,0.0,164234,1755040,0.44908813,0.69203347,0.6410843,0.6634558,0.72882694,0.7203897,0.708806,0.7044419,13926,153904.4609568119,0.44908813,0.58137345,0.5275667,0.57654566,2.7531628390915275,0.0,0.0
102530,1063660,-0.035179436,0.019288534,0.06475386,0.04169362,10,0.0,164308,1755780,0.74518365,0.6918665,0.6424845,0.6627135,0.7100042,0.7111551,0.7072384,0.7044071,13929,153919.14129447937,0.41561908,0.5631479,0.5353192,0.5751194,2.1406675979648084,0.0,0.0
102548,1063840,0.2625157,-0.013342494,0.06043763,0.042136736,10,0.0,164351,1756210,0.41755268,0.73248434,0.650632,0.6624066,0.6800684,0.71914184,0.71106964,0.7045434,13931,153928.5793955326,0.41755268,0.6131145,0.5417182,0.5739413,15.497094043620752,0.0,0.0
102557,1063930,-0.08973515,-0.004563689,0.0611944,0.041405633,10,0.0,164405,1756750,0.74560785,0.7063166,0.6488293,0.66311085,0.6558727,0.7017529,0.7100237,0.7045165,13933,153941.3865301609,0.4128915,0.5801913,0.5474341,0.57451594,1.7265143456809953,0.0,0.0
102574,1064100,-0.06252837,0.13444558,0.06865931,0.04280078,10,0.0,164471,1757410,0.79102737,0.5578309,0.6397491,0.66148764,0.728499,0.69227654,0.7084084,0.70428836,13936,153955.37455415726,0.39501205,0.5049175,0.54421,0.5725704,2.287755303632233,0.0,0.0
102591,1064270,0.23155338,0.08969697,0.06787997,0.043750428,10,0.0,164522,1757920,0.55038947,0.6219989,0.6426779,0.66026264,0.78194284,0.70140445,0.7100355,0.7039422,13938,153965.73135137558,0.45502174,0.5779893,0.553238,0.57153344,2.5945555398158704,0.0,0.0
102608,1064440,0.22928962,0.078111544,0.0707455,0.04464052,10,0.0,164580,1758500,0.44138238,0.6396002,0.6395266,0.6599283,0.670672,0.6943421,0.70798796,0.7043396,13941,153978.37034988403,0.35566473,0.50112426,0.5419581,0.5710592,2.4333210167713517,0.0,0.0
102628,1064640,0.00082814693,0.014389056,0.060088016,0.0443907,10,0.0,164648,1759180,0.6669603,0.69103926,0.6477228,0.6599615,0.66778845,0.7054283,0.7078108,0.7043523,13944,153990.88128876686,0.6669603,0.4928164,0.5318339,0.56996155,2.8145040732195796,0.0,0.0
102648,1064840,0.24401477,0.077645846,0.07415137,0.046462547,10,0.0,164711,1759810,0.45156047,0.6199256,0.6303202,0.65780884,0.69557524,0.6975715,0.7044715,0.70427144,13947,154003.76966547966,0.45156047,0.52507347,0.5240022,0.5681458,2.925129504662363,0.0,0.0
102669,1065050,-0.088083625,0.101317525,0.08105322,0.046854377,10,0.0,164772,1760420,0.7749292,0.602188,0.625819,0.6574706,0.6868456,0.7035056,0.7068722,0.70432496,13950,154016.19638085365,0.6868456,0.48005456,0.5240055,0.56632346,2.9829381760107507,0.0,0.0
102684,1065200,0.26923937,0.15444677,0.07976293,0.04866437,10,0.0,164834,1761040,0.39120424,0.5400395,0.62522644,0.65563405,0.6604436,0.69448626,0.7049894,0.7042983,13953,154029.33675599098,0.39120424,0.47654113,0.521175,0.5655444,2.192737254200808,0.0,0.0
102706,1065420,-0.03052628,0.10468926,0.077047676,0.0495945,10,0.0,164894,1761640,0.7474442,0.59463376,0.6246649,0.65436643,0.71691793,0.699323,0.7017125,0.70396096,13956,154042.43412280083,0.50524473,0.5498785,0.52255607,0.564433,2.476322546150489,0.0,0.0
102725,1065610,0.0,0.09519297,0.08429463,0.049691588,10,0.0,164961,1762310,0.66049063,0.6055211,0.6156355,0.65432006,0.66049063,0.700714,0.69993013,0.70401174,13959,154055.18874001503,0.66049063,0.52996546,0.5299788,0.5647479,2.8658165998013203,0.0,0.0
102748,1065840,0.009851158,0.0131499795,0.07504416,0.04984341,10,0.0,165027,1762970,0.7690745,0.6718155,0.623871,0.6540897,0.77892566,0.70068073,0.6985504,0.70395625,13962,154069.34746146202,0.6718163,0.535751,0.52693504,0.5628298,1.9827283503553241,0.0,0.0
102760,1065960,0.014118075,0.05552032,0.07485173,0.049844597,10,0.0,165078,1763480,0.6498571,0.6327118,0.6223092,0.6539811,0.6639752,0.69750535,0.69782877,0.7039018,13964,154080.38176465034,0.6498571,0.56443775,0.5286729,0.5628035,9.172671444245506,0.0,0.0
102769,1066050,-0.029836357,0.00806728,0.07042455,0.049669124,10,0.0,165122,1763920,0.6929237,0.7059719,0.6276565,0.65433496,0.66308737,0.71403915,0.6980811,0.70400417,13966,154090.78312206268,0.5290969,0.5820757,0.53221875,0.56363964,13.076951376846432,0.0,0.0
102784,1066200,0.33003324,0.018116038,0.0527168,0.049508214,10,0.0,165168,1764380,0.37603754,0.682057,0.64750814,0.6545464,0.7060708,0.700173,0.70022494,0.7040546,13968,154101.2163116932,0.37603754,0.57323337,0.551868,0.5627144,11.787570438556333,0.0,0.0
102799,1066350,0.0,0.025674194,0.04092799,0.0487452,10,0.0,165216,1764860,0.68966866,0.6836523,0.66150093,0.65539026,0.68966866,0.70932645,0.7024289,0.7041354,13970,154111.22065997124,0.68966866,0.6051892,0.5606055,0.5626755,9.685446696726169,0.0,0.0
102807,1066430,-0.010679901,-0.026232785,0.0335279,0.048478134,10,0.0,165266,1765360,0.6898537,0.7187078,0.668297,0.6553545,0.6791738,0.69247496,0.7018249,0.7038326,13972,154122.56806707382,0.630308,0.6751133,0.56931496,0.5625762,2.2070883973237336,0.0,0.0
102830,1066660,0.0,-0.010399288,0.021535657,0.048189558,10,0.0,165330,1766000,0.69690275,0.738929,0.6832916,0.6556631,0.69690275,0.7285297,0.70482737,0.70385265,13975,154135.59712696075,0.69690275,0.68690497,0.59657663,0.5643911,2.737851923756416,0.0,0.0
102851,1066870,-0.023920417,-0.002123022,0.01627348,0.04851623,10,0.0,165393,1766630,0.7213321,0.69763917,0.6896563,0.6556173,0.69741166,0.723303,0.7072535,0.7041575,13978,154148.68864035606,0.6650518,0.6531201,0.6182909,0.5650643,2.723684388250537,0.0,0.0
102864,1067000,-0.02955556,-0.01328147,0.011381175,0.04770849,10,0.0,165455,1767250,0.74182725,0.7261652,0.69673455,0.65661365,0.7122717,0.71288365,0.70811564,0.7043221,13981,154162.14072823524,0.7122717,0.6536133,0.63455653,0.5670042,2.1559022773703926,0.0,0.0
102877,1067130,-0.004681647,-0.005957961,0.011514156,0.04756421,10,0.0,165499,1767690,0.7171528,0.71523243,0.696928,0.65670115,0.7124711,0.7092744,0.7084422,0.70426536,13983,154171.28322839737,0.7124711,0.69274354,0.6458986,0.5682025,10.588117983576732,0.0,0.0
102898,1067340,0.013170779,-0.01895256,0.0062214597,0.046390053,10,0.0,165559,1768290,0.66496944,0.73067725,0.7025631,0.65779847,0.6781402,0.71172464,0.7087846,0.7041885,13986,154183.96710395813,0.66496944,0.685275,0.66002005,0.569747,3.024349730817051,0.0,0.0
102918,1067540,-0.034190416,-0.007005262,0.004033215,0.0463688,10,0.0,165616,1768860,0.68568474,0.6968132,0.702555,0.65757716,0.6514943,0.689808,0.70658803,0.70394593,13989,154195.86845445633,0.42693502,0.667795,0.6566111,0.57039636,2.755479617104126,0.0,0.0
102935,1067710,0.024525821,0.00476222,0.0042054453,0.046030536,10,0.0,165678,1769480,0.7144717,0.69199526,0.7001178,0.65805054,0.7389975,0.69675744,0.7043233,0.70408106,13992,154207.6320297718,0.6317264,0.6079515,0.6492509,0.57100624,2.7490895038403846,0.0,0.0
102954,1067900,0.052522063,-0.008517909,-0.0023987803,0.04510356,10,0.0,165731,1770010,0.68497515,0.7148209,0.70636594,0.65918654,0.7374972,0.706303,0.70396733,0.7042901,13995,154219.3643295765,0.68497515,0.6279972,0.653925,0.57272625,2.767811197485843,0.0,0.0
102974,1068100,-0.09658378,-0.02268814,-0.005386299,0.0439407,10,0.0,165786,1770560,0.7744391,0.71888936,0.70702523,0.66008604,0.6778553,0.6962012,0.7016388,0.70402676,13998,154230.9287905693,0.6307611,0.6415527,0.65201783,0.57424134,2.9914632508543844,0.0,0.0
102996,1068320,0.2582133,0.021583136,-0.0030386082,0.04300461,10,0.0,165849,1771190,0.4079533,0.6686218,0.70254266,0.66093594,0.6661666,0.6902049,0.69950396,0.7039406,14001,154243.21952843666,0.4079533,0.6190667,0.6423686,0.5758115,2.575319251357256,0.0,0.0
103013,1068490,-0.008133411,0.031131143,0.0022234365,0.04343688,10,0.0,165902,1771720,0.67427325,0.66113174,0.6953898,0.66014004,0.66613984,0.6922628,0.69761324,0.7035769,14004,154255.02836346626,0.49616334,0.63301855,0.64080375,0.5767921,3.298268896063541,0.0,0.0
103036,1068720,0.021175802,-0.01598891,-2.319783e-05,0.04176365,10,0.0,165958,1772280,0.7289782,0.72439873,0.6985025,0.6622218,0.750154,0.70840985,0.6984794,0.70398545,14007,154267.16411614418,0.72373235,0.701769,0.65374094,0.5803652,2.9075876992859944,0.0,0.0
103051,1068870,-0.0055865645,-0.016892368,0.00019852012,0.041117676,10,0.0,166021,1772910,0.6617038,0.7061442,0.6971488,0.66294205,0.65611726,0.68925184,0.6973473,0.7040597,14010,154279.3732190132,0.5607862,0.6707509,0.6584762,0.5816069,2.7635886359772868,0.0,0.0
103075,1069110,0.0,0.031398423,0.009166998,0.04140799,10,0.0,166078,1773480,0.6442132,0.66695327,0.6889106,0.6625194,0.6442132,0.69835174,0.6980776,0.7039275,14013,154291.36521482468,0.6442132,0.6477903,0.6521876,0.582447,3.3397857500381014,0.0,0.0
103089,1069250,0.020152867,-0.016139084,0.01127403,0.04035418,10,0.0,166136,1774060,0.6889578,0.7261247,0.6880804,0.6636128,0.7091107,0.7099856,0.6993544,0.7039669,14016,154303.16852855682,0.6829281,0.68819606,0.6539704,0.5840498,2.89905755663656,0.0,0.0
103111,1069470,0.012381732,-0.0056666434,-0.00083088875,0.039526984,10,0.0,166196,1774660,0.70017844,0.7349596,0.7048586,0.66470456,0.7125602,0.7292929,0.7040278,0.70423156,14019,154315.45661187172,0.70017844,0.6571649,0.662433,0.58487356,3.4859571570846777,0.0,0.0
103131,1069670,-0.054053187,-0.012998951,-0.0036582863,0.038004734,10,0.0,166254,1775240,0.79297787,0.71493495,0.7112865,0.66654325,0.7389247,0.70193595,0.7076282,0.704548,14022,154327.2269999981,0.4599421,0.6241525,0.6613217,0.586585,3.4490385165703024,0.0,0.0
103151,1069870,-0.003085196,-0.0116266785,-0.0022224379,0.03686073,10,0.0,166315,1775850,0.6843031,0.70853245,0.7088798,0.6677473,0.6812179,0.69690573,0.7066576,0.704608,14025,154339.79069519043,0.5962398,0.64235276,0.6522781,0.58803385,2.7995795194830673,0.0,0.0
103169,1070050,-0.038259685,0.018726151,-0.0063748974,0.036276758,10,0.0,166368,1776380,0.7392759,0.68674344,0.71529496,0.66819906,0.7010162,0.70546955,0.70892006,0.7044758,14028,154351.92758631706,0.7010162,0.6062034,0.6483121,0.58810145,3.2357062774863703,0.0,0.0
103186,1070220,0.013826191,0.0060762046,-0.0065148366,0.035734106,10,0.0,166428,1776980,0.7078647,0.6975595,0.71628726,0.6689307,0.7216909,0.70363563,0.70977235,0.70466477,14031,154363.60312843323,0.66795063,0.63798004,0.64934695,0.5891306,2.8291788205513275,0.0,0.0
103207,1070430,-0.00033670664,0.005744478,0.0032674607,0.036158785,10,0.0,166480,1777500,0.7692105,0.70228094,0.70471984,0.6685675,0.7688738,0.70802534,0.7079873,0.7047263,14034,154375.88081145287,0.7688738,0.62510484,0.6417153,0.5896081,2.450580761320509,0.0,0.0
103226,1070620,0.08311564,-0.010206682,0.006194408,0.035544712,10,0.0,166539,1778090,0.6071482,0.7081023,0.6990301,0.66952354,0.6902638,0.6978956,0.7052244,0.70506823,14037,154388.32794713974,0.6071482,0.6703151,0.6371008,0.59071654,3.0861329216040723,0.0,0.0
103245,1070810,-0.05251527,-0.01858064,0.0038301984,0.034964416,10,0.0,166590,1778600,0.7501993,0.73507506,0.70446205,0.6703928,0.69768405,0.7164944,0.7082922,0.7053572,14040,154400.37218546867,0.69768405,0.6988291,0.64383435,0.59190387,2.8787759403937527,0.0,0.0
103264,1071000,0.12027484,-0.009264779,0.0037072834,0.03467832,10,0.0,166650,1779200,0.5641373,0.70151836,0.7047209,0.670629,0.6844121,0.6922536,0.7084282,0.7053073,14043,154412.57943749428,0.5641373,0.6043412,0.652849,0.5931474,2.9421745372899557,0.0,0.0
103283,1071190,-0.0017850995,0.020029724,0.00490724,0.03399225,10,0.0,166711,1779810,0.78790003,0.6964226,0.7020997,0.6713103,0.78611493,0.7164523,0.70700693,0.7053025,14046,154424.4036040306,0.71338624,0.66054565,0.65454155,0.5946381,2.660787728935498,0.0,0.0
103300,1071360,-0.091612935,-0.024382567,-0.0016866642,0.033419475,10,0.0,166766,1780360,0.77827394,0.73678696,0.70960474,0.67209446,0.686661,0.7124044,0.7079179,0.705514,14049,154436.51576280594,0.686661,0.6721327,0.6596983,0.596328,2.901814997311138,0.0,0.0
103319,1071550,-0.07395357,-0.0051409006,-0.002272935,0.032068994,10,0.0,166822,1780920,0.7194068,0.7031172,0.7094756,0.67321616,0.6454532,0.69797623,0.7072027,0.70528513,14052,154448.9826695919,0.58359677,0.6706482,0.6641486,0.59859926,3.0055743846167022,0.0,0.0
103341,1071770,-0.008737266,-0.017082268,-0.00053558947,0.03095702,10,0.0,166876,1781460,0.7164144,0.7331147,0.70637697,0.6742885,0.7076771,0.7160324,0.7058414,0.7052455,14055,154460.60993146896,0.6786538,0.69394547,0.6619418,0.6004729,3.1692030795107056,0.0,0.0
103358,1071940,-0.008054554,0.0054080486,-0.000989089,0.029065246,10,0.0,166920,1781900,0.7519386,0.7016169,0.70660096,0.6763687,0.743884,0.70702493,0.705612,0.7054339,14057,154469.49315142632,0.743884,0.68529785,0.6640599,0.6034549,6.871050026432131,0.0,0.0
103382,1072180,-0.05433947,-0.020601207,-0.0021907848,0.02790738,10,0.0,166992,1782620,0.74025285,0.72950894,0.7109816,0.67763597,0.6859134,0.70890766,0.70879084,0.70554346,14061,154481.49157214165,0.6629602,0.69603455,0.6720482,0.6061747,5.585299343155681,0.0,0.0
103409,1072450,-0.014192164,0.012712044,-0.002390042,0.025402158,10,0.0,167080,1783500,0.6985663,0.6982964,0.7101423,0.67981374,0.68437415,0.7110084,0.7077522,0.7052158,14066,154492.9850885868,0.68437415,0.6479123,0.6728873,0.60987234,4.544900831578552,0.0,0.0
103444,1072800,-0.012262046,-0.016595703,-0.002078858,0.022721546,10,0.0,167172,1784420,0.6645934,0.72756433,0.71125174,0.68257433,0.65233135,0.7109687,0.7091729,0.7052959,14071,154504.35514116287,0.65233135,0.69820756,0.6752096,0.6150599,5.575381093011858,0.0,0.0
103478,1073140,0.0,0.05554706,-0.0006336418,0.02213008,10,0.0,167268,1785380,0.6654498,0.63053626,0.70527405,0.6829212,0.6654498,0.6860833,0.7046403,0.7050512,14076,154515.88888049126,0.6654498,0.5855652,0.6687078,0.61993545,5.840545178299867,0.0,0.0
103510,1073460,-0.015826643,-0.00060274603,0.004011009,0.019419465,10,0.0,167361,1786310,0.6918834,0.71879464,0.69845027,0.6852683,0.67605674,0.7181918,0.7024612,0.7046877,14081,154527.23422527313,0.67605674,0.69392496,0.66010004,0.622643,6.07002922491316,0.0,0.0
103539,1073750,-0.05989325,0.023419946,0.007857813,0.017552394,10,0.0,167458,1787280,0.78305644,0.7003569,0.6923488,0.686873,0.7231632,0.7237768,0.7002067,0.70442533,14086,154538.55622792244,0.6883889,0.5878999,0.64351386,0.6257882,5.6122472463980655,0.0,0.0
103575,1074110,-0.14918637,-0.013103539,0.013370454,0.016308853,10,0.0,167547,1788170,0.81317747,0.7065201,0.6862596,0.6879575,0.6639911,0.69341654,0.69963,0.7042664,14091,154550.05546355247,0.66271263,0.5392776,0.61741835,0.6269492,5.556449180257939,0.0,0.0
103600,1074360,-0.011157453,0.046466865,0.013097188,0.013973537,10,0.0,167641,1789110,0.7173945,0.66634476,0.6919706,0.69024706,0.706237,0.71281165,0.7050678,0.7042207,14096,154561.35264658928,0.69725,0.6385981,0.62924886,0.6305564,5.887894417518319,0.0,0.0
103632,1074680,-0.08455253,0.036893174,0.018837681,0.0127872,10,0.0,167735,1790050,0.738748,0.6533074,0.68343574,0.6911898,0.6541955,0.69020057,0.7022735,0.70397705,14101,154572.87267565727,0.3942309,0.5990505,0.6099496,0.6337105,4.7344364425399705,0.0,0.0
103661,1074970,0.058769643,0.0012131811,0.013092854,0.011282957,10,0.0,167817,1790870,0.7097843,0.6900557,0.6861122,0.69243723,0.768554,0.6912689,0.6992052,0.70372015,14105,154582.2880396843,0.4700173,0.631971,0.61234045,0.63512844,16.75437643404511,0.0,0.0
103694,1075300,0.30652553,-0.0124172745,0.0146078775,0.008721168,10,0.0,167908,1791780,0.3421886,0.71339285,0.6868276,0.69525987,0.6487141,0.7009756,0.7014354,0.7039811,14110,154593.66353464127,0.3421886,0.5508435,0.6053285,0.6375455,5.702926528678719,0.0,0.0
103726,1075620,0.0065606236,0.02644838,0.01942909,0.007336415,10,0.0,167999,1792690,0.7171879,0.6878189,0.683923,0.6971614,0.7237485,0.7142673,0.70335203,0.7044978,14115,154605.0835287571,0.7171879,0.6455711,0.60812765,0.6403401,5.257971693252558,0.0,0.0
103757,1075930,0.26044315,0.022936175,0.01900581,0.0057634143,10,0.0,168096,1793660,0.46083468,0.68034166,0.686764,0.6988048,0.72127783,0.70327777,0.7057698,0.70456815,14120,154616.6758902073,0.46083468,0.6634743,0.61651623,0.64338344,6.277883216485957,0.0,0.0
103790,1076260,0.21786156,0.05649079,0.033799388,0.007208295,10,0.0,168187,1794570,0.44148442,0.6404911,0.6697854,0.6971758,0.659346,0.6969819,0.70358473,0.7043841,14125,154627.8465435505,0.32136297,0.6139709,0.6119094,0.64370286,4.994389161651206,0.0,0.0
103818,1076540,0.22330144,-0.0021466673,0.02570614,0.0071241613,10,0.0,168274,1795440,0.48391274,0.7100935,0.6793927,0.6975824,0.7072142,0.70794684,0.7050988,0.70470655,14130,154639.52052927017,0.4725202,0.54710597,0.60958433,0.6425942,5.3749843497284955,0.0,0.0
103850,1076860,-0.025456607,0.11939366,0.04516217,0.008881802,10,0.0,168372,1796420,0.7672647,0.587357,0.65843546,0.6953827,0.7418081,0.70675063,0.70359766,0.7042645,14135,154651.0310075283,0.3764439,0.5820464,0.5912637,0.639942,5.35674634834693,0.0,0.0
103883,1077190,0.05607426,0.004955864,0.036702875,0.0095344875,10,0.0,168462,1797320,0.69883704,0.6898101,0.6667257,0.69453603,0.7549113,0.694766,0.70342857,0.7040705,14140,154662.4727988243,0.66738725,0.6593338,0.58758557,0.63764256,5.141914019060971,0.0,0.0
103917,1077530,-0.050391734,0.020829361,0.030615823,0.009774606,10,0.0,168557,1798270,0.7131421,0.70911777,0.67315215,0.69473195,0.66275036,0.72994715,0.70376796,0.7045066,14145,154673.76995372772,0.62770694,0.6750306,0.6024778,0.637541,4.437251976491675,0.0,0.0
103948,1077840,0.27160388,0.07954551,0.023436427,0.011020886,10,0.0,168648,1799180,0.48226345,0.6045932,0.67853034,0.69296384,0.7538673,0.6841388,0.70196676,0.70398474,14150,154685.07244277,0.35971135,0.58585364,0.6144869,0.6357953,4.962983841061608,0.0,0.0
103978,1078140,0.08299708,0.08150174,0.03535873,0.013589013,10,0.0,168732,1800020,0.6370137,0.6033766,0.6667912,0.6906304,0.72001076,0.68487847,0.70214987,0.70421934,14155,154696.282610178,0.37382567,0.52668345,0.61741805,0.63433045,5.040875726781744,0.0,0.0
104015,1078510,0.000490129,0.04187654,0.04910011,0.014400087,10,0.0,168825,1800950,0.7543963,0.65798277,0.65394324,0.6904275,0.75488645,0.6998593,0.7030433,0.70482767,14160,154707.65530276299,0.44233507,0.6130444,0.6062111,0.6337632,5.689160506795029,0.0,0.0
104044,1078800,-0.00467813,0.019619126,0.049544316,0.015513066,10,0.0,168917,1801870,0.6985698,0.69071573,0.6569033,0.6893866,0.69389164,0.7103349,0.7064478,0.70489967,14165,154719.06622052193,0.69126546,0.6215169,0.6045751,0.6314147,5.376637983514633,0.0,0.0
104075,1079110,0.30119753,0.07641261,0.03858043,0.015627585,10,0.0,169006,1802760,0.41771376,0.6011155,0.6690171,0.689772,0.7189113,0.67752814,0.70759743,0.70539963,14170,154730.50046682358,0.41771376,0.5405235,0.6080977,0.631148,5.325858202255694,0.0,0.0
104112,1079480,0.019602656,0.020492658,0.032542355,0.017413937,10,0.0,169095,1803650,0.7435485,0.6898457,0.6725086,0.687597,0.76315117,0.7103383,0.7050511,0.70501095,14175,154741.93473887444,0.69491035,0.61818063,0.612794,0.62930065,5.706081896883037,0.0,0.0
104139,1079750,-0.024802089,0.03354333,0.030592725,0.018799538,10,0.0,169185,1804550,0.7145585,0.6737583,0.675429,0.685968,0.6897564,0.7073017,0.7060217,0.70476747,14180,154753.24650144577,0.5658414,0.5685291,0.61435914,0.6271333,4.725976338028169,0.0,0.0
104174,1080100,0.011583805,0.08753264,0.039291915,0.019957436,10,0.0,169281,1805510,0.7382238,0.60479903,0.6607786,0.68446714,0.7498076,0.6923317,0.7000705,0.70442456,14185,154764.59440255165,0.7132688,0.4855485,0.5831933,0.62469363,5.636940167020888,0.0,0.0
104205,1080410,-0.038859725,0.054543395,0.031012526,0.020177148,10,0.0,169371,1806410,0.69217217,0.6792771,0.67491806,0.684694,0.65331244,0.73382056,0.7059307,0.7048711,14190,154775.99082303047,0.6138359,0.56280965,0.5918468,0.62429357,4.70123222986799,0.0,0.0
104240,1080760,0.35663027,0.054326177,0.03551998,0.021820715,10,0.0,169467,1807370,0.34462523,0.64336914,0.6677282,0.6824874,0.7012555,0.6976954,0.70324814,0.7043081,14195,154787.46761775017,0.34462523,0.61886907,0.57819533,0.6204851,5.299724179079282,0.0,0.0
104267,1081030,0.41372725,0.10692684,0.057257887,0.024587205,10,0.0,169556,1808260,0.30330005,0.58425313,0.6463177,0.67959374,0.7170273,0.6911799,0.7035757,0.70418096,14200,154798.97869706154,0.30330005,0.532446,0.567439,0.61716855,5.43626211356765,0.0,0.0
104297,1081330,0.04652846,0.034000807,0.04962538,0.025111098,10,0.0,169643,1809130,0.72250104,0.6752533,0.650995,0.6789528,0.7690295,0.7092541,0.7006204,0.70406395,14205,154810.2538547516,0.41594836,0.5579374,0.55677325,0.6142461,5.003979390443999,0.0,0.0
104334,1081700,0.0011035204,0.06563737,0.057241037,0.027235882,10,0.0,169737,1810070,0.6560479,0.6486974,0.64402115,0.67691344,0.6571514,0.7143348,0.7012621,0.7041494,14210,154821.46776509285,0.39054102,0.63496923,0.5642902,0.6113032,5.081823052454328,0.0,0.0
104363,1081990,-0.015479028,0.0053109764,0.045672007,0.028501589,10,0.0,169829,1810990,0.71446276,0.6903373,0.65405446,0.6749702,0.6989837,0.6956483,0.6997266,0.7034718,14215,154832.7870979309,0.6956509,0.6393323,0.5685524,0.6081102,4.564760815816218,0.0,0.0
104397,1082330,-0.014117718,0.05371244,0.046890564,0.029741742,10,0.0,169915,1811850,0.6915671,0.63751024,0.65147156,0.6733375,0.6774494,0.69263446,0.6985082,0.70311254,14220,154844.2309832573,0.3740366,0.5258801,0.5796993,0.6050936,4.929283309004057,0.0,0.0
104430,1082660,0.2774515,0.027099127,0.035095785,0.030695213,10,0.0,170013,1812830,0.3768312,0.67411816,0.66263336,0.6722842,0.6542827,0.7012173,0.6977291,0.70297945,14225,154855.52361297607,0.3768312,0.60158765,0.59025043,0.60298645,4.6127064583657535,0.0,0.0
104461,1082970,-0.041011333,0.061729204,0.03996359,0.033240564,10,0.0,170100,1813700,0.74795294,0.631112,0.66306764,0.6696158,0.7069416,0.6928412,0.7030312,0.7028563,14230,154866.70321941376,0.69992524,0.56264514,0.5891208,0.5988866,5.839109256516977,0.0,0.0
104495,1083310,0.0,0.03568035,0.04379753,0.033886164,10,0.0,170189,1814590,0.656192,0.6809138,0.66079444,0.66949785,0.656192,0.7165942,0.70459193,0.70338404,14235,154878.28173732758,0.656192,0.62169576,0.58999723,0.59872925,5.331286728587646,0.0,0.0
104525,1083610,0.042613864,0.037940055,0.04965314,0.03533666,10,0.0,170286,1815560,0.6620001,0.64447653,0.6507434,0.66769075,0.704614,0.68241656,0.7003966,0.70302737,14240,154889.5882151127,0.6620001,0.5073538,0.57633996,0.595228,5.320948288165427,0.0,0.0
104556,1083920,0.32659918,0.016677726,0.04851903,0.036055658,10,0.0,170374,1816440,0.41794693,0.7130103,0.6557467,0.66731006,0.7445461,0.72968805,0.7042658,0.7033657,14245,154900.85592794418,0.41794693,0.680884,0.5932844,0.59566903,4.886875402913714,0.0,0.0
104590,1084260,-0.04039973,0.019832414,0.04311286,0.03721846,10,0.0,170467,1817370,0.6963971,0.67914224,0.661644,0.6662373,0.6559974,0.6989746,0.70475686,0.70345575,14250,154912.42249965668,0.6559974,0.5094236,0.57784593,0.5934875,4.845015223034172,0.0,0.0
104624,1084600,0.04196173,0.029373432,0.041093964,0.03771415,10,0.0,170560,1818300,0.69262016,0.66897595,0.6661705,0.66544497,0.7345819,0.69834936,0.70726454,0.70315903,14255,154923.82347083092,0.69262016,0.5671228,0.5764239,0.5918045,5.822654843767309,0.0,0.0
104650,1084860,0.38453275,0.054191865,0.038698558,0.03835299,10,0.0,170650,1819200,0.37432504,0.63214725,0.66585976,0.66521525,0.7588578,0.6863391,0.70455843,0.7035683,14260,154934.99083852768,0.3708398,0.5392145,0.569107,0.59118634,3.995431401967088,0.0,0.0
104683,1085190,0.1463204,0.015840959,0.042178005,0.039700624,10,0.0,170749,1820190,0.5529783,0.67384124,0.6632834,0.6639092,0.6992987,0.68968225,0.7054613,0.7036099,14265,154946.62987160683,0.5529783,0.5596903,0.5693707,0.58915067,4.998993480206958,0.0,0.0
104717,1085530,0.046510935,0.05804007,0.050279785,0.04100701,10,0.0,170839,1821090,0.7014313,0.6452583,0.6531126,0.66232395,0.7479422,0.7032983,0.7033924,0.703331,14270,154957.96709942818,0.68209505,0.5439006,0.55298626,0.5866803,5.654561784350052,0.0,0.0
104745,1085810,-0.011933446,0.032201212,0.05017197,0.041477423,10,0.0,170931,1822010,0.6934742,0.66815025,0.65000856,0.6615679,0.6815407,0.70035136,0.70018053,0.70304537,14275,154969.36899638176,0.64523757,0.6244971,0.56367403,0.58620375,4.79814201585377,0.0,0.0
104779,1086150,0.12554985,-0.0006346226,0.041888542,0.04102363,10,0.0,171026,1822960,0.5734659,0.69998044,0.6572881,0.6622048,0.69901574,0.6993457,0.69917655,0.7032284,14280,154980.73536157608,0.36129457,0.63284415,0.5751179,0.5859445,4.710779231529249,0.0,0.0
104812,1086480,0.00021004677,0.059166946,0.03705818,0.041877206,10,0.0,171111,1823810,0.7356312,0.6577688,0.66613734,0.6612896,0.7358413,0.71693575,0.7031954,0.7031667,14285,154991.92286396027,0.7356312,0.5894366,0.5792368,0.58387256,5.939094006891625,0.0,0.0
104844,1086800,0.053447247,0.038391076,0.03977382,0.041471623,10,0.0,171207,1824770,0.6800725,0.65929145,0.66536504,0.6617361,0.73351973,0.69768256,0.70513886,0.70320773,14290,155003.33582901955,0.6800725,0.57218474,0.56956446,0.58384633,4.881779641684258,0.0,0.0
104874,1087100,-0.0041618943,0.01993773,0.036012594,0.040816627,10,0.0,171300,1825700,0.7174882,0.70875514,0.6692854,0.6624277,0.71332633,0.7286929,0.705298,0.7032443,14295,155014.60628294945,0.70820266,0.629754,0.5678948,0.5840305,4.829269932708299,0.0,0.0
104906,1087420,0.3733899,0.118173644,0.03912976,0.042787597,10,0.0,171390,1826600,0.35433388,0.56388634,0.6645374,0.6602893,0.7277238,0.68206,0.70366716,0.7030769,14300,155025.88001179695,0.35433388,0.50395715,0.5733874,0.58149815,6.063153414996385,0.0,0.0
104939,1087750,0.055280328,-0.00040628313,0.03725697,0.043253653,10,0.0,171484,1827540,0.68665016,0.71546906,0.6673663,0.6600264,0.7419305,0.71506286,0.7046233,0.70328,14305,155037.32913827896,0.6819379,0.68073463,0.5809992,0.58046156,4.60447172237026,0.0,0.0
104972,1088080,0.3517858,0.048073202,0.041015256,0.04216784,10,0.0,171576,1828460,0.3349981,0.6442693,0.6630298,0.661004,0.6867839,0.69234246,0.70404494,0.7031718,14310,155048.65996813774,0.3349981,0.56979036,0.58822834,0.58011335,4.808713298097978,0.0,0.0
105005,1088410,0.0,0.09726243,0.055467855,0.043662485,10,0.0,171667,1829370,0.7294174,0.6021302,0.6446691,0.6589825,0.7294174,0.6993926,0.70013696,0.702645,14315,155059.94365763664,0.7294174,0.47765952,0.55912685,0.5765754,5.237497816306518,0.0,0.0
105036,1088720,-0.074569166,0.03530627,0.056858912,0.043739125,10,0.0,171753,1830230,0.7602393,0.6708996,0.6412922,0.6588235,0.68567014,0.70620596,0.6981512,0.70256263,14320,155071.2265508175,0.4038344,0.5369341,0.54987454,0.57467335,5.285489635381835,0.0,0.0
105068,1089040,0.008153021,0.064751804,0.063199684,0.04485589,10,0.0,171845,1831150,0.67676604,0.6398229,0.6328297,0.65707874,0.68491906,0.7045747,0.6960294,0.7019347,14325,155082.44303750992,0.42382687,0.5870929,0.54043156,0.5730491,4.778081927115723,0.0,0.0
105098,1089340,-0.03247249,0.053243328,0.036716647,0.04392541,10,0.0,171938,1832080,0.7280012,0.6566117,0.6660434,0.65843546,0.6955287,0.709855,0.7027601,0.702361,14330,155093.72645545006,0.49260196,0.61979467,0.5749312,0.5733607,5.172721728604718,0.0,0.0
105127,1089630,0.35040045,0.07699175,0.043587636,0.04505143,10,0.0,172012,1832820,0.33074915,0.6225022,0.6566646,0.6569474,0.6811496,0.699494,0.7002522,0.7019988,14334,155103.01466202736,0.33074915,0.6104571,0.5792746,0.57175744,16.661194108704624,0.0,0.0
105157,1089930,-0.03513187,0.03669962,0.04064838,0.045359205,10,0.0,172105,1833750,0.7048945,0.6659439,0.66104317,0.6566735,0.6697626,0.7026436,0.70169157,0.7020327,14339,155114.33579206467,0.57323056,0.55529195,0.5793449,0.57159036,4.995721071255568,0.0,0.0
105187,1090230,0.12898284,0.068816885,0.041744947,0.04472347,10,0.0,172194,1834640,0.56862336,0.63426495,0.6628721,0.6576871,0.6976062,0.7030819,0.704617,0.7024106,14344,155125.6237039566,0.4248902,0.5974306,0.58577335,0.57272714,4.989494746183503,0.0,0.0
105220,1090560,-0.11628771,-0.013123214,0.029435268,0.044387933,10,0.0,172281,1835510,0.79406065,0.7376356,0.68075216,0.65827507,0.67777294,0.72451234,0.7101874,0.70266294,14349,155137.00595498085,0.4258283,0.64124227,0.6012627,0.57459587,4.829969527565566,0.0,0.0
105253,1090890,-0.03756541,0.0019094885,0.031673852,0.043412033,10,0.0,172377,1836470,0.68066263,0.6955775,0.67811644,0.65921926,0.6430972,0.697487,0.70979035,0.70263135,14354,155148.16872358322,0.38781893,0.59850967,0.59868395,0.5741484,4.754811658941697,0.0,0.0
105284,1091200,0.27623096,0.05532285,0.043370422,0.043921355,10,0.0,172463,1837330,0.40680394,0.6584668,0.6601829,0.6585741,0.6830349,0.71378976,0.70355326,0.70249546,14359,155159.36877536774,0.40680394,0.57270753,0.58436686,0.57489467,4.810659115756209,0.0,0.0
105317,1091530,0.1030035,0.043358725,0.04650129,0.044054154,10,0.0,172552,1838220,0.5724138,0.677549,0.6545682,0.65874046,0.6754173,0.7209077,0.70106936,0.7027947,14364,155170.66718506813,0.5724138,0.59856665,0.58188236,0.57632864,4.421120292240801,0.0,0.0
105349,1091850,0.12230271,0.06574631,0.057391487,0.044008162,10,0.0,172644,1839140,0.6018034,0.628888,0.64238405,0.65870863,0.72410613,0.6946343,0.6997755,0.70271677,14369,155182.195125103,0.40831122,0.5515397,0.5766361,0.57545316,5.102544712764829,0.0,0.0
105384,1092200,0.003751278,0.08572796,0.06550612,0.046158332,10,0.0,172733,1840030,0.6758531,0.61003417,0.6346834,0.65646625,0.67960435,0.69576216,0.70018935,0.7026246,14374,155193.4606063366,0.45709008,0.46254617,0.5496304,0.5713575,4.9619962767613695,0.0,0.0
105414,1092500,0.27186877,0.102893874,0.08190541,0.04788208,10,0.0,172822,1840920,0.44287843,0.60004056,0.6200735,0.65505403,0.7147472,0.70293444,0.7019789,0.7029361,14379,155204.76952719688,0.34397435,0.5482048,0.53893435,0.57090807,4.626562330577121,0.0,0.0
105448,1092840,0.0,0.16106229,0.08748095,0.049192883,10,0.0,172910,1841800,0.7097496,0.5514081,0.6163584,0.65378773,0.7097496,0.7124704,0.70383924,0.7029806,14384,155216.04553318024,0.7097496,0.48796168,0.53035605,0.56974953,5.6902626773499465,0.0,0.0
105479,1093150,-0.05282545,0.13866064,0.092466585,0.050460733,10,0.0,173000,1842700,0.7529412,0.58076936,0.6168632,0.6527513,0.70011574,0.7194301,0.70932966,0.703212,14389,155227.33891630173,0.4614403,0.44649515,0.53778,0.5677544,4.952514683188967,0.0,0.0
105507,1093430,0.06289655,0.057747025,0.09279511,0.05205471,10,0.0,173096,1843660,0.61864215,0.65068936,0.61376715,0.6513701,0.6815387,0.70843637,0.70656234,0.7034248,14394,155239.30200576782,0.44578543,0.55276406,0.5205033,0.56503516,4.034916719736951,0.0,0.0
105545,1093810,0.12810141,0.07157909,0.09055379,0.05277076,10,0.0,173187,1844570,0.54718614,0.6304841,0.6152427,0.6507092,0.67528754,0.7020632,0.7057966,0.70348,14399,155250.6577618122,0.54718614,0.53554577,0.5194899,0.5638303,5.403929946746675,0.0,0.0
105578,1094140,0.13938826,0.07675309,0.07403233,0.052807845,10,0.0,173289,1845590,0.54022217,0.6353246,0.6321615,0.65032125,0.67961043,0.7120777,0.70619375,0.7031291,14404,155262.10765123367,0.5235522,0.51893985,0.54032487,0.5628423,5.832983226729871,0.0,0.0
105607,1094430,0.0,0.038757764,0.056528386,0.05333751,10,0.0,173375,1846450,0.75185007,0.65698636,0.6467501,0.64975196,0.75185007,0.6957441,0.7032785,0.7030895,14409,155273.45058131218,0.75185007,0.58404064,0.55795383,0.5636461,5.52256404307709,0.0,0.0
105641,1094770,-0.086098075,0.026968524,0.04847048,0.053812675,10,0.0,173458,1847280,0.7640543,0.68278325,0.6578735,0.64931685,0.6779562,0.7097518,0.706344,0.7031296,14414,155284.63250803947,0.39803502,0.6258606,0.58462995,0.56440383,5.723332282630795,0.0,0.0
105670,1095060,-0.056155145,0.005939877,0.03651818,0.05248701,10,0.0,173551,1848210,0.73928565,0.70021987,0.6673995,0.65045464,0.6831305,0.7061598,0.7039177,0.70294166,14419,155295.92172574997,0.6831305,0.6483484,0.6038571,0.56707495,5.442461880225209,0.0,0.0
105702,1095380,-0.04573667,0.015200287,0.029614585,0.051507507,10,0.0,173642,1849120,0.71674305,0.6865316,0.6766264,0.65182805,0.6710064,0.70173186,0.7062409,0.7033356,14424,155307.5400094986,0.55116135,0.6492193,0.6300521,0.57052696,4.979305445545495,0.0,0.0
105734,1095700,-0.0017982125,0.02169479,0.02316283,0.050615024,10,0.0,173731,1850010,0.74611956,0.6942018,0.68580383,0.6533048,0.74432135,0.7158966,0.70896673,0.7039198,14429,155318.6476149559,0.73803306,0.566814,0.63750064,0.5731114,4.940591746700061,0.0,0.0
105764,1096000,-0.119119704,0.023751676,0.02200573,0.050538745,10,0.0,173817,1850870,0.76751894,0.6825989,0.6889111,0.65349615,0.64839923,0.7063506,0.71091676,0.7040349,14434,155330.1229326725,0.4198428,0.6359917,0.64602447,0.5743547,4.748051164750414,0.0,0.0
105796,1096320,0.018536866,0.018867698,0.020009348,0.049852744,10,0.0,173912,1851820,0.7006598,0.6875056,0.68960905,0.65436804,0.7191967,0.7063732,0.70961845,0.7042208,14439,155341.29835486412,0.69735587,0.6064154,0.63841134,0.5760068,5.117957065478014,0.0,0.0
105829,1096650,-0.008259714,0.015255886,0.01508893,0.04817038,10,0.0,174000,1852700,0.7403244,0.6940684,0.69366646,0.6562505,0.73206466,0.70932424,0.7087553,0.7044209,14444,155352.64721369743,0.73206466,0.6077332,0.64076185,0.57959664,4.926504788957912,0.0,0.0
105863,1096990,-0.003324926,0.024617666,0.010429537,0.047832824,10,0.0,174095,1853650,0.7160327,0.6569906,0.6964844,0.6566054,0.71270776,0.68160826,0.7069139,0.7044382,14449,155364.04955101013,0.71270776,0.58702785,0.64326704,0.5820084,5.6666130309413285,0.0,0.0
105894,1097300,0.0036190748,0.048776153,0.0060190326,0.047109473,10,0.0,174182,1854520,0.7489842,0.67444456,0.7041381,0.65764123,0.7526033,0.7232207,0.7101571,0.70475066,14454,155375.63709020615,0.3723126,0.6254352,0.6535769,0.5833287,4.58574853966959,0.0,0.0
105926,1097620,-0.046199977,-0.008161956,0.01168478,0.045556273,10,0.0,174271,1855410,0.7244666,0.72384703,0.70241094,0.65988064,0.67826664,0.71568507,0.7140957,0.7054369,14459,155387.19890475273,0.66208917,0.6998862,0.6486249,0.58674,4.286080557146001,0.0,0.0
105955,1097910,-0.07050681,0.0012153268,0.0076535963,0.044551667,10,0.0,174363,1856330,0.7946664,0.71824896,0.7048092,0.66060203,0.7241596,0.71946436,0.71246284,0.7051537,14464,155398.4487862587,0.654339,0.6957997,0.65376145,0.58815074,6.313128021528705,0.0,0.0
105988,1098240,-0.08679932,0.004542327,0.00550619,0.04225391,10,0.0,174455,1857250,0.75662225,0.70331013,0.7049794,0.66339695,0.66982293,0.7078525,0.71048564,0.70565087,14469,155409.71341466904,0.33488673,0.65133095,0.65512675,0.59160095,4.869420410308909,0.0,0.0
106023,1098590,-0.008588374,0.0047078966,0.000111497044,0.04018284,10,0.0,174544,1858140,0.70985985,0.7070188,0.7029822,0.6654917,0.7012715,0.71172667,0.7030937,0.7056746,14474,155420.98998355865,0.68811923,0.6412439,0.65210605,0.59542954,6.02090512306863,0.0,0.0
106057,1098930,-0.00037807226,0.009324896,0.0031075405,0.039506305,10,0.0,174633,1859030,0.7237218,0.7003116,0.70121497,0.6664347,0.72334373,0.70963657,0.7043225,0.70594096,14479,155432.14226937294,0.72334373,0.612394,0.64408755,0.598661,5.312698150924917,0.0,0.0
106083,1099190,0.07115233,0.0009891808,0.0052670706,0.03842061,10,0.0,174724,1859940,0.67833006,0.6886166,0.69566643,0.6673928,0.7494824,0.6896057,0.70093346,0.7058134,14484,155443.60531687737,0.67833006,0.5858978,0.63483185,0.5995349,5.028008677661232,0.0,0.0
106113,1099490,-0.0014569163,-0.0061035454,0.008170784,0.03760374,10,0.0,174795,1860650,0.71800685,0.7089569,0.6947673,0.66817665,0.71654993,0.7028533,0.7029379,0.7057804,14488,155452.93399095535,0.59993726,0.65474653,0.6395779,0.601347,18.868180180309867,0.0,0.0
106145,1099810,-0.001630187,0.012728882,0.006732587,0.03600473,10,0.0,174887,1861570,0.6809079,0.67745984,0.69220084,0.6695764,0.6792777,0.6901887,0.6989334,0.7055812,14493,155464.1091480255,0.6792777,0.5690211,0.6210661,0.6024756,5.1070422518061775,0.0,0.0
106174,1100100,0.027330637,-0.011143106,0.0058784885,0.035370972,10,0.0,174977,1862470,0.6797251,0.70444804,0.6911245,0.6698351,0.70705575,0.6933049,0.6970029,0.70520604,14498,155475.4042646885,0.6797251,0.6568326,0.62982744,0.6034739,5.5807549493011726,0.0,0.0
106206,1100420,-0.016661465,-0.005057341,0.0037714026,0.034204744,10,0.0,175065,1863350,0.7387984,0.7117923,0.69415873,0.6706716,0.7221369,0.70673496,0.69793016,0.70487636,14503,155486.80725860596,0.670825,0.69282377,0.639074,0.60554665,4.939380389396105,0.0,0.0
106237,1100730,-0.0085942745,0.09196421,0.01590867,0.034639604,10,0.0,175156,1864260,0.72784567,0.6169777,0.68709874,0.67030174,0.7192514,0.7089418,0.70300746,0.7049414,14508,155498.26102900505,0.7192514,0.58373004,0.6444816,0.60673887,5.233169200402503,0.0,0.0
106271,1101070,-0.009196162,0.02484422,0.0199867,0.033582054,10,0.0,175246,1865160,0.75425327,0.68999636,0.68353754,0.67168874,0.7450571,0.71484053,0.7035241,0.7052708,14513,155509.87375736237,0.71195894,0.64623356,0.64450556,0.6093554,4.880391371106733,0.0,0.0
106303,1101390,-0.11140013,-0.005628073,0.017239697,0.0317926,10,0.0,175337,1866070,0.78919953,0.7174047,0.6866999,0.6734121,0.6777994,0.7117767,0.7039395,0.7052047,14518,155521.20352458954,0.6777994,0.6415036,0.646717,0.61155874,5.55503034847806,0.0,0.0
106334,1101700,-0.0079520345,0.002210778,0.007362183,0.030372445,10,0.0,175429,1866990,0.75581855,0.7002646,0.69549555,0.6747223,0.7478665,0.70247537,0.7028577,0.7050948,14523,155532.44221568108,0.4141381,0.6828126,0.6503481,0.6136261,5.060221195505826,0.0,0.0
106366,1102020,0.0150437355,0.03932669,0.001996297,0.027878365,10,0.0,175520,1867900,0.6741641,0.6487638,0.7019031,0.67743284,0.68920785,0.68809044,0.70389944,0.7053112,14528,155544.225222826,0.6741641,0.59260786,0.6421711,0.617158,4.701759758835366,0.0,0.0
106400,1102360,-0.06797451,-0.02347908,0.0014509225,0.024837859,10,0.0,175617,1868870,0.7230075,0.7237444,0.70252824,0.68038535,0.655033,0.7065242,0.70472795,0.7052931,14533,155555.73290848732,0.5808696,0.6774434,0.6417708,0.6209825,5.232429530120966,0.0,0.0
106435,1102710,-0.0009930134,-0.009429777,0.0030473568,0.022340585,10,0.0,175713,1869830,0.66148543,0.7139362,0.69846666,0.6826885,0.6604924,0.7045065,0.7015139,0.705029,14538,155567.44970989227,0.6604924,0.68088967,0.64419264,0.6245343,5.122145899014333,0.0,0.0
106467,1103030,-0.04136032,0.011733741,0.005551771,0.0197,10,0.0,175805,1870750,0.69617385,0.6743061,0.6952831,0.6850318,0.6548135,0.6860398,0.70083475,0.7047318,14543,155579.06202602386,0.5545969,0.62397873,0.6485437,0.6280951,5.544266316991667,0.0,0.0
106496,1103320,-0.03260058,0.06508255,0.014778818,0.017283425,10,0.0,175902,1871720,0.7675451,0.62985134,0.6813703,0.6869779,0.7349445,0.6949339,0.6961491,0.70426136,14548,155590.6702120304,0.6782746,0.5896939,0.6334288,0.63121027,5.641859618000882,0.0,0.0
106531,1103670,0.33917603,-0.005643296,0.02029046,0.014977489,10,0.0,175997,1872670,0.42018566,0.70196164,0.67626846,0.6889844,0.7593617,0.6963183,0.6965589,0.7039618,14553,155602.12786364555,0.42018566,0.64720905,0.62087566,0.6339172,5.480011753603395,0.0,0.0
106559,1103950,0.010768771,-0.017777205,0.024212494,0.014552908,10,0.0,176094,1873640,0.6978953,0.738598,0.67371595,0.6895737,0.70866406,0.7208208,0.69792837,0.7041266,14558,155613.682639122,0.6958189,0.6983395,0.6115265,0.6354004,5.493859413237041,0.0,0.0
106591,1104270,-0.055678368,0.011645856,0.013614726,0.012594307,10,0.0,176192,1874620,0.7243484,0.6960634,0.69272375,0.6917431,0.66867006,0.70770925,0.7063384,0.7043374,14563,155625.223849535,0.60109115,0.66788685,0.63123,0.6389995,5.546799547454166,0.0,0.0
106618,1104540,0.024971068,0.011189843,0.010732071,0.012221974,10,0.0,176266,1875360,0.64296836,0.70321715,0.69563955,0.692033,0.6679394,0.71440697,0.70637167,0.704255,14567,155634.70954418182,0.6001406,0.68096626,0.64252985,0.64015025,32.69234786377149,0.0,0.0
106648,1104840,0.0017822981,0.00041149853,0.0025682373,0.010671231,10,0.0,176365,1876350,0.79011506,0.69931,0.7058213,0.6936663,0.79189736,0.6997215,0.70838946,0.7043375,14572,155646.1365456581,0.44424352,0.6180056,0.65763825,0.6417441,4.89696740436924,0.0,0.0
106683,1105190,0.0128490925,0.00029904844,0.015624962,0.011209695,10,0.0,176455,1877250,0.7140241,0.71533525,0.6890656,0.6931172,0.7268732,0.71073097,0.70489395,0.704329,14577,155657.74533343315,0.70411575,0.67917955,0.64234245,0.64051765,5.395858663449798,0.0,0.0
106714,1105500,0.029644847,-0.012766058,0.010685013,0.010538502,10,0.0,176554,1878240,0.62628067,0.72196543,0.69490373,0.6936771,0.6559255,0.7091993,0.7055887,0.70421565,14582,155669.2993531227,0.4498234,0.67124,0.64125764,0.6403869,5.004034911649513,0.0,0.0
106745,1105810,-0.0014418364,0.0016717911,0.0135604115,0.010209619,10,0.0,176646,1879160,0.7824276,0.7089516,0.6897161,0.69349223,0.7809858,0.7106234,0.70327646,0.7037019,14587,155680.80269789696,0.52103376,0.6787666,0.63178915,0.6395603,4.815824151800676,0.0,0.0
106780,1106160,0.0,0.041003384,0.0077027245,0.009667559,10,0.0,176737,1880070,0.6522203,0.6802995,0.6956893,0.6940468,0.6522203,0.72130287,0.7033921,0.7037144,14592,155692.5347175598,0.6522203,0.5957745,0.6280251,0.63943833,5.136248904615726,0.0,0.0
106807,1106430,-0.0019322634,0.017073676,0.0143404715,0.010250523,10,0.0,176835,1881050,0.71128184,0.67850745,0.68843,0.69303966,0.7093496,0.6955811,0.7027705,0.70329016,14597,155704.21719646454,0.6729284,0.6047672,0.6140897,0.63780385,4.420955327239238,0.0,0.0
106838,1106740,-0.01949811,0.051798064,0.016885035,0.010525003,10,0.0,176928,1881980,0.7612097,0.66117877,0.68792844,0.69272524,0.7417116,0.7129769,0.70481354,0.7032502,14602,155715.76371383667,0.7375551,0.590007,0.6187634,0.6377054,4.708495220561408,0.0,0.0
106873,1107090,0.033893824,0.029372621,0.021541828,0.011360916,10,0.0,177023,1882930,0.69054234,0.65885174,0.68135816,0.691637,0.72443616,0.6882243,0.7029,0.7029979,14607,155727.4641265869,0.69054234,0.5944645,0.6212857,0.6369277,5.317342738372484,0.0,0.0
106907,1107430,0.24165821,0.007416749,0.02245308,0.011585531,10,0.0,177117,1883870,0.45297766,0.6938058,0.6750343,0.69038695,0.69463587,0.7012226,0.6974874,0.7019725,14612,155738.95370030403,0.45297766,0.57479507,0.59734976,0.633307,5.535027029138472,0.0,0.0
106941,1107770,0.28265804,-0.029880136,0.016394405,0.011099728,10,0.0,177205,1884750,0.4083358,0.7492281,0.6827624,0.69096166,0.69099385,0.71934795,0.6991567,0.7020614,14617,155750.65394306183,0.4083358,0.6372627,0.60936636,0.6336082,5.41624730595447,0.0,0.0
106967,1108030,0.0042588115,-0.006433648,0.0061311168,0.011222195,10,0.0,177296,1885660,0.6927995,0.7231555,0.6958363,0.6909656,0.6970583,0.7167219,0.70196754,0.7021879,14622,155762.13823890686,0.6927995,0.7002717,0.6205502,0.6339643,4.796858502701783,0.0,0.0
107001,1108370,0.06675494,0.07392813,0.011315558,0.012266827,10,0.0,177383,1886530,0.5933958,0.64655316,0.6962694,0.69010925,0.66015077,0.7204813,0.7075851,0.702376,14627,155773.55291557312,0.46799037,0.59614915,0.64296186,0.63278097,5.470865318858287,0.0,0.0
107027,1108630,0.058696628,0.01259948,0.010598182,0.012189219,10,0.0,177468,1887380,0.72991645,0.6963247,0.6962149,0.69000214,0.7886131,0.7089242,0.70681304,0.70219135,14631,155782.90838336945,0.6723394,0.6560349,0.6301883,0.6313131,13.821103169660363,0.0,0.0
107056,1108920,0.16947412,-0.010879934,0.015193143,0.012216139,10,0.0,177551,1888210,0.58850193,0.72227216,0.6916782,0.6900699,0.75797606,0.7113922,0.70687133,0.702286,14636,155794.30909228325,0.58850193,0.7018958,0.62493306,0.6309571,4.958084526022442,0.0,0.0
107088,1109240,0.057978988,0.018657956,0.018701773,0.012760924,10,0.0,177640,1889100,0.6996843,0.68208003,0.68637323,0.68981653,0.7576633,0.700738,0.70507514,0.7025774,14641,155805.62438559532,0.3981882,0.626693,0.6196159,0.6313164,4.894117822772498,0.0,0.0
107120,1109560,0.031208575,0.009922862,0.016370457,0.013155077,10,0.0,177731,1890010,0.70372814,0.6917675,0.692031,0.6896664,0.7349367,0.7016903,0.70840156,0.70282143,14646,155817.26731300354,0.70372814,0.60529786,0.63445723,0.63127416,4.713905552946899,0.0,0.0
107155,1109910,-0.0060736537,0.0655944,0.022049446,0.013614563,10,0.0,177819,1890890,0.7053503,0.64447767,0.6882009,0.6898921,0.6992766,0.7100721,0.7102504,0.7035066,14651,155828.6281454563,0.6992766,0.6124849,0.6414274,0.6326541,5.926326156037307,0.0,0.0
107185,1110210,-0.0217973,-0.01400125,0.018736446,0.014042905,10,0.0,177911,1891810,0.7057054,0.73717535,0.692524,0.6897247,0.6839081,0.7231741,0.71126056,0.7037676,14656,155840.60762000084,0.474808,0.6982115,0.6369533,0.6314723,4.5472669534684815,0.0,0.0
107220,1110560,-0.08150619,-0.0031226457,0.013790066,0.0133138215,10,0.0,178004,1892740,0.7563669,0.70575464,0.69420403,0.69048756,0.6748607,0.70263207,0.70799416,0.7038014,14661,155852.11909508705,0.4385131,0.62551814,0.6414256,0.6321092,4.718107863156892,0.0,0.0
107250,1110860,-0.07715356,0.022733176,0.013304643,0.012876525,10,0.0,178098,1893680,0.75562733,0.6795453,0.6929472,0.6908552,0.6784738,0.7022785,0.7062519,0.7037317,14666,155863.65755438805,0.39741376,0.5784712,0.6159561,0.6300005,5.066398958576554,0.0,0.0
107284,1111200,-0.0186072,0.06693232,0.01813923,0.013757214,10,0.0,178194,1894640,0.7644333,0.6349064,0.6866196,0.6899216,0.7458261,0.70183885,0.7047588,0.7036789,14671,155875.23366069794,0.37932298,0.6248777,0.61010075,0.6277923,4.665167262598403,0.0,0.0
107319,1111550,0.22504207,0.022602811,0.020504767,0.014028705,10,0.0,178286,1895560,0.4421998,0.6788023,0.6821005,0.6895882,0.6672419,0.70140517,0.7026052,0.70361686,14676,155886.67944526672,0.4421998,0.6431917,0.5931926,0.6268776,5.664708922728517,0.0,0.0
107346,1111820,0.30922633,-0.00040902494,0.02318657,0.0145424185,10,0.0,178381,1896510,0.36755097,0.69748604,0.67606515,0.6888378,0.6767773,0.697077,0.6992517,0.7033802,14681,155898.15975999832,0.36755097,0.612839,0.59757936,0.6256437,5.810786304218472,0.0,0.0
107379,1112150,0.34071478,0.06572984,0.02655316,0.015806027,10,0.0,178473,1897430,0.39984217,0.6271131,0.6722889,0.68772215,0.74055696,0.6928429,0.698842,0.70352817,14686,155909.6860575676,0.39984217,0.57881767,0.603044,0.6248607,4.857943818720329,0.0,0.0
107412,1112480,-0.028647244,-0.009570146,0.028027477,0.016340015,10,0.0,178568,1898380,0.69618714,0.71887064,0.6727777,0.6873056,0.6675399,0.7116425,0.7010772,0.7036548,14691,155921.1282942295,0.4154063,0.60403764,0.6012435,0.62307334,5.046011744059907,0.0,0.0
107446,1112820,0.0035983324,0.04480254,0.028926557,0.017325727,10,0.0,178659,1899290,0.6954735,0.6519738,0.6736502,0.6861856,0.6990718,0.69677633,0.70257676,0.70351136,14696,155932.5227482319,0.32473257,0.604183,0.5960862,0.6204101,5.434812439350321,0.0,0.0
107478,1113140,-0.01828885,0.017105203,0.019642357,0.017154548,10,0.0,178750,1900200,0.7654906,0.6983848,0.6853528,0.6868984,0.74720174,0.71549004,0.7049952,0.704053,14701,155943.7416331768,0.6851437,0.6684618,0.6080742,0.62059546,5.556217319516832,0.0,0.0
107506,1113420,-0.0064585805,0.022937149,0.023826921,0.017189609,10,0.0,178841,1901110,0.6932996,0.69030744,0.682381,0.6871514,0.686841,0.71324456,0.7062079,0.704341,14706,155955.13180923462,0.680511,0.64252007,0.6195587,0.6214206,4.984913232666144,0.0,0.0
107542,1113780,0.008871675,-0.004632765,0.018197753,0.016272932,10,0.0,178928,1901980,0.70644563,0.72314465,0.6894746,0.6884238,0.7153173,0.71851194,0.7076723,0.7046968,14711,155966.6342701912,0.70644563,0.6595652,0.6337082,0.62340707,5.5331833035564815,0.0,0.0
107571,1114070,-0.03527254,0.03724116,0.015503133,0.016598636,10,0.0,179022,1902920,0.6859939,0.6715365,0.69413316,0.68816197,0.6507214,0.70877767,0.70963615,0.7047606,14716,155978.00666737556,0.4175122,0.64403874,0.63920134,0.6228959,5.7376834790221745,0.0,0.0
107601,1114370,0.06936246,-0.00272097,0.012543163,0.017360885,10,0.0,179102,1903720,0.69906086,0.6994672,0.69382834,0.6872526,0.7684233,0.69674623,0.70637155,0.7046134,14721,155989.53780174255,0.65123767,0.61512816,0.6376488,0.6215054,4.628943255961788,0.0,0.0
107635,1114710,-0.033383906,-0.0035726489,0.009358373,0.01675467,10,0.0,179197,1904670,0.7407737,0.72197735,0.7018285,0.68819886,0.7073898,0.7184047,0.7111868,0.7049535,14726,156000.93751502037,0.45842183,0.62892294,0.6451157,0.62199295,4.9326658762115265,0.0,0.0
107664,1115000,0.05521649,0.0036337972,0.01821596,0.016722009,10,0.0,179287,1905570,0.70004106,0.68585646,0.68877596,0.68832934,0.75525755,0.68949026,0.7069918,0.7050513,14731,156012.31891012192,0.6764581,0.65187645,0.64594096,0.6234054,4.626836397700825,0.0,0.0
107703,1115390,0.0,0.061198074,0.018574169,0.017572265,10,0.0,179373,1906430,0.7444015,0.63612205,0.6886947,0.687371,0.7444015,0.6973201,0.7072689,0.7049433,14736,156023.65177965164,0.7444015,0.6000756,0.64114267,0.6223198,5.536174044485227,0.0,0.0
107729,1115650,-0.0077987313,0.002690041,0.022328027,0.01771343,10,0.0,179467,1907370,0.66086924,0.70878637,0.68478316,0.6876601,0.6530705,0.7114764,0.7071111,0.7053735,14741,156035.2628531456,0.3844989,0.6199791,0.6308252,0.6226214,4.930296143092826,0.0,0.0
107763,1115990,0.022686362,-0.0030321418,0.021691285,0.01886567,10,0.0,179565,1908350,0.7257471,0.7031819,0.6832144,0.6864367,0.7484335,0.7001498,0.7049057,0.70530236,14746,156046.78672122955,0.7026105,0.6584152,0.62510663,0.62203586,5.610973916347165,0.0,0.0
107798,1116340,0.0026720166,0.036640037,0.024400705,0.018618742,10,0.0,179651,1909210,0.67270416,0.6670481,0.6816959,0.68660414,0.6753762,0.70368814,0.7060966,0.7052229,14751,156058.18359827995,0.67270416,0.57757,0.6219562,0.62224984,5.200488220272449,0.0,0.0
107829,1116650,-0.061320722,0.03489149,0.026067216,0.019192083,10,0.0,179735,1910050,0.76975036,0.6699624,0.6760173,0.68579113,0.70842963,0.7048539,0.70208466,0.70498323,14756,156069.47037124634,0.6938015,0.5468378,0.6085701,0.6206591,6.115582845414987,0.0,0.0
107859,1116950,0.0,0.03956011,0.026788184,0.018875029,10,0.0,179821,1910910,0.7549017,0.657982,0.67396635,0.6859965,0.7549017,0.69754213,0.70075464,0.70487154,14761,156080.89479923248,0.7549017,0.590994,0.5931178,0.6198655,4.470083094463041,0.0,0.0
107893,1117290,0.08123326,0.016946819,0.026500273,0.019133754,10,0.0,179913,1911830,0.5986344,0.6845807,0.67582685,0.6862045,0.6798677,0.7015275,0.7023272,0.7053382,14766,156092.4735519886,0.5986344,0.60525954,0.59421927,0.62066996,5.225517564701583,0.0,0.0
107926,1117620,0.23916796,0.057517953,0.037109558,0.020478899,10,0.0,180005,1912750,0.4436234,0.64388764,0.6677695,0.68493086,0.68279135,0.7014055,0.704879,0.7054097,14771,156103.9698960781,0.4436234,0.5582182,0.5917871,0.61952025,5.5055490573316614,0.0,0.0
107958,1117940,0.007715106,0.016385853,0.039667003,0.021600673,10,0.0,180096,1913660,0.6543265,0.66750735,0.6631062,0.683588,0.6620416,0.6838932,0.7027732,0.7051887,14776,156115.53445792198,0.37763655,0.572364,0.5960225,0.61848974,5.311401057188525,0.0,0.0
107985,1118210,0.015507162,0.009542793,0.033518624,0.022025686,10,0.0,180188,1914580,0.73852915,0.70223945,0.6685021,0.68300694,0.7540363,0.7117823,0.7020207,0.7050326,14781,156127.01470899582,0.69629264,0.6113869,0.5902763,0.6155846,4.627760911936033,0.0,0.0
108020,1118560,0.03646642,0.050266672,0.03223314,0.02249722,10,0.0,180277,1915470,0.6789596,0.6411392,0.6686568,0.6825093,0.715426,0.6914059,0.70088995,0.7050065,14786,156138.2959444523,0.48896357,0.5578984,0.58710104,0.6159625,5.706734043153878,0.0,0.0
108045,1118810,0.22873929,0.02248038,0.030225243,0.022783631,10,0.0,180354,1916240,0.4574977,0.6670747,0.67123485,0.68209463,0.686237,0.689555,0.70146006,0.7048782,14790,156147.97453570366,0.4574977,0.58838505,0.5830456,0.615093,15.873511587694038,0.0,0.0
108080,1119160,0.010654151,0.013363665,0.030445034,0.023272766,10,0.0,180447,1917170,0.720572,0.6875648,0.6743414,0.6816326,0.73122615,0.7009285,0.7047863,0.7049053,14795,156159.6654844284,0.5297068,0.5673641,0.58469576,0.61272144,5.399761984826147,0.0,0.0
108109,1119450,-0.07139158,0.031779192,0.038775805,0.024210308,10,0.0,180547,1918170,0.7638575,0.684286,0.6634747,0.6802764,0.6924659,0.7160653,0.70225054,0.70448667,14800,156171.41187238693,0.62646437,0.65866363,0.58416736,0.61121655,4.627140614502398,0.0,0.0
108141,1119770,0.019704878,0.030264735,0.038319707,0.02493335,10,0.0,180641,1919110,0.6835812,0.65921414,0.66327703,0.6791985,0.70328605,0.68947893,0.70159686,0.70413184,14805,156183.0034453869,0.6835812,0.59261036,0.58059233,0.60905105,4.673418676653732,0.0,0.0
108172,1120080,-0.003465712,0.033814937,0.04626663,0.025878886,10,0.0,180732,1920020,0.73481506,0.65238935,0.65575266,0.6782366,0.73134935,0.6862043,0.70201945,0.7041155,14810,156194.522005558,0.50843126,0.5196346,0.57681113,0.60714775,4.675642714931319,0.0,0.0
108205,1120410,0.040816486,0.03670402,0.041713748,0.026909616,10,0.0,180825,1920950,0.68421674,0.6490462,0.659663,0.67675346,0.7250332,0.6857502,0.70137674,0.7036631,14815,156206.0452439785,0.6740151,0.52410626,0.5735647,0.60450035,4.782799771664661,0.0,0.0
108236,1120720,0.35735688,0.08397402,0.04518524,0.028645642,10,0.0,180923,1921930,0.35027716,0.6269169,0.65657586,0.67498523,0.70763403,0.7108909,0.70176107,0.7036308,14820,156217.65289235115,0.35027716,0.5168452,0.5729643,0.6037398,4.98065593595583,0.0,0.0
108268,1121040,0.08126032,0.011941975,0.04358077,0.029252818,10,0.0,181014,1922840,0.71756893,0.6834833,0.65279627,0.67388046,0.79882926,0.69542533,0.69637686,0.7031332,14825,156229.3563296795,0.71756893,0.56096333,0.55126405,0.60116875,4.593849966359114,0.0,0.0
108299,1121350,0.33225703,0.06714034,0.052175246,0.030146487,10,0.0,181109,1923790,0.33614278,0.63509864,0.6480772,0.6732099,0.6683998,0.702239,0.7002525,0.7033564,14830,156240.93428874016,0.33614278,0.5457741,0.55045676,0.6004842,5.149613420240983,0.0,0.0
108332,1121680,-0.062026024,0.067063965,0.060078762,0.03166826,10,0.0,181198,1924680,0.7856831,0.64543235,0.6408915,0.6720741,0.7236571,0.71249646,0.7009703,0.7037423,14835,156252.59013915062,0.6516833,0.55454856,0.545344,0.598965,5.136150786653343,0.0,0.0
108361,1121970,-0.023262024,0.0017753899,0.064836144,0.032961458,10,0.0,181280,1925500,0.7415327,0.71693826,0.64167655,0.6708335,0.71827066,0.7119079,0.7060116,0.7038264,14839,156261.95148730278,0.7085736,0.6031844,0.56435823,0.5975311,18.987488812725132,0.0,0.0
108392,1122280,0.0017102361,0.04051398,0.06745212,0.033791672,10,0.0,181372,1926420,0.7235827,0.6547556,0.6353987,0.6699869,0.7252929,0.69526947,0.7028509,0.70377856,14844,156273.31654644012,0.62068355,0.56817204,0.5645986,0.5968683,5.82015740483643,0.0,0.0
108423,1122590,0.06466299,0.11134174,0.073114365,0.035953723,10,0.0,181462,1927320,0.62819314,0.5810487,0.62723434,0.66752064,0.69285613,0.69239056,0.70034873,0.70347434,14849,156284.77913284302,0.3539117,0.5376989,0.5596245,0.59553844,5.146822913899305,0.0,0.0
108456,1122920,0.029127717,0.043505255,0.055421114,0.036227714,10,0.0,181547,1928170,0.6942273,0.64547354,0.6440286,0.66711617,0.723355,0.6889788,0.6994498,0.70334387,14854,156296.34731984138,0.55688053,0.5796361,0.56240964,0.59424454,5.737721154377561,0.0,0.0
108485,1123210,0.07466042,0.08203612,0.06370402,0.03768528,10,0.0,181641,1929110,0.68280417,0.6244738,0.63303,0.66526145,0.7574646,0.7065099,0.696734,0.7029468,14859,156307.89270973206,0.33948326,0.5522903,0.55251503,0.59127104,4.683811479643256,0.0,0.0
108518,1123540,-0.08736265,0.020072127,0.052062355,0.038316544,10,0.0,181731,1930010,0.76139975,0.6944799,0.65081114,0.66494316,0.6740371,0.7155681,0.70280457,0.70330125,14864,156319.16839838028,0.4009528,0.5887337,0.55984664,0.5897138,4.7666656703686145,0.0,0.0
108552,1123880,-0.097067475,0.058567442,0.05527473,0.04002571,10,0.0,181816,1930860,0.7621518,0.64928937,0.6484225,0.66283095,0.6650843,0.7104694,0.7038795,0.7028292,14869,156330.59181022644,0.66443586,0.6212371,0.56407726,0.5863294,4.835122068184805,0.0,0.0
108581,1124170,0.017797828,0.02775007,0.044086166,0.04029937,10,0.0,181905,1931750,0.6800534,0.67317253,0.66148484,0.66229993,0.69785124,0.7009226,0.705571,0.7025993,14874,156342.0988690853,0.47492453,0.574952,0.58032423,0.5853633,4.546805065688658,0.0,0.0
108614,1124500,-0.0445565,0.029668912,0.03837191,0.041236784,10,0.0,181998,1932680,0.73802716,0.67524785,0.6634882,0.6612415,0.69347066,0.70491683,0.7018602,0.70247823,14879,156353.63863658905,0.68397766,0.61390555,0.5858828,0.58417565,4.550031367339369,0.0,0.0
108645,1124810,-0.08220464,0.01745925,0.026212055,0.041200723,10,0.0,182084,1933540,0.7452688,0.6954628,0.6774136,0.66083694,0.6630642,0.71292204,0.7036256,0.70203763,14884,156365.07570004463,0.5360399,0.615352,0.60699445,0.5826321,5.908065389683609,0.0,0.0
108678,1125140,-0.023122191,-0.001868552,0.024714166,0.04148001,10,0.0,182172,1934420,0.6790215,0.69963247,0.6741445,0.6602172,0.6558993,0.69776386,0.69885874,0.70169723,14889,156376.55722546577,0.5303088,0.60933864,0.6004495,0.58104444,4.630566834583389,0.0,0.0
108709,1125450,0.32848215,0.028390009,0.020160528,0.04117486,10,0.0,182267,1935370,0.34724498,0.68116087,0.67909586,0.6605857,0.6757271,0.70955086,0.69925654,0.7017605,14894,156388.04131627083,0.34724498,0.6561753,0.6029252,0.5810667,4.674436918287091,0.0,0.0
108741,1125770,-0.07273263,0.022111809,0.024795607,0.041452713,10,0.0,182356,1936260,0.71763325,0.67800534,0.6734182,0.6598588,0.6449006,0.70011723,0.6982139,0.7013115,14899,156399.43653440475,0.42079708,0.49586946,0.57926184,0.5782903,6.039540717147078,0.0,0.0
108777,1126130,-0.00010484457,0.064332485,0.026032753,0.04162568,10,0.0,182445,1937150,0.798147,0.6382021,0.67624784,0.65975916,0.7980422,0.70253456,0.7022806,0.7013849,14904,156410.890645504,0.7980422,0.56882274,0.5867154,0.57688856,5.17040513857136,0.0,0.0
108809,1126450,0.0009365678,0.03111415,0.032748368,0.04202662,10,0.0,182536,1938060,0.6759113,0.6623708,0.6686262,0.6595001,0.6768479,0.6934849,0.70137453,0.70152676,14909,156422.50377941132,0.6759113,0.549578,0.5805695,0.57733315,5.177260807890393,0.0,0.0
108840,1126760,-0.012926698,0.03452025,0.034627266,0.04269221,10,0.0,182623,1938930,0.6878584,0.66863286,0.66901886,0.65876603,0.6749317,0.7031532,0.7036462,0.7014583,14914,156433.99106311798,0.6749317,0.60252106,0.5882459,0.57641333,4.836237094501572,0.0,0.0
108872,1127080,-0.0063388944,0.04585773,0.045675155,0.043558422,10,0.0,182720,1939900,0.7064909,0.6614639,0.65712255,0.65799814,0.700152,0.7073217,0.7027977,0.7015565,14919,156445.8844563961,0.6780684,0.59306204,0.5822607,0.5758955,4.933674877922747,0.0,0.0
108905,1127410,-0.090323746,0.026857266,0.04650949,0.043353073,10,0.0,182814,1940840,0.7371776,0.6865797,0.65472597,0.65803987,0.64685386,0.71538514,0.7021166,0.7014259,14924,156457.44686889648,0.38746876,0.58150774,0.5842364,0.576565,5.259112909383927,0.0,0.0
108937,1127730,0.061760783,0.03674998,0.04388026,0.043415595,10,0.0,182905,1941750,0.7099619,0.66054285,0.6612884,0.6581783,0.7717227,0.6972928,0.70516866,0.701594,14929,156468.93374037743,0.6965086,0.5762269,0.5979638,0.57662183,5.7504065711662005,0.0,0.0
108967,1128030,0.15119326,0.105229,0.0511057,0.044611305,10,0.0,182995,1942650,0.5358385,0.5868359,0.65383077,0.65739644,0.68703175,0.6920649,0.7049365,0.7020077,14934,156480.6182165146,0.32793567,0.5380226,0.5935167,0.5762655,4.950575731236978,0.0,0.0
108999,1128350,-0.031289577,0.016999364,0.043088045,0.044716828,10,0.0,183092,1943620,0.68956053,0.68988043,0.6610853,0.656633,0.65827096,0.70687973,0.7041733,0.70134985,14939,156492.3329384327,0.62173367,0.6059147,0.5869762,0.5756985,4.868691256225152,0.0,0.0
109033,1128690,-0.0644266,0.066831216,0.045422226,0.044951923,10,0.0,183186,1944560,0.707332,0.6296692,0.654561,0.65651,0.6429054,0.69657385,0.7007803,0.701507,14944,156503.97103786469,0.64192206,0.5869655,0.59015834,0.5772577,5.437338246374204,0.0,0.0
109062,1128980,-0.022406638,0.036031574,0.036440097,0.04488263,10,0.0,183277,1945470,0.79279596,0.6819781,0.6644371,0.65676564,0.7703893,0.71800977,0.70087725,0.7016483,14949,156515.71722245216,0.650691,0.6086062,0.5907678,0.57743216,4.936399328349979,0.0,0.0
109098,1129340,-0.058924317,0.03245185,0.032153774,0.044532318,10,0.0,183371,1946410,0.7014204,0.6674346,0.67189294,0.65721864,0.6424961,0.69988644,0.7040467,0.701751,14954,156527.39742207527,0.6424961,0.57870877,0.60296226,0.5783192,5.2776199332103575,0.0,0.0
109130,1129660,0.0,0.044613987,0.03740647,0.044907257,10,0.0,183464,1947340,0.71585876,0.65270245,0.66543335,0.65667933,0.71585876,0.69731647,0.7028398,0.7015866,14959,156539.0510339737,0.71585876,0.59951675,0.59491533,0.5782308,5.356132064930413,0.0,0.0
109162,1129980,0.0041059256,0.04694972,0.039853584,0.044534042,10,0.0,183560,1948300,0.72244954,0.64519936,0.65980357,0.6565526,0.72655547,0.6921491,0.69965696,0.70108664,14964,156550.87377810478,0.35827577,0.52189827,0.59282976,0.57768625,5.598725174310094,0.0,0.0
109190,1130260,-0.005517125,-0.016012687,0.036813706,0.043963473,10,0.0,183652,1949220,0.66902137,0.72226876,0.66040397,0.65729165,0.66350424,0.70625603,0.69721764,0.7012551,14969,156562.69961857796,0.66350424,0.69413483,0.5920278,0.57935756,5.731868573980569,0.0,0.0
109222,1130580,0.08182877,0.057809383,0.03417336,0.04389912,10,0.0,183748,1950180,0.6951458,0.6365501,0.6630747,0.6571239,0.77697456,0.6943595,0.697248,0.701023,14974,156574.4588918686,0.4055811,0.55077535,0.59959215,0.5798744,5.4581522539728144,0.0,0.0
109256,1130920,0.265358,0.03877584,0.020110028,0.04177472,10,0.0,183842,1951120,0.46759906,0.67925984,0.6865051,0.66038185,0.73295707,0.71803564,0.7066151,0.7021566,14979,156586.07212209702,0.46759906,0.5796717,0.6200975,0.5844844,5.609479842041863,0.0,0.0
109284,1131200,0.32153445,0.023408726,0.018921463,0.04126407,10,0.0,183928,1951980,0.36965895,0.67727757,0.6886612,0.6608895,0.6911934,0.70068634,0.7075827,0.7021536,14984,156597.76713061333,0.36965895,0.64046943,0.63276255,0.5873427,4.7351173820966155,0.0,0.0
109315,1131510,0.05287224,0.03573725,0.024418885,0.040450968,10,0.0,184011,1952810,0.68150806,0.6448444,0.6839575,0.6617806,0.7343803,0.68058157,0.7083764,0.7022316,14988,156607.24265313148,0.609734,0.62041,0.6167764,0.5877727,12.765367396193797,0.0,0.0
109344,1131800,0.008654952,0.012726545,0.032059096,0.03965396,10,0.0,184094,1953640,0.73210603,0.70365834,0.67329115,0.66253,0.740761,0.71638495,0.70535016,0.702184,14993,156619.11378097534,0.6565345,0.6919989,0.606584,0.5889435,5.759175703916889,0.0,0.0
109374,1132100,-0.03544253,0.023600658,0.03194296,0.03839747,10,0.0,184194,1954640,0.73851806,0.67112243,0.6736223,0.66378623,0.7030755,0.694723,0.7055652,0.7021837,14998,156630.78683710098,0.43242785,0.57934284,0.5965791,0.58924377,5.237247340485308,0.0,0.0
109410,1132460,0.0,0.012740833,0.02730058,0.036703926,10,0.0,184278,1955480,0.69944847,0.6818841,0.6727433,0.66556984,0.69944847,0.6946249,0.7000439,0.70227367,15003,156642.30199551582,0.69944847,0.5417389,0.59235334,0.5901873,5.539393339078353,0.0,0.0
109443,1132790,-0.012856364,0.012353629,0.022842951,0.035651453,10,0.0,184366,1956360,0.7155157,0.67534983,0.6776447,0.66655004,0.7026593,0.68770343,0.7004875,0.70220155,15008,156653.68214178085,0.3643083,0.5280787,0.58755857,0.59119,5.533997312102479,0.0,0.0
109474,1133100,-0.08732444,0.07261094,0.033166446,0.035637453,10,0.0,184450,1957200,0.77696013,0.6453171,0.66697204,0.66698986,0.6896357,0.717928,0.70013845,0.7026273,15013,156665.13486599922,0.6886909,0.545771,0.57871914,0.591655,5.371045223893861,0.0,0.0
109502,1133380,0.042262256,0.016710859,0.03595966,0.034246486,10,0.0,184540,1958100,0.70614123,0.68475264,0.66442513,0.66803074,0.7484035,0.7014635,0.70038486,0.70227724,15018,156676.44979405403,0.70614123,0.63623255,0.57810545,0.59259546,5.161143613732274,0.0,0.0
109534,1133700,0.26334053,0.06299616,0.0347915,0.03390399,10,0.0,184612,1958820,0.3924123,0.6464609,0.67119646,0.6688386,0.65575284,0.70945704,0.705988,0.7027427,15022,156685.79400992393,0.3924123,0.6115083,0.6009592,0.5955582,14.631745586549538,0.0,0.0
109562,1133980,-0.091042936,0.027657846,0.027735148,0.033399425,10,0.0,184703,1959730,0.7597657,0.6833619,0.67934495,0.66921175,0.66872275,0.7110197,0.70708007,0.70261115,15027,156697.30069041252,0.41798,0.61233985,0.6076558,0.5954022,5.597114372225166,0.0,0.0
109591,1134270,0.22953916,0.03407749,0.02173961,0.03253641,10,0.0,184796,1960660,0.46829677,0.6605549,0.68536186,0.67030615,0.6978359,0.6946324,0.70710146,0.7028426,15032,156708.83548164368,0.38050678,0.554996,0.6044632,0.59464306,5.679008701630884,0.0,0.0
109627,1134630,0.014530182,0.060913943,0.031707015,0.0332381,10,0.0,184881,1961510,0.6367535,0.62499434,0.6710355,0.6694838,0.6512837,0.6859084,0.70274264,0.70272183,15037,156720.24120473862,0.6367535,0.44349122,0.5639776,0.59200466,6.059869307599586,0.0,0.0
109661,1134970,-0.02104485,0.076886356,0.04547827,0.034815002,10,0.0,184969,1962390,0.74146914,0.62676823,0.6546939,0.66777265,0.7204243,0.7036545,0.7001722,0.70258766,15042,156731.6293501854,0.4363517,0.57861793,0.54245585,0.59013253,5.746808279462623,0.0,0.0
109694,1135300,-0.0074384212,0.013088971,0.04301732,0.034835786,10,0.0,185066,1963360,0.7151907,0.7051895,0.65957975,0.66836226,0.7077523,0.7182785,0.70259714,0.7031981,15047,156743.08093690872,0.7070988,0.60644805,0.5524138,0.5900754,4.808110789001481,0.0,0.0
109721,1135570,0.16415083,0.08313553,0.051141795,0.035584662,10,0.0,185158,1964280,0.53192437,0.6158422,0.65458536,0.6679861,0.6960752,0.69897765,0.70572734,0.7035707,15052,156755.04179883003,0.51301336,0.5405942,0.5585727,0.58932024,4.9527831112181735,0.0,0.0
109756,1135920,0.38089934,0.06587933,0.04618415,0.03688074,10,0.0,185254,1965240,0.3587393,0.6439495,0.6636453,0.66682214,0.7396386,0.7098288,0.7098295,0.70370287,15057,156766.68036293983,0.3587393,0.53978986,0.5737305,0.588976,5.372170688927752,0.0,0.0
109787,1136230,0.14592314,0.027667439,0.050895624,0.037214924,10,0.0,185346,1966160,0.5582731,0.67673427,0.65830046,0.6665159,0.7041962,0.7044017,0.7091961,0.7037307,15062,156778.26312065125,0.5582731,0.6065315,0.56934905,0.58789945,6.180561582828185,0.0,0.0
109820,1136560,0.28152966,0.06837596,0.058349486,0.038580164,10,0.0,185435,1967050,0.41937703,0.63680375,0.64649475,0.665083,0.7009067,0.7051797,0.70484424,0.7036631,15067,156789.72085809708,0.40833265,0.52030605,0.55848277,0.5868206,5.61259796411543,0.0,0.0
109849,1136850,-0.013552368,-0.010052961,0.049169198,0.038122702,10,0.0,185524,1967940,0.77333856,0.73312914,0.6568772,0.6657611,0.7597862,0.7230762,0.70604646,0.7038838,15072,156800.95410084724,0.41016394,0.65952134,0.5650096,0.5872972,4.881201857049805,0.0,0.0
109883,1137190,0.28907797,0.061915718,0.06623819,0.039224472,10,0.0,185614,1968840,0.44685373,0.6420573,0.6392931,0.66487074,0.7359317,0.70397294,0.7055313,0.70409524,15077,156812.52169966698,0.44685373,0.5655238,0.56642723,0.5862987,4.587739853095773,0.0,0.0
109912,1137480,0.25366986,0.0969203,0.07071734,0.04062178,10,0.0,185702,1969720,0.4430356,0.5964355,0.63252443,0.662933,0.69670546,0.6933558,0.70324165,0.7035547,15082,156824.05916786194,0.4205408,0.5092178,0.55081713,0.583424,5.149335877122228,0.0,0.0
109948,1137840,0.036143303,0.024642348,0.07520029,0.041899737,10,0.0,185790,1970600,0.60386896,0.6689639,0.6258999,0.66151404,0.64001226,0.6936063,0.7011002,0.7034138,15087,156835.59020209312,0.42279178,0.53654236,0.5521954,0.5815275,5.072882016630445,0.0,0.0
109978,1138140,0.27418885,0.06466492,0.06821211,0.041333947,10,0.0,185878,1971480,0.42061803,0.62913585,0.6315978,0.662245,0.6948069,0.69380075,0.69980997,0.703579,15092,156846.9308719635,0.42061803,0.4845913,0.5405056,0.5813485,5.712199292005557,0.0,0.0
110008,1138440,0.21032473,0.10307415,0.074759774,0.042800102,10,0.0,185964,1972340,0.4324052,0.595524,0.62642246,0.6607491,0.64272994,0.6985982,0.7011823,0.7035492,15097,156858.4159514904,0.36731303,0.51513463,0.53320456,0.5790376,4.697015729830753,0.0,0.0
110039,1138750,0.2472133,0.06605261,0.07438762,0.0445436,10,0.0,186059,1973290,0.47893858,0.62622845,0.62249684,0.65871966,0.7261519,0.6922811,0.6968844,0.7032632,15102,156870.00221920013,0.47893858,0.56486243,0.5204721,0.57631993,4.942331857418522,0.0,0.0
110077,1139130,0.2008459,0.08682512,0.076975316,0.045602415,10,0.0,186147,1974170,0.5115423,0.60524076,0.62034756,0.6572547,0.7123882,0.6920659,0.6973229,0.7028571,15107,156881.46635317802,0.3721985,0.533159,0.52050924,0.57411253,5.147471613641161,0.0,0.0
110103,1139390,0.27698922,0.055762548,0.06823602,0.04582099,10,0.0,186237,1975070,0.45836008,0.6365123,0.62821543,0.6569985,0.7353493,0.6922748,0.6964515,0.70281947,15112,156893.12549448013,0.45836008,0.51815736,0.53069013,0.57203615,4.836716156194083,0.0,0.0
110137,1139730,0.3012118,0.050874252,0.062240563,0.047067855,10,0.0,186320,1975900,0.42160383,0.66928285,0.63772374,0.65609515,0.72281563,0.7201571,0.6999642,0.703163,15117,156904.63785624504,0.42160383,0.613314,0.5525416,0.5715225,5.959551022861334,0.0,0.0
110171,1140070,0.41526532,0.038927816,0.056345824,0.0468964,10,0.0,186409,1976790,0.32694578,0.654739,0.644285,0.6565537,0.7422111,0.6936668,0.70063096,0.7034501,15122,156916.14410328865,0.32694578,0.5276041,0.5627566,0.5719109,5.233926060991159,0.0,0.0
110205,1140410,0.23681325,0.09080172,0.05302957,0.04812622,10,0.0,186491,1977610,0.43300146,0.6232108,0.651347,0.6555215,0.6698147,0.70049495,0.7048941,0.7035299,15127,156927.55695796013,0.43300146,0.5153434,0.57039666,0.56930053,5.370435908480269,0.0,0.0
110233,1140690,0.31699938,0.009734261,0.04748826,0.049046874,10,0.0,186585,1978550,0.33823007,0.6834558,0.6558334,0.6541909,0.65522945,0.69319016,0.7033215,0.7032377,15132,156939.0960674286,0.33823007,0.62583697,0.5723401,0.56835985,5.223460479801219,0.0,0.0
110269,1141050,-0.012296081,0.031125152,0.054868307,0.050029397,10,0.0,186673,1979430,0.7016245,0.67052567,0.6448519,0.6527195,0.68932843,0.7016508,0.6997203,0.7027489,15137,156950.50464224815,0.3832402,0.56093484,0.56092733,0.56594336,5.270166285945483,0.0,0.0
110297,1141330,0.30036443,0.08544724,0.058728445,0.05117998,10,0.0,186759,1980290,0.43361908,0.60832304,0.64063746,0.65144074,0.7339835,0.69377035,0.6993659,0.7026207,15142,156962.20805549622,0.32893634,0.46606565,0.54658675,0.56270105,4.645213993285417,0.0,0.0
110328,1141640,-0.08197844,-0.0012597382,0.042231966,0.050974824,10,0.0,186848,1981180,0.78638345,0.7097012,0.65858084,0.6518106,0.704405,0.70844144,0.70081276,0.70278543,15147,156973.7585477829,0.35951075,0.5959844,0.55097604,0.562278,4.561345927999686,0.0,0.0
110362,1141980,0.11568773,0.09880207,0.047065035,0.05183774,10,0.0,186936,1982060,0.55984354,0.6006621,0.6543037,0.65053797,0.67553127,0.69946426,0.70129496,0.7023733,15152,156985.19374108315,0.55984354,0.5584808,0.54515713,0.5600206,4.755933629032541,0.0,0.0
110394,1142300,0.008169591,0.051080495,0.044351224,0.052577566,10,0.0,187026,1982960,0.725108,0.65700734,0.65421695,0.64993125,0.7332776,0.70808786,0.70080155,0.702467,15157,156996.63230156898,0.5518892,0.5570596,0.55577606,0.5592841,5.930427022010272,0.0,0.0
110426,1142620,0.35037193,0.06520744,0.06909964,0.054892544,10,0.0,187114,1983840,0.35061404,0.6219688,0.62907773,0.6474433,0.70098597,0.6871762,0.6976365,0.7024646,15162,157008.26066541672,0.35061404,0.5698269,0.5402504,0.5571188,4.458104771048696,0.0,0.0
110456,1142920,0.27307042,0.056440376,0.081376664,0.056782447,10,0.0,187203,1984730,0.40102926,0.6537651,0.61793125,0.6456296,0.6740997,0.71020544,0.6993078,0.70240027,15167,157019.80571985245,0.40102926,0.59526956,0.54136133,0.5557671,4.9743732791386535,0.0,0.0
110488,1143240,0.25670028,0.10077834,0.0871952,0.057948925,10,0.0,187294,1985640,0.46707863,0.5918182,0.6121638,0.64448756,0.7237789,0.69259655,0.6993589,0.7024338,15172,157031.55765748024,0.46707863,0.48766857,0.5296161,0.5549279,4.534956803720774,0.0,0.0
110520,1143560,0.04135549,0.01413635,0.084115356,0.05986385,10,0.0,187377,1986470,0.6082855,0.7046566,0.6164195,0.64220774,0.649641,0.718793,0.70053476,0.70206773,15177,157042.8820195198,0.3698969,0.6068249,0.54206854,0.5517274,4.817009956155064,0.0,0.0
110552,1143880,0.3009648,0.071319714,0.073457934,0.06089594,10,0.0,187474,1987440,0.46096823,0.65091336,0.62738603,0.6409539,0.761933,0.72223306,0.700844,0.70188904,15182,157054.84072852135,0.46096823,0.5458172,0.54705423,0.5501394,4.6743092882403285,0.0,0.0
110586,1144220,0.053118825,-0.014555949,0.055682335,0.06142258,10,0.0,187564,1988340,0.6456671,0.71786773,0.6443713,0.6400968,0.6987859,0.7033118,0.70005363,0.7015225,15187,157066.5079445839,0.6456671,0.5940507,0.560922,0.5498759,4.9408233802512616,0.0,0.0
110619,1144550,0.024046123,0.029419202,0.03209839,0.060348596,10,0.0,187656,1989260,0.7025492,0.6804531,0.6688737,0.64121974,0.72659534,0.70987236,0.70097214,0.70166796,15192,157078.26629543304,0.7025492,0.594895,0.57538986,0.55205774,4.220956384901181,0.0,0.0
110653,1144890,-0.06620985,0.0077082394,0.010219822,0.05786705,10,0.0,187752,1990220,0.7736069,0.7129432,0.694751,0.6440992,0.70739704,0.72065145,0.70497096,0.70227087,15197,157090.0435090065,0.70739704,0.6990635,0.6139963,0.55702925,5.400930813991595,0.0,0.0
110682,1145180,0.02915728,0.091912046,0.014485886,0.05842016,10,0.0,187850,1991200,0.6708121,0.6165176,0.69524735,0.64394766,0.69996935,0.70842963,0.7097331,0.7023894,15202,157101.69589829445,0.6708121,0.49770984,0.6256769,0.5574567,4.569144756006399,0.0,0.0
110705,1145410,0.1452834,0.03169328,0.017211236,0.05739271,10,0.0,187920,1991900,0.53461355,0.66035116,0.69102347,0.64446485,0.67989695,0.6920444,0.7082347,0.7020061,15206,157112.13399362564,0.39915553,0.64997613,0.63343585,0.5593391,4.612179956989096,0.0,0.0
110734,1145700,0.23668784,0.033358566,0.02665663,0.056496363,10,0.0,187996,1992660,0.4607802,0.6730496,0.6776899,0.64504355,0.69746804,0.7064082,0.70434654,0.7016295,15210,157121.8765923977,0.4607802,0.61971796,0.61900526,0.5594043,17.553127423371755,0.0,0.0
110767,1146030,-0.019603014,0.028846834,0.021887695,0.055363078,10,0.0,188095,1993650,0.74412775,0.6743382,0.6798417,0.6461836,0.72452474,0.70318496,0.7017294,0.70162857,15215,157133.7671368122,0.40225974,0.600105,0.6116863,0.5621163,4.3487300119628065,0.0,0.0
110798,1146340,0.094793975,-0.00921421,0.015271292,0.054030664,10,0.0,188179,1994490,0.6702305,0.71489716,0.6853872,0.64740235,0.7650245,0.70568293,0.70065844,0.7013971,15220,157145.528362751,0.37214288,0.67219156,0.61537415,0.5630394,4.625570448430557,0.0,0.0
110823,1146590,0.08804035,0.0006317139,0.006201595,0.051627997,10,0.0,188251,1995210,0.6632728,0.7088971,0.699521,0.6499531,0.75131315,0.7095288,0.70572275,0.70173156,15224,157155.1443939209,0.65890396,0.6756735,0.6334323,0.5669819,22.400623796667922,0.0,0.0
110852,1146880,-0.10410607,0.009539371,0.011557724,0.05065802,10,0.0,188349,1996190,0.7982846,0.71405405,0.6943321,0.6509603,0.6941785,0.72359335,0.7058898,0.70176184,15229,157167.61115980148,0.6941785,0.70124584,0.6216294,0.56786734,3.873105072476482,0.0,0.0
110883,1147190,0.0,-0.0055319546,0.004859978,0.04851296,10,0.0,188419,1996890,0.6826538,0.7083504,0.7018389,0.653193,0.6826538,0.70281845,0.706699,0.70164114,15233,157177.72430729866,0.6826538,0.6477926,0.64696765,0.5701671,4.914307554069575,0.0,0.0
110914,1147500,0.13537633,-0.024431204,0.0038883977,0.04554807,10,0.0,188511,1997810,0.5599321,0.7246803,0.7010002,0.6560199,0.69530845,0.7002491,0.7048885,0.7018841,15238,157189.52307081223,0.5599321,0.6435988,0.649016,0.5749359,5.562756582449754,0.0,0.0
110945,1147810,-0.0017268658,0.009078545,0.0052256244,0.044221476,10,0.0,188612,1998820,0.6958598,0.6960933,0.69856673,0.65760255,0.6941329,0.7051719,0.7037925,0.70177734,15243,157201.61422514915,0.6783155,0.65876234,0.658694,0.57699597,4.496344117559406,0.0,0.0
110975,1148110,0.030166209,-0.006789714,0.0041040555,0.042123303,10,0.0,188697,1999670,0.72748214,0.7041289,0.6965718,0.65979344,0.75764835,0.69733924,0.7006758,0.7018871,15248,157213.34965872765,0.61053103,0.6310576,0.6493522,0.5806934,4.76736078985601,0.0,0.0
111007,1148430,-0.05030328,0.115428485,0.02655927,0.042062663,10,0.0,188795,2000650,0.72589785,0.58185077,0.6732267,0.65966356,0.67559457,0.69727933,0.699786,0.7017508,15253,157225.36308979988,0.6736215,0.51026535,0.6173099,0.58236396,4.430764134158969,0.0,0.0
111039,1148750,-0.08594531,0.0035987974,0.026260652,0.039510943,10,0.0,188881,2001510,0.7309051,0.6985644,0.671291,0.66227555,0.6449598,0.70216316,0.6975515,0.70180917,15258,157237.2309896946,0.6428149,0.66455334,0.60436517,0.5848263,4.617766587606632,0.0,0.0
111072,1149080,-0.021483362,0.00033175945,0.03058567,0.037915625,10,0.0,188974,2002440,0.73437333,0.6878014,0.664213,0.6635979,0.71288997,0.6881331,0.6947987,0.7015294,15263,157249.10298419,0.64845586,0.6158047,0.5949394,0.5874627,5.064133189847885,0.0,0.0
111105,1149410,0.041368127,0.06289433,0.016128102,0.036527693,10,0.0,189063,2003330,0.7165957,0.6574274,0.681567,0.66520447,0.75796384,0.7203218,0.69769526,0.7017246,15268,157260.92830872536,0.7165957,0.6136427,0.6053675,0.5900664,4.539641325059244,0.0,0.0
111128,1149640,0.019469917,0.019189244,0.015929675,0.034885835,10,0.0,189139,2004090,0.6719975,0.677927,0.6833131,0.6669491,0.6914674,0.69711626,0.6992428,0.7017807,15272,157270.4827170372,0.6715467,0.63552886,0.62191695,0.5915849,16.162223982786205,0.0,0.0
111160,1149960,-0.06348926,-0.009096235,0.011767578,0.033935867,10,0.0,189229,2004990,0.75793993,0.7219908,0.689217,0.6676859,0.6944507,0.71289456,0.7009846,0.7016245,15277,157282.24917435646,0.68029815,0.6893505,0.6342063,0.5939707,5.547288129518335,0.0,0.0
111191,1150270,-0.015515029,-0.00783925,0.019017566,0.033405617,10,0.0,189311,2005810,0.71504056,0.7232691,0.6842998,0.6680673,0.69952554,0.7154299,0.70331734,0.7014626,15281,157291.725979805,0.69952554,0.6405577,0.63282686,0.5950873,13.86684299269349,0.0,0.0
111220,1150560,-0.0984869,-0.02197504,0.018012922,0.03205764,10,0.0,189395,2006650,0.76932895,0.73605835,0.68565017,0.6696179,0.67084205,0.7140833,0.70366305,0.70166594,15286,157303.647408247,0.4079281,0.6617569,0.6303505,0.5973512,5.55539528991194,0.0,0.0
111250,1150860,-0.029759824,0.10364876,0.02474929,0.031516727,10,0.0,189486,2007560,0.7127797,0.5685757,0.6792804,0.67028004,0.6830199,0.67222446,0.7040298,0.7017559,15291,157315.4448056221,0.64785117,0.5469557,0.6204573,0.5983776,4.634353472784041,0.0,0.0
111277,1151130,0.06854087,0.045914724,0.024838101,0.029905736,10,0.0,189556,2008260,0.6659503,0.6364119,0.6781417,0.6717265,0.73449117,0.6823266,0.70297986,0.70164907,15295,157325.06956982613,0.60880405,0.62746435,0.63104266,0.60231817,18.74573569892079,0.0,0.0
111308,1151440,0.02508223,0.035529584,0.023855152,0.03023954,10,0.0,189646,2009160,0.6545713,0.6386113,0.6735301,0.6710514,0.6796535,0.6741409,0.6973853,0.7012508,15300,157336.94915652275,0.65086704,0.60418046,0.626154,0.6041144,4.995608613739286,0.0,0.0
111336,1151720,-0.014623165,0.036158852,0.028196326,0.030154899,10,0.0,189721,2009910,0.7212668,0.65213144,0.66799307,0.6711148,0.70664364,0.6882903,0.6961893,0.7012697,15304,157346.53244757652,0.38549078,0.6206012,0.6268165,0.605407,4.083084454242445,0.0,0.0
111361,1151970,0.21312243,-0.007294059,0.01923423,0.027392097,10,0.0,189798,2010680,0.49484223,0.7121231,0.6769851,0.6742278,0.70796466,0.70482904,0.6962193,0.70161986,15308,157356.25772595406,0.49170232,0.6270889,0.6279487,0.6090777,15.739628227956642,0.0,0.0
111394,1152300,0.024066031,-0.00011134148,0.009112898,0.026121527,10,0.0,189887,2011570,0.66669625,0.7037934,0.6934071,0.6756022,0.6907623,0.70368207,0.70252,0.70172375,15313,157367.839812994,0.66669625,0.6755432,0.6469233,0.61190987,4.788765552798022,0.0,0.0
111425,1152610,-0.04327041,-0.01240952,-0.0002390498,0.022600407,10,0.0,189975,2012450,0.735302,0.7294795,0.70568573,0.6792214,0.69203156,0.7208785,0.70526075,0.70215994,15318,157379.42124938965,0.69203156,0.6706189,0.6536287,0.61646986,5.059427071666524,0.0,0.0
111455,1152910,-0.07837105,0.028816123,-0.0018664396,0.020369537,10,0.0,190065,2013350,0.7821789,0.6856297,0.7068092,0.6816998,0.70380783,0.71444595,0.7049429,0.70206934,15323,157390.9276638031,0.6975172,0.6317209,0.64567477,0.61876965,4.725634494946957,0.0,0.0
111488,1153240,-0.07141346,-0.014507199,-0.00057459174,0.017467752,10,0.0,190152,2014220,0.7417729,0.71623737,0.7075978,0.68498915,0.67035943,0.70173013,0.7070231,0.7024569,15328,157402.64787578583,0.5825685,0.6828376,0.6517018,0.6234936,4.164532175927512,0.0,0.0
111523,1153590,-0.086429894,0.014637923,0.0051779435,0.015447416,10,0.0,190246,2015160,0.7580666,0.68799484,0.69595003,0.6866609,0.6716367,0.7026327,0.70112795,0.70210826,15333,157414.5247578621,0.6090666,0.6450675,0.6385384,0.6250536,4.93657537135798,0.0,0.0
111553,1153890,-0.00012803078,-0.0045339107,0.006061743,0.013480374,10,0.0,190337,2016070,0.6686988,0.6821069,0.694292,0.6884882,0.66857076,0.677573,0.7003538,0.7019685,15338,157426.01058220863,0.4971495,0.61964047,0.6438663,0.6283538,4.696041783457405,0.0,0.0
111584,1154200,-0.047206044,0.027405256,0.00803292,0.012667093,10,0.0,190427,2016970,0.7219807,0.68340933,0.69076616,0.6896309,0.67477465,0.7108146,0.6987992,0.702298,15343,157437.54365110397,0.67477465,0.6613123,0.6436035,0.6315867,4.878712755257467,0.0,0.0
111617,1154530,0.07853305,0.023565471,0.007820385,0.013065217,10,0.0,190514,2017840,0.62370485,0.66744816,0.69432986,0.6892271,0.7022379,0.6910137,0.70215017,0.7022924,15348,157449.11318802834,0.62370485,0.6074925,0.64878875,0.6322933,4.793312248402202,0.0,0.0
111648,1154840,0.0,0.0033065975,0.004939294,0.013214414,10,0.0,190602,2018720,0.653997,0.69697016,0.69701475,0.68861973,0.653997,0.7002768,0.7019541,0.70183414,15353,157460.65753293037,0.653997,0.6277817,0.6466594,0.6317113,5.542015847378079,0.0,0.0
111681,1155170,-0.030558228,0.00038009285,0.006256706,0.011894645,10,0.0,190688,2019580,0.73497754,0.7125639,0.69839364,0.6899526,0.7044193,0.7129439,0.7046504,0.7018473,15358,157472.16179585457,0.6758036,0.68097913,0.65137213,0.63413316,5.5611066834380525,0.0,0.0
111708,1155440,0.074499965,0.037785072,0.007859438,0.012308893,10,0.0,190756,2020260,0.69988775,0.6594093,0.69294417,0.6892932,0.7743877,0.69719434,0.7008035,0.70160216,15362,157481.5631289482,0.6605861,0.5873289,0.65155363,0.63417757,16.805806037230536,0.0,0.0
111739,1155750,0.0010687113,0.07277399,0.01322701,0.011961323,10,0.0,190846,2021160,0.6386444,0.6253921,0.6902757,0.6900962,0.6397131,0.6981661,0.70350266,0.7020575,15367,157493.07182979584,0.63842624,0.5682912,0.6491642,0.63539964,6.166742875458172,0.0,0.0
111768,1156040,0.0029543638,0.0031366409,0.012126863,0.012045469,10,0.0,190936,2022060,0.68898755,0.7106333,0.6919997,0.689747,0.6919419,0.71376985,0.7041266,0.7017924,15372,157504.70534276962,0.68898755,0.678842,0.65555924,0.63675404,4.503302612026833,0.0,0.0
111800,1156360,-0.0003193617,-0.004078591,0.013495901,0.011922123,10,0.0,191021,2022910,0.71165127,0.72094554,0.692707,0.6901095,0.7113319,0.71686685,0.70620286,0.7020316,15377,157516.06224536896,0.7046328,0.68382424,0.6514256,0.6382806,5.018747143954733,0.0,0.0
111835,1156710,0.0074126124,0.015010482,0.01035862,0.01234754,10,0.0,191106,2023760,0.7234663,0.68652296,0.69274974,0.6893052,0.7308789,0.70153344,0.70310843,0.7016527,15382,157527.4628956318,0.67536277,0.6777881,0.66711736,0.6384338,4.8864614983130465,0.0,0.0
111867,1157030,-0.041317046,0.018025666,0.019144861,0.013227639,10,0.0,191192,2024620,0.7439145,0.69514525,0.6845972,0.6883375,0.70259744,0.7131709,0.7037419,0.7015652,15387,157539.0666832924,0.4006192,0.6510592,0.64941955,0.6381453,5.452496455289195,0.0,0.0
111895,1157310,0.013671577,0.004550272,0.023642635,0.013713818,10,0.0,191280,2025500,0.6946092,0.694983,0.67886126,0.6878623,0.7082808,0.6995333,0.7025039,0.70157605,15392,157550.8526403904,0.6946092,0.65972054,0.6423354,0.6375338,4.529281507595013,0.0,0.0
111927,1157630,0.1989131,0.011500287,0.021810543,0.013769875,10,0.0,191369,2026390,0.5646751,0.6889757,0.6784479,0.6876902,0.7635882,0.70047605,0.7002583,0.70146006,15397,157562.48027062416,0.5646751,0.58735573,0.62413347,0.63646203,4.585153988898697,0.0,0.0
111960,1157960,-0.012580991,0.07737016,0.024587974,0.015160133,10,0.0,191460,2027300,0.70149314,0.6207225,0.6757317,0.6862264,0.68891215,0.69809264,0.7003196,0.7013866,15402,157574.10041069984,0.6871696,0.58116066,0.62052596,0.6351223,5.051858495100932,0.0,0.0
111996,1158320,0.03861147,0.013078893,0.0187562,0.014331568,10,0.0,191548,2028180,0.6895694,0.6668738,0.6791445,0.68690735,0.7281809,0.67995274,0.6979008,0.7012389,15407,157585.55182790756,0.6895694,0.5760803,0.6148698,0.63544315,5.035811824127234,0.0,0.0
112028,1158640,0.0036727786,-0.0010541022,0.02140452,0.013154904,10,0.0,191634,2029040,0.7174754,0.7190992,0.68286586,0.6887772,0.7211482,0.7180452,0.7042704,0.7019321,15412,157597.2488758564,0.671541,0.6957157,0.633135,0.6395661,4.922008137036424,0.0,0.0
112060,1158960,0.004880607,-0.007618201,0.016430818,0.013780439,10,0.0,191725,2029950,0.7262087,0.71598065,0.686966,0.6883618,0.7310893,0.70836246,0.70339686,0.70214236,15417,157608.82376646996,0.6819059,0.60412806,0.63414025,0.6389237,6.150698495079798,0.0,0.0
112089,1159250,0.054953873,0.0068893074,0.019387418,0.014159243,10,0.0,191805,2030750,0.6609847,0.6945855,0.68538225,0.6882249,0.71593857,0.7014748,0.7047697,0.7023842,15422,157620.62133312225,0.6609847,0.54878956,0.6311096,0.63850343,4.702954382742732,0.0,0.0
112122,1159580,-0.04432565,-0.006500876,0.015706794,0.013355325,10,0.0,191898,2031680,0.68848234,0.711927,0.6876101,0.68898714,0.6441567,0.71521777,0.70456296,0.7023759,15427,157632.30834007263,0.35483247,0.64439,0.6245854,0.63916177,4.7543767077364105,0.0,0.0
112154,1159900,0.0,0.048272777,0.011369276,0.0136016235,10,0.0,191985,2032550,0.6705237,0.6533703,0.69806725,0.6894397,0.6705237,0.7016431,0.7094364,0.7030413,15432,157643.77667212486,0.6705237,0.65203655,0.64714926,0.64031917,5.628148579330948,0.0,0.0
112188,1160240,0.00773108,0.002276802,0.009632745,0.013275654,10,0.0,192076,2033460,0.7120304,0.6830449,0.6957773,0.6895132,0.7197615,0.684366,0.70535606,0.7028281,15437,157655.7777519226,0.4444499,0.5948236,0.64554524,0.6403494,5.225227873934879,0.0,0.0
112219,1160550,0.11549568,-0.0076125325,0.006329223,0.0124221,10,0.0,192169,2034390,0.6531759,0.7131406,0.7003547,0.69035244,0.7686716,0.705528,0.70668375,0.7027746,15442,157667.6930463314,0.65275586,0.669366,0.65265393,0.6416224,4.503278920330702,0.0,0.0
112252,1160880,0.00047177076,0.019164741,0.01267694,0.011986727,10,0.0,192260,2035300,0.69182855,0.6729573,0.6889045,0.6909108,0.6923003,0.6921221,0.70158136,0.7028976,15447,157679.32980632782,0.59780335,0.6300933,0.6382861,0.6425443,5.091121310418393,0.0,0.0
112285,1161210,0.00080919266,0.017047167,0.012812435,0.01244466,10,0.0,192346,2036160,0.68405676,0.68810767,0.6934119,0.6906455,0.68486595,0.7051549,0.70622426,0.7030902,15452,157691.0563287735,0.68405676,0.65159047,0.64158684,0.6414216,5.4251564405223345,0.0,0.0
112314,1161500,0.0107322335,-0.0071552275,0.016692962,0.011381811,10,0.0,192432,2037020,0.70171064,0.7047125,0.6880407,0.69232965,0.7124429,0.69755715,0.7047337,0.70371145,15457,157702.63443660736,0.70037955,0.63167346,0.6424467,0.643516,5.638632344932381,0.0,0.0
112346,1161820,0.19159389,0.013600344,0.01388087,0.011360691,10,0.0,192523,2037930,0.46174246,0.7090739,0.69259363,0.69245404,0.65333635,0.7226742,0.70647454,0.70381474,15462,157714.05667114258,0.46174246,0.6404165,0.64733905,0.6440399,4.486518102440942,0.0,0.0
112378,1162140,-0.0030665398,0.01277532,0.015034118,0.012411014,10,0.0,192612,2038820,0.71940154,0.6761058,0.6875393,0.6910037,0.716335,0.6888811,0.7025734,0.7034147,15467,157725.6988015175,0.66206616,0.5941184,0.6355671,0.64188355,4.80919795065506,0.0,0.0
112413,1162490,0.10524446,0.03626787,0.014697373,0.01292067,10,0.0,192700,2039700,0.5391223,0.66931957,0.68674195,0.6903856,0.64436674,0.7055874,0.7014394,0.7033062,15472,157737.25787377357,0.5391223,0.58536744,0.62647295,0.64095336,5.695425712399404,0.0,0.0
112444,1162800,0.0,0.03569799,0.02187224,0.013977193,10,0.0,192788,2040580,0.6964387,0.67670953,0.6781858,0.6892549,0.6964387,0.7124075,0.70005804,0.70323205,15477,157749.01605439186,0.6964387,0.63966256,0.62665105,0.64109737,5.401824638623003,0.0,0.0
112475,1163110,0.0020558238,-0.007711613,0.0124950595,0.013694916,10,0.0,192873,2041430,0.6894869,0.6927246,0.6849498,0.688829,0.69154274,0.6858872,0.6978758,0.7025021,15482,157760.48357105255,0.6701817,0.6582848,0.6481562,0.6414179,4.775535908026702,0.0,0.0
112507,1163430,-0.007925987,0.00065199734,0.017167408,0.014174041,10,0.0,192958,2042280,0.71825415,0.70009613,0.6817279,0.6886932,0.71032816,0.7007481,0.69889534,0.70286727,15487,157772.05072522163,0.66411406,0.68129116,0.6466778,0.64240575,5.346480081152513,0.0,0.0
112537,1163730,0.029249668,0.007126534,0.007923668,0.014238507,10,0.0,193045,2043150,0.70506746,0.70011866,0.6926109,0.688709,0.7343171,0.7088424,0.700118,0.7029957,15492,157783.55696105957,0.38108677,0.64838946,0.65747887,0.64247525,4.699793062738698,0.0,0.0
112568,1164040,-0.019148529,0.050790012,0.01846603,0.01514745,10,0.0,193130,2044000,0.71780646,0.6490794,0.6830594,0.68788856,0.69865793,0.69986945,0.7015255,0.70303595,15497,157795.23776245117,0.5331408,0.6000752,0.640658,0.641217,4.744619082438625,0.0,0.0
112603,1164390,0.24867576,0.010230666,0.019452902,0.015281883,10,0.0,193214,2044840,0.4742226,0.66801393,0.68176633,0.68754905,0.72289836,0.6782447,0.7012193,0.7028309,15502,157806.82459068298,0.4742226,0.62183994,0.6414045,0.64146584,4.809340773626267,0.0,0.0
112635,1164710,0.06757486,0.11504008,0.033065673,0.016669802,10,0.0,193302,2045720,0.5916131,0.57890546,0.6636213,0.6859514,0.659188,0.6939455,0.6966869,0.70262116,15507,157818.55379748344,0.5916131,0.52462727,0.61314374,0.63958436,4.442965681795913,0.0,0.0
112665,1165010,-0.012446165,-0.007417977,0.041973468,0.01837867,10,0.0,193389,2046590,0.6979793,0.70658386,0.654372,0.68407214,0.6855331,0.6991659,0.6963455,0.7024508,15512,157830.06992983818,0.35632387,0.61158746,0.59486157,0.63643163,5.788927856195457,0.0,0.0
112699,1165350,-0.021983027,0.010010404,0.040893987,0.01885373,10,0.0,193473,2047430,0.70538557,0.68671453,0.6542056,0.6833473,0.68340254,0.6967249,0.69509965,0.70220107,15517,157841.45372843742,0.6825576,0.62448883,0.5825857,0.6341381,5.107062150779404,0.0,0.0
112728,1165640,0.090082765,0.00015777946,0.038635537,0.0191787,10,0.0,193555,2048250,0.67975605,0.6999779,0.6588078,0.6828343,0.7698388,0.70013565,0.6974433,0.7020131,15522,157852.9192750454,0.67975605,0.67730415,0.59779364,0.6340503,5.221704032011183,0.0,0.0
112759,1165950,-0.0034137964,0.0057644784,0.018858328,0.019105358,10,0.0,193629,2048990,0.7082388,0.6810559,0.6794134,0.6828184,0.704825,0.6868204,0.69827163,0.7019237,15526,157862.42741847038,0.47205865,0.61140186,0.61950403,0.63311195,18.651331645911856,0.0,0.0
112785,1166210,-0.008109033,0.01425116,0.022184048,0.019520987,10,0.0,193717,2049870,0.7275959,0.69916,0.67865354,0.6824158,0.7194869,0.71341115,0.7008376,0.7019368,15531,157873.96603035927,0.5925887,0.6662673,0.6230498,0.6321123,5.114330659580121,0.0,0.0
112818,1166540,-0.0077604055,0.07942222,0.033981998,0.02125689,10,0.0,193804,2050740,0.6921894,0.62228763,0.66732985,0.6804867,0.684429,0.7017098,0.7013119,0.7017436,15536,157885.59603905678,0.5254572,0.56723124,0.6132146,0.6291371,5.103598335768338,0.0,0.0
112846,1166820,0.10550058,0.014692962,0.039016917,0.0215061,10,0.0,193879,2051490,0.63538045,0.6911191,0.66329473,0.68033254,0.740881,0.70581204,0.70231164,0.7018386,15540,157894.99722862244,0.61323464,0.6667199,0.61176133,0.62863624,18.154566663636796,0.0,0.0
112879,1167150,0.11149979,0.039026126,0.041805282,0.021544741,10,0.0,193967,2052370,0.59288496,0.6606845,0.66361254,0.68041784,0.70438474,0.6997106,0.7054178,0.7019626,15545,157906.45879554749,0.59288496,0.6117795,0.61868125,0.6291667,4.841672396063962,0.0,0.0
112908,1167440,0.04878694,0.016828,0.0348494,0.021856716,10,0.0,194054,2053240,0.65411025,0.66919506,0.6674257,0.68000185,0.7028972,0.68602294,0.7022751,0.7018586,15550,157917.9874277115,0.49051806,0.64297163,0.6110241,0.62737685,4.731412531107572,0.0,0.0
112934,1167700,0.25271183,0.045340933,0.029762276,0.022275364,10,0.0,194121,2053910,0.4440428,0.64562994,0.6725824,0.67989135,0.69675463,0.69097084,0.70234466,0.7021667,15554,157927.45389986038,0.4440428,0.5611061,0.61532193,0.6284398,16.243185540352716,0.0,0.0
112967,1168030,0.24285686,-0.012609238,0.023589455,0.02136857,10,0.0,194209,2054790,0.4100932,0.7202011,0.6775419,0.6807196,0.65295005,0.70759183,0.70113134,0.7020881,15559,157938.89166378975,0.4100932,0.6225934,0.6150212,0.62863594,4.870756063297588,0.0,0.0
112997,1168330,0.009361863,0.033342883,0.034216933,0.023236554,10,0.0,194306,2055760,0.70377946,0.6634539,0.6669066,0.6790093,0.7131413,0.6967967,0.70112336,0.7022459,15564,157950.7133488655,0.5009684,0.5188587,0.61269337,0.62726927,4.1750785980716,0.0,0.0
113028,1168640,0.25857255,0.08026244,0.04523882,0.024803055,10,0.0,194374,2056440,0.44631693,0.6092075,0.6545102,0.67699546,0.7048895,0.68946993,0.69974905,0.70179856,15568,157960.60116696358,0.40522498,0.51056707,0.57980347,0.622961,21.00921052367948,0.0,0.0
113059,1168950,0.07341868,0.02072581,0.05075242,0.025098715,10,0.0,194472,2057420,0.65505487,0.6786991,0.64990914,0.6766479,0.72847354,0.6955372,0.6999274,0.7016781,15573,157972.46320581436,0.58218855,0.6400839,0.58077216,0.6235641,5.189789748322102,0.0,0.0
113088,1169240,0.0061244965,0.0012067079,0.03727252,0.02503548,10,0.0,194566,2058360,0.66298634,0.69454515,0.65866435,0.6763319,0.66911083,0.6957519,0.6959369,0.70136726,15578,157984.34219527245,0.66298634,0.61496603,0.57920957,0.62318105,5.574954980915736,0.0,0.0
113116,1169520,0.3203344,0.0026821555,0.02964269,0.025442565,10,0.0,194634,2059040,0.369774,0.68962973,0.66684127,0.6758019,0.6901084,0.6923119,0.69648397,0.7012445,15582,157993.82291078568,0.369774,0.55529654,0.5930103,0.62138754,25.137207802637477,0.0,0.0
113147,1169830,0.022494912,0.028149784,0.026184233,0.02689076,10,0.0,194724,2059940,0.68998057,0.68262017,0.6735047,0.6739192,0.7124755,0.71076995,0.699689,0.70080996,15587,158005.53392910957,0.6682913,0.67342037,0.6083713,0.6198275,4.2739002637316865,0.0,0.0
113180,1170160,0.08884323,0.062126823,0.03380292,0.027429648,10,0.0,194817,2060870,0.6867713,0.6261664,0.66692543,0.6734649,0.7756145,0.68829316,0.7007283,0.70089453,15592,158017.4280822277,0.6867713,0.5226845,0.5983255,0.6182507,5.125872978977133,0.0,0.0
113212,1170480,0.07136309,0.060349364,0.045710057,0.029391047,10,0.0,194910,2061800,0.68009025,0.630884,0.6539159,0.67122656,0.75145334,0.6912333,0.6996258,0.7006177,15597,158029.2046070099,0.68009025,0.5135819,0.57482713,0.6146946,5.150941489226483,0.0,0.0
113245,1170810,0.010520518,0.035482198,0.045830946,0.030318992,10,0.0,195003,2062730,0.6829819,0.6596877,0.6518767,0.669955,0.6935024,0.6951699,0.6977076,0.700274,15602,158040.9205133915,0.6829819,0.5913952,0.5643742,0.6117705,5.091578030789797,0.0,0.0
113277,1171130,0.008303702,0.06954328,0.040972028,0.030354803,10,0.0,195091,2063610,0.68075097,0.66149485,0.66055334,0.67015684,0.68905467,0.73103815,0.7015253,0.7005117,15607,158052.83994793892,0.68075097,0.6054474,0.57807237,0.61228555,5.271693760169647,0.0,0.0
113304,1171400,0.03518915,0.065799035,0.032271065,0.030623367,10,0.0,195187,2064570,0.71145445,0.6489172,0.6757924,0.67022425,0.7466436,0.7147162,0.7080634,0.7008477,15612,158064.7236673832,0.6915496,0.61132574,0.6058585,0.61120796,4.863055883291408,0.0,0.0
113337,1171730,-0.059536874,0.020299023,0.02177631,0.03122568,10,0.0,195285,2065550,0.7088161,0.6871032,0.68794876,0.66970825,0.64927924,0.7074022,0.70972496,0.70093393,15617,158076.7302019596,0.38094398,0.56920207,0.6253559,0.60939294,4.357784544056461,0.0,0.0
113366,1172020,-0.017879486,0.013917941,0.027815944,0.03126671,10,0.0,195350,2066200,0.7300889,0.68695337,0.68247896,0.6696903,0.7122094,0.70087135,0.7102948,0.70095706,15621,158086.16450691223,0.43424067,0.6273063,0.6164772,0.6098102,16.369753199168848,0.0,0.0
113393,1172290,0.03948599,0.09096517,0.05181587,0.03412641,10,0.0,195439,2067090,0.64833945,0.60904604,0.6521781,0.6668438,0.68782544,0.70001113,0.70399404,0.70097023,15626,158098.04470014572,0.6063296,0.51631933,0.5841329,0.6064669,5.083099132639396,0.0,0.0
113422,1172580,-0.050459385,0.021115348,0.048520688,0.03411211,10,0.0,195507,2067770,0.7362692,0.69006884,0.65303344,0.6669671,0.6858098,0.71118414,0.70155406,0.70107925,15630,158107.5766670704,0.35716143,0.6233665,0.5743636,0.6053634,19.122734070102492,0.0,0.0
113452,1172880,-8.0406666e-05,0.08204857,0.055534005,0.034694977,10,0.0,195601,2068710,0.74622047,0.6205104,0.64500815,0.6665623,0.74614006,0.70255893,0.70054215,0.7012573,15635,158119.25473761559,0.74614006,0.5638335,0.56421584,0.6030038,4.717729481107616,0.0,0.0
113484,1173200,0.1395064,0.016057182,0.043736383,0.036080465,10,0.0,195693,2069630,0.56473887,0.6872177,0.6600566,0.6654577,0.70424527,0.70327497,0.70379305,0.7015381,15640,158130.9460041523,0.55464274,0.554875,0.555108,0.59915495,5.117511834761005,0.0,0.0
113518,1173540,0.012742162,0.049892135,0.0343292,0.036624696,10,0.0,195780,2070500,0.734166,0.65716726,0.6728831,0.6650061,0.7469082,0.70705944,0.7072122,0.7016308,15645,158142.7784833908,0.3907372,0.54220754,0.5645141,0.596497,4.723920700648349,0.0,0.0
113551,1173870,-0.014294326,-0.017143166,0.036648385,0.037355315,10,0.0,195872,2071420,0.75035113,0.73205495,0.6718164,0.6647106,0.7360568,0.7149118,0.7084648,0.7020659,15650,158154.34508299828,0.4589893,0.6375067,0.5659232,0.5949085,5.210648232694609,0.0,0.0
113583,1174190,0.24492899,0.09418549,0.038606536,0.03775873,10,0.0,195955,2072250,0.46167204,0.60162604,0.6673386,0.66412014,0.706601,0.69581157,0.70594513,0.7018789,15655,158166.05009746552,0.36244088,0.5036893,0.5649603,0.5915857,4.870292290412339,0.0,0.0
113617,1174530,0.1254763,0.006070459,0.0306949,0.037927926,10,0.0,196038,2073080,0.5681135,0.69695854,0.67372304,0.66424286,0.6935898,0.70302904,0.704418,0.7021708,15660,158177.5754415989,0.5681135,0.54841805,0.5574694,0.5894745,5.720057960143878,0.0,0.0
113646,1174820,0.13623041,0.11109676,0.04018363,0.03700492,10,0.0,196124,2073940,0.5809176,0.59764326,0.6601547,0.6652965,0.717148,0.70874,0.7003384,0.70230144,15665,158189.13963603973,0.5809176,0.5575994,0.549077,0.5892426,5.5918319841605575,0.0,0.0
113674,1175100,0.051683486,0.07202002,0.032673936,0.037111603,10,0.0,196195,2074650,0.6545183,0.63500184,0.668866,0.665448,0.7062018,0.7070219,0.70153993,0.7025596,15669,158198.6123070717,0.5135117,0.548241,0.5525633,0.58782965,15.758883266849493,0.0,0.0
113705,1175410,0.23286831,0.064928375,0.045223065,0.038284533,10,0.0,196288,2075580,0.44803578,0.61227566,0.6541573,0.6641184,0.6809041,0.6772041,0.69938034,0.70240295,15674,158210.34791898727,0.33734447,0.53911334,0.54066175,0.58524364,5.66434936752008,0.0,0.0
113734,1175700,-0.06045568,0.028895795,0.04956363,0.038707,10,0.0,196370,2076400,0.7606847,0.6941429,0.6542007,0.66394824,0.70022905,0.72303855,0.7037642,0.7026552,15679,158222.04620957375,0.70022905,0.66316354,0.5501674,0.58338904,5.156531938982265,0.0,0.0
113759,1175950,0.2452775,0.04347866,0.053451262,0.039530598,10,0.0,196443,2077130,0.40550455,0.67270166,0.6516067,0.6635576,0.65078205,0.7161803,0.70505786,0.7030883,15683,158231.36883616447,0.40550455,0.60660017,0.548661,0.58231896,16.376355568396782,0.0,0.0
113790,1176260,-0.021816373,0.03624214,0.04380914,0.040011186,10,0.0,196531,2078010,0.76419,0.67075866,0.66320246,0.663152,0.74237365,0.7070008,0.70701164,0.70316315,15688,158242.8814291954,0.40263376,0.54078835,0.56582564,0.5805024,4.656755180792022,0.0,0.0
113818,1176540,0.094135046,-0.017152358,0.038102325,0.03895423,10,0.0,196602,2078720,0.6036652,0.740244,0.6724234,0.6644568,0.6978002,0.7230916,0.71052575,0.703411,15692,158252.12024712563,0.6036652,0.5954461,0.56738293,0.5800559,16.61218392006451,0.0,0.0
113853,1176890,0.29319805,0.083915025,0.055639993,0.040871132,10,0.0,196696,2079660,0.35118747,0.63946176,0.6553306,0.6626155,0.6443855,0.69396305,0.7080386,0.7031936,15697,158264.28655052185,0.3410174,0.5135902,0.56355876,0.5772239,5.37729075983278,0.0,0.0
113884,1177200,0.31161276,0.039655764,0.058733713,0.041539207,10,0.0,196786,2080560,0.3861057,0.67206216,0.6470134,0.66173893,0.69771844,0.7117178,0.7057471,0.7032781,15702,158276.01571035385,0.3861057,0.5421711,0.5582832,0.5753693,5.486869423673223,0.0,0.0
113911,1177470,0.2574563,0.049579907,0.061389934,0.042183984,10,0.0,196879,2081490,0.41978943,0.64817417,0.6424536,0.661122,0.67724574,0.6977542,0.7038435,0.703306,15707,158287.70000052452,0.37309468,0.5667909,0.56659395,0.5748298,4.920936350882149,0.0,0.0
113944,1177800,-0.03341323,0.035614554,0.065336645,0.043915614,10,0.0,196963,2082330,0.7416734,0.66964614,0.6346646,0.65923595,0.7082602,0.70526063,0.7000013,0.7031516,15712,158299.32652759552,0.47857967,0.58985204,0.5607574,0.57298803,5.190021576501424,0.0,0.0
113977,1178130,0.30056408,0.08068885,0.059051156,0.04451727,10,0.0,197049,2083190,0.4028603,0.6174208,0.6434851,0.6587918,0.7034244,0.6981096,0.7025364,0.70330906,15717,158310.84006667137,0.4028603,0.5504896,0.5748032,0.57152086,4.870441593018286,0.0,0.0
114010,1178460,0.0894137,0.07808112,0.07379536,0.045700338,10,0.0,197137,2084070,0.5969986,0.6385085,0.62907785,0.6577363,0.6864123,0.7165896,0.70287323,0.7034367,15722,158322.4044189453,0.46894282,0.5489074,0.55667615,0.5704581,4.5393278710223015,0.0,0.0
114044,1178800,0.34588468,0.06482867,0.056433775,0.04499232,10,0.0,197219,2084890,0.39160663,0.6263869,0.65121764,0.658722,0.7374913,0.6912156,0.7076515,0.70371425,15727,158334.10392332077,0.39160663,0.51471025,0.56561285,0.5706311,4.639270335708842,0.0,0.0
114075,1179110,0.0,0.028335229,0.052793432,0.04535845,10,0.0,197311,2085810,0.74704903,0.6762685,0.6491745,0.6584084,0.74704903,0.7046038,0.70196795,0.7037668,15732,158345.89622187614,0.74704903,0.48533598,0.5408346,0.5676605,4.603708581562331,0.0,0.0
114106,1179420,-0.08957362,0.10585503,0.040983323,0.046147756,10,0.0,197398,2086680,0.7659047,0.6029445,0.66004187,0.65766954,0.6763311,0.7087995,0.70102507,0.7038173,15737,158357.61761307716,0.6763311,0.47668204,0.54730475,0.56610835,4.197886476318891,0.0,0.0
114136,1179720,-0.0336743,0.032312613,0.041733947,0.045989014,10,0.0,197489,2087590,0.70179933,0.6637095,0.65923,0.65788263,0.66812503,0.6960221,0.7009639,0.7038717,15742,158369.2329173088,0.4709216,0.54964465,0.5381886,0.56494397,4.7316180261355,0.0,0.0
114166,1180020,-0.0019368529,0.014837468,0.037249755,0.04586211,10,0.0,197553,2088230,0.7409796,0.67871463,0.66310287,0.6577748,0.73904276,0.6935521,0.70035255,0.7036368,15746,158378.46265006065,0.507621,0.5615983,0.5472035,0.5625905,18.917487575304772,0.0,0.0
114193,1180290,0.25363195,0.09713408,0.04607023,0.046228852,10,0.0,197637,2089070,0.4891404,0.58619374,0.6517378,0.6572941,0.74277234,0.68332785,0.6978081,0.70352286,15751,158390.092369318,0.3956043,0.5346824,0.5344829,0.56187296,5.588240231614037,0.0,0.0
114223,1180590,0.0145872235,0.045444272,0.047898535,0.046451747,10,0.0,197711,2089810,0.71285707,0.6527129,0.6458634,0.6567527,0.7274443,0.6981572,0.6937619,0.70320445,15755,158399.41995120049,0.3885358,0.5884716,0.55021226,0.56284,15.689424284002136,0.0,0.0
114252,1180880,-0.03714764,0.051155787,0.0496973,0.046803925,10,0.0,197796,2090660,0.7259072,0.64500624,0.64816636,0.65672964,0.68875957,0.6961621,0.69786364,0.7035336,15760,158411.19195222855,0.43859226,0.5813988,0.56496924,0.5625986,4.858126126994305,0.0,0.0
114283,1181190,0.25254884,0.05564683,0.06560092,0.048501033,10,0.0,197889,2091590,0.425253,0.641117,0.6304786,0.65445477,0.67780185,0.6967639,0.6960795,0.7029558,15765,158422.68299603462,0.425253,0.5440844,0.56054693,0.55968875,4.666938903582512,0.0,0.0
114317,1181530,0.2105053,0.055661995,0.05609337,0.048913766,10,0.0,197977,2092470,0.45788705,0.64804333,0.6445135,0.6537711,0.66839236,0.7037053,0.70060676,0.7026848,15770,158434.74220752716,0.4175835,0.58245254,0.56338537,0.5580017,4.956830014325784,0.0,0.0
114351,1181870,-0.015410483,-0.005551058,0.052397594,0.04987825,10,0.0,198062,2093320,0.76853555,0.69195557,0.6439538,0.65205187,0.7531251,0.6885113,0.6972743,0.7021979,15775,158446.37682509422,0.38954982,0.5401573,0.55290794,0.5560731,5.653311091938631,0.0,0.0
114384,1182200,-0.08294594,0.0150527265,0.0378057,0.047975242,10,0.0,198151,2094210,0.7604204,0.6847475,0.66116095,0.65432334,0.67747444,0.6998002,0.6989666,0.7022986,15780,158457.91151428223,0.51468694,0.61695564,0.57558036,0.5575311,5.522077625252155,0.0,0.0
114408,1182440,0.2510287,-0.016115278,0.033729933,0.047239978,10,0.0,198221,2094910,0.44625714,0.71089816,0.6632871,0.6549501,0.69728583,0.69478285,0.6970171,0.70219004,15784,158467.37550807,0.39741442,0.6213114,0.56587064,0.5571089,14.3806565730506,0.0,0.0
114436,1182720,-0.055361688,-0.00956257,0.021224245,0.047078207,10,0.0,198304,2095740,0.7721871,0.7352582,0.6817632,0.65562546,0.7168254,0.7256956,0.7029874,0.70270365,15789,158479.00188970566,0.7168254,0.6596653,0.5763113,0.5582496,5.17467008625799,0.0,0.0
114469,1183050,-0.04578948,0.061450332,0.029907547,0.046328396,10,0.0,198397,2096670,0.76478267,0.6393646,0.6744858,0.65607387,0.7189932,0.700815,0.7043933,0.70240223,15794,158490.74797224998,0.56094354,0.62440765,0.5872077,0.5601846,4.800441324752527,0.0,0.0
114503,1183390,-0.12793916,0.004160136,0.020968003,0.04652588,10,0.0,198484,2097540,0.78592396,0.72141093,0.6876221,0.6559374,0.6579848,0.7255711,0.7085901,0.70246327,15799,158502.36981010437,0.4199685,0.6994699,0.6083154,0.56081444,5.442410327736777,0.0,0.0
114533,1183690,0.29065695,0.02372387,0.032850306,0.04612031,10,0.0,198569,2098390,0.40517798,0.6888672,0.6716908,0.6559697,0.69583493,0.7125911,0.7045411,0.70208997,15804,158513.95027446747,0.40517798,0.63212806,0.6105265,0.5623716,4.884009115224684,0.0,0.0
114566,1184020,0.2656549,0.027988354,0.019615464,0.04506537,10,0.0,198659,2099290,0.48278305,0.67622805,0.6879843,0.6572972,0.74843794,0.70421636,0.70759964,0.70236254,15809,158525.59651374817,0.47952405,0.56590956,0.6201125,0.56469804,4.885377252727733,0.0,0.0
114598,1184340,-0.003970027,0.051480807,0.01312866,0.04402585,10,0.0,198742,2100120,0.7511581,0.66439563,0.6942014,0.65874845,0.7471881,0.71587646,0.70733017,0.7027743,15814,158537.50497746468,0.74167395,0.6578306,0.6333402,0.5679872,4.9875451212882105,0.0,0.0
114631,1184670,-0.075324416,0.11333056,0.022452075,0.04533948,10,0.0,198829,2100990,0.74398583,0.57311594,0.6823602,0.65715235,0.6686614,0.6864464,0.70481217,0.7024918,15819,158548.97528505325,0.43662238,0.5312807,0.61848825,0.568088,4.471069935619767,0.0,0.0
114657,1184930,-0.0060505867,0.00078760984,0.029214675,0.044697855,10,0.0,198903,2101730,0.7513551,0.7044803,0.6731301,0.6576337,0.7453045,0.7052679,0.70234483,0.70233154,15823,158558.8756299019,0.5498028,0.6746812,0.61257666,0.57037467,19.583454534333693,0.0,0.0
114687,1185230,0.25870022,0.05388335,0.040718693,0.043869052,10,0.0,198997,2102670,0.39843652,0.6372859,0.66028625,0.65865713,0.65713674,0.6911693,0.70100504,0.70252615,15828,158570.58037114143,0.39843652,0.6001557,0.6065189,0.5730475,4.9064519495006635,0.0,0.0
114718,1185540,0.029463112,0.039476044,0.040232748,0.04308962,10,0.0,199084,2103540,0.63533914,0.65067583,0.6594977,0.65951616,0.66480225,0.6901519,0.6997304,0.70260584,15833,158582.41343951225,0.63533914,0.6331586,0.6110841,0.57579,4.55311545023672,0.0,0.0
114751,1185870,-0.124917686,0.008334791,0.027445326,0.042584397,10,0.0,199178,2104480,0.7899655,0.69791573,0.6784349,0.6600294,0.6650478,0.7062506,0.7058801,0.70261383,15838,158594.4152534008,0.47806367,0.6728681,0.6343181,0.5780429,4.626483740036932,0.0,0.0
114783,1186190,0.020191908,-0.00964517,0.024505459,0.04183342,10,0.0,199272,2105420,0.70352304,0.7341032,0.68211716,0.66076344,0.72371495,0.7244581,0.7066227,0.7025968,15843,158606.4922363758,0.6930096,0.6994397,0.63957983,0.58067834,4.557313131651169,0.0,0.0
114817,1186530,-0.113786936,0.0052233934,0.026901478,0.04179397,10,0.0,199364,2106340,0.79066086,0.70504344,0.68135214,0.6606475,0.6768739,0.71026677,0.7082537,0.7024415,15848,158618.2256205082,0.6768739,0.6259398,0.6356647,0.5825301,4.807663828126898,0.0,0.0
114849,1186850,-0.01888144,0.04442404,0.026918573,0.040310003,10,0.0,199455,2107250,0.7139745,0.6595992,0.67974013,0.6622028,0.69509304,0.70402324,0.7066587,0.70251274,15853,158630.0991499424,0.69509304,0.53177774,0.61726606,0.58298105,4.794315455894466,0.0,0.0
114878,1187140,0.09210688,0.021023711,0.026776157,0.03870363,10,0.0,199550,2108200,0.60265225,0.6672037,0.67631423,0.6635326,0.69475913,0.6882275,0.70309037,0.70223624,15858,158641.78099250793,0.60265225,0.601215,0.5993903,0.58431566,4.976951526059584,0.0,0.0
114912,1187480,0.0,0.018264342,0.027894968,0.038483486,10,0.0,199642,2109120,0.7377192,0.684955,0.67416304,0.66370815,0.7377192,0.7032194,0.702058,0.7021916,15863,158653.6362361908,0.7377192,0.6435538,0.6017615,0.5857754,4.731473377125808,0.0,0.0
114936,1187720,-0.019782662,-0.0011114717,0.024430385,0.03564754,10,0.0,199711,2109810,0.705336,0.70467126,0.67671365,0.66695035,0.6855533,0.7035599,0.7011441,0.70259786,15867,158663.303399086,0.6855533,0.69227886,0.61641276,0.5892366,15.8836826114305,0.0,0.0
114973,1188090,-0.004070282,0.0050191344,0.018138854,0.035054095,10,0.0,199816,2110860,0.77374506,0.6973903,0.68056184,0.6668652,0.7696748,0.7028165,0.69818413,0.7019569,15872,158675.2542695999,0.6217708,0.63780147,0.62515044,0.5892345,5.492972281490104,0.0,0.0
114999,1188350,0.023122549,0.009803766,0.013045733,0.03321627,10,0.0,199898,2111680,0.6765524,0.69403887,0.687685,0.6688458,0.69967496,0.70384264,0.70073074,0.702062,15877,158687.08164310455,0.67146724,0.578159,0.62709403,0.5917476,4.617582046415997,0.0,0.0
115028,1188640,-0.039295435,0.010888303,0.017275762,0.03239114,10,0.0,199972,2112420,0.7426381,0.7011033,0.68670434,0.6697161,0.7033427,0.71199167,0.7039801,0.70210725,15881,158696.59534406662,0.537493,0.6134351,0.62304705,0.5932043,17.921228365445213,0.0,0.0
115058,1188940,0.025255442,0.029169086,0.022003202,0.031524677,10,0.0,200067,2113370,0.6972243,0.6665653,0.6842885,0.6708074,0.72247976,0.6957344,0.70629174,0.70233214,15886,158708.48444986343,0.6972243,0.65739655,0.6219599,0.59596425,4.420031471209492,0.0,0.0
115089,1189250,0.29145887,0.0016631484,0.021290135,0.031978656,10,0.0,200152,2114220,0.42092428,0.7064781,0.6829757,0.67024344,0.71238315,0.7081413,0.70426583,0.70222217,15891,158720.33775568008,0.42092428,0.60733527,0.6181318,0.597902,4.600557620879007,0.0,0.0
115119,1189550,-0.02736336,0.015726352,0.022031186,0.03025724,10,0.0,200229,2114990,0.7269289,0.6931605,0.6812627,0.67212576,0.69956553,0.7088868,0.70329374,0.7023829,15895,158729.9924917221,0.59584135,0.666686,0.63291216,0.6022194,19.034839309313234,0.0,0.0
115150,1189860,-0.011684477,0.06616679,0.026350355,0.030754734,10,0.0,200317,2115870,0.75947756,0.6162378,0.6724606,0.6714775,0.7477931,0.67756665,0.6981019,0.70214194,15900,158741.8372824192,0.35783958,0.5177638,0.61956185,0.6028117,5.363562845812197,0.0,0.0
115178,1190140,-0.070379555,0.0022969365,0.021371154,0.029727833,10,0.0,200405,2116750,0.77932024,0.70130295,0.6785902,0.6725076,0.7089407,0.7035999,0.6999613,0.7022354,15905,158753.5036828518,0.45431447,0.5524058,0.6022637,0.60390323,4.849149656757345,0.0,0.0
115212,1190480,0.0034990907,0.0196724,0.021295218,0.028374642,10,0.0,200488,2117580,0.6969349,0.6775404,0.67752314,0.6742477,0.70043397,0.6972129,0.6988184,0.7026223,15910,158765.15892601013,0.6906995,0.5981597,0.5887901,0.6052113,4.758907441307091,0.0,0.0
115243,1190790,-0.044145346,0.022801852,0.020181213,0.027637806,10,0.0,200578,2118480,0.74258864,0.6988545,0.6811532,0.67512006,0.6984433,0.7216562,0.70133454,0.70275784,15915,158776.83605766296,0.6984433,0.629711,0.5844357,0.6054011,5.81996681166501,0.0,0.0
115274,1191100,0.020900488,0.034215663,0.018264677,0.02572647,10,0.0,200663,2119330,0.71867603,0.6679031,0.6869528,0.67741656,0.7395765,0.70211875,0.7052174,0.70314306,15920,158788.46498036385,0.7041925,0.5282397,0.603527,0.6082704,4.381141274566926,0.0,0.0
115304,1191400,0.118273795,0.0024172724,0.0153349545,0.024438499,10,0.0,200737,2120070,0.5651334,0.72686803,0.69466,0.67921364,0.6834072,0.72928524,0.709995,0.70365214,15924,158797.8569574356,0.5651334,0.70649576,0.6267212,0.6111238,22.251173884511303,0.0,0.0
115335,1191710,0.0,0.016113963,0.01397451,0.023358079,10,0.0,200825,2120950,0.6706849,0.6911441,0.69703174,0.68049186,0.6706849,0.70725805,0.7110064,0.70385,15929,158809.662194252,0.6706849,0.6297835,0.628368,0.6123886,4.451362624232994,0.0,0.0
115366,1192020,-0.039465487,0.07435694,0.021019705,0.02378493,10,0.0,200914,2121840,0.7551658,0.6220921,0.6838695,0.6800629,0.7157003,0.69644904,0.70488924,0.70384777,15934,158821.25964903831,0.6314889,0.5815425,0.61624235,0.6132731,5.101215421824371,0.0,0.0
115396,1192320,0.016283512,0.0077354074,0.022851365,0.022938004,10,0.0,200980,2122500,0.69663626,0.6950475,0.6808014,0.6810441,0.7129198,0.702783,0.7036528,0.7039821,15938,158830.69046258926,0.6950624,0.6660013,0.6115111,0.61412734,25.031624454972004,0.0,0.0
115428,1192640,0.0153413415,0.025597041,0.022783926,0.023226451,10,0.0,201070,2123400,0.69503796,0.6663881,0.67547774,0.6803758,0.7103793,0.69198513,0.6982618,0.70360225,15943,158842.3039650917,0.46702236,0.58338857,0.6042698,0.61538756,5.680949367637243,0.0,0.0
115460,1192960,-0.0982877,0.04780095,0.0261107,0.023282435,10,0.0,201150,2124200,0.7869926,0.654312,0.6742623,0.68018985,0.6887049,0.70211303,0.700373,0.7034723,15948,158853.78401374817,0.51335925,0.52451885,0.5965589,0.6148702,5.537116121437555,0.0,0.0
115480,1193160,-0.059149742,0.028112436,0.021698175,0.023294693,10,0.0,201222,2124920,0.7401828,0.67035186,0.67964005,0.68021226,0.6810331,0.69846433,0.7013382,0.70350695,15952,158863.77830386162,0.52526563,0.59208524,0.6190489,0.615797,15.251665143671254,0.0,0.0
115516,1193520,0.0,0.04040987,0.029466337,0.023008674,10,0.0,201316,2125860,0.6785383,0.67865396,0.6740282,0.68046707,0.6785383,0.7190638,0.70349467,0.7034757,15957,158875.43695902824,0.6785383,0.6215826,0.6044857,0.61496544,5.074968943174994,0.0,0.0
115547,1193830,0.00030833483,0.0209656,0.03274317,0.023777546,10,0.0,201404,2126740,0.7257989,0.67951095,0.66919684,0.6792699,0.72610724,0.7004766,0.7019402,0.70304734,15962,158886.9817276001,0.7161558,0.58155316,0.593274,0.6133723,5.05405543489682,0.0,0.0
115580,1194160,-0.020868838,0.012085199,0.02298131,0.02391349,10,0.0,201490,2127600,0.6909732,0.67405164,0.67636645,0.6787069,0.6701044,0.6861368,0.69934785,0.7026205,15967,158898.72980427742,0.4790317,0.63853925,0.6124216,0.61436135,4.960526813760739,0.0,0.0
115608,1194440,0.023841262,0.029004639,0.024774192,0.024632975,10,0.0,201575,2128450,0.69046193,0.69050944,0.6754898,0.6781012,0.7143032,0.7195141,0.7002639,0.7027341,15972,158910.3162407875,0.69046193,0.6344698,0.61621857,0.6131748,4.748709144417999,0.0,0.0
115641,1194770,-0.086000204,0.0023124157,0.026197515,0.023510765,10,0.0,201658,2129280,0.72810894,0.70102936,0.67733246,0.679744,0.64210874,0.70334184,0.70352995,0.7032549,15977,158921.95176148415,0.35287103,0.6814376,0.6282637,0.61561,4.318923070047773,0.0,0.0
115667,1195030,-0.007123351,0.042403568,0.03881736,0.024301479,10,0.0,201724,2129940,0.6635575,0.6452471,0.6637551,0.67858803,0.6564342,0.6876507,0.7025722,0.70288944,15981,158931.36844825745,0.6410754,0.57382643,0.60028386,0.6137351,15.725754324081532,0.0,0.0
115700,1195360,0.000114917755,0.019532716,0.030245518,0.023499122,10,0.0,201814,2130840,0.73751044,0.6696669,0.672133,0.6792982,0.73762536,0.68919957,0.70237863,0.70279735,15986,158942.9617948532,0.73751044,0.533142,0.5970055,0.6125292,4.365596472220884,0.0,0.0
115735,1195710,0.015488565,0.021196371,0.02706212,0.023788258,10,0.0,201901,2131710,0.6349208,0.6983713,0.6714028,0.67897534,0.65040934,0.7195677,0.69846505,0.7027636,15991,158954.649425745,0.6349208,0.6379461,0.5971588,0.6120668,5.393896979147939,0.0,0.0
115761,1195970,-0.02634883,0.0056905984,0.032735962,0.024156086,10,0.0,201990,2132600,0.7188259,0.7039885,0.6669471,0.6784855,0.69247705,0.7096792,0.699683,0.7026416,15996,158966.33076930046,0.6915264,0.6763748,0.58829737,0.61057514,5.004442701912062,0.0,0.0
115794,1196300,0.0,-0.005301255,0.029736904,0.0238809,10,0.0,202075,2133450,0.7027353,0.7074372,0.6729771,0.6783391,0.7027353,0.7021359,0.7027139,0.70221996,16001,158977.92802476883,0.7027353,0.66469276,0.6066349,0.6091747,4.647141445120783,0.0,0.0
115824,1196600,0.014884412,0.009372408,0.0318398,0.024208944,10,0.0,202145,2134150,0.6556835,0.67594826,0.6699338,0.67771107,0.6705679,0.6853207,0.7017735,0.70192003,16005,158987.2969558239,0.624049,0.60640234,0.5988002,0.6084776,15.779829767766635,0.0,0.0
115852,1196880,0.060316563,0.003459972,0.021356821,0.024293456,10,0.0,202228,2134980,0.69616413,0.6854967,0.6762801,0.67730016,0.7564807,0.6889566,0.6976367,0.70159364,16010,158998.92779541016,0.6759889,0.6028236,0.61210227,0.6096322,5.177119579955458,0.0,0.0
115879,1197150,-0.0026782155,0.017296642,0.017730055,0.023811927,10,0.0,202296,2135660,0.7055267,0.67150795,0.67997926,0.6781001,0.7028485,0.68880457,0.69770926,0.70191205,16014,159008.3111269474,0.34228367,0.61576223,0.62215465,0.61092967,17.878145019012802,0.0,0.0
115912,1197480,-0.06808466,-0.002470982,0.016176134,0.023437388,10,0.0,202382,2136520,0.7701031,0.7083773,0.6828343,0.6784639,0.70201844,0.70590633,0.69901055,0.7019012,16019,159020.10754919052,0.663392,0.65329975,0.6160103,0.61035144,5.304752645575753,0.0,0.0
115942,1197780,0.17619199,0.010266322,0.010220383,0.023342466,10,0.0,202471,2137410,0.5245564,0.68057173,0.6920176,0.6785162,0.7007484,0.6908381,0.702238,0.7018587,16024,159031.61928391457,0.5245564,0.6273393,0.6331278,0.6104778,4.689912365152429,0.0,0.0
115967,1198030,0.03905046,0.024995293,0.019141646,0.024042144,10,0.0,202540,2138100,0.68728065,0.6770912,0.6807297,0.6778668,0.7263311,0.7020865,0.6998713,0.701909,16028,159041.01417469978,0.66940457,0.6278504,0.6147476,0.60951924,16.234408801090265,0.0,0.0
116003,1198390,0.019480228,0.039934285,0.025788773,0.02467788,10,0.0,202625,2138950,0.66816175,0.6551256,0.67365617,0.6770598,0.687642,0.6950599,0.6994449,0.70173776,16033,159052.67818069458,0.3794905,0.6149591,0.61317927,0.6090839,5.397598101377407,0.0,0.0
116036,1198720,0.035560012,0.037089244,0.034333013,0.024720207,10,0.0,202719,2139890,0.6927385,0.6652095,0.663557,0.676672,0.7282985,0.70229876,0.69789004,0.7013922,16038,159064.25177550316,0.6927385,0.602491,0.59980893,0.60924757,5.81108820465075,0.0,0.0
116066,1199020,-0.09428012,0.043962467,0.032608666,0.024581129,10,0.0,202802,2140720,0.77302104,0.65310377,0.6679477,0.6769159,0.6787409,0.69706625,0.70055634,0.70149696,16043,159075.92630267143,0.6786844,0.5870323,0.6155391,0.6094937,5.978078262680297,0.0,0.0
116096,1199320,0.43997726,0.012343717,0.02523632,0.024509871,10,0.0,202888,2141580,0.36192408,0.6864771,0.67448896,0.67688125,0.80190134,0.6988209,0.69972533,0.7013911,16048,159087.54930591583,0.36192408,0.6661126,0.61749136,0.6090427,4.946529696014499,0.0,0.0
116126,1199620,-0.05791062,0.01826471,0.024194362,0.024551058,10,0.0,202976,2142460,0.77142256,0.70153123,0.68011016,0.67702484,0.71351194,0.71979594,0.70430446,0.70157593,16053,159099.0994234085,0.70632225,0.6600991,0.6212577,0.60820735,4.9162147374481515,0.0,0.0
116159,1199950,-0.05759859,-0.0049949465,0.022459414,0.024077255,10,0.0,203063,2143330,0.72611964,0.71354294,0.68100375,0.6777273,0.66852105,0.70854795,0.70346314,0.70180446,16058,159110.71141815186,0.50528276,0.6909467,0.6143795,0.60954076,5.022066635383798,0.0,0.0
116186,1200220,-0.03557986,0.0027908802,0.026206467,0.024943179,10,0.0,203134,2144040,0.70767486,0.7013053,0.6806638,0.67719096,0.672095,0.70409626,0.70687026,0.7021341,16062,159120.1419324875,0.661974,0.6361394,0.62311673,0.6114149,17.707310174210587,0.0,0.0
116215,1200510,-0.03415674,0.00033984781,0.026363881,0.02529647,10,0.0,203219,2144890,0.7434581,0.70463073,0.67915606,0.67684156,0.70930135,0.7049706,0.70552003,0.702138,16067,159132.03810167313,0.35470584,0.6367063,0.6252219,0.61157715,4.811004541561933,0.0,0.0
116247,1200830,0.029545128,-0.001516664,0.01963664,0.024633251,10,0.0,203303,2145730,0.66728824,0.7081113,0.68433607,0.67721623,0.6968334,0.70659465,0.70397264,0.70184946,16072,159143.50983262062,0.66728824,0.6677717,0.62996805,0.61226904,4.863451169746842,0.0,0.0
116279,1201150,0.060114145,-0.0027795495,0.01623839,0.02500935,10,0.0,203388,2146580,0.6811497,0.7124695,0.6888855,0.6769638,0.74126387,0.70969,0.70512384,0.70197314,16077,159155.18527674675,0.67729855,0.69938284,0.6321957,0.6127732,4.604031495703435,0.0,0.0
116308,1201440,-0.047541678,0.023987899,0.015658317,0.02561126,10,0.0,203467,2147370,0.70571727,0.6815979,0.6900515,0.6762806,0.6581756,0.70558584,0.7057098,0.70189184,16081,159165.03686904907,0.6581756,0.5841397,0.63050914,0.61231136,17.286903049511807,0.0,0.0
116340,1201760,0.41618603,0.0382433,0.020641878,0.025561783,10,0.0,203556,2148260,0.3101802,0.67274296,0.68746316,0.6762709,0.7263662,0.7089124,0.7080849,0.7018041,16086,159176.76226592064,0.3101802,0.6264521,0.62842673,0.61192733,4.5813061740040535,0.0,0.0
116375,1202110,-0.002665937,0.007814014,0.025211968,0.025669148,10,0.0,203646,2149160,0.72211975,0.69008625,0.68245417,0.6765486,0.7194538,0.69790024,0.7076661,0.70221776,16091,159188.5737810135,0.7194538,0.64594233,0.6337067,0.61399555,5.268198302517109,0.0,0.0
116401,1202370,-0.06011963,-0.0068213465,0.020787645,0.024862664,10,0.0,203742,2150120,0.7119233,0.70340496,0.68648535,0.677579,0.6518037,0.6965836,0.707273,0.70244163,16096,159200.63467860222,0.39179415,0.66182154,0.63580114,0.6158914,4.621024158029775,0.0,0.0
116430,1202660,-0.009470642,0.009545374,0.015072424,0.024446487,10,0.0,203810,2150800,0.7081215,0.69769865,0.6888716,0.67792434,0.69865084,0.707244,0.70394427,0.7023708,16100,159210.0239956379,0.6975143,0.6807431,0.6367331,0.6158303,19.049371720591314,0.0,0.0
116464,1203000,0.050569177,0.033799775,0.0076578045,0.02461939,10,0.0,203899,2151690,0.6824545,0.66994375,0.69582117,0.67803115,0.7330237,0.7037436,0.70347893,0.7026505,16105,159221.8612086773,0.33379403,0.60903746,0.6426711,0.6172993,5.348335811360501,0.0,0.0
116492,1203280,0.02248919,-0.007756871,0.00867314,0.023787862,10,0.0,203989,2152590,0.72266513,0.70490384,0.6939096,0.6787918,0.7451543,0.69714695,0.7025827,0.70257974,16110,159233.41519141197,0.6723129,0.6347464,0.6388398,0.618177,5.276941337095618,0.0,0.0
116523,1203590,-0.027182698,0.008691961,0.019341946,0.023567626,10,0.0,204079,2153490,0.7217906,0.7127769,0.68791616,0.67915714,0.6946079,0.7214689,0.7072582,0.70272475,16115,159245.0299396515,0.3727583,0.7012374,0.65065575,0.61967444,4.886992128714556,0.0,0.0
116550,1203860,-0.04904455,0.03072744,0.0228119,0.023747042,10,0.0,204147,2154170,0.75785565,0.6647377,0.68361336,0.6792295,0.7088111,0.6922222,0.70634866,0.7029386,16119,159254.58725214005,0.7088111,0.6157914,0.63173884,0.6197393,20.517769526912335,0.0,0.0
116580,1204160,0.059084356,0.0340684,0.02399074,0.023844508,10,0.0,204236,2155060,0.6915867,0.67247415,0.6849403,0.67977023,0.750671,0.7065426,0.708931,0.7036148,16124,159266.5458073616,0.40197593,0.63161206,0.6318329,0.62008387,4.832073425603041,0.0,0.0
116607,1204430,-0.08662939,0.022022042,0.029366257,0.024023408,10,0.0,204310,2155800,0.7593105,0.6876973,0.68003625,0.6794667,0.6726811,0.7097193,0.70940244,0.70349014,16128,159275.850274086,0.6670935,0.685423,0.6275183,0.62009645,16.793216576754332,0.0,0.0
116641,1204770,0.25269234,0.03953892,0.03015306,0.02383998,10,0.0,204397,2156670,0.49574947,0.639392,0.67175287,0.6789765,0.7484418,0.678931,0.70190597,0.70281655,16133,159287.81310129166,0.35947287,0.5241312,0.6119297,0.6190183,5.280034945910001,0.0,0.0
116676,1205120,-0.00012332201,-0.014011532,0.02741117,0.023048094,10,0.0,204482,2157520,0.7303019,0.73149383,0.6721129,0.68015677,0.7301786,0.71748227,0.69952416,0.7032048,16138,159299.4878294468,0.7301786,0.6820337,0.60753804,0.6203768,5.3258629361408785,0.0,0.0
116706,1205420,-0.008049428,0.0008372724,0.025664292,0.023122756,10,0.0,204568,2158380,0.70139515,0.69844836,0.67179185,0.67999446,0.6933457,0.6986996,0.69730186,0.7031434,16143,159311.20234632492,0.68310815,0.6492133,0.60986394,0.62129253,5.132649298913056,0.0,0.0
116734,1205700,0.00062423944,0.021074777,0.016152956,0.022309672,10,0.0,204648,2159180,0.6850618,0.66512805,0.6827568,0.68067175,0.68568605,0.6862028,0.6989098,0.7029815,16148,159322.9051990509,0.45794472,0.58553517,0.60961664,0.6213337,5.260996240554349,0.0,0.0
116767,1206030,-0.0020229816,0.0008438706,0.019467952,0.022186497,10,0.0,204741,2160110,0.6968532,0.7121722,0.6804219,0.68077916,0.69483024,0.7130161,0.6998899,0.7029657,16153,159334.6848344803,0.4104777,0.64708114,0.6063438,0.6213513,5.057348636592294,0.0,0.0
116799,1206350,0.0,0.041061334,0.023143718,0.022470467,10,0.0,204819,2160890,0.7872225,0.653231,0.6766625,0.6802693,0.7872225,0.6942924,0.6998063,0.7027398,16158,159346.1806716919,0.7872225,0.5753798,0.5985374,0.62013334,4.7910974747468975,0.0,0.0
116832,1206680,-0.06328446,0.07191765,0.030156469,0.022260526,10,0.0,204914,2161840,0.7210998,0.6336469,0.67284083,0.68113136,0.65781534,0.7055646,0.70299727,0.70339185,16163,159357.86871099472,0.49399105,0.5140117,0.5916825,0.6209552,5.163246602247709,0.0,0.0
116864,1207000,0.023544848,0.0072018444,0.026730718,0.022786587,10,0.0,204999,2162690,0.7122741,0.6952786,0.6757719,0.680591,0.7358189,0.70248044,0.7025025,0.70337754,16168,159369.4918012619,0.6791247,0.65937316,0.60354847,0.61980134,4.878306473383114,0.0,0.0
116890,1207260,-0.095159054,-0.009053469,0.017390115,0.022200707,10,0.0,205071,2163410,0.75638884,0.7159814,0.6886007,0.68147695,0.6612298,0.70692796,0.70599085,0.70367765,16172,159378.88380098343,0.6612298,0.61868423,0.6079828,0.62023103,23.41493914455137,0.0,0.0
116919,1207550,0.03569436,0.063228026,0.021460032,0.02281984,10,0.0,205148,2164180,0.73051536,0.62280077,0.67995036,0.6803705,0.7662097,0.68602884,0.7014105,0.7031903,16177,159390.47816205025,0.3570358,0.50992274,0.5905276,0.6176792,4.830271005319132,0.0,0.0
116951,1207870,0.023993373,0.016213495,0.023162518,0.023482371,10,0.0,205239,2165090,0.7129895,0.6954431,0.6781968,0.679932,0.7369829,0.7116566,0.70135933,0.70341444,16182,159402.45233416557,0.5272092,0.66472626,0.60298914,0.61743015,4.805859744835822,0.0,0.0
116987,1208230,0.33540544,0.020515526,0.03326014,0.02345369,10,0.0,205322,2165920,0.36910787,0.6940629,0.6674843,0.6800039,0.7045133,0.71457845,0.70074445,0.7034576,16187,159414.15374016762,0.36910787,0.6543313,0.6057554,0.61867934,4.136648632356801,0.0,0.0
117018,1208540,0.007892907,-0.026278418,0.041336585,0.023390992,10,0.0,205416,2166860,0.672635,0.7341887,0.6602944,0.680207,0.6805279,0.7079102,0.701631,0.703598,16192,159425.78260445595,0.40389386,0.6436559,0.5986005,0.6182611,4.660485877662334,0.0,0.0
117049,1208850,0.06661749,0.028522212,0.033010803,0.023698777,10,0.0,205498,2167680,0.7111408,0.66240656,0.66652673,0.67938864,0.7777583,0.6909288,0.69953746,0.7030874,16197,159437.4285402298,0.67308486,0.5034682,0.5834455,0.61424977,5.188152128750856,0.0,0.0
117079,1209150,-0.027231812,0.0134703815,0.028839478,0.02391946,10,0.0,205583,2168530,0.69743735,0.6853963,0.6707777,0.6794301,0.67020553,0.69886667,0.6996172,0.7033496,16202,159449.1677942276,0.47433692,0.6470829,0.58708876,0.6160953,4.8999731420558605,0.0,0.0
117110,1209460,0.011201084,0.0133804325,0.020064916,0.023515172,10,0.0,205659,2169290,0.6960258,0.70229405,0.6805713,0.67998534,0.7072269,0.7142778,0.70119566,0.70347947,16206,159458.62948679924,0.6960258,0.66076124,0.6092921,0.61709315,4.442889439919783,0.0,0.0
117138,1209740,-0.013800085,0.03222542,0.02166862,0.023241036,10,0.0,205745,2170150,0.7658105,0.6690629,0.6829645,0.6802223,0.7520104,0.7012882,0.70463324,0.7034633,16211,159470.89403629303,0.6116303,0.58579737,0.63160914,0.6170793,4.788758991830357,0.0,0.0
117169,1210050,-0.06649506,0.084876284,0.03622958,0.024893159,10,0.0,205832,2171020,0.76028556,0.62164485,0.6683204,0.67840976,0.6937905,0.70652115,0.70455,0.7033029,16216,159482.80551576614,0.34318724,0.5768061,0.6250116,0.6155271,4.459760068688512,0.0,0.0
117200,1210360,0.015042901,0.043729436,0.039966997,0.02456783,10,0.0,205904,2171740,0.6931268,0.650252,0.66622573,0.6790402,0.7081697,0.6939814,0.7061928,0.70360804,16220,159492.33139109612,0.6753485,0.63211334,0.61929715,0.61695105,19.57553935009626,0.0,0.0
117230,1210660,-0.068434656,0.052556388,0.03981843,0.02509584,10,0.0,205998,2172680,0.7351038,0.6498134,0.66635495,0.6788285,0.66666913,0.70220935,0.70669854,0.703993,16225,159504.16351771355,0.43368578,0.5833186,0.6169947,0.6172318,4.737343293005583,0.0,0.0
117260,1210960,-0.089906156,0.062497742,0.031522986,0.025176391,10,0.0,206089,2173590,0.7397824,0.6323577,0.6759308,0.6786654,0.64987624,0.6948555,0.70745385,0.70384187,16230,159516.0676202774,0.34933886,0.59545547,0.6293892,0.61726135,4.852046445780749,0.0,0.0
117290,1211260,0.31962505,0.015630942,0.024380082,0.0252448,10,0.0,206178,2174480,0.39088425,0.6943547,0.67822784,0.6780695,0.7105093,0.7099857,0.70260787,0.7033143,16235,159528.1313238144,0.39088425,0.6485286,0.61681044,0.61504006,4.456419451062891,0.0,0.0
117319,1211550,-0.04031664,0.012670383,0.027035398,0.025446953,10,0.0,206254,2175240,0.73346466,0.68827116,0.6730304,0.67764455,0.693148,0.7009415,0.7000658,0.70309144,16239,159537.61151576042,0.693148,0.56721395,0.5986631,0.6140083,16.71532250383281,0.0,0.0
117350,1211860,-0.009441435,-0.015977722,0.028997907,0.025313217,10,0.0,206344,2176140,0.7255447,0.72278154,0.6713921,0.6777256,0.71610326,0.7068038,0.70038986,0.7030389,16244,159549.5977244377,0.63021326,0.69768965,0.60365546,0.61485875,4.596740846666185,0.0,0.0
117378,1212140,-0.11465311,0.010096997,0.018073993,0.024892239,10,0.0,206413,2176830,0.8063708,0.7020257,0.68753386,0.67817104,0.6917177,0.71212274,0.70560783,0.7030633,16248,159559.1567416191,0.530051,0.61842453,0.62562495,0.6138931,17.363462041603054,0.0,0.0
117406,1212420,0.006455362,0.060428243,0.025186183,0.026220502,10,0.0,206507,2177770,0.7397056,0.6475058,0.68081886,0.6769264,0.746161,0.70793414,0.7060051,0.7031469,16253,159570.9871816635,0.6348934,0.6250522,0.6201411,0.6132803,4.757717686106407,0.0,0.0
117439,1212750,-9.638071e-05,0.06323894,0.022266643,0.026852367,10,0.0,206595,2178650,0.7275093,0.63765246,0.6855384,0.67646813,0.72741294,0.7008914,0.70780516,0.70332056,16258,159583.01180052757,0.72741294,0.5770365,0.62061083,0.61214757,4.678130788335055,0.0,0.0
117465,1213010,0.28365147,0.011091674,0.02747191,0.026244054,10,0.0,206667,2179370,0.3699813,0.7110998,0.68129754,0.677319,0.65363276,0.7221915,0.70876944,0.7035631,16262,159592.7388563156,0.3699813,0.6763442,0.6176525,0.6127877,29.00741523518924,0.0,0.0
117498,1213340,-0.08961415,0.028910812,0.025790002,0.027025294,10,0.0,206757,2180270,0.7923166,0.6812373,0.682258,0.676458,0.70270246,0.7101481,0.7080481,0.7034833,16267,159604.62639927864,0.70270246,0.64779276,0.6239022,0.6115605,5.187381502153832,0.0,0.0
117525,1213610,-0.093162775,0.03306856,0.024190785,0.026641747,10,0.0,206825,2180950,0.8034252,0.6704727,0.6786482,0.67649704,0.7102624,0.70354116,0.70283896,0.70313877,16271,159614.26260709763,0.7102624,0.6110401,0.620906,0.61056256,17.564079747035283,0.0,0.0
117553,1213890,-0.047361553,0.014166427,0.021744628,0.026578477,10,0.0,206914,2181840,0.6896923,0.6889825,0.6820976,0.67647964,0.64233077,0.70314896,0.70384234,0.7030581,16276,159626.12598633766,0.37359866,0.57912123,0.61008304,0.60934424,5.365949390764532,0.0,0.0
117585,1214210,0.24473488,0.016236749,0.022279175,0.026509242,10,0.0,206996,2182660,0.43381608,0.6882003,0.6806105,0.676118,0.67855096,0.704437,0.70288956,0.7026273,16281,159637.7666964531,0.3931461,0.66381943,0.6000092,0.60816634,4.679075917133927,0.0,0.0
117617,1214530,-0.050878227,0.014812902,0.018633582,0.025766117,10,0.0,207080,2183500,0.7342065,0.6814672,0.6835141,0.6768698,0.6833283,0.6962802,0.7021476,0.70263594,16286,159649.52258348465,0.46332434,0.6064123,0.59607863,0.6077012,4.719132930612171,0.0,0.0
117649,1214850,-0.001927495,0.00046585203,0.010230544,0.024889397,10,0.0,207172,2184420,0.6871226,0.7043083,0.6932383,0.6784338,0.6851951,0.70477414,0.7034688,0.7033232,16291,159661.23218941689,0.5768858,0.62851036,0.61737835,0.6106666,5.481552267269167,0.0,0.0
117679,1215150,-0.05883783,-0.003549975,0.008228727,0.024680492,10,0.0,207242,2185120,0.75235236,0.73143274,0.69894356,0.6788507,0.6935145,0.72788274,0.7071724,0.70353127,16295,159670.71664834023,0.6935145,0.7152069,0.6395935,0.6108197,23.132538625892227,0.0,0.0
117712,1215480,-0.0805555,0.03434496,0.010303191,0.024349345,10,0.0,207324,2185940,0.73875684,0.6713918,0.69679964,0.67929375,0.65820134,0.70573676,0.70710284,0.70364314,16300,159682.65261101723,0.6477154,0.57678187,0.63720745,0.6112883,5.612583694230832,0.0,0.0
117740,1215760,0.052316546,-0.00087445974,0.014138421,0.024726877,10,0.0,207411,2186810,0.6672199,0.69276434,0.68763626,0.67875195,0.7195364,0.69188994,0.7017748,0.7034789,16305,159694.1996808052,0.6672199,0.6542882,0.6336226,0.61250556,4.1897911759244115,0.0,0.0
117773,1216090,0.09144932,0.033804983,0.015394154,0.023870714,10,0.0,207495,2187650,0.6716101,0.65538824,0.684827,0.67960733,0.76305944,0.6891932,0.70022124,0.70347804,16310,159705.81790041924,0.67085606,0.55196935,0.63373274,0.613596,5.20115632396912,0.0,0.0
117803,1216390,0.00018811226,-0.008520424,0.009123495,0.022952093,10,0.0,207580,2188500,0.71958315,0.72371584,0.6933696,0.6807816,0.71977127,0.7151954,0.7024931,0.70373374,16315,159717.58149790764,0.66250855,0.69499344,0.64008135,0.6157038,4.7526376983762315,0.0,0.0
117831,1216670,0.034469604,-0.0017671585,0.008520841,0.022410749,10,0.0,207648,2189180,0.6711964,0.7096899,0.6987839,0.6816175,0.705666,0.70792276,0.7073048,0.7040282,16319,159727.09509205818,0.6625915,0.68402755,0.6454541,0.6174986,20.77660428688261,0.0,0.0
117866,1217020,-0.0024921894,-0.0020802082,0.008521475,0.022116104,10,0.0,207733,2190030,0.6910356,0.70722646,0.6995184,0.6819651,0.68854344,0.70514625,0.70803976,0.7040811,16324,159738.82863497734,0.68850976,0.6315502,0.6380265,0.61781967,5.481719906767852,0.0,0.0
117896,1217320,-0.025859535,0.00088983774,0.0073884157,0.022373764,10,0.0,207824,2190940,0.7167237,0.7023937,0.703446,0.6817451,0.69086415,0.7032835,0.71083444,0.7041189,16329,159750.58698558807,0.65510005,0.6354233,0.65600127,0.6195293,5.862751664906384,0.0,0.0
117922,1217580,-0.01868397,-0.002958995,0.008664686,0.021522019,10,0.0,207889,2191590,0.69117177,0.70045346,0.699022,0.6829684,0.6724878,0.69749445,0.70768666,0.7044904,16333,159759.84497141838,0.6724878,0.6648642,0.6538877,0.62227577,15.569814270849845,0.0,0.0
117952,1217880,-0.0027887821,0.031258807,0.0102498485,0.0207448,10,0.0,207982,2192520,0.7105938,0.67767197,0.6958819,0.68364465,0.70780504,0.70893073,0.7061317,0.70438945,16338,159771.93165278435,0.372122,0.6667034,0.6574419,0.6236288,4.80735083965518,0.0,0.0
117985,1218210,0.029862523,0.036754988,0.011896196,0.02023597,10,0.0,208063,2193330,0.67935896,0.66717654,0.69098413,0.68414783,0.7092215,0.7039315,0.70288026,0.7043838,16343,159783.72352409363,0.67935896,0.61059535,0.6451319,0.6230182,4.446839574767064,0.0,0.0
118016,1218520,-0.014303565,0.017866205,0.00948337,0.019465996,10,0.0,208154,2194240,0.7282833,0.6905742,0.69380784,0.68507195,0.7139797,0.7084404,0.7032912,0.704538,16348,159795.57990431786,0.6639161,0.6646426,0.6521712,0.6260035,4.6870581756529335,0.0,0.0
118047,1218830,0.0070829988,0.016354626,0.008435476,0.018320007,10,0.0,208238,2195080,0.6871944,0.6784042,0.69804484,0.68684417,0.6942774,0.6947588,0.7064803,0.7051642,16353,159807.29392242432,0.38485724,0.63874656,0.64773786,0.63018894,4.607053619405428,0.0,0.0
118078,1219140,-0.0374071,-0.00046535133,0.004167421,0.017741628,10,0.0,208325,2195950,0.7041129,0.7115421,0.7069955,0.68779933,0.6667058,0.71107686,0.7111628,0.70554096,16358,159818.9986460209,0.4130136,0.69995916,0.66651833,0.6311962,4.725065398659481,0.0,0.0
118112,1219480,-0.0098359585,-0.019440318,-0.001836831,0.01704456,10,0.0,208411,2196810,0.6829063,0.73330796,0.71502143,0.68863237,0.6730704,0.7138676,0.7131846,0.70567685,16363,159830.75072813034,0.43928745,0.6823692,0.6673715,0.631304,4.857021233626401,0.0,0.0
118145,1219810,-0.016584396,0.028950345,0.0016746533,0.015971132,10,0.0,208495,2197650,0.694482,0.6721184,0.70805395,0.68956286,0.67789763,0.70106876,0.7097287,0.7055339,16368,159842.40273714066,0.57493484,0.61014664,0.66000676,0.631692,5.562138401010396,0.0,0.0
118174,1220100,0.070337534,-0.0031481027,0.010816672,0.014891551,10,0.0,208567,2198370,0.70759046,0.70935214,0.6972146,0.6909551,0.777928,0.70620406,0.70803124,0.7058466,16372,159851.9607784748,0.42211533,0.6648549,0.64570314,0.63323545,24.776261879220637,0.0,0.0
118205,1220410,0.0,-0.017701661,0.008819208,0.0140820965,10,0.0,208657,2199270,0.7745209,0.7196802,0.6966488,0.6914949,0.7745209,0.70197856,0.705468,0.70557696,16377,159863.8816215992,0.7745209,0.6719596,0.63585967,0.63267225,5.307383954311722,0.0,0.0
118233,1220690,-0.031724572,0.002002132,0.015158019,0.014223219,10,0.0,208741,2200110,0.73139906,0.7097475,0.68864304,0.6911536,0.6996745,0.7117497,0.70380104,0.70537674,16382,159875.68945860863,0.6996745,0.6982862,0.6296858,0.6325875,5.418384872511183,0.0,0.0
118260,1220960,-0.03359431,0.03670574,0.005775737,0.013279154,10,0.0,208811,2200810,0.71145535,0.67265815,0.6999082,0.69253284,0.67786103,0.7093638,0.70568395,0.7058119,16386,159885.01642489433,0.6763075,0.59463966,0.6394905,0.63437897,31.68815195309224,0.0,0.0
118290,1221260,0.0,0.035020813,0.009091869,0.013149491,10,0.0,208897,2201670,0.75079244,0.6704167,0.69680154,0.6926424,0.75079244,0.70543754,0.7058934,0.7057919,16391,159896.67814993858,0.75079244,0.5710934,0.6367312,0.63435155,4.696315204937201,0.0,0.0
118322,1221580,0.024641871,-0.010036254,0.0060603176,0.012164487,10,0.0,208983,2202530,0.67336494,0.7015551,0.70069915,0.69382167,0.6980068,0.6915189,0.7067594,0.7059861,16396,159908.65489435196,0.54364103,0.6505382,0.6492732,0.6368175,4.506629659253007,0.0,0.0
118356,1221920,0.14424396,0.016864216,0.00993869,0.012088155,10,0.0,209066,2203360,0.5923396,0.67749673,0.6918153,0.6935675,0.73658353,0.6943609,0.7017541,0.70565563,16401,159920.49376153946,0.5923396,0.62265456,0.6375961,0.636413,4.489289848818013,0.0,0.0
118381,1222170,-0.04086113,0.02941956,0.005394761,0.011549182,10,0.0,209139,2204090,0.7325626,0.6807386,0.6988501,0.69426125,0.6917015,0.7101582,0.70424485,0.7058104,16405,159929.92877221107,0.37942517,0.58282375,0.6451552,0.6380895,16.949298841275706,0.0,0.0
118415,1222510,0.0045555234,0.038780373,0.016229846,0.011679664,10,0.0,209218,2204880,0.7086035,0.6665586,0.6868153,0.6938264,0.713159,0.705339,0.70304525,0.70550597,16410,159941.602768898,0.4067999,0.63373685,0.64192414,0.63761026,5.676898012593571,0.0,0.0
118445,1222810,0.19042772,0.0073073385,0.013780527,0.011052243,10,0.0,209303,2205730,0.5292459,0.6935942,0.6919242,0.6945388,0.71967363,0.70090157,0.70570475,0.70559096,16415,159953.23026132584,0.5273948,0.66942704,0.6376517,0.6388954,5.839553129747165,0.0,0.0
118481,1223170,-0.0007004738,0.010059851,0.013787248,0.010331146,10,0.0,209389,2206590,0.7308013,0.6825429,0.6879742,0.6948958,0.7301008,0.69260275,0.70176154,0.70522696,16420,159964.77621221542,0.69786626,0.6191677,0.63065886,0.6387054,5.677223814078847,0.0,0.0
118512,1223480,-0.014452994,0.021273365,0.012673132,0.01074532,10,0.0,209475,2207450,0.7245649,0.69100815,0.6898561,0.6945993,0.7101119,0.71428573,0.7026738,0.70535326,16425,159976.54205179214,0.7101119,0.6209101,0.63763815,0.6392374,5.4985725591823895,0.0,0.0
118539,1223750,0.044893324,0.02242566,0.0168635,0.010403604,10,0.0,209560,2208300,0.6651181,0.68195784,0.6843238,0.6950084,0.7100114,0.7043835,0.7011874,0.705412,16430,159988.2521083355,0.6651181,0.6141232,0.62955743,0.64013904,5.244779265691588,0.0,0.0
118570,1224060,-0.08993065,0.01029818,0.023694787,0.010549697,10,0.0,209630,2209000,0.7823556,0.7101809,0.67909104,0.69486284,0.69242495,0.72047913,0.70278597,0.70541245,16434,159997.7133524418,0.69242495,0.6844368,0.6187039,0.64110374,15.172433751117774,0.0,0.0
118599,1224350,-0.07839954,0.0034489632,0.016477484,0.010019501,10,0.0,209712,2209820,0.732585,0.70308656,0.6870372,0.69545287,0.6541855,0.70653546,0.70351464,0.7054724,16439,160009.62660598755,0.39925805,0.6515735,0.6285931,0.64294374,4.677356078014518,0.0,0.0
118631,1224670,-0.033631623,0.0034145832,0.017558062,0.010546167,10,0.0,209802,2210720,0.6975729,0.69461197,0.682328,0.6944607,0.66394126,0.69802654,0.69988596,0.70500684,16444,160021.26036071777,0.49175924,0.61871105,0.6311147,0.64233315,5.547415057561171,0.0,0.0
118666,1225020,-0.022844732,0.0016549289,0.019028103,0.011206878,10,0.0,209887,2211570,0.75022733,0.70668656,0.6828401,0.69381154,0.7273826,0.7083415,0.7018683,0.70501846,16449,160032.84866309166,0.7273826,0.55611765,0.63488245,0.64101034,5.702082999127212,0.0,0.0
118690,1225260,-0.054858685,0.041848198,0.02133605,0.011280426,10,0.0,209952,2212220,0.77564585,0.6610782,0.67748123,0.69319004,0.72078717,0.6980351,0.6985014,0.7044208,16453,160042.44503688812,0.6671504,0.57644963,0.61178464,0.63984644,19.03699918029736,0.0,0.0
118721,1225570,-0.00012075901,-0.015192509,0.008105041,0.010204943,10,0.0,210032,2213020,0.71745867,0.71361285,0.69386995,0.69465625,0.7173379,0.69842035,0.7019749,0.7048612,16458,160054.0893380642,0.48297966,0.66555965,0.61878157,0.6408315,5.068031028988269,0.0,0.0
118747,1225830,0.00066685677,-0.0048809587,-0.0005405757,0.009840245,10,0.0,210115,2213850,0.67826784,0.69884413,0.7034061,0.69517624,0.6789347,0.6939632,0.70286554,0.7050165,16462,160064.0331082344,0.6730918,0.6558491,0.62306786,0.64082044,4.411110987245304,0.0,0.0
118774,1226100,-0.029447794,-0.016993767,-0.0053557875,0.009221115,10,0.0,210179,2214490,0.6920104,0.7283559,0.7103528,0.6957487,0.6625626,0.71136206,0.70499694,0.70496976,16466,160073.63989186287,0.5428398,0.64279735,0.631696,0.6405483,25.380138969486136,0.0,0.0
118806,1226420,-0.02392739,0.028658655,-0.00015113145,0.009930954,10,0.0,210265,2215350,0.75480086,0.6798522,0.7049759,0.6950952,0.73087347,0.7085109,0.7048248,0.70502615,16471,160085.41350746155,0.66800964,0.65730894,0.6303675,0.6400752,5.723225290837895,0.0,0.0
118833,1226690,-0.06520289,0.016749525,0.0041133566,0.009469782,10,0.0,210358,2216280,0.7633677,0.68408865,0.7000376,0.695335,0.6981648,0.7008381,0.70415086,0.7048048,16476,160097.39740085602,0.43106067,0.6424829,0.6370491,0.64031434,4.551427676339034,0.0,0.0
118865,1227010,-0.052002132,-0.0050072195,0.0034328685,0.009262241,10,0.0,210431,2217010,0.7589108,0.7162389,0.7016891,0.6954098,0.70690864,0.71123177,0.70512193,0.70467204,16480,160106.9322001934,0.70690864,0.6568018,0.6453497,0.64074826,22.123665173049485,0.0,0.0
118891,1227270,-0.00014269352,-0.0031886518,0.0029849145,0.009125849,10,0.0,210520,2217900,0.690944,0.7061781,0.70334196,0.6955089,0.6908013,0.70298946,0.7063269,0.7046347,16485,160118.90382313728,0.510802,0.6768044,0.6662943,0.64142126,4.615210759769943,0.0,0.0
118923,1227590,0.017453372,0.005490929,0.0033987083,0.008769104,10,0.0,210613,2218830,0.69223195,0.70811856,0.7028328,0.6959935,0.7096853,0.7136094,0.7062315,0.7047626,16490,160130.84268021584,0.69223195,0.68636346,0.66741025,0.6420924,4.6983063575553015,0.0,0.0
118954,1227900,0.035051048,0.013934249,0.0065968637,0.008727116,10,0.0,210707,2219770,0.6810771,0.69145143,0.69762796,0.6957946,0.7161282,0.7053856,0.7042248,0.70452166,16495,160142.83887004852,0.6672892,0.64706314,0.6607549,0.64113945,4.910749441492498,0.0,0.0
118988,1228240,0.000103235245,0.008898383,0.021586237,0.009714914,10,0.0,210795,2220650,0.7147797,0.7096071,0.6793069,0.69487214,0.7148829,0.7185055,0.70089316,0.70458704,16500,160154.71029639244,0.7147797,0.69869375,0.651532,0.6420082,4.740140143828076,0.0,0.0
119018,1228540,-0.099517584,0.013778413,0.018553447,0.009689817,10,0.0,210884,2221540,0.7741085,0.6969826,0.6840403,0.6948085,0.67459095,0.710761,0.7025937,0.7044983,16505,160166.7196545601,0.66873956,0.6808036,0.65837663,0.64226305,4.7987546566799395,0.0,0.0
119050,1228860,-0.06834561,0.020293664,0.020160886,0.009793266,10,0.0,210972,2222420,0.720521,0.67393565,0.68444514,0.6943466,0.65217537,0.6942294,0.70460594,0.7041399,16510,160178.59316778183,0.44144994,0.6221665,0.6547179,0.6417813,4.7100328106257106,0.0,0.0
119080,1229160,5.4717064e-05,0.021971503,0.011989718,0.010728024,10,0.0,211045,2223150,0.66319114,0.6765982,0.692039,0.6929293,0.66324586,0.69856966,0.7040287,0.7036573,16514,160188.37996578217,0.66319114,0.61913013,0.6432285,0.6389627,5.086333464423652,0.0,0.0
119111,1229470,0.0029423237,-0.0020732998,0.015650108,0.011293894,10,0.0,211131,2224010,0.69978505,0.7082887,0.6871596,0.69213235,0.7027274,0.7062155,0.7028097,0.7034261,16519,160200.22158527374,0.69321233,0.683845,0.6416633,0.6396574,4.751118453880167,0.0,0.0
119136,1229720,-0.037570775,0.008732426,0.016725242,0.010819093,10,0.0,211206,2224760,0.682329,0.70165336,0.68543,0.6927404,0.6447582,0.71038574,0.70215523,0.70355946,16523,160209.9011106491,0.631539,0.68882346,0.64085054,0.64085996,18.908047013340163,0.0,0.0
119172,1230080,0.0042384267,0.0137479305,0.009640041,0.010466765,10,0.0,211291,2225610,0.70325583,0.69084096,0.6942293,0.6928184,0.70749426,0.7045889,0.70386934,0.70328516,16528,160221.97578024864,0.70325583,0.6741102,0.6616742,0.641182,4.910297566581865,0.0,0.0
119200,1230360,0.13383633,0.044524617,0.009330819,0.011159247,10,0.0,211386,2226560,0.6617803,0.64652634,0.6911956,0.6920104,0.7956166,0.6910509,0.7005265,0.7031696,16533,160234.0663871765,0.6617803,0.6003982,0.6586753,0.64192694,4.433589713802612,0.0,0.0
119230,1230660,0.0,-0.0031775534,0.0086607495,0.010592854,10,0.0,211452,2227220,0.68207026,0.71011037,0.6916335,0.69262767,0.68207026,0.7069328,0.7002942,0.7032206,16537,160243.81798887253,0.68207026,0.69014996,0.6505906,0.6423805,5.660307896272457,0.0,0.0
119254,1230900,0.10328156,0.0031687736,0.009707481,0.011018303,10,0.0,211522,2227920,0.6697914,0.7120623,0.6935846,0.6921052,0.77307296,0.71523106,0.70329213,0.7031234,16541,160253.45991277695,0.6697914,0.69070977,0.65323377,0.64165765,17.45298148054138,0.0,0.0
119284,1231200,-0.06516093,-0.0053684474,0.0095872125,0.010672295,10,0.0,211610,2228800,0.7432672,0.70245045,0.6972394,0.6926271,0.67810625,0.69708204,0.70682657,0.70329946,16546,160265.3950741291,0.5221705,0.64717245,0.6479386,0.64263433,4.572768249626704,0.0,0.0
119314,1231500,0.36460108,0.049161553,0.014829321,0.011885982,10,0.0,211700,2229700,0.36464274,0.62181556,0.6892882,0.69094384,0.7292438,0.6709771,0.70411754,0.70282984,16551,160277.2991359234,0.36464274,0.5059104,0.62788314,0.6402724,4.343791681299406,0.0,0.0
119339,1231750,0.0037763119,0.008645749,0.018588059,0.012002481,10,0.0,211766,2230360,0.7058809,0.68615246,0.6831476,0.6908141,0.7096572,0.6947982,0.70173585,0.7028166,16555,160286.68474531174,0.5661334,0.6140655,0.62236774,0.6394235,16.019016716011134,0.0,0.0
119372,1232080,0.01381588,0.0034419,0.020068688,0.012158306,10,0.0,211854,2231240,0.67500657,0.6889874,0.6748899,0.69025886,0.68882245,0.6924291,0.69495857,0.7024172,16560,160298.4991788864,0.67500657,0.61341995,0.60839677,0.638238,4.79242609326866,0.0,0.0
119399,1232350,0.054772854,0.00070285203,0.013600659,0.011528515,10,0.0,211923,2231930,0.6544758,0.68125325,0.68201196,0.69090295,0.70924866,0.6819561,0.6956127,0.7024315,16564,160308.10947704315,0.6544758,0.6357717,0.6278709,0.64013857,16.626704420900243,0.0,0.0
119431,1232670,0.10522491,-0.012611347,0.0060779946,0.011176872,10,0.0,212005,2232750,0.6653417,0.7139112,0.69357264,0.6910907,0.7705666,0.7012999,0.6996506,0.7022676,16569,160320.0839049816,0.5962954,0.6749006,0.64928305,0.64046776,4.5490187401866695,0.0,0.0
119460,1232960,0.1348319,-0.012915725,0.0026286119,0.011167254,10,0.0,212096,2233660,0.55975014,0.71465206,0.70146126,0.6914385,0.69458205,0.70173633,0.70409006,0.70260566,16574,160331.98011922836,0.55975014,0.6659564,0.6573025,0.64087975,4.547313295308812,0.0,0.0
119487,1233230,0.019051254,0.028829837,0.004489351,0.010913277,10,0.0,212168,2234380,0.6635771,0.67371714,0.7005669,0.69199795,0.68262833,0.70254695,0.70505625,0.70291126,16578,160341.6619746685,0.6628798,0.62889445,0.65095735,0.64155555,15.424522404021118,0.0,0.0
119520,1233560,7.992983e-05,0.019023012,0.004692163,0.010304972,10,0.0,212254,2235240,0.6622563,0.67861587,0.7031368,0.6927432,0.66233623,0.6976389,0.707829,0.7030481,16583,160353.4093515873,0.6622563,0.6669663,0.66105247,0.6436258,4.697407104979663,0.0,0.0
119548,1233840,0.3549973,0.018595705,0.008504867,0.010457164,10,0.0,212327,2235970,0.38033345,0.6899902,0.70105606,0.6928819,0.73533076,0.70858586,0.70956093,0.70333904,16587,160362.7550444603,0.38033345,0.6260735,0.65629447,0.6440038,15.431939739589255,0.0,0.0
119576,1234120,0.060916066,0.0015103578,0.009990327,0.010106602,10,0.0,212407,2236770,0.677789,0.6974457,0.69523203,0.69292814,0.73870504,0.69895613,0.70522237,0.70303476,16592,160375.02607512474,0.677789,0.5891967,0.6432234,0.6430395,4.5623526371184555,0.0,0.0
119612,1234480,0.034868836,0.044942297,0.013925739,0.009975892,10,0.0,212503,2237730,0.7057293,0.6571456,0.69134223,0.6934028,0.74059814,0.702088,0.705268,0.70337874,16597,160387.07148456573,0.67664903,0.62099373,0.63681483,0.64367026,4.139669470265332,0.0,0.0
119646,1234820,-0.038520277,-0.0046339333,0.014048162,0.010030378,10,0.0,212583,2238530,0.68310255,0.6972718,0.6857907,0.69323474,0.6445823,0.6926379,0.69983894,0.70326513,16602,160398.9921989441,0.33071506,0.63342696,0.6263959,0.6428147,5.068075732878359,0.0,0.0
119677,1235130,0.048977852,0.04305064,0.016859312,0.009861967,10,0.0,212681,2239510,0.6789374,0.66145474,0.6847716,0.6934797,0.7279152,0.7045054,0.70163095,0.70334166,16607,160410.92917776108,0.6789374,0.6110628,0.63539827,0.6441311,5.099713821496447,0.0,0.0
119708,1235440,0.025667846,0.017909516,0.02159638,0.01095226,10,0.0,212762,2240320,0.69526434,0.67425406,0.6762764,0.692067,0.7209322,0.69216347,0.6978729,0.70301926,16612,160422.65253710747,0.60310817,0.6534017,0.63297254,0.6446502,5.130090472140821,0.0,0.0
119738,1235740,-0.007891953,0.01975407,0.026554348,0.012352072,10,0.0,212845,2241150,0.69849616,0.6726948,0.6739922,0.6904905,0.6906042,0.6924488,0.7005466,0.70284253,16617,160434.34466552734,0.68132454,0.58371794,0.6314454,0.6438012,4.2575849102799825,0.0,0.0
119771,1236070,0.017973304,-0.0046548904,0.024021627,0.012685051,10,0.0,212935,2242050,0.68735325,0.7058487,0.67751646,0.6902953,0.70532656,0.7011937,0.7015381,0.7029803,16622,160446.15506148338,0.68735325,0.62943524,0.6403004,0.64488035,5.462876880576934,0.0,0.0
119798,1236340,0.28572604,0.012807894,0.015381182,0.012341641,10,0.0,213002,2242720,0.41969296,0.67036206,0.68396115,0.69008213,0.705419,0.6831699,0.6993424,0.7024238,16626,160455.69715356827,0.41969296,0.557729,0.63468164,0.64476806,14.990177034954888,0.0,0.0
119829,1236650,-0.03825605,0.003600675,0.0069019822,0.012499794,10,0.0,213088,2243580,0.7674895,0.7396185,0.6956183,0.6902297,0.72923344,0.7432192,0.7025204,0.70272946,16631,160467.6204583645,0.70821667,0.7010585,0.6326168,0.6439791,4.931897362355183,0.0,0.0
119862,1236980,0.018764257,0.013295144,0.006145736,0.012739421,10,0.0,213178,2244480,0.72245276,0.6842313,0.6980391,0.6903754,0.741217,0.69752645,0.7041848,0.70311475,16636,160479.55480718613,0.5208319,0.58690226,0.6321574,0.64355767,5.4115031134530875,0.0,0.0
119892,1237280,0.0023254156,0.00082392694,0.0065986644,0.013061624,10,0.0,213262,2245320,0.6936569,0.68503326,0.6991354,0.6896812,0.69598234,0.6858572,0.7057342,0.7027428,16641,160491.1969795227,0.36018184,0.61374956,0.6290308,0.6419493,4.741108889183538,0.0,0.0
119924,1237600,-0.05708909,-0.0010117352,0.00726178,0.012968569,10,0.0,213339,2246090,0.71546,0.7123047,0.70144975,0.6898727,0.6583709,0.711293,0.70871145,0.7028412,16646,160502.78713726997,0.41318214,0.69681823,0.64018804,0.6411301,5.039789704362178,0.0,0.0
119951,1237870,0.012945056,0.0017454326,0.010369401,0.01313906,10,0.0,213413,2246830,0.661199,0.71321857,0.69561636,0.6901855,0.674144,0.71496403,0.70598567,0.7033245,16650,160512.41528201103,0.65230685,0.6935295,0.63963217,0.64161146,18.98889859241522,0.0,0.0
119978,1238140,0.043628752,0.027297044,0.01119218,0.012136106,10,0.0,213503,2247730,0.67303526,0.67776525,0.6939332,0.6913005,0.716664,0.70506227,0.70512533,0.7034367,16655,160524.55771374702,0.67303526,0.5708585,0.6306672,0.64060897,4.94938225117793,0.0,0.0
120012,1238480,0.0,0.018633097,0.011339443,0.012345491,10,0.0,213581,2248510,0.7052004,0.671369,0.69082904,0.69053113,0.7052004,0.6900021,0.7021685,0.7028766,16660,160536.37301921844,0.7052004,0.5535597,0.63075304,0.6383307,4.578158809773715,0.0,0.0
120042,1238780,-0.071501315,0.006427896,0.007474839,0.011837845,10,0.0,213668,2249380,0.73623395,0.6973842,0.69130075,0.6908437,0.66473264,0.703812,0.69877565,0.70268154,16665,160548.155077219,0.6512032,0.5828521,0.60999614,0.63686275,4.707845166446295,0.0,0.0
120072,1239080,-0.039406538,0.05849325,0.015710734,0.012452621,10,0.0,213737,2250070,0.7336841,0.6374419,0.6807229,0.69023854,0.6942776,0.69593513,0.6964337,0.70269114,16669,160557.37092137337,0.68300694,0.601857,0.5991366,0.6368162,16.245834256471912,0.0,0.0
120100,1239360,-0.064121485,0.018743813,0.017611243,0.012393722,10,0.0,213820,2250900,0.77144796,0.6971014,0.6804287,0.69024366,0.7073265,0.7158452,0.69804,0.7026373,16674,160569.10867977142,0.6834081,0.64971143,0.60194206,0.635651,4.729458285119433,0.0,0.0
120132,1239680,0.0,-0.0010504543,0.019216992,0.012707,10,0.0,213884,2251540,0.72412866,0.6939317,0.68105185,0.6898345,0.72412866,0.6928812,0.7002689,0.7025415,16678,160578.77688145638,0.72412866,0.66478956,0.61419123,0.6350023,5.227386679305872,0.0,0.0
120158,1239940,-0.023889482,0.052834082,0.023690337,0.01341282,10,0.0,213974,2252440,0.72752273,0.6511103,0.6780297,0.6891724,0.70363325,0.7039443,0.70172,0.7025852,16683,160590.62587070465,0.70363325,0.55024683,0.6248645,0.6334586,5.706065595135966,0.0,0.0
120190,1240260,0.1666683,0.016301464,0.021583652,0.013662714,10,0.0,214057,2253270,0.5345582,0.6822742,0.6792334,0.6888075,0.7012265,0.6985756,0.7008171,0.70247024,16688,160602.4004328251,0.5345582,0.64889497,0.61733496,0.6316056,4.8470213433758245,0.0,0.0
120220,1240560,-0.01667595,0.038630724,0.021962637,0.014017354,10,0.0,214128,2253980,0.6935958,0.67949694,0.67618555,0.6883289,0.6769199,0.7181278,0.6981482,0.7023462,16692,160611.75281500816,0.6769199,0.62413615,0.60754555,0.630832,14.68989888730505,0.0,0.0
120249,1240850,0.012597978,-0.0038126826,0.018210243,0.01375389,10,0.0,214212,2254820,0.64824533,0.7116968,0.68346286,0.68879163,0.6608433,0.70788413,0.70167303,0.70254546,16697,160623.50314998627,0.64824533,0.6797188,0.6124479,0.63108605,5.9056912290790144,0.0,0.0
120282,1241180,0.29408297,0.044769358,0.018709896,0.014830614,10,0.0,214292,2255620,0.40513095,0.6509046,0.682831,0.68712765,0.6992139,0.695674,0.7015408,0.70195824,16702,160635.20215559006,0.40513095,0.61995196,0.6344655,0.62990385,4.9170256378393615,0.0,0.0
120311,1241470,0.012955844,0.022131538,0.027739933,0.015221498,10,0.0,214367,2256370,0.6772396,0.6795908,0.6772096,0.6870421,0.69019544,0.7017224,0.7049495,0.70226353,16706,160644.9210577011,0.6772396,0.6067038,0.63470805,0.6304088,5.797586559752212,0.0,0.0
120337,1241730,9.5546246e-05,0.0018004954,0.029131934,0.015044763,10,0.0,214441,2257110,0.7244661,0.7010061,0.67212087,0.68742186,0.72456163,0.7028066,0.701253,0.7024666,16710,160654.4148581028,0.7185507,0.6344837,0.6276554,0.63097286,21.237810284249058,0.0,0.0
120363,1241990,0.2723874,0.052640032,0.038692795,0.015669322,10,0.0,214520,2257900,0.43664956,0.6356683,0.6609461,0.6868158,0.70903695,0.68830836,0.7005312,0.70264393,16715,160666.65943789482,0.43664956,0.54927063,0.60784996,0.63007903,4.505270376116623,0.0,0.0
120394,1242300,0.17633677,0.009087455,0.025655558,0.015933633,10,0.0,214599,2258690,0.48076636,0.6922218,0.6741788,0.68640614,0.6571031,0.7013093,0.7006231,0.7023374,16719,160676.37010741234,0.3923096,0.64776456,0.6083393,0.62849826,4.9452967670431764,0.0,0.0
120420,1242560,0.28012672,0.0889083,0.035399586,0.01767431,10,0.0,214684,2259540,0.41342404,0.598984,0.6632037,0.6845167,0.69355077,0.6878923,0.6988795,0.7021776,16724,160688.24609398842,0.41342404,0.50589,0.58590513,0.62519675,4.498126345506136,0.0,0.0
120450,1242860,0.08006114,0.03839755,0.039181277,0.018718027,10,0.0,214758,2260280,0.5687474,0.6851022,0.65872717,0.6832963,0.64880854,0.7234997,0.6979084,0.70205015,16728,160697.74267840385,0.55142105,0.60900384,0.56379366,0.6221096,17.8280512597959,0.0,0.0
120479,1243150,0.3666396,0.02912886,0.03955721,0.01959422,10,0.0,214855,2261250,0.29885375,0.67614657,0.6596451,0.68213266,0.66549337,0.70527536,0.6992023,0.7017345,16733,160710.9353017807,0.29885375,0.61493945,0.5736696,0.620599,3.917026323983146,0.0,0.0
120504,1243400,-0.035798788,0.0056311786,0.04883383,0.021055058,10,0.0,214920,2261900,0.7805188,0.6988968,0.64980334,0.6804113,0.74472,0.704528,0.6986372,0.7015097,16737,160721.31904411316,0.39075598,0.6021031,0.55390054,0.6173586,4.395278551285379,0.0,0.0
120530,1243660,0.35074776,0.05340755,0.044753384,0.021839011,10,0.0,214985,2262550,0.39533955,0.6103739,0.65474427,0.6793207,0.7460873,0.66378146,0.6994976,0.7011473,16741,160730.98668932915,0.39533955,0.5200573,0.57654303,0.61595196,14.304075649911809,0.0,0.0
120557,1243930,-0.06355178,0.020996477,0.041444425,0.02215335,10,0.0,215056,2263260,0.703666,0.6641928,0.65750945,0.67881477,0.6401142,0.6851893,0.6989539,0.70103294,16745,160740.90331172943,0.40999353,0.55000323,0.5733414,0.6141225,21.707153732852642,0.0,0.0
120588,1244240,-0.042015254,0.0080792485,0.040415168,0.023384903,10,0.0,215153,2264230,0.7611049,0.7055788,0.6582585,0.6775186,0.7190896,0.7136581,0.6986738,0.70100766,16750,160752.95575332642,0.67163247,0.62153834,0.5743039,0.6121615,5.095474297904495,0.0,0.0
120615,1244510,0.2746791,-0.01506086,0.026347492,0.02309096,10,0.0,215226,2264960,0.48185697,0.72683316,0.6758295,0.67797107,0.75653607,0.7117723,0.70217705,0.7011295,16754,160762.7433037758,0.48185697,0.58849055,0.5832493,0.61104715,18.791819296195673,0.0,0.0
120646,1244820,0.2896211,0.085833326,0.03014716,0.023794193,10,0.0,215310,2265800,0.34644496,0.5779163,0.6713549,0.6776397,0.6360661,0.6637497,0.70150214,0.7014879,16759,160775.10301995277,0.32867852,0.40623975,0.58015937,0.60996985,4.115135379514744,0.0,0.0
120672,1245080,0.051791966,-0.015768444,0.02110517,0.023797957,10,0.0,215389,2266590,0.69108546,0.72607577,0.6822094,0.6774166,0.7428774,0.7103073,0.70331466,0.7011781,16763,160784.93253302574,0.69073445,0.6334939,0.58353144,0.6076949,15.701811492338903,0.0,0.0
120706,1245420,-0.084409595,0.04338173,0.026041288,0.023559388,10,0.0,215472,2267420,0.7675214,0.6607043,0.6759214,0.6778478,0.6831118,0.704086,0.7019626,0.70146775,16768,160796.9508447647,0.4062965,0.5331453,0.5597179,0.60506934,5.283884262850788,0.0,0.0
120729,1245650,0.06372285,-0.014777273,0.032626335,0.023520663,10,0.0,215546,2268160,0.6244276,0.7428746,0.66862124,0.6782677,0.68815047,0.7280973,0.70124733,0.70189404,16772,160806.6847026348,0.6244276,0.60335094,0.5404202,0.602888,14.759711090974672,0.0,0.0
120764,1246000,-0.044400573,0.09096962,0.034248877,0.024940671,10,0.0,215638,2269080,0.7222887,0.60548055,0.6722615,0.6768075,0.67788815,0.6964502,0.70651037,0.7017656,16777,160818.84831166267,0.67788815,0.5394322,0.55916476,0.59997606,5.039503285652563,0.0,0.0
120787,1246230,0.15449166,0.12256054,0.051103204,0.026600806,10,0.0,215707,2269770,0.5519158,0.5855285,0.6562614,0.6754492,0.7064075,0.7080891,0.7073647,0.70209444,16781,160828.75937128067,0.46472093,0.5702328,0.5556619,0.5981184,16.73223973958001,0.0,0.0
120818,1246540,0.0027691722,0.015096205,0.049670473,0.027986405,10,0.0,215794,2270640,0.66062474,0.689,0.6573086,0.6742286,0.6633939,0.70409626,0.706979,0.70229584,16786,160841.03975963593,0.4116902,0.5463606,0.5658245,0.5969956,4.982482983095948,0.0,0.0
120847,1246830,-0.09180707,0.006372392,0.051050004,0.028378556,10,0.0,215871,2271410,0.7871664,0.7138979,0.6532347,0.67334783,0.69535935,0.7202703,0.7042846,0.7017424,16790,160850.8578543663,0.69535935,0.6851729,0.5721836,0.5950917,5.178664559462663,0.0,0.0
120872,1247080,-0.06857675,0.0021058084,0.03597622,0.02836428,10,0.0,215943,2272130,0.7789196,0.70722747,0.66939676,0.67317617,0.7103428,0.7093332,0.70537305,0.7016838,16794,160860.5916042328,0.6178114,0.6569086,0.58884734,0.59463245,18.700411165217794,0.0,0.0
120905,1247410,-0.022459269,0.07620777,0.026032684,0.029416889,10,0.0,216025,2272950,0.6863804,0.6333593,0.67939514,0.67247206,0.6639211,0.70956695,0.70542777,0.70188373,16799,160872.75442910194,0.662856,0.5236614,0.58678776,0.5932597,5.515004814431697,0.0,0.0
120927,1247630,-0.027690649,0.1101948,0.039504968,0.031563327,10,0.0,216097,2273670,0.72384256,0.6006907,0.6662739,0.67026633,0.6961519,0.7108855,0.70577896,0.7018588,16803,160882.6178612709,0.6961519,0.54387295,0.59001184,0.5907565,24.31727276680243,0.0,0.0
120963,1247990,-0.011736512,0.044028062,0.053082973,0.03305307,10,0.0,216183,2274530,0.7250173,0.65330523,0.6502945,0.66841054,0.7132808,0.69733334,0.7033775,0.70147395,16808,160894.57915735245,0.63043755,0.5829245,0.57483137,0.58755636,6.026362923973617,0.0,0.0
120990,1248260,0.3112211,0.032848187,0.060222853,0.03332208,10,0.0,216271,2275410,0.36860195,0.6572253,0.64145017,0.66811526,0.67982304,0.69007355,0.701673,0.7015001,16813,160906.75330471992,0.36860195,0.56176335,0.56298935,0.58694154,4.585127423196483,0.0,0.0
121020,1248560,0.1250127,0.0760836,0.062140245,0.03555547,10,0.0,216342,2276120,0.57003295,0.61152685,0.6378453,0.666069,0.69504565,0.6876104,0.69998556,0.70165753,16817,160916.49059057236,0.3561081,0.4985342,0.55668825,0.5854357,5.922837265530752,0.0,0.0
121043,1248790,-0.012683749,-0.0025501966,0.043766476,0.0361987,10,0.0,216411,2276810,0.7212168,0.6991488,0.65636986,0.66541284,0.70853305,0.6965985,0.70013636,0.70163596,16821,160925.92854380608,0.45508572,0.6139461,0.57464063,0.58516955,15.166541433043886,0.0,0.0
121076,1249120,0.27509663,0.028380156,0.050835542,0.03620134,10,0.0,216495,2277650,0.45455346,0.66578937,0.6500671,0.66567147,0.7296501,0.6941695,0.7009026,0.70192987,16826,160937.81667137146,0.45455346,0.56089306,0.5634599,0.5845394,4.379174805679067,0.0,0.0
121107,1249430,-0.00020110607,0.09095502,0.046939693,0.037709817,10,0.0,216576,2278460,0.71088475,0.61448836,0.65092355,0.66374904,0.71068364,0.7054434,0.6978632,0.701526,16831,160949.65395212173,0.71068364,0.50544846,0.5642547,0.58177954,4.53775143125172,0.0,0.0
121138,1249740,-0.02837807,0.05067628,0.04259884,0.038588967,10,0.0,216647,2279170,0.7253208,0.6536951,0.6567453,0.6628533,0.69694275,0.7043714,0.6993441,0.7014956,16835,160959.05089640617,0.69694275,0.530898,0.5684385,0.5795601,21.774396432455724,0.0,0.0
121167,1250030,0.0,0.12935808,0.060127188,0.040478036,10,0.0,216732,2280020,0.72979707,0.55335665,0.63582975,0.6608394,0.72979707,0.69654816,0.6959928,0.7012972,16840,160971.37636113167,0.72979707,0.49506268,0.5562485,0.57814556,4.404958821766271,0.0,0.0
121199,1250350,0.043233633,0.09935103,0.07208142,0.042154204,10,0.0,216821,2280910,0.6584509,0.6100357,0.6270287,0.659394,0.70168453,0.7093867,0.6991102,0.70155966,16845,160983.47598981857,0.6584509,0.5351436,0.5449753,0.5760984,4.245973248460516,0.0,0.0
121228,1250640,0.020494878,0.013842577,0.062105667,0.04212483,10,0.0,216908,2281780,0.74926287,0.68391764,0.6380657,0.65942323,0.76975775,0.6977602,0.70017135,0.70156837,16850,160995.39523601532,0.7356012,0.55800474,0.55046916,0.5750542,4.565897266048744,0.0,0.0
121261,1250970,-0.069867074,0.041009855,0.052179325,0.043858897,10,0.0,217000,2282700,0.7802329,0.6687243,0.6510888,0.6576538,0.71036583,0.7097342,0.70326805,0.7015643,16855,161007.58841347694,0.6346939,0.4682525,0.55385756,0.5716894,4.316847204977127,0.0,0.0
121294,1251300,0.3078391,0.015543687,0.048329916,0.04408072,10,0.0,217092,2283620,0.3693509,0.68728834,0.65417504,0.65736866,0.67719,0.702832,0.70250493,0.7014723,16860,161019.6575498581,0.3693509,0.5397841,0.5541056,0.5688285,4.273166571018111,0.0,0.0
121325,1251610,0.0,0.06004926,0.052127365,0.044450462,10,0.0,217188,2284580,0.6935594,0.6348051,0.6502516,0.6571226,0.6935594,0.6948544,0.70237905,0.7016294,16865,161031.55347704887,0.6935594,0.5041008,0.53801364,0.566222,4.212038789322442,0.0,0.0
121350,1251860,0.3733582,0.03542342,0.040309038,0.044462357,10,0.0,217252,2285220,0.38465893,0.65341854,0.66019386,0.6569364,0.7580171,0.68884194,0.700503,0.7013987,16869,161041.33391094208,0.38465893,0.4986411,0.5306999,0.5640778,17.86469729114322,0.0,0.0
121385,1252210,0.0027536154,0.021509236,0.032644544,0.04492849,10,0.0,217341,2286110,0.6939283,0.68975353,0.6718301,0.6569186,0.6966819,0.7112628,0.7044746,0.701847,16874,161053.34835219383,0.689819,0.6710842,0.5645377,0.5653601,5.238291256858991,0.0,0.0
121409,1252450,0.020610094,0.06240021,0.037953682,0.044747576,10,0.0,217421,2286910,0.6687241,0.62925315,0.6646208,0.657154,0.6893342,0.6916534,0.7025744,0.7019016,16878,161063.03916049004,0.52354145,0.5251012,0.5717192,0.5651584,16.372622306608026,0.0,0.0
121444,1252800,0.000115573406,0.05003648,0.040212404,0.044914722,10,0.0,217507,2287770,0.69500256,0.6524743,0.6608311,0.65707743,0.6951181,0.7025107,0.70104337,0.7019922,16883,161075.10080981255,0.69450015,0.59811795,0.5702663,0.56561196,5.400058837578029,0.0,0.0
121471,1253070,0.0820325,0.07918486,0.037843943,0.044834044,10,0.0,217598,2288680,0.70378965,0.62438166,0.66129524,0.65696084,0.78582215,0.7035665,0.69913924,0.70179486,16888,161087.0611460209,0.70102936,0.4475061,0.5736315,0.5647737,5.264846254786533,0.0,0.0
121501,1253370,0.23746058,0.021921957,0.042486664,0.043926097,10,0.0,217663,2289330,0.45778576,0.6750695,0.6575611,0.6581315,0.69524634,0.69699144,0.70004773,0.7020576,16892,161096.62641239166,0.45778576,0.61192876,0.5600739,0.5655804,15.841760067985458,0.0,0.0
121531,1253670,-0.011677921,0.05123499,0.042950507,0.04469895,10,0.0,217746,2290160,0.6954657,0.6439413,0.6603852,0.65734416,0.68378776,0.69517624,0.7033358,0.7020432,16897,161108.80840921402,0.58007187,0.57531035,0.5803452,0.56457734,4.7772704969231325,0.0,0.0
121554,1253900,-0.07937795,0.073204115,0.047105383,0.04476042,10,0.0,217818,2290880,0.7724241,0.6296502,0.6584687,0.65776074,0.69304615,0.70285434,0.7055741,0.70252115,16901,161118.43203139305,0.69251025,0.5436634,0.57140756,0.5662419,20.55045152350906,0.0,0.0
121589,1254250,0.15855321,0.0076020956,0.043074984,0.04439087,10,0.0,217901,2291710,0.49112257,0.6767286,0.6598198,0.657989,0.6496758,0.6843307,0.70289475,0.7023799,16906,161130.29423737526,0.34369493,0.61134624,0.58891904,0.5672056,5.7349988145246575,0.0,0.0
121621,1254570,2.6345253e-05,0.07353594,0.042437088,0.04610855,10,0.0,217986,2292560,0.7196725,0.60845083,0.65469414,0.65543485,0.71969885,0.6819868,0.6971313,0.70154345,16911,161142.0537829399,0.5230055,0.52668697,0.58043814,0.5644238,5.146185111572961,0.0,0.0
121655,1254910,0.05529052,0.027090108,0.036249675,0.045009103,10,0.0,218071,2293410,0.7032835,0.6529306,0.65860087,0.6567498,0.758574,0.6800207,0.69485056,0.7017588,16916,161153.72328329086,0.32036397,0.5553793,0.5704691,0.5661463,5.454088202104444,0.0,0.0
121683,1255190,0.07367939,0.038181774,0.030383917,0.04536612,10,0.0,218155,2294250,0.7260593,0.66425633,0.6652769,0.65641856,0.7997387,0.70243806,0.6956607,0.7017847,16921,161165.47698521614,0.68156016,0.5698916,0.57680684,0.56738025,5.908387470844066,0.0,0.0
121710,1255460,-0.000636518,0.053474598,0.025985429,0.04512998,10,0.0,218218,2294880,0.7074804,0.6398756,0.6710812,0.6563786,0.70684385,0.6933502,0.69706655,0.7015086,16925,161175.04180693626,0.7031587,0.54264337,0.5894117,0.56857085,17.793713937356582,0.0,0.0
121744,1255800,0.010163784,0.018074196,0.02841442,0.04524204,10,0.0,218307,2295770,0.67835194,0.6907119,0.6709552,0.65587837,0.6885157,0.70878613,0.69936967,0.7011204,16930,161186.9469692707,0.3396008,0.654064,0.5918295,0.56901306,5.656241676898813,0.0,0.0
121767,1256030,0.2886973,0.018516283,0.03738929,0.04460741,10,0.0,218372,2296420,0.46701092,0.6799594,0.6635578,0.6566099,0.7557082,0.6984757,0.70094705,0.7012173,16934,161196.3630437851,0.46701092,0.5841073,0.5811825,0.569724,13.985665898188797,0.0,0.0
121799,1256350,0.0120459795,0.06578201,0.036612045,0.043370247,10,0.0,218457,2297270,0.6788761,0.64503485,0.6669056,0.6579009,0.6909221,0.71081686,0.7035176,0.7012712,16939,161208.1884241104,0.34388226,0.5375443,0.57625455,0.56992185,4.488057698927514,0.0,0.0
121829,1256650,-0.026342988,0.073742226,0.042128686,0.043821458,10,0.0,218540,2298100,0.7335435,0.6291368,0.6604971,0.65735537,0.7072005,0.7028791,0.7026259,0.7011769,16944,161219.95273971558,0.52027404,0.47277236,0.5602892,0.56866276,5.510401738816955,0.0,0.0
121858,1256940,-0.01020056,0.08515361,0.046567444,0.045347888,10,0.0,218609,2298790,0.7257593,0.61191255,0.6537601,0.655478,0.71555877,0.6970661,0.70032746,0.7008259,16948,161229.31192946434,0.66574985,0.49510464,0.5421382,0.56658816,14.75555711911065,0.0,0.0
121886,1257220,-0.06322682,0.020054024,0.060139183,0.046752233,10,0.0,218689,2299590,0.77698076,0.68395174,0.6388806,0.6538962,0.71375394,0.7040058,0.69901985,0.7006485,16953,161241.276129961,0.69454515,0.571358,0.5330292,0.564812,4.637824745833779,0.0,0.0
121919,1257550,-0.04103577,0.035766415,0.05321928,0.045632184,10,0.0,218777,2300470,0.722006,0.66821814,0.6445193,0.65478736,0.68097025,0.7039845,0.69773865,0.7004195,16958,161253.2579817772,0.5526854,0.5657993,0.544753,0.5647484,4.54281465782272,0.0,0.0
121952,1257880,-0.051184773,0.045390766,0.050326794,0.044646237,10,0.0,218863,2301330,0.72863543,0.6633248,0.64729166,0.655636,0.67745066,0.70871556,0.6976185,0.7002822,16963,161264.9105234146,0.40771785,0.5930733,0.54854846,0.5648666,4.542372859329096,0.0,0.0
121981,1258170,0.18082952,0.017859494,0.032339517,0.043970626,10,0.0,218934,2302040,0.54494834,0.6956128,0.66711205,0.6563412,0.72577786,0.71347225,0.6994516,0.70031184,16967,161274.9170808792,0.35727268,0.5689227,0.56529206,0.56489587,5.2004721001999075,0.0,0.0
122014,1258500,-0.009720147,0.010631636,0.021128278,0.041964766,10,0.0,219023,2302930,0.74748224,0.70172554,0.68477905,0.6589309,0.7377621,0.71235716,0.7059072,0.7008956,16972,161286.73637771606,0.43094537,0.6526308,0.58333254,0.5670663,5.050537233934309,0.0,0.0
122041,1258770,0.18715268,0.004616177,0.014943664,0.041210234,10,0.0,219110,2303800,0.5363108,0.70889884,0.6946182,0.65985787,0.7234635,0.7135151,0.70956177,0.70106804,16977,161298.533772707,0.5363108,0.57097477,0.5899481,0.5665017,4.517487786757289,0.0,0.0
122068,1259040,0.42960355,0.057308745,0.017156404,0.040594988,10,0.0,219190,2304600,0.33406582,0.6303121,0.6897171,0.6602417,0.7636694,0.6876209,0.70687366,0.7008367,16981,161308.4112882614,0.33406582,0.5457743,0.58060074,0.5662511,19.30890723373225,0.0,0.0
122102,1259380,0.24706855,0.07421094,0.029674836,0.041415237,10,0.0,219272,2305420,0.4273558,0.6422161,0.6752211,0.65996414,0.67442435,0.716427,0.7048959,0.7013794,16986,161320.19114470482,0.34920558,0.5638958,0.5698923,0.5654833,5.275783080655392,0.0,0.0
122131,1259670,0.013055325,0.0032856583,0.041750666,0.04149975,10,0.0,219354,2306240,0.74466103,0.69708663,0.65893066,0.65970725,0.75771636,0.7003723,0.70068145,0.701207,16991,161331.85525393486,0.7091102,0.5724911,0.54499286,0.5640318,5.891149449342455,0.0,0.0
122166,1260020,0.021033227,0.013879645,0.045717075,0.039103918,10,0.0,219440,2307100,0.7261866,0.69980615,0.6582187,0.66262025,0.7472198,0.7136858,0.7039358,0.7017241,16996,161343.6277899742,0.7261866,0.59947574,0.5544869,0.56605774,4.916389919997824,0.0,0.0
122194,1260300,-0.046681464,-0.0068878173,0.038319897,0.03772175,10,0.0,219524,2307940,0.7060828,0.70548606,0.6649563,0.66406137,0.65940136,0.6985982,0.70327616,0.70178306,17001,161355.30938649178,0.3820659,0.59544307,0.55986327,0.56697583,4.557157157178909,0.0,0.0
122227,1260630,-0.03878951,0.061182715,0.037688404,0.039153088,10,0.0,219608,2308780,0.75735873,0.65842676,0.6678602,0.66256636,0.7185692,0.71960944,0.7055485,0.7017194,17006,161367.26944589615,0.71392953,0.58599085,0.57189703,0.5661817,4.5350990032047225,0.0,0.0
122260,1260960,-0.00012111664,0.07523329,0.04836982,0.03924206,10,0.0,219696,2309660,0.7003969,0.62827563,0.65532243,0.6623324,0.7002758,0.703509,0.7036922,0.70157444,17011,161379.30455875397,0.7002758,0.6079905,0.58129907,0.56800693,4.7176944586292455,0.0,0.0
122294,1261300,0.016266048,0.0008874953,0.05219461,0.038071565,10,0.0,219777,2310470,0.669885,0.712289,0.6499712,0.6636384,0.686151,0.7131764,0.7021658,0.70171,17016,161391.02546310425,0.669885,0.6399271,0.5922851,0.5707809,5.307368507897333,0.0,0.0
122322,1261580,0.22486281,0.10010058,0.04058976,0.038090866,10,0.0,219862,2311320,0.4712549,0.60909975,0.6664489,0.66382444,0.6961177,0.70920026,0.70703864,0.70191526,17021,161402.83618497849,0.4712549,0.566049,0.60609514,0.57211727,4.738285201726852,0.0,0.0
122356,1261920,-0.0076443553,0.019628698,0.034292683,0.038228337,10,0.0,219947,2312170,0.7150464,0.6996923,0.67166567,0.66391134,0.70740205,0.71932095,0.7059585,0.7021397,17026,161414.7828540802,0.7018123,0.6679408,0.5975735,0.57417005,4.666646046199785,0.0,0.0
122385,1262210,0.121147394,0.026105395,0.038730115,0.0386569,10,0.0,220018,2312880,0.57460344,0.68238485,0.66769797,0.6632122,0.69575083,0.7084902,0.7064282,0.701869,17030,161424.31986570358,0.57460344,0.6332186,0.59037626,0.5724455,21.184765853077074,0.0,0.0
122411,1262470,0.33013007,0.05315522,0.04677134,0.03893949,10,0.0,220097,2313670,0.3493105,0.6512929,0.65993935,0.66330045,0.67944056,0.7044481,0.70671064,0.70224,17035,161436.2405948639,0.3493105,0.5987643,0.5837102,0.57295835,4.699587163236071,0.0,0.0
122444,1262800,-0.031071126,0.0005879998,0.043773495,0.03864974,10,0.0,220188,2314580,0.6834618,0.70961416,0.6631565,0.66386974,0.65239066,0.7102023,0.70693,0.70251954,17040,161448.27933335304,0.5261167,0.68549454,0.5880066,0.57393533,4.661862724873559,0.0,0.0
122473,1263090,0.1896174,0.026414946,0.036768075,0.038571972,10,0.0,220251,2315210,0.5228686,0.6832773,0.67051715,0.6639454,0.71248597,0.70969224,0.70728517,0.70251733,17044,161457.62540578842,0.5228686,0.6608936,0.5955198,0.57517594,16.450128230319617,0.0,0.0
122502,1263380,-0.006666243,0.025042048,0.031475607,0.037930835,10,0.0,220330,2316000,0.68949896,0.6624268,0.67375946,0.6647,0.6828327,0.6874689,0.7052351,0.7026308,17049,161469.26628422737,0.38494387,0.6068635,0.6087305,0.5770874,4.69343641285416,0.0,0.0
122536,1263720,0.0,-0.0040775477,0.012472208,0.036039498,10,0.0,220417,2316870,0.6853245,0.7140416,0.6929915,0.6666306,0.6853245,0.70996416,0.70546365,0.7026701,17054,161481.0506260395,0.6853245,0.6049587,0.62881505,0.57841057,4.755344811772174,0.0,0.0
122568,1264040,-0.0022581816,0.011954027,0.011852741,0.035168692,10,0.0,220498,2317680,0.7318586,0.69316614,0.69298613,0.667363,0.7296004,0.7051201,0.7048388,0.70253164,17059,161493.06590366364,0.6487667,0.6474711,0.63507473,0.5796746,4.546685788680072,0.0,0.0
122593,1264290,-0.023106754,0.05338489,0.021103835,0.035790138,10,0.0,220567,2318370,0.68591166,0.6408464,0.6793368,0.66674525,0.6628049,0.6864108,0.69947976,0.70252454,17063,161502.64747524261,0.62418455,0.53223246,0.61276567,0.5797662,18.115525832621046,0.0,0.0
122621,1264570,0.058404982,0.009007442,0.022404285,0.03424786,10,0.0,220648,2319180,0.70032626,0.6760525,0.67874473,0.66862833,0.75873125,0.68505996,0.701149,0.7028762,17068,161514.58332133293,0.6924269,0.6054084,0.60994077,0.5812478,4.812884284226003,0.0,0.0
122655,1264910,-0.022316277,0.044911303,0.03166867,0.035288986,10,0.0,220734,2320040,0.7036585,0.63453925,0.6644634,0.66736853,0.68134224,0.6794505,0.6961322,0.7026575,17073,161526.3580198288,0.6699987,0.5651148,0.588541,0.5805116,4.6310182864486835,0.0,0.0
122684,1265200,0.04303825,0.027701566,0.026951997,0.035278045,10,0.0,220800,2320700,0.67150337,0.67651427,0.67229706,0.6673747,0.7145416,0.7042159,0.6992491,0.7026527,17077,161535.79076433182,0.5498873,0.6598654,0.5978217,0.5811849,18.045993726954734,0.0,0.0
122712,1265480,-0.058935285,0.019967675,0.025061524,0.035018027,10,0.0,220882,2321520,0.7339551,0.68506384,0.6729782,0.66786844,0.6750198,0.70503145,0.6980397,0.7028864,17082,161547.77577400208,0.4721318,0.6699933,0.60480636,0.58155227,5.241013544051625,0.0,0.0
122740,1265760,0.0025096536,-0.0032868087,0.019310584,0.034201615,10,0.0,220949,2322190,0.6740953,0.6840128,0.679982,0.66843724,0.6766049,0.68072593,0.69929254,0.7026388,17086,161557.18408226967,0.6104961,0.6063963,0.6264854,0.58390415,16.703253991326406,0.0,0.0
122771,1266070,-0.002612412,-0.010788602,0.016914763,0.033376105,10,0.0,221035,2323050,0.68454134,0.74751323,0.6851291,0.6695071,0.68192893,0.7367246,0.7020439,0.7028832,17091,161569.22157144547,0.39047265,0.7074632,0.63118213,0.58538306,3.7938502111250347,0.0,0.0
122797,1266330,0.060745895,0.04918971,0.013925809,0.03311639,10,0.0,221107,2323770,0.59441704,0.64624166,0.6881498,0.66955996,0.65516293,0.6954314,0.7020754,0.70267636,17095,161579.3163871765,0.5804469,0.5268093,0.62414384,0.58583033,17.68669410983847,0.0,0.0
122829,1266650,-0.0389089,0.017677754,0.011082035,0.031613342,10,0.0,221196,2324660,0.6762769,0.69050336,0.68885976,0.67120874,0.637368,0.7081811,0.6999417,0.702822,17100,161591.23035001755,0.3414794,0.5753153,0.6038076,0.5880071,5.39665429111643,0.0,0.0
122855,1266910,-0.0796082,0.114149615,0.016551776,0.030609282,10,0.0,221265,2325350,0.73674405,0.6008397,0.68998754,0.67257106,0.65713584,0.7149893,0.7065392,0.7031803,17104,161600.7109336853,0.6314129,0.5975854,0.61440045,0.5908646,21.222250275884438,0.0,0.0
122884,1267200,-0.05784458,0.006205857,0.022512967,0.02977331,10,0.0,221354,2326240,0.7024298,0.7047652,0.6825306,0.6736256,0.6445852,0.71097106,0.70504373,0.70339894,17109,161612.67321181297,0.5940292,0.6804377,0.6176664,0.594339,5.970955131253977,0.0,0.0
122916,1267520,0.087929726,0.01694643,0.028095543,0.02933669,10,0.0,221434,2327040,0.6561942,0.70423186,0.68092895,0.67448163,0.74412394,0.72117823,0.70902467,0.7038183,17114,161624.39809322357,0.6561942,0.56874204,0.6237596,0.59553474,5.3453224363269,0.0,0.0
122945,1267810,-0.037064016,0.005111235,0.026975399,0.028053993,10,0.0,221502,2327720,0.73406464,0.6991207,0.68093646,0.6760255,0.6970006,0.704232,0.7079117,0.7040795,17118,161634.03241705894,0.6329632,0.6635715,0.63359916,0.5982757,19.374794729366116,0.0,0.0
122975,1268110,0.00069111586,0.0019420206,0.0148455715,0.027998284,10,0.0,221592,2328620,0.7327361,0.6878151,0.6880682,0.67565084,0.7334272,0.68975717,0.7029139,0.70364904,17123,161645.97085738182,0.7327361,0.643235,0.635874,0.6000525,5.035883169735023,0.0,0.0
123006,1268420,-0.004825115,-0.009646607,0.0054925545,0.028076854,10,0.0,221659,2329290,0.68454385,0.71151257,0.6956491,0.6751447,0.67971873,0.701866,0.70114166,0.7032215,17127,161655.40872883797,0.67971873,0.68734014,0.6334438,0.6002079,21.104127786949295,0.0,0.0
123035,1268710,-0.028119445,0.031652093,0.007091688,0.027675997,10,0.0,221746,2330160,0.71932304,0.6816691,0.69178855,0.67542225,0.6912036,0.7133212,0.6988803,0.70309824,17132,161667.43547558784,0.32042614,0.6358593,0.6290972,0.6014738,4.334816648168724,0.0,0.0
123064,1269000,0.10091287,0.00052475336,0.004767545,0.02730774,10,0.0,221826,2330960,0.5725122,0.69329864,0.69558984,0.6758892,0.6734251,0.6938234,0.7003574,0.7031969,17137,161679.24314379692,0.5725122,0.5966228,0.6218327,0.6038159,5.029375467347881,0.0,0.0
123097,1269330,0.038796186,0.014150453,0.008139988,0.02660477,10,0.0,221914,2331840,0.7043871,0.6913239,0.6938765,0.6764115,0.7431833,0.7054744,0.7020165,0.7030162,17142,161691.17390203476,0.6043347,0.6679795,0.63678324,0.6064028,4.744439826787333,0.0,0.0
123129,1269650,-0.018284917,0.027138371,0.010767348,0.024681078,10,0.0,221998,2332680,0.7029656,0.6893957,0.6924511,0.6786953,0.6846807,0.71653414,0.70321846,0.70337635,17147,161703.16036581993,0.6780371,0.6297091,0.6399207,0.6107926,4.686042281707035,0.0,0.0
123160,1269960,0.08756226,0.039437853,0.02263506,0.02516511,10,0.0,222069,2333390,0.70364136,0.66825783,0.679133,0.67784977,0.7912036,0.70769566,0.701768,0.7030149,17151,161712.8095216751,0.6763184,0.6541696,0.6368805,0.61161333,19.07914542176912,0.0,0.0
123185,1270210,-0.02577424,0.02023682,0.028153367,0.025416663,10,0.0,222152,2334220,0.6745698,0.672197,0.67278826,0.6773939,0.64879555,0.6924338,0.70094156,0.70281065,17156,161724.7517926693,0.4005299,0.543136,0.62278885,0.6120812,4.996651271170792,0.0,0.0
123212,1270480,0.07452053,0.033722203,0.03331204,0.024596237,10,0.0,222224,2334940,0.6648556,0.66831183,0.666865,0.67822284,0.7393761,0.70203406,0.70017713,0.7028191,17160,161734.21741199493,0.45306295,0.58800524,0.6081853,0.61356044,18.404117941047026,0.0,0.0
123248,1270840,0.0035005808,0.005905628,0.04200893,0.024821961,10,0.0,222304,2335740,0.7030521,0.689188,0.6553641,0.6775599,0.7065527,0.6950936,0.697373,0.70238197,17165,161745.981869936,0.60564727,0.6660735,0.601197,0.6127858,5.247629760887323,0.0,0.0
123276,1271120,-0.00511837,0.008518243,0.02742234,0.023069507,10,0.0,222386,2336560,0.6937314,0.6903615,0.66967994,0.679354,0.68861306,0.6988796,0.6971024,0.70242345,17170,161757.78797602654,0.67319477,0.6706678,0.6089865,0.61456376,4.803054677107878,0.0,0.0
123301,1271370,-0.042965174,-0.0050311983,0.024556715,0.023266863,10,0.0,222455,2337250,0.72537345,0.71733487,0.67737466,0.6791489,0.6824083,0.71230364,0.7019313,0.7024158,17174,161767.4161016941,0.6824083,0.68509805,0.6280942,0.6155597,20.96909806917301,0.0,0.0
123339,1271750,0.020699978,0.020828739,0.012670853,0.02217207,10,0.0,222539,2338090,0.6672031,0.68738824,0.69220155,0.68040454,0.6879031,0.7082169,0.70487237,0.70257664,17179,161779.2849392891,0.6672031,0.65483767,0.64288664,0.61761814,5.331982086143788,0.0,0.0
123370,1272060,-0.014477372,0.05941228,0.01947787,0.021863388,10,0.0,222619,2338890,0.70476186,0.6557117,0.6886027,0.68067926,0.6902845,0.715124,0.70808053,0.7025426,17184,161791.136292696,0.67499596,0.59970343,0.6399241,0.6185345,5.678567371778808,0.0,0.0
123398,1272340,0.0499264,-0.0037054121,0.015525029,0.02092577,10,0.0,222707,2339770,0.6668344,0.7076681,0.69116807,0.68148655,0.7167608,0.7039627,0.70669305,0.70241237,17189,161802.9485347271,0.64358574,0.65328526,0.641267,0.6209197,4.9896829068637425,0.0,0.0
123423,1272590,0.01249814,0.0017311514,0.020993087,0.019482085,10,0.0,222773,2340430,0.6725779,0.7037976,0.68513644,0.6830749,0.68507606,0.7055286,0.7061293,0.70255697,17193,161812.62418365479,0.6725779,0.621511,0.6356763,0.62249464,16.61702126816637,0.0,0.0
123459,1272950,0.01881802,0.048126873,0.029392552,0.02009647,10,0.0,222859,2341290,0.8054941,0.68348485,0.67985296,0.6828675,0.82431215,0.7316117,0.7092456,0.702964,17198,161824.4471783638,0.5847998,0.6368411,0.63125825,0.6232965,4.911300312443319,0.0,0.0
123485,1273210,-0.024023056,0.029806007,0.029125476,0.020186234,10,0.0,222941,2342110,0.69042355,0.69549316,0.67942137,0.6823164,0.6664005,0.7252992,0.70854706,0.70250267,17203,161836.43272447586,0.6591892,0.6598309,0.62520385,0.6228815,4.462131863567813,0.0,0.0
123519,1273550,-0.044566274,0.02684198,0.028168574,0.020622898,10,0.0,223028,2342980,0.69310105,0.6873085,0.6796229,0.68209666,0.6485348,0.7141504,0.70779127,0.7027195,17208,161848.5381374359,0.39204243,0.62237847,0.62965745,0.6228169,4.3929680737948384,0.0,0.0
123547,1273830,0.04470402,0.040354032,0.0239325,0.021517863,10,0.0,223090,2343600,0.65976185,0.65408194,0.68118405,0.68105096,0.70446587,0.69443595,0.7051166,0.7025688,17212,161857.9458258152,0.65950143,0.6037403,0.6231403,0.62279904,20.22443932360567,0.0,0.0
123578,1274140,0.0014089942,-0.0013569414,0.01734755,0.020698527,10,0.0,223186,2344560,0.73039395,0.6991508,0.6892499,0.6821256,0.73180294,0.69779384,0.7065975,0.70282423,17217,161869.74477362633,0.73039395,0.57993984,0.6294777,0.6229365,4.100053206895841,0.0,0.0
123608,1274440,-0.048312485,0.016471405,0.02167133,0.02048249,10,0.0,223267,2345370,0.72602165,0.70652467,0.68577075,0.68286484,0.67770916,0.72299606,0.7074421,0.7033473,17222,161882.0732896328,0.6730433,0.6927792,0.63633806,0.62503666,5.056504817195403,0.0,0.0
123643,1274790,-0.004077375,0.009735924,0.02194222,0.020344524,10,0.0,223353,2346230,0.7288306,0.71246535,0.6897439,0.68372756,0.7247532,0.7222012,0.711686,0.704072,17227,161893.97355008125,0.70147806,0.680955,0.6463346,0.62806696,4.366673183927726,0.0,0.0
123669,1275050,-0.034432113,0.014242453,0.019382372,0.01983326,10,0.0,223419,2346890,0.7229074,0.68054783,0.69018906,0.68417835,0.6884753,0.69479024,0.7095715,0.70401156,17231,161903.6191766262,0.671448,0.6743776,0.6419518,0.6283954,16.065778350462153,0.0,0.0
123698,1275340,0.3192016,0.0017216742,0.011376023,0.019149883,10,0.0,223506,2347760,0.37909508,0.7089323,0.6990729,0.68512,0.69829667,0.71065396,0.7104489,0.70426995,17236,161915.61023020744,0.37909508,0.67076844,0.652386,0.6295674,5.285666812135888,0.0,0.0
123727,1275630,0.32235777,0.023937743,0.011821514,0.019480325,10,0.0,223576,2348460,0.37273037,0.6910858,0.69428724,0.6848589,0.69508815,0.7150236,0.7061088,0.7043392,17240,161925.07860851288,0.37273037,0.67118514,0.64889854,0.6296646,16.2972743094074,0.0,0.0
123760,1275960,0.0,0.00797916,0.012960286,0.01958506,10,0.0,223659,2349290,0.6600415,0.6824629,0.69254297,0.68516517,0.6600415,0.69044197,0.7055032,0.7047502,17245,161936.86636209488,0.6600415,0.6712356,0.6565988,0.6313339,5.268271752780463,0.0,0.0
123792,1276280,0.0,0.021628087,0.01468074,0.019707218,10,0.0,223740,2350100,0.7320659,0.6679354,0.6890343,0.6846437,0.7320659,0.68956345,0.7037151,0.7043509,17250,161948.69595074654,0.7320659,0.6542524,0.6618369,0.63218725,5.515148399204161,0.0,0.0
123816,1276520,-0.025397122,0.0008015275,0.013719468,0.019468872,10,0.0,223804,2350740,0.6726071,0.7165808,0.69065994,0.6852577,0.64721,0.7173823,0.7043795,0.70472646,17254,161958.23230051994,0.6470886,0.69465214,0.6694709,0.6354967,15.518940318940318,0.0,0.0
123847,1276830,0.030062258,0.004121506,0.010226323,0.019489745,10,0.0,223888,2351580,0.6660534,0.69469243,0.68957305,0.6847693,0.6961157,0.6988139,0.69979936,0.70425904,17259,161970.45073652267,0.6631203,0.6271308,0.66538703,0.63603204,4.899588494768369,0.0,0.0
123876,1277120,0.008176565,-0.0014073432,0.0076391487,0.018107548,10,0.0,223979,2352490,0.6560823,0.69351494,0.6904857,0.6857578,0.66425884,0.69210756,0.6981248,0.70386535,17264,161982.49715971947,0.6534385,0.66838485,0.66102195,0.6365001,4.547539595096646,0.0,0.0
123903,1277390,-0.057468235,-0.025768042,0.004237505,0.017244516,10,0.0,224040,2353100,0.7227267,0.72451997,0.69705576,0.6867468,0.66525847,0.698752,0.70129323,0.70399135,17268,161991.94538855553,0.5714152,0.59048116,0.6469206,0.6365537,17.191433269775274,0.0,0.0
123934,1277700,0.015891016,-0.00021412969,0.008897155,0.01784377,10,0.0,224127,2353970,0.6821144,0.6937571,0.6920953,0.6857759,0.69800544,0.693543,0.70099235,0.7036196,17273,162003.7917945385,0.677499,0.6759206,0.6440161,0.6371316,4.680561443651029,0.0,0.0
123966,1278020,1.9848347e-05,0.033666294,0.012606256,0.017908953,10,0.0,224194,2354640,0.66014665,0.6575319,0.68752307,0.68582064,0.6601665,0.6911982,0.70012933,0.7037296,17277,162013.38047528267,0.5768855,0.6022534,0.64327484,0.637074,5.043544616562671,0.0,0.0
123993,1278290,-0.10366118,0.04313273,0.015830344,0.018475685,10,0.0,224280,2355500,0.75929457,0.6659151,0.68736136,0.6855214,0.6556334,0.7090478,0.70319176,0.7039971,17282,162025.4448826313,0.65182674,0.5340229,0.62817305,0.6361668,4.329372633287841,0.0,0.0
124020,1278560,-0.015343487,-0.0066699507,0.0128184315,0.018480461,10,0.0,224354,2356240,0.7036942,0.71236014,0.6895386,0.6857444,0.68835074,0.7056902,0.7023569,0.7042248,17286,162035.0109796524,0.5079179,0.5752162,0.62277,0.6359968,16.195349483747904,0.0,0.0
124049,1278850,0.018428028,-0.0032770634,0.009006558,0.018078757,10,0.0,224434,2357040,0.69273084,0.72261775,0.69602567,0.6861857,0.7111589,0.7193407,0.7050323,0.70426446,17291,162046.91448497772,0.69273084,0.6671785,0.61836725,0.636592,4.749466261643785,0.0,0.0
124084,1279200,0.004683852,0.017286992,0.013611931,0.018526563,10,0.0,224516,2357860,0.6806301,0.6987754,0.6927953,0.68592376,0.68531394,0.7160624,0.7064072,0.7044503,17296,162058.61845946312,0.6752924,0.603109,0.6133779,0.6358693,4.745210077987091,0.0,0.0
124115,1279510,0.0063989162,0.038934097,0.01512641,0.018932678,10,0.0,224596,2358660,0.67570865,0.66658187,0.692086,0.6856681,0.68210757,0.705516,0.7072124,0.7046008,17301,162070.36185884476,0.67570865,0.6233455,0.6327898,0.6357836,5.808982800895688,0.0,0.0
124145,1279810,-0.07795036,0.0024781406,0.022714388,0.018870384,10,0.0,224680,2359500,0.7322938,0.6963189,0.68260974,0.6858497,0.6543434,0.6987971,0.705324,0.7047201,17306,162082.34394145012,0.39593557,0.63248146,0.63266295,0.6363175,4.755564253175419,0.0,0.0
124177,1280130,0.07006222,0.011426413,0.016139092,0.017415054,10,0.0,224766,2360360,0.68904454,0.6863979,0.685639,0.68713933,0.75910676,0.69782424,0.70177805,0.7045544,17311,162094.4473850727,0.3535896,0.5896978,0.6311805,0.6365828,4.57531021278341,0.0,0.0
124205,1280410,0.023714662,0.063599795,0.018416304,0.017541515,10,0.0,224830,2361000,0.6761334,0.61742467,0.6828152,0.6871338,0.69984806,0.68350565,0.70087606,0.7047131,17315,162103.85420942307,0.6761334,0.5551456,0.6154265,0.63625526,19.90602984643948,0.0,0.0
124240,1280760,0.04433185,0.023076653,0.0131677715,0.016180053,10,0.0,224916,2361860,0.73495305,0.68331826,0.6876117,0.68871105,0.7792849,0.706395,0.7007795,0.7048911,17320,162115.88025331497,0.73495305,0.6034068,0.6185524,0.6380464,5.6632656230126335,0.0,0.0
124273,1281090,-0.03490591,0.024694437,0.015878601,0.016432019,10,0.0,225002,2362720,0.8306979,0.67430085,0.685239,0.6885099,0.795792,0.6989953,0.70111763,0.70494187,17325,162127.5803320408,0.7110002,0.58924794,0.61207074,0.6371666,5.903073048823208,0.0,0.0
124298,1281340,0.18364686,0.02955566,0.01816353,0.016527604,10,0.0,225079,2363490,0.504291,0.6560238,0.6859997,0.6885725,0.68793786,0.6855794,0.7041632,0.7051001,17330,162139.3824417591,0.3713363,0.60418355,0.6277403,0.63677335,4.835681189606644,0.0,0.0
124332,1281680,0.3609551,0.044183027,0.023294672,0.017358154,10,0.0,225171,2364410,0.36742416,0.6533941,0.68247485,0.687511,0.72837925,0.6975771,0.7057695,0.7048692,17335,162151.48822522163,0.36742416,0.62392247,0.61940867,0.6358829,4.741294860713928,0.0,0.0
124361,1281970,-0.005799532,0.04273861,0.031168314,0.017945733,10,0.0,225239,2365090,0.7119591,0.6625161,0.6769869,0.68705064,0.7061596,0.70525473,0.70815504,0.70499647,17339,162161.16140174866,0.6880739,0.5658876,0.6113003,0.6343628,5.422295628917435,0.0,0.0
124385,1282210,-0.044911325,0.021746004,0.037352454,0.018261287,10,0.0,225310,2365800,0.73840475,0.6770723,0.66895425,0.6868052,0.6934934,0.6988183,0.7063068,0.70506644,17343,162170.7323460579,0.5331328,0.6002635,0.60215616,0.6332478,18.152280274437047,0.0,0.0
124417,1282530,0.12636256,0.025017822,0.04116258,0.018940758,10,0.0,225396,2366660,0.6283101,0.6935621,0.6654202,0.6862175,0.75467265,0.7185799,0.7065828,0.7051583,17348,162183.35668373108,0.6283101,0.6048034,0.5970487,0.6325691,4.390536849206876,0.0,0.0
124449,1282850,-0.018423796,-0.004146534,0.03415204,0.018434837,10,0.0,225486,2367560,0.69582474,0.7245642,0.6750404,0.68676704,0.67740095,0.7204177,0.7091925,0.7052019,17353,162195.38299775124,0.67740095,0.6490224,0.59164023,0.6310423,4.564173681099466,0.0,0.0
124472,1283080,-0.033767164,0.06798207,0.03595643,0.018793873,10,0.0,225551,2368210,0.6935538,0.63349444,0.66918063,0.6861809,0.65978664,0.7014765,0.705137,0.7049748,17357,162205.0071401596,0.65978664,0.58156693,0.57960767,0.629496,17.622741015742513,0.0,0.0
124506,1283420,-0.06685662,-0.006101036,0.024637006,0.018709188,10,0.0,225640,2369100,0.753598,0.7180029,0.6819413,0.68625957,0.68674135,0.71190196,0.7065782,0.70496875,17362,162217.21866989136,0.4411857,0.6968968,0.5922758,0.62869346,4.982350406090333,0.0,0.0
124533,1283690,-0.008238375,-0.0006102741,0.027777271,0.01893332,10,0.0,225712,2369820,0.7060022,0.71753085,0.676654,0.6859564,0.6977638,0.7169206,0.7044313,0.7048898,17366,162227.00335860252,0.35488963,0.54767835,0.58328366,0.62656766,15.476525465599698,0.0,0.0
124564,1284000,-0.039239764,0.028258085,0.031436335,0.01943902,10,0.0,225799,2370690,0.7139975,0.66314644,0.67441535,0.6854814,0.6747577,0.7099284,0.70587045,0.7049983,17371,162239.07326555252,0.46622828,0.5384778,0.583461,0.6252955,5.022847268967868,0.0,0.0
124595,1284310,0.001126051,-0.005430937,0.025840564,0.020023305,10,0.0,225894,2371640,0.6977557,0.71415913,0.67821425,0.6847759,0.69888175,0.7084502,0.7074598,0.7048018,17376,162251.1260061264,0.5411367,0.6603006,0.5947404,0.62427133,4.682754121758636,0.0,0.0
124624,1284600,-0.050136447,0.06312363,0.034132358,0.02032331,10,0.0,225953,2372230,0.74511236,0.6321082,0.6714563,0.684026,0.6949759,0.6952318,0.7055886,0.7043493,17380,162260.73072481155,0.6949759,0.5119963,0.5742041,0.6213337,20.08720106051202,0.0,0.0
124652,1284880,0.31011754,-0.0076894164,0.02972818,0.020376693,10,0.0,226040,2373100,0.38605803,0.73114336,0.6747192,0.6838266,0.6961756,0.7234539,0.7044475,0.70420337,17385,162272.86109972,0.38605803,0.5970941,0.5816013,0.61995494,4.922824994401485,0.0,0.0
124677,1285130,0.01919353,0.011569923,0.03464585,0.02171692,10,0.0,226114,2373840,0.7068561,0.7001683,0.6694353,0.6826704,0.7260496,0.7117383,0.7040813,0.7043873,17389,162282.415869236,0.6778386,0.5684258,0.5773201,0.6171073,16.95600006468201,0.0,0.0
124709,1285450,0.29607278,0.01444639,0.026270736,0.021601532,10,0.0,226196,2374660,0.4699378,0.6745468,0.6779509,0.6826316,0.7660106,0.68899316,0.7042214,0.70423317,17394,162294.67699170113,0.4699378,0.5779968,0.584161,0.61604935,4.348822445182006,0.0,0.0
124743,1285790,0.022569656,0.061516933,0.03030752,0.022229481,10,0.0,226286,2375560,0.72494936,0.6622757,0.6768978,0.6820255,0.747519,0.7237927,0.7072053,0.704255,17399,162306.67574214935,0.514367,0.62475103,0.5910436,0.6144867,4.8279324801457895,0.0,0.0
124769,1286050,-0.005006492,0.015318161,0.022641448,0.022635806,10,0.0,226357,2376270,0.6892558,0.67701536,0.68339,0.6816365,0.6842493,0.6923336,0.7060315,0.70427233,17403,162316.39389753342,0.6224669,0.64798534,0.59896743,0.61209226,18.263467786953846,0.0,0.0
124798,1286340,-0.06476045,0.052810896,0.034485508,0.023710819,10,0.0,226438,2377080,0.73138434,0.6485817,0.6686264,0.68067265,0.6666239,0.70139253,0.7031119,0.7043835,17408,162328.39221405983,0.39258045,0.56815535,0.58887666,0.6094464,4.379863029033234,0.0,0.0
124830,1286660,-0.03462851,0.030986393,0.036462218,0.024487497,10,0.0,226505,2377750,0.7976177,0.6867264,0.6689982,0.6799108,0.76298916,0.7103907,0.7045041,0.704335,17412,162338.16040968895,0.46159744,0.54937327,0.587296,0.6070708,5.977959830565485,0.0,0.0
124854,1286900,0.3578424,0.06532705,0.038778525,0.025256263,10,0.0,226575,2378450,0.3397687,0.6275601,0.66089964,0.67904824,0.6976111,0.6928871,0.6996781,0.7043046,17416,162347.97727251053,0.3397687,0.5642755,0.58802813,0.6058012,23.754448680743867,0.0,0.0
124884,1287200,0.06112367,0.044926405,0.044894572,0.026644433,10,0.0,226661,2379310,0.72397584,0.66315305,0.65648264,0.6779651,0.7850995,0.7080795,0.70137715,0.7046095,17421,162360.3160457611,0.71831477,0.59531283,0.5916108,0.60380626,4.5534614600874175,0.0,0.0
124909,1287450,-0.034764946,-0.0011181652,0.032644037,0.026460491,10,0.0,226734,2380040,0.7282542,0.7133616,0.674573,0.67853254,0.69348925,0.71224344,0.7072171,0.704993,17425,162369.89104700089,0.67980963,0.6805844,0.6110665,0.60512435,14.609916676564975,0.0,0.0
124941,1287770,0.4053034,0.014593756,0.024943542,0.02578801,10,0.0,226813,2380830,0.3257216,0.67956173,0.6827388,0.67945814,0.731025,0.6941555,0.7076824,0.7052461,17430,162381.8608996868,0.3257216,0.56158304,0.61891294,0.6044834,5.31550777605972,0.0,0.0
124970,1288060,0.35759813,0.016143775,0.01830317,0.026726745,10,0.0,226882,2381520,0.3468765,0.68617976,0.6886987,0.6783175,0.7044746,0.7023235,0.70700204,0.7050442,17434,162391.3993704319,0.3468765,0.5862094,0.6115486,0.6015249,15.322671562941697,0.0,0.0
125000,1288360,0.03673303,0.11388154,0.02833545,0.027783519,10,0.0,226963,2382330,0.6320511,0.6000326,0.6761872,0.67711645,0.66878414,0.71391416,0.7045226,0.7049,17439,162403.376206398,0.6320511,0.5188324,0.58598524,0.5995493,5.146485048421797,0.0,0.0
125031,1288670,-0.12033719,0.055140585,0.04549001,0.029273946,10,0.0,227053,2383230,0.7708631,0.64215076,0.65292144,0.67556053,0.6505259,0.6972914,0.6984114,0.70483446,17444,162415.62714266777,0.38004363,0.4871471,0.5389281,0.59744054,4.2929416319958795,0.0,0.0
125058,1288940,-0.10587013,0.04808528,0.057318173,0.031366736,10,0.0,227117,2383870,0.7463032,0.672432,0.6469228,0.67346585,0.6404331,0.7205173,0.704241,0.7048325,17448,162425.42797541618,0.44802663,0.637422,0.5446415,0.5947778,17.104849122022873,0.0,0.0
125086,1289220,-0.097345054,0.015886065,0.06354988,0.0323703,10,0.0,227204,2384740,0.8081394,0.6963218,0.64163935,0.67236036,0.7107943,0.71220785,0.7051891,0.7047307,17453,162437.28781366348,0.41782555,0.5837103,0.55379355,0.59345657,4.664340818720422,0.0,0.0
125119,1289550,-0.034971535,0.039467864,0.07144286,0.03423967,10,0.0,227286,2385560,0.7995625,0.6791642,0.63275576,0.6705509,0.764591,0.71863204,0.7041986,0.70479053,17458,162449.32834982872,0.70904773,0.58286,0.5455338,0.58959544,4.441026092790177,0.0,0.0
125145,1289810,0.026309371,0.03391096,0.053463217,0.034152176,10,0.0,227356,2386260,0.7187541,0.67736995,0.6540625,0.67089003,0.7450635,0.7112808,0.70752573,0.70504224,17462,162459.11582899094,0.7187541,0.6193193,0.5739921,0.5893922,27.122915974200826,0.0,0.0
125178,1290140,-0.0008202791,0.022838455,0.039295234,0.03465314,10,0.0,227433,2387030,0.7309169,0.67996025,0.6716964,0.6706733,0.73009664,0.7027987,0.7109917,0.70532644,17467,162470.84929466248,0.73009664,0.6013062,0.5860253,0.5888878,4.212578164075761,0.0,0.0
125205,1290410,0.30944964,0.05848012,0.034633912,0.035327386,10,0.0,227506,2387760,0.35656497,0.6418633,0.67716426,0.6702819,0.6660146,0.7003435,0.7117981,0.70560926,17471,162480.99085330963,0.35656497,0.53870094,0.59517634,0.5893677,5.389243777120939,0.0,0.0
125231,1290670,-0.021120846,-0.0067697046,0.030046895,0.035651784,10,0.0,227586,2388560,0.7387827,0.72432685,0.6795512,0.6700057,0.71766186,0.7175571,0.7095982,0.70565754,17475,162490.82471442223,0.71766186,0.6846502,0.61711496,0.589566,15.282601978651089,0.0,0.0
125264,1291000,-0.003876388,0.07701838,0.04517812,0.03712103,10,0.0,227673,2389430,0.70679396,0.6175372,0.656519,0.6682984,0.7029176,0.69455564,0.7016972,0.7054194,17480,162502.87063741684,0.34661305,0.5717124,0.58491135,0.58599544,5.3302501287033754,0.0,0.0
125292,1291280,0.3420398,0.048991397,0.039794464,0.037743744,10,0.0,227762,2390320,0.34067085,0.6277771,0.6579969,0.66697043,0.68271065,0.67676854,0.6977915,0.70471424,17485,162515.29951882362,0.34067085,0.56327045,0.5735283,0.5841812,4.257751739090404,0.0,0.0
125324,1291600,0.11090487,0.074155405,0.050178066,0.03885227,10,0.0,227844,2391140,0.5909959,0.6568057,0.6480175,0.665775,0.7019008,0.73096114,0.6981956,0.70462734,17490,162527.38813829422,0.50812614,0.63530684,0.5617287,0.5828081,4.934799829777041,0.0,0.0
125357,1291930,-0.08863747,-0.002219516,0.04386239,0.03867807,10,0.0,227934,2392040,0.759024,0.7013994,0.6562716,0.6658755,0.67038655,0.6991799,0.700134,0.7045535,17495,162539.52502298355,0.39395443,0.6062318,0.5785695,0.582614,4.531561866678018,0.0,0.0
125387,1292230,0.30369338,0.0701168,0.054978795,0.039219804,10,0.0,228011,2392810,0.3676698,0.6322329,0.6464512,0.66529804,0.6713632,0.71182287,0.70170844,0.7045306,17499,162549.397711277,0.3676698,0.52745855,0.56142503,0.5805613,5.243797664591304,0.0,0.0
125418,1292540,-0.023289144,0.05758933,0.054752287,0.039536905,10,0.0,228094,2393640,0.7087245,0.65574986,0.6531933,0.66500056,0.68543535,0.71333915,0.70794564,0.70453745,17504,162561.48230409622,0.45233372,0.5591591,0.5705937,0.5800353,4.964122199924348,0.0,0.0
125444,1292800,-0.093244076,0.05808714,0.047784213,0.03997106,10,0.0,228177,2394470,0.7398498,0.63562286,0.65502226,0.66415066,0.64660573,0.69370997,0.7028064,0.70412177,17509,162573.61443829536,0.3793758,0.52662206,0.5619099,0.57981986,4.49005926470064,0.0,0.0
125476,1293120,-0.009709358,-0.0037579178,0.037191585,0.03895221,10,0.0,228266,2395360,0.7053394,0.70208234,0.664069,0.66537505,0.69563,0.6983245,0.7012605,0.7043273,17514,162585.73549890518,0.64835507,0.539542,0.57436496,0.5806238,4.68721164534572,0.0,0.0
125508,1293440,0.10253304,0.03967058,0.024702992,0.03942698,10,0.0,228357,2396270,0.5613731,0.6594347,0.6767948,0.6646247,0.66390616,0.69910526,0.70149773,0.7040516,17519,162597.76894927025,0.3984902,0.5953439,0.5802283,0.57871264,4.854192658363211,0.0,0.0
125538,1293740,-0.013953209,0.054641627,0.024811598,0.039327957,10,0.0,228423,2396930,0.74447304,0.63920945,0.67512393,0.6645476,0.73051983,0.69385105,0.69993556,0.70387554,17523,162607.44401288033,0.40832442,0.53863466,0.56296057,0.57832605,18.01586432297002,0.0,0.0
125569,1294050,0.2890775,0.046400867,0.038059503,0.04036928,10,0.0,228514,2397840,0.39327875,0.66285384,0.6642617,0.6635609,0.68235624,0.7092546,0.7023212,0.7039302,17528,162619.7270641327,0.39327875,0.5885451,0.5463885,0.57715255,4.851741121344194,0.0,0.0
125597,1294330,0.36533776,0.020609867,0.04717614,0.0409149,10,0.0,228600,2398700,0.33962962,0.6785213,0.65614283,0.6629895,0.7049674,0.6991312,0.70331883,0.7039044,17533,162631.78646326065,0.33962962,0.6085708,0.56225085,0.5772111,5.240078523019631,0.0,0.0
125626,1294620,0.32460076,0.038046233,0.05162067,0.040715154,10,0.0,228671,2399410,0.37491584,0.6673437,0.65326154,0.66340744,0.6995166,0.7053899,0.7048822,0.70412254,17537,162641.58189058304,0.3532515,0.5749818,0.56578785,0.5773734,14.452696348942883,0.0,0.0
125657,1294930,-0.05237174,0.063241534,0.050153635,0.042583253,10,0.0,228758,2400280,0.73905575,0.6364397,0.65340006,0.6612214,0.686684,0.6996812,0.7035536,0.7038046,17542,162653.53014922142,0.44883537,0.54799783,0.57115525,0.5761693,4.578972489291396,0.0,0.0
125689,1295250,0.25298765,0.11197722,0.05420594,0.042671133,10,0.0,228844,2401140,0.41740283,0.5884554,0.6457899,0.66098183,0.6703905,0.70043266,0.6999959,0.703653,17547,162665.54368376732,0.41740283,0.5351065,0.56062734,0.57569593,4.622682433933717,0.0,0.0
125722,1295580,0.285947,0.052485764,0.07484458,0.04575397,10,0.0,228929,2401990,0.39297983,0.65121496,0.62338346,0.65765274,0.6789268,0.7061604,0.69897723,0.7033723,17552,162677.66386532784,0.39297983,0.5467487,0.54787457,0.57311594,4.5359661226605485,0.0,0.0
125745,1295810,0.3504912,0.049434833,0.06936067,0.045729324,10,0.0,228995,2402650,0.34549263,0.6546601,0.6301395,0.65732056,0.6959838,0.704095,0.6995002,0.70304984,17556,162687.6454281807,0.34549263,0.5595417,0.54815257,0.57232755,4.534230254528739,0.0,0.0
125774,1296100,-0.025984466,0.068334505,0.07528853,0.04665133,10,0.0,229069,2403390,0.73122287,0.6471394,0.6252837,0.65669286,0.7052384,0.7154739,0.7005724,0.7033442,17560,162697.37848830223,0.54542345,0.58155453,0.5438244,0.5712235,17.464150911971487,0.0,0.0
125806,1296420,0.07945627,0.06593252,0.061267782,0.04748764,10,0.0,229157,2404270,0.65564954,0.6264232,0.64083016,0.6558589,0.7351058,0.6923557,0.70209795,0.7033465,17565,162709.27942085266,0.3395938,0.5243851,0.5370023,0.56887233,4.288083090770217,0.0,0.0
125837,1296730,0.19594625,0.028062318,0.05764751,0.048068374,10,0.0,229241,2405110,0.46525565,0.6705595,0.64564383,0.6550059,0.6612019,0.69862187,0.7032913,0.7030742,17570,162721.1720955372,0.40733305,0.59807515,0.535829,0.5667962,4.463343167796876,0.0,0.0
125870,1297060,0.13105983,0.11394058,0.065534286,0.048980698,10,0.0,229326,2405960,0.5532072,0.5979168,0.63725656,0.6543645,0.68426704,0.71185744,0.70279086,0.70334524,17575,162732.96534347534,0.5167365,0.5445064,0.5271286,0.5645606,4.528813486118422,0.0,0.0
125899,1297350,-0.023446143,0.10051997,0.067153566,0.050490636,10,0.0,229423,2406930,0.7407933,0.60040706,0.6323889,0.65222543,0.71734715,0.70092714,0.69954246,0.7027161,17580,162744.94548678398,0.48865974,0.58812606,0.5315632,0.5621256,4.179993374682438,0.0,0.0
125932,1297680,-0.08600265,0.050168324,0.07375547,0.052718405,10,0.0,229505,2407750,0.7484244,0.65964794,0.6288859,0.6498032,0.66242176,0.7098163,0.70264137,0.7025217,17585,162756.89962816238,0.40006137,0.5893458,0.5346713,0.55796725,4.703729156610941,0.0,0.0
125962,1297980,0.2686474,0.060666252,0.07379928,0.053685386,10,0.0,229590,2408600,0.38076028,0.6460353,0.6266449,0.6489414,0.6494077,0.7067016,0.70044416,0.70262676,17590,162768.73322987556,0.38076028,0.4753991,0.5252494,0.55586815,4.9030284234633,0.0,0.0
125990,1298260,0.0,0.068465404,0.0790425,0.05543165,10,0.0,229667,2409370,0.70406973,0.62035906,0.621206,0.6470607,0.70406973,0.6888244,0.7002485,0.7024923,17594,162778.6035785675,0.70406973,0.48086601,0.5105938,0.55413806,4.868357839919707,0.0,0.0
126020,1298560,0.39296138,0.1225571,0.081763804,0.056085028,10,0.0,229756,2410260,0.32116616,0.56966937,0.61496836,0.64615995,0.71412754,0.6922264,0.6967321,0.702245,17599,162790.45452141762,0.32116616,0.5531501,0.506888,0.55427575,4.863412822454584,0.0,0.0
126052,1298880,0.3388,0.057598554,0.092708424,0.05737167,10,0.0,229823,2410930,0.37930292,0.64054435,0.6056626,0.6446196,0.71810293,0.69814295,0.6983712,0.7019913,17603,162799.9540631771,0.37930292,0.5365647,0.5066549,0.55361927,16.108438727656154,0.0,0.0
126081,1299170,0.0,0.08160762,0.08877959,0.057498496,10,0.0,229905,2411750,0.71286494,0.6037329,0.6092575,0.64453346,0.71286494,0.6853405,0.6980371,0.70203197,17608,162811.7944328785,0.71286494,0.5235714,0.52721065,0.5523862,4.671988158916729,0.0,0.0
126115,1299510,-0.008217275,0.12101533,0.094029516,0.057801116,10,0.0,229988,2412580,0.7884786,0.58192295,0.6074002,0.6443937,0.78026134,0.7029383,0.70142967,0.7021948,17613,162823.61080121994,0.52227706,0.47638196,0.5374679,0.5532109,4.908526513074705,0.0,0.0
126147,1299830,0.36117324,0.117122486,0.0816668,0.06007358,10,0.0,230068,2413380,0.33043447,0.58176583,0.6212035,0.64156246,0.6916077,0.6988883,0.7028703,0.70163596,17618,162835.25036215782,0.33043447,0.48972172,0.5332495,0.54988396,6.048379781878989,0.0,0.0
126172,1300080,0.31207708,0.01615771,0.08311803,0.061293706,10,0.0,230134,2414040,0.40408364,0.675696,0.6187191,0.63998324,0.7161607,0.6918537,0.7018372,0.70127696,17622,162844.63793945312,0.40408364,0.53877485,0.53185207,0.5477484,12.999354108477544,0.0,0.0
126203,1300390,0.26347557,0.07147149,0.084762335,0.061835054,10,0.0,230220,2414900,0.43157944,0.6253069,0.61119,0.6388434,0.695055,0.69677836,0.69973326,0.70106685,17627,162856.58626651764,0.37044436,0.5333997,0.5180165,0.5462128,5.541170928109245,0.0,0.0
126234,1300700,0.20352751,0.0597264,0.08547622,0.06421771,10,0.0,230298,2415680,0.57643604,0.6488811,0.6129535,0.6363455,0.77996355,0.7086075,0.70038635,0.7009524,17632,162868.31820774078,0.44707224,0.57034326,0.5227634,0.5424121,4.482353960819542,0.0,0.0
126265,1301010,0.32375047,0.081884965,0.083262175,0.065701544,10,0.0,230388,2416580,0.36018565,0.60935944,0.6119339,0.63520825,0.6839361,0.6912444,0.6989647,0.7011394,17637,162880.50575828552,0.36018565,0.57022035,0.52931035,0.5425554,4.532533918867472,0.0,0.0
126295,1301310,0.33145297,0.038489852,0.07874924,0.06563402,10,0.0,230451,2417210,0.42690164,0.66025436,0.6214738,0.6355259,0.7583546,0.6987442,0.7002229,0.70130044,17641,162889.95318961143,0.42690164,0.5467011,0.52765596,0.5415003,15.523943225126386,0.0,0.0
126320,1301560,0.21721986,0.06961177,0.07556504,0.06602155,10,0.0,230531,2418010,0.43856063,0.63092613,0.6260054,0.63496983,0.6557805,0.70053786,0.7015705,0.70140404,17646,162901.78340291977,0.39287633,0.58437026,0.5324475,0.5406594,4.862341598444441,0.0,0.0
126353,1301890,0.3389175,0.057579778,0.058142766,0.06641117,10,0.0,230618,2418880,0.3173194,0.6373118,0.64317375,0.63452506,0.6562369,0.69489163,0.7013165,0.7013746,17651,162913.75648498535,0.3173194,0.54018867,0.5453133,0.5394495,4.352766463088746,0.0,0.0
126381,1302170,0.2843073,0.063148916,0.05616721,0.06620006,10,0.0,230682,2419520,0.43932176,0.64863837,0.6473982,0.6346791,0.72362906,0.7117873,0.7035653,0.7012399,17655,162923.2317316532,0.43932176,0.6389572,0.555867,0.5407407,14.39526590014171,0.0,0.0
126411,1302470,0.08461028,-0.016172986,0.043416336,0.065139115,10,0.0,230765,2420350,0.6298662,0.7087792,0.65837824,0.63565016,0.71447647,0.6926062,0.7017945,0.70117354,17660,162935.14931988716,0.6298662,0.67089725,0.5835147,0.54217076,4.594068341945218,0.0,0.0
126438,1302740,-0.045238435,0.05486681,0.041492254,0.06533267,10,0.0,230828,2420980,0.7346415,0.65855086,0.6579186,0.63528496,0.68940306,0.7134177,0.6994108,0.7009321,17664,162944.91337633133,0.5744685,0.5649193,0.5890799,0.5424692,4.968960464323637,0.0,0.0
126471,1303070,-0.036536694,0.007714039,0.034937695,0.06532269,10,0.0,230908,2421780,0.72461253,0.69600695,0.6639086,0.63511777,0.68807584,0.7037209,0.6988462,0.70083886,17669,162956.86969685555,0.68807584,0.661132,0.61032957,0.54361904,4.794841060938881,0.0,0.0
126499,1303350,0.053037703,-0.0058488073,0.017461564,0.06501681,10,0.0,230978,2422480,0.6970394,0.70650274,0.6803001,0.63542926,0.7500771,0.7006539,0.69776183,0.7008501,17673,162966.3295264244,0.58948636,0.6328928,0.6203813,0.54578614,15.520875618856534,0.0,0.0
126529,1303650,0.00015050173,0.024115164,0.017954929,0.06414488,10,0.0,231063,2423330,0.6775742,0.6818856,0.6856823,0.63657415,0.6777247,0.70600075,0.7036373,0.701099,17678,162978.34005713463,0.6775742,0.6623012,0.62490636,0.5484236,5.396337678181064,0.0,0.0
126562,1303980,-0.01042819,0.023169542,0.013015825,0.06317384,10,0.0,231141,2424110,0.7173624,0.6709904,0.69095224,0.6375272,0.7069342,0.69416,0.70396805,0.70109415,17683,162990.20415472984,0.55393136,0.6366177,0.63702023,0.5518873,5.710906646242873,0.0,0.0
126587,1304230,0.05618465,-0.00129745,0.015873523,0.06207902,10,0.0,231212,2424820,0.686767,0.7107596,0.6860787,0.6383247,0.74295163,0.7094621,0.70195216,0.7007806,17687,162999.78553700447,0.68448734,0.6780929,0.6374831,0.55284584,18.916361376437624,0.0,0.0
126616,1304520,0.013291061,0.008826059,0.025962329,0.06231599,10,0.0,231293,2425630,0.7058436,0.69199866,0.67493224,0.6380516,0.7191347,0.7008248,0.7008946,0.7005714,17692,163011.9827082157,0.58632076,0.61791813,0.6235255,0.55278003,4.667084826742305,0.0,0.0
126644,1304800,0.026109636,0.00090839865,0.021159558,0.060462013,10,0.0,231353,2426230,0.6521151,0.69618356,0.67888314,0.6400773,0.67822474,0.697092,0.70004267,0.70087415,17696,163021.75861668587,0.6521151,0.6648159,0.6157584,0.5550533,15.91531873105592,0.0,0.0
126673,1305090,-0.10270023,0.08145645,0.028857026,0.060947664,10,0.0,231443,2427130,0.75808793,0.6401285,0.675718,0.63962346,0.6553877,0.721585,0.7045751,0.7009457,17701,163033.67166376114,0.47978082,0.62157166,0.61671275,0.5563859,5.280409188202855,0.0,0.0
126701,1305370,-0.13342619,0.0042090057,0.033933584,0.059098586,10,0.0,231513,2427830,0.7938257,0.7163113,0.6690168,0.64197904,0.6603995,0.7205202,0.7029504,0.70116335,17705,163043.33637166023,0.43236884,0.64611465,0.615977,0.55866235,14.85814932030842,0.0,0.0
126734,1305700,-0.0048931837,0.03506086,0.04149967,0.05832744,10,0.0,231589,2428590,0.66926956,0.6819765,0.66411364,0.6427499,0.6643764,0.71703744,0.70561326,0.7014246,17710,163055.18489336967,0.61842936,0.65219706,0.630214,0.5613853,4.582099447948381,0.0,0.0
126765,1306010,0.030353189,0.010638202,0.04340611,0.05813385,10,0.0,231670,2429400,0.6851619,0.6841673,0.66304964,0.6432287,0.7155151,0.6948055,0.7064558,0.70154965,17715,163067.12958860397,0.6730216,0.6192663,0.6292701,0.563893,4.919676905984446,0.0,0.0
126788,1306240,0.09555334,0.08774253,0.03951721,0.057757895,10,0.0,231735,2430050,0.5826413,0.61799383,0.66455984,0.64287746,0.67819464,0.7057364,0.70690846,0.7012866,17719,163076.87734913826,0.5116382,0.58175486,0.6224541,0.5648596,3.9053953493222573,0.0,0.0
126822,1306580,0.0049337745,0.031796984,0.03731837,0.056060016,10,0.0,231824,2430940,0.67485017,0.6859304,0.66483325,0.6448314,0.67978394,0.7177273,0.7045113,0.7015233,17724,163089.25630044937,0.67485017,0.61217344,0.61479765,0.56860834,4.5257954339825055,0.0,0.0
126852,1306880,-0.013078213,0.014631415,0.028417258,0.05468482,10,0.0,231905,2431750,0.68829316,0.69172984,0.673975,0.64667153,0.67521495,0.7063613,0.70492387,0.7017397,17729,163101.09917521477,0.5388117,0.674924,0.619161,0.57219595,4.650613345272812,0.0,0.0
126883,1307190,0.024628043,0.011808622,0.024737963,0.05318681,10,0.0,231974,2432440,0.708745,0.69086605,0.6802927,0.6479846,0.73337305,0.6967331,0.7044338,0.7016167,17733,163110.69969177246,0.40781492,0.5507251,0.6200278,0.5742363,5.22658155873179,0.0,0.0
126912,1307480,-0.0052995086,0.055489175,0.023742296,0.052032843,10,0.0,232053,2433230,0.7153833,0.6506591,0.68553454,0.6495961,0.7100838,0.70614827,0.7092768,0.70222634,17738,163122.79032731056,0.7100838,0.58620304,0.62550855,0.5769535,4.572733352216023,0.0,0.0
126942,1307780,0.22091156,0.0466278,0.02741786,0.050720945,10,0.0,232138,2434080,0.53052735,0.64486516,0.67578804,0.65037954,0.7514389,0.6914929,0.7032059,0.7017677,17743,163134.66932415962,0.53052735,0.6114742,0.6066749,0.57887447,4.380206535684243,0.0,0.0
126970,1308060,0.023334682,0.011973167,0.023039691,0.048995826,10,0.0,232203,2434730,0.6886565,0.7004648,0.68192136,0.65320945,0.7119912,0.7124379,0.704961,0.7023004,17747,163144.3750436306,0.54652023,0.6934234,0.618494,0.5847103,15.134002346791059,0.0,0.0
126999,1308350,0.26108155,0.015748406,0.021637911,0.046462264,10,0.0,232286,2435560,0.48146,0.6796715,0.6810859,0.65543664,0.74254155,0.69541985,0.7027237,0.7025174,17752,163156.21120333672,0.48146,0.6408645,0.62450975,0.5886206,4.6894608930774195,0.0,0.0
127032,1308680,0.10267991,0.0029095053,0.017552674,0.043679718,10,0.0,232368,2436380,0.6352883,0.7045287,0.68580264,0.6585645,0.7379682,0.70743823,0.7033552,0.70264614,17757,163168.10439252853,0.6127035,0.68109155,0.6420805,0.5917274,4.682672565022078,0.0,0.0
127062,1308980,0.21244994,0.033437822,0.014789697,0.041735627,10,0.0,232433,2437030,0.46214268,0.69818455,0.6949589,0.6607758,0.6745926,0.71363294,0.7076242,0.7029789,17761,163177.86603713036,0.46214268,0.65468067,0.6505494,0.59557956,4.808897994889913,0.0,0.0
127094,1309300,0.009029746,0.052171838,0.017597176,0.039816305,10,0.0,232515,2437850,0.75492793,0.64629364,0.6865033,0.66240823,0.7639577,0.69846547,0.7041004,0.70285606,17766,163189.68293190002,0.44578207,0.58897746,0.6339101,0.5968684,5.582878709104118,0.0,0.0
127122,1309580,0.1468218,0.028567504,0.026033327,0.039004102,10,0.0,232595,2438650,0.5198801,0.66923034,0.68157965,0.66311145,0.6667019,0.6977979,0.70761293,0.7028611,17771,163201.58815312386,0.517725,0.6115433,0.6237749,0.5982009,4.0540457729873784,0.0,0.0
127156,1309920,0.0,0.026614731,0.038460765,0.03693408,10,0.0,232677,2439470,0.7134318,0.67329085,0.6650045,0.6653187,0.7134318,0.69990563,0.7034653,0.7029313,17776,163213.6499788761,0.7134318,0.6193446,0.6007431,0.60168153,4.299409514701141,0.0,0.0
127183,1310190,-0.043509126,0.029750679,0.03383426,0.035602566,10,0.0,232742,2440120,0.68520176,0.6650951,0.6705838,0.667161,0.64169264,0.6948457,0.70441794,0.70301634,17780,163223.2206914425,0.4890251,0.6159903,0.6074466,0.6046744,16.237406662970866,0.0,0.0
127216,1310520,0.0078572035,0.053474963,0.03598193,0.03448813,10,0.0,232827,2440970,0.7085582,0.6573411,0.6661703,0.6684783,0.7164154,0.710816,0.70215225,0.7033165,17785,163235.15368628502,0.52827764,0.63403684,0.60657656,0.60635656,4.772498383396369,0.0,0.0
127244,1310800,0.0546602,0.031155258,0.036083188,0.032858565,10,0.0,232913,2441830,0.66284007,0.65136254,0.6651988,0.6699527,0.71750027,0.6825178,0.70128196,0.7030651,17790,163247.35586690903,0.33845693,0.52028906,0.60287213,0.6088203,4.803442469546332,0.0,0.0
127278,1311140,0.005755067,0.017508512,0.037638806,0.030561065,10,0.0,232990,2442600,0.7170229,0.691289,0.6617924,0.6723158,0.72277796,0.70879745,0.6994312,0.70316786,17795,163259.23536157608,0.46141043,0.62789786,0.6034996,0.6116095,4.993670261396238,0.0,0.0
127304,1311400,0.15470308,0.052648224,0.035219982,0.030041367,10,0.0,233053,2443230,0.66201967,0.6398639,0.6649006,0.6730355,0.81672275,0.69251215,0.70012057,0.70329785,17799,163268.97407865524,0.6477137,0.58718956,0.6094895,0.6143411,18.906572510285393,0.0,0.0
127333,1311690,-0.032275498,0.062093895,0.028767815,0.029411534,10,0.0,233137,2444070,0.73543555,0.6411306,0.67515504,0.67383224,0.70316005,0.70322454,0.703923,0.7034977,17804,163281.02624297142,0.6806275,0.5988385,0.611183,0.61630154,4.360565834417591,0.0,0.0
127367,1312030,0.07720649,0.02644379,0.027913125,0.028807338,10,0.0,233220,2444900,0.69862497,0.66426945,0.67555815,0.6740422,0.77583146,0.7042774,0.7045436,0.70316577,17809,163292.90037345886,0.66441923,0.5951668,0.614152,0.61783504,4.209014505697413,0.0,0.0
127392,1312280,0.013730407,0.061108112,0.037502125,0.028476939,10,0.0,233292,2445620,0.70100147,0.63672346,0.6627164,0.67443174,0.7147319,0.69783163,0.7002185,0.7030976,17813,163302.6022748947,0.6867324,0.57625115,0.6015284,0.6177865,13.92246934971777,0.0,0.0
127425,1312610,-0.017255187,0.030996645,0.038145315,0.029079884,10,0.0,233373,2446430,0.67621386,0.68378544,0.65858483,0.6737131,0.6589587,0.71478206,0.69673014,0.70304924,17818,163315.17924189568,0.6515738,0.59907615,0.59481645,0.61620486,3.7659575824448344,0.0,0.0
127449,1312850,0.059264243,0.008979124,0.037253726,0.028829468,10,0.0,233435,2447050,0.66082615,0.7079428,0.65995806,0.6740272,0.7200904,0.7169219,0.6972117,0.70311004,17821,163324.4362039566,0.5510752,0.6636416,0.59097314,0.61682534,8.647794508326868,0.0,0.0
127463,1312990,0.04021287,0.033677094,0.040485132,0.029285248,10,0.0,233479,2447490,0.6458538,0.6644378,0.65996605,0.67369443,0.6860667,0.6981148,0.70045114,0.703233,17823,163335.3126783371,0.5836375,0.5197032,0.5858979,0.61527115,8.03534837243305,0.0,0.0
127475,1313110,0.20649934,0.044485215,0.046314355,0.030129218,10,0.0,233531,2448010,0.5069689,0.66064394,0.6528468,0.67288566,0.71346825,0.7051292,0.69916105,0.7032705,17826,163347.8266031742,0.4192624,0.63531476,0.57663155,0.61445814,2.706955778363762,0.0,0.0
127496,1313320,0.05206567,0.036511015,0.04621443,0.031071028,10,0.0,233576,2448460,0.6578388,0.6634909,0.6535738,0.6717793,0.7099045,0.70000184,0.69978833,0.703125,17829,163359.0994875431,0.47117588,0.587666,0.58035654,0.61377,3.4195025188264863,0.0,0.0
127517,1313530,0.16958201,0.0026029467,0.044284653,0.031604555,10,0.0,233629,2448990,0.51647633,0.7194511,0.6580416,0.67124957,0.68605834,0.72205406,0.7023263,0.7030541,17832,163370.80981755257,0.5140983,0.6469471,0.5898211,0.6139276,3.868916514390238,0.0,0.0
127534,1313700,0.30927628,0.03403473,0.04426282,0.031809796,10,0.0,233687,2449570,0.36140567,0.6657899,0.6587699,0.6708959,0.67068195,0.6998246,0.70303273,0.70295894,17835,163382.90958452225,0.36140567,0.65755033,0.6025781,0.6135539,2.907625190049516,0.0,0.0
127552,1313880,0.38374686,0.031787813,0.043322064,0.03222719,10,0.0,233737,2450070,0.34628278,0.65920424,0.6566716,0.67028135,0.73002964,0.6909921,0.6999936,0.7028185,17838,163394.6768014431,0.34628278,0.59375304,0.6054925,0.61306435,2.845180167099145,0.0,0.0
127575,1314110,0.01380235,0.10054954,0.05208925,0.033425618,10,0.0,233798,2450680,0.7189963,0.5924245,0.64805174,0.6694599,0.73279864,0.6929741,0.700141,0.7031875,17841,163406.83271598816,0.68199617,0.5328878,0.59798276,0.6121664,3.1806407806246435,0.0,0.0
127591,1314270,0.227153,0.06418267,0.051119298,0.03441342,10,0.0,233852,2451220,0.44014406,0.65659875,0.65229166,0.6685547,0.66729707,0.72078145,0.7034109,0.7032189,17844,163418.83968877792,0.41819474,0.5717512,0.6021312,0.61059964,2.6669057424606875,0.0,0.0
127610,1314460,0.081115484,0.008707953,0.04759155,0.033803955,10,0.0,233901,2451710,0.625591,0.69447374,0.6556743,0.66914755,0.70670646,0.70318174,0.70326596,0.70320505,17847,163430.67627120018,0.625591,0.6464526,0.60170794,0.6112012,3.227894125666186,0.0,0.0
127629,1314650,-0.024119437,0.038212303,0.048918303,0.03394612,10,0.0,233954,2452240,0.720244,0.6713623,0.6530483,0.66899854,0.69612455,0.7095746,0.7019665,0.7031981,17850,163442.3100552559,0.32128847,0.52963626,0.57876134,0.6104137,2.968874379848226,0.0,0.0
127649,1314850,0.38187587,0.11366097,0.058780096,0.03600827,10,0.0,234005,2452750,0.32307994,0.58230305,0.64378923,0.6668646,0.7049558,0.695964,0.70256937,0.7031179,17853,163453.69547200203,0.32307994,0.5347188,0.5566061,0.6074402,2.916449026613554,0.0,0.0
127669,1315050,0.029358745,0.101013854,0.054583464,0.036403853,10,0.0,234064,2453340,0.7077108,0.6114899,0.6487824,0.66671395,0.73706955,0.7125038,0.7033658,0.7033714,17856,163465.35316061974,0.4391892,0.46436256,0.55087286,0.6059505,3.1921698415698003,0.0,0.0
127690,1315260,0.26163638,0.04733041,0.054185227,0.03593592,10,0.0,234122,2453920,0.39407367,0.6465268,0.6486199,0.66742843,0.65571004,0.6938572,0.7028051,0.70329845,17859,163477.31939649582,0.39407367,0.5019115,0.5414641,0.60473406,3.2865798860374436,0.0,0.0
127704,1315400,0.04168284,0.03982725,0.060046844,0.036395308,10,0.0,234176,2454460,0.6718994,0.65854,0.6406143,0.6663018,0.7135822,0.6983673,0.7006612,0.70292854,17862,163489.21942663193,0.44743994,0.5610441,0.5337934,0.6027094,2.9622671665383273,0.0,0.0
127723,1315590,-0.0070815682,0.040146295,0.06918155,0.036739815,10,0.0,234232,2455020,0.6883953,0.6498168,0.6300491,0.6656317,0.68131375,0.68996304,0.6992307,0.7026127,17865,163500.74778532982,0.45828894,0.56246537,0.5318516,0.6012207,2.96711145117312,0.0,0.0
127747,1315830,0.055589974,0.061402313,0.06826342,0.038303163,10,0.0,234290,2455600,0.6217719,0.6604469,0.6309318,0.66374636,0.67736185,0.7218493,0.6991951,0.70230424,17868,163512.16733145714,0.6217719,0.55586034,0.5403314,0.5985517,3.294031645700348,0.0,0.0
127766,1316020,0.009008169,0.0312931,0.060897067,0.038020715,10,0.0,234345,2456150,0.737674,0.6803818,0.6373902,0.66423297,0.74668217,0.7116749,0.6982871,0.70250314,17871,163523.57483029366,0.5184676,0.60232174,0.5349981,0.5972655,3.5637113371929763,0.0,0.0
127782,1316180,-0.07916474,0.010484755,0.052859645,0.03745394,10,0.0,234402,2456720,0.7637235,0.68832004,0.6446789,0.66489685,0.68455875,0.69880474,0.69753855,0.70235085,17874,163536.22096920013,0.4446046,0.59556377,0.5472301,0.59767336,2.3693764082687614,0.0,0.0
127799,1316350,0.4116804,0.07587883,0.05230135,0.037501052,10,0.0,234450,2457200,0.30996072,0.6064332,0.6428064,0.66454226,0.7216411,0.6823121,0.6951077,0.7020433,17876,163546.40217280388,0.30996072,0.43185386,0.5420282,0.5954548,2.939327538451663,0.0,0.0
127819,1316550,-0.0032209754,0.09752772,0.05253984,0.038148336,10,0.0,234504,2457740,0.69684285,0.5994489,0.6447918,0.6640752,0.6936219,0.6969766,0.69733155,0.7022236,17879,163558.42717409134,0.3417044,0.55277395,0.5369203,0.5942952,3.0485090644052253,0.0,0.0
127833,1316690,0.13225973,0.005419499,0.036282945,0.037879482,10,0.0,234570,2458400,0.5348151,0.6801274,0.6630985,0.66403884,0.6670748,0.68554693,0.6993814,0.70191824,17882,163572.0889518261,0.5348151,0.52205926,0.5473819,0.59298426,1.796189955118205,0.0,0.0
127851,1316870,-0.04715693,0.053857725,0.034233417,0.038507167,10,0.0,234627,2458970,0.73534006,0.65329707,0.663712,0.663266,0.6881831,0.7071548,0.6979455,0.70177317,17885,163584.2616534233,0.6732243,0.562218,0.5545033,0.5914834,2.818878097936884,0.0,0.0
127874,1317100,0.03757155,-0.00036689042,0.03044314,0.03810889,10,0.0,234681,2459510,0.6730761,0.697246,0.668368,0.663743,0.71064764,0.6978198,0.6991439,0.7018364,17888,163595.28501963615,0.370938,0.47212762,0.5503169,0.5903059,3.300257092953337,0.0,0.0
127892,1317280,0.27336258,0.10857443,0.041766133,0.039388962,10,0.0,234738,2460080,0.4163291,0.5835651,0.6585476,0.6620504,0.68969166,0.69058627,0.7002646,0.7015011,17891,163606.58526039124,0.38174748,0.53951657,0.556331,0.589373,3.677896122310558,0.0,0.0
127912,1317480,0.24236798,0.05363853,0.039647892,0.03942001,10,0.0,234786,2460560,0.40617305,0.6441808,0.65977836,0.6619194,0.64854103,0.69781935,0.6994263,0.7013394,17894,163617.77676939964,0.37164685,0.520393,0.5603046,0.58800757,3.6667922937200723,0.0,0.0
127932,1317680,0.39099762,-0.002609557,0.038392063,0.03943412,10,0.0,234841,2461110,0.3508002,0.6926379,0.66031164,0.6617761,0.7417978,0.6900284,0.6987037,0.7012103,17897,163628.74668049812,0.3508002,0.56015635,0.5639673,0.58778495,3.2044759785625856,0.0,0.0
127953,1317890,4.005432e-05,0.08221464,0.040798016,0.039937835,10,0.0,234889,2461590,0.6682795,0.6184772,0.65880203,0.6614728,0.6683196,0.7006919,0.69960004,0.70141065,17900,163640.099650383,0.43256846,0.46447626,0.5489263,0.5860781,3.3755509519546796,0.0,0.0
127967,1318030,0.32039103,0.11851652,0.054077353,0.041269902,10,0.0,234945,2462150,0.35898373,0.58705986,0.6451057,0.65995353,0.67937475,0.7055764,0.6991831,0.70122343,17903,163651.15585398674,0.35898373,0.5425023,0.5437401,0.5838425,3.107932203379783,0.0,0.0
127988,1318240,-0.023917556,0.043270636,0.048943825,0.0414797,10,0.0,234992,2462620,0.72081465,0.6657305,0.65255785,0.65983665,0.6968971,0.7090012,0.7015016,0.70131636,17906,163662.79226231575,0.44363794,0.5740644,0.551545,0.5829903,2.8059175013008373,0.0,0.0
128009,1318450,0.3489523,0.06314609,0.052935198,0.04250386,10,0.0,235052,2463220,0.35810447,0.62495714,0.64527345,0.6586432,0.70705676,0.6881032,0.7010748,0.70130247,17909,163675.06292438507,0.35810447,0.5796015,0.5535324,0.5817162,3.6333153817480976,0.0,0.0
128028,1318640,0.32473153,0.025895962,0.054525074,0.043342438,10,0.0,235106,2463760,0.40807247,0.68260866,0.64886004,0.6580946,0.732804,0.70850456,0.70619667,0.70171016,17912,163687.55038046837,0.37058207,0.58202964,0.55736953,0.5805089,3.1358604662673084,0.0,0.0
128048,1318840,0.0,0.099496886,0.06935234,0.045125272,10,0.0,235160,2464300,0.7786345,0.60880345,0.6343913,0.65608066,0.7786345,0.70830035,0.70660627,0.70151675,17915,163699.77399873734,0.7786345,0.5144731,0.5582552,0.57773376,2.9921021789471287,0.0,0.0
128063,1318990,-0.012540698,0.007906032,0.060871843,0.04499581,10,0.0,235218,2464880,0.73187035,0.7275816,0.65064466,0.65651375,0.71932966,0.7354876,0.71131635,0.7018188,17918,163711.54325413704,0.71932966,0.6702339,0.5686705,0.5768274,2.637927541747335,0.0,0.0
128084,1319200,0.036786556,0.087250024,0.062397256,0.046249077,10,0.0,235277,2465470,0.71905017,0.61658514,0.6451275,0.65535533,0.7558367,0.7038351,0.71023923,0.7018899,17921,163723.62149214745,0.42911252,0.53708804,0.56739974,0.5762371,2.7885953784741893,0.0,0.0
128103,1319390,0.271633,0.048605017,0.054478597,0.045108818,10,0.0,235332,2466020,0.39725247,0.66074634,0.6576721,0.65647477,0.66888547,0.7093513,0.71215075,0.70186955,17924,163735.64353227615,0.39725247,0.55199885,0.564416,0.5763255,3.0947069589853404,0.0,0.0
128125,1319610,0.2144795,0.06937043,0.05233414,0.046202894,10,0.0,235389,2466590,0.48664743,0.6466875,0.65852565,0.65555835,0.70112693,0.7160579,0.71085966,0.70195055,17927,163747.4234213829,0.48664743,0.54496306,0.5582192,0.57411563,3.153598988876362,0.0,0.0
128145,1319810,-0.012615144,0.07740159,0.047272813,0.04652249,10,0.0,235444,2467140,0.7343175,0.62516683,0.663509,0.6553892,0.72170234,0.7025685,0.7107818,0.70206726,17930,163759.81862020493,0.39863518,0.4786819,0.5486614,0.57226706,3.190682968145538,0.0,0.0
128160,1319960,0.03307587,0.12298752,0.05941413,0.047346056,10,0.0,235513,2467830,0.7291449,0.57903695,0.64750314,0.6544218,0.76222074,0.70202446,0.7069173,0.70203966,17933,163774.65535259247,0.46647978,0.5447124,0.54744154,0.5711786,2.1052899984891598,0.0,0.0
128175,1320110,-0.05637598,0.11979159,0.067566015,0.048551243,10,0.0,235557,2468270,0.731636,0.5901743,0.63988036,0.6533175,0.67526,0.70996594,0.7074463,0.70215356,17935,163784.66605377197,0.45342246,0.54382265,0.5343994,0.5700232,2.2235726681547727,0.0,0.0
128190,1320260,0.27846092,0.02178222,0.0673944,0.04859938,10,0.0,235609,2468790,0.4153592,0.6880859,0.63735324,0.65321136,0.6938201,0.7098681,0.7047477,0.7020968,17938,163796.4149708748,0.4153592,0.57612264,0.5375879,0.57001305,2.7957519914456457,0.0,0.0
128211,1320470,0.07052541,0.064684525,0.07124981,0.049262024,10,0.0,235671,2469410,0.6082671,0.6346227,0.6325201,0.65242493,0.67879254,0.6993072,0.70376986,0.7019731,17941,163808.7803146839,0.396001,0.5466889,0.54010266,0.56856084,2.825185871834366,0.0,0.0
128234,1320700,0.2585641,0.021432346,0.076279595,0.049850285,10,0.0,235722,2469920,0.49925053,0.68340844,0.62320656,0.6516437,0.75781465,0.70484084,0.6994861,0.7017802,17944,163820.66079831123,0.35645664,0.58579284,0.5378001,0.5664159,3.1163368918716907,0.0,0.0
128249,1320850,0.0,0.078931935,0.071587175,0.049925346,10,0.0,235783,2470530,0.6844573,0.62088054,0.62953603,0.65187037,0.6844573,0.69981253,0.70112336,0.7020867,17947,163832.6202402115,0.6844573,0.45881763,0.53653705,0.5658846,2.6887868853636037,0.0,0.0
128268,1321040,-0.11023897,0.08205079,0.056337766,0.050612822,10,0.0,235831,2471010,0.7786692,0.6482837,0.64666605,0.65158284,0.6684302,0.69383985,0.70224595,0.7024436,17950,163844.0526163578,0.4211648,0.55115724,0.5409481,0.5640512,2.762592596788459,0.0,0.0
128291,1321270,0.17953104,0.05705905,0.06156331,0.0516034,10,0.0,235887,2471570,0.4985612,0.6455869,0.641259,0.6503877,0.67809224,0.7026459,0.7020542,0.7021824,17953,163855.5243897438,0.4985612,0.55636626,0.5363861,0.5621068,3.469279990471338,0.0,0.0
128310,1321460,0.28094274,0.06992494,0.06143486,0.0518146,10,0.0,235941,2472110,0.4807207,0.64072645,0.6451582,0.65022683,0.76166344,0.71065146,0.7037861,0.70219594,17956,163867.3834824562,0.42086035,0.56689036,0.5422315,0.5619526,3.157982868318798,0.0,0.0
128329,1321650,-0.012714624,0.08724551,0.062272068,0.05322483,10,0.0,235993,2472630,0.7320644,0.6137026,0.6426435,0.64850074,0.7193498,0.70094806,0.7049782,0.7019859,17959,163878.59011507034,0.41930264,0.5288209,0.5366756,0.5589673,3.282620239557559,0.0,0.0
128349,1321850,-0.0008019209,0.09246917,0.06424181,0.053513538,10,0.0,236045,2473150,0.74345005,0.6008386,0.64109194,0.6485585,0.7426481,0.69330776,0.704592,0.7021429,17962,163889.81253433228,0.5389226,0.5429857,0.5403112,0.55824596,3.0259700167873613,0.0,0.0
128363,1321990,0.11224508,0.13885921,0.07539759,0.054784868,10,0.0,236102,2473720,0.5548831,0.57440364,0.6287309,0.6474908,0.6671282,0.71326274,0.70412856,0.7024859,17965,163900.91790556908,0.419861,0.52108514,0.54418206,0.55766857,2.9203968248939587,0.0,0.0
128383,1322190,0.36421606,0.123626545,0.07619244,0.05588967,10,0.0,236148,2474180,0.34996304,0.56153786,0.6262651,0.6461901,0.7141791,0.68516445,0.7024575,0.70224464,17968,163912.21418309212,0.34996304,0.5331014,0.5414486,0.5558514,2.878106082704625,0.0,0.0
128403,1322390,0.29805496,0.14468914,0.0828109,0.05642208,10,0.0,236201,2474710,0.4293047,0.56010604,0.61928636,0.6458651,0.72735965,0.70479524,0.7020971,0.7024969,17971,163923.77335476875,0.4293047,0.48733878,0.5304209,0.5552151,2.8426949424504437,0.0,0.0
128425,1322610,-0.037661254,0.051748507,0.077785246,0.05721183,10,0.0,236254,2475240,0.7425097,0.65755934,0.62440956,0.64516735,0.70484847,0.70930773,0.70219475,0.7025808,17974,163935.50321364403,0.47571176,0.5124356,0.5384859,0.55379194,3.7233864630534383,0.0,0.0
128441,1322770,0.32860819,0.06366676,0.08062801,0.057244085,10,0.0,236306,2475760,0.39412573,0.6456114,0.620702,0.64529175,0.7227339,0.7092782,0.70133,0.7027399,17977,163946.93025827408,0.39412573,0.58302414,0.538079,0.5544733,3.1417360316547787,0.0,0.0
128459,1322950,0.083416104,0.065172054,0.075223655,0.05825717,10,0.0,236357,2476270,0.600231,0.6532093,0.62822235,0.6443386,0.6836471,0.71838135,0.70344603,0.7027365,17980,163958.5433974266,0.4337642,0.58075315,0.54116464,0.5534039,2.6560430954502188,0.0,0.0
128483,1323190,0.0,0.09404119,0.07859236,0.058567178,10,0.0,236414,2476840,0.72706044,0.6133894,0.6254845,0.6441952,0.72706044,0.7074305,0.7040768,0.7027644,17983,163970.31089544296,0.72706044,0.51006997,0.53821635,0.5520326,3.5150721891035466,0.0,0.0
128499,1323350,0.21324584,0.07839097,0.07663684,0.0589386,10,0.0,236463,2477330,0.48312184,0.614312,0.62862515,0.643872,0.6963677,0.69270295,0.70526206,0.70287806,17986,163981.8671348095,0.4497401,0.5866458,0.5464251,0.55179757,3.1817057743850135,0.0,0.0
128523,1323590,0.31719685,0.08053275,0.080101706,0.060643997,10,0.0,236528,2477980,0.3309976,0.6459373,0.62767804,0.64231765,0.64819443,0.72647005,0.70777977,0.7031492,17989,163994.04606866837,0.3309976,0.5578211,0.5458596,0.55003315,3.4827939282877116,0.0,0.0
128537,1323730,0.034962535,0.00953632,0.07469399,0.060459137,10,0.0,236583,2478530,0.62783414,0.69276494,0.63122785,0.6424444,0.6627967,0.70230126,0.70592195,0.7030701,17992,164005.8117518425,0.43122953,0.50429606,0.5413693,0.5478457,2.6126555987132263,0.0,0.0
128559,1323950,-0.13654226,0.033076268,0.070481114,0.060934592,10,0.0,236640,2479100,0.7853702,0.69439965,0.63724583,0.64225525,0.6488279,0.727476,0.7077269,0.70326275,17995,164017.35375905037,0.35642308,0.5782434,0.54093194,0.5463696,2.9839498044103623,0.0,0.0
128577,1324130,-0.07332057,0.067513295,0.06548523,0.06014894,10,0.0,236699,2479690,0.7479667,0.6365248,0.6430109,0.6431536,0.67464614,0.7040381,0.70849615,0.7033822,17998,164029.35296797752,0.40767637,0.49051934,0.53782177,0.5459092,3.178474150473398,0.0,0.0
128598,1324340,0.035578668,0.03284832,0.059261788,0.059996586,10,0.0,236755,2480250,0.64831245,0.67310584,0.648225,0.64322776,0.6838911,0.7059542,0.70748687,0.70334816,18001,164041.2412929535,0.4292386,0.5669133,0.5417085,0.54604715,3.4707541474947052,0.0,0.0
128616,1324520,-0.00028175116,0.032077827,0.05474505,0.060801778,10,0.0,236821,2480910,0.74026436,0.68896425,0.6541174,0.6427129,0.7399826,0.7210421,0.70886254,0.70372605,18004,164056.4626545906,0.7399826,0.60482156,0.5456018,0.54512465,1.6311762467861566,0.0,0.0
128628,1324640,0.30223843,0.09386086,0.054692797,0.06157267,10,0.0,236859,2481290,0.37713942,0.60780823,0.65414286,0.6421708,0.67937785,0.7016691,0.70883566,0.7036914,18006,164067.07932186127,0.37713942,0.51115096,0.5423353,0.5450546,2.5760416136299944,0.0,0.0
128648,1324840,0.24528602,0.00958693,0.044160943,0.059731863,10,0.0,236922,2481920,0.47666946,0.69179153,0.6644033,0.64384925,0.7219555,0.70137846,0.7085642,0.7038141,18009,164079.64084148407,0.32307535,0.59402955,0.5567451,0.54655397,3.145455603544733,0.0,0.0
128667,1325030,-0.018231988,0.010040671,0.045398545,0.0591584,10,0.0,236977,2482470,0.7219153,0.69889075,0.66129166,0.64449537,0.7036833,0.7089314,0.7066903,0.70362556,18012,164092.08315992355,0.40628716,0.5424619,0.5554463,0.54630256,2.691239309932584,0.0,0.0
128686,1325220,0.09876156,0.07482545,0.040941358,0.05872045,10,0.0,237039,2483090,0.6314123,0.6491365,0.6671661,0.64517283,0.7301739,0.72396195,0.7081076,0.7039342,18015,164106.62800383568,0.6314123,0.56649816,0.5564609,0.5469509,2.138492045121053,0.0,0.0
128703,1325390,-0.000359416,0.12838411,0.05746809,0.060654014,10,0.0,237102,2483720,0.72332084,0.5663602,0.6494566,0.6434942,0.7229614,0.6947443,0.7069247,0.70407706,18018,164120.4849975109,0.6816092,0.5084461,0.54365164,0.54658437,2.5503000185573472,0.0,0.0
128724,1325600,0.16853118,0.046520017,0.058915854,0.06071211,10,0.0,237154,2484240,0.50846624,0.64598566,0.6465203,0.6437908,0.6769974,0.6925057,0.7054361,0.7043335,18021,164132.48097801208,0.4003514,0.5577458,0.5418964,0.54670835,3.4442039169108667,0.0,0.0
128746,1325820,-3.683567e-05,0.023602605,0.06772958,0.059681933,10,0.0,237216,2484860,0.72973675,0.68213713,0.63690233,0.6447311,0.7296999,0.7057398,0.704632,0.7043856,18024,164144.2860043049,0.7296999,0.5386175,0.5453568,0.5472414,3.1065515118751064,0.0,0.0
128766,1326020,-0.035038173,0.050036423,0.06321724,0.05951133,10,0.0,237267,2485370,0.72617894,0.664769,0.6438594,0.64497083,0.6911408,0.7148054,0.70707655,0.7046022,18027,164157.3100399971,0.6911408,0.6017643,0.5541503,0.54834926,3.0394540220243718,0.0,0.0
128779,1326150,0.07315326,0.07527287,0.07004723,0.06012844,10,0.0,237329,2485990,0.64022154,0.60810095,0.63356,0.6441555,0.7133748,0.6833738,0.7036072,0.70449376,18030,164169.41047239304,0.36405885,0.46487242,0.5514316,0.54742324,2.735909245887644,0.0,0.0
128799,1326350,0.2974256,0.027935928,0.047655784,0.059507977,10,0.0,237389,2486590,0.39023712,0.670257,0.65452605,0.64493716,0.6876627,0.6981929,0.7021819,0.7047223,18033,164181.35451507568,0.39023712,0.56551003,0.5536911,0.54805106,2.865392536131969,0.0,0.0
128822,1326580,-0.007816911,-0.0033650636,0.03424793,0.05888144,10,0.0,237443,2487130,0.6987056,0.70846945,0.66701025,0.6454973,0.6908887,0.7051045,0.7012582,0.70460504,18036,164193.70940971375,0.34377608,0.66858214,0.5646716,0.54915476,3.1424570164915338,0.0,0.0
128841,1326770,0.38939655,0.08322183,0.042358547,0.06061672,10,0.0,237501,2487710,0.4085371,0.60263693,0.6585399,0.64397544,0.79793364,0.6858588,0.7008984,0.70465773,18039,164206.30015349388,0.33137554,0.43679124,0.54313433,0.5467256,2.9835607333251386,0.0,0.0
128857,1326930,-0.00034713745,0.012222344,0.04179508,0.05960787,10,0.0,237559,2488290,0.72119254,0.7047943,0.6593419,0.64500356,0.7208454,0.71701664,0.70113695,0.7048221,18042,164218.0424864292,0.7208454,0.593845,0.5310954,0.54619443,2.754359900056948,0.0,0.0
128875,1327110,0.036894858,0.017900337,0.03278817,0.05995076,10,0.0,237618,2488880,0.63724595,0.68586695,0.6690192,0.64469445,0.6741408,0.7037672,0.7018074,0.70476294,18045,164229.8756620884,0.63724595,0.587751,0.54788035,0.54744273,2.6937339260317286,0.0,0.0
128895,1327310,-0.068087876,0.09319843,0.040957827,0.05966287,10,0.0,237669,2489390,0.73082364,0.6139536,0.6643249,0.6454208,0.66273576,0.707152,0.7052827,0.70515466,18048,164242.45067191124,0.36500263,0.5595559,0.5623757,0.54780567,2.788341217438221,0.0,0.0
128918,1327540,-0.017768025,0.024668884,0.047659718,0.060126837,10,0.0,237730,2490000,0.70581234,0.6775657,0.65527743,0.6447293,0.6880443,0.7022346,0.70293725,0.7050265,18051,164254.4304394722,0.41237718,0.5798311,0.5524727,0.5475233,3.00128335993434,0.0,0.0
128934,1327700,0.050107658,0.047129,0.044590417,0.06053103,10,0.0,237786,2490560,0.7049897,0.6534031,0.6591061,0.6443216,0.7550973,0.7005321,0.7036964,0.70506316,18054,164266.70640587807,0.46554804,0.5439088,0.56006795,0.5475353,2.746353242776596,0.0,0.0
128953,1327890,0.085115016,-0.018128693,0.044877786,0.06013075,10,0.0,237842,2491120,0.710095,0.7446731,0.6609259,0.6452168,0.79521,0.7171878,0.7050141,0.70531166,18057,164278.65724372864,0.6856253,0.61101675,0.5744288,0.5490968,2.7733154189525244,0.0,0.0
128973,1328090,0.07937628,-0.008004236,0.045134973,0.05874466,10,0.0,237902,2491720,0.67043585,0.701439,0.66092634,0.64651966,0.7498121,0.69343483,0.7060614,0.7054676,18060,164292.06952548027,0.37821192,0.57367355,0.57588965,0.55007434,2.58226096824197,0.0,0.0
128993,1328290,0.17105174,0.012075174,0.04602369,0.05890142,10,0.0,237963,2492330,0.5569958,0.7013221,0.66105276,0.64678556,0.72804755,0.7133972,0.7070765,0.70559543,18063,164304.8664302826,0.5569958,0.63496953,0.5689247,0.5497795,2.4685958103890924,0.0,0.0
129009,1328450,0.10575676,0.08207248,0.041811556,0.059173804,10,0.0,238010,2492800,0.56746244,0.61615306,0.66773605,0.64688843,0.6732192,0.69822556,0.70954764,0.7056373,18065,164314.15546536446,0.44692653,0.5546223,0.5817932,0.5495221,7.786097940304969,0.0,0.0
129021,1328570,0.34553018,0.057229042,0.046733603,0.058997203,10,0.0,238054,2493240,0.33669433,0.62891406,0.66097045,0.6462979,0.6822245,0.6861431,0.707704,0.7052208,18067,164325.0810828209,0.33434317,0.5003034,0.5687142,0.54875875,10.697863872534779,0.0,0.0
129040,1328760,0.0,0.08083461,0.051364496,0.059459068,10,0.0,238110,2493800,0.7294851,0.616518,0.6542345,0.64586943,0.7294851,0.69735265,0.70559907,0.7049928,18070,164338.14415812492,0.7294851,0.55190307,0.56471145,0.54821914,2.9876826501801848,0.0,0.0
129059,1328950,0.011063516,0.105912186,0.0649757,0.06011689,10,0.0,238170,2494400,0.74088746,0.593073,0.63612443,0.64458436,0.751951,0.6989852,0.7011002,0.70462525,18073,164349.68967580795,0.33083326,0.46801051,0.5420927,0.54773706,3.364631875065529,0.0,0.0
129075,1329110,0.31906894,0.05302755,0.07538033,0.06057534,10,0.0,238223,2494930,0.3652996,0.6461167,0.6247558,0.6441584,0.68436855,0.69914424,0.7001361,0.7044275,18076,164361.35569262505,0.35488585,0.5864924,0.541228,0.5462406,2.95171889624693,0.0,0.0
129096,1329320,0.10190475,0.12583229,0.07746977,0.061638866,10,0.0,238283,2495530,0.5986736,0.58299315,0.6217469,0.64288723,0.70057833,0.70882547,0.6992168,0.70431757,18079,164373.4322617054,0.35501394,0.48639804,0.52432686,0.5452767,3.038849975011364,0.0,0.0
129114,1329500,-0.071643054,0.1095256,0.0837889,0.06238584,10,0.0,238339,2496090,0.77173823,0.59398377,0.6162973,0.6420925,0.7000952,0.70350933,0.7000861,0.7044023,18082,164385.987865448,0.33466548,0.51319194,0.5216027,0.54548764,2.765445565450761,0.0,0.0
129135,1329710,0.42502075,0.09491803,0.08800674,0.063123494,10,0.0,238395,2496650,0.32070053,0.59396636,0.6111445,0.64084387,0.7457213,0.6888843,0.6991513,0.70386726,18085,164398.64531970024,0.32070053,0.4602453,0.51367843,0.5442942,3.1488664752158475,0.0,0.0
129152,1329880,0.041698277,0.04287383,0.081889264,0.06267615,10,0.0,238458,2497280,0.69940037,0.66962844,0.6203434,0.6415703,0.74109864,0.7125023,0.70223266,0.70416945,18088,164410.56336307526,0.48927146,0.61127263,0.52465254,0.54529786,2.8856253093790127,0.0,0.0
129174,1330100,-0.0018345118,0.0011139571,0.073607594,0.061105423,10,0.0,238509,2497790,0.75166893,0.72619,0.6316179,0.64321214,0.7498344,0.7273039,0.70522535,0.7042542,18091,164422.3683640957,0.6034307,0.6361133,0.5411972,0.5468668,3.2062570838889157,0.0,0.0
129193,1330290,-0.0013026595,0.1363645,0.07678024,0.062412802,10,0.0,238568,2498380,0.78806853,0.5620624,0.627425,0.6422095,0.7867659,0.69842684,0.7042053,0.7043746,18094,164434.9555568695,0.3702624,0.47589397,0.54722273,0.54651093,2.7414833892788972,0.0,0.0
129208,1330440,0.33686224,0.15180998,0.07598261,0.06293091,10,0.0,238623,2498930,0.3608106,0.5521318,0.62984353,0.64167565,0.69767284,0.70394176,0.7058261,0.7045306,18097,164447.09846830368,0.3608106,0.47517902,0.5366581,0.5451789,2.7925094797959873,0.0,0.0
129228,1330640,0.23242602,0.06820945,0.07395234,0.06292416,10,0.0,238689,2499590,0.4462388,0.62259525,0.6317329,0.6420426,0.6786648,0.69080466,0.7056852,0.7046351,18100,164461.77029395103,0.4462388,0.4924833,0.5460006,0.54531443,1.96313799232625,0.0,0.0
129245,1330810,0.36956343,0.1165031,0.07821467,0.06397047,10,0.0,238732,2500020,0.30229393,0.5724808,0.62624955,0.64069426,0.67185736,0.68898386,0.70446426,0.70442015,18102,164472.01720142365,0.30229393,0.51868635,0.54343593,0.5444103,2.7233489075870545,0.0,0.0
129256,1330920,-0.07557255,0.121921346,0.0868717,0.064563,10,0.0,238777,2500470,0.72888774,0.5744029,0.61471176,0.6399275,0.6533152,0.6963243,0.7015835,0.70425004,18104,164482.45969462395,0.3416317,0.44779587,0.5242584,0.54429394,2.59359612460479,0.0,0.0
129277,1331130,-0.0020822287,0.1019367,0.106976785,0.06576518,10,0.0,238839,2501090,0.7292078,0.5930505,0.5900633,0.6381734,0.7271256,0.6949872,0.6970402,0.7039386,18107,164495.92102980614,0.2800677,0.5183419,0.4986271,0.54312575,2.566434727304868,0.0,0.0
129291,1331270,0.3035121,0.12084939,0.10595659,0.06649582,10,0.0,238892,2501620,0.41685885,0.57109076,0.5899379,0.6372709,0.72037095,0.6919401,0.69589454,0.7037667,18110,164508.36087608337,0.41685885,0.5178832,0.4991144,0.5427164,2.7560007007120007,0.0,0.0
129310,1331460,0.16484183,0.106198385,0.10078378,0.0673015,10,0.0,238948,2502180,0.5261381,0.6169575,0.5970393,0.6365251,0.69097996,0.72315586,0.69782305,0.70382655,18113,164520.5252072811,0.5261381,0.5001154,0.4991848,0.5409215,2.945707535899701,0.0,0.0
129336,1331720,0.029910803,0.09123169,0.10330906,0.06734244,10,0.0,239004,2502740,0.62884116,0.60950756,0.59566927,0.636495,0.65875196,0.70073926,0.69897825,0.70383745,18116,164533.3684976101,0.4003952,0.56357086,0.5062899,0.54203165,2.8552148175589385,0.0,0.0
129352,1331880,0.003533125,0.107284665,0.10266106,0.06804932,10,0.0,239055,2503250,0.7248329,0.60424274,0.6015283,0.6360521,0.728366,0.71152735,0.70418924,0.7041013,18119,164545.91710042953,0.4019725,0.55037135,0.5129591,0.5413224,2.937373215030809,0.0,0.0
129369,1332050,0.14399815,0.09415595,0.08681052,0.06721505,10,0.0,239106,2503760,0.5669117,0.6066827,0.61899954,0.63678116,0.71090984,0.70083874,0.70581007,0.7039962,18122,164557.88029646873,0.43500978,0.51994014,0.5241181,0.54150087,2.9536778017554024,0.0,0.0
129388,1332240,0.019753516,0.067820795,0.07701192,0.06701127,10,0.0,239164,2504340,0.66872615,0.64192617,0.6328973,0.6374304,0.68847966,0.70974696,0.7099092,0.7044418,18125,164569.50304293633,0.6147863,0.6030375,0.5425244,0.5429392,3.3086180492306245,0.0,0.0
129406,1332420,-0.025104403,0.029472217,0.07971367,0.066367544,10,0.0,239220,2504900,0.77239037,0.67625844,0.6286678,0.63799304,0.74728596,0.7057307,0.7083814,0.7043606,18128,164581.3817820549,0.5923844,0.591489,0.5588491,0.5440486,2.9185185576911166,0.0,0.0
129428,1332640,0.1395272,0.021359112,0.065738365,0.065471545,10,0.0,239278,2505480,0.57824755,0.6897317,0.6441346,0.6392385,0.71777475,0.71109086,0.709873,0.70471,18131,164594.08397722244,0.54011506,0.6225263,0.5598822,0.5442751,2.5647368736448053,0.0,0.0
129446,1332820,0.006499946,0.10533543,0.062918745,0.065144815,10,0.0,239332,2506020,0.7100084,0.5993295,0.64476186,0.6397047,0.7165083,0.7046649,0.7076806,0.70484954,18134,164605.6623084545,0.7100084,0.5188489,0.56263244,0.54461294,2.6005601029335463,0.0,0.0
129470,1333060,0.03394729,0.042478632,0.046003565,0.06393701,10,0.0,239385,2506550,0.6825685,0.6667526,0.6632557,0.640859,0.7165158,0.7092312,0.7092593,0.704796,18137,164617.76052594185,0.67560846,0.5621897,0.5663045,0.5448174,3.047098524647199,0.0,0.0
129483,1333190,0.0033046007,0.07502437,0.0410553,0.06351687,10,0.0,239441,2507110,0.7121724,0.61216486,0.66392577,0.64101356,0.715477,0.6871892,0.7049811,0.7045304,18140,164630.46502804756,0.32479426,0.54322505,0.5636801,0.54495835,2.5391799333843514,0.0,0.0
129508,1333440,0.06977123,0.052892268,0.043170944,0.06271572,10,0.0,239493,2507630,0.67137545,0.63970745,0.65813124,0.64145213,0.7411467,0.69259965,0.7013021,0.70416784,18143,164641.99227452278,0.65927243,0.47768587,0.543574,0.5438476,3.324258200847521,0.0,0.0
129526,1333620,0.19904491,0.016002739,0.042782746,0.061864823,10,0.0,239550,2508200,0.46896812,0.6909522,0.6568726,0.64210075,0.66801304,0.70695496,0.69965535,0.70396566,18146,164654.31005072594,0.44545364,0.6282574,0.5516793,0.54443055,2.9952097969539198,0.0,0.0
129541,1333770,0.23797342,0.020363558,0.05038307,0.062598355,10,0.0,239607,2508770,0.4926891,0.6794652,0.6473264,0.6415328,0.7306625,0.6998287,0.69770956,0.7041311,18149,164667.18764424324,0.4926891,0.64315164,0.5490841,0.5461994,2.437608373885517,0.0,0.0
129562,1333980,-0.077381074,0.059685536,0.046504177,0.062183976,10,0.0,239662,2509320,0.7539373,0.64541227,0.65300757,0.6417465,0.6765562,0.7050978,0.6995119,0.7039305,18152,164678.9090399742,0.45627084,0.57889783,0.56606424,0.54706514,2.843986956308298,0.0,0.0
129579,1334150,0.008849978,0.037776563,0.04731786,0.062019017,10,0.0,239715,2509850,0.7358988,0.66325843,0.6511891,0.6416221,0.7447488,0.70103496,0.6985071,0.70364124,18155,164690.9114394188,0.6065357,0.6199266,0.5681563,0.5478043,2.789917911584504,0.0,0.0
129603,1334390,0.36834136,0.07541823,0.04418502,0.061522357,10,0.0,239766,2510360,0.37036625,0.62423784,0.6582156,0.6421403,0.7387076,0.6996561,0.7024005,0.7036627,18158,164702.67135763168,0.37036625,0.52952254,0.5820468,0.54812706,2.9614725797682677,0.0,0.0
129619,1334550,0.0021126866,0.052149087,0.04385964,0.061437212,10,0.0,239819,2510890,0.75625795,0.6401412,0.6577625,0.6418558,0.75837064,0.6922903,0.7016222,0.70329297,18161,164714.6264743805,0.6602433,0.6185466,0.59408003,0.5490017,2.6617147384213964,0.0,0.0
129640,1334760,-0.07096833,0.00841316,0.035019666,0.061076257,10,0.0,239871,2511410,0.75956726,0.7149462,0.6701541,0.6425044,0.68859893,0.7233594,0.7051738,0.7035807,18164,164727.29494190216,0.4644842,0.63324124,0.60319436,0.5514195,2.960822419298024,0.0,0.0
129656,1334920,0.24672195,0.01918171,0.03316878,0.060741786,10,0.0,239925,2511950,0.4822522,0.70201474,0.6740371,0.6431042,0.72897416,0.7211964,0.7072059,0.7038459,18167,164739.89175748825,0.4822522,0.6571524,0.6118787,0.55190825,2.7928834178207005,0.0,0.0
129679,1335150,0.04000461,0.038588956,0.02887119,0.060606,10,0.0,239983,2512530,0.6829004,0.65863216,0.6789309,0.64311624,0.72290504,0.69722116,0.7078022,0.7037222,18170,164751.41532349586,0.6829004,0.619683,0.6260087,0.55423695,3.260631090841486,0.0,0.0
129699,1335350,-0.00498873,0.04485871,0.028452735,0.059470117,10,0.0,240032,2513020,0.7309106,0.66811156,0.6786834,0.6441836,0.72592187,0.71297026,0.70713633,0.7036537,18173,164762.9465560913,0.6570514,0.66101116,0.6278577,0.5562597,3.254574561174467,0.0,0.0
129719,1335550,0.32038504,0.012119842,0.022809375,0.057209954,10,0.0,240081,2513510,0.35279113,0.7153121,0.68894327,0.64668703,0.67317617,0.727432,0.71175265,0.703897,18176,164774.5526058674,0.35279113,0.6435857,0.6380503,0.5583488,3.633406972205325,0.0,0.0
129737,1335730,0.032152534,0.030427879,0.027566494,0.05731228,10,0.0,240133,2514030,0.70619637,0.6583769,0.6805401,0.64647317,0.7383489,0.6888048,0.70810664,0.7037854,18179,164786.7789504528,0.70619637,0.55147874,0.62520117,0.558416,2.950267400480182,0.0,0.0
129752,1335880,0.027718186,0.04614824,0.029491654,0.05753254,10,0.0,240188,2514580,0.66722506,0.6624311,0.67701864,0.6462376,0.69494325,0.70857936,0.70651037,0.7037702,18182,164798.87037158012,0.44073525,0.5989047,0.62696165,0.5594138,2.833370633748808,0.0,0.0
129776,1336120,-0.0023217201,0.0046403944,0.02833935,0.057070788,10,0.0,240245,2515150,0.6742357,0.7192055,0.6781937,0.64663404,0.671914,0.7247628,0.7069626,0.70368445,18185,164810.481777668,0.64251614,0.6327299,0.6105948,0.5591576,3.406171447616206,0.0,0.0
129794,1336300,-0.026266158,0.0048246146,0.019380618,0.056345154,10,0.0,240298,2515680,0.73527163,0.70529914,0.6890703,0.64777344,0.7090055,0.7101238,0.70845085,0.70411867,18188,164822.47578382492,0.7090055,0.6566007,0.6161334,0.56194115,2.539201454201944,0.0,0.0
129811,1336470,-0.013778806,0.021531325,0.019958392,0.05565298,10,0.0,240350,2516200,0.70813185,0.67435515,0.685409,0.6486192,0.69435304,0.6958865,0.7053673,0.70427215,18191,164834.10919046402,0.6833152,0.60006267,0.61696404,0.56425756,3.118534612072821,0.0,0.0
129834,1336700,0.027945936,0.017641146,0.0137975095,0.054905426,10,0.0,240403,2516730,0.6783766,0.6848567,0.69246453,0.6492616,0.70632255,0.70249784,0.70626205,0.704167,18194,164846.29971027374,0.6783766,0.5427557,0.61274236,0.56440026,3.1283222496272427,0.0,0.0
129850,1336860,0.24451324,0.032877207,0.011846879,0.054398973,10,0.0,240452,2517220,0.43256864,0.68951976,0.69614434,0.6500364,0.6770819,0.72239697,0.7079912,0.70443535,18197,164858.55989289284,0.3873953,0.5768464,0.60697675,0.566557,3.2120537787793593,0.0,0.0
129869,1337050,0.28803638,0.10377854,0.02474732,0.055946354,10,0.0,240507,2517770,0.42099229,0.5914894,0.68461984,0.64857817,0.70902866,0.69526786,0.70595515,0.7041931,18200,164870.40469622612,0.40088832,0.51679075,0.61118764,0.5657252,2.805842418880974,0.0,0.0
129891,1337270,-0.0038747191,0.023470897,0.02958662,0.05587834,10,0.0,240559,2518290,0.69982034,0.6881021,0.6783295,0.6486741,0.6959456,0.711573,0.70558554,0.70419776,18203,164881.5922410488,0.662236,0.61109024,0.5990416,0.5656302,3.421723349978422,0.0,0.0
129907,1337430,-0.058378875,0.025977407,0.033699125,0.054467056,10,0.0,240612,2518820,0.7396744,0.67733794,0.67464334,0.65020573,0.6812955,0.7033154,0.70530236,0.7044048,18206,164893.15271019936,0.35250786,0.6331713,0.5872566,0.56690097,3.01055239129923,0.0,0.0
129926,1337620,-0.028738499,0.050852157,0.03490141,0.054513518,10,0.0,240669,2519390,0.72050714,0.6525706,0.67447466,0.65006834,0.69176865,0.7034227,0.70563865,0.70440674,18209,164905.23830080032,0.35561845,0.5909259,0.5788079,0.56653196,3.0771914834736935,0.0,0.0
129945,1337810,0.38021246,0.044473313,0.041861393,0.053869635,10,0.0,240728,2519980,0.3347256,0.66089433,0.66622216,0.65092295,0.71493804,0.7053676,0.7041919,0.70444745,18212,164916.989590168,0.3347256,0.622543,0.5788354,0.56753385,2.742056376227846,0.0,0.0
129962,1337980,0.14420408,0.007340759,0.040031433,0.05430292,10,0.0,240771,2520410,0.5041575,0.6786517,0.66231227,0.64979386,0.64836156,0.6859924,0.7023437,0.7037489,18214,164925.8156018257,0.43818435,0.6301102,0.5753605,0.56633025,10.12502558833867,0.0,0.0
129978,1338140,-0.04804629,0.10372355,0.04892821,0.05658519,10,0.0,240831,2521010,0.72451645,0.5912827,0.65199524,0.6473222,0.67647016,0.6950063,0.70092356,0.7036071,18217,164940.5702497959,0.38180318,0.5497217,0.57362545,0.5658755,2.487332218799868,0.0,0.0
129996,1338320,0.0,0.013609019,0.04810555,0.0556635,10,0.0,240885,2521550,0.7008297,0.67632496,0.64985293,0.6479215,0.7008297,0.68993396,0.69795835,0.7032391,18220,164953.81172299385,0.7008297,0.5767359,0.5748139,0.5657219,2.7469415801798625,0.0,0.0
130014,1338500,0.2537207,0.05857069,0.05085634,0.054678902,10,0.0,240939,2522090,0.47721022,0.64570236,0.64721954,0.6489518,0.7309309,0.704273,0.6980758,0.703262,18223,164964.91553401947,0.4482238,0.62420934,0.57285154,0.5663098,3.0007738201532073,0.0,0.0
130035,1338710,0.09159714,0.035393514,0.051086277,0.05428489,10,0.0,240994,2522640,0.59066993,0.6502077,0.6448671,0.6494083,0.68226707,0.68560123,0.6959534,0.70336074,18226,164976.92953419685,0.39694,0.52842987,0.57117045,0.5673019,2.755448300427471,0.0,0.0
130058,1338940,-0.060091555,0.035357833,0.04987957,0.05313976,10,0.0,241043,2523130,0.7462284,0.67148864,0.6476462,0.65076125,0.68613684,0.70130104,0.69703084,0.70351,18229,164988.62814569473,0.5596598,0.56206024,0.5671293,0.56795335,3.2020970765155647,0.0,0.0
130077,1339130,0.0006464124,0.08266746,0.040155854,0.0526894,10,0.0,241100,2523700,0.7008454,0.6160527,0.6583751,0.6511349,0.70149183,0.69872016,0.69853103,0.70354754,18232,165000.65997600555,0.69822294,0.5808637,0.5775474,0.5696863,3.2448097251209442,0.0,0.0
130093,1339290,0.009333193,0.047166772,0.035499424,0.051778242,10,0.0,241154,2524240,0.7040445,0.6587859,0.66527104,0.6517671,0.7133777,0.7059525,0.7007705,0.7033914,18235,165013.96604704857,0.45531815,0.55105865,0.5811894,0.57066345,2.8621330462400243,0.0,0.0
130109,1339450,0.33147758,0.05884596,0.045563266,0.050910693,10,0.0,241196,2524660,0.38656682,0.668203,0.65725714,0.6527729,0.7180444,0.69249356,0.6994873,0.7033567,18237,165024.50021481514,0.37826112,0.55651486,0.58198696,0.57133096,2.4703361751919775,0.0,0.0
130120,1339560,-0.033425808,0.020874381,0.038695626,0.050423935,10,0.0,241241,2525110,0.70645267,0.68486106,0.6623936,0.65339357,0.67302686,0.7057355,0.7010894,0.70341957,18239,165034.70111751556,0.49624574,0.6104781,0.5868328,0.5729074,2.2955250794481987,0.0,0.0
130136,1339720,0.24173051,0.041052863,0.039684273,0.04943,10,0.0,241287,2525570,0.50335604,0.6607436,0.6621431,0.6544673,0.74508655,0.7017965,0.7018275,0.70356786,18241,165044.83780813217,0.50335604,0.5664156,0.582609,0.5743102,7.077578577111582,0.0,0.0
130148,1339840,-0.051208615,0.030923268,0.03896068,0.049095046,10,0.0,241346,2526160,0.72970694,0.6828617,0.66507256,0.65487194,0.6784983,0.71378493,0.7040332,0.70363176,18244,165057.98614001274,0.5772142,0.5949327,0.58943564,0.5749004,2.6998330267221613,0.0,0.0
130173,1340090,-0.059031367,0.021882217,0.035048865,0.04874867,10,0.0,241404,2526740,0.74759513,0.69832593,0.6712968,0.6553347,0.68856376,0.7202081,0.7063456,0.70376635,18247,165070.4660255909,0.68856376,0.6104194,0.5960201,0.57547534,2.9370877153620683,0.0,0.0
130191,1340270,0.2500982,0.0053795516,0.03181871,0.047565874,10,0.0,241459,2527290,0.40635183,0.72144794,0.6788399,0.6566622,0.65645003,0.7268275,0.71065867,0.70386094,18250,165082.3973786831,0.40635183,0.6316362,0.60152483,0.5758192,3.5542756345201756,0.0,0.0
130208,1340440,0.06754547,0.034508757,0.026691955,0.04582592,10,0.0,241511,2527810,0.6500822,0.66239953,0.6820762,0.6582822,0.71762764,0.69690824,0.7087681,0.7037174,18253,165094.7588341236,0.5289979,0.6189833,0.6072294,0.578049,2.979791600211142,0.0,0.0
130226,1340620,-0.016932368,-0.012822067,0.028358156,0.045015436,10,0.0,241569,2528390,0.73859763,0.72487175,0.6808161,0.6592068,0.72166526,0.7120498,0.70917434,0.7038292,18256,165106.5902349949,0.6654776,0.6816814,0.6098267,0.5798336,2.621517170911719,0.0,0.0
130248,1340840,-0.08972329,0.041268863,0.03212241,0.04435885,10,0.0,241629,2528990,0.76702166,0.6983367,0.67876,0.66016257,0.67729837,0.7396056,0.71088254,0.70424765,18259,165119.2882695198,0.6763134,0.6078211,0.61322194,0.58095974,2.214758324754451,0.0,0.0
130267,1341030,0.3740157,0.048938632,0.047020327,0.043428667,10,0.0,241685,2529550,0.33232462,0.64811915,0.659253,0.66109055,0.7063403,0.69705784,0.7062733,0.7043579,18262,165131.26295351982,0.33232462,0.57077265,0.59481406,0.5828659,2.6895386134028705,0.0,0.0
130285,1341210,0.031050324,0.032962672,0.049249638,0.042463936,10,0.0,241734,2530040,0.6893475,0.6645252,0.6534895,0.66195506,0.72039783,0.69748795,0.702739,0.70440066,18265,165142.86872768402,0.6893475,0.589166,0.58946335,0.5841867,3.0737533751858206,0.0,0.0
130299,1341350,-0.052866817,-0.00757125,0.04939531,0.041264366,10,0.0,241775,2530450,0.7280883,0.7102523,0.65370995,0.6635832,0.6752215,0.702681,0.7031054,0.70453554,18267,165152.8777794838,0.6666573,0.60266715,0.58755505,0.58565307,2.51932922465364,0.0,0.0
130314,1341500,0.053227484,0.025780056,0.048644252,0.04027742,10,0.0,241818,2530880,0.59619325,0.6740451,0.6548736,0.66425574,0.64942074,0.69982517,0.70351785,0.7042322,18269,165162.4092578888,0.56089634,0.65290827,0.597036,0.5888585,8.624173859297159,0.0,0.0
130333,1341690,0.028770328,-0.006166893,0.045057215,0.03938803,10,0.0,241870,2531400,0.62507117,0.70519364,0.65636027,0.66510904,0.6538415,0.6990267,0.70141745,0.70411307,18272,165176.3819668293,0.3336709,0.5721016,0.58638173,0.58881724,2.7633377382777815,0.0,0.0
130352,1341880,0.0724445,0.05266577,0.038100153,0.03828034,10,0.0,241922,2531920,0.7020047,0.6443192,0.6579578,0.6653655,0.77444917,0.69698495,0.6960579,0.70357144,18275,165189.91332745552,0.69212234,0.56558883,0.58956146,0.58930117,2.938945691463339,0.0,0.0
130367,1342030,-0.010507584,0.058089994,0.029436106,0.037785422,10,0.0,241964,2532340,0.70901775,0.62945235,0.66753167,0.6659442,0.69851017,0.6875423,0.6969677,0.70352966,18277,165199.71666955948,0.6717064,0.62011206,0.6030073,0.59066045,10.357357252797753,0.0,0.0
130383,1342190,-0.022224247,0.031087881,0.027611308,0.037228316,10,0.0,242018,2532880,0.75298655,0.66894454,0.66903657,0.666004,0.7307623,0.7000325,0.69664794,0.7031891,18280,165213.44116520882,0.461328,0.63377035,0.60729265,0.591459,2.9696611695099784,0.0,0.0
130401,1342370,0.04489088,0.03728995,0.038105737,0.0368386,10,0.0,242075,2533450,0.6989041,0.6754711,0.6581037,0.66674626,0.743795,0.7126423,0.69615364,0.7032806,18283,165227.44896626472,0.5626051,0.5397527,0.59769297,0.5913679,2.279334908500086,0.0,0.0
130418,1342540,0.21582729,0.03032009,0.03884259,0.036748227,10,0.0,242128,2533980,0.5053708,0.6710094,0.6633815,0.66666245,0.7211981,0.70132947,0.6980122,0.70302075,18286,165240.65753126144,0.48456356,0.60449445,0.5923036,0.5920506,2.5152423794699135,0.0,0.0
130438,1342740,-0.0070201755,0.021491459,0.03865132,0.036854852,10,0.0,242186,2534560,0.7156744,0.6629477,0.6602471,0.666259,0.7086542,0.6844392,0.69884187,0.70277107,18289,165254.76955485344,0.45816368,0.5564356,0.5942022,0.5914755,2.228067687126325,0.0,0.0
130455,1342910,0.1214931,0.04590751,0.037695114,0.036286335,10,0.0,242225,2534950,0.60374796,0.65946656,0.6656608,0.6668265,0.72524107,0.70537406,0.69958407,0.70270723,18291,165264.01448202133,0.5949194,0.6076814,0.5977897,0.5927061,9.285421903727736,0.0,0.0
130473,1343090,0.0,0.011375079,0.030178342,0.036104064,10,0.0,242283,2535530,0.69085544,0.7034761,0.6731357,0.66706115,0.69085544,0.7148511,0.7033689,0.7028534,18294,165278.0160369873,0.69085544,0.54849964,0.59220237,0.59371686,2.6007142579002287,0.0,0.0
130488,1343240,0.32584354,0.000639081,0.026850842,0.035230514,10,0.0,242322,2535920,0.3222218,0.69429946,0.67768776,0.6681941,0.6480653,0.6949386,0.70444757,0.70311296,18296,165287.27931714058,0.3222218,0.58686864,0.58933187,0.59437746,9.085659821505935,0.0,0.0
130501,1343370,0.04521966,0.0087111,0.02673409,0.035454635,10,0.0,242376,2536460,0.618758,0.6991153,0.67606795,0.6681812,0.6639777,0.70782644,0.70280206,0.7032961,18299,165301.3537054062,0.47788164,0.64893234,0.59783554,0.5957788,2.295795222464715,0.0,0.0
130518,1343540,0.3034021,0.047056366,0.027023721,0.034944218,10,0.0,242415,2536850,0.4148145,0.64721,0.6742325,0.6686294,0.7182166,0.6942663,0.70125616,0.70320904,18301,165310.46561312675,0.4148145,0.6028193,0.6025644,0.59732836,8.081354887189072,0.0,0.0
130537,1343730,-0.013242304,0.02167661,0.029202256,0.03429317,10,0.0,242472,2537420,0.6985821,0.6975539,0.67302084,0.66924196,0.6853398,0.71923053,0.7022232,0.70316845,18304,165325.03098368645,0.6853398,0.6895803,0.59929395,0.5969376,2.1695908414107317,0.0,0.0
130554,1343900,0.33863005,0.043447904,0.030270152,0.034948565,10,0.0,242528,2537980,0.36322406,0.6447646,0.66997254,0.66836774,0.7018541,0.6882125,0.7002425,0.7029953,18307,165338.94135951996,0.36322406,0.6080581,0.60224664,0.5970126,2.6789072485695007,0.0,0.0
130570,1344060,-0.100028336,0.034972243,0.031138401,0.034392674,10,0.0,242566,2538360,0.7505546,0.67781466,0.6693633,0.669082,0.6505263,0.7127869,0.7005016,0.703171,18309,165348.11047148705,0.3438124,0.5884935,0.60665345,0.59723043,8.522666129145,0.0,0.0
130589,1344250,0.24619257,0.019999817,0.030378776,0.034580804,10,0.0,242620,2538900,0.49352705,0.6690205,0.66951704,0.6687706,0.7397196,0.6890203,0.6998958,0.7030212,18312,165361.96041584015,0.3633152,0.54389083,0.5980863,0.59700316,2.704684614007123,0.0,0.0
130602,1344380,0.12192094,0.0088260295,0.033595625,0.034395702,10,0.0,242658,2539280,0.60576963,0.6726492,0.66484046,0.6688436,0.7276906,0.6814752,0.698436,0.702851,18314,165371.32761478424,0.60576963,0.5490923,0.58750015,0.5959911,8.114752940707588,0.0,0.0
130620,1344560,0.11828095,0.06908433,0.040951986,0.034738805,10,0.0,242713,2539830,0.6159802,0.6157997,0.6576004,0.66841686,0.73426116,0.6848841,0.69855255,0.70282483,18317,165385.570622921,0.4551179,0.5537645,0.5716032,0.5954594,2.795595276999484,0.0,0.0
130637,1344730,-0.012236178,0.01105687,0.037510768,0.034381,10,0.0,242755,2540250,0.7043437,0.6905893,0.66079694,0.6686,0.6921075,0.7016462,0.69830775,0.70263314,18319,165395.1809141636,0.5804989,0.6703651,0.5802258,0.59550446,7.66682685286042,0.0,0.0
130653,1344890,0.014492571,0.06938241,0.045955133,0.035602387,10,0.0,242809,2540790,0.6376386,0.62161267,0.6525113,0.6671174,0.6521312,0.6909951,0.69846636,0.7023053,18322,165409.26440691948,0.33886617,0.55109614,0.5674175,0.5936634,2.5289158213038663,0.0,0.0
130668,1345040,0.03135252,0.013549471,0.051591024,0.036425006,10,0.0,242851,2541210,0.6436369,0.68835545,0.64527404,0.665963,0.6749894,0.7019049,0.6968651,0.7020352,18324,165418.59046816826,0.6436369,0.63555515,0.5609182,0.5923823,9.190996719179084,0.0,0.0
130684,1345200,-0.013063133,0.0340978,0.047588147,0.03629958,10,0.0,242896,2541660,0.72180325,0.66372335,0.64791155,0.66607887,0.7087401,0.69762737,0.6961844,0.7020125,18327,165432.18540024757,0.7072543,0.61175567,0.5700382,0.59183776,2.666671922482147,0.0,0.0
130700,1345360,-0.028334439,0.033044867,0.048563905,0.036471818,10,0.0,242938,2542080,0.69801337,0.66893786,0.64906234,0.66586715,0.6696789,0.7019828,0.69933593,0.7020688,18329,165441.4322435856,0.487842,0.59905857,0.58095187,0.5920475,8.49256377465277,0.0,0.0
130715,1345510,0.23438969,-0.0059886454,0.044809926,0.03682417,10,0.0,242994,2542640,0.49345323,0.7101773,0.6536693,0.6653121,0.7278429,0.7041887,0.70003587,0.7017561,18332,165455.6844584942,0.49345323,0.6240366,0.5899472,0.5912389,2.226456937663034,0.0,0.0
130726,1345620,-0.003295064,0.058473222,0.04856297,0.03669667,10,0.0,243033,2543030,0.6869045,0.6408581,0.65276563,0.66546863,0.6836094,0.6993314,0.70092225,0.7017863,18334,165465.58301210403,0.55974805,0.56512606,0.58654565,0.5902638,1.8824983385710181,0.0,0.0
130749,1345850,-0.009421289,0.04263867,0.04869459,0.037559517,10,0.0,243078,2543480,0.6870324,0.67141634,0.65351534,0.66470385,0.6776111,0.71405494,0.70205736,0.7018508,18337,165477.05484056473,0.6776111,0.58189946,0.58189535,0.5896545,5.890293993402899,0.0,0.0
130772,1346080,0.340863,0.08258766,0.05080848,0.038485277,10,0.0,243155,2544250,0.4016444,0.6164998,0.65151477,0.66357267,0.7425074,0.69908744,0.7026969,0.70175475,18341,165486.7917585373,0.4016444,0.5659311,0.5861666,0.59011257,15.376959329533976,0.0,0.0
130802,1346380,-0.056254447,0.012246561,0.04574339,0.03972001,10,0.0,243243,2545130,0.7303818,0.70303714,0.65704155,0.66210073,0.67412734,0.7152837,0.70278496,0.7014734,18346,165499.19915008545,0.37622404,0.6308485,0.5806802,0.5879055,4.392744474539533,0.0,0.0
130833,1346690,0.2901451,0.021053106,0.035722274,0.039095078,10,0.0,243303,2545730,0.36530066,0.6758057,0.66542006,0.66276026,0.65544575,0.6968587,0.7011425,0.7015448,18350,165508.95284223557,0.36530066,0.5698374,0.5848491,0.5865702,4.929735208722248,0.0,0.0
130854,1346900,0.00029790401,0.007357514,0.038928557,0.039607745,10,0.0,243382,2546520,0.695123,0.68390703,0.66013336,0.6615709,0.6954209,0.6912645,0.6990619,0.7011938,18354,165518.6737947464,0.6919311,0.6066381,0.5819805,0.5870952,14.420918649771737,0.0,0.0
130888,1347240,-0.00027006865,0.038349606,0.02519646,0.039101433,10,0.0,243460,2547300,0.7179862,0.667307,0.6763655,0.66201746,0.71771616,0.7056565,0.701562,0.70109946,18359,165531.07337594032,0.71771616,0.56152576,0.5945085,0.5876913,4.7445122787878775,0.0,0.0
130913,1347490,0.1063385,0.08314197,0.035718028,0.039485358,10,0.0,243530,2548000,0.6110892,0.6217512,0.66605103,0.66166115,0.71742773,0.7048932,0.70176905,0.70110476,18363,165540.71219706535,0.56369144,0.5592709,0.5869314,0.5881683,18.249291444513382,0.0,0.0
130947,1347830,0.37416074,0.028205384,0.04154983,0.040203948,10,0.0,243615,2548850,0.32045946,0.6867866,0.66147256,0.6607849,0.6946202,0.7149919,0.7030223,0.70100534,18368,165552.7935538292,0.32045946,0.64621663,0.5898957,0.5876233,5.70670686741644,0.0,0.0
130968,1348040,0.25916672,0.1216267,0.05922622,0.039996263,10,0.0,243683,2549530,0.4368387,0.5780891,0.64473176,0.66150665,0.6960054,0.6997158,0.7039579,0.70145774,18372,165562.54715657234,0.4368387,0.5114898,0.5631004,0.5868523,17.08236859971792,0.0,0.0
130999,1348350,0.024742484,0.04754753,0.067776635,0.04076386,10,0.0,243765,2550350,0.7341799,0.6488143,0.63540196,0.6609254,0.7589224,0.69636184,0.7031786,0.7016682,18377,165574.4314904213,0.42299455,0.5744239,0.5487583,0.586447,4.8677628900485255,0.0,0.0
131031,1348670,-0.05549991,0.028107971,0.06488443,0.041768815,10,0.0,243847,2551170,0.7758647,0.6873323,0.6399511,0.659996,0.7203648,0.7154404,0.7048356,0.70175815,18382,165586.8823299408,0.65893877,0.6332892,0.56248903,0.58596045,3.939934722436969,0.0,0.0
131063,1348990,-0.047840714,0.0040932773,0.05881201,0.04162056,10,0.0,243935,2552050,0.712177,0.70933515,0.64670825,0.6604794,0.66433626,0.7134285,0.7055203,0.70210314,18387,165598.83929634094,0.40536037,0.6630128,0.57889426,0.5879485,4.601736706042638,0.0,0.0
131098,1349340,0.31331334,0.027527193,0.041793995,0.040639374,10,0.0,244017,2552870,0.42808494,0.6501398,0.6626232,0.661437,0.7413983,0.677667,0.70441717,0.70204085,18392,165610.64090371132,0.42808494,0.56782234,0.5783,0.58682805,4.610527685783984,0.0,0.0
131125,1349610,0.17527503,0.022177404,0.032382756,0.041132323,10,0.0,244083,2553530,0.5058791,0.66955787,0.67392075,0.66108227,0.68115413,0.69173527,0.7063035,0.7021609,18396,165620.24330806732,0.5058791,0.65291643,0.5880701,0.58664685,17.03853948783279,0.0,0.0
131152,1349880,-0.006177902,-0.015344304,0.03368774,0.04075112,10,0.0,244162,2554320,0.729692,0.7264921,0.66929436,0.6611589,0.7235141,0.71114784,0.702982,0.7018999,18401,165632.0238380432,0.54330176,0.67640716,0.5825536,0.58721006,4.322509635797761,0.0,0.0
131185,1350210,0.01893568,-0.028882962,0.033679973,0.040440056,10,0.0,244225,2554950,0.6894145,0.7256991,0.6653375,0.6610327,0.7083502,0.69681627,0.6990174,0.7014402,18405,165641.5667541027,0.6894145,0.65191704,0.60068434,0.58751637,19.695118744412138,0.0,0.0
131213,1350490,0.29384807,0.01165832,0.023994014,0.04102868,10,0.0,244307,2555770,0.38035378,0.69121134,0.67485636,0.66028094,0.67420185,0.70286953,0.69885033,0.7012804,18410,165653.76920199394,0.37948614,0.61724,0.617741,0.5872982,4.884449338632472,0.0,0.0
131240,1350760,-0.028977633,0.061326742,0.032605395,0.041109376,10,0.0,244368,2556380,0.72166103,0.6426551,0.6675412,0.65989107,0.6926834,0.7039819,0.7001466,0.7009226,18414,165663.2015724182,0.6892992,0.5944243,0.61957765,0.58737534,15.584601270829516,0.0,0.0
131268,1351040,-0.094947696,0.021322513,0.032308623,0.039545294,10,0.0,244452,2557220,0.7917889,0.69849765,0.66596144,0.66144484,0.6968412,0.71982014,0.6982701,0.70097387,18419,165674.99607229233,0.6968412,0.65482503,0.61122835,0.5889943,5.123886698235209,0.0,0.0
131297,1351330,0.055301607,0.036125638,0.036707565,0.03979106,10,0.0,244518,2557880,0.69573456,0.6741788,0.6641906,0.66123635,0.75103617,0.71030444,0.70089823,0.70103914,18423,165684.42308449745,0.6712993,0.6498312,0.61499095,0.59042615,18.210846695235738,0.0,0.0
131330,1351660,-0.031603694,0.019462813,0.03400172,0.03999724,10,0.0,244599,2558690,0.7373145,0.68075955,0.6665863,0.6610641,0.7057108,0.7002224,0.7005879,0.70108473,18428,165696.34217715263,0.5574047,0.57934225,0.60628444,0.5890177,5.202411094398064,0.0,0.0
131358,1351940,0.018471599,0.06398967,0.024067318,0.03937249,10,0.0,244666,2559360,0.7379197,0.6387819,0.67965436,0.6619647,0.7563913,0.7027716,0.70372176,0.7013622,18432,165705.82629799843,0.70237494,0.6186199,0.6161354,0.58998376,19.067921706259817,0.0,0.0
131387,1352230,-0.004977107,-0.026184952,0.017241368,0.03811952,10,0.0,244749,2560190,0.68566227,0.73443586,0.68487555,0.66351646,0.68068516,0.70825094,0.7021169,0.7016386,18437,165717.83459091187,0.65419245,0.6354252,0.61059636,0.59009635,5.9357026306814245,0.0,0.0
131418,1352540,-0.0486691,0.04109811,0.011521029,0.03756965,10,0.0,244831,2561010,0.74741095,0.6631902,0.6943834,0.66419727,0.69874185,0.7042883,0.70590436,0.7017963,18442,165729.6159245968,0.5028306,0.5867589,0.62716275,0.5919299,4.693007366391014,0.0,0.0
131449,1352850,0.004668772,0.02046904,0.012602556,0.03707428,10,0.0,244916,2561860,0.660843,0.68200654,0.6962591,0.66513026,0.6655118,0.70247555,0.7088617,0.70219874,18447,165741.5155005455,0.66066504,0.6519743,0.64184797,0.5941697,4.76008860794977,0.0,0.0
131482,1353180,-0.00011909008,-0.024391484,0.009766647,0.036697876,10,0.0,244994,2562640,0.72378194,0.7168895,0.6970074,0.66512865,0.72366285,0.692498,0.70677406,0.7018024,18452,165753.49987602234,0.67128414,0.60289496,0.64030504,0.59465164,4.280360650886064,0.0,0.0
131514,1353500,-0.03069067,0.02189831,0.007877622,0.035755176,10,0.0,245075,2563450,0.7736938,0.6825493,0.6961613,0.6662586,0.74300313,0.7044476,0.70403886,0.7019952,18457,165765.30093169212,0.7316633,0.60433185,0.62770915,0.59458214,5.183157072630614,0.0,0.0
131546,1353820,0.009971738,0.03717836,0.01911479,0.03600783,10,0.0,245154,2564240,0.68214494,0.66006213,0.6814109,0.6660919,0.6921167,0.6972405,0.70052564,0.70214534,18462,165777.23405337334,0.6804466,0.6478577,0.61778915,0.59543115,4.409727106669602,0.0,0.0
131579,1354150,-0.023462892,0.024323743,0.019136228,0.03541221,10,0.0,245236,2565060,0.71948326,0.68074566,0.68487215,0.6668353,0.69602036,0.7050694,0.7040083,0.7021998,18467,165789.20852565765,0.6809892,0.6418298,0.6301663,0.59741247,4.94386339989856,0.0,0.0
131604,1354400,-0.021561563,0.0274521,0.023202056,0.034259584,10,0.0,245301,2565710,0.7003179,0.6817421,0.684666,0.6681802,0.67875636,0.7091941,0.70786804,0.70275307,18471,165798.65095090866,0.67875636,0.6738702,0.65144783,0.60155874,15.618254084692913,0.0,0.0
131639,1354750,2.1457672e-05,-0.0102840755,0.0075254524,0.033171725,10,0.0,245388,2566580,0.68309075,0.7080808,0.7017775,0.66978127,0.6831122,0.6977967,0.70930284,0.7031406,18476,165810.9308257103,0.68309075,0.6342054,0.6714774,0.60384053,5.481468451364773,0.0,0.0
131666,1355020,0.19722795,0.007875169,0.005440986,0.03113412,10,0.0,245475,2567450,0.5104738,0.67361635,0.702628,0.67219436,0.70770174,0.6814915,0.70806885,0.70333457,18481,165822.8742518425,0.5104738,0.6301828,0.67164755,0.60749465,4.413024528177813,0.0,0.0
131694,1355300,0.090890706,-0.009890539,0.004773941,0.030058825,10,0.0,245542,2568120,0.58879024,0.7109786,0.7002939,0.6732999,0.67968094,0.7010881,0.705068,0.70335877,18485,165832.2681503296,0.58879024,0.66416085,0.66607916,0.6090916,15.585220900964103,0.0,0.0
131724,1355600,0.00030738115,-0.0062897326,-0.0010262892,0.028709807,10,0.0,245622,2568920,0.6413207,0.69690096,0.702318,0.6743826,0.6416281,0.69061124,0.7012918,0.70309246,18490,165844.15165925026,0.5935293,0.68013304,0.65948164,0.6111692,4.519812780811003,0.0,0.0
131754,1355900,0.030006528,0.016735937,0.003010472,0.027575605,10,0.0,245690,2569600,0.637043,0.65950215,0.6924043,0.67506164,0.6670495,0.6762382,0.6954149,0.7026372,18494,165853.80837774277,0.57617044,0.6220542,0.65299803,0.6130331,23.72745164482002,0.0,0.0
131784,1356200,0.024650455,-0.007024759,0.0003340143,0.026007026,10,0.0,245767,2570370,0.68121845,0.70670044,0.69704,0.67690194,0.7058689,0.69967574,0.6973741,0.70290893,18499,165865.6457412243,0.68121845,0.6397277,0.6543657,0.6149164,5.622777327344719,0.0,0.0
131807,1356430,0.03150761,-0.0059660017,0.0037264896,0.025223415,10,0.0,245833,2571030,0.6611298,0.70483196,0.6950991,0.67764676,0.6926374,0.698866,0.69882554,0.70287013,18503,165875.22645568848,0.6611298,0.6813146,0.65332586,0.6167541,16.8364060691768,0.0,0.0
131833,1356690,0.026288748,0.0003223598,-0.0019965344,0.023746721,10,0.0,245898,2571680,0.74002844,0.70805377,0.70465505,0.67951566,0.7663172,0.70837617,0.7026586,0.70326245,18507,165885.87393188477,0.74002844,0.65935326,0.6509516,0.61902183,11.396769301709092,0.0,0.0
131866,1357020,-0.0127696395,-0.025385004,-0.0070320736,0.02323166,10,0.0,245987,2572570,0.7529053,0.7456339,0.71262854,0.68001413,0.74013567,0.7202488,0.70559645,0.70324576,18512,165899.00455641747,0.7370264,0.6464824,0.64850736,0.6192984,4.091637052248681,0.0,0.0
131894,1357300,-0.026731014,-0.009641534,-0.009346368,0.021940053,10,0.0,246054,2573240,0.7008982,0.70004123,0.71333385,0.6812877,0.67416716,0.69039977,0.7039874,0.70322776,18516,165909.4180583954,0.6224565,0.62642944,0.6428559,0.62063,4.804094982237935,0.0,0.0
131917,1357530,-0.008069634,-0.016043067,-0.009781581,0.020538727,10,0.0,246127,2573970,0.7311616,0.7187179,0.7124296,0.6826284,0.72309196,0.70267475,0.7026479,0.70316714,18520,165919.5562415123,0.6445532,0.64454687,0.6429069,0.6226088,4.1155916632045475,0.0,0.0
131988,1358240,-0.027991652,0.0,0.0,0.0,10,0.0,246322,2575920,0.76343125,0.6871178,0.6871178,0.6871178,0.7354396,0.6871178,0.6871178,0.6871178,18530,165965.52897572517,0.7132776,0.6871178,0.6871178,0.6871178,0.5184974400333614,0.0,nan
132090,1359260,0.015984714,0.0022025108,-0.002317683,-0.0030537783,10,0.0,246348,2576180,0.6898151,0.6934396,0.7067289,0.7056442,0.7057998,0.6956421,0.70441115,0.70259047,18530,165965.52897572517,0.5804008,0.6758904,0.66113716,0.66268575,30.647145689068736,0.0,0.0
132198,1360340,-0.051817775,0.022368276,7.354438e-05,-0.0013269113,10,0.0,246376,2576460,0.71296954,0.6686129,0.7034199,0.7039827,0.66115177,0.69098115,0.7034936,0.70265573,18530,165965.52897572517,0.6520059,0.5954898,0.6615923,0.6611086,43.42729819780457,0.0,0.0
132303,1361390,0.022254586,-0.0062104585,-0.0008109087,-0.0011543793,10,0.0,246400,2576700,0.713965,0.7243258,0.7026462,0.703655,0.7362196,0.7181153,0.70183533,0.7025006,18530,165965.52897572517,0.70284116,0.70323396,0.65495086,0.6600853,22.258955741110064,0.0,0.0
132418,1362540,-0.01530385,-0.014052058,-0.00708908,-0.0029314158,10,0.0,246428,2576980,0.7313317,0.7235486,0.71418184,0.70673263,0.71602786,0.70949656,0.7070928,0.70380116,18530,165965.52897572517,0.71602786,0.67804253,0.66773736,0.6613359,29.32212359560773,0.0,0.0
132526,1363620,-0.008612931,0.012502665,-0.003136587,-0.0032997087,10,0.0,246457,2577270,0.67524153,0.6742946,0.7060094,0.70686936,0.6666286,0.68679726,0.70287275,0.70356965,18530,165965.52897572517,0.65108997,0.6247127,0.658916,0.6611565,19.5103145054303,0.0,0.0
132627,1364630,0.06627494,0.013592431,-0.0059901844,-0.0035388274,10,0.0,246481,2577510,0.62737745,0.68635553,0.7138546,0.7077914,0.6936524,0.699948,0.7078644,0.7042526,18530,165965.52897572517,0.62737745,0.61943626,0.66182816,0.66100556,33.64109145157927,0.0,0.0
132729,1365650,-0.021386027,0.00163455,-0.0014796135,-0.0032796282,10,0.0,246509,2577790,0.7398899,0.7032193,0.7068625,0.70767677,0.7185039,0.70485395,0.7053828,0.70439714,18530,165965.52897572517,0.69517154,0.6762695,0.65475625,0.66025084,27.964282452117804,0.0,0.0
132835,1366710,-0.0032299757,-0.015919173,0.00019072741,-0.002898592,10,0.0,246536,2578060,0.7204749,0.72661614,0.7027793,0.7071917,0.7172449,0.71069694,0.7029699,0.70429313,18530,165965.52897572517,0.68176407,0.69513786,0.6632764,0.66099375,22.034624529683647,0.0,0.0
132918,1367540,-0.043983996,-0.0027792393,-0.003965257,-0.0031167434,10,0.0,246560,2578300,0.6820127,0.69209284,0.7052738,0.70708835,0.6380287,0.68931365,0.70130837,0.70397156,18530,165965.52897572517,0.6142599,0.68250716,0.67112184,0.66202056,10.05558942604583,0.0,0.0
132977,1368130,0.19830197,0.008356208,-0.0012237495,-0.0029600735,10,0.0,246573,2578430,0.50488853,0.6909462,0.7022637,0.7067822,0.7031905,0.6993024,0.7010401,0.70382214,18530,165965.52897572517,0.50488853,0.6612361,0.67477995,0.66254884,20.523672932930523,0.0,0.0
133058,1368940,-0.05089557,-0.005877429,-0.0043460405,-0.0031481523,10,0.0,246597,2578670,0.76059467,0.7076343,0.7054825,0.70690745,0.7096991,0.70175683,0.70113647,0.7037594,18531,165965.52897572517,0.7096991,0.6462085,0.66555357,0.6636208,14.777886217818851,0.0,0.0
133115,1369510,-0.096401036,-0.008143967,0.00012153447,-0.0027462796,10,0.0,246659,2579290,0.75416106,0.73791474,0.708687,0.70692897,0.65776,0.7297708,0.70880854,0.7041827,18532,165979.82886838913,0.47097126,0.6725551,0.65920264,0.66247374,1.9644944994628009,0.0,0.0
133140,1369760,-0.052920878,-0.009748315,0.0037765503,-0.0026354326,10,0.0,246924,2581940,0.73968023,0.706563,0.7023439,0.7066365,0.68675935,0.69681466,0.70612043,0.704001,18543,166006.26393032074,0.68675935,0.67954326,0.6576547,0.66231656,0.5470842055741779,0.0,0.0
133168,1370040,-0.02857852,0.0059665083,0.0057183276,-0.0025908125,10,0.0,246997,2582670,0.766264,0.6910906,0.70177436,0.70666367,0.7376855,0.6970571,0.7074928,0.7040729,18547,166016.3817241192,0.7376855,0.6669124,0.66311836,0.66273975,4.676313623888188,0.0,0.0
133196,1370320,-0.005286455,-0.013610351,-0.0014715164,-0.0027026616,10,0.0,247069,2583390,0.74187756,0.7236562,0.71201116,0.7070543,0.7365911,0.7100458,0.71053964,0.70435166,18551,166026.50434422493,0.7210529,0.6981413,0.6724526,0.66346115,4.782431118713594,0.0,0.0
133219,1370550,-0.02329433,-0.0178398,-0.006168509,-0.0033911841,10,0.0,247142,2584120,0.7337261,0.722054,0.7131573,0.7079004,0.71043175,0.69788724,0.70659494,0.7044913,18555,166036.4996368885,0.6729988,0.68519944,0.6863359,0.66472924,21.896527871674973,0.0,0.0
133248,1370840,0.13926113,0.025141591,-0.0035851789,-0.0030020776,10,0.0,247215,2584850,0.6009,0.6790861,0.7117468,0.7075477,0.7401611,0.7042276,0.7081616,0.70454574,18559,166046.34168982506,0.5064291,0.5886161,0.6730603,0.66402626,11.497288574458736,0.0,0.0
133274,1371100,-0.027390838,0.02877888,-0.00075852155,-0.0024458996,10,0.0,247306,2585760,0.68302476,0.6967889,0.70857155,0.7072976,0.6556339,0.7255678,0.7078131,0.7048517,18564,166059.11133241653,0.6534758,0.6877104,0.66512483,0.6639692,4.682706546650399,0.0,0.0
133303,1371390,0.019802809,0.034104783,0.0065783835,-0.0021999665,10,0.0,247383,2586530,0.67620033,0.6650139,0.6985912,0.707106,0.69600314,0.6991187,0.7051696,0.704906,18568,166069.16333842278,0.5070064,0.619164,0.65039563,0.66396546,4.395515306424543,0.0,0.0
133333,1371690,0.032432318,0.02841782,0.014527908,-0.0015158661,10,0.0,247478,2587480,0.68947625,0.6779239,0.69215846,0.7062775,0.72190857,0.70634174,0.7066863,0.70476156,18573,166081.50315451622,0.6871545,0.66555744,0.64809996,0.66383445,4.341549833373788,0.0,0.0
133359,1371950,-0.12386143,0.03236588,0.01514513,-0.0010225977,10,0.0,247551,2588210,0.7982425,0.67558926,0.693144,0.70574623,0.6743811,0.70795524,0.7082891,0.70472366,18577,166092.38780117035,0.41303653,0.64223814,0.65734345,0.66350573,3.5918353924801973,0.0,0.0
133385,1372210,-0.07600671,0.008860427,0.012221286,-0.0008348626,10,0.0,247633,2589030,0.787798,0.7045204,0.6981333,0.7060861,0.7117913,0.7133808,0.7103546,0.7052513,18581,166102.70671868324,0.7114748,0.6840967,0.6572239,0.663334,5.310195355194543,0.0,0.0
133411,1372470,0.0036906004,0.007962537,0.008573247,-0.00052186335,10,0.0,247707,2589770,0.67938954,0.6988727,0.7016391,0.70553434,0.68308014,0.7068352,0.7102124,0.7050125,18585,166113.10772705078,0.6602691,0.6811564,0.66722673,0.66389614,4.1977999277798554,0.0,0.0
133436,1372720,0.028755128,0.001990968,0.004965311,-4.4037224e-05,10,0.0,247777,2590470,0.6944564,0.7083493,0.7029857,0.7050044,0.7232115,0.71034026,0.70795107,0.70496035,18589,166123.44528126717,0.66931075,0.7021922,0.6696158,0.6638837,5.648367095165394,0.0,0.0
133462,1372980,-0.11394125,-0.014903104,0.001304043,-1.8026709e-05,10,0.0,247852,2591220,0.8450719,0.74078244,0.7083715,0.70526326,0.73113066,0.7258793,0.7096756,0.70524526,18593,166133.3102529049,0.68704486,0.70055306,0.6798155,0.66480947,12.812547444075939,0.0,0.0
133495,1373310,0.06164664,0.0010027469,0.00073706626,0.0003365314,10,0.0,247942,2592120,0.63620526,0.6910307,0.7047213,0.7048555,0.6978519,0.6920334,0.7054584,0.7051921,18598,166145.67523169518,0.63507754,0.6711439,0.6786189,0.66504616,4.565045496404008,0.0,0.0
133524,1373600,0.00042021275,0.0039106845,0.004549571,0.00066754076,10,0.0,248017,2592870,0.76213276,0.699245,0.70060915,0.70447624,0.762553,0.70315564,0.70515877,0.7051438,18602,166155.77350211143,0.67803746,0.6660896,0.67778105,0.66539246,5.53264538630077,0.0,0.0
133547,1373830,0.007356763,-0.0022227585,0.0043454044,0.00017242598,10,0.0,248084,2593540,0.7234762,0.7279555,0.70139605,0.7051485,0.73083293,0.7257328,0.70574135,0.7053209,18606,166165.66434931755,0.695339,0.7069792,0.67361796,0.66640604,14.415441895441662,0.0,0.0
133579,1374150,-0.052859247,0.009697372,0.0059640543,0.0007633734,10,0.0,248181,2594510,0.70060575,0.7047079,0.6997991,0.7047435,0.6477465,0.71440524,0.7057631,0.705507,18611,166178.2235941887,0.6377345,0.6698247,0.6722338,0.6671025,4.673403575641142,0.0,0.0
133598,1374340,-0.032878697,0.0060620545,0.006295327,0.0010849956,10,0.0,248246,2595160,0.69170535,0.6888784,0.6979443,0.70387363,0.65882665,0.69494045,0.7042396,0.7049587,18614,166188.67197871208,0.65260994,0.66896707,0.67033654,0.6665527,3.8474297381277234,0.0,0.0
133627,1374630,0.0013892055,0.025761187,0.0065567535,0.0018230337,10,0.0,248319,2595890,0.67712533,0.6726635,0.69791716,0.70315063,0.67851454,0.6984247,0.704474,0.70497364,18618,166198.9228594303,0.65324295,0.64286983,0.6713179,0.66635704,5.034382919291152,0.0,0.0
133649,1374850,0.3385466,0.028057525,0.0085257795,0.0017536328,10,0.0,248387,2596570,0.35782287,0.6668893,0.6963999,0.70340425,0.69636947,0.6949469,0.7049258,0.7051578,18622,166208.9033536911,0.35782287,0.63102615,0.6696015,0.66728884,14.490264001489688,0.0,0.0
133682,1375180,0.013041198,0.00028844475,0.008735988,0.0019698718,10,0.0,248482,2597520,0.67806625,0.7064041,0.69354767,0.7028158,0.69110745,0.7066925,0.7022837,0.7047857,18627,166221.52057552338,0.66974044,0.6896691,0.65891576,0.6665786,4.226032204585588,0.0,0.0
133708,1375440,0.066499054,0.030417848,0.013076117,0.0028573298,10,0.0,248551,2598210,0.6689521,0.6792556,0.69304323,0.7019734,0.73545116,0.70967346,0.70611924,0.7048307,18631,166231.522687912,0.6689164,0.6763271,0.65808624,0.666733,4.871535626939428,0.0,0.0
133732,1375680,0.051395953,0.020524964,0.01229144,0.003085823,10,0.0,248629,2598990,0.63969576,0.67624927,0.6921837,0.7017311,0.6910917,0.69677424,0.7044751,0.7048169,18635,166241.87059998512,0.63969576,0.6390828,0.6556712,0.6670053,3.9579610824927838,0.0,0.0
133754,1375900,0.055389106,-0.0068528415,0.01224491,0.0033919443,10,0.0,248699,2599690,0.66011107,0.69193065,0.6906867,0.7012301,0.7155002,0.6850778,0.7029316,0.70462203,18639,166252.779399395,0.6544048,0.59944165,0.6615363,0.6662721,4.325479351922265,0.0,0.0
133783,1376190,-0.02057302,-0.0072455048,0.013641349,0.0040417234,10,0.0,248778,2600480,0.73060244,0.7187123,0.6893599,0.70055723,0.7100294,0.7114668,0.70300126,0.7045991,18643,166263.07073545456,0.6690601,0.69366777,0.65404433,0.66528004,3.9224848234500085,0.0,0.0
133811,1376470,0.056964934,0.027981982,0.011729088,0.004117474,10,0.0,248851,2601210,0.6500694,0.66602874,0.68861043,0.70056933,0.70703435,0.69401073,0.70033956,0.70468676,18647,166273.56846308708,0.6500694,0.6070472,0.64899653,0.66538966,5.330185100581843,0.0,0.0
133832,1376680,0.05300796,0.009311885,0.0080251675,0.003869351,10,0.0,248928,2601980,0.6745538,0.725494,0.7001901,0.7014415,0.7275618,0.73480594,0.70821524,0.7053109,18651,166284.44793057442,0.67185503,0.70154333,0.655381,0.6661956,4.249939964069636,0.0,0.0
133858,1376940,-0.02185899,0.0055749295,0.0068773907,0.0041741417,10,0.0,249010,2602800,0.69861805,0.6970621,0.7006774,0.7011233,0.67675906,0.70263696,0.70755476,0.70529747,18655,166294.9392824173,0.6752109,0.6493927,0.6578548,0.66592735,4.145968229397568,0.0,0.0
133886,1377220,0.005741775,0.0037648857,0.0069714175,0.0048208605,10,0.0,249082,2603520,0.6805888,0.6908081,0.69712335,0.7002265,0.68633056,0.69457304,0.70409477,0.70504737,18659,166305.24163627625,0.67903256,0.6628491,0.6582633,0.66510856,4.386792965909747,0.0,0.0
133914,1377500,-0.00064116716,0.01524654,0.0072849714,0.00514359,10,0.0,249155,2604250,0.7331595,0.6924697,0.69699854,0.699694,0.7325183,0.7077163,0.7042835,0.70483756,18663,166315.74298882484,0.66583306,0.6825168,0.6548994,0.6638742,5.026542029283897,0.0,0.0
133940,1377760,0.2123326,0.011456221,0.010208404,0.005244812,10,0.0,249246,2605160,0.53214926,0.6877881,0.6880659,0.6996283,0.74448186,0.6992444,0.69827425,0.704873,18668,166328.12780737877,0.53214926,0.66076386,0.6489522,0.6634147,4.602921447082586,0.0,0.0
133964,1378000,0.09049332,0.010342819,0.008679601,0.0056432276,10,0.0,249326,2605960,0.62622964,0.6852737,0.6900384,0.6992519,0.71672297,0.69561654,0.698718,0.70489514,18672,166338.09814214706,0.57339966,0.6791238,0.65107393,0.66293883,4.2421096057804215,0.0,0.0
133992,1378280,0.26407874,0.027114157,0.009803971,0.0061492603,10,0.0,249395,2606650,0.4197352,0.6797114,0.6952196,0.6991725,0.6838139,0.70682555,0.7050235,0.7053217,18676,166348.14886116982,0.4197352,0.5820799,0.6532808,0.6623098,4.807378940828022,0.0,0.0
134023,1378590,0.010571599,0.042491782,0.013598311,0.006745226,10,0.0,249471,2607410,0.6363822,0.65926373,0.6904644,0.6987405,0.6469538,0.7017555,0.7040627,0.7054857,18680,166358.10512399673,0.5733046,0.6252409,0.65068114,0.6617632,4.8944090855306595,0.0,0.0
134045,1378810,0.06809175,0.0031606257,0.014802153,0.0073265554,10,0.0,249541,2608110,0.6075096,0.7195816,0.6913939,0.69811654,0.67560136,0.7227423,0.706196,0.70544314,18684,166368.271371603,0.59572273,0.5948637,0.64202315,0.66038007,24.69623012344865,0.0,0.0
134070,1379060,-0.07142568,-0.00017419457,0.015690226,0.007776961,10,0.0,249617,2608870,0.7323405,0.70134634,0.68997633,0.6977102,0.66091484,0.7011722,0.7056665,0.7054872,18688,166378.41693258286,0.6564084,0.6517004,0.6369014,0.6598539,18.572344533201083,0.0,0.0
134098,1379340,0.08266109,-0.0025986016,0.013410716,0.0073310332,10,0.0,249697,2609670,0.5917779,0.7056974,0.69047135,0.69793886,0.674439,0.70309883,0.703882,0.7052699,18692,166388.61938285828,0.58006066,0.64057666,0.64340055,0.65980196,20.69543258164457,0.0,0.0
134122,1379580,-0.039100826,0.0032014488,0.008181262,0.007385208,10,0.0,249773,2610430,0.73657966,0.7074768,0.69592726,0.6976096,0.69747883,0.71531224,0.7045,0.70502883,18696,166398.89901161194,0.6810796,0.6960805,0.64442015,0.6602196,13.694675919426027,0.0,0.0
134146,1379820,0.0,0.027016455,0.008441243,0.007832669,10,0.0,249844,2611140,0.69977945,0.6749075,0.6927529,0.69721144,0.69977945,0.70192397,0.70119417,0.7050441,18700,166409.81391692162,0.69977945,0.6360969,0.6517843,0.6596255,4.137957841863134,0.0,0.0
134177,1380130,0.0050860643,-0.00017739534,0.009032648,0.008145687,10,0.0,249922,2611920,0.69194895,0.72015417,0.69597924,0.69699126,0.697035,0.7199768,0.7050119,0.705137,18704,166420.89574456215,0.67319906,0.69953555,0.6531732,0.6588632,4.171051638431237,0.0,0.0
134201,1380370,0.035948336,-0.0039674104,0.010342265,0.008599952,10,0.0,250000,2612700,0.72745764,0.7293296,0.69818705,0.6967057,0.763406,0.7253622,0.70852935,0.70530564,18708,166432.10635471344,0.649492,0.7044742,0.663948,0.6588551,4.616079322134851,0.0,0.0
134217,1380530,0.0045463443,0.008485812,0.010824301,0.009173168,10,0.0,250069,2613390,0.6733689,0.6978658,0.6992064,0.6961625,0.6779152,0.7076701,0.71033883,0.70538926,18711,166442.1244213581,0.67282766,0.62962794,0.6615903,0.6575939,25.125763482703178,0.0,0.0
134242,1380780,-0.037264943,0.012351018,0.014366963,0.009887696,10,0.0,250145,2614150,0.7486798,0.70766556,0.7003165,0.69579786,0.7114149,0.7200166,0.71468335,0.70568556,18715,166453.3318924904,0.6475376,0.6840414,0.6586635,0.6575925,4.535272106335231,0.0,0.0
134273,1381090,-0.038998127,0.019804846,0.021799026,0.010504797,10,0.0,250217,2614870,0.73846227,0.6860901,0.69040644,0.6950616,0.69946414,0.70589495,0.7122054,0.70556647,18719,166463.87939977646,0.6992391,0.62073594,0.65422684,0.65775865,4.6300275595827225,0.0,0.0
134293,1381290,-0.024971664,0.07221278,0.026728397,0.010758183,10,0.0,250288,2615580,0.74816954,0.6379448,0.6830349,0.6948598,0.7231979,0.7101576,0.70976335,0.70561796,18723,166474.4340069294,0.71815133,0.62729686,0.6431746,0.65775985,4.477646803112902,0.0,0.0
134322,1381580,0.12998646,0.015570546,0.024025142,0.010624371,10,0.0,250366,2616360,0.5788611,0.68823946,0.6835531,0.6947827,0.7088476,0.70381,0.7075782,0.705407,18727,166484.86674427986,0.56172526,0.63359743,0.64505655,0.6575073,4.911128942683879,0.0,0.0
134350,1381860,0.055247188,-0.004164177,0.027437039,0.011127962,10,0.0,250436,2617060,0.7059574,0.70119584,0.67450744,0.69395584,0.7612046,0.69703156,0.70194453,0.7050837,18731,166495.47393465042,0.6696015,0.62002337,0.63410753,0.6560846,4.678558684494468,0.0,0.0
134376,1382120,-0.0052785873,0.024647135,0.017464645,0.011052561,10,0.0,250518,2617880,0.73236376,0.68998706,0.6854201,0.6940304,0.7270852,0.71463424,0.7028847,0.7050829,18735,166506.04127120972,0.7269601,0.628475,0.63700217,0.6558176,4.681885897516325,0.0,0.0
134398,1382340,0.06008017,0.049839176,0.02073682,0.011995916,10,0.0,250590,2618600,0.6683219,0.6512674,0.67953163,0.69277215,0.7284021,0.70110655,0.7002683,0.70476806,18739,166516.67360949516,0.6683219,0.6119896,0.6278243,0.65406024,4.2775642210236935,0.0,0.0
134425,1382610,-0.051791012,0.008305579,0.019400824,0.011946755,10,0.0,250664,2619340,0.74609923,0.71156305,0.68744993,0.69332415,0.6943082,0.71986854,0.70685077,0.7052709,18743,166527.23607611656,0.6940322,0.660705,0.617167,0.6525111,4.060220496393258,0.0,0.0
134450,1382860,-0.030121624,-0.018656116,0.016321538,0.012190439,10,0.0,250732,2620020,0.7122681,0.72834444,0.6922746,0.6930069,0.6821465,0.70968837,0.70859605,0.70519733,18747,166537.7750377655,0.49997687,0.6052381,0.6178489,0.6507616,4.38724494188054,0.0,0.0
134475,1383110,-0.060034394,0.07944366,0.027715027,0.013572442,10,0.0,250807,2620770,0.70168483,0.6180728,0.6779026,0.69129807,0.64165044,0.6975165,0.70561755,0.7048706,18751,166548.37463259697,0.32298476,0.5600606,0.6024099,0.648172,4.461720805876875,0.0,0.0
134502,1383380,0.30172563,0.027087871,0.02101188,0.014051953,10,0.0,250880,2621500,0.37477618,0.66914755,0.6857231,0.6909791,0.6765018,0.69623536,0.70673484,0.70503116,18755,166558.8290770054,0.37477618,0.62156755,0.6059067,0.64639217,4.056273475528585,0.0,0.0
134527,1383630,0.06518513,0.024922708,0.03104874,0.01465498,10,0.0,250961,2622310,0.69376695,0.6731681,0.6700984,0.69012743,0.7589521,0.69809085,0.70114714,0.7047825,18759,166570.30561327934,0.612174,0.57847977,0.5894147,0.64344007,3.3369251341833577,0.0,0.0
134546,1383820,0.1672591,0.080717474,0.037038013,0.01558057,10,0.0,251026,2622960,0.5424504,0.6233587,0.6650289,0.6893901,0.7097095,0.7040762,0.70206696,0.7049707,18762,166581.6295273304,0.4398614,0.5147478,0.58088243,0.6417855,4.019762688265367,0.0,0.0
134571,1384070,0.12523806,0.04880591,0.04066722,0.016863229,10,0.0,251112,2623820,0.55431235,0.65015805,0.6634696,0.687833,0.6795504,0.69896394,0.7041369,0.7046963,18766,166592.73162078857,0.49320737,0.5630798,0.5732515,0.6386278,4.1265522026606165,0.0,0.0
134602,1384380,-0.13300395,0.076360784,0.05186111,0.018727059,10,0.0,251179,2624490,0.827789,0.6398413,0.6537647,0.6864412,0.69478506,0.71620214,0.7056258,0.7051682,18770,166603.6689095497,0.6482885,0.5254226,0.5599196,0.6354312,4.469893495508157,0.0,0.0
134619,1384550,-0.0022571087,0.025047177,0.049642492,0.019036418,10,0.0,251245,2625150,0.7259407,0.6826265,0.65721816,0.686012,0.7236836,0.7076736,0.7068607,0.7050484,18773,166613.8664674759,0.394526,0.552692,0.56165415,0.6335674,3.3624403037745427,0.0,0.0
134643,1384790,0.1095072,0.08379318,0.05341619,0.02032892,10,0.0,251332,2626020,0.56903195,0.6207274,0.6526999,0.6846529,0.67853916,0.70452064,0.7061161,0.7049819,18777,166626.88379263878,0.43015203,0.58707815,0.564744,0.63131374,3.2469526415110845,0.0,0.0
134662,1384980,-0.04001969,-0.00471918,0.05035514,0.020776201,10,0.0,251392,2626620,0.76760703,0.73373425,0.6586821,0.6845671,0.72758734,0.729015,0.70903724,0.70534325,18780,166636.67530107498,0.6261103,0.63677037,0.5723828,0.6305069,15.29852763255848,0.0,0.0
134686,1385220,-0.057234645,0.07058708,0.05051553,0.022216925,10,0.0,251470,2627400,0.76135236,0.6389154,0.6591517,0.6831897,0.7041177,0.7095026,0.70966727,0.7054066,18784,166648.2955172062,0.6674921,0.56190765,0.5713159,0.62831163,4.26885181298044,0.0,0.0
134716,1385520,0.009230077,0.15030642,0.061454404,0.023880113,10,0.0,251548,2628180,0.78715587,0.5588058,0.64895844,0.68182886,0.79638594,0.7091123,0.7104128,0.705709,18788,166658.6352519989,0.31823024,0.48282224,0.5733394,0.62521374,4.609755443491396,0.0,0.0
134741,1385770,0.3097566,0.098345354,0.068424605,0.025243495,10,0.0,251617,2628870,0.34400132,0.5920577,0.6421308,0.68052983,0.6537579,0.69040304,0.7105555,0.70577335,18792,166669.48212385178,0.34400132,0.48261794,0.55557185,0.6220513,4.455475982221029,0.0,0.0
134763,1385990,-0.0526163,0.055148512,0.07298337,0.026907524,10,0.0,251693,2629630,0.76072186,0.6632344,0.6356425,0.67911875,0.70810556,0.71838295,0.70862585,0.7060263,18796,166680.1398179531,0.48193198,0.5311188,0.54972464,0.6201432,4.710128546644356,0.0,0.0
134789,1386250,-0.057587147,0.0793771,0.07721417,0.028473964,10,0.0,251762,2630320,0.7158587,0.636192,0.63009286,0.6774258,0.65827155,0.71556914,0.70730704,0.7058997,18800,166690.3418045044,0.46180794,0.59289867,0.544399,0.61698097,4.711178195542857,0.0,0.0
134817,1386530,0.1402694,0.10661428,0.08018967,0.030855067,10,0.0,251836,2631060,0.5654853,0.5956243,0.6211749,0.6748068,0.7057547,0.7022385,0.7013645,0.7056619,18804,166700.39909744263,0.5654853,0.46910754,0.5333168,0.61357254,4.824881238761165,0.0,0.0
134840,1386760,0.2805091,0.06761833,0.075760216,0.032653153,10,0.0,251909,2631790,0.43639165,0.6219807,0.6244032,0.6724084,0.71690077,0.68959904,0.70016336,0.70506155,18808,166710.8074119091,0.35916305,0.556321,0.54698277,0.6109128,4.2712101282054284,0.0,0.0
134866,1387020,0.30716375,0.120793045,0.0930858,0.035391044,10,0.0,251985,2632550,0.3882337,0.5843074,0.6055397,0.6698909,0.69539744,0.7051005,0.6986253,0.7052819,18812,166720.85450267792,0.3882337,0.49370307,0.5359763,0.6072069,4.097053070672072,0.0,0.0
134892,1387280,-0.02994144,0.062588036,0.093432255,0.036995683,10,0.0,252060,2633300,0.71710616,0.65040964,0.60735834,0.6687427,0.6871647,0.7129977,0.70079046,0.7057384,18816,166731.02822184563,0.4411913,0.5341269,0.53739715,0.6052655,4.8149561858116945,0.0,0.0
134921,1387570,0.112439215,0.040985066,0.08367998,0.0384843,10,0.0,252132,2634020,0.5861435,0.6590022,0.62066436,0.6673184,0.6985827,0.69998723,0.70434433,0.70580274,18820,166741.24443125725,0.40555382,0.58425933,0.5547693,0.6030752,4.64091554621686,0.0,0.0
134943,1387790,0.3104117,0.030870005,0.07550974,0.03970938,10,0.0,252204,2634740,0.408427,0.65699744,0.6266316,0.66571677,0.7188387,0.68786746,0.70214134,0.70542616,18824,166751.31385087967,0.32193166,0.5016633,0.54934436,0.6005563,27.33013570898447,0.0,0.0
134974,1388100,0.25605848,0.14078048,0.06733852,0.04178233,10,0.0,252300,2635700,0.48926684,0.5388265,0.6336385,0.6635052,0.7453253,0.67960703,0.70097697,0.7052875,18829,166763.7933590412,0.4555765,0.4379925,0.54631436,0.5956533,4.417472502068236,0.0,0.0
135002,1388380,0.19102693,0.121202074,0.0778838,0.044368993,10,0.0,252376,2636460,0.50173175,0.5800306,0.62088597,0.66101193,0.6927587,0.7012327,0.6987698,0.7053809,18833,166774.14142870903,0.42157272,0.5486219,0.52805704,0.5927985,4.81966298358032,0.0,0.0
135027,1388630,0.32343546,0.08909251,0.08316114,0.045700133,10,0.0,252453,2637230,0.35909423,0.6006039,0.61781245,0.6596589,0.6825297,0.68969643,0.7009736,0.705359,18837,166785.38978409767,0.35909423,0.5549454,0.5261084,0.59031785,3.46519536246051,0.0,0.0
135049,1388850,0.43126428,0.120275214,0.08746168,0.047286004,10,0.0,252521,2637910,0.35574645,0.5743878,0.61585027,0.6578048,0.7870107,0.694663,0.7033119,0.7050908,18840,166795.08123874664,0.35574645,0.5038756,0.5254579,0.5886087,2.8183598603259195,0.0,0.0
135073,1389090,0.29297233,0.14623114,0.09717287,0.0498823,10,0.0,252595,2638650,0.36091226,0.554554,0.6066091,0.65539247,0.6538846,0.7007851,0.70378196,0.70527476,18844,166806.67755675316,0.36091226,0.4696992,0.5264212,0.58503807,4.453874940773279,0.0,0.0
135095,1389310,0.02942288,0.021777824,0.0920478,0.051471718,10,0.0,252669,2639390,0.67526335,0.6903243,0.61186415,0.6538107,0.7046862,0.7121021,0.7039119,0.70528233,18848,166816.97559452057,0.43658683,0.50381655,0.52276564,0.5813413,4.5853454715561375,0.0,0.0
135121,1389570,-0.116237104,0.08546135,0.092484586,0.05384097,10,0.0,252752,2640220,0.7724552,0.62618244,0.6086203,0.6513279,0.6562181,0.7116438,0.70110494,0.70516896,18852,166827.4988811016,0.4048202,0.51102203,0.5095931,0.5771694,4.229577833213433,0.0,0.0
135147,1389830,0.28327274,0.053265728,0.09308389,0.055741165,10,0.0,252827,2640970,0.3767035,0.6489417,0.60600287,0.6492261,0.65997624,0.7022074,0.6990866,0.7049673,18856,166838.48769664764,0.3767035,0.5497097,0.5016751,0.5732826,3.779116300497079,0.0,0.0
135171,1390070,-0.004606545,0.071504995,0.08629335,0.057064164,10,0.0,252892,2641620,0.683762,0.6350329,0.6127074,0.6476532,0.67915547,0.70653784,0.6990006,0.70471734,18859,166849.1699807644,0.67915547,0.46039596,0.48821032,0.5694564,4.097534975016031,0.0,0.0
135192,1390280,0.16150004,0.10760498,0.08772059,0.058872636,10,0.0,252967,2642370,0.57357913,0.57355946,0.6076373,0.6452905,0.73507917,0.68116444,0.695358,0.7041631,18863,166859.89575266838,0.3548052,0.49103054,0.49241465,0.56527096,4.261463384500716,0.0,0.0
135223,1390590,0.03731686,0.02385295,0.07681397,0.0600178,10,0.0,253054,2643240,0.6908743,0.6961373,0.6208937,0.64387757,0.72819114,0.7199903,0.6977078,0.7038954,18867,166871.06534051895,0.53085387,0.5874292,0.50659543,0.5623405,4.306369957310067,0.0,0.0
135245,1390810,0.16073787,0.057408802,0.067983635,0.061210737,10,0.0,253132,2644020,0.5029652,0.6453167,0.63121355,0.6421958,0.6637031,0.70272547,0.69919723,0.7034066,18871,166881.86072349548,0.5029652,0.47920722,0.50755465,0.55821854,4.924323656067615,0.0,0.0
135273,1391090,-0.00041550398,0.038633265,0.07384359,0.062354576,10,0.0,253208,2644780,0.7572399,0.65472573,0.6229182,0.64079076,0.7568244,0.693359,0.6967618,0.7031453,18875,166892.01247310638,0.6929811,0.46017513,0.5030213,0.55424774,4.997929596263526,0.0,0.0
135296,1391320,-0.118729234,0.12987892,0.07199141,0.06368854,10,0.0,253283,2645530,0.8146959,0.5830244,0.63024646,0.6395828,0.69596666,0.7129033,0.70223784,0.7032714,18879,166902.29943680763,0.69505906,0.50772434,0.51204574,0.55166024,4.576289142902656,0.0,0.0
135325,1391610,0.34341687,0.092915036,0.076572135,0.0653221,10,0.0,253362,2646320,0.3396229,0.61484367,0.62634164,0.6381217,0.6830398,0.7077587,0.70291376,0.7034438,18883,166912.8906059265,0.3396229,0.5324394,0.50927633,0.54842764,5.059339800391305,0.0,0.0
135345,1391810,0.25721642,0.08540852,0.08028484,0.0668815,10,0.0,253447,2647170,0.4355149,0.6393268,0.6252333,0.6369077,0.6927313,0.70638263,0.70465475,0.7035354,18887,166923.10277843475,0.3975136,0.56228006,0.5291834,0.54686755,32.17462945092306,0.0,0.0
135371,1392070,0.2661245,0.09304054,0.08094726,0.068541974,10,0.0,253514,2647840,0.38934076,0.6138683,0.6268671,0.63509214,0.65546525,0.7069088,0.70781434,0.70363414,18891,166933.29449629784,0.38934076,0.52194,0.5473093,0.54436356,17.248415103154002,0.0,0.0
135400,1392360,-0.04587555,0.08603501,0.06865362,0.0688483,10,0.0,253589,2648590,0.7394853,0.624151,0.6381568,0.635061,0.6936098,0.710186,0.70681036,0.7039094,18895,166943.59578728676,0.40051365,0.5796142,0.54550207,0.54271376,5.121609255642581,0.0,0.0
135423,1392590,0.385275,0.092605785,0.0719649,0.07083491,10,0.0,253671,2649410,0.36043215,0.6117834,0.6347593,0.63255286,0.74570715,0.7043891,0.70672417,0.7033878,18899,166953.76928782463,0.36043215,0.57071054,0.5480658,0.54130435,4.194875342021583,0.0,0.0
135451,1392870,0.00080788136,0.07020099,0.07573546,0.072923005,10,0.0,253747,2650170,0.73883796,0.6376167,0.6296141,0.63025886,0.73964584,0.7078177,0.70534956,0.70318186,18903,166963.98762726784,0.38304374,0.5487473,0.53861487,0.53888893,4.921773066381505,0.0,0.0
135474,1393100,-0.06910598,0.06011633,0.07098792,0.072962016,10,0.0,253826,2650960,0.7410251,0.6475349,0.6343006,0.63062894,0.6719191,0.70765126,0.70528847,0.703591,18907,166974.6789135933,0.3984275,0.51207244,0.53877527,0.53773594,4.947892231534664,0.0,0.0
135501,1393370,0.12455374,0.12561207,0.08296319,0.07486015,10,0.0,253899,2651690,0.5734078,0.56819165,0.62143624,0.62868345,0.69796157,0.6938037,0.7043994,0.7035436,18911,166984.67671608925,0.4489205,0.5004401,0.54034907,0.5365335,22.54310101576344,0.0,0.0
135531,1393670,0.057780504,0.12426646,0.08626435,0.077033795,10,0.0,253994,2652640,0.6499875,0.56678045,0.6179857,0.62653613,0.707768,0.69104695,0.70425004,0.70356995,18916,166997.28465652466,0.41152647,0.47173738,0.53406847,0.5345516,4.4704470933115275,0.0,0.0
135562,1393980,0.070408285,0.13386798,0.09200852,0.077897504,10,0.0,254074,2653440,0.67706895,0.5731784,0.6106732,0.62547874,0.74747723,0.70704633,0.7026817,0.70337623,18920,167007.6579632759,0.4413579,0.4706861,0.5311178,0.5343701,5.307196588658809,0.0,0.0
135584,1394200,-0.124058485,0.08683462,0.098418444,0.07842603,10,0.0,254142,2654120,0.8112857,0.6328677,0.6075103,0.6253893,0.6872272,0.71970236,0.70592886,0.7038153,18924,167017.76175618172,0.5867069,0.5436202,0.5338377,0.5344363,18.248560974230234,0.0,0.0
135614,1394500,0.329243,0.09033233,0.09011004,0.079591565,10,0.0,254236,2655060,0.36725485,0.595385,0.61247474,0.62361896,0.69649786,0.6857174,0.70258486,0.7032105,18929,167030.42933392525,0.36725485,0.5349465,0.54022646,0.53399026,4.566044394977106,0.0,0.0
135641,1394770,0.30830112,0.09436415,0.09077434,0.08106099,10,0.0,254312,2655820,0.46500656,0.6039728,0.6119846,0.6219346,0.7733077,0.69833696,0.702759,0.7029955,18933,167041.03134727478,0.42065474,0.489806,0.5333607,0.5313954,4.581281154058389,0.0,0.0
135665,1395010,0.16126972,0.087233834,0.09387101,0.082436234,10,0.0,254387,2656570,0.5634068,0.6284739,0.6081107,0.6204706,0.72467655,0.71570766,0.7019818,0.7029068,18937,167051.14069867134,0.5155666,0.5452705,0.53152925,0.53051096,4.539455605686052,0.0,0.0
135690,1395260,0.21177387,0.048316795,0.08595879,0.08206062,10,0.0,254461,2657310,0.48113835,0.6600029,0.6180911,0.6211067,0.6929122,0.7083197,0.7040498,0.70316726,18941,167061.30672717094,0.40025678,0.5841458,0.53538996,0.53079295,4.341623086237597,0.0,0.0
135715,1395510,0.11093533,0.07951046,0.080149606,0.08201524,10,0.0,254541,2658110,0.55216277,0.61506695,0.6280111,0.6209187,0.6630981,0.69457734,0.7081607,0.70293385,18945,167071.53574371338,0.39036304,0.5478809,0.54577374,0.5306744,4.190085840584284,0.0,0.0
135744,1395800,0.17422432,0.117962584,0.08266412,0.08207351,10,0.0,254617,2658870,0.4931118,0.5800704,0.6273043,0.6210182,0.6673361,0.698033,0.7099683,0.70309174,18949,167083.17875242233,0.4931118,0.5372218,0.5581411,0.5319312,3.2546829040344747,0.0,0.0
135767,1396030,0.32349887,0.07377366,0.07667205,0.082993455,10,0.0,254691,2659610,0.34318075,0.62976325,0.6303025,0.61992955,0.6666796,0.70353687,0.7069746,0.70292306,18953,167095.34160757065,0.34318075,0.536379,0.55132776,0.53115284,4.395391398316416,0.0,0.0
135795,1396310,0.28568485,0.09750837,0.093158625,0.08399687,10,0.0,254768,2660380,0.37447056,0.607739,0.60940564,0.61873645,0.6601554,0.7052473,0.70256424,0.7027333,18957,167106.2887928486,0.37447056,0.5596697,0.53989,0.5300351,4.144895600967784,0.0,0.0
135822,1396580,0.26584163,0.09368008,0.10282075,0.08451041,10,0.0,254835,2661050,0.42405197,0.5900277,0.59536326,0.61806303,0.6898936,0.68370783,0.69818395,0.7025735,18961,167116.93389868736,0.42405197,0.52422655,0.52177244,0.52941245,5.011328437466583,0.0,0.0
135846,1396820,0.1419636,0.07290597,0.094758384,0.0836082,10,0.0,254912,2661820,0.5398422,0.6313027,0.60306567,0.6190776,0.6818058,0.7042087,0.6978241,0.70268583,18965,167127.1544597149,0.4885901,0.5664469,0.52088565,0.529338,15.629305992103934,0.0,0.0
135873,1397090,-0.0100438,0.12249453,0.09467397,0.0835341,10,0.0,254989,2662590,0.74991924,0.5676354,0.60078967,0.6189312,0.73987544,0.69013005,0.69546354,0.7024653,18969,167137.71686959267,0.5082592,0.50461286,0.52002364,0.52925086,4.851557608417918,0.0,0.0
135895,1397310,0.081403136,0.11581576,0.07651764,0.08265562,10,0.0,255059,2663290,0.6201601,0.59449303,0.6243649,0.619859,0.70156324,0.71030873,0.7008825,0.70251465,18973,167147.93833446503,0.47859564,0.5082739,0.5367903,0.529234,4.497231197328362,0.0,0.0
135924,1397600,-0.117124975,0.04594187,0.064376175,0.08252826,10,0.0,255129,2663990,0.78552186,0.6603948,0.6408744,0.6202533,0.6683969,0.7063366,0.70525056,0.7027816,18977,167158.00082349777,0.6479192,0.53424895,0.54035074,0.528285,5.348637267531585,0.0,0.0
135951,1397870,0.027199626,0.029264698,0.06620703,0.082817934,10,0.0,255208,2664780,0.705826,0.6705668,0.63657254,0.6200211,0.7330256,0.6998315,0.70277953,0.70283914,18981,167168.30562639236,0.40991172,0.5234921,0.53310674,0.527395,4.523226714134458,0.0,0.0
135973,1398090,0.2645538,0.07091913,0.056969486,0.082007706,10,0.0,255280,2665500,0.42416734,0.63441396,0.6501352,0.6210892,0.6887211,0.7053331,0.70710474,0.70309687,18985,167179.10579919815,0.42416734,0.48021156,0.53870654,0.5287861,5.155635688425995,0.0,0.0
136000,1398360,0.02658695,0.05778907,0.047110334,0.08009309,10,0.0,255363,2666330,0.72264314,0.6459177,0.6591467,0.6230063,0.7492301,0.7037068,0.70625705,0.70309937,18989,167189.3926012516,0.72264314,0.55726355,0.5470041,0.53067267,4.790597312434411,0.0,0.0
136028,1398640,0.1833036,0.11502663,0.050127827,0.07954842,10,0.0,255433,2667030,0.5461936,0.5847233,0.6530068,0.6234004,0.7294972,0.6997498,0.7031346,0.70294875,18993,167199.6773467064,0.39189452,0.493856,0.5389759,0.52952504,4.713479112451258,0.0,0.0
136054,1398900,-0.0006799102,0.026585937,0.04633594,0.07875108,10,0.0,255507,2667770,0.70720416,0.6740455,0.6561293,0.6240359,0.70652425,0.70063144,0.7024653,0.702787,18997,167210.0991318226,0.3940612,0.5715884,0.54238343,0.5295796,5.277547550163581,0.0,0.0
136077,1399130,0.012761056,0.041006964,0.047356434,0.07670822,10,0.0,255594,2668640,0.708462,0.68054056,0.6537104,0.62621385,0.72122306,0.7215475,0.70106673,0.7029221,19001,167220.51225233078,0.52077675,0.5802065,0.54795,0.5308467,4.560048628295671,0.0,0.0
136102,1399380,-0.008840144,0.09510447,0.061232805,0.077307254,10,0.0,255670,2669400,0.7383739,0.6122716,0.6391208,0.62550634,0.72953373,0.7073761,0.7003536,0.7028136,19005,167230.88230919838,0.42404923,0.51813674,0.53219146,0.5316266,4.894650688591494,0.0,0.0
136127,1399630,0.2758187,0.033193894,0.052027363,0.0748743,10,0.0,255739,2670090,0.37387854,0.67155325,0.6506909,0.6282268,0.64969724,0.7047471,0.70271826,0.7031012,19009,167241.25407385826,0.37387854,0.6299325,0.55883795,0.53512,4.967080378446565,0.0,0.0
136151,1399870,0.11430371,-0.0025595487,0.04911874,0.0739149,10,0.0,255822,2670920,0.62404937,0.7134012,0.65455365,0.6293809,0.7383531,0.71084166,0.70367235,0.7032957,19013,167251.4596772194,0.4163792,0.6031815,0.56020236,0.5358648,4.241927269064331,0.0,0.0
136180,1400160,0.15196139,0.07277324,0.049084768,0.07365832,10,0.0,255900,2671700,0.5002248,0.63209647,0.6540303,0.6296889,0.6521862,0.70486975,0.7031151,0.70334727,19017,167261.69532108307,0.36655647,0.522176,0.55589,0.536802,4.8790663209457765,0.0,0.0
136206,1400420,0.2285707,0.0008766353,0.04139812,0.072055146,10,0.0,255973,2672430,0.50026286,0.696679,0.658941,0.63135195,0.72883356,0.69755566,0.70033914,0.70340705,19021,167272.21890950203,0.50026286,0.63369405,0.56699187,0.53934324,4.210400360578491,0.0,0.0
136232,1400680,0.23301747,-0.0037639379,0.03752818,0.07084877,10,0.0,256050,2673200,0.41687635,0.70612985,0.6639727,0.6324995,0.6498938,0.70236593,0.70150083,0.7033483,19025,167282.22151637077,0.40526107,0.58433187,0.56321937,0.54033583,5.803701064917178,0.0,0.0
136259,1400950,0.00062817335,0.03774657,0.03366517,0.070173115,10,0.0,256124,2673940,0.7325764,0.6689361,0.66788983,0.6333855,0.73320454,0.7066826,0.7015552,0.70355856,19029,167292.4898545742,0.67667925,0.6562447,0.5869052,0.54364306,4.8101449315251985,0.0,0.0
136283,1401190,0.015863597,0.0007643521,0.02656574,0.06927428,10,0.0,256200,2674700,0.7087001,0.6971799,0.6752486,0.6343203,0.7245637,0.6979443,0.7018144,0.7035946,19033,167304.04136037827,0.6693873,0.66633785,0.6045016,0.5467555,4.071667808605488,0.0,0.0
136308,1401440,4.3153763e-05,0.024698323,0.026100293,0.067543246,10,0.0,256278,2675480,0.6944894,0.69964516,0.68029916,0.63604844,0.6945326,0.7243434,0.70639944,0.7035917,19037,167314.77053761482,0.6835534,0.61644775,0.61201274,0.54910415,4.64588185827122,0.0,0.0
136335,1401710,0.012861788,0.055302918,0.029481642,0.06646219,10,0.0,256342,2676120,0.6877253,0.6436101,0.677075,0.6372008,0.7005871,0.698913,0.7065566,0.70366293,19041,167325.2415921688,0.6877253,0.53636014,0.62151796,0.55088013,4.543282624990793,0.0,0.0
136356,1401920,-0.05582416,0.012048215,0.030692734,0.06480513,10,0.0,256417,2676870,0.7292709,0.7084857,0.6768417,0.63890266,0.6734467,0.72053385,0.7075343,0.70370775,19045,167335.80019068718,0.5259584,0.6688335,0.62415373,0.5532826,4.264319000810508,0.0,0.0
136382,1402180,0.073644996,0.050428055,0.032384228,0.064697325,10,0.0,256491,2677610,0.68812823,0.6577697,0.6773973,0.6391762,0.7617732,0.7081978,0.70978147,0.7038735,19049,167345.97865962982,0.65842384,0.613997,0.62758416,0.55578136,4.405818536290221,0.0,0.0
136409,1402450,0.0565722,-0.0027941763,0.027263546,0.06302447,10,0.0,256563,2678330,0.662879,0.6929049,0.67856264,0.64053905,0.7194512,0.6901107,0.70582604,0.7035635,19053,167356.09525203705,0.47652364,0.67399067,0.6326697,0.55826855,4.463793954115439,0.0,0.0
136438,1402740,0.05203551,0.008284539,0.01981867,0.060660318,10,0.0,256638,2679080,0.66656655,0.69802225,0.68878055,0.6432764,0.71860206,0.7063068,0.70859915,0.70393664,19057,167367.30362963676,0.66656655,0.66446996,0.65054244,0.5618458,4.150606415655974,0.0,0.0
136458,1402940,0.018125117,0.046988618,0.01788698,0.059636943,10,0.0,256720,2679900,0.67211473,0.6767634,0.69094574,0.64434606,0.69023985,0.72375214,0.7088327,0.703983,19061,167377.7341451645,0.45460287,0.6290678,0.64736605,0.5639448,4.15943174023306,0.0,0.0
136484,1403200,-0.028081715,-0.00017114877,0.008697675,0.05791768,10,0.0,256787,2680570,0.6820398,0.69951236,0.69578224,0.645881,0.6539581,0.6993412,0.70448,0.7037987,19065,167387.96054410934,0.47827247,0.65968835,0.6534988,0.566618,4.274795840804851,0.0,0.0
136513,1403490,-0.03592062,0.03458754,0.012741486,0.055591263,10,0.0,256863,2681330,0.7018467,0.6610281,0.6929909,0.6481389,0.6659261,0.6956156,0.7057324,0.7037301,19069,167398.2880511284,0.65792614,0.60683715,0.6566595,0.5702246,5.103359261159169,0.0,0.0
136538,1403740,0.004986942,0.013199115,0.017231679,0.053533506,10,0.0,256929,2681990,0.7227471,0.6970647,0.68719405,0.6504213,0.727734,0.7102638,0.70442563,0.7039548,19073,167408.5008509159,0.67055637,0.68920815,0.65237236,0.5740664,3.808781083153722,0.0,0.0
136562,1403980,0.0032011867,0.018539239,0.011592741,0.051591527,10,0.0,257003,2682730,0.72111326,0.6856553,0.69287574,0.6524367,0.72431445,0.7041945,0.70446837,0.7040282,19077,167419.0176577568,0.6796767,0.6682002,0.6681357,0.577394,4.261289770679168,0.0,0.0
136588,1404240,-0.0013028979,0.002141136,0.012187169,0.049319588,10,0.0,257075,2683450,0.6947703,0.6989576,0.6946547,0.654449,0.6934674,0.6888021,0.70701486,0.7038649,19081,167429.35925602913,0.57109904,0.633234,0.6704197,0.58056337,4.976840502517667,0.0,0.0
136614,1404500,-0.0063518286,0.009259385,0.011141773,0.047637053,10,0.0,257149,2684190,0.730887,0.711858,0.69841117,0.65672934,0.72453517,0.7211174,0.70955306,0.70436645,19085,167439.59818673134,0.6700015,0.6844722,0.67606163,0.5838554,4.308759739335848,0.0,0.0
136639,1404750,0.06350291,0.01379844,0.011529498,0.045628402,10,0.0,257229,2684990,0.6908577,0.6903307,0.6960321,0.6588901,0.7543606,0.7041291,0.70756155,0.7045186,19089,167449.87850666046,0.5506042,0.6521703,0.67201203,0.5877652,4.088424835507414,0.0,0.0
136665,1405010,-0.01716584,0.002146393,0.011251278,0.042981807,10,0.0,257305,2685750,0.70050454,0.7029184,0.6939582,0.6614148,0.6833387,0.7050648,0.70520943,0.7043966,19093,167460.52172112465,0.68308145,0.6871309,0.6621356,0.5911116,3.8793145228271033,0.0,0.0
136692,1405280,-0.07543969,0.0017185628,0.012220292,0.041671272,10,0.0,257376,2686460,0.7306273,0.70099056,0.691058,0.66205347,0.6551876,0.7027091,0.7032782,0.7037247,19097,167471.2494840622,0.6422465,0.6675422,0.6552745,0.5927971,4.91484137016877,0.0,0.0
136714,1405500,0.09123415,0.0060691177,0.010764855,0.040167265,10,0.0,257453,2687230,0.56884515,0.70651484,0.6909937,0.66357106,0.6600793,0.71258396,0.7017585,0.70373833,19101,167482.57580065727,0.56884515,0.65673655,0.65378904,0.59546363,4.244311754383674,0.0,0.0
136743,1405790,-0.028443694,0.013406128,0.0077673043,0.03805434,10,0.0,257527,2687970,0.7322179,0.7090329,0.6967213,0.665983,0.7037742,0.722439,0.7044886,0.70403737,19105,167492.97399663925,0.7027411,0.6868321,0.6617514,0.5986281,4.752870354516446,0.0,0.0
136767,1406030,0.0013993979,0.0060204687,0.0068041966,0.03596908,10,0.0,257607,2688770,0.708117,0.7135929,0.7020367,0.6683043,0.7095164,0.71961343,0.70884085,0.70427346,19109,167504.85398507118,0.6902943,0.68182915,0.67144996,0.6025703,3.7035639937243534,0.0,0.0
136792,1406280,0.017572105,0.013180619,0.007779047,0.03290481,10,0.0,257677,2689470,0.6623595,0.6921269,0.70312136,0.6717018,0.6799316,0.7053076,0.71090037,0.70460665,19113,167515.17715740204,0.65745527,0.6821209,0.67950404,0.60746986,4.244192359084863,0.0,0.0
136820,1406560,-0.015706122,0.016395122,0.0067476933,0.030220238,10,0.0,257753,2690230,0.76574016,0.6906041,0.7033728,0.6748548,0.75003403,0.70699924,0.7101203,0.7050751,19117,167525.3220562935,0.67424756,0.66944295,0.680003,0.61167866,4.944077856627655,0.0,0.0
136848,1406840,0.008458257,0.00056112406,0.0037094527,0.028495954,10,0.0,257834,2691040,0.66488975,0.7007506,0.7046247,0.6766274,0.673348,0.7013117,0.7083342,0.7051234,19121,167535.6142191887,0.66488975,0.6603217,0.67805594,0.61530805,5.384158985746235,0.0,0.0
136876,1407120,-0.0321061,0.00033831596,0.008033414,0.02679307,10,0.0,257911,2691810,0.7039185,0.71033883,0.6967096,0.67856485,0.6718124,0.71067715,0.7047429,0.7053579,19126,167548.1175031662,0.67019296,0.6885889,0.67252296,0.61906165,4.166321733342353,0.0,0.0
136903,1407390,-0.070807636,-0.024064977,0.0018623412,0.024470204,10,0.0,257985,2692550,0.7507705,0.74491405,0.7026319,0.6807559,0.6799629,0.7279298,0.705701,0.7052969,19130,167558.4134850502,0.65827614,0.7108582,0.67598945,0.6227206,3.7857831670682036,0.0,0.0
136929,1407650,0.0003578663,0.02862994,0.011949472,0.024148311,10,0.0,258060,2693300,0.6813725,0.6717842,0.6890712,0.68075234,0.6817304,0.7004142,0.70102066,0.7049006,19134,167568.7775425911,0.44791347,0.6317674,0.6598574,0.62488073,4.671033406270714,0.0,0.0
136954,1407900,0.380387,0.040721957,0.017821698,0.023600677,10,0.0,258136,2694060,0.3143605,0.65778685,0.6827087,0.6812438,0.6947475,0.69850886,0.7005304,0.7048445,19138,167579.1097984314,0.3143605,0.5859253,0.6453157,0.62711334,4.416922178081943,0.0,0.0
136977,1408130,-0.043596268,0.008685303,0.015673093,0.022720378,10,0.0,258205,2694750,0.72464895,0.6959718,0.6862662,0.6820865,0.6810527,0.70239294,0.70205253,0.7048058,19142,167589.20035648346,0.68082094,0.6644816,0.642095,0.6299102,18.093363443615477,0.0,0.0
137010,1408460,0.17096838,-0.0071618916,0.0148570025,0.021237213,10,0.0,258301,2695710,0.4900106,0.72553533,0.6873705,0.68369037,0.660979,0.7183734,0.70222753,0.7049276,19147,167601.9864177704,0.48041952,0.68910474,0.6451481,0.63380015,4.3227412891842425,0.0,0.0
137037,1408730,0.036370933,0.035586517,0.012495825,0.020285843,10,0.0,258372,2696420,0.7071369,0.6687043,0.6917605,0.684785,0.74350786,0.7042908,0.7042563,0.70507085,19151,167612.24175429344,0.44821483,0.6231221,0.65173364,0.6368196,4.266727431420939,0.0,0.0
137063,1408990,-0.051823795,-0.0023911,0.01051323,0.019364052,10,0.0,258447,2697170,0.7276462,0.7089597,0.6920765,0.68572044,0.6758224,0.7065686,0.70258963,0.70508444,19155,167622.66715621948,0.66430837,0.56369746,0.6472039,0.63876224,4.212075589326487,0.0,0.0
137090,1409260,0.000200212,0.04462398,0.015278676,0.01846326,10,0.0,258521,2697910,0.74413985,0.6431377,0.6865297,0.68633413,0.74434006,0.68776166,0.70180845,0.7047974,19159,167633.57409405708,0.7165316,0.5543086,0.6324411,0.6401393,4.557975770800642,0.0,0.0
137114,1409500,0.02955997,0.0031062304,0.017374836,0.017447293,10,0.0,258592,2698620,0.6977724,0.7282316,0.68794966,0.6877957,0.72733235,0.73133785,0.7053245,0.70524305,19163,167644.26372504234,0.6977724,0.7018844,0.6252122,0.64187527,5.080179627170426,0.0,0.0
137139,1409750,0.3474841,0.09216659,0.025472276,0.017377762,10,0.0,258663,2699330,0.33323824,0.6054702,0.678487,0.6878442,0.68072236,0.6976368,0.7039593,0.7052221,19167,167654.595443964,0.33323824,0.555092,0.61448365,0.6433278,4.730030573811265,0.0,0.0
137163,1409990,-0.021044254,0.0257406,0.026864333,0.017486176,10,0.0,258737,2700070,0.68051493,0.6673981,0.678944,0.6876408,0.6594707,0.6931387,0.7058084,0.70512694,19171,167664.977339983,0.40027726,0.6019772,0.6206561,0.6443395,4.245033852551532,0.0,0.0
137191,1410270,0.0012165308,0.029351598,0.026378967,0.015793247,10,0.0,258809,2700790,0.6832879,0.67776525,0.6797184,0.6896472,0.68450445,0.7071168,0.70609736,0.7054404,19175,167675.56453204155,0.6832879,0.56531346,0.6178373,0.6465663,4.511894445242867,0.0,0.0
137219,1410550,-0.027580738,0.0096127745,0.027311549,0.016036613,10,0.0,258891,2701610,0.69501173,0.69211394,0.67411935,0.6891027,0.667431,0.70172673,0.7014308,0.70513934,19179,167685.8255894184,0.5330516,0.65749526,0.6170407,0.64749146,5.048968070059286,0.0,0.0
137244,1410800,0.0,0.021166537,0.023994423,0.016242517,10,0.0,258956,2702260,0.72277915,0.68549377,0.67767644,0.6889146,0.72277915,0.70666033,0.701671,0.7051571,19183,167696.32495331764,0.72277915,0.6338823,0.6284766,0.64868164,4.976310256269708,0.0,0.0
137267,1411030,0.058901906,0.0104635535,0.019587133,0.015557413,10,0.0,259030,2703000,0.6746616,0.70617974,0.6837978,0.6895865,0.7335635,0.71664333,0.7033849,0.7051439,19187,167706.62492084503,0.5695681,0.6550673,0.64222383,0.6500369,4.891495735237418,0.0,0.0
137293,1411290,0.026256323,0.0090359505,0.011886894,0.014939117,10,0.0,259098,2703680,0.685819,0.690782,0.6896074,0.6901313,0.7120753,0.699818,0.7014943,0.70507044,19191,167716.61841773987,0.685819,0.67096055,0.6533253,0.65032893,14.09958141329823,0.0,0.0
137317,1411530,0.30465707,0.0076854466,0.01238673,0.014626258,10,0.0,259175,2704450,0.38393375,0.68121564,0.68971574,0.690134,0.6885908,0.6889011,0.7021024,0.70476025,19195,167728.0950410366,0.38393375,0.6363882,0.65323985,0.6508579,3.741898382437655,0.0,0.0
137346,1411820,0.0008049011,0.023285905,0.01186161,0.014361898,10,0.0,259259,2705290,0.69652617,0.67643785,0.6887403,0.6902922,0.6973311,0.69972384,0.7006019,0.7046541,19199,167739.3538401127,0.69476396,0.61147004,0.6354461,0.6499898,4.574323719333995,0.0,0.0
137369,1412050,-0.0029786825,0.0026271106,0.014609273,0.014206261,10,0.0,259330,2706000,0.7214698,0.70642924,0.684227,0.69003016,0.71849114,0.7090564,0.69883627,0.70423645,19203,167750.68956971169,0.50736564,0.65719575,0.6258776,0.6492816,4.3551573827754275,0.0,0.0
137393,1412290,0.032265186,0.0744367,0.026403561,0.014499144,10,0.0,259400,2706700,0.68657494,0.63476706,0.67513746,0.6896935,0.7188401,0.7092037,0.701541,0.70419264,19207,167761.69282770157,0.66501015,0.5934829,0.6172779,0.6490902,3.8471128382627353,0.0,0.0
137414,1412500,0.00087594986,-0.005091548,0.028463574,0.015044337,10,0.0,259471,2707410,0.7525109,0.70820034,0.67388207,0.6892426,0.75338686,0.7031088,0.7023457,0.704287,19210,167771.12603497505,0.6846346,0.621235,0.612872,0.64846253,15.339264280683071,0.0,0.0
137438,1412740,0.09510672,0.042243846,0.03185519,0.01580459,10,0.0,259560,2708300,0.69961596,0.65118474,0.67024535,0.6882011,0.7947227,0.69342864,0.7021005,0.70400566,19214,167784.83925938606,0.38677928,0.523172,0.61065847,0.6461838,3.445094197276897,0.0,0.0
137463,1412990,-0.0483976,0.06890352,0.040282454,0.016501669,10,0.0,259635,2709050,0.6896581,0.62412566,0.6612957,0.6873533,0.6412605,0.6930292,0.7015781,0.703855,19218,167797.38128137589,0.34241018,0.5503403,0.5946517,0.6445412,3.393941355584668,0.0,0.0
137489,1413250,0.24282846,0.0650802,0.044180833,0.018115655,10,0.0,259714,2709840,0.47889057,0.63876176,0.65658385,0.6857091,0.721719,0.703842,0.70076483,0.70382476,19222,167808.96175384521,0.47889057,0.5073873,0.586573,0.6420254,4.385309670966691,0.0,0.0
137518,1413540,0.09011465,0.01990425,0.048801236,0.018627392,10,0.0,259787,2710570,0.60398674,0.6704928,0.64903885,0.6849743,0.6941014,0.69039714,0.6978402,0.70360166,19226,167819.87701678276,0.4168838,0.52227366,0.5681889,0.63978696,4.866544628978393,0.0,0.0
137543,1413790,0.082806945,0.026605029,0.043447237,0.01860227,10,0.0,259871,2711410,0.6981788,0.6752693,0.6541525,0.68468004,0.7809858,0.7018744,0.69759977,0.70328236,19230,167830.28382754326,0.68598944,0.6343249,0.57356435,0.6375277,4.233909684755073,0.0,0.0
137566,1414020,0.014674664,0.033747572,0.037107214,0.019289661,10,0.0,259935,2712050,0.7019858,0.6632744,0.65934163,0.68345165,0.71666044,0.69702196,0.696449,0.7027413,19234,167840.3998849392,0.7019858,0.50543773,0.57013774,0.6342245,27.50579717748282,0.0,0.0
137593,1414290,0.012809277,0.02367996,0.0254011,0.019621244,10,0.0,260009,2712790,0.6733021,0.68591106,0.6731087,0.6833203,0.6861114,0.7095911,0.6985098,0.7029416,19238,167850.54119300842,0.6499548,0.6623165,0.5889687,0.63310784,16.926166263115416,0.0,0.0
137622,1414580,0.0151126385,0.047254343,0.033819247,0.02051122,10,0.0,260087,2713570,0.7163828,0.6540644,0.66467726,0.68199694,0.73149544,0.70131874,0.69849646,0.70250815,19242,167860.63613033295,0.6964461,0.56209767,0.5831259,0.63033396,14.301095690035819,0.0,0.0
137648,1414840,0.013424754,0.004735732,0.031207994,0.020476617,10,0.0,260150,2714200,0.69239575,0.6856247,0.6667424,0.68195486,0.7058205,0.6903604,0.69795036,0.7024314,19246,167871.26417398453,0.36913025,0.60223323,0.59096426,0.62970805,5.3864587512437785,0.0,0.0
137670,1415060,0.083111286,0.08221742,0.039801702,0.022333784,10,0.0,260228,2714980,0.6650142,0.60579956,0.65780616,0.67982477,0.7481255,0.688017,0.69760793,0.7021586,19250,167881.60204315186,0.6648933,0.58952045,0.5849107,0.6267919,19.282392093780846,0.0,0.0
137698,1415340,0.036441445,0.104583524,0.054730684,0.024057902,10,0.0,260294,2715640,0.6501061,0.5952704,0.64241296,0.6781826,0.6865475,0.69985396,0.6971436,0.7022405,19254,167891.94798970222,0.5497581,0.5429197,0.57592124,0.6248122,4.890246181681281,0.0,0.0
137722,1415580,0.00796926,0.071425274,0.056442954,0.025402116,10,0.0,260374,2716440,0.7380506,0.63648677,0.6430071,0.6767336,0.74601984,0.7079121,0.69945014,0.70213574,19258,167902.8958749771,0.49125025,0.52414507,0.57585084,0.6221509,3.8943780825357046,0.0,0.0
137740,1415760,-0.010135412,-0.00957309,0.057638936,0.02546131,10,0.0,260443,2717130,0.7162786,0.71818936,0.64385724,0.6767579,0.7061432,0.7086162,0.7014961,0.7022192,19261,167913.15833711624,0.38270518,0.6806272,0.5766484,0.6215366,4.258562298230459,0.0,0.0
137767,1416030,-0.0048894286,0.068429515,0.061865482,0.027078334,10,0.0,260509,2717790,0.7368834,0.60807455,0.6379032,0.67442775,0.731994,0.6765041,0.6997688,0.7015061,19265,167923.31629800797,0.5062824,0.54029137,0.5682426,0.6170907,4.888485002331594,0.0,0.0
137790,1416260,-0.06643605,0.036117323,0.052081462,0.027765697,10,0.0,260588,2718580,0.79040116,0.6673507,0.648746,0.67351735,0.7239651,0.70346797,0.7008275,0.7012831,19269,167933.65654349327,0.7239651,0.5816785,0.56819546,0.61475366,4.3426160636365605,0.0,0.0
137818,1416540,0.41357303,0.06320074,0.045236837,0.029069072,10,0.0,260659,2719290,0.35264814,0.6480704,0.6561925,0.672227,0.76622117,0.7112711,0.7014292,0.70129615,19273,167943.9036271572,0.35264814,0.59760255,0.5739492,0.6120793,4.771665505691056,0.0,0.0
137843,1416790,0.26783383,0.0093902,0.046182085,0.029651664,10,0.0,260727,2719970,0.41426998,0.6854835,0.65228903,0.6715577,0.6821038,0.6948737,0.6984711,0.7012095,19277,167954.02968668938,0.41426998,0.64246684,0.5679836,0.610098,4.9136397274474835,0.0,0.0
137872,1417080,0.36230704,0.0026858568,0.030484615,0.029306922,10,0.0,260801,2720710,0.33226112,0.6996533,0.67337286,0.67191035,0.69456816,0.70233923,0.70385766,0.70121723,19281,167964.55350136757,0.33226112,0.58086145,0.58024794,0.60762197,4.986225865842204,0.0,0.0
137895,1417310,-0.07468206,0.054186236,0.030784972,0.030741498,10,0.0,260876,2721460,0.7786921,0.67021453,0.67842597,0.6708169,0.70401007,0.72440076,0.7092109,0.7015584,19285,167974.64323091507,0.69875485,0.6206502,0.5900499,0.60513246,16.784151211280502,0.0,0.0
137924,1417600,-0.069794,0.053823113,0.024022074,0.030639326,10,0.0,260964,2722340,0.7863291,0.65550303,0.6855651,0.67138493,0.7165351,0.70932615,0.7095873,0.7020243,19290,167987.27883791924,0.6848828,0.5862097,0.59540725,0.6042458,4.875293815706793,0.0,0.0
137955,1417910,-0.049892962,0.0052844463,0.024245,0.030257594,10,0.0,261038,2723080,0.73470384,0.7137545,0.6895561,0.67231375,0.6848109,0.71903884,0.7138012,0.70257133,19294,167997.71708512306,0.6510684,0.65145916,0.60601866,0.60484713,5.078524351236478,0.0,0.0
137975,1418110,-0.004817605,0.03749744,0.02799207,0.03126508,10,0.0,261107,2723770,0.73585504,0.67173606,0.6847932,0.67115444,0.73103744,0.70923346,0.7127851,0.7024196,19298,168007.7819302082,0.71540296,0.64573365,0.607368,0.6030546,15.028515921583635,0.0,0.0
138007,1418430,0.0,0.027148306,0.02461598,0.03172254,10,0.0,261177,2724470,0.7123955,0.6712934,0.6836265,0.6707379,0.7123955,0.7006134,0.7080046,0.7024254,19302,168017.99727344513,0.7123955,0.6312417,0.60540533,0.6015454,4.976565917692806,0.0,0.0
138029,1418650,-0.07225698,0.022132939,0.024073804,0.031562258,10,0.0,261250,2725200,0.7269792,0.6841573,0.6832272,0.67080253,0.6547222,0.70629025,0.70730096,0.7023648,19306,168028.50710391998,0.4006088,0.6217891,0.60911393,0.60022324,5.314781688419494,0.0,0.0
138053,1418890,-0.03792888,-0.016020358,0.018351018,0.031062435,10,0.0,261334,2726040,0.7034524,0.7240252,0.6867427,0.67169,0.6655235,0.70800483,0.70509386,0.7027525,19310,168039.55035948753,0.41625872,0.58257776,0.59692323,0.5991833,3.4041677336046297,0.0,0.0
138083,1419190,-0.10169554,-0.0031911195,0.018357133,0.032036338,10,0.0,261401,2726710,0.7567102,0.73093235,0.6873626,0.6707594,0.65501463,0.7277413,0.70571977,0.70279574,19314,168050.37856078148,0.40835428,0.63058525,0.5943563,0.5983619,4.7066839718840345,0.0,0.0
138104,1419400,-0.069471955,0.025122136,0.024367306,0.032321047,10,0.0,261476,2727460,0.7596476,0.67817074,0.6832468,0.67058086,0.69017565,0.70329285,0.70761406,0.70290184,19318,168060.6791086197,0.67718536,0.61174834,0.59598655,0.59890157,17.369494933850376,0.0,0.0
138132,1419680,0.031167388,0.014966148,0.027240304,0.032026928,10,0.0,261548,2728180,0.6224561,0.69153047,0.68197596,0.6709248,0.65362346,0.71065694,0.71004695,0.7029744,19322,168070.94919276237,0.45304343,0.64744765,0.6039265,0.5988497,15.44041569036001,0.0,0.0
138158,1419940,-0.087854445,-0.025213158,0.024566943,0.03141437,10,0.0,261629,2728990,0.76866937,0.7290126,0.68342245,0.6715513,0.6808149,0.7121121,0.7083903,0.70293826,19326,168081.2506225109,0.4809912,0.5735295,0.602315,0.5975541,4.032322771637386,0.0,0.0
138186,1420220,-0.07585871,0.046660624,0.034945264,0.03303438,10,0.0,261712,2729820,0.7355635,0.65092313,0.67078215,0.6698099,0.6597048,0.6975838,0.7057274,0.70284426,19330,168092.40050029755,0.64630705,0.5724943,0.5943081,0.5959888,4.32748003431606,0.0,0.0
138208,1420440,0.018471956,0.043934874,0.037407596,0.03329656,10,0.0,261784,2730540,0.6471849,0.65594417,0.665293,0.66959554,0.66565686,0.699879,0.7027007,0.70289207,19334,168102.4751150608,0.61134934,0.6377336,0.58567107,0.595471,20.975452897418265,0.0,0.0
138234,1420700,-0.042966127,0.029740404,0.037705194,0.0328638,10,0.0,261858,2731280,0.738356,0.67760384,0.6615276,0.6699762,0.69538987,0.70734435,0.6992327,0.70284003,19338,168112.7184844017,0.69538987,0.6528908,0.5776463,0.5945226,16.263844495723585,0.0,0.0
138258,1420940,0.31286603,0.08257885,0.040784966,0.033850882,10,0.0,261934,2732040,0.39053297,0.6304078,0.65761966,0.6688842,0.703399,0.7129866,0.69840467,0.7027352,19342,168122.99311327934,0.39053297,0.5176016,0.5808692,0.5917409,14.809386224738216,0.0,0.0
138288,1421240,0.15241551,0.055097133,0.039881706,0.03586741,10,0.0,262021,2732910,0.55258256,0.64510524,0.66044486,0.6667703,0.7049981,0.70020235,0.70032644,0.7026377,19347,168135.66751027107,0.47552907,0.61907035,0.5835934,0.58949953,4.427778548999467,0.0,0.0
138317,1421530,-0.0049533844,0.03436158,0.04952362,0.036773458,10,0.0,262095,2733650,0.7149602,0.6590472,0.65018874,0.6658252,0.71000683,0.6934087,0.69971246,0.70259863,19351,168145.81134915352,0.5457731,0.5093362,0.57487035,0.5869545,4.13632145941408,0.0,0.0
138343,1421790,0.019812703,0.065225884,0.052865636,0.037014186,10,0.0,262166,2734360,0.65738344,0.633685,0.6493199,0.6659132,0.67719615,0.6989109,0.7021857,0.70292735,19355,168155.97714281082,0.47983924,0.5864551,0.56788665,0.5878548,4.856999298368484,0.0,0.0
138371,1422070,0.26254085,0.017675018,0.05275403,0.037562173,10,0.0,262239,2735090,0.4282733,0.674315,0.648822,0.66533875,0.69081414,0.69199,0.701576,0.7029009,19359,168166.2824959755,0.4282733,0.54310095,0.5683919,0.58561486,5.092663611209022,0.0,0.0
138396,1422320,-0.0026396513,-0.01121592,0.031358067,0.036820866,10,0.0,262320,2735900,0.7037846,0.71021014,0.6737796,0.66621983,0.70114493,0.6989943,0.70513755,0.70304066,19363,168177.7902264595,0.70114493,0.5798851,0.57485163,0.5850514,4.467008146853165,0.0,0.0
138423,1422590,0.25980526,0.061596148,0.039252948,0.0379432,10,0.0,262403,2736730,0.40835774,0.6593803,0.668432,0.6651455,0.668163,0.7209764,0.7076851,0.70308876,19367,168190.55454587936,0.40835774,0.5922195,0.5745469,0.5835725,3.231345072779347,0.0,0.0
138447,1422830,0.2047688,0.059008002,0.03849573,0.03790419,10,0.0,262480,2737500,0.49414012,0.63696116,0.6662894,0.66523635,0.6989089,0.69596916,0.7047851,0.7031405,19371,168201.96613788605,0.481143,0.5366189,0.57298636,0.5837626,4.480701477007356,0.0,0.0
138469,1423050,0.30103937,0.015374601,0.04212231,0.03744364,10,0.0,262549,2738190,0.39678648,0.6755383,0.65944517,0.6654582,0.69782585,0.69091296,0.7015675,0.70290184,19375,168212.9812014103,0.39678648,0.56127065,0.56308526,0.5820979,4.247791769178316,0.0,0.0
138495,1423310,-0.046321332,0.047972392,0.04881057,0.036903728,10,0.0,262629,2738990,0.71601677,0.6625496,0.6515157,0.66617686,0.66969544,0.71052206,0.7003262,0.7030806,19379,168224.1518599987,0.66969544,0.5752005,0.55030215,0.58182424,4.074508558956411,0.0,0.0
138525,1423610,0.014080644,0.0421715,0.042014547,0.037525482,10,0.0,262699,2739690,0.6441789,0.6548174,0.6575423,0.66588354,0.6582596,0.6969889,0.6995568,0.703409,19383,168234.90549373627,0.6441789,0.61196774,0.5484144,0.5819739,4.379290485245345,0.0,0.0
138544,1423800,0.27138337,0.05153387,0.042075586,0.038160544,10,0.0,262766,2740360,0.44247547,0.66071737,0.6589777,0.6652427,0.71385884,0.7122513,0.70105326,0.70340323,19387,168245.6437458992,0.44247547,0.5672557,0.5522015,0.5812112,4.420512219501203,0.0,0.0
138570,1424060,-0.048371613,0.03402739,0.0511828,0.03878438,10,0.0,262849,2741190,0.71554375,0.6746311,0.6521363,0.66478986,0.66717213,0.7086585,0.7033191,0.70357424,19391,168256.21499228477,0.4406359,0.56538755,0.5626251,0.5812661,4.23883808064285,0.0,0.0
138597,1424330,0.036399662,0.03987185,0.04926972,0.039274853,10,0.0,262922,2741920,0.72486854,0.65694344,0.6532915,0.66429883,0.7612682,0.6968153,0.7025613,0.7035736,19395,168267.00898480415,0.41796002,0.60767716,0.5766933,0.5810235,4.446520891991828,0.0,0.0
138625,1424610,0.3120342,0.025373768,0.052192405,0.039444063,10,0.0,262991,2742610,0.3842066,0.669344,0.6487312,0.6641344,0.6962408,0.69471776,0.7009236,0.7035785,19399,168277.2204697132,0.3842066,0.5294935,0.5567565,0.5792024,5.036541095688906,0.0,0.0
138650,1424860,0.000120699406,0.046606112,0.053265605,0.040581744,10,0.0,263065,2743350,0.7274956,0.6529087,0.6471287,0.66310626,0.7276163,0.6995148,0.7003943,0.70368797,19403,168287.44575285912,0.7274956,0.5621331,0.55587363,0.57754505,4.2154766530375465,0.0,0.0
138673,1425090,0.36602938,0.071341634,0.05155322,0.040094353,10,0.0,263141,2744110,0.3874004,0.61738324,0.6477349,0.6635388,0.7534298,0.6887249,0.6992882,0.7036332,19407,168297.98182535172,0.3874004,0.5101706,0.5460763,0.57754624,4.760900696217072,0.0,0.0
138701,1425370,-0.011834323,0.017517786,0.05176477,0.038975082,10,0.0,263214,2744840,0.7006061,0.6608926,0.6441309,0.6647281,0.6887718,0.68614566,0.6972098,0.70371497,19411,168308.11115098,0.41505766,0.5550028,0.53327924,0.5767589,4.19708708844835,0.0,0.0
138725,1425610,-0.011457145,0.030499106,0.050336026,0.038648278,10,0.0,263280,2745500,0.7001607,0.67834175,0.6516671,0.6649972,0.68870354,0.7088407,0.7020032,0.70364547,19415,168318.2500925064,0.4039249,0.5992344,0.55382466,0.57676697,4.030425295322086,0.0,0.0
138750,1425860,-0.0054428577,0.10399389,0.05026931,0.040126618,10,0.0,263357,2746270,0.71901464,0.58416486,0.6506773,0.66343194,0.7135718,0.6881588,0.70094675,0.7035585,19419,168328.5865497589,0.40743792,0.48403826,0.54705423,0.5753386,4.240355961888493,0.0,0.0
138776,1426120,-0.036778092,-0.0013609708,0.043983124,0.03919209,10,0.0,263422,2746920,0.72289807,0.7158541,0.6592893,0.66474307,0.68612,0.7144932,0.7032724,0.70393515,19423,168338.81960964203,0.68612,0.59535086,0.55439174,0.5754135,4.004301113456808,0.0,0.0
138802,1426380,-0.07202011,0.02469113,0.047913324,0.038997505,10,0.0,263501,2747710,0.78961647,0.68677557,0.65790284,0.6651252,0.71759635,0.7114666,0.7058162,0.70412266,19427,168349.63938307762,0.6970299,0.6114212,0.5616756,0.5758909,4.04085923982823,0.0,0.0
138830,1426660,0.012654781,0.04479803,0.04841569,0.03902135,10,0.0,263570,2748400,0.73075897,0.65211093,0.656175,0.6650151,0.74341375,0.69690895,0.7045907,0.7040364,19431,168360.37273430824,0.33434558,0.56056106,0.5625099,0.57577187,4.258523384340532,0.0,0.0
138853,1426890,0.32336992,0.04921221,0.042902876,0.03965619,10,0.0,263641,2749110,0.39713764,0.63888353,0.6633845,0.6644948,0.72050756,0.6880958,0.70628744,0.704151,19435,168370.513982296,0.39713764,0.51271427,0.57195157,0.5752902,4.769182715251193,0.0,0.0
138878,1427140,0.041869223,0.104580425,0.0506138,0.040829033,10,0.0,263716,2749860,0.6791131,0.60365045,0.65646666,0.6632975,0.7209823,0.7082309,0.7070805,0.70412654,19439,168380.74675798416,0.5446381,0.5289435,0.5716922,0.5744922,4.562930864641013,0.0,0.0
138903,1427390,0.104398906,-0.011479259,0.04503197,0.040691033,10,0.0,263801,2750710,0.6102512,0.7302927,0.6629518,0.6632119,0.7146501,0.7188134,0.7079838,0.70390284,19443,168392.12344908714,0.6102512,0.64776015,0.5715902,0.5739508,4.084006819427052,0.0,0.0
138929,1427650,0.018164814,0.005981958,0.04000269,0.041032933,10,0.0,263870,2751400,0.68147075,0.6951476,0.6647953,0.66253406,0.69963557,0.7011296,0.70479804,0.70356697,19447,168402.42298555374,0.36679098,0.6152905,0.5814847,0.574052,4.71082579148548,0.0,0.0
138960,1427960,0.017555118,0.057328425,0.04318116,0.04166464,10,0.0,263956,2752260,0.7250457,0.6496113,0.66315234,0.66178197,0.7426008,0.70693976,0.70633334,0.70344657,19451,168412.7608447075,0.6623792,0.57666546,0.5832851,0.57320666,4.912991073154219,0.0,0.0
138981,1428170,-0.061204553,0.0030609786,0.031099325,0.041581105,10,0.0,264033,2753030,0.7268778,0.7138595,0.6741564,0.6618319,0.66567326,0.7169205,0.7052557,0.703413,19455,168423.47674560547,0.41281337,0.6149855,0.5964247,0.5732027,4.646738838414999,0.0,0.0
139009,1428450,-0.0011279583,0.022716653,0.03956841,0.042302813,10,0.0,264101,2753710,0.68858236,0.68980867,0.6675255,0.66148025,0.6874544,0.7125253,0.70709383,0.7037831,19459,168433.6490623951,0.55571,0.65476257,0.60246426,0.5738125,4.9064990139751385,0.0,0.0
139030,1428660,0.34017262,0.068922676,0.04331733,0.04338372,10,0.0,264179,2754490,0.32848188,0.6237751,0.66692,0.6604363,0.6686545,0.6926978,0.7102373,0.70381993,19463,168443.89629387856,0.32848188,0.57482916,0.60952955,0.57405853,4.240900898623627,0.0,0.0
139059,1428950,0.08277899,0.052271765,0.05519535,0.04506095,10,0.0,264249,2755190,0.6584761,0.6586919,0.6499811,0.65839857,0.7412551,0.7109636,0.7051765,0.7034595,19467,168453.96757483482,0.45491302,0.61177164,0.5953747,0.57336855,5.445601359717701,0.0,0.0
139087,1429230,0.012289882,0.06858802,0.063241266,0.046004996,10,0.0,264317,2755870,0.75231737,0.6470814,0.6419081,0.65738034,0.76460725,0.7156695,0.7051495,0.70338535,19471,168464.11514234543,0.43688414,0.5360109,0.58555895,0.5723767,4.916291378277451,0.0,0.0
139111,1429470,0.015059173,0.05225121,0.07108127,0.047028624,10,0.0,264395,2756650,0.6659065,0.65032786,0.62945,0.65592873,0.68096566,0.702579,0.70053136,0.70295733,19475,168474.690918684,0.6659065,0.58740234,0.5645232,0.5707029,4.644989699590398,0.0,0.0
139136,1429720,0.13706946,0.10210009,0.06987719,0.047897957,10,0.0,264469,2757390,0.57139885,0.59627116,0.6298645,0.6547688,0.7084683,0.6983713,0.69974184,0.70266676,19479,168485.33241820335,0.5020184,0.5453578,0.55496323,0.5686135,4.162986270585016,0.0,0.0
139162,1429980,0.14978868,0.036884338,0.06740343,0.0494652,10,0.0,264541,2758110,0.51047987,0.67035705,0.63499403,0.6533167,0.66026855,0.7072414,0.70239747,0.70278186,19483,168495.8913655281,0.51047987,0.5918313,0.5584505,0.5686046,4.0520236719957445,0.0,0.0
139190,1430260,0.3495448,0.012878013,0.058163945,0.04841121,10,0.0,264614,2758840,0.30151257,0.68831193,0.64457434,0.6547806,0.65105736,0.70118994,0.7027381,0.7031919,19487,168506.5786049366,0.30151257,0.5316071,0.5563146,0.56841975,4.571019547920353,0.0,0.0
139212,1430480,0.28960204,0.070550315,0.06233706,0.049581785,10,0.0,264686,2759560,0.39491242,0.6334494,0.6412615,0.65348065,0.68451446,0.70399964,0.70359856,0.7030624,19491,168517.13562083244,0.36873674,0.5149383,0.54615706,0.56672096,4.126900164985328,0.0,0.0
139241,1430770,0.0963195,0.0637543,0.061369296,0.05059941,10,0.0,264758,2760280,0.6407248,0.63790077,0.6398062,0.6524873,0.7370443,0.7016551,0.70117563,0.7030868,19495,168527.57666516304,0.6407248,0.562322,0.53043044,0.5641631,4.371086017342387,0.0,0.0
139263,1430990,0.33837077,0.08361065,0.06637499,0.05188121,10,0.0,264836,2761060,0.40806934,0.6080867,0.6315958,0.65094507,0.7464401,0.6916974,0.6979708,0.70282626,19499,168537.9488182068,0.40806934,0.5439383,0.5278496,0.56360304,4.7349473961087964,0.0,0.0
139288,1431240,0.024288714,0.095994815,0.079260685,0.05212333,10,0.0,264907,2761770,0.65355086,0.62100863,0.6211815,0.651031,0.6778396,0.71700346,0.70044225,0.7031543,19503,168548.13107919693,0.33551142,0.49664813,0.5285353,0.56306785,26.546967130730224,0.0,0.0
139312,1431480,0.07233918,0.012366069,0.070374586,0.05184024,10,0.0,264976,2762460,0.6130931,0.6890843,0.6331203,0.65162486,0.68543226,0.70145035,0.70349497,0.7034652,19507,168558.72975969315,0.4147402,0.51476145,0.52798724,0.5615503,4.259378356594211,0.0,0.0
139340,1431760,0.35199332,0.0325122,0.079962,0.053398002,10,0.0,265046,2763160,0.3242315,0.67872053,0.6243958,0.6499117,0.6762248,0.7112328,0.70435786,0.7033097,19511,168568.89485502243,0.3242315,0.54030216,0.5225737,0.5595229,4.554528490072575,0.0,0.0
139370,1432060,0.25317597,0.010776269,0.078525566,0.054952163,10,0.0,265116,2763860,0.4492641,0.703262,0.631107,0.6485629,0.7024401,0.71403825,0.7096326,0.703515,19515,168579.48215651512,0.4492641,0.51423705,0.51041865,0.55757123,5.185562038205945,0.0,0.0
139392,1432280,0.0,0.05077184,0.07302086,0.055772737,10,0.0,265193,2764630,0.6773082,0.6538001,0.6348884,0.64753574,0.6773082,0.70457184,0.70790935,0.70330846,19519,168590.20926094055,0.6773082,0.46806726,0.50357944,0.55531937,4.2024811878954065,0.0,0.0
139420,1432560,0.3598938,0.07677529,0.08634541,0.05678265,10,0.0,265265,2765350,0.36533982,0.6274117,0.6200524,0.6465689,0.7252336,0.704187,0.70639783,0.70335156,19523,168600.92283773422,0.36533982,0.56170285,0.5016178,0.5540032,4.628607133011936,0.0,0.0
139444,1432800,0.053901255,0.034435254,0.078385495,0.05799479,10,0.0,265345,2766150,0.66028816,0.67050403,0.6288876,0.6455698,0.7141894,0.70493925,0.707273,0.7035646,19527,168611.43851065636,0.3934029,0.60343707,0.5156541,0.5533121,4.678754394798905,0.0,0.0
139468,1433040,0.18327433,0.07502238,0.08219317,0.058833275,10,0.0,265415,2766850,0.5140108,0.61284167,0.62060905,0.64484096,0.6972851,0.687864,0.7028022,0.7036742,19531,168622.38580965996,0.41835597,0.5433601,0.522505,0.55373496,4.276655273955283,0.0,0.0
139488,1433240,0.33121434,0.13867523,0.0983915,0.06103385,10,0.0,265473,2767430,0.4105673,0.5553997,0.6062837,0.6427711,0.74178165,0.694075,0.7046753,0.7038049,19534,168632.07109355927,0.4105673,0.5254806,0.51713544,0.55246204,12.01493364622223,0.0,0.0
139514,1433500,0.03823173,0.1610358,0.10851206,0.062949866,10,0.0,265564,2768340,0.6679259,0.52311593,0.59273374,0.6404005,0.7061576,0.6841517,0.70124596,0.70335037,19538,168645.30877828598,0.3535183,0.44675007,0.512019,0.5504889,3.138621924566138,0.0,0.0
139537,1433730,-0.018047571,0.049008287,0.09881104,0.063535385,10,0.0,265636,2769060,0.7321121,0.67434925,0.6011059,0.639998,0.71406454,0.72335756,0.699917,0.7035335,19542,168657.28833007812,0.52224696,0.5530759,0.5108228,0.5491526,4.65568933063055,0.0,0.0
139562,1433980,-0.015463531,0.05963596,0.104337,0.06390581,10,0.0,265710,2769800,0.7301359,0.6532246,0.59581494,0.63958436,0.7146724,0.7128605,0.7001519,0.70349014,19546,168669.59929800034,0.49496618,0.57458246,0.5168128,0.5491127,3.4464164632436827,0.0,0.0
139593,1434290,0.19198021,0.13742676,0.107356116,0.06647298,10,0.0,265793,2770630,0.48932806,0.5646748,0.59172034,0.63694835,0.68130827,0.7021016,0.6990764,0.70342135,19550,168681.06149601936,0.3513752,0.5368281,0.51372564,0.5465546,4.6826401522361785,0.0,0.0
139613,1434490,-0.073804796,0.17338006,0.101058625,0.06775998,10,0.0,265872,2771420,0.74725693,0.5178726,0.60124564,0.6357349,0.67345214,0.6912526,0.7023043,0.7034949,19554,168692.27617788315,0.4080256,0.43760872,0.5124479,0.5450062,4.288488645326387,0.0,0.0
139640,1434760,0.35944033,0.106314085,0.10883438,0.06930516,10,0.0,265941,2772110,0.3494519,0.63164794,0.5939032,0.6346176,0.7088922,0.70359683,0.70176935,0.7035774,19558,168703.21975898743,0.3494519,0.53096896,0.5077655,0.5442464,4.076058362126386,0.0,0.0
139666,1435020,0.26671183,0.11426022,0.11016433,0.0703282,10,0.0,266021,2772910,0.43952036,0.58354574,0.58991414,0.6331293,0.7062322,0.697806,0.70007837,0.70345753,19562,168713.98155522346,0.32400215,0.5454062,0.49353015,0.543136,4.851468382378116,0.0,0.0
139691,1435270,0.24692446,0.08596674,0.09485276,0.07073299,10,0.0,266094,2773640,0.41607332,0.61627287,0.605194,0.6327743,0.6629978,0.70223963,0.7000467,0.7035073,19566,168724.81181955338,0.39170024,0.4926272,0.5019006,0.5425587,4.211175231329275,0.0,0.0
139716,1435520,-0.043466985,0.08071529,0.09057045,0.07216257,10,0.0,266175,2774450,0.73177624,0.655677,0.6119067,0.63156205,0.68830925,0.7363924,0.7024771,0.7037246,19570,168736.7850139141,0.67391783,0.5093988,0.500769,0.5403397,2.994694619693495,0.0,0.0
139737,1435730,0.048652172,0.065943584,0.08453147,0.07273108,10,0.0,266243,2775130,0.6373067,0.64804876,0.62060034,0.6312224,0.68595886,0.7139924,0.70513177,0.70395344,19573,168747.19738316536,0.44381624,0.5652441,0.51396155,0.5405404,2.9402232290662553,0.0,0.0
139759,1435950,0.24833769,0.06679873,0.092540875,0.073711775,10,0.0,266314,2775840,0.44713253,0.63203204,0.61236,0.6300982,0.6954702,0.6988308,0.70490074,0.7038099,19576,168757.23024368286,0.34379742,0.40891743,0.5034957,0.5389584,3.6705094541147374,0.0,0.0
139780,1436160,0.014568746,0.14399497,0.100851305,0.075833336,10,0.0,266380,2776500,0.6942023,0.54994416,0.60430896,0.62772334,0.70877105,0.6939391,0.7051604,0.7035567,19579,168766.922655344,0.45021516,0.4826943,0.496168,0.5371324,21.28584811917587,0.0,0.0
139802,1436380,0.037721217,0.076237865,0.09877464,0.07670657,10,0.0,266450,2777200,0.63442713,0.60548437,0.60441077,0.62654316,0.67214835,0.6817223,0.70318544,0.70324975,19583,168778.65481638908,0.3355564,0.46979457,0.49984023,0.53557354,4.096322425378403,0.0,0.0
139825,1436610,-0.055114686,0.13377099,0.10528243,0.07841449,10,0.0,266525,2777950,0.77664787,0.56466705,0.5913483,0.6245992,0.7215332,0.69843805,0.6966307,0.70301366,19587,168789.19175219536,0.46359015,0.44302386,0.4889761,0.5332277,4.037543934227266,0.0,0.0
139855,1436910,0.033655882,0.015420544,0.079653695,0.0777693,10,0.0,266605,2778750,0.7082751,0.68311614,0.6187242,0.62526816,0.74193096,0.69853663,0.69837785,0.7030375,19591,168799.1368908882,0.419088,0.6119923,0.52122414,0.53379714,3.8810500875486262,0.0,0.0
139881,1437170,0.3140763,0.09184556,0.06982487,0.07767746,10,0.0,266675,2779450,0.47275853,0.5959876,0.6267838,0.6249076,0.78683484,0.68783313,0.6966085,0.702585,19595,168809.69000697136,0.29007062,0.5501281,0.525235,0.5325447,5.129370242392261,0.0,0.0
139905,1437410,0.34348983,0.030311793,0.060325984,0.07859252,10,0.0,266739,2780090,0.33327883,0.6798228,0.6426855,0.6241643,0.67676866,0.7101346,0.70301163,0.7027568,19599,168820.2104153633,0.33327883,0.60938114,0.54384863,0.532178,5.016298199585641,0.0,0.0
139930,1437660,0.013185024,0.08037498,0.06220576,0.080423795,10,0.0,266815,2780850,0.65300393,0.63199556,0.6439283,0.6226987,0.66618896,0.7123705,0.7061342,0.7031225,19603,168831.12154865265,0.65300393,0.51012343,0.5401241,0.529516,4.835322177544911,0.0,0.0
139959,1437950,0.22797573,0.061857224,0.071040295,0.08039351,10,0.0,266891,2781610,0.47985518,0.65466666,0.6390146,0.6230692,0.7078309,0.71652377,0.71005493,0.7034628,19607,168842.1774778366,0.44862467,0.5590724,0.53640205,0.5291498,4.826327514965536,0.0,0.0
139980,1438160,0.30248314,0.13211095,0.07707199,0.0821847,10,0.0,266962,2782320,0.39067566,0.57367146,0.63542444,0.62111694,0.6931588,0.7057823,0.7124965,0.7033016,19611,168852.80481743813,0.3067475,0.53229845,0.5506513,0.52802736,4.30306747282975,0.0,0.0
140007,1438430,-0.021560907,0.10216254,0.076340884,0.08284918,10,0.0,267035,2783050,0.704846,0.606382,0.63731176,0.6205571,0.6832851,0.7085446,0.7136525,0.70340633,19615,168862.96878290176,0.31743962,0.5842507,0.5431167,0.5255735,5.168033948343121,0.0,0.0
140031,1438670,0.2961347,0.040191375,0.06441429,0.082394645,10,0.0,267112,2783820,0.40196157,0.6646174,0.6478838,0.6210404,0.6980963,0.70480883,0.712298,0.70343506,19619,168873.17812085152,0.40196157,0.53608316,0.5539454,0.5242268,4.7164965784825945,0.0,0.0
140061,1438970,0.3333428,0.035275314,0.0640116,0.08152063,10,0.0,267185,2784550,0.42562807,0.65544045,0.6428389,0.62187314,0.75897086,0.6907158,0.7068506,0.7033938,19623,168883.733243227,0.4095158,0.5428957,0.54676074,0.5240107,4.7788408174575245,0.0,0.0
140081,1439170,0.0032923818,0.113784745,0.06474506,0.082103916,10,0.0,267254,2785240,0.68955344,0.5697603,0.64066935,0.6212518,0.6928458,0.68354505,0.7054144,0.7033557,19627,168893.98010706902,0.5647209,0.5268923,0.5392588,0.5235521,17.056547669880093,0.0,0.0
140108,1439440,0.24393311,0.015011454,0.065969795,0.08198601,10,0.0,267332,2786020,0.42837474,0.693733,0.6382354,0.62198794,0.67230785,0.70874447,0.7042053,0.7039739,19631,168904.2708182335,0.41150194,0.639605,0.5551138,0.52448696,14.972336739644081,0.0,0.0
140135,1439710,0.037331104,0.13037875,0.06653784,0.082340695,10,0.0,267403,2786730,0.6158134,0.5723075,0.6378057,0.62143475,0.6531445,0.7026863,0.7043436,0.7037754,19635,168914.46360850334,0.60331666,0.54750514,0.55523604,0.5234491,16.20173678991687,0.0,0.0
140165,1440010,0.20824611,0.05515925,0.06880507,0.081621766,10,0.0,267501,2787710,0.4640426,0.6465709,0.6364043,0.6221773,0.6722887,0.70173013,0.70520926,0.70379907,19640,168927.53079485893,0.36168283,0.5446271,0.5617371,0.52443874,3.7704591464313584,0.0,0.0
140190,1440260,0.26473314,0.079762965,0.05556968,0.0821665,10,0.0,267567,2788370,0.39780223,0.6404841,0.65240186,0.6219332,0.66253537,0.7202471,0.7079716,0.7040997,19644,168937.90441465378,0.3853598,0.52746564,0.57313794,0.5247102,4.589654547931549,0.0,0.0
140215,1440510,0.3649144,0.022983734,0.06596318,0.08238373,10,0.0,267646,2789160,0.32592896,0.6687309,0.6389027,0.62167895,0.69084334,0.69171464,0.70486593,0.70406264,19648,168948.41031098366,0.32592896,0.5523773,0.56042403,0.52543813,4.210873365606324,0.0,0.0
140245,1440810,0.005837083,0.008871054,0.04911921,0.08091915,10,0.0,267711,2789810,0.67455506,0.69275063,0.6566464,0.6232843,0.68039215,0.7016217,0.70576555,0.7042035,19652,168958.5507953167,0.66921353,0.650182,0.56523275,0.5271441,4.806954703179454,0.0,0.0
140267,1441030,0.021076798,0.022245813,0.057589766,0.08044659,10,0.0,267786,2790560,0.64571816,0.69547474,0.6505108,0.6243231,0.66679496,0.7177205,0.70810056,0.7047697,19656,168969.4700834751,0.6268818,0.62406933,0.5639819,0.5279824,3.805919090972114,0.0,0.0
140293,1441290,0.019846499,0.015106261,0.04479221,0.079023905,10,0.0,267860,2791300,0.72272444,0.6965912,0.66300094,0.6258353,0.74257094,0.71169746,0.7077931,0.70485914,19660,168980.64258742332,0.6729695,0.6566536,0.58417684,0.5303257,3.654851882482634,0.0,0.0
140319,1441550,-0.031032562,0.01022836,0.03846438,0.07871525,10,0.0,267937,2792070,0.73040336,0.70471346,0.67126155,0.6260489,0.6993708,0.71494186,0.70972586,0.70476425,19664,168991.52920007706,0.55078065,0.6304248,0.59870744,0.53280246,4.530053930087779,0.0,0.0
140348,1441840,0.00020211935,0.080978565,0.053681687,0.07791604,10,0.0,268015,2792850,0.70958644,0.624074,0.6548843,0.6267002,0.70978856,0.70505255,0.70856595,0.70461625,19668,169002.13305425644,0.70958644,0.4545451,0.5804734,0.5339696,5.186782996845492,0.0,0.0
140373,1442090,0.004869163,0.016993832,0.046516526,0.07692801,10,0.0,268093,2793630,0.6985993,0.6809489,0.6600949,0.6274925,0.70346844,0.69794273,0.70661134,0.7044205,19672,169013.16350197792,0.6875828,0.6304665,0.5897993,0.5360677,3.9289398654421577,0.0,0.0
140398,1442340,-0.017602563,0.022932654,0.047914397,0.07626476,10,0.0,268166,2794360,0.719151,0.67468673,0.65415406,0.62804735,0.70154846,0.6976193,0.7020685,0.70431215,19676,169024.17844080925,0.54858774,0.571389,0.5758682,0.53833157,5.032926440603773,0.0,0.0
140421,1442570,0.0010062456,0.042330332,0.043398246,0.07376048,10,0.0,268240,2795100,0.7088779,0.6698244,0.6589592,0.6305335,0.70988417,0.71215475,0.7023575,0.704294,19680,169035.2607228756,0.7009115,0.65955,0.5889777,0.5420912,4.82204505882549,0.0,0.0
140446,1442820,0.015322566,0.010748917,0.025269506,0.07272212,10,0.0,268313,2795830,0.6783242,0.7068291,0.6779583,0.63142765,0.6936468,0.71757805,0.7032277,0.70414984,19684,169045.5826060772,0.6783242,0.6436084,0.6179572,0.54406714,4.0155805487275105,0.0,0.0
140471,1443070,-0.09254444,0.066115096,0.026464377,0.071174026,10,0.0,268376,2796460,0.74455726,0.66592664,0.67942804,0.6335903,0.6520128,0.7320418,0.70589256,0.7047643,19688,169056.23203206062,0.5702178,0.62384003,0.6248727,0.54719657,5.48217344449375,0.0,0.0
140500,1443360,-0.06803012,0.008351749,0.020988645,0.06846204,10,0.0,268466,2797360,0.7784577,0.70268184,0.6856959,0.6361926,0.7104276,0.7110336,0.7066846,0.70465463,19692,169069.08720970154,0.6624165,0.6516714,0.6326608,0.5501177,3.254072843433029,0.0,0.0
140519,1443550,0.16042739,0.033406425,0.02163877,0.06641255,10,0.0,268532,2798020,0.5266515,0.6468554,0.683443,0.63828486,0.6870789,0.68026173,0.7050817,0.7046974,19695,169079.35793852806,0.5266515,0.5992075,0.63045245,0.5527555,3.7028276817953087,0.0,0.0
140543,1443790,-0.047846615,-0.0065555214,0.032237735,0.06576164,10,0.0,268607,2798770,0.75036,0.7061658,0.6703973,0.6386168,0.7025134,0.6996103,0.70263505,0.7043784,19699,169091.15189743042,0.6791721,0.67757094,0.6177058,0.5542358,3.965557553948332,0.0,0.0
140567,1444030,0.16596687,0.09771787,0.047458462,0.06492983,10,0.0,268672,2799420,0.50841177,0.59025204,0.65195346,0.6395757,0.67437863,0.6879698,0.6994119,0.7045056,19703,169101.44440937042,0.50841177,0.58076525,0.60054874,0.5559226,4.25183774241144,0.0,0.0
140594,1444300,-0.01926899,-0.0029432238,0.040754773,0.06227969,10,0.0,268754,2800240,0.7387093,0.6978785,0.6560037,0.6420411,0.7194403,0.69493526,0.6967585,0.7043208,19707,169111.62542891502,0.5532021,0.5957796,0.6039354,0.5581334,4.75739983501163,0.0,0.0
140620,1444560,0.061325848,0.004349339,0.036820833,0.059558447,10,0.0,268822,2800920,0.6741327,0.70236653,0.6631605,0.6448293,0.73545855,0.7067159,0.69998133,0.7043878,19711,169122.14880514145,0.54588807,0.57028806,0.5971397,0.56144154,4.7190357663258755,0.0,0.0
140649,1444850,-6.1273575e-05,0.06055472,0.036958326,0.058518466,10,0.0,268898,2801680,0.70954156,0.6487466,0.6629068,0.6457401,0.7094803,0.70930123,0.69986504,0.7042587,19715,169132.34839725494,0.4473675,0.5530547,0.59456766,0.5632827,4.717615394643117,0.0,0.0
140674,1445100,0.011837423,-0.0039668083,0.019962095,0.05620302,10,0.0,268975,2802450,0.71685004,0.7159789,0.6816802,0.64846075,0.72868747,0.7120122,0.7016423,0.70466375,19719,169144.09739160538,0.55534744,0.6826918,0.6070355,0.56715053,4.610811007496917,0.0,0.0
140697,1445330,-0.00063717365,0.0233131,0.024112282,0.054754615,10,0.0,269043,2803130,0.6580697,0.6696216,0.6765132,0.64977604,0.6574325,0.69293475,0.7006256,0.7045307,19723,169155.1216173172,0.5968776,0.6493453,0.61210656,0.5702045,5.258659923766242,0.0,0.0
140725,1445610,-0.04506308,0.07758269,0.029533079,0.05368658,10,0.0,269116,2803860,0.6976516,0.633284,0.6727358,0.6505293,0.65258855,0.7108666,0.7022689,0.7042158,19727,169165.28635072708,0.37186447,0.6104452,0.6272901,0.5731741,5.038309518615649,0.0,0.0
140747,1445830,0.011038482,0.009201145,0.026676338,0.05126464,10,0.0,269191,2804610,0.7088778,0.7073592,0.678512,0.65316635,0.7199163,0.7165603,0.7051884,0.70443106,19731,169175.63883590698,0.6973096,0.682889,0.63150835,0.5761771,26.507925573364563,0.0,0.0
140772,1446080,0.0034241676,-0.00178172,0.027959961,0.049132086,10,0.0,269267,2805370,0.6679309,0.7069207,0.6752323,0.65531945,0.67135507,0.7051389,0.7031925,0.70445156,19735,169187.44958114624,0.41957504,0.5747624,0.61675334,0.57942396,3.4206500949785497,0.0,0.0
140800,1446360,-0.0071185827,0.02378054,0.026068434,0.047178514,10,0.0,269337,2806070,0.70450777,0.66993135,0.67890215,0.65747565,0.6973892,0.69371194,0.7049706,0.70465416,19739,169198.40875601768,0.6771382,0.5857538,0.61312765,0.5815957,4.4339932604804435,0.0,0.0
140825,1446610,0.34487972,0.04941922,0.020928316,0.044933233,10,0.0,269410,2806800,0.3547342,0.6568907,0.68192554,0.65980804,0.6996139,0.70630985,0.7028539,0.7047413,19743,169208.8229663372,0.3547342,0.6463748,0.60943377,0.5854257,5.031102048160254,0.0,0.0
140851,1446870,-0.05583626,0.049888432,0.018512294,0.045157082,10,0.0,269485,2807550,0.7238878,0.634741,0.68062294,0.65938175,0.66805154,0.6846295,0.6991352,0.7045388,19747,169219.17625808716,0.66805154,0.5519993,0.6050093,0.58559537,4.208951572366995,0.0,0.0
140876,1447120,-0.018605888,0.0038127662,0.023055835,0.04442134,10,0.0,269557,2808270,0.70417523,0.70209795,0.67385435,0.6601296,0.68556935,0.7059107,0.6969101,0.7045509,19751,169229.41904306412,0.4963883,0.6866957,0.6101675,0.5883051,4.130884594266523,0.0,0.0
140902,1447380,-7.349253e-05,0.00025229453,0.022696024,0.042877723,10,0.0,269627,2808970,0.7334681,0.6957617,0.674971,0.66125625,0.7333946,0.6960139,0.697667,0.704134,19755,169239.69878721237,0.3806526,0.63478345,0.6126382,0.5895665,4.0351472991389805,0.0,0.0
140926,1447620,-0.020721614,0.057895113,0.026843281,0.041247845,10,0.0,269699,2809690,0.73404163,0.64326894,0.6704886,0.66245276,0.71332,0.701164,0.6973319,0.70370054,19759,169249.92019963264,0.5179725,0.5441638,0.6105726,0.59199417,4.434451733635004,0.0,0.0
140950,1447860,0.025169253,0.008222604,0.023712402,0.04004812,10,0.0,269771,2810410,0.665966,0.6849874,0.6760632,0.66354406,0.6911352,0.69321,0.6997755,0.7035922,19763,169260.4094555378,0.45513594,0.63052773,0.6191118,0.5943344,4.076799627379917,0.0,0.0
140981,1448170,0.013442874,0.022413367,0.022724884,0.03887226,10,0.0,269841,2811110,0.6677216,0.68645275,0.68096626,0.66461205,0.6811645,0.70886606,0.7036911,0.70348436,19767,169270.57427048683,0.6677216,0.5941769,0.626708,0.5956556,4.14967876948088,0.0,0.0
141007,1448430,0.063393235,0.01699155,0.02955153,0.03763806,10,0.0,269918,2811880,0.5957039,0.6790938,0.67297417,0.66548985,0.65909714,0.695397,0.70269424,0.7031521,19771,169281.07485961914,0.4296223,0.5686162,0.61435795,0.5976477,5.226959335234792,0.0,0.0
141029,1448650,-0.06936002,0.0054700137,0.029708136,0.037711576,10,0.0,269991,2812610,0.70750916,0.719163,0.6753875,0.6653784,0.63814914,0.724633,0.7050956,0.70309,19775,169291.79621577263,0.37087145,0.6664407,0.61483735,0.59805775,4.7032771302176215,0.0,0.0
141053,1448890,0.0068036914,0.016826134,0.0340925,0.03712725,10,0.0,270073,2813430,0.70176303,0.6822971,0.6700549,0.6660946,0.7085667,0.69912326,0.7041474,0.7032219,19779,169302.0664308071,0.6810407,0.5916729,0.60615504,0.6001341,4.302164866005073,0.0,0.0
141084,1449200,0.0027472377,0.0037166,0.036035873,0.035664435,10,0.0,270145,2814150,0.6657043,0.68615663,0.6660905,0.6673196,0.66845155,0.6898733,0.7021264,0.70298404,19783,169312.38326883316,0.5372637,0.610221,0.5921851,0.60111326,4.797258463705262,0.0,0.0
141107,1449430,0.0069744587,0.032770153,0.038469173,0.03503565,10,0.0,270221,2814910,0.72259206,0.6677761,0.6624418,0.6677124,0.7295665,0.7005463,0.7009109,0.70274806,19787,169322.78995490074,0.42349198,0.601254,0.5921522,0.6015781,4.557128439233619,0.0,0.0
141134,1449700,0.0,0.023026448,0.028622992,0.03359002,10,0.0,270300,2815700,0.6755285,0.6736037,0.6699421,0.6689197,0.6755285,0.6966301,0.69856507,0.7025097,19791,169333.1940293312,0.6755285,0.5920498,0.5915791,0.6025675,5.021251378978236,0.0,0.0
141159,1449950,0.2778078,0.02899388,0.03875092,0.034382254,10,0.0,270372,2816420,0.43746707,0.6697135,0.65857804,0.66794837,0.7152749,0.6987074,0.6973289,0.7023306,19795,169343.72888755798,0.41470838,0.5923165,0.5793911,0.60185426,4.044211190101754,0.0,0.0
141183,1450190,-0.022437036,0.021691358,0.041163813,0.033719096,10,0.0,270448,2817180,0.67197394,0.68851894,0.65826255,0.66849434,0.6495369,0.7102103,0.6994264,0.70221347,19799,169353.97786092758,0.40069562,0.5847367,0.5781628,0.6019633,4.537753394981288,0.0,0.0
141210,1450460,0.2605721,0.014101041,0.03818256,0.032141395,10,0.0,270523,2817930,0.4346988,0.6940319,0.6617581,0.67008364,0.6952709,0.70813286,0.69994086,0.702225,19803,169364.12249541283,0.4346988,0.6486094,0.5839197,0.60349584,4.934826537653563,0.0,0.0
141236,1450720,0.054707706,0.024551367,0.045909733,0.03277781,10,0.0,270595,2818650,0.6723422,0.6703361,0.6538023,0.6692158,0.7270499,0.6948875,0.69971204,0.70199364,19807,169374.29163217545,0.37040243,0.6516046,0.5885899,0.6055608,4.467699986184581,0.0,0.0
141264,1451000,-0.013390064,0.035276055,0.043512415,0.032914948,10,0.0,270678,2819480,0.73439515,0.66879946,0.65793973,0.6690147,0.7210051,0.70407546,0.7014523,0.7019296,19811,169385.1883327961,0.7135719,0.65638316,0.59751743,0.6053012,4.741886636649707,0.0,0.0
141283,1451190,0.30561504,0.06914537,0.048996773,0.033162456,10,0.0,270746,2820160,0.4139668,0.635808,0.6521238,0.6683114,0.71958184,0.7049533,0.70112056,0.7014739,19815,169395.50521302223,0.4139668,0.59280044,0.59475076,0.60429114,4.3715087918386075,0.0,0.0
141312,1451480,0.22185853,0.07784788,0.056747552,0.033930264,10,0.0,270817,2820870,0.45085278,0.6227292,0.64643836,0.6676477,0.6727113,0.70057714,0.70318586,0.70157796,19819,169405.3162908554,0.4285041,0.5522255,0.58787215,0.6037652,14.70686063542077,0.0,0.0
141339,1451750,0.008873165,0.039847344,0.057160884,0.033749435,10,0.0,270894,2821640,0.70175993,0.6566559,0.64589477,0.66776764,0.7106331,0.6965033,0.70305574,0.7015171,19823,169416.00279808044,0.4237873,0.53624266,0.5694119,0.602745,4.563911456524331,0.0,0.0
141363,1451990,0.046728134,0.018188078,0.050316572,0.033604715,10,0.0,270957,2822270,0.69318444,0.70362186,0.6553389,0.6681478,0.73991257,0.7218098,0.7056555,0.70175254,19827,169426.15638399124,0.52866626,0.6120804,0.56978667,0.6034188,15.486742883685416,0.0,0.0
141388,1452240,0.012910724,0.035586715,0.054166067,0.033842195,10,0.0,271033,2823030,0.693725,0.69224715,0.6546198,0.6682568,0.7066357,0.72783387,0.70878583,0.70209897,19831,169436.41383242607,0.68984884,0.65445155,0.57918227,0.603865,16.678200857151264,0.0,0.0
141414,1452500,0.10949856,0.08903153,0.0534709,0.035187077,10,0.0,271107,2823770,0.6864409,0.6148836,0.65626687,0.66722375,0.79593945,0.7039152,0.7097377,0.7024109,19835,169446.92353510857,0.37670365,0.54925936,0.5812592,0.6026739,18.469632778623986,0.0,0.0
141439,1452750,0.236063,0.09583646,0.056890856,0.036677323,10,0.0,271180,2824500,0.48546553,0.593802,0.65141034,0.66542697,0.72152853,0.68963844,0.7083012,0.7021043,19839,169456.97199463844,0.45792437,0.4958528,0.5716069,0.5993044,14.838647594572718,0.0,0.0
141466,1453020,0.19244188,0.09591709,0.06160843,0.037932023,10,0.0,271247,2825170,0.5171006,0.5858955,0.6420741,0.6636759,0.70954245,0.6818126,0.7036825,0.7016079,19843,169467.1596171856,0.4001516,0.5305191,0.55806106,0.5957345,15.21461425731656,0.0,0.0
141494,1453300,0.30424777,0.06496317,0.07492956,0.03912739,10,0.0,271317,2825870,0.39517412,0.66231817,0.6289261,0.6627761,0.6994219,0.72728133,0.7038556,0.70190346,19847,169477.733877182,0.39517412,0.5854937,0.54515153,0.59532213,4.9073980039546505,0.0,0.0
141517,1453530,0.36477137,0.0739754,0.08462765,0.041454937,10,0.0,271395,2826650,0.3349973,0.62906545,0.6155721,0.66065323,0.69976866,0.7030408,0.7001997,0.70210814,19851,169487.81724500656,0.3349973,0.5358795,0.531537,0.5927735,14.922981789873743,0.0,0.0
141546,1453820,0.38527182,0.10632529,0.086250134,0.041950867,10,0.0,271465,2827350,0.3798351,0.5914415,0.6169373,0.6602633,0.7651069,0.69776684,0.70318735,0.7022142,19855,169499.35417461395,0.3798351,0.4350155,0.5335462,0.5904709,4.270720862537557,0.0,0.0
141573,1454090,0.23737085,0.057387434,0.09073817,0.0428747,10,0.0,271558,2828280,0.4965676,0.6349858,0.6146033,0.65941477,0.73393846,0.6923732,0.70534134,0.70228946,19860,169511.75596928596,0.33179423,0.579638,0.5298792,0.58803463,4.512124029019654,0.0,0.0
141598,1454340,0.21105641,0.13551669,0.09730377,0.04604258,10,0.0,271634,2829040,0.4995749,0.5806739,0.60775435,0.65650827,0.7106313,0.71619064,0.70505816,0.7025509,19864,169521.3824043274,0.4995749,0.48998213,0.5198437,0.5853309,18.76071092305043,0.0,0.0
141634,1454700,0.3529118,0.113503024,0.1070751,0.0484343,10,0.0,271724,2829940,0.38363686,0.58061224,0.59745574,0.6543949,0.73654866,0.6941153,0.7045308,0.70282924,19869,169533.2654056549,0.38363686,0.48932657,0.5112555,0.5836708,4.9085638517613495,0.0,0.0
141665,1455010,0.16190112,0.18999581,0.113005355,0.05178246,10,0.0,271820,2830900,0.59207356,0.5334569,0.59430397,0.65134215,0.7539747,0.72345275,0.7073094,0.70312464,19874,169545.31157112122,0.44033405,0.45528942,0.51426524,0.57969415,4.938616178529927,0.0,0.0
141696,1455320,0.010181487,0.15209234,0.11808343,0.054634042,10,0.0,271906,2831760,0.6971189,0.54851353,0.5904549,0.64860743,0.70730036,0.7006058,0.7085383,0.70324147,19879,169557.05542302132,0.52064615,0.49259537,0.5128109,0.57640684,4.829108131598741,0.0,0.0
141727,1455630,-0.008352518,0.10395136,0.11257253,0.056481864,10,0.0,271996,2832660,0.6811271,0.6000767,0.59545535,0.64683133,0.67277455,0.704028,0.70802796,0.70331323,19884,169569.05043554306,0.42818153,0.52817476,0.51538026,0.5730375,4.853800560518942,0.0,0.0
141752,1455880,0.31664336,0.1409936,0.11798885,0.05919265,10,0.0,272074,2833440,0.41058725,0.56059605,0.586335,0.64365244,0.7272306,0.7015896,0.7043239,0.7028451,19888,169578.5173780918,0.41058725,0.5379231,0.51517004,0.569868,13.694649091072938,0.0,0.0
141786,1456220,0.20834464,0.14077446,0.12379694,0.06311499,10,0.0,272163,2834330,0.50101984,0.5752526,0.57619387,0.63966197,0.7093645,0.71602714,0.69999087,0.70277697,19893,169590.36356663704,0.50101984,0.48378888,0.49729678,0.5655435,4.274334937638366,0.0,0.0
141811,1456470,0.26017937,0.12910075,0.12671949,0.06654738,10,0.0,272236,2835060,0.44008508,0.5698731,0.5716231,0.63627577,0.70026445,0.69897383,0.69834256,0.7028231,19897,169600.32313466072,0.44008508,0.4859519,0.49962848,0.5636576,17.121096650443487,0.0,0.0
141842,1456780,0.0,0.08811869,0.12991531,0.06938613,10,0.0,272330,2836000,0.673462,0.61805475,0.57144874,0.6336304,0.673462,0.7061734,0.701364,0.70301646,19902,169612.36145472527,0.673462,0.5647802,0.50406873,0.5599071,5.8145087123973145,0.0,0.0
141874,1457100,0.014812946,0.16153435,0.13413107,0.072880946,10,0.0,272431,2837010,0.69060063,0.53626645,0.5679898,0.6303823,0.7054136,0.6978008,0.7021209,0.7032633,19907,169624.2721235752,0.3647832,0.4690349,0.5029823,0.5566046,4.744073843837404,0.0,0.0
141905,1457410,0.2488263,0.103482865,0.12395566,0.0758812,10,0.0,272512,2837820,0.4188355,0.5986159,0.5776844,0.6272779,0.6676618,0.7020988,0.70164007,0.70315903,19912,169636.0980746746,0.39827812,0.5183537,0.49831894,0.5526172,4.5976327086567235,0.0,0.0
141938,1457740,0.28256795,0.07040862,0.12044439,0.078079104,10,0.0,272605,2838750,0.42360762,0.64019704,0.5787099,0.6249365,0.70617557,0.7106057,0.69915426,0.70301557,19917,169647.800873518,0.3991166,0.6001028,0.50213933,0.54951906,5.17526132928687,0.0,0.0
141966,1458020,0.2529856,0.14154053,0.120486125,0.08179665,10,0.0,272674,2839440,0.4129539,0.56360704,0.5794775,0.6213952,0.6659395,0.70514756,0.6999635,0.70319176,19921,169657.2600250244,0.4027421,0.50808036,0.50201815,0.5451362,14.955264038976427,0.0,0.0
141998,1458340,0.27524433,0.14175057,0.12494447,0.084677584,10,0.0,272773,2840430,0.43349847,0.5619432,0.5761839,0.61829174,0.7087428,0.7036938,0.7011283,0.7029694,19926,169669.21965694427,0.43349847,0.49158853,0.5116679,0.5427338,4.933313933978601,0.0,0.0
142027,1458630,0.26945683,0.10138781,0.12548828,0.08704086,10,0.0,272854,2841240,0.45159522,0.5926186,0.5771327,0.615865,0.72105205,0.6940064,0.70262116,0.7029058,19931,169681.11836647987,0.42293462,0.50892985,0.5170283,0.54065466,4.498118144794803,0.0,0.0
142056,1458920,0.22884417,0.16960016,0.13702473,0.09042759,10,0.0,272930,2842000,0.5806025,0.5557848,0.56665593,0.6125967,0.8094467,0.72538507,0.70368075,0.7030242,19935,169690.59158301353,0.3652007,0.5112491,0.50807196,0.5371013,15.680924905627787,0.0,0.0
142089,1459250,0.013470411,0.10673954,0.12712267,0.09298056,10,0.0,273019,2842890,0.68920314,0.60881895,0.57882893,0.6104452,0.70267355,0.7155585,0.7059515,0.70342577,19940,169702.46051692963,0.37121072,0.5327052,0.51148176,0.5357315,5.324782476057671,0.0,0.0
142109,1459450,0.17684335,0.12438814,0.12909983,0.09495585,10,0.0,273099,2843690,0.53681684,0.59525573,0.57601136,0.60854936,0.7136602,0.7196439,0.70511127,0.7035053,19944,169713.63001799583,0.40854582,0.48106885,0.49819607,0.53267175,3.8225154447959047,0.0,0.0
142137,1459730,0.2397219,0.114129424,0.12952448,0.09745669,10,0.0,273183,2844530,0.4510404,0.5804088,0.5799633,0.6065393,0.6907623,0.69453824,0.70948774,0.70399594,19948,169726.2734427452,0.3454919,0.5377336,0.49672416,0.53043026,3.7123349009155455,0.0,0.0
142161,1459970,0.19988573,0.08513944,0.11597057,0.09850905,10,0.0,273245,2845150,0.49214584,0.63984346,0.59200674,0.60577273,0.69203156,0.724983,0.70797735,0.70428175,19951,169735.17309570312,0.44286424,0.5385593,0.5017652,0.5293971,18.764941183734113,0.0,0.0
142185,1460210,0.0015493631,0.14891863,0.12412,0.100579485,10,0.0,273320,2845900,0.71121854,0.5590172,0.58297807,0.60358435,0.7127679,0.70793575,0.7070982,0.7041638,19955,169746.8851940632,0.3907874,0.4713611,0.49435684,0.52773374,3.9434593666496083,0.0,0.0
142205,1460410,0.44491446,0.15244749,0.11894664,0.10277855,10,0.0,273396,2846660,0.3108909,0.5469922,0.5869596,0.601345,0.7558054,0.6994397,0.70590615,0.70412356,19959,169758.1151509285,0.3108909,0.48610982,0.49832138,0.5246369,4.198946355090188,0.0,0.0
142236,1460720,0.1635673,0.15279433,0.124484465,0.105571225,10,0.0,273473,2847430,0.53920966,0.53680825,0.57697123,0.5985803,0.70277697,0.6896026,0.7014558,0.70415163,19963,169769.5898733139,0.35020173,0.49054083,0.5022569,0.5216687,3.271259049417935,0.0,0.0
142258,1460940,0.14365345,0.12538543,0.13272206,0.10722697,10,0.0,273551,2848210,0.52798325,0.5812557,0.5689578,0.5970083,0.6716367,0.7066411,0.7016798,0.70423526,19967,169780.96609520912,0.30347496,0.50296,0.48749393,0.5185121,4.57514102662694,0.0,0.0
142287,1461230,0.2910099,0.15727438,0.14396678,0.11012016,10,0.0,273626,2848960,0.38783324,0.5334566,0.5535775,0.5938029,0.67884314,0.69073087,0.69754434,0.7039231,19971,169792.60878491402,0.32567167,0.45417517,0.4747752,0.51574564,4.886213303050481,0.0,0.0
142313,1461490,0.24695483,0.10146161,0.14401981,0.11249767,10,0.0,273700,2849700,0.4096621,0.60195714,0.55237776,0.5910542,0.6566169,0.70341885,0.6963975,0.7035519,19975,169803.2958636284,0.4096621,0.4710504,0.47787717,0.51258653,4.572710918447567,0.0,0.0
142333,1461690,0.26095983,0.083095886,0.13213795,0.11348811,10,0.0,273776,2850460,0.47634593,0.6257614,0.56649745,0.59012204,0.73730576,0.7088573,0.69863546,0.7036102,19979,169813.64815998077,0.4107756,0.491597,0.47898972,0.5117291,4.539857034092786,0.0,0.0
142362,1461980,0.27310237,0.14835115,0.13310185,0.1159004,10,0.0,273841,2851110,0.424706,0.5495871,0.56653965,0.5877302,0.6978084,0.69793826,0.69964147,0.7036306,19983,169824.06398439407,0.424706,0.5324446,0.5000795,0.5105438,4.041377857725867,0.0,0.0
142388,1462240,0.27833423,0.18095851,0.13199969,0.11847808,10,0.0,273919,2851890,0.4309416,0.5404344,0.57151246,0.58477545,0.70927584,0.7213929,0.70351213,0.70325357,19987,169834.5046300888,0.4309416,0.49259734,0.50947565,0.50834125,4.8841894038471905,0.0,0.0
142411,1462470,0.2967428,0.15020277,0.1372152,0.120997176,10,0.0,273985,2852550,0.43819112,0.5812391,0.5691946,0.5819762,0.7349339,0.7020125,0.7043244,0.7029979,19991,169844.7847445011,0.34202144,0.4684649,0.5137913,0.50601697,19.483388526072822,0.0,0.0
142436,1462720,0.001232326,0.15247142,0.15456289,0.123263165,10,0.0,274059,2853290,0.6757992,0.56011814,0.55180967,0.58008873,0.6770315,0.7125896,0.7063727,0.7033519,19995,169854.996625185,0.6757992,0.48547393,0.5087154,0.505671,23.60372477372962,0.0,0.0
142467,1463030,0.0,0.17861235,0.15865624,0.12591523,10,0.0,274129,2853990,0.7276458,0.5348292,0.5485906,0.5777581,0.7276458,0.7134415,0.7072468,0.7036733,19999,169865.51846909523,0.7276458,0.50403255,0.5065024,0.504452,4.7451107632671325,0.0,0.0
142488,1463240,0.31993833,0.14685325,0.15452404,0.1268491,10,0.0,274201,2854710,0.3525804,0.5467569,0.5499188,0.57638717,0.67251873,0.69361013,0.7044427,0.7032362,20003,169876.06594252586,0.3525804,0.51367724,0.5032932,0.5039514,4.240650922057349,0.0,0.0
142514,1463500,0.29397905,0.14482735,0.15054764,0.12779075,10,0.0,274274,2855440,0.39876676,0.54789174,0.55185384,0.5752074,0.6927458,0.692719,0.7024015,0.70299816,20007,169886.31742286682,0.39876676,0.45386943,0.49380368,0.502017,4.497187317221188,0.0,0.0
142540,1463760,0.3592981,0.097636245,0.13653712,0.12809826,10,0.0,274353,2856230,0.36240464,0.5957532,0.5630695,0.5750121,0.72170275,0.69338936,0.69960666,0.70311034,20011,169896.82273054123,0.34585813,0.530389,0.49411285,0.5015592,4.551143210102936,0.0,0.0
142563,1463990,0.4200567,0.05452169,0.11862683,0.12798524,10,0.0,274414,2856840,0.29254758,0.6735277,0.5817847,0.575172,0.7126043,0.7280494,0.7004116,0.70315725,20015,169906.97134304047,0.29254758,0.53011,0.50264245,0.50267506,4.304737300226275,0.0,0.0
142593,1464290,0.34318057,0.16201039,0.12375497,0.13023715,10,0.0,274496,2857660,0.40956923,0.56173855,0.5823315,0.57329357,0.7527498,0.7237489,0.70608634,0.7035307,20019,169917.1278398037,0.40956923,0.5262836,0.49881828,0.5007381,4.089914654328774,0.0,0.0
142619,1464550,0.4122967,0.125169,0.12494538,0.13018326,10,0.0,274562,2858320,0.34228516,0.5665206,0.57962704,0.57276,0.75458187,0.6916895,0.70457244,0.7029433,20023,169927.4975554943,0.34228516,0.4411475,0.49364796,0.49973834,4.946425275651235,0.0,0.0
142646,1464820,0.32753253,0.17778382,0.13322315,0.13145189,10,0.0,274637,2859070,0.379031,0.5190037,0.57439536,0.57171226,0.70656353,0.69678754,0.7076184,0.70316416,20027,169937.85395359993,0.34412482,0.460535,0.49195915,0.49921075,4.9948846037827614,0.0,0.0
142671,1465070,0.0144892335,0.09874652,0.13594078,0.1308999,10,0.0,274705,2859750,0.7243308,0.61460125,0.57195646,0.5723169,0.73882,0.7133478,0.70789725,0.7032168,20031,169948.63994312286,0.38419706,0.5792428,0.49160057,0.49980488,4.26269077436217,0.0,0.0
142692,1465280,0.36398774,0.11719134,0.12671527,0.13111843,10,0.0,274774,2860440,0.4225225,0.5939544,0.58114296,0.5722158,0.7865102,0.71114576,0.7078583,0.7033343,20035,169958.8895125389,0.4225225,0.53392124,0.5028803,0.4998409,4.524059532480857,0.0,0.0
142722,1465580,0.44496,0.11528704,0.1274002,0.13186966,10,0.0,274848,2861180,0.33498764,0.5670589,0.58183914,0.5712667,0.77994764,0.682346,0.70923924,0.7031363,20039,169969.1123843193,0.32985425,0.41649094,0.49972957,0.49772242,4.884914104999872,0.0,0.0
142745,1465810,0.051885605,0.15610495,0.12420035,0.13193499,10,0.0,274924,2861940,0.6628794,0.5526457,0.5836934,0.57142884,0.714765,0.7087506,0.7078937,0.7033638,20043,169979.33759617805,0.6628794,0.5125982,0.50624084,0.4988117,4.169693634232035,0.0,0.0
142775,1466110,0.33450237,0.15138665,0.12916483,0.13171671,10,0.0,274987,2862570,0.34014633,0.5619307,0.5746575,0.5718212,0.6746487,0.7133173,0.70382226,0.7035379,20047,169989.61482310295,0.34014633,0.5293373,0.49707478,0.49910247,5.111757042171986,0.0,0.0
142788,1466240,0.29325294,0.084149264,0.12040554,0.13125826,10,0.0,275051,2863210,0.4211201,0.61431664,0.582594,0.57228166,0.71437305,0.6984659,0.7029996,0.7035399,20050,169999.60449528694,0.34583607,0.5430759,0.50336003,0.49975783,11.981596413437384,0.0,0.0
142813,1466490,-0.016213119,0.0648475,0.1097927,0.129551,10,0.0,275115,2863850,0.74573267,0.6488381,0.59332335,0.5742919,0.72951955,0.7136856,0.703116,0.7038429,20053,170009.64665532112,0.4976544,0.6330303,0.52497315,0.5013499,13.502524376986077,0.0,0.0
142828,1466640,-0.0013002157,0.028837413,0.10523099,0.12855099,10,0.0,275182,2864520,0.6820485,0.668811,0.59911364,0.57527393,0.6807483,0.6976484,0.7043446,0.70382494,20056,170021.31416034698,0.39132518,0.553858,0.53523755,0.50210744,3.865734361638768,0.0,0.0
142854,1466900,0.22161236,0.06506218,0.08890227,0.12816,10,0.0,275271,2865410,0.4835182,0.6481765,0.6169118,0.575485,0.7051306,0.7132386,0.7058143,0.70364493,20060,170034.40451693535,0.44938946,0.567091,0.54511094,0.5023337,3.024718102858923,0.0,0.0
142873,1467090,0.043400645,0.08386157,0.0852564,0.12712115,10,0.0,275338,2866080,0.690397,0.6127959,0.6181805,0.5765044,0.73379767,0.6966574,0.703437,0.70362556,20063,170045.25809025764,0.39204934,0.5413691,0.54563177,0.50311655,2.9394700871376878,0.0,0.0
142894,1467300,0.035431266,0.1367306,0.09582158,0.127513,10,0.0,275405,2866750,0.67940193,0.56830585,0.60659075,0.5762604,0.7148332,0.7050365,0.7024122,0.70377344,20066,170055.58600854874,0.34990713,0.4594164,0.5284016,0.50313634,3.5072959261705003,0.0,0.0
142917,1467530,-0.0017157793,0.10480583,0.09815359,0.12736638,10,0.0,275487,2867570,0.6698072,0.59700584,0.60274047,0.5765956,0.6680914,0.70181173,0.700894,0.7039619,20070,170068.42228603363,0.3769288,0.58459353,0.53252596,0.50473875,3.457914199488226,0.0,0.0
142941,1467770,0.05485922,0.1703876,0.11054149,0.12735103,10,0.0,275565,2868350,0.66240174,0.52639794,0.590635,0.5764608,0.71726096,0.69678557,0.70117646,0.7038119,20074,170080.73315787315,0.46932092,0.4597332,0.5233784,0.5041208,4.042383935415984,0.0,0.0
142967,1468030,0.24813774,0.09112186,0.10784952,0.12649639,10,0.0,275637,2869070,0.39882633,0.6101047,0.59459466,0.5773943,0.6469641,0.70122653,0.70244414,0.7038907,20078,170092.23126029968,0.34976503,0.5160929,0.5236666,0.5048352,3.926330013419137,0.0,0.0
142993,1468290,0.03056705,0.045693118,0.094253674,0.124950945,10,0.0,275708,2869780,0.6864828,0.6510288,0.6081516,0.57899636,0.71704984,0.6967219,0.7024052,0.70394725,20082,170102.83689403534,0.44664732,0.46017665,0.5236475,0.5042042,4.360143360769891,0.0,0.0
143020,1468560,0.20919228,0.1318753,0.09807453,0.12453404,10,0.0,275790,2870600,0.49311054,0.5554949,0.60725325,0.57964116,0.7023028,0.68737024,0.70532775,0.7041752,20086,170114.41210222244,0.43794486,0.48795956,0.51073295,0.50459874,3.406286246016745,0.0,0.0
143048,1468840,0.0,0.115236424,0.088893555,0.12331044,10,0.0,275859,2871290,0.6842152,0.5813116,0.6172015,0.58106214,0.6842152,0.69654804,0.706095,0.7043726,20090,170125.85494613647,0.6842152,0.5570594,0.5193304,0.50479406,4.129165180527623,0.0,0.0
143068,1469040,0.27813703,0.11039038,0.08954736,0.12140734,10,0.0,275926,2871960,0.43279737,0.5859788,0.6142497,0.5823193,0.7109344,0.6963691,0.7037969,0.7037267,20093,170135.63237833977,0.33244568,0.53824264,0.5144239,0.50576353,15.141377873819444,0.0,0.0
143092,1469280,0.02579546,0.11387254,0.095787525,0.122031465,10,0.0,276004,2872740,0.65031904,0.5792394,0.6069788,0.5817091,0.6761145,0.693112,0.70276636,0.7037406,20097,170147.41297769547,0.35362107,0.56733596,0.5275546,0.5061106,4.336999973115445,0.0,0.0
143110,1469460,0.22225773,0.15908453,0.097535975,0.12138942,10,0.0,276060,2873300,0.47513336,0.5544755,0.60362536,0.58232135,0.6973911,0.71356,0.7011613,0.70371073,20100,170157.18407940865,0.47513336,0.4922402,0.52249205,0.5067209,19.578454245098506,0.0,0.0
143135,1469710,0.0,0.07791458,0.097192325,0.11986534,10,0.0,276146,2874160,0.7034264,0.6055423,0.60296994,0.5834687,0.7034264,0.68345696,0.70016235,0.70333403,20104,170170.26636266708,0.7034264,0.51912427,0.52523607,0.5078166,3.4861153534630684,0.0,0.0
143162,1469980,0.12916028,0.069917805,0.10240759,0.12043892,10,0.0,276224,2874940,0.54459625,0.6262752,0.5961756,0.5825136,0.67375654,0.6961929,0.69858325,0.70295244,20108,170183.3941025734,0.3978162,0.4900663,0.51710975,0.50712156,2.852195058593604,0.0,0.0
143184,1470200,0.3274168,0.11540462,0.113237135,0.12116202,10,0.0,276306,2875760,0.45408425,0.58236974,0.5835516,0.58149785,0.78150105,0.6977744,0.6967887,0.7026599,20112,170195.9503800869,0.39848295,0.49516892,0.50201535,0.50612104,3.8769962795919595,0.0,0.0
143210,1470460,-0.026209474,0.056577563,0.09833012,0.11920663,10,0.0,276381,2876510,0.73527807,0.64602864,0.59736174,0.58350086,0.7090686,0.70260614,0.6956918,0.7027075,20116,170206.90454769135,0.6990562,0.6191275,0.51710576,0.50842804,4.003933001510196,0.0,0.0
143237,1470730,0.00023919344,0.016729588,0.089029506,0.1163057,10,0.0,276463,2877330,0.6792363,0.6700866,0.60587,0.58636266,0.6794755,0.68681616,0.69489944,0.7026683,20120,170217.5774052143,0.6792363,0.5988763,0.53563535,0.5115446,3.644296242606694,0.0,0.0
143266,1471020,-0.020455182,0.017625034,0.06067579,0.11317601,10,0.0,276532,2878020,0.7062859,0.70231664,0.63919544,0.5895985,0.6858307,0.7199416,0.6998713,0.70277447,20124,170228.1758468151,0.685577,0.6765473,0.5804656,0.5166992,4.770804700437588,0.0,0.0
143292,1471280,0.016681254,0.007887369,0.032726027,0.10960777,10,0.0,276606,2878760,0.69660634,0.6934625,0.66805315,0.5934381,0.7132876,0.70134985,0.7007792,0.7030459,20128,170238.6301085949,0.6825065,0.68134713,0.6198709,0.52096075,4.584116651520359,0.0,0.0
143316,1471520,0.09830505,0.014392907,0.022890626,0.10657281,10,0.0,276685,2879550,0.55230826,0.68406564,0.6771392,0.5964886,0.6506133,0.6984585,0.7000299,0.7030614,20132,170249.0459754467,0.3684813,0.63241315,0.6358384,0.5250657,4.929710873549857,0.0,0.0
143340,1471760,0.074454844,0.029204171,0.021817846,0.1050897,10,0.0,276752,2880220,0.6496057,0.66365135,0.6791134,0.5977382,0.72406054,0.6928555,0.7009312,0.70282793,20136,170259.74162578583,0.6496057,0.6251434,0.63757384,0.5273588,4.127086960098271,0.0,0.0
143368,1472040,0.039660692,0.015742242,0.033213336,0.10257491,10,0.0,276837,2881070,0.6236936,0.6778308,0.66458017,0.6001505,0.6633543,0.69357306,0.6977935,0.70272547,20140,170271.07868123055,0.6236936,0.65776503,0.6196602,0.5297348,4.099040655548784,0.0,0.0
143392,1472280,-0.025042057,0.0663727,0.03609245,0.09987514,10,0.0,276919,2881890,0.71911657,0.6442842,0.66569155,0.60301346,0.6940745,0.7106569,0.7017841,0.7028886,20144,170283.78799319267,0.4768982,0.61594474,0.6221292,0.53219557,3.498582526155514,0.0,0.0
143418,1472540,0.0,0.048264664,0.05052442,0.09819447,10,0.0,277000,2882700,0.7016822,0.65131414,0.65125954,0.60453063,0.7016822,0.69957876,0.70178396,0.7027251,20148,170295.652477026,0.7016822,0.5733473,0.5972842,0.53311914,4.40691008894925,0.0,0.0
143442,1472780,0.04188305,0.07102705,0.054388016,0.09549565,10,0.0,277065,2883350,0.72574115,0.6563763,0.6522718,0.60735,0.7676242,0.7274034,0.7066599,0.7028456,20152,170306.28884983063,0.50108135,0.581479,0.5904287,0.53524923,4.913134947967182,0.0,0.0
143471,1473070,0.0002168417,0.05094736,0.059015583,0.09270205,10,0.0,277146,2884160,0.7066281,0.6464006,0.649198,0.6101604,0.7068449,0.697348,0.70821357,0.70286244,20156,170317.12747573853,0.7066281,0.61675894,0.58833814,0.5379686,3.979085605235391,0.0,0.0
143495,1473310,0.034782827,0.011001754,0.059588455,0.08972337,10,0.0,277221,2884910,0.7005375,0.6902944,0.644675,0.6132178,0.7353203,0.70129615,0.7042634,0.7029412,20160,170328.47340035439,0.6421994,0.6448403,0.5827974,0.5410448,4.0594176696721345,0.0,0.0
143517,1473530,0.045136213,0.020672709,0.04541378,0.08733728,10,0.0,277290,2885600,0.6676461,0.68225414,0.65813196,0.6155834,0.7127823,0.70292675,0.70354575,0.7029208,20164,170340.77267313004,0.6676461,0.6041387,0.6013631,0.54444027,3.3527430348694374,0.0,0.0
143537,1473730,0.085190415,-0.0052815257,0.030941736,0.085066795,10,0.0,277358,2886280,0.6007435,0.70143676,0.67277056,0.6180511,0.6859339,0.69615525,0.7037124,0.7031178,20167,170351.0984170437,0.6007435,0.6574184,0.624762,0.5482557,3.358413918615851,0.0,0.0
143566,1474020,0.012834966,0.009202724,0.02472669,0.08323281,10,0.0,277429,2886990,0.7265347,0.7041767,0.67855346,0.61989725,0.7393697,0.7084857,0.7024595,0.70309544,20171,170362.63271927834,0.66844046,0.68511444,0.637886,0.55111194,4.289286386675173,0.0,0.0
143591,1474270,-0.029496074,0.009604645,0.01376122,0.07918479,10,0.0,277507,2887770,0.6809688,0.69797885,0.6921318,0.6237748,0.65147275,0.7075835,0.70589304,0.7029596,20175,170372.99393486977,0.59637094,0.67916405,0.65575486,0.5560305,5.197905125898166,0.0,0.0
