actor_episodes,actor_loss,actor_steps,binary_accuracy,categorical_accuracy,critic_loss,entropy_mean,evaluator_episodes,evaluator_steps,learner_steps,learner_walltime,logits_neg,logits_pos,logsumexp,steps_per_second
80,3.0490599,12000,0.9847715,0.0040283203,5.6410217,-0.081727564,20,3000,1,0,-3.667013,-3.6660256,8.082184,0.0
94,5.4555373,14100,0.99048805,0.05053711,4.518114,-13.62174,24,3600,9,10.352988719940186,-7.9494824,-4.484295,3.0122275,62.44131338328599
109,7.991601,16350,0.97354555,0.26428223,3.1153781,-16.512726,30,4500,19,20.374509572982788,-14.961245,-2.9728785,16.11709,62.41679096833929
113,9.082403,16950,0.97252345,0.29229736,2.8948727,-18.443005,52,7800,30,31.21702218055725,-17.395048,-2.7563453,16.548988,66.47565019407632
117,11.281039,17550,0.9903014,0.37561035,2.3333278,-25.707489,73,10950,41,42.022244691848755,-24.837889,-2.2908301,6.993883,69.52180958668217
121,19.15204,18150,0.9945409,0.4227295,1.9602002,-27.84568,95,14250,52,52.78802418708801,-41.664825,-1.9201934,3.9121656,66.16492213831374
128,28.136494,19200,0.9946866,0.4440918,1.7440672,-29.13714,119,17850,65,63.43510675430298,-61.750305,-1.7072253,3.2187104,70.22822623896943
134,32.591084,20100,0.99438715,0.46063232,1.6261028,-27.096,138,20700,75,73.66137647628784,-72.566696,-1.5982603,3.738915,58.90749716144623
138,40.056614,20700,0.9950483,0.47106934,1.6165459,-26.716225,156,23400,86,84.45422196388245,-88.7138,-1.6105106,2.81293,68.91721732397237
142,41.079124,21300,0.9949641,0.49023438,1.4962797,-27.74218,175,26250,97,95.1261579990387,-93.59764,-1.4519908,3.1188242,69.28625381230552
145,45.699074,21750,0.9950185,0.48950195,1.4785159,-29.378761,201,30150,108,105.98718667030334,-104.85841,-1.4609102,2.8539119,69.34399429615068
150,45.32658,22500,0.9946146,0.50665283,1.4115043,-29.193935,221,33150,118,116.14244508743286,-106.48032,-1.390158,3.969826,61.900465944712934
155,52.91472,23250,0.9947376,0.52545166,1.3936331,-29.661612,241,36150,129,127.06254267692566,-123.02571,-1.3528712,3.985214,68.97416688207541
160,55.025787,24000,0.99504256,0.5202637,1.3540236,-29.777706,264,39600,140,137.86519718170166,-129.41199,-1.3354783,3.0909426,61.25253933997469
166,55.82505,24900,0.995106,0.5369873,1.2929537,-29.77263,281,42150,151,148.7249903678894,-129.74835,-1.280725,3.454733,68.67947780812455
170,58.16146,25500,0.9948089,0.5626831,1.2204454,-28.073883,299,44850,161,158.84811186790466,-139.33618,-1.1573374,4.179214,67.39800142611804
174,62.53098,26100,0.9949095,0.54626465,1.2673519,-30.21334,319,47850,172,169.62948298454285,-146.56555,-1.2482585,3.702248,69.09619138249549
178,65.09416,26700,0.99460006,0.54522705,1.2382246,-30.165878,343,51450,183,180.44533610343933,-154.91783,-1.187638,4.6574335,68.93617235464774
182,65.65216,27300,0.99559593,0.56622314,1.1470516,-31.097353,366,54900,193,190.6206076145172,-155.07642,-1.1316581,2.2657661,54.69180146971933
187,68.08846,28050,0.9947014,0.5758667,1.1660903,-31.745766,386,57900,204,201.50469541549683,-163.04263,-1.1460532,4.626833,60.317789622531066
192,70.73588,28800,0.9955604,0.5776367,1.1198303,-31.77197,406,60900,215,212.37332320213318,-167.50809,-1.1049556,2.637192,68.80423474626535
198,69.73188,29700,0.99516416,0.57281494,1.1572908,-31.242008,427,64050,225,222.47215127944946,-167.75992,-1.126297,3.6235857,60.35315783616192
202,74.847084,30300,0.99536586,0.57525635,1.1213405,-30.52566,447,67050,235,232.6557638645172,-180.30185,-1.0852804,3.0134997,54.5253419977364
206,80.0852,30900,0.99476266,0.5922241,1.1063821,-30.812735,468,70200,246,243.42798805236816,-190.2033,-1.0453291,4.7819715,69.55353152607861
209,81.557335,31350,0.9954207,0.5953369,1.0675223,-31.74211,489,73350,257,254.2937207221985,-193.9375,-1.0347944,3.1306057,69.15552166363528
215,81.99045,32250,0.99460006,0.6156616,1.0462765,-30.966154,511,76650,268,265.27600145339966,-194.256,-0.9649615,6.4426436,54.52849865128857
219,81.44744,32850,0.99523497,0.59954834,1.0652487,-32.042458,533,79950,279,276.29324746131897,-195.08754,-1.0157878,3.4071748,59.6799752774341
225,90.357376,33750,0.99510145,0.6133423,1.0408471,-32.952583,551,82650,289,286.37323784828186,-214.28229,-0.98464245,4.2115316,60.87378997007736
230,90.29666,34500,0.9954889,0.62646484,0.98358524,-33.020035,573,85950,300,297.3525016307831,-214.03064,-0.94485354,3.5733056,59.09512221432141
234,91.46426,35100,0.9952457,0.6201172,1.0259156,-32.77179,590,88500,310,307.58962202072144,-220.24406,-1.0092273,4.1102448,68.13708670695125
238,94.21572,35700,0.9956598,0.62615967,0.9635519,-33.24147,614,92100,321,318.48808336257935,-224.8225,-0.94011885,3.1938493,70.00504261815573
242,95.110245,36300,0.9957502,0.65527344,0.90071106,-32.719284,630,94500,331,328.50220108032227,-221.8092,-0.8537859,3.5772972,69.30364100705233
246,100.70363,36900,0.9954927,0.63586426,0.93825555,-32.383408,654,98100,342,339.2864582538605,-234.21553,-0.9155751,3.903287,67.64140477983162
250,97.45567,37500,0.9954717,0.6559448,0.89583004,-33.11351,672,100800,352,349.5092897415161,-231.57928,-0.8596897,4.4075665,68.43691658478606
255,95.330734,38250,0.99460363,0.6472168,0.9480343,-33.01635,695,104250,362,359.58555817604065,-226.84647,-0.8882946,9.080543,60.127194778315854
260,105.75141,39000,0.99565744,0.66400146,0.86261916,-32.110817,714,107100,372,369.6900279521942,-251.57704,-0.8326807,3.9575863,58.4073386830058
264,104.81705,39600,0.99538326,0.6802368,0.8575285,-32.789467,733,109950,382,379.73223876953125,-250.19421,-0.8075669,5.6142216,55.148821750254854
268,106.266525,40200,0.99600863,0.6757202,0.82358027,-32.71849,750,112500,392,389.80378460884094,-249.15079,-0.78734714,2.972249,68.24745332569591
274,108.8755,41100,0.99577093,0.66918945,0.8178978,-33.023422,772,115800,403,400.88220953941345,-255.90596,-0.8042643,3.8460398,59.05444324889414
278,102.96065,41700,0.99583817,0.68914795,0.7881638,-32.863884,790,118500,413,410.883802652359,-242.68045,-0.76659787,4.08585,59.629651037127886
282,101.52913,42300,0.99562526,0.6850586,0.80787146,-32.546936,808,121200,423,420.9898290634155,-242.06924,-0.76664597,5.088173,64.36283954166475
286,108.391914,42900,0.99617934,0.6876221,0.75471115,-33.513885,827,124050,434,431.82958912849426,-255.23979,-0.7407234,2.4864964,67.68399179931674
290,109.9751,43500,0.9960761,0.7126465,0.7259382,-33.273094,849,127350,443,441.96100091934204,-262.21283,-0.69545186,3.4862218,62.00180622236676
294,109.05508,44100,0.9957988,0.6973877,0.76363754,-33.14024,869,130350,454,452.79325222969055,-259.6844,-0.7088284,4.4183426,69.59269694672558
298,113.45799,44700,0.9962218,0.71899414,0.7017503,-33.46562,888,133200,464,462.90636587142944,-264.40485,-0.68307775,2.6949942,68.90228718191446
304,118.56249,45600,0.99597096,0.6925049,0.76101273,-33.35267,911,136650,475,473.9837210178375,-276.12704,-0.7229418,3.4530737,58.85547277022254
308,111.50226,46200,0.9957869,0.7126465,0.73915684,-33.166035,929,139350,486,484.73376297950745,-266.5382,-0.70199233,5.4578204,69.22109376027446
313,116.2681,46950,0.99584913,0.7071533,0.7393222,-33.297108,949,142350,496,494.7595980167389,-278.46558,-0.72358,4.7918687,60.13815970173262
318,113.554886,47700,0.9958234,0.71875,0.7202266,-33.595154,968,145200,506,504.93437218666077,-266.84238,-0.6507721,5.5637903,57.47496743372624
322,114.99043,48300,0.9960282,0.71435547,0.7071871,-33.251526,987,148050,517,515.7133102416992,-273.16614,-0.67164713,3.8133779,69.69027904881699
326,113.2906,48900,0.9961128,0.71655273,0.6923709,-33.09914,1006,150900,528,526.5356571674347,-267.53357,-0.63228303,3.858183,69.47864150443321
330,119.9701,49500,0.99621916,0.72125244,0.6789478,-33.7478,1031,154650,539,537.2736551761627,-282.94598,-0.62807465,3.6937308,69.6192470236127
335,117.997955,50250,0.99610114,0.72961426,0.6731397,-33.400173,1051,157650,549,547.415139913559,-281.09894,-0.6404759,4.2310276,59.91218266249033
340,125.83097,51000,0.99639535,0.73779297,0.63393396,-33.44377,1072,160800,560,558.3682606220245,-296.7588,-0.6117719,2.7010489,59.67692370966254
345,127.7269,51750,0.9959605,0.73309326,0.6980547,-33.767605,1091,163650,571,569.2804837226868,-301.08606,-0.6559266,4.508623,59.97011184154969
350,125.18776,52500,0.99614954,0.7380371,0.6653256,-33.282154,1110,166500,581,579.5526857376099,-293.67355,-0.6273461,3.715137,51.21131109204189
354,119.12883,53100,0.99627495,0.7494507,0.63714445,-32.79543,1128,169200,591,589.6588733196259,-284.10004,-0.6151328,3.5901577,60.833617782825925
358,121.5586,53700,0.9960623,0.7388916,0.65822035,-32.441437,1151,172650,602,600.3738791942596,-288.53775,-0.59622955,4.5807295,69.51241204953996
362,133.58423,54300,0.9960766,0.73876953,0.66883004,-32.63146,1170,175500,612,610.5829019546509,-309.80328,-0.6086856,4.577871,69.61915674430789
366,129.55762,54900,0.99607754,0.7559204,0.64960265,-32.2924,1191,178650,623,621.5405368804932,-307.3629,-0.6061421,4.4986696,60.27515341301147
371,124.45239,55650,0.9962058,0.74328613,0.65378,-31.814987,1214,182100,634,632.4664824008942,-293.1079,-0.58943045,4.4260974,60.317586320951435
376,128.29706,56400,0.9961777,0.7597656,0.6322912,-31.777687,1231,184650,644,642.8432078361511,-304.41556,-0.57603526,4.8807087,56.06887456392574
381,124.749725,57150,0.9962461,0.74957275,0.6442971,-32.101006,1252,187800,655,653.7244834899902,-295.7364,-0.57577074,3.923345,59.88871095198425
385,134.19437,57750,0.99617386,0.7475586,0.6444104,-32.519005,1269,190350,665,663.8289036750793,-314.67566,-0.6014543,4.0640993,67.8993138623283
390,133.08252,58500,0.99565625,0.75,0.6757673,-32.524704,1289,193350,676,674.6682670116425,-322.2216,-0.60742426,6.379285,68.27295196752223
394,134.36655,59100,0.996228,0.7657471,0.6211171,-32.20551,1309,196350,687,685.3522043228149,-318.46796,-0.5814088,4.3740053,69.85662182710271
398,140.36267,59700,0.9964349,0.7648926,0.6016592,-32.186596,1335,200250,698,696.1273620128632,-324.41852,-0.54399,3.4733522,70.57048755557612
402,147.6176,60300,0.9963486,0.7659912,0.60626864,-31.654053,1354,203100,708,706.4258432388306,-341.40524,-0.5522141,3.7184567,70.09042298056448
408,139.59058,61200,0.9960239,0.75805664,0.6203886,-31.622456,1375,206250,719,717.4679849147797,-326.39087,-0.5783648,6.147419,59.02584942348553
413,141.21985,61950,0.9964404,0.7571411,0.61131835,-32.432503,1394,209100,730,728.3955130577087,-329.0943,-0.57628274,3.2289562,59.771587797073316
418,137.19345,62700,0.9962456,0.76519775,0.60362566,-32.70413,1416,212400,741,739.3643205165863,-321.4055,-0.5517865,4.7809434,58.57666080759214
422,140.12338,63300,0.99607396,0.786438,0.5817596,-32.580616,1433,214950,751,750.0188148021698,-328.85608,-0.5177311,7.4026537,68.62222422187716
426,138.22665,63900,0.9960103,0.7788696,0.6146126,-32.7252,1454,218100,762,760.7345867156982,-327.22876,-0.59573495,6.01904,69.11821696494208
430,139.69997,64500,0.99662924,0.7809448,0.5562719,-32.859,1471,220650,772,770.7501111030579,-328.22797,-0.51880705,3.0345669,69.74652047468138
434,139.69537,65100,0.99659395,0.77557373,0.55678827,-32.58499,1494,224100,783,781.6963465213776,-333.15213,-0.5351795,2.5185633,67.55207315194994
440,144.38313,66000,0.9961889,0.78497314,0.57073295,-33.097984,1518,227700,794,792.7603938579559,-341.4292,-0.5034925,6.250307,58.71953118078699
445,147.2967,66750,0.9960649,0.7734375,0.60602117,-32.812847,1538,230700,805,803.6477236747742,-349.7069,-0.54905355,5.105646,59.742481598340966
450,140.79388,67500,0.9963732,0.7728882,0.5697292,-32.672398,1556,233400,816,814.5408289432526,-335.35602,-0.5445651,4.446347,61.05854249490829
454,151.08673,68100,0.9958911,0.7828369,0.60555464,-32.341377,1576,236400,826,824.7207329273224,-354.19177,-0.5238763,8.123432,67.71619361145272
458,151.12149,68700,0.9958861,0.78222656,0.6066588,-32.67074,1598,239700,837,835.6003177165985,-357.31232,-0.5491025,8.626689,68.6030031061504
462,152.69159,69300,0.99639606,0.79003906,0.5678458,-33.64482,1621,243150,848,846.4133117198944,-361.89,-0.5357604,4.221965,69.85391322812565
467,153.48627,70050,0.9961908,0.7839966,0.5736033,-32.941162,1643,246450,859,857.4890692234039,-355.36926,-0.5294366,5.1463537,53.808483137959236
472,158.42722,70800,0.9966204,0.7855835,0.5384573,-32.292267,1660,249000,869,867.5271327495575,-372.7324,-0.5046454,3.1860704,59.13464572583918
477,150.89246,71550,0.99650407,0.78796387,0.5400744,-33.07271,1681,252150,880,878.4217848777771,-353.61368,-0.49176317,3.8889613,58.53675607462145
482,155.27388,72300,0.99664354,0.7860718,0.5456657,-31.585878,1700,255000,891,889.4767544269562,-371.6034,-0.50365305,3.1963112,60.66898748381489
486,151.73044,72900,0.99660826,0.78826904,0.52953726,-32.39353,1718,257700,901,899.6607158184052,-361.03015,-0.4919753,3.3715107,66.96313547641944
490,146.4909,73500,0.9964745,0.8006592,0.5260923,-32.337494,1740,261000,911,909.996298789978,-350.85205,-0.49305785,5.280127,70.59325902384312
494,161.07135,74100,0.99656034,0.80249023,0.50332963,-31.787186,1759,263850,922,920.7314298152924,-376.0406,-0.45768818,4.240849,69.43973005895647
498,157.98254,74700,0.99668694,0.80578613,0.5067947,-31.558914,1779,266850,933,931.492607831955,-373.23273,-0.47272712,3.5144768,69.83346917496307
503,151.80545,75450,0.9966209,0.80755615,0.48846245,-32.07165,1801,270150,943,941.6802821159363,-359.5631,-0.44846413,4.059056,59.815540226319776
508,155.52483,76200,0.9965544,0.80303955,0.51135087,-33.07134,1821,273150,954,952.7009983062744,-368.52655,-0.47241008,4.9301214,60.35355135085064
512,154.37689,76800,0.9965129,0.7921753,0.52964735,-33.483566,1839,275850,964,962.8859522342682,-365.20847,-0.47183272,4.3608847,67.85504901020295
517,158.79028,77550,0.9965043,0.78796387,0.5237404,-33.804413,1859,278850,974,973.1329395771027,-377.91455,-0.46836382,4.498292,59.53539603773744
522,158.45523,78300,0.9965668,0.807312,0.508752,-33.869286,1878,281700,984,983.4215216636658,-377.178,-0.45597047,4.8451176,59.024253037236655
526,147.38992,78900,0.9966867,0.81121826,0.47266638,-33.753326,1898,284700,995,994.230028629303,-351.4927,-0.4360173,3.976661,68.38165168277142
530,159.55719,79500,0.9964194,0.80285645,0.5104543,-33.474533,1917,287550,1006,1005.1588382720947,-375.58173,-0.47665536,4.8311253,64.10109633260731
534,157.58054,80100,0.9968524,0.80859375,0.47830528,-32.9357,1940,291000,1016,1015.211225271225,-377.08926,-0.4527473,2.690245,61.79306890283218
538,155.58864,80700,0.99678254,0.8163452,0.46870187,-31.880001,1958,293700,1027,1026.1290380954742,-377.74365,-0.4397655,3.1855526,65.97028288764218
543,165.65355,81450,0.9967239,0.8095703,0.48621732,-32.280235,1976,296400,1037,1036.195967912674,-391.23538,-0.45506883,3.0250945,60.18022448473565
548,159.69945,82200,0.9968307,0.81536865,0.46168968,-32.015785,1995,299250,1047,1046.2655444145203,-385.38098,-0.4378208,3.065905,60.009983054560735
552,154.94763,82800,0.9967594,0.8210449,0.46387142,-31.493889,2012,301800,1057,1056.3683457374573,-371.74078,-0.423688,4.129888,58.78619390180367
557,154.18433,83550,0.99650455,0.8215332,0.4864377,-30.485245,2030,304500,1068,1067.3723883628845,-367.76144,-0.43655708,6.8898253,60.008869588038976
562,156.31796,84300,0.99681854,0.8156738,0.45581326,-29.235188,2045,306750,1078,1077.3920567035675,-375.77612,-0.424032,3.0523982,59.123874366468065
566,163.43169,84900,0.996778,0.8114624,0.47102308,-32.09998,2062,309300,1089,1088.1568541526794,-385.2594,-0.4285071,3.5886211,69.86589446073594
570,158.53198,85500,0.9969399,0.8260498,0.42395288,-32.524624,2078,311700,1099,1098.369868516922,-372.93643,-0.39131612,2.9131317,70.18696603572107
574,160.0199,86100,0.9968512,0.83026123,0.44153947,-30.731636,2099,314850,1110,1109.1756103038788,-378.14252,-0.42691478,3.4096427,67.96959699150189
579,148.80551,86850,0.9967456,0.8121338,0.5988102,-31.717579,2116,317400,1121,1120.0602207183838,-357.50677,-0.58288485,3.7478125,61.37094177092138
584,148.91283,87600,0.99682665,0.81518555,0.45800465,-30.94746,2137,320550,1132,1131.2712519168854,-364.05814,-0.41385865,3.5605178,52.53971832331185
589,143.03311,88350,0.9967065,0.810791,0.53362405,-32.777405,2153,322950,1143,1142.2621948719025,-360.5295,-0.49466813,3.9202657,60.85099346980986
594,144.78915,89100,0.9968302,0.8187866,0.4620941,-32.263695,2169,325350,1154,1153.1603438854218,-365.74237,-0.42764345,3.3025937,68.56327971170445
598,144.33249,89700,0.99662924,0.82592773,0.48454562,-32.637016,2189,328350,1165,1164.0034673213959,-364.9077,-0.43158114,5.174395,69.20876164134074
602,138.52829,90300,0.99677396,0.8098755,0.48285294,-31.8251,2204,330600,1175,1174.1446833610535,-354.80746,-0.4458984,3.3045928,69.12104679319675
606,137.87662,90900,0.9967575,0.79541016,0.5856333,-32.0174,2222,333300,1186,1184.9073958396912,-348.9741,-0.5604956,3.4009833,68.34284532955918
611,129.54181,91650,0.9968157,0.80688477,0.5199711,-30.803837,2242,336300,1196,1195.0034713745117,-334.91843,-0.50163966,3.5587616,60.54151699618418
615,122.42076,92250,0.9965732,0.798645,0.6051014,-31.699602,2258,338700,1206,1205.21582198143,-328.89172,-0.5550457,4.774891,53.114453652284
620,123.114334,93000,0.99688745,0.8243408,0.50468814,-30.953522,2273,340950,1216,1215.4380605220795,-327.62866,-0.46872193,3.3003986,59.66895130331875
625,123.3178,93750,0.9968314,0.80914307,0.62097144,-32.287926,2290,343500,1227,1226.4916281700134,-329.1802,-0.58946383,3.1669796,56.243587213188256
630,111.6703,94500,0.99694586,0.8279419,0.4809999,-33.179893,2308,346200,1238,1237.3903484344482,-307.9674,-0.436666,3.0952377,59.15693027544448
634,96.22757,95100,0.9967723,0.81414795,0.52717817,-29.960531,2323,348450,1248,1247.4356756210327,-292.27258,-0.48216563,3.6441808,68.68286931611746
638,95.48337,95700,0.9968548,0.81848145,0.49528658,-24.377106,2341,351150,1258,1257.444580078125,-295.8265,-0.4639747,2.758884,69.41787610390618
642,93.27432,96300,0.99686027,0.8195801,0.54120505,-28.947575,2357,353550,1269,1268.2809751033783,-288.85837,-0.5158342,3.1902804,69.73758749170612
646,88.49124,96900,0.99682975,0.82055664,0.56940013,-27.716146,2374,356100,1280,1279.215547323227,-284.97632,-0.5619992,3.036733,68.21491772980042
651,79.89286,97650,0.99697256,0.826355,0.49795556,-26.927216,2394,359100,1290,1289.27507686615,-271.26123,-0.47956845,2.6405602,58.892544297951645
656,80.508446,98400,0.99688625,0.8137207,0.50937015,-29.248938,2411,361650,1300,1299.5438778400421,-271.6113,-0.4823171,2.573808,51.68795612110406
660,76.949036,99000,0.99671507,0.8016968,0.6103909,-28.19746,2426,363900,1310,1310.3693113327026,-268.09143,-0.58244073,3.3805666,67.29631789349233
665,72.2045,99750,0.9968698,0.82891846,0.54313695,-27.738817,2444,366600,1321,1321.34419131279,-263.9649,-0.52369714,2.9984078,60.20919167948896
670,66.82359,100500,0.9968033,0.82354736,0.54194206,-26.835728,2460,369000,1331,1331.5223858356476,-257.34863,-0.51646256,3.0663085,53.7130668391234
674,67.249725,101100,0.99686265,0.82263184,0.5768465,-28.48231,2476,371400,1342,1342.2979707717896,-257.73553,-0.5565339,2.9306746,68.57049554031343
678,64.76822,101700,0.99689054,0.82543945,0.50431657,-24.458935,2491,373650,1353,1353.110543012619,-254.5313,-0.4889283,2.6143851,66.43235016212401
682,63.788445,102300,0.99683976,0.8218994,0.50771695,-25.214165,2511,376650,1363,1363.3771123886108,-255.9823,-0.4713544,2.7949321,64.86567908585303
686,60.896545,102900,0.99685645,0.8220215,0.5151157,-26.15953,2525,378750,1373,1373.5427193641663,-258.33688,-0.48104063,2.6753404,67.88178295112728
691,61.099434,103650,0.996835,0.8220825,0.5233811,-25.731804,2545,381750,1384,1384.5473456382751,-247.56224,-0.49047738,2.86009,59.16922654390012
696,58.104527,104400,0.99689746,0.83618164,0.46526992,-24.140472,2560,384000,1394,1394.5648529529572,-254.2149,-0.42511606,3.6935768,58.949423726907845
701,57.776947,105150,0.99677014,0.81903076,0.51915884,-26.202366,2576,386400,1405,1405.5323662757874,-250.2244,-0.47910357,3.449811,58.3789870365312
705,50.324516,105750,0.9968865,0.82543945,0.502125,-21.960098,2593,388950,1415,1415.8250374794006,-240.55472,-0.48053306,2.425755,60.27382707783076
710,55.862614,106500,0.9969139,0.82525635,0.5104481,-21.748825,2609,391350,1425,1425.9477031230927,-245.61859,-0.46623534,2.8196921,56.91686125887963
714,53.917435,107100,0.99689174,0.8130493,0.53548366,-24.56165,2624,393600,1435,1435.955071926117,-247.47069,-0.5250705,2.4944983,68.59557008830896
718,53.466713,107700,0.9968848,0.8375244,0.47662094,-24.779324,2640,396000,1446,1446.7637958526611,-256.9762,-0.45234686,2.5008612,69.7227163436876
722,53.723866,108300,0.99690366,0.82006836,0.5171091,-26.014048,2656,398400,1456,1456.9399349689484,-254.9255,-0.5030992,2.2157922,70.42622069984553
726,53.169132,108900,0.9968233,0.8201294,0.53590095,-25.16737,2674,401100,1467,1467.7194154262543,-258.7487,-0.5037014,2.613099,69.3777595597627
731,53.548172,109650,0.99693894,0.8272705,0.518962,-25.914795,2696,404400,1478,1478.6957511901855,-248.14847,-0.4879708,2.278554,59.35719955934648
736,52.84234,110400,0.99689555,0.8239136,0.51539105,-24.541653,2711,406650,1488,1488.8917291164398,-253.41727,-0.49497175,2.4653027,58.64722737283983
740,50.35896,111000,0.9968674,0.81518555,0.5403149,-26.001719,2727,409050,1498,1499.061041355133,-246.79242,-0.51448834,2.3578563,59.09440669589443
745,48.3202,111750,0.99697185,0.8340454,0.4871546,-24.810469,2743,411450,1508,1509.467346906662,-239.78195,-0.46059555,2.5248919,55.105925506383045
749,51.074387,112350,0.996861,0.8286743,0.5061531,-23.680534,2759,413850,1518,1519.6294202804565,-250.39682,-0.48112535,2.8534174,59.52937555191566
754,50.59838,113100,0.99688625,0.8189087,0.5270442,-24.744411,2773,415950,1528,1529.7755279541016,-254.4255,-0.5130615,2.8331907,56.69678324159693
758,50.935253,113700,0.99691653,0.8255615,0.5320425,-25.525291,2788,418200,1538,1539.8804111480713,-249.49121,-0.5237052,2.5222948,67.52663440540766
762,51.287792,114300,0.99689984,0.81781006,0.5359054,-24.442673,2806,420900,1549,1550.808250427246,-256.05084,-0.5109746,2.435144,68.73985452839523
766,51.954567,114900,0.99678946,0.8123169,0.5607314,-25.275581,2823,423450,1560,1561.7077190876007,-254.28506,-0.525292,2.834673,70.12788707035035
770,54.568817,115500,0.9968872,0.83117676,0.4930665,-26.538181,2842,426300,1571,1572.518679857254,-263.18237,-0.47877192,2.308692,69.67211866366594
775,51.50311,116250,0.996825,0.8197632,0.5512893,-23.136066,2860,429000,1581,1582.76575922966,-263.05228,-0.5263181,3.0033302,59.62855163963522
780,52.34782,117000,0.9968486,0.8140259,0.52880645,-24.109291,2875,431250,1591,1593.0796246528625,-265.29877,-0.49522787,2.7702255,58.56242477500404
785,56.59709,117750,0.9969046,0.81933594,0.5186785,-22.573137,2892,433800,1602,1604.1177995204926,-276.64777,-0.49420446,2.5351796,58.72048170685156
790,53.917854,118500,0.9969361,0.8125,0.532691,-25.491188,2907,436050,1612,1614.457531929016,-261.79538,-0.4965567,2.265184,50.86714872904826
794,51.88862,119100,0.99684596,0.8033447,0.57706374,-27.247578,2922,438300,1622,1624.4841566085815,-264.14386,-0.54320383,2.4241726,68.49165923113213
798,53.677788,119700,0.9969051,0.82403564,0.5459907,-26.080893,2940,441000,1633,1635.3159472942352,-252.56808,-0.5061639,2.5324576,70.0461805345352
802,58.095936,120300,0.99681044,0.8093262,0.5760509,-23.225906,2961,444150,1644,1646.0886385440826,-269.88373,-0.524305,3.4489074,69.8260759182841
806,56.726696,120900,0.9966495,0.8026123,0.5920089,-25.892273,2976,446400,1654,1656.177945137024,-273.8918,-0.54928625,3.3664196,70.14723904897716
810,58.966377,121500,0.9969194,0.8183594,0.53279185,-19.0736,2994,449100,1664,1666.1974477767944,-274.7912,-0.52436197,2.4338694,63.60062189591062
814,56.479843,122100,0.99684906,0.8300171,0.5512805,-21.535896,3006,450900,1673,1676.6090004444122,-277.2696,-0.5171428,3.3728824,67.61618826051867
818,56.443542,122700,0.9968636,0.80444336,0.56315684,-27.678535,3025,453750,1683,1687.0954115390778,-283.04803,-0.52955395,2.658256,62.66459679817802
822,54.998116,123300,0.9968307,0.8171387,0.56474584,-23.965538,3039,455850,1692,1697.7731845378876,-276.97266,-0.5198164,3.558977,54.2659679869035
826,58.33056,123900,0.9969585,0.826355,0.5551487,-26.28324,3055,458250,1701,1708.043424129486,-280.41537,-0.5232093,2.4265294,57.24379715085523
830,60.0207,124500,0.9967749,0.8032837,0.600917,-25.49936,3070,460500,1711,1718.7857975959778,-281.5362,-0.5672794,3.2445087,68.2789605468921
834,61.66712,125100,0.99680305,0.81121826,0.5891294,-27.44536,3088,463200,1721,1729.0814459323883,-290.502,-0.568412,2.602252,56.40204894773856
839,57.05101,125850,0.9968512,0.8126221,0.54767025,-26.986372,3105,465750,1731,1739.7255918979645,-272.55188,-0.5106795,2.4598303,57.43825742848822
843,61.308914,126450,0.9968314,0.81695557,0.5552207,-28.703245,3119,467850,1740,1751.0538220405579,-294.85693,-0.52599627,2.7387042,42.116837763332754
847,62.143806,127050,0.99687743,0.8173828,0.5750686,-23.813683,3134,470100,1749,1762.36119222641,-286.67163,-0.5375867,2.7601945,34.06048998755129
850,60.66173,127500,0.9967983,0.82458496,0.59152687,-21.223747,3146,471900,1757,1772.5109267234802,-291.5107,-0.539067,3.644979,63.935642175372976
854,58.095165,128100,0.9968891,0.80963135,0.5973026,-18.761686,3159,473850,1764,1782.7019011974335,-277.35748,-0.5686966,2.7807374,50.39566939851213
858,60.26,128700,0.99695444,0.8312988,0.5239626,-26.997776,3172,475800,1772,1793.8480203151703,-290.3247,-0.50712377,2.317161,48.76456221964989
862,61.792793,129300,0.9968915,0.81048584,0.61588013,-26.061934,3187,478050,1781,1804.7878096103668,-284.2744,-0.5730478,2.5793033,35.35382223248337
866,63.935825,129900,0.99690723,0.83361816,0.5264436,-21.92419,3200,480000,1790,1815.1821711063385,-300.98248,-0.50220853,2.7841182,51.213255383979046
870,59.53669,130500,0.9968188,0.7994385,0.6306959,-18.001703,3217,482550,1800,1825.5353047847748,-289.02448,-0.5864449,3.3174295,57.230274739390396
874,61.260582,131100,0.9969101,0.81347656,0.5756994,-19.127615,3233,484950,1810,1835.6523871421814,-281.6611,-0.55477816,2.7470858,66.76927546498509
878,65.622765,131700,0.99687696,0.8287964,0.5589132,-19.145914,3250,487500,1820,1845.7611730098724,-301.36148,-0.5339132,3.1607285,68.21599250434743
882,62.337723,132300,0.9969022,0.81591797,0.60600066,-20.66574,3265,489750,1830,1855.9620969295502,-302.70258,-0.5637343,2.8191295,68.70974963416379
886,65.443855,132900,0.99698806,0.822937,0.5367714,-23.437801,3280,492000,1840,1866.3707044124603,-305.03668,-0.51324844,2.4164627,68.08962698712251
890,65.30491,133500,0.9969826,0.82598877,0.55771804,-17.725706,3299,494850,1850,1876.634922027588,-294.6458,-0.5233895,3.0594544,59.06804867057233
894,65.01001,134100,0.9967301,0.81933594,0.59070057,-18.87878,3315,497250,1860,1886.9744040966034,-304.76074,-0.542329,4.3854513,68.02833497552925
898,65.73195,134700,0.9967787,0.821228,0.574216,-22.433136,3332,499800,1870,1897.15079331398,-301.90332,-0.5410583,3.6265059,68.00410402746962
1874,45.30356,138300,0.99371266,0.45880127,1.8129871,-26.424269,3414,475980,1763,1780.0076682567596,-90.18411,-1.765461,3.5461764,0.0
1986,128.71912,139420,0.9955168,0.69366455,0.94976544,-20.993774,3470,476540,1772,1790.056833267212,-263.91382,-0.9327431,3.173259,62.417719826564905
2044,147.4993,140000,0.99525,0.6989136,0.9082884,2.4787893,3588,477720,1781,1800.3049414157867,-304.10052,-0.8738109,4.246003,52.988365418248804
2102,162.01938,140580,0.9955976,0.7151489,0.85715973,1.5153625,3695,478790,1790,1810.6889598369598,-340.21655,-0.8287215,3.6460137,54.616500183624744
2158,170.46805,141140,0.9961448,0.7347412,0.78829765,0.063783735,3803,479870,1799,1821.1907043457031,-363.69775,-0.7781838,2.3166413,53.29275677551525
2217,180.47119,141730,0.9951968,0.7454834,0.79166913,-5.0600166,3907,480910,1808,1831.536547422409,-384.0467,-0.750419,5.8735604,57.54492606110704
2274,185.42622,142300,0.99595547,0.7591553,0.7375337,-5.9303865,4014,481980,1817,1841.8713884353638,-394.3724,-0.7313308,3.37384,57.22365011379266
2331,193.97258,142870,0.99541664,0.7458496,0.7786517,-7.0422306,4119,483030,1826,1852.33864402771,-419.30075,-0.7265441,5.2832923,58.03228148943396
2389,200.99353,143450,0.9955716,0.7659302,0.7224297,-6.54208,4225,484090,1835,1862.8770079612732,-434.36743,-0.6414014,5.2785964,54.57428349709894
2446,202.93658,144020,0.9959562,0.7564697,0.7223563,-4.689644,4333,485170,1844,1873.3003251552582,-446.83438,-0.6817492,4.152705,53.93866111544242
2504,206.0396,144600,0.9956677,0.77282715,0.7034286,-5.1692686,4440,486240,1853,1883.9008128643036,-449.25433,-0.63592243,5.2555265,53.41960853613785
2561,214.8543,145170,0.9960079,0.7752075,0.6789106,-7.676462,4547,487310,1862,1894.3703527450562,-465.26663,-0.6382928,3.3749776,54.31445575261617
2620,217.62572,145760,0.99611855,0.79260254,0.6476716,-8.270733,4649,488330,1871,1904.6706941127777,-486.05,-0.5938715,3.8878946,55.055055166738995
2677,224.41602,146330,0.99598074,0.7802124,0.67163324,-6.4733973,4755,489390,1880,1915.295714855194,-496.25848,-0.6035365,4.2350216,47.631912857178854
2734,230.3362,146900,0.99631834,0.78326416,0.6412391,-7.804919,4861,490450,1889,1925.6933991909027,-512.2081,-0.6060606,2.6502686,52.46961767327982
2793,234.62364,147490,0.99606395,0.7687378,0.68124515,-8.722664,4966,491500,1898,1936.0867273807526,-528.0158,-0.6564609,3.6572378,53.04417458634368
2849,241.82614,148050,0.9953821,0.7720947,0.7014054,-10.776487,5073,492570,1907,1946.6704368591309,-534.1515,-0.6290882,7.4152727,52.89691705306137
2907,241.21436,148630,0.99558496,0.7751465,0.6815683,-10.791717,5179,493630,1916,1957.3373460769653,-541.4833,-0.6308584,6.2689443,52.939500746261594
2966,248.44472,149220,0.99610305,0.7926636,0.62719905,-9.8976,5283,494670,1925,1967.772692680359,-556.03705,-0.57838935,4.161591,52.65818192018867
3024,252.79633,149800,0.99622154,0.78570557,0.6224984,-9.80393,5389,495730,1934,1978.2578766345978,-561.3928,-0.6117062,3.327738,54.2972071984056
3080,262.95972,150360,0.9962828,0.78704834,0.62035125,-10.954001,5497,496810,1943,1988.7727499008179,-587.5587,-0.57102513,3.2426305,54.08533231893075
3137,250.52803,150930,0.9964409,0.8051758,0.5813773,-10.43433,5604,497880,1952,1999.761468410492,-555.59937,-0.5458746,3.0340738,51.6550735843251
3195,259.102,151510,0.9958055,0.79071045,0.6339334,-8.590865,5707,498910,1961,2010.1510708332062,-587.81,-0.5570978,5.4351735,53.774000739995984
3252,267.19238,152080,0.99620605,0.80371094,0.59354126,-10.100164,5813,499970,1970,2020.82270860672,-596.4927,-0.54653746,4.429393,51.326728917280995
3311,270.2839,152670,0.9963279,0.7987671,0.5893605,-8.486147,5919,501030,1979,2031.1948246955872,-604.9147,-0.54531574,3.9393716,56.1970186436828
3368,270.4781,153240,0.99629664,0.80804443,0.5840844,-10.494115,6020,502040,1988,2041.5667052268982,-608.6911,-0.53727186,4.1436543,53.11378104737464
3426,273.26917,153820,0.9955926,0.7965698,0.64162886,-9.732967,6134,503180,1997,2052.4258332252502,-617.1316,-0.56571376,8.527868,44.380823138996135
3484,282.1165,154400,0.9963832,0.8041382,0.58330524,-10.445368,6234,504180,2006,2063.517247438431,-634.54193,-0.52210027,3.6118217,58.932301788372286
3541,280.3672,154970,0.99626374,0.8078613,0.5829867,-7.616143,6341,505250,2015,2074.0142362117767,-630.57886,-0.5542635,4.2523546,54.03083537465355
3599,291.37103,155550,0.99606276,0.79956055,0.6055933,-9.637491,6452,506360,2024,2084.7787432670593,-653.1738,-0.5284815,5.480776,50.8418780221258
3657,294.66376,156130,0.9962523,0.79663086,0.5935601,-8.411121,6557,507410,2033,2095.4203884601593,-659.9979,-0.5860431,5.0019455,53.280179810749345
3714,298.835,156700,0.99584603,0.8093872,0.5959003,-8.723072,6663,508470,2042,2106.108344554901,-667.4846,-0.51364034,6.5478783,52.32851730238847
3771,281.44238,157270,0.99621797,0.8116455,0.5756245,-8.639275,6767,509510,2051,2116.7704498767853,-638.51385,-0.5220554,4.6108055,53.20861802328739
3829,296.33725,157850,0.9966159,0.8110962,0.5464804,-8.04362,6873,510570,2060,2127.694324016571,-672.5697,-0.53536403,2.8782146,52.90858371746448
3886,300.3285,158420,0.9960983,0.81903076,0.56563246,-8.792348,6978,511620,2069,2138.2926664352417,-682.96716,-0.50911427,6.3085494,53.59712306921601
3943,291.37018,158990,0.9964943,0.81726074,0.5406729,-6.8224487,7085,512690,2078,2148.6856365203857,-667.1836,-0.5220014,3.8994017,51.97815347020655
4001,297.87332,159570,0.9965091,0.8112793,0.54379696,-5.539982,7191,513750,2087,2159.4208042621613,-671.1366,-0.5086991,3.6814907,52.41067123071297
4060,300.72595,160160,0.9962044,0.8239136,0.5531479,-5.5618563,7295,514790,2096,2169.961458683014,-694.1509,-0.48457286,5.724723,53.49040697355823
4117,298.24536,160730,0.9958706,0.80914307,0.58686274,-7.0095572,7401,515850,2105,2180.6617794036865,-689.022,-0.5167934,7.492849,54.09132650120883
4174,309.99066,161300,0.9962187,0.8249512,0.5511267,-7.1990747,7506,516900,2114,2191.132341146469,-710.14386,-0.49356174,5.3532114,56.12534454298071
4232,318.96484,161880,0.9960189,0.8218994,0.5738158,-6.760495,7611,517950,2123,2201.8334441184998,-723.4667,-0.48276764,7.557075,56.92916139830431
4290,311.4635,162460,0.9964118,0.8290405,0.5286765,-6.560338,7717,519010,2132,2212.3249492645264,-714.43823,-0.46717083,5.0270085,55.413064071872235
4348,312.63864,163040,0.9960594,0.817749,0.5629165,-7.6421404,7821,520050,2141,2222.8392086029053,-722.2229,-0.47480172,6.6079645,55.058815518053684
4404,303.94708,163600,0.996907,0.83062744,0.49339104,-8.463612,7930,521140,2150,2233.859223842621,-701.1211,-0.47208813,1.9319733,52.599460593629175
4463,318.90778,164190,0.9963939,0.8218994,0.52682567,-6.6640472,8032,522160,2159,2244.3553218841553,-732.72974,-0.48317105,3.9305243,55.100145450096825
4521,316.68622,164770,0.99654555,0.8372803,0.5038145,-9.022768,8139,523230,2168,2255.1225893497467,-728.8855,-0.43659204,3.9932594,54.274602921706894
4578,320.3866,165340,0.9966965,0.8323364,0.5032967,-7.329753,8248,524320,2177,2265.8549630641937,-747.2459,-0.4925157,3.366089,56.856114571542825
4636,323.2172,165920,0.99612856,0.8334961,0.5322153,-7.0449934,8353,525370,2186,2276.686990737915,-752.21265,-0.44651,6.580019,51.29936237811083
4701,326.0644,166570,0.9958184,0.8267822,0.5730022,-7.1500664,8470,526540,2196,2287.128839969635,-767.0828,-0.4908397,8.510127,62.64330470262129
4764,324.41138,167200,0.9963343,0.8320923,0.51943666,-7.483794,8587,527710,2206,2297.55996632576,-755.0576,-0.4456271,5.832568,55.57614665527134
4830,318.34317,167860,0.9963126,0.82110596,0.53237545,-5.5604115,8706,528900,2216,2307.621052980423,-737.4709,-0.5070421,4.801704,63.92527350997462
4893,313.432,168490,0.9963901,0.82958984,0.50674915,-6.8836913,8817,530010,2226,2317.6750831604004,-745.1157,-0.44681543,4.851528,63.58466788623827
4955,321.0088,169110,0.9964297,0.8352051,0.5064223,-6.8959146,8932,531160,2236,2327.8870799541473,-749.05334,-0.47644842,4.860183,61.84917890161704
5021,327.8279,169770,0.9968407,0.8341675,0.47357637,-6.3535547,9055,532390,2247,2338.8270246982574,-761.86707,-0.458382,2.159452,65.56130576768035
5096,329.1781,170520,0.9964397,0.84106445,0.49320596,-6.4213862,9190,533740,2258,2349.688656806946,-773.16266,-0.465275,5.136118,63.877462848168285
5155,333.0263,171110,0.99633884,0.8195801,0.5343553,-6.6081786,9296,534800,2268,2359.8343172073364,-779.73126,-0.47626555,5.0475864,64.37754988001552
5231,341.33392,171870,0.99664044,0.83654785,0.49252996,-6.2870417,9431,536150,2279,2370.669374227524,-798.648,-0.4806054,3.3376377,63.81445853190503
5295,337.65375,172510,0.9965286,0.8338623,0.5055227,-4.4133596,9552,537360,2289,2380.6862490177155,-787.1322,-0.4896678,4.35331,61.38171939865751
5359,344.95782,173150,0.9960904,0.828125,0.53522134,-2.7522664,9671,538550,2299,2391.1316454410553,-808.39813,-0.45452893,7.1529117,56.87678691142208
5424,332.26392,173800,0.9954417,0.7984619,0.7247447,-6.8664,9782,539660,2310,2401.9481909275055,-773.08264,-0.5524795,21.03313,67.42390218294983
5500,338.6145,174560,0.9966805,0.8479004,0.46442223,-5.170714,9928,541120,2321,2412.818110704422,-799.3187,-0.4318328,3.771218,63.22011566057355
5564,336.188,175200,0.9968388,0.8485718,0.45576125,-7.467672,10042,542260,2331,2423.211754798889,-792.221,-0.41567254,2.7459104,61.75762734792928
5630,341.2625,175860,0.99604154,0.83721924,0.5231796,-4.194163,10162,543460,2341,2433.247750043869,-796.073,-0.40691644,7.8635106,63.3781264321057
5692,340.28214,176480,0.9967227,0.84399414,0.47275338,-5.122795,10273,544570,2352,2444.128970146179,-807.6012,-0.4231048,3.5834641,65.28109136346016
5765,343.03967,177210,0.9963126,0.82403564,0.52333164,-5.570012,10401,545850,2362,2454.3757557868958,-804.852,-0.48649415,5.631323,63.19268681283499
5832,348.34216,177880,0.99627066,0.8413086,0.50847745,-5.5646324,10522,547060,2373,2465.2804918289185,-823.67566,-0.4695969,6.3121853,64.7179249795553
5904,338.33698,178600,0.9963145,0.8340454,0.5073911,-4.6483936,10654,548380,2384,2476.2797417640686,-802.1979,-0.44839007,6.199767,63.18307821003668
5962,351.1775,179180,0.99659586,0.83166504,0.49657863,-6.0347652,10760,549440,2394,2486.485835790634,-832.06726,-0.44663408,4.458797,64.56882334292438
6031,352.43515,179870,0.99650025,0.8394165,0.49292433,-1.5065972,10881,550650,2405,2497.4009211063385,-840.6787,-0.4472266,4.9848194,64.91586018235465
6106,350.70648,180620,0.99683475,0.8475342,0.4636179,-5.3359814,11025,552090,2416,2508.3144574165344,-829.8475,-0.44298804,2.7453957,63.83392815018301
6166,348.42316,181220,0.9964845,0.8373413,0.48920918,-3.8099172,11121,553050,2426,2518.5722024440765,-832.7935,-0.4503314,4.2085505,65.64512540500064
6239,350.268,181950,0.99646616,0.8359375,0.49355242,-5.046047,11266,554500,2437,2529.534690618515,-834.6008,-0.45149508,4.9995966,64.04498398848297
6306,353.08087,182620,0.99687195,0.8413696,0.4597339,-4.78521,11373,555570,2447,2539.5660223960876,-838.6283,-0.45086604,2.6934702,64.82728394826191
6365,359.36874,183210,0.9961984,0.8372803,0.51524025,-3.981151,11479,556630,2457,2549.799477815628,-847.339,-0.41999352,7.613921,64.41600137453845
6441,366.66815,183970,0.9964423,0.8378296,0.48827672,-3.3518183,11621,558050,2468,2560.7121357917786,-859.9789,-0.42887068,5.336426,64.65465414690131
6511,363.02277,184670,0.9966736,0.83862305,0.4693702,-4.6337204,11741,559250,2479,2571.657865047455,-852.73724,-0.39802915,4.0115166,63.91580609591486
6574,367.21228,185300,0.99625707,0.81707764,0.53731835,-4.3304,11857,560410,2489,2581.9175186157227,-859.94543,-0.49438906,6.8034134,63.99978637766617
6640,353.08844,185960,0.9969063,0.8423462,0.4555334,-2.7453558,11977,561610,2499,2592.0047929286957,-841.8641,-0.42658508,2.175085,61.72146006696032
6701,367.35095,186570,0.99657345,0.8526001,0.45877755,-2.944874,12082,562660,2509,2602.1049053668976,-866.3055,-0.40877163,4.8862586,62.23720045637677
6766,360.99127,187220,0.99661255,0.85583496,0.45266357,-3.1582384,12199,563830,2519,2612.272477388382,-858.8451,-0.41250578,5.0615363,63.288098222226
6838,371.7835,187940,0.99675417,0.8461914,0.4607915,-4.466118,12334,565180,2530,2623.1996507644653,-871.08105,-0.42853093,3.5828357,64.67772532174364
6907,359.98727,188630,0.99630713,0.84277344,0.5031136,-2.9071367,12453,566370,2541,2634.134463071823,-857.53845,-0.44586247,7.6077166,65.19115217427732
6970,366.2667,189260,0.9962268,0.8496094,0.4990307,-2.534102,12568,567520,2551,2644.312121629715,-879.338,-0.4292559,8.72546,65.23692310982513
7035,364.0515,189910,0.99648976,0.838562,0.48641324,-2.1540098,12684,568680,2561,2654.389230966568,-873.8328,-0.44346046,5.750366,65.26142720337019
7105,368.6273,190610,0.996418,0.85754395,0.4574923,-0.39010057,12804,569880,2572,2665.3526270389557,-874.29614,-0.37253752,6.204898,63.688776691657964
7170,370.30768,191260,0.99691343,0.8389282,0.44695783,-2.0463831,12922,571060,2582,2675.4771060943604,-882.2008,-0.43087542,2.3352833,63.329083484498575
7234,376.63965,191900,0.996675,0.8461304,0.45967472,-4.0465794,13040,572240,2592,2685.6855821609497,-893.94104,-0.4082945,4.2477994,58.79528429481809
7299,375.73227,192550,0.9966872,0.8435669,0.46288544,1.0316625,13161,573450,2603,2696.6488013267517,-902.1862,-0.44597256,4.1339903,65.26874234701073
7365,364.05957,193210,0.9965241,0.8494873,0.45769227,-3.0367007,13286,574700,2613,2706.752015352249,-866.7142,-0.385482,4.8083286,62.93681406409798
7439,369.89096,193950,0.9964216,0.85980225,0.4648875,-1.7241503,13406,575900,2624,2717.796578645706,-882.6262,-0.39513308,7.3467894,59.72637098304765
7503,373.6615,194590,0.99658203,0.8567505,0.45411476,-1.6491448,13524,577080,2635,2728.7582297325134,-887.30164,-0.40556908,5.7334604,64.40779432921568
7567,370.2104,195230,0.9964566,0.84039307,0.4852082,2.381268,13640,578240,2645,2738.885372877121,-876.6953,-0.40641555,7.048829,64.13178631454589
7630,363.25583,195860,0.9967661,0.8613281,0.43195966,2.5476341,13748,579320,2655,2748.9146478176117,-883.28455,-0.4137082,3.7556694,64.5564473247845
7708,379.9351,196640,0.9967761,0.85046387,0.44820702,3.9784775,13891,580750,2666,2759.8147366046906,-906.7007,-0.40901065,4.051961,65.29025297117758
7771,385.15717,197270,0.9961691,0.8413086,0.5132198,3.6005807,14008,581920,2676,2769.97159576416,-923.18005,-0.41651568,9.066396,65.18418681204739
7830,377.88306,197860,0.9965973,0.8479004,0.47023284,5.2421985,14100,582840,2686,2780.0921454429626,-907.5856,-0.44350433,5.2116346,64.92793467429058
7907,374.99426,198630,0.99680424,0.8451538,0.44170234,8.084085,14242,584260,2697,2790.9891788959503,-898.5464,-0.43306547,2.8954048,62.925734233899504
7971,377.05493,199270,0.9967277,0.84155273,0.45944178,6.8594003,14351,585350,2707,2801.0562052726746,-911.905,-0.40103248,4.207655,63.24732989681491
8034,370.01596,199900,0.9970267,0.85546875,0.42026418,5.6721277,14473,586570,2718,2811.8961594104767,-896.8508,-0.38998157,1.9082589,67.2718805846267
8111,379.43042,200670,0.99685884,0.8602295,0.42191926,1.2376647,14609,587930,2729,2822.7529730796814,-897.94666,-0.38878128,3.4119713,64.06668929229978
8173,364.02618,201290,0.99689937,0.86376953,0.41068527,1.4460031,14727,589110,2739,2832.830537557602,-876.76416,-0.40144384,3.4285948,63.626912999555806
8237,374.20892,201930,0.9966588,0.8614502,0.43469596,2.0250688,14837,590210,2749,2842.9019446372986,-910.5382,-0.3843408,5.181979,63.40438363088595
8302,376.51575,202580,0.99661446,0.8511963,0.45556664,-1.9379945,14958,591420,2760,2853.791013240814,-924.0448,-0.4023247,5.090841,64.82830159243068
8374,380.31555,203300,0.9965131,0.8519287,0.4544409,-4.356907,15076,592600,2770,2864.018687725067,-903.8168,-0.41067314,5.9719014,63.74316133818262
8443,383.12476,203990,0.9963269,0.8534546,0.47726008,-2.6548574,15209,593930,2781,2874.9471616744995,-918.8452,-0.44383347,8.03804,64.5540565206256
8515,388.90997,204710,0.9967747,0.84942627,0.43475956,-4.108364,15325,595090,2792,2885.8859598636627,-928.1018,-0.41510144,4.0374365,62.537425126333844
8578,385.89932,205340,0.9969022,0.8483887,0.42654175,-0.7459013,15441,596250,2802,2896.020036458969,-921.49744,-0.40685827,2.5750804,63.09232756199401
8641,389.06665,205970,0.99693274,0.8529053,0.430147,-0.96762824,15556,597400,2812,2906.1269676685333,-934.4099,-0.3958481,3.2509127,62.68701592703112
8706,395.2116,206620,0.99664617,0.8477783,0.45533207,-6.946337,15661,598450,2822,2916.2142717838287,-942.4828,-0.39777464,5.0587883,63.32425805520184
8768,406.9873,207240,0.99615264,0.84869385,0.5013572,-4.7785034,15775,599590,2832,2926.3116698265076,-961.773,-0.42666283,9.492075,62.634388550714085
8835,392.6126,207910,0.9966581,0.85357666,0.43903333,-3.641038,15895,600790,2843,2937.2212297916412,-943.7532,-0.4113254,4.8601737,64.66695880194024
8898,388.3194,208540,0.9966686,0.8378906,0.4670936,-3.9298716,16003,601870,2853,2947.3219122886658,-950.8358,-0.39763492,5.4154577,64.5312751441004
8968,397.57962,209240,0.9963119,0.8487549,0.46421617,-4.7940474,16133,603170,2863,2957.406839609146,-948.1865,-0.41168997,6.6893463,63.813123560739385
9033,389.70062,209890,0.996367,0.8461914,0.4799102,-7.648899,16241,604250,2873,2967.4858663082123,-948.32184,-0.42650002,7.2938304,61.39206555184497
9099,388.00867,210550,0.9969492,0.86450195,0.39766645,-5.9565697,16359,605430,2883,2977.548194885254,-943.72034,-0.37063223,2.6647522,64.49624990869845
9161,399.86838,211170,0.99673724,0.85528564,0.43707278,-4.299428,16477,606610,2893,2987.8070311546326,-957.80945,-0.37816405,4.491331,63.57164245626948
9225,402.82132,211810,0.9967363,0.8468628,0.44660082,-1.9587445,16594,607780,2903,2997.8485770225525,-974.59735,-0.40418884,4.571275,63.96980185325874
9290,394.80432,212460,0.99695444,0.8568115,0.41720998,-7.38048,16702,608860,2914,3008.6731712818146,-950.1876,-0.37779716,2.8229632,66.20702500884205
9355,393.93097,213110,0.99685764,0.8652954,0.41157123,-5.5028496,16832,610160,2924,3018.876536846161,-955.7587,-0.35385177,3.8936875,61.797678012624495
9429,406.41278,213850,0.99671626,0.85009766,0.4361719,-4.819726,16952,611360,2935,3029.695314645767,-972.4553,-0.38948566,4.6843815,64.37617580720395
9493,406.8615,214490,0.9959781,0.85632324,0.5182134,-5.6624584,17070,612540,2946,3040.6323895454407,-995.8749,-0.3999697,12.730983,64.27394899994661
9564,415.355,215200,0.99667335,0.8449707,0.4492209,-4.70157,17196,613800,2956,3050.8975121974945,-994.546,-0.43936238,4.5535927,62.63459315525121
9626,402.8791,215820,0.99655485,0.8474121,0.4533676,-6.2611394,17304,614880,2967,3061.785629749298,-978.6535,-0.3866417,6.058284,66.19649426861919
9704,410.8556,216600,0.9969051,0.8586426,0.40985203,-3.136259,17448,616320,2978,3072.656869649887,-977.25305,-0.38731736,2.7829328,64.07023690922466
9769,403.13586,217250,0.9965513,0.8592529,0.44396615,-2.0215135,17556,617400,2988,3082.7863392829895,-966.9579,-0.370533,6.249116,63.90509394879174
9833,385.96832,217890,0.9964185,0.8562012,0.45827407,-11.258446,17674,618580,2999,3093.672377347946,-954.1643,-0.4011578,7.9938107,65.17200100901289
9898,392.56604,218540,0.99698544,0.85058594,0.43033966,-12.4095545,17777,619610,3009,3103.728280544281,-988.2955,-0.40617383,2.2856789,65.90507485523176
9961,399.81213,219170,0.9970677,0.8647461,0.3960309,-10.332247,17894,620780,3019,3113.8482444286346,-991.93256,-0.39191756,2.357153,65.3363381482905
10024,406.28418,219800,0.9969311,0.864563,0.40358263,-8.088763,18012,621960,3029,3123.8641726970673,-1012.17377,-0.35446084,3.2673154,65.40860014356802
10101,388.8755,220570,0.9967773,0.8619385,0.41640663,-8.740627,18141,623250,3040,3134.7914414405823,-975.18256,-0.36612213,4.3544207,64.51416865102445
10158,389.70587,221140,0.99666667,0.86273193,0.41866624,-1.6611155,18247,624310,3050,3145.0104055404663,-970.3208,-0.35126472,5.6685944,65.09860286876192
10234,397.47675,221900,0.9963138,0.8543701,0.47795007,-11.524584,18379,625630,3061,3155.896919488907,-1005.8082,-0.36819816,8.955454,64.64943776386805
10309,399.0326,222650,0.9969611,0.86065674,0.40730637,-9.173573,18507,626910,3072,3166.892166852951,-985.6918,-0.38064092,2.916952,59.87035809521431
10363,391.91193,223190,0.9969735,0.8508911,0.4253388,-5.868244,18613,627970,3082,3177.033988714218,-994.53296,-0.41154796,2.7581024,64.14933445492217
10435,401.32727,223910,0.99675536,0.8619995,0.4182799,-5.6180925,18728,629120,3093,3187.865952014923,-1002.0048,-0.3883835,4.6909018,67.90451821606722
10510,404.25677,224660,0.9966862,0.8550415,0.44175702,-16.531338,18863,630470,3104,3198.7724838256836,-1023.5748,-0.40629292,5.280958,63.61881531532065
10574,405.44806,225300,0.99686503,0.8621826,0.4057009,-25.551987,18978,631620,3114,3208.977890729904,-1019.79285,-0.37469658,3.846483,63.11587003986308
10637,388.2414,225930,0.99696517,0.8548584,0.40909618,-23.793407,19085,632690,3125,3219.925936460495,-1016.03406,-0.37942737,2.5669985,64.29129787081168
10704,386.28372,226600,0.99661016,0.8519287,0.45041412,-25.011375,19204,633880,3135,3229.975296020508,-1022.2656,-0.37885907,6.774993,64.02712636078432
10766,385.0137,227220,0.99701166,0.86743164,0.39255202,-27.015377,19321,635050,3145,3240.1316142082214,-1015.31104,-0.36246136,2.5766406,64.24579818809613
10839,369.42352,227950,0.99671483,0.8687134,0.41421047,-28.022972,19440,636240,3156,3251.066955804825,-992.7317,-0.32211334,6.0318947,65.401205815553
10908,369.9471,228640,0.9967289,0.861145,0.42159197,-28.417671,19569,637530,3166,3261.125490427017,-1002.16077,-0.3645539,5.737974,60.875902132461526
10965,379.04254,229210,0.99684644,0.8671875,0.4076751,-29.141943,19670,638540,3176,3271.266359090805,-1030.5686,-0.3470876,4.2529435,65.76598828520441
11036,370.7658,229920,0.9967532,0.87176514,0.40679076,-28.550724,19800,639840,3186,3281.4417028427124,-1019.19196,-0.32046288,6.1478386,62.99273004093517
11093,352.37006,230490,0.9966152,0.8656616,0.42640918,-27.864492,19905,640890,3196,3291.7546367645264,-976.41394,-0.36186114,7.9503794,64.39682395744421
11164,369.90878,231200,0.9970794,0.87854004,0.360449,-28.428219,20024,642080,3206,3302.1325509548187,-1014.3164,-0.316063,3.0205364,60.42880686654314
11222,363.74878,231780,0.9970417,0.8769531,0.3678897,-28.149603,20128,643120,3216,3312.1909556388855,-1018.3473,-0.36162606,3.1480198,65.02625197154435
11294,359.28583,232500,0.9970243,0.88134766,0.3617871,-27.23981,20243,644270,3226,3322.236956357956,-997.50964,-0.33291268,3.795996,63.82489750490453
11355,353.7802,233110,0.9969218,0.880188,0.3724693,-27.76904,20358,645420,3236,3332.4448029994965,-981.91016,-0.31768626,5.019537,63.84420646353857
11424,360.76483,233800,0.9965713,0.87493896,0.42416018,-29.724762,20478,646620,3247,3343.356774330139,-1018.91907,-0.34414378,9.028574,65.25812719812926
11497,371.04102,234530,0.9970379,0.87060547,0.38302886,-28.955418,20610,647940,3258,3354.283808708191,-1035.9395,-0.33811325,3.6213536,63.624726270862844
11560,342.2494,235160,0.9969876,0.8753052,0.36937854,-26.427216,20712,648960,3268,3364.492110013962,-996.1008,-0.34778905,4.08519,64.183554108508
11633,353.73346,235890,0.996896,0.8688965,0.39756206,-25.84467,20841,650250,3279,3375.4317009449005,-1023.788,-0.34087712,5.5844164,63.09634648951879
11694,348.32104,236500,0.9949374,0.6973877,2.5557947,-25.940247,20958,651420,3289,3385.475647211075,-991.4993,-2.060672,51.676266,62.34723426433826
11751,347.63513,237070,0.997169,0.8895874,0.33639947,-27.173288,21059,652430,3299,3395.4818572998047,-996.3565,-0.31843618,2.5563407,64.02028535824802
11829,346.77203,237850,0.99685574,0.8786621,0.3779926,-29.603706,21191,653750,3310,3406.252464532852,-1007.941,-0.30844468,5.840518,67.18057926836899
11899,358.30118,238550,0.997169,0.892395,0.33860108,-28.083439,21314,654980,3321,3417.081383705139,-1038.5865,-0.33480695,3.3035023,64.32659407156802
11964,347.05225,239200,0.99700546,0.89276123,0.34528333,-28.230118,21430,656140,3331,3427.208301305771,-1015.5623,-0.29504657,5.3624387,60.291453153282454
12029,346.69678,239850,0.9969239,0.8857422,0.3590253,-28.750055,21548,657320,3341,3437.2012977600098,-1005.4116,-0.27272224,5.8432136,63.59271168375949
12092,356.39603,240480,0.9970579,0.8758545,0.35961515,-28.38227,21654,658380,3351,3447.21337389946,-1039.4634,-0.29815787,4.0104046,63.63626484551279
12156,338.09546,241120,0.99718976,0.89801025,0.3198106,-28.295404,21770,659540,3361,3457.338319301605,-995.64246,-0.29893988,3.4093342,63.653678668210844
12222,331.52313,241780,0.9966235,0.8825073,0.392983,-28.054522,21879,660630,3372,3468.144232273102,-986.0329,-0.26917434,9.02677,67.40541411941838
12296,337.78503,242520,0.9972143,0.89105225,0.31734657,-28.66087,22013,661970,3383,3479.0320620536804,-989.54266,-0.28495184,3.0292401,64.91405489011048
12352,351.63757,243080,0.99710846,0.88623047,0.34348547,-27.412422,22122,663060,3393,3489.197737455368,-1031.8872,-0.29050887,3.6130512,64.29601000624193
12430,336.9016,243860,0.99699306,0.88201904,0.35248744,-27.691769,22251,664350,3404,3500.1930758953094,-1008.4114,-0.3112324,4.442653,63.492610616057156
12499,333.75763,244550,0.99697113,0.8878174,0.34853137,-28.716606,22384,665680,3415,3511.1368141174316,-993.87,-0.30679438,5.662571,66.39749780786103
12561,347.13156,245170,0.9969008,0.8886719,0.36041713,-27.01092,22485,666690,3425,3521.2193541526794,-1025.0271,-0.31811303,6.456825,66.79201935816968
12636,326.9651,245920,0.9972415,0.8973999,0.30497658,-27.711418,22618,668020,3436,3532.093557357788,-976.1113,-0.2677223,2.6256208,63.77553975157434
12706,330.34283,246620,0.99720097,0.89886475,0.30927283,-24.95628,22739,669230,3447,3542.9915702342987,-1008.0038,-0.26968223,3.3292491,61.38571987203088
12769,339.9251,247250,0.9971843,0.8951416,0.31165525,-26.915691,22855,670390,3457,3553.2267088890076,-1022.1881,-0.26216808,3.2976518,61.21966953499038
12831,325.66345,247870,0.99721503,0.9030762,0.29317513,-25.643871,22956,671400,3467,3563.3526763916016,-976.95074,-0.27133706,3.5293088,64.67696173118611
12902,323.1272,248580,0.9972191,0.8947754,0.30944854,-26.72595,23089,672730,3478,3574.3145682811737,-999.5044,-0.28720814,3.1112883,64.61317992538211
12968,333.07523,249240,0.99726915,0.89520264,0.2986765,-26.349129,23209,673930,3488,3584.496522665024,-996.5114,-0.27849662,2.0490215,64.99419657179106
13033,331.86734,249890,0.99709654,0.895813,0.319035,-26.021889,23326,675100,3498,3594.737014055252,-1003.2733,-0.2954746,4.3510294,64.6884174830372
13102,327.17175,250580,0.997159,0.89819336,0.30697957,-27.230167,23447,676310,3509,3605.609701156616,-1001.37476,-0.28348762,4.002647,63.417250710278616
13170,324.51166,251260,0.9971688,0.8991699,0.3042946,-28.06393,23562,677460,3519,3615.671635389328,-986.7218,-0.2850921,3.5596116,62.77575202269544
13229,311.87155,251850,0.9972942,0.9041748,0.28359932,-27.591822,23670,678540,3529,3625.762181997299,-970.3524,-0.26560938,2.769384,63.255273659567095
13294,332.06393,252500,0.99695325,0.8826904,0.35009092,-28.101124,23788,679720,3540,3636.5659127235413,-1017.36017,-0.3050912,5.246724,67.99678299149873
13361,318.96698,253170,0.99638486,0.8167114,1.0424827,-27.282955,23903,680870,3550,3646.7381246089935,-979.8065,-0.92162454,26.10735,66.799581935638
13437,316.42233,253930,0.9971328,0.909729,0.29513878,-27.6837,24035,682190,3561,3657.617828607559,-975.0781,-0.25445113,5.0241346,63.54235850199976
13500,317.9468,254560,0.9971745,0.9008789,0.29840574,-26.85247,24147,683310,3572,3668.4407997131348,-979.276,-0.27481145,4.0779495,65.86089875984901
13563,321.80957,255190,0.99701023,0.9003906,0.32320005,-26.602087,24261,684450,3582,3678.8147587776184,-1002.9894,-0.27447492,5.5643983,64.36296300026063
13628,313.55817,255840,0.99718904,0.90686035,0.28359538,-26.301136,24373,685570,3592,3689.039692878723,-986.88245,-0.24512517,3.875501,65.36634433432174
13699,322.59006,256550,0.9970155,0.8997803,0.31503344,-25.88239,24500,686840,3602,3699.0575110912323,-1006.4575,-0.26414007,5.1663475,60.638754386071916
13757,330.96896,257130,0.99718404,0.9047241,0.29907662,-25.631508,24599,687830,3612,3709.2342491149902,-1024.8824,-0.24976437,4.2121897,65.00091676961962
13833,309.30957,257890,0.99723387,0.9050293,0.28516096,-24.974958,24731,689150,3623,3720.1237688064575,-951.4142,-0.26072103,2.7571254,64.46719187839885
13902,321.23407,258580,0.9973333,0.91082764,0.26460123,-24.900833,24852,690360,3634,3730.9998893737793,-970.8762,-0.24330395,2.269606,63.40860717202132
13968,313.73544,259240,0.9972584,0.9116211,0.28293028,-22.265081,24967,691510,3644,3741.0862953662872,-965.0786,-0.22571412,4.436339,62.99824430843565
14031,320.66507,259870,0.997282,0.9066162,0.28498384,-15.482569,25081,692650,3654,3751.2816500663757,-1013.60443,-0.26136106,2.787629,58.0797435135724
14094,315.33997,260500,0.9971552,0.9026489,0.30497864,-20.64616,25188,693720,3665,3762.2274038791656,-984.03125,-0.25011468,4.6400194,65.43457321646696
14160,302.305,261160,0.9972,0.9092407,0.28688496,-18.969734,25304,694880,3675,3772.4130313396454,-957.00684,-0.21769476,4.0678005,64.44199642014857
14221,308.38147,261770,0.99716306,0.90008545,0.3040326,-14.915058,25418,696020,3685,3782.4175193309784,-974.98395,-0.24564503,4.5029497,64.49460733882442
14290,319.15753,262460,0.9970181,0.8919678,0.33073476,-9.862259,25534,697180,3695,3792.470308303833,-1007.48694,-0.2833541,5.416142,63.531891447710976
14358,309.4654,263140,0.9971361,0.90423584,0.30142432,-11.910421,25648,698320,3705,3802.660667657852,-979.0697,-0.28135586,5.175642,64.97009713005156
14416,319.7267,263720,0.9971037,0.9107666,0.3057462,-15.144862,25749,699330,3715,3812.8548498153687,-1004.23645,-0.21571839,6.0527925,64.3348112727311
14480,308.4001,264360,0.9973185,0.90826416,0.274135,-15.195398,25860,700440,3725,3822.9815917015076,-987.25635,-0.2360293,3.097014,64.54534865994721
14543,304.25134,264990,0.9970269,0.8843994,0.35980314,-15.773708,25974,701580,3735,3833.1887922286987,-978.12463,-0.29458085,7.0697355,64.92323937717717
14617,299.8667,265730,0.99718165,0.9123535,0.27572504,-16.663136,26101,702850,3746,3844.175372362137,-960.77893,-0.23552229,4.7706966,64.75612816256563
14682,301.71237,266380,0.99738574,0.9145508,0.25776592,-18.054947,26216,704000,3756,3854.2067596912384,-974.2667,-0.22718433,2.4175134,64.56567065707097
14749,310.41928,267050,0.99717736,0.90460205,0.29581296,-15.805761,26328,705120,3766,3864.572450399399,-1007.4873,-0.24815242,5.1862373,60.158618488756936
14820,298.91122,267760,0.99726033,0.91516113,0.2710054,-16.58925,26453,706370,3777,3875.577912092209,-970.1239,-0.22223923,4.0222874,63.516978846244854
14884,290.3866,268400,0.99741244,0.9244995,0.23706737,-17.416443,26561,707450,3787,3885.5999948978424,-953.57245,-0.19539854,2.7441392,62.61840430003784
14945,300.1128,269010,0.9971678,0.9135132,0.27131468,-18.632359,26677,708610,3797,3896.0188760757446,-983.0143,-0.22388002,4.1579084,56.04475973461175
15011,301.79175,269670,0.99728227,0.907959,0.2788893,-17.038235,26793,709770,3808,3906.9287598133087,-986.36035,-0.2202297,3.6358974,67.1494726435812
15087,304.28015,270430,0.99736476,0.91345215,0.25818995,-21.11391,26926,711100,3819,3917.876770734787,-991.32794,-0.2406089,1.9049937,63.853348896522476
15151,291.39615,271070,0.99702287,0.91430664,0.30314824,-21.146412,27043,712270,3829,3928.0389268398285,-960.35864,-0.22822477,7.4067903,64.33057136646782
15215,289.7775,271710,0.9973104,0.911438,0.25735408,-24.827747,27147,713310,3840,3938.908279657364,-957.6051,-0.23183125,2.6786814,64.21318641204542
15285,301.74707,272410,0.9973309,0.9145508,0.25583392,-23.935574,27276,714600,3850,3948.954120874405,-986.02545,-0.23733032,2.91012,63.12315737764978
15344,293.7376,273000,0.9972973,0.9142456,0.2693947,-23.779528,27370,715540,3860,3959.048967599869,-966.1054,-0.20896572,4.585194,65.80789134404671
15407,301.2381,273630,0.99726415,0.9172363,0.27143508,-24.383966,27486,716700,3870,3969.0616788864136,-987.13873,-0.19984315,4.5279894,65.9085862584999
15483,296.69568,274390,0.99739575,0.9178467,0.2496734,-23.455969,27616,718000,3881,3980.0039699077606,-980.1732,-0.20480022,3.292327,64.36120375998168
15547,292.85327,275030,0.9972334,0.9055786,0.28236526,-25.106804,27727,719110,3891,3990.513700723648,-984.2396,-0.25042853,4.0635676,63.792044490737474
15619,290.03625,275750,0.9973252,0.920105,0.26081023,-24.309113,27855,720390,3902,4001.5036261081696,-953.7646,-0.21086928,4.922056,63.10760517818373
15682,298.6911,276380,0.99734783,0.9199829,0.25031012,-25.530384,27960,721440,3912,4011.578960418701,-988.5228,-0.2061385,3.484477,62.97298712461656
15747,294.8857,277030,0.99738145,0.9140625,0.251954,-24.046349,28074,722580,3922,4021.8800139427185,-971.38135,-0.23275226,2.343176,62.83538250902437
15812,291.51587,277680,0.99728775,0.9088745,0.26571035,-25.723629,28185,723690,3933,4032.719436645508,-977.83295,-0.23433687,2.8405259,66.399928562718
15887,285.6176,278430,0.9974153,0.9173584,0.24010442,-25.098536,28328,725120,3944,4043.5727303028107,-946.88116,-0.21474682,2.060351,64.284877543186
15951,285.82635,279070,0.9974227,0.9234009,0.23320444,-23.82278,28433,726170,3954,4053.797098875046,-948.6522,-0.21174368,2.1803172,62.93668126007727
16016,293.80597,279720,0.99730897,0.9196167,0.25288773,-23.163815,28541,727250,3965,4064.7125957012177,-986.43634,-0.21510443,3.1761956,64.47117109479157
16079,294.29047,280350,0.99730706,0.91674805,0.25565463,-23.737698,28656,728400,3975,4074.750393629074,-989.46155,-0.213388,2.9890192,64.73612324284174
16143,297.68277,280990,0.99718547,0.9157715,0.27983937,-22.841917,28770,729540,3985,4084.969088792801,-996.0641,-0.20115459,5.642725,64.71049878358403
16221,286.78763,281770,0.99727654,0.91552734,0.2693376,-25.971823,28897,730810,3996,4095.888554573059,-973.7676,-0.21564922,4.606493,65.02395225101162
16291,283.04938,282470,0.99734807,0.9199219,0.2487639,-27.965763,29024,732080,4007,4106.877678394318,-966.73816,-0.21372662,3.0701232,63.312025974313904
16355,286.4571,283110,0.9972677,0.9122925,0.2715822,-26.56002,29139,733230,4017,4117.006079912186,-972.12366,-0.20561087,4.422957,63.427949789845876
16422,283.371,283780,0.99742603,0.91741943,0.23755613,-30.82761,29261,734450,4028,4127.943039655685,-959.62,-0.20319358,2.3024564,62.79106762995964
16493,288.69556,284490,0.9974158,0.92004395,0.23921159,-31.066286,29377,735610,4039,4138.89922451973,-988.23914,-0.22458754,1.8320963,60.240214502240086
16557,279.1048,285130,0.9973357,0.9262085,0.2418648,-29.091845,29493,736770,4049,4149.0790293216705,-962.1297,-0.20786819,3.2855904,63.6778837064268
16622,287.4283,285780,0.9973638,0.91882324,0.24860713,-28.174469,29609,737930,4060,4160.016055822372,-986.34644,-0.23196973,2.742682,64.26956323538707
16686,285.66418,286420,0.9970398,0.9217529,0.28663906,-31.104221,29713,738970,4070,4170.05536198616,-986.6627,-0.225609,7.049078,64.15273791332304
16758,287.706,287140,0.99732184,0.9160156,0.2543228,-32.19596,29836,740200,4080,4180.2048280239105,-982.2575,-0.22381246,3.2161021,63.785571917525026
16823,289.32477,287790,0.99732494,0.9147949,0.26356936,-31.964241,29947,741310,4090,4190.352966070175,-985.7842,-0.20736992,3.9013157,59.208548902801404
16893,293.12064,288490,0.9972966,0.9194336,0.25802118,-32.125923,30076,742600,4101,4201.256828784943,-993.7149,-0.24329686,4.5558395,64.93065166137865
16956,277.37488,289120,0.99741626,0.9256592,0.22387423,-31.351044,30189,743730,4111,4211.4712998867035,-945.6234,-0.2059752,1.6824818,65.17571956970284
17028,281.88693,289840,0.99739695,0.92767334,0.22710419,-31.869415,30306,744900,4122,4222.406188011169,-950.4618,-0.21137947,1.6963655,63.562249389679366
17092,271.9497,290480,0.9972074,0.9234619,0.26460296,-30.901001,30422,746060,4132,4232.510550498962,-946.73285,-0.21585523,5.286422,63.027665114662796
17154,280.6916,291100,0.99741936,0.9234619,0.23081808,-31.059742,30532,747160,4142,4242.881601810455,-970.07227,-0.22518845,2.5350394,63.5642211013391
17221,281.80362,291770,0.9973843,0.91748047,0.24933478,-31.010563,30646,748300,4153,4253.868332862854,-989.4574,-0.19834113,3.111878,63.68764340579495
17295,279.8379,292510,0.99733806,0.9194946,0.24789907,-31.231855,30774,749580,4164,4264.772785186768,-973.85767,-0.20736593,3.6004708,65.68456000093963
17355,291.60956,293110,0.9973254,0.91741943,0.25265092,-30.258911,30872,750560,4174,4275.056901693344,-1001.39844,-0.19832368,3.4131026,65.74289108057339
17423,287.24243,293790,0.9957111,0.7888794,1.7014686,-29.637173,30992,751760,4184,4285.117185592651,-996.1338,-1.2882503,53.206932,64.6432103492536
17488,277.58188,294440,0.9974241,0.92437744,0.22565159,-29.91217,31107,752910,4194,4295.185655117035,-972.8975,-0.20836762,1.674609,64.59054330700324
17544,287.10416,295000,0.99744344,0.9237671,0.22792488,-29.95652,31207,753910,4204,4305.487689256668,-998.08154,-0.19790038,2.1048956,64.00930921521694
17624,290.2167,295800,0.99734044,0.9222412,0.24883956,-30.882345,31335,755190,4215,4316.417372941971,-1001.434,-0.22310558,3.6175008,62.92536546510096
17687,287.64047,296430,0.9973073,0.9199829,0.25354815,-31.794596,31452,756360,4226,4327.311546802521,-1011.12085,-0.21446443,4.010742,67.18841508345882
17751,273.8642,297070,0.99734473,0.9257202,0.24009797,-30.496683,31558,757420,4236,4337.564211368561,-982.9354,-0.20463715,3.5932329,67.55645932123282
17814,279.6055,297700,0.9973259,0.9203491,0.24840984,-30.801517,31674,758580,4246,4347.647831201553,-993.3489,-0.2109254,3.4884856,66.78058732784315
17890,282.4306,298460,0.9973831,0.92510986,0.2380966,-29.341818,31803,759870,4257,4358.535013914108,-981.3696,-0.18671966,3.3758807,64.16035867691281
17954,289.44202,299100,0.99736834,0.9170532,0.24704036,-29.652296,31911,760950,4267,4368.6283576488495,-1009.15076,-0.21966872,2.7692997,64.02688201409026
18028,278.77252,299840,0.9974563,0.92633057,0.22275136,-30.582603,32036,762200,4278,4379.486146211624,-981.77484,-0.20257634,1.5784369,63.91274728990031
18090,278.21796,300460,0.9973991,0.9265137,0.22911657,-32.253853,32143,763270,4289,4390.3699905872345,-973.21045,-0.18976706,2.7948384,67.65016680972803
18155,277.5235,301110,0.99739647,0.92370605,0.2326762,-30.586042,32257,764410,4299,4400.5753700733185,-993.647,-0.19616303,2.79272,65.00497789057165
18221,289.01752,301770,0.9974444,0.9291382,0.22296077,-30.732738,32387,765710,4309,4410.661128759384,-1008.1753,-0.20639339,2.1695201,64.27559573979005
18279,292.0265,302350,0.9970591,0.9242554,0.29065725,-30.770481,32479,766630,4319,4420.66782617569,-1025.6671,-0.19145763,7.9998903,65.44288448954954
18350,289.15283,303060,0.9974022,0.92871094,0.22729369,-31.176096,32608,767920,4329,4430.742278337479,-1008.9338,-0.21611401,2.4706209,66.51948473537341
18423,297.44443,303790,0.9972348,0.9241333,0.2637192,-31.133831,32723,769070,4340,4441.725847959518,-1029.5569,-0.1974734,5.2527747,59.45856790228464
18485,295.10443,304410,0.99739885,0.9212036,0.23884773,-31.462212,32839,770230,4351,4452.660989046097,-1047.8871,-0.21439418,2.940558,66.87145362177928
18552,305.276,305080,0.9971814,0.9192505,0.27060324,-31.819897,32949,771330,4361,4462.869614839554,-1044.8545,-0.22950074,5.4151435,66.74629810867368
18615,291.7075,305710,0.99734044,0.92266846,0.24072269,-30.726536,33061,772450,4371,4473.03866481781,-1023.78235,-0.20205355,3.104774,67.38998130702224
18690,298.76422,306460,0.9974096,0.92108154,0.2396079,-31.17671,33190,773740,4382,4483.974478006363,-1034.3721,-0.21903436,2.3008213,63.70658212815483
18752,293.86847,307080,0.9971397,0.91448975,0.29936922,-30.526905,33305,774890,4392,4494.240693807602,-1021.2097,-0.20168415,8.008856,63.659747073674765
18819,284.9726,307750,0.99745226,0.92852783,0.21925011,-31.193169,33414,775980,4403,4505.154151678085,-1011.4148,-0.18329197,2.745338,64.00514262510887
18890,289.06497,308460,0.9974768,0.9242554,0.21662766,-30.548319,33539,777230,4414,4516.022244215012,-1007.2297,-0.19916311,1.6264507,66.98342079869924
18956,290.85144,309120,0.9974086,0.92822266,0.21971235,-30.999962,33651,778350,4424,4526.153201341629,-1013.9933,-0.1995911,2.194947,65.22593793031223
19019,301.18497,309750,0.9973786,0.92388916,0.22965164,-30.95645,33756,779400,4434,4536.3504457473755,-1020.6217,-0.19268864,3.051201,64.28085971717285
19086,291.61066,310420,0.9974017,0.9244385,0.2340681,-31.661654,33884,780680,4444,4546.5439331531525,-1032.0645,-0.20848906,2.534082,60.93388502540998
19143,295.4729,310990,0.9973624,0.9331665,0.2281596,-31.613283,33986,781700,4454,4556.696897983551,-1035.2109,-0.19841829,3.9925184,65.24713487698747
19223,297.31863,311790,0.9973781,0.9224243,0.23982161,-30.646273,34114,782980,4465,4567.641338586807,-1035.3137,-0.20465684,3.2253962,62.84331139570512
19286,295.09915,312420,0.9973321,0.92419434,0.25112522,-30.919037,34231,784150,4476,4578.506263017654,-1022.2832,-0.1998627,4.462572,67.35220752579067
19355,289.46387,313110,0.9973903,0.92852783,0.2240864,-32.365227,34354,785380,4486,4588.766112804413,-1038.03,-0.220029,2.4561362,62.86652113724661
19415,299.9137,313710,0.9973495,0.9192505,0.24894717,-31.296024,34447,786310,4496,4598.83101439476,-1059.6962,-0.19891371,3.5042062,65.26775843615376
19479,290.5253,314350,0.99747086,0.92926025,0.21412353,-31.491573,34560,787440,4506,4608.894072055817,-1013.5978,-0.19370323,1.5570664,65.31571891088015
19540,296.75436,314960,0.9974699,0.92388916,0.22126943,-31.060022,34672,788560,4516,4619.303882598877,-1029.8217,-0.21038398,1.6770979,64.47942527691984
19619,289.90884,315750,0.99742675,0.9298706,0.21956655,-31.247074,34801,789850,4527,4630.293468952179,-1011.6492,-0.1980649,2.843978,64.23111725368324
19682,292.5345,316380,0.99743986,0.9279175,0.21942273,-30.898722,34915,790990,4537,4640.343058347702,-1043.6316,-0.18733248,2.3489776,63.604524992163036
19747,289.2596,317030,0.99741316,0.9223633,0.23556012,-31.387367,35026,792100,4547,4650.70704460144,-1023.7412,-0.20258427,3.3263748,62.61409550094107
19812,288.33478,317680,0.9975114,0.93200684,0.20593491,-30.978462,35138,793220,4557,4660.892193555832,-1016.62085,-0.17559566,2.3051977,63.307979525262304
19876,296.803,318320,0.99723315,0.914978,0.2769338,-31.83343,35238,794220,4567,4670.999941825867,-1022.71814,-0.21137612,5.771275,63.058431753196906
19939,309.9372,318950,0.99738383,0.9248047,0.23378696,-30.545341,35351,795350,4577,4681.271539926529,-1060.9956,-0.19524232,3.7952394,61.79385126499523
20001,298.1488,319570,0.99742866,0.9257202,0.22194354,-30.905018,35467,796510,4587,4691.324797153473,-1035.981,-0.18249503,2.12775,62.53493386709308
20066,302.06717,320220,0.997442,0.92974854,0.21844754,-30.814491,35570,797540,4597,4701.381308317184,-1046.4841,-0.1980379,2.0391767,62.797751276551296
20130,298.70172,320860,0.9972751,0.9225464,0.2577935,-31.19342,35682,798660,4607,4711.969839811325,-1035.3015,-0.2065198,5.2065325,61.247871438441244
20188,309.13437,321440,0.99724746,0.92230225,0.2559048,-30.14283,35783,799670,4616,4722.9710195064545,-1073.3079,-0.23560284,4.523117,53.56290025945842
20244,307.2307,322000,0.99740195,0.91882324,0.24085078,-31.917522,35884,800680,4625,4733.662827253342,-1062.167,-0.21954003,3.3172507,53.78261988944764
20302,300.16766,322580,0.99743724,0.9256592,0.22801547,-31.498072,35985,801690,4634,4744.692163228989,-1044.2659,-0.21327394,2.3252487,52.14823840330907
20361,306.2608,323170,0.9972763,0.92559814,0.26089007,-31.810593,36086,802700,4643,4755.193965911865,-1064.454,-0.23316334,5.7645726,58.87743114235424
20417,305.2146,323730,0.9974003,0.92419434,0.2403271,-31.554615,36184,803680,4652,4765.777669668198,-1060.2692,-0.20282859,3.5479317,54.63650983133918
20475,304.16876,324310,0.9973593,0.9211426,0.23382005,-30.475466,36282,804660,4661,4776.4705131053925,-1042.876,-0.21839435,2.818899,54.613288888925055
20533,313.09442,324890,0.997422,0.92437744,0.22826546,-31.688227,36383,805670,4670,4787.323538303375,-1066.0272,-0.20536071,2.222083,56.80629052918313
20590,305.2611,325460,0.9974394,0.9282837,0.22327185,-31.445843,36491,806750,4679,4798.248370885849,-1059.9639,-0.2042355,2.9315631,55.632619537858446
20648,302.58582,326040,0.9972708,0.92926025,0.25961915,-31.637175,36589,807730,4688,4808.796214103699,-1046.9417,-0.19806522,6.394268,58.29243868430236
20705,312.03607,326610,0.99743986,0.921875,0.22624394,-30.270416,36686,808700,4697,4819.583951950073,-1059.8376,-0.20242892,2.51066,54.515032809287774
20763,302.12128,327190,0.99745584,0.9272461,0.2263302,-30.560995,36786,809700,4706,4830.046502113342,-1036.5897,-0.19403549,2.9983718,60.017697963491074
20822,305.08917,327780,0.9973333,0.9260254,0.23942679,-30.748028,36887,810710,4715,4840.559669494629,-1049.4548,-0.202138,3.879188,56.30596023906316
20877,309.1137,328330,0.9974284,0.92407227,0.21879284,-32.251812,36994,811780,4724,4851.374519586563,-1054.2656,-0.2098146,2.5821655,55.527758660741455
20937,320.36426,328930,0.9974668,0.9246826,0.22202012,-31.09722,37088,812720,4733,4862.158580780029,-1075.0239,-0.2068947,1.8758359,51.457203574538106
20995,315.7589,329510,0.99745965,0.9258423,0.21625209,-31.205355,37190,813740,4742,4872.7215168476105,-1059.03,-0.20382486,1.6328317,56.598519018301424
21050,318.35477,330060,0.99739933,0.9250488,0.23582621,-30.465149,37290,814740,4751,4883.257154941559,-1070.8545,-0.20211545,2.5311704,49.66485387991499
21109,315.7553,330650,0.99733305,0.9266968,0.25037375,-30.382969,37391,815750,4760,4893.910838842392,-1064.7926,-0.19145776,4.83906,54.342065243972556
21165,322.78467,331210,0.9974747,0.932312,0.21402846,-30.457062,37493,816770,4769,4904.5265645980835,-1073.9377,-0.20980299,1.9352579,52.04646181217199
21223,332.85538,331790,0.9974086,0.92144775,0.23208849,-30.911304,37590,817740,4778,4914.925133228302,-1093.2366,-0.19753355,1.9974451,55.511349578942884
21281,314.71136,332370,0.9973471,0.92718506,0.2430343,-31.21627,37691,818750,4787,4925.907103061676,-1074.0413,-0.19528851,4.11102,51.33617174921347
21338,313.61432,332940,0.99743605,0.930542,0.21675645,-30.123884,37791,819750,4796,4936.68314409256,-1074.8754,-0.18666975,2.5300016,52.83582157707874
21397,311.80902,333530,0.9973531,0.92871094,0.22823615,-31.234045,37889,820730,4805,4947.268398523331,-1041.1584,-0.21131563,4.1680417,52.499777237898584
21453,309.6065,334090,0.9974048,0.92163086,0.23578385,-31.576239,37990,821740,4814,4958.041023731232,-1056.9406,-0.19917099,3.037745,52.95446616066717
21513,305.40668,334690,0.9974282,0.92871094,0.2191903,-30.08925,38086,822700,4823,4968.539463758469,-1054.2467,-0.20205252,2.07737,55.590613882439726
21569,307.1109,335250,0.99750733,0.9345093,0.2080064,-30.276697,38186,823700,4832,4979.1402451992035,-1065.1451,-0.19235097,1.4922827,51.696267922311776
21628,317.99457,335840,0.997442,0.9276123,0.22432569,-30.205956,38284,824680,4841,4989.884184837341,-1077.9565,-0.20007259,2.436708,50.85378285877966
21686,316.77783,336420,0.99746776,0.9337158,0.21254079,-29.465752,38385,825690,4850,5000.514070987701,-1073.3828,-0.18826985,3.065762,54.32320506668992
21741,325.5266,336970,0.99749184,0.9350586,0.20765388,-30.248463,38489,826730,4859,5011.226215600967,-1080.2532,-0.17655379,2.4984703,48.034978588426995
21801,310.02515,337570,0.99719334,0.92211914,0.27566016,-29.6623,38584,827680,4868,5021.65300989151,-1065.8804,-0.19263577,7.315681,53.29534906622363
21858,321.19843,338140,0.9973352,0.9164429,0.24986888,-29.333363,38685,828690,4877,5032.313196659088,-1102.3306,-0.23157714,3.428963,53.95021719932455
21915,313.72333,338710,0.99731493,0.9229126,0.2489997,-30.613468,38785,829690,4886,5042.579977750778,-1072.4092,-0.20338885,4.677799,53.2704734809998
21973,321.38788,339290,0.99743915,0.93011475,0.22038418,-30.12781,38882,830660,4895,5052.890460968018,-1093.9617,-0.1797429,2.8695757,52.64290857973916
22030,322.4161,339860,0.99746203,0.92529297,0.21873024,-29.808098,38982,831660,4904,5063.586517095566,-1076.8604,-0.2044043,1.8650801,52.36084339758263
22089,325.85645,340450,0.99751496,0.93170166,0.20629367,-29.87245,39084,832680,4913,5074.295863628387,-1087.9109,-0.18291673,1.7309039,53.80685449673884
22145,326.14453,341010,0.99748015,0.93029785,0.21277887,-29.643309,39181,833650,4922,5084.834183216095,-1090.5391,-0.19060469,2.128543,53.25922786700761
22202,320.35178,341580,0.99738884,0.92718506,0.23180977,-30.00608,39283,834670,4931,5095.537152528763,-1068.205,-0.18533161,3.5751858,53.52226403567573
22261,325.2099,342170,0.99743986,0.9293213,0.22449817,-30.068924,39381,835650,4940,5105.935365200043,-1075.2119,-0.17615622,3.3657565,52.51920072578053
22317,327.0412,342730,0.9974196,0.9268799,0.22613631,-30.029757,39483,836670,4949,5116.5058760643005,-1092.5992,-0.18362515,3.088594,50.55386382768758
22377,325.20654,343330,0.99743295,0.9279785,0.22393832,-28.758362,39583,837670,4958,5127.245897054672,-1098.7373,-0.21418652,2.7196422,54.51108069579768
22433,333.34467,343890,0.99745655,0.9328613,0.21406007,-30.538774,39682,838660,4967,5137.924854040146,-1104.553,-0.18359156,3.0433512,52.46785370907916
22492,332.16818,344480,0.9973428,0.92352295,0.24583277,-30.119442,39780,839640,4976,5148.4835040569305,-1114.2612,-0.21292931,4.2369165,54.09882654909989
22549,329.4092,345050,0.99746394,0.9249878,0.21635282,-29.226028,39880,840640,4985,5159.036270856857,-1096.4537,-0.20478839,1.9485615,52.913172555567755
22601,321.25537,345570,0.9974675,0.930542,0.22524187,-28.99976,39975,841590,4993,5169.140817165375,-1086.4438,-0.17443916,3.4205992,52.079470846235886
22659,314.89026,346150,0.9974141,0.9290161,0.22370684,-29.688038,40071,842550,5003,5179.647549152374,-1071.4019,-0.17409572,3.733588,67.05294184650002
22726,315.8208,346820,0.997457,0.925354,0.22782892,-29.348515,40196,843800,5013,5189.818799734116,-1074.6846,-0.1981241,3.0087173,61.62133046845767
22788,315.8446,347440,0.9973397,0.9142456,0.26424003,-29.890244,40291,844750,5023,5200.164626598358,-1037.5322,-0.20914829,3.9023004,64.429792683
22861,345.36084,348170,0.99748945,0.9269409,0.220123,-29.837545,40425,846090,5034,5211.149119853973,-1127.5186,-0.20112066,1.6304779,62.69783611259362
22927,342.39114,348830,0.99744964,0.9301758,0.22260642,-29.733757,40529,847130,5045,5222.118967294693,-1107.0466,-0.20009421,3.1667082,64.20701203913814
22989,341.4395,349450,0.9973533,0.93218994,0.24122271,-29.764078,40642,848260,5055,5232.263832330704,-1122.4673,-0.18549249,4.82691,64.83461169945929
23068,331.6513,350240,0.99741125,0.9216919,0.23916769,-29.36752,40771,849550,5066,5243.212377786636,-1111.7117,-0.22111136,2.9964738,64.64045510116557
23132,333.71417,350880,0.9974408,0.9312744,0.21720965,-29.465464,40881,850650,5076,5253.748739242554,-1103.9312,-0.18456021,2.779947,61.331582278336406
23196,331.10364,351520,0.99745107,0.92559814,0.22673523,-29.922676,40994,851780,5086,5263.928559780121,-1093.3271,-0.19357917,3.502087,63.54306545325858
23268,341.6298,352240,0.99746966,0.9298096,0.22293869,-29.793892,41107,852910,5097,5274.88782954216,-1111.0723,-0.19164926,2.7087498,63.531199781125586
23330,336.88013,352860,0.9973872,0.9203491,0.24200064,-29.590061,41219,854030,5108,5285.780515909195,-1109.7737,-0.22062254,3.6392384,66.14838938611364
23395,344.125,353510,0.9974768,0.92578125,0.22020397,-29.676792,41320,855040,5118,5295.981842517853,-1121.7893,-0.19907962,2.2853503,66.51394663282932
23470,345.11877,354260,0.9974201,0.92681885,0.22304372,-29.8834,41458,856420,5129,5306.913450717926,-1124.6365,-0.21002164,2.4575195,63.65366357411744
23533,336.95114,354890,0.9973161,0.92633057,0.248909,-29.23521,41563,857470,5139,5317.06055021286,-1104.508,-0.17281097,5.0970125,63.82592944932679
23600,340.96033,355560,0.9974623,0.92755127,0.21811791,-29.872868,41675,858590,5149,5327.264714002609,-1117.2131,-0.19476119,2.7809756,62.85281692812077
23669,344.32587,356250,0.99742794,0.9268799,0.2252433,-30.355635,41789,859730,5160,5338.262222528458,-1121.3206,-0.20713346,3.0355783,63.859440242690916
23726,338.3907,356820,0.9974725,0.9313965,0.21394512,-29.758945,41892,860760,5170,5348.311147212982,-1102.134,-0.20386031,2.277817,64.20371031208832
23799,340.51434,357550,0.9973881,0.92785645,0.23212196,-29.08868,42013,861970,5180,5358.530165195465,-1118.1099,-0.18069872,3.4974144,63.984531327541795
23866,335.41443,358220,0.9975128,0.93377686,0.20256415,-29.308365,42127,863110,5191,5369.5338933467865,-1102.2949,-0.18644613,2.2332265,63.76451104258308
23930,342.14752,358860,0.99741626,0.92736816,0.22368012,-29.616941,42237,864210,5201,5379.79102563858,-1123.831,-0.21392459,3.3620815,61.61845903958142
23995,332.40167,359510,0.9974854,0.9282837,0.21308047,-29.17485,42348,865320,5211,5390.050851821899,-1075.8042,-0.19677557,1.9908168,64.72653900536841
24059,345.04883,360150,0.9974489,0.9276123,0.21719143,-29.208088,42461,866450,5221,5400.456753015518,-1111.4779,-0.19567826,2.7844636,63.41376005503323
24131,355.12442,360870,0.997432,0.9265137,0.22949348,-29.107685,42584,867680,5232,5411.477272987366,-1146.3665,-0.19819865,2.7168307,62.739262579149944
24196,341.0937,361520,0.9975126,0.9335327,0.20151715,-30.118542,42684,868680,5242,5421.674755334854,-1093.7671,-0.1868796,2.449096,62.81732565053796
24262,349.75674,362180,0.9973595,0.9324951,0.22496516,-29.79403,42800,869840,5253,5432.634927988052,-1120.208,-0.20062959,3.797528,61.50634343593577
24336,361.30548,362920,0.9973974,0.92681885,0.23018664,-29.388079,42923,871070,5264,5443.638825178146,-1145.8639,-0.21670371,3.2666738,58.88727318835318
24399,348.67834,363550,0.9974675,0.9289551,0.22011799,-29.714638,43032,872160,5274,5453.881023645401,-1135.1492,-0.17509986,3.0147617,63.16815051424414
24463,364.81754,364190,0.9973576,0.9260254,0.24671271,-28.633179,43141,873250,5284,5463.915002822876,-1158.3567,-0.21067838,4.435602,62.53796419685208
24529,354.3932,364850,0.99743915,0.92889404,0.21982372,-29.481003,43242,874260,5294,5473.955623626709,-1131.9736,-0.1778077,3.1719136,58.45752959402645
24590,344.79773,365460,0.99745774,0.9272461,0.21847129,-29.354488,43355,875390,5304,5484.008081912994,-1117.2623,-0.20869806,1.8452054,62.91704718952171
24655,365.86206,366110,0.99752164,0.9335327,0.20431817,-29.14196,43457,876410,5314,5494.07509303093,-1159.5483,-0.19139588,1.876504,60.94087087168215
24713,352.57965,366690,0.99740505,0.92633057,0.23265156,-30.534035,43555,877390,5323,5504.70441198349,-1136.7424,-0.17691952,3.8368728,62.330614662617414
24771,350.76447,367270,0.9974649,0.93133545,0.21865404,-30.84216,43661,878450,5332,5515.60461473465,-1131.6915,-0.18978351,2.72523,54.500146180783396
24828,356.24084,367840,0.99744725,0.93304443,0.22493926,-30.392635,43755,879390,5341,5526.271364927292,-1150.835,-0.1902389,3.8429594,56.73568088830761
24887,361.65567,368430,0.9974303,0.92871094,0.22538635,-29.855625,43854,880380,5350,5536.659450531006,-1150.3872,-0.17937174,3.3743405,56.12564965117414
24941,354.06073,368970,0.99743986,0.9276123,0.22192453,-29.926203,43954,881380,5359,5547.3051245212555,-1147.3303,-0.19841868,2.8124766,56.37353834574339
25001,346.98944,369570,0.99746156,0.9298096,0.21065834,-29.783737,44052,882360,5368,5558.004468202591,-1125.0852,-0.19036292,1.5674961,56.85717432597988
25058,355.62253,370140,0.99745774,0.928833,0.21773492,-30.825535,44146,883300,5377,5568.862481832504,-1146.9447,-0.19941235,2.5000486,54.58358288197005
25116,354.89212,370720,0.99746823,0.92803955,0.21828708,-30.687946,44245,884290,5386,5579.5502235889435,-1147.0537,-0.18732493,2.5930114,58.379253657627416
25172,353.5323,371280,0.99746895,0.92303467,0.22478631,-30.534435,44343,885270,5395,5590.024130105972,-1137.1987,-0.20079835,2.6097214,55.04521067391538
25229,350.32068,371850,0.9974437,0.9281616,0.21954788,-31.319408,44441,886250,5404,5600.53555560112,-1145.8564,-0.19522329,2.8104084,53.71490477769389
25290,348.96725,372460,0.9973054,0.9345703,0.24099925,-31.77287,44537,887210,5413,5611.188617944717,-1128.8474,-0.18318465,6.1693707,51.67694088276582
25346,330.29572,373020,0.9974773,0.9291382,0.2114791,-30.955114,44640,888240,5422,5621.789505004883,-1075.034,-0.1841389,2.514557,56.52829368592446
25404,345.9,373600,0.9974692,0.93011475,0.20907767,-30.973782,44736,889200,5431,5632.158793926239,-1119.3444,-0.19469887,1.641959,55.86215108715987
25461,355.23123,374170,0.9974017,0.9199829,0.23331466,-30.840698,44836,890200,5440,5642.7037835121155,-1148.2638,-0.22299421,2.0609355,53.7863161961186
25517,355.91437,374730,0.997447,0.9300537,0.22067091,-30.804157,44935,891190,5449,5653.230725288391,-1162.3479,-0.18288344,2.3396778,58.8500018634834
25576,353.55542,375320,0.99738216,0.9315796,0.23100035,-30.745079,45030,892140,5458,5663.68451833725,-1131.1561,-0.20318139,4.6375427,56.41655813237939
25633,359.27234,375890,0.99743676,0.9316406,0.22350956,-31.287611,45130,893140,5467,5674.429159879684,-1148.4431,-0.20149577,3.4493053,52.635393921140476
25693,355.13492,376490,0.9974749,0.9266968,0.2209387,-30.770828,45224,894080,5476,5685.2588675022125,-1140.9368,-0.19908884,2.471278,59.14251507560385
25749,373.83466,377050,0.99748564,0.92822266,0.22147077,-30.382505,45327,895110,5485,5696.217433214188,-1188.8997,-0.18895184,2.4286745,54.78852687110048
25807,361.0867,377630,0.99744606,0.92822266,0.22290882,-30.364973,45427,896110,5494,5706.990885019302,-1175.4825,-0.19080323,2.4986324,59.94055771743278
25870,368.6029,378260,0.9974263,0.92852783,0.22821325,-30.689573,45534,897180,5504,5717.6688368320465,-1173.1722,-0.20539346,3.4249299,61.53744806457736
25934,362.6422,378900,0.99748755,0.92926025,0.2137887,-30.3998,45643,898270,5514,5728.04489159584,-1171.9106,-0.19121863,2.2780957,63.202090008231195
25999,353.9415,379550,0.9974909,0.92822266,0.21190467,-31.608528,45749,899330,5524,5738.495416641235,-1154.866,-0.19877002,1.8937715,62.03927787868486
26060,362.88318,380160,0.9973717,0.9234619,0.24683961,-31.27449,45860,900440,5534,5749.134128570557,-1160.6814,-0.2207646,4.6928444,63.296902964327806
26125,356.92566,380810,0.9974921,0.93408203,0.20042132,-30.578932,45966,901500,5544,5759.527831792831,-1150.7617,-0.17890072,1.6873341,63.45642332230872
26190,359.63293,381460,0.99748206,0.9314575,0.21076526,-31.188183,46074,902580,5554,5769.919140100479,-1168.6398,-0.18122965,2.0456765,62.82924965944678
26253,352.08646,382090,0.9974654,0.9257202,0.21608001,-30.311247,46182,903660,5564,5780.687301635742,-1150.5912,-0.17237613,2.4576092,62.88932074682216
26319,364.27606,382750,0.9975021,0.9334717,0.20481953,-30.360529,46288,904720,5574,5791.338527679443,-1175.7463,-0.17153278,1.979485,56.058535424043306
26382,363.30746,383380,0.99747705,0.932312,0.21298885,-31.242153,46399,905830,5584,5801.868244409561,-1164.6112,-0.17049399,3.0073013,62.69334066994541
26445,371.61597,384010,0.99741435,0.923645,0.23520268,-30.309498,46506,906900,5594,5812.486072778702,-1179.3545,-0.20739472,2.8485878,63.396776685537546
26509,348.46826,384650,0.99725723,0.914978,0.28067127,-31.136074,46617,908010,5604,5822.877688169479,-1118.1863,-0.25996405,6.318905,63.760361115307404
26574,360.09192,385300,0.9974787,0.93200684,0.20188466,-30.907875,46724,909080,5614,5833.247905731201,-1166.2913,-0.19402176,1.4581474,63.5416966895456
26639,364.56897,385950,0.99745774,0.9277954,0.21970335,-31.392323,46833,910170,5624,5843.949815988541,-1173.6259,-0.19014907,1.9317136,63.14762901857222
26703,358.88525,386590,0.99739885,0.9248657,0.23104121,-30.811626,46939,911230,5634,5854.499981164932,-1175.2937,-0.20833544,3.2264132,58.531191107225055
26765,358.14423,387210,0.99751925,0.93182373,0.20171484,-30.086111,47048,912320,5644,5864.996183633804,-1172.4374,-0.18199602,1.9089205,63.58798156381611
26830,362.58975,387860,0.9974723,0.9317627,0.21740116,-30.89468,47152,913360,5654,5875.631017446518,-1184.7388,-0.1785204,2.711885,61.92002760659495
26893,363.09387,388490,0.9974811,0.930603,0.21801867,-31.409931,47261,914450,5664,5886.2214550971985,-1174.1932,-0.1996066,2.5861454,62.61960210545764
26961,364.2288,389170,0.9974294,0.92767334,0.22807571,-30.951332,47367,915510,5674,5896.712089538574,-1179.7019,-0.18647076,3.5667076,60.201616482478684
27025,364.99353,389810,0.997401,0.9226074,0.23076494,-30.681265,47477,916610,5684,5907.720999240875,-1179.21,-0.18445928,3.624033,58.399066608565384
27087,363.61218,390430,0.9974632,0.92303467,0.22276875,-31.972477,47586,917700,5694,5918.200269937515,-1185.8171,-0.21316066,1.4500604,62.63029674066829
27150,377.76874,391060,0.997504,0.9328003,0.20778796,-31.879557,47693,918770,5704,5928.600239515305,-1213.2795,-0.18665096,1.765574,61.30009741865679
27215,374.3393,391710,0.99747443,0.93084717,0.2151573,-31.009037,47801,919850,5714,5939.19150185585,-1201.0227,-0.19852379,2.6946018,61.33041922852228
27280,369.70575,392360,0.9974406,0.93341064,0.21846735,-30.782707,47911,920950,5724,5949.671154260635,-1184.4042,-0.20118654,2.7669501,60.44769431738369
27341,365.42664,392970,0.99737763,0.93096924,0.2305759,-30.465702,48020,922040,5734,5959.984321832657,-1171.823,-0.19647376,4.2021556,61.30845568091474
27407,379.14606,393630,0.9974637,0.9310913,0.21759844,-30.447397,48125,923090,5744,5970.6200387477875,-1220.7432,-0.18116474,2.7225122,60.18135781162495
27470,374.10773,394260,0.99745464,0.9291992,0.22635871,-30.805573,48234,924180,5754,5981.088162899017,-1199.465,-0.17694971,3.495986,60.96693321414101
27535,382.0552,394910,0.99738073,0.9187012,0.24344629,-29.775143,48340,925240,5764,5991.492113113403,-1206.7493,-0.20981273,2.9847748,61.37364985515994
27600,364.8949,395560,0.9975493,0.93652344,0.19277392,-28.667492,48450,926340,5774,6002.311374664307,-1164.8586,-0.17142233,1.5899069,57.29888027930155
27663,373.8076,396190,0.99744415,0.92852783,0.21940908,-29.339344,48557,927410,5784,6013.366912126541,-1187.1018,-0.20488375,2.775989,52.55411899194779
27719,380.4539,396750,0.9974425,0.9281006,0.22067498,-27.954603,48654,928380,5793,6023.914173603058,-1206.3339,-0.19098008,2.9450097,51.80463509188512
27777,384.63452,397330,0.9974706,0.93359375,0.20731366,-29.166279,48752,929360,5802,6034.97456073761,-1213.3328,-0.17375839,2.6899939,48.64902713891069
27835,369.48248,397910,0.9974768,0.93048096,0.21022913,-29.199827,48847,930310,5811,6045.830826282501,-1190.6207,-0.19052622,2.694767,52.92891623232173
27893,381.62207,398490,0.99740577,0.9281006,0.22596511,-28.610756,48944,931280,5820,6056.547157287598,-1229.7231,-0.21118052,3.4329166,52.00008368505594
27951,376.91302,399070,0.9974575,0.92749023,0.21672028,-29.591564,49042,932260,5829,6067.4400370121,-1229.014,-0.19770181,2.2743075,48.34269071860094
28007,369.02875,399630,0.9974663,0.9320679,0.20419164,-29.573929,49139,933230,5838,6077.971279621124,-1191.1448,-0.18187878,2.0285544,53.18437124920403
28067,375.7601,400230,0.99740434,0.9262085,0.23957342,-29.078297,49244,934280,5847,6088.5953142642975,-1193.5723,-0.1785428,4.415,56.534484428954975
28124,387.3178,400800,0.99744844,0.928833,0.22108401,-29.028027,49332,935160,5856,6099.110017776489,-1247.4302,-0.1905222,3.2834985,52.84546377482931
28181,394.6812,401370,0.9972141,0.91778564,0.2730761,-27.21315,49436,936200,5865,6110.166792154312,-1237.3271,-0.22635007,6.423584,52.8889649849974
28239,381.0086,401950,0.9974661,0.9242554,0.22204037,-29.44447,49528,937120,5874,6120.642097711563,-1220.329,-0.21061438,2.1286442,53.24445936044475
28296,372.46622,402520,0.9974847,0.92767334,0.21344747,-29.90601,49626,938100,5883,6131.008547306061,-1177.0825,-0.20690185,2.0831547,51.98327691904596
28354,382.24176,403100,0.9975538,0.9373169,0.1970286,-29.070969,49725,939090,5892,6141.9041612148285,-1239.7014,-0.17542174,1.7928443,53.86048966041273
28410,392.26254,403660,0.9974561,0.9301758,0.21706456,-29.174656,49823,940070,5901,6152.32866692543,-1270.8677,-0.17688741,2.5862541,52.44593711968774
28469,378.51694,404250,0.9973717,0.9215698,0.23147756,-29.202965,49919,941030,5910,6163.037701129913,-1217.0159,-0.22000712,3.0963411,49.7434411354683
28526,391.7183,404820,0.99748397,0.9343872,0.20663998,-29.267117,50019,942030,5919,6174.147496938705,-1238.1056,-0.18283805,2.3601365,52.410527970229126
28584,389.61816,405400,0.9974611,0.92578125,0.2291688,-28.22776,50112,942960,5928,6184.624449729919,-1243.5815,-0.17057878,3.4498944,54.17489276947491
28641,378.10706,405970,0.9975164,0.9378662,0.19229293,-28.519405,50210,943940,5937,6195.317794084549,-1206.3398,-0.16679567,2.3068626,50.98611210828597
28699,397.42435,406550,0.9973388,0.9254761,0.24995166,-30.026377,50312,944960,5946,6206.436931848526,-1276.3749,-0.20046537,5.2110214,54.30134804913178
28757,390.16922,407130,0.9974034,0.920105,0.22901765,-28.947556,50407,945910,5955,6217.088678598404,-1246.875,-0.21604255,1.9724574,49.73388401455802
28814,380.096,407700,0.9974215,0.9301758,0.22507337,-28.871105,50504,946880,5964,6227.799153327942,-1224.4207,-0.18276049,3.454638,48.80138007490495
28872,380.16214,408280,0.9974692,0.92749023,0.21250808,-28.382902,50606,947900,5973,6238.498421669006,-1229.6515,-0.19589002,2.142169,55.82182960786393
28930,382.24002,408860,0.99747896,0.9324341,0.20648006,-29.440361,50698,948820,5982,6249.001642227173,-1225.4266,-0.18218249,2.3038898,53.91245604877509
28989,393.52838,409450,0.9975505,0.9331665,0.20030664,-30.591969,50794,949780,5991,6259.761126756668,-1237.529,-0.18788585,1.5511762,57.844415626617504
29045,388.10675,410010,0.9973726,0.93078613,0.23372266,-29.858553,50889,950730,6000,6270.3307275772095,-1236.2411,-0.18557212,4.328514,54.712234334729835
29103,379.36612,410590,0.99744153,0.92974854,0.22018725,-29.720264,50988,951720,6009,6280.982223272324,-1229.1748,-0.19564247,3.1248207,53.52351264066759
29160,375.30652,411160,0.99741936,0.9375,0.21804641,-30.400242,51084,952680,6018,6291.604872226715,-1201.2356,-0.16302854,4.090828,54.76887506653927
29218,375.9917,411740,0.997494,0.9423218,0.19963215,-30.029814,51191,953750,6027,6302.59223651886,-1206.7336,-0.1733891,3.2932467,51.577984873737094
29276,390.0018,412320,0.997442,0.9279175,0.21778344,-28.902338,51283,954670,6036,6313.554531574249,-1238.5825,-0.1886687,2.8627238,53.1419820053816
29336,373.7129,412920,0.9974284,0.92108154,0.22235036,-30.904202,51382,955660,6046,6324.504232168198,-1201.4011,-0.2155563,1.6051708,65.43320150105974
29399,377.2927,413550,0.9975009,0.93670654,0.19891816,-28.282732,51491,956750,6056,6334.644747495651,-1203.1914,-0.17612252,2.0463805,65.61596946278277
29461,382.64584,414170,0.99748445,0.93395996,0.20577562,-29.527813,51596,957800,6066,6344.997617959976,-1231.1343,-0.18006247,2.1638026,64.8246225684016
29525,397.05078,414810,0.99733186,0.9246826,0.23959678,-29.162537,51705,958890,6076,6355.012638568878,-1255.3804,-0.20768028,3.9640079,65.33371431519889
29597,392.85706,415530,0.99733806,0.9298096,0.2418619,-28.104149,51816,960000,6086,6365.125185251236,-1264.3431,-0.1895705,5.220731,64.683507378223
29660,399.3568,416160,0.997406,0.92681885,0.23200506,-27.769245,51926,961100,6096,6375.315694332123,-1277.831,-0.22345245,3.5825,64.39093858026179
29725,397.07196,416810,0.99748397,0.92907715,0.20841865,-28.064823,52035,962190,6106,6385.400708198547,-1272.4631,-0.19377518,1.9756148,63.729132830863996
29783,390.97888,417390,0.9974375,0.9277344,0.2259739,-28.604317,52120,963040,6116,6395.453850746155,-1252.1774,-0.19395924,3.4866784,64.31709988319507
29850,392.45154,418060,0.99748063,0.93548584,0.20718583,-27.996725,52241,964250,6126,6405.855031967163,-1247.1582,-0.17085716,2.815419,63.668821649094035
29914,391.32098,418700,0.9975114,0.93518066,0.20261434,-26.526016,52349,965330,6136,6415.988112926483,-1233.729,-0.1791778,2.2718565,62.794622271461506
29981,396.71698,419370,0.99746156,0.9315796,0.20932062,-25.145405,52453,966370,6146,6426.395742177963,-1254.3337,-0.19575094,2.5578911,63.11285764029059
30037,392.54178,419930,0.9972317,0.90185547,0.29018605,-27.898388,52549,967330,6156,6436.840180397034,-1240.9011,-0.19113183,5.196374,64.16463752485335
30108,395.72263,420640,0.99748206,0.93188477,0.20350608,-28.714201,52668,968520,6166,6446.947774171829,-1256.4214,-0.19083196,1.6712959,63.95443919555752
30171,402.73047,421270,0.9974203,0.9246826,0.22881669,-28.601511,52777,969610,6176,6457.075857400894,-1281.129,-0.2011123,3.05981,58.38790111909863
30234,401.94287,421900,0.997406,0.9333496,0.22434288,-28.743631,52871,970550,6186,6467.359848499298,-1276.2545,-0.18562497,3.8250165,63.74732416528514
30295,399.51984,422510,0.9974246,0.932251,0.21821561,-27.064508,52969,971530,6196,6477.412303447723,-1282.858,-0.18769744,3.3164458,65.30886990921466
30358,398.4124,423140,0.9975436,0.9351196,0.1910295,-27.280083,53078,972620,6206,6487.548236370087,-1262.064,-0.17449795,2.064449,64.26205496504836
30427,398.96133,423830,0.99750614,0.92523193,0.21782275,-28.495152,53197,973810,6216,6497.912029266357,-1271.7446,-0.17482924,2.5480926,63.51224495831672
30485,409.70166,424410,0.99748397,0.9283447,0.21435568,-27.692501,53281,974650,6226,6507.9651918411255,-1279.9001,-0.19036518,2.119441,65.47286088854742
30550,404.22824,425060,0.99737453,0.923645,0.24007715,-26.846865,53390,975740,6236,6518.352530002594,-1292.0361,-0.21863246,4.162623,65.07898536740527
30614,382.62848,425700,0.99752045,0.9342041,0.19984245,-27.649742,53497,976810,6246,6528.6073796749115,-1210.4814,-0.17153347,1.6424441,66.92103338953393
30680,397.46283,426360,0.9975388,0.93774414,0.1986117,-26.792286,53604,977880,6256,6538.709654808044,-1261.5298,-0.18563336,1.4397957,66.72982192898786
30746,403.3625,427020,0.9974773,0.9258423,0.22272533,-28.317434,53719,979030,6266,6548.932652235031,-1281.7246,-0.2012572,2.1937275,59.19305124792857
30805,404.65344,427610,0.9975164,0.9324951,0.2064386,-27.396065,53813,979970,6276,6559.302785873413,-1274.6658,-0.18337381,2.116101,66.31987305028898
30868,395.74252,428240,0.9974978,0.9362793,0.19856977,-29.45457,53924,981080,6286,6569.319499731064,-1268.2932,-0.18490247,2.3625898,66.16325870656576
30932,404.03546,428880,0.99750304,0.9365845,0.1993351,-29.05986,54025,982090,6296,6579.405207395554,-1286.6339,-0.16978008,2.5073438,67.3919776983106
31003,405.32642,429590,0.99734616,0.92858887,0.23668614,-29.104399,54146,983300,6306,6589.655304670334,-1286.5017,-0.24171521,4.0364485,59.142137194719595
31062,411.96524,430180,0.9974921,0.9309082,0.20708793,-29.209623,54243,984270,6316,6600.078912496567,-1294.5022,-0.2125001,2.0654058,64.77805250383332
31131,399.66785,430870,0.99746275,0.9241333,0.22414197,-29.269768,54360,985440,6326,6610.269090414047,-1262.7769,-0.21427457,2.980826,61.89238787290772
31194,418.0427,431500,0.9974408,0.921875,0.22580028,-28.53856,54466,986500,6336,6620.739204645157,-1332.7057,-0.21327747,2.234425,58.71689812738834
31261,409.86237,432170,0.9975145,0.9295654,0.2011806,-28.35263,54572,987560,6346,6631.0316705703735,-1295.7859,-0.18578786,1.4517688,62.282904301639604
31324,403.29468,432800,0.9975352,0.9333496,0.2030602,-29.620743,54680,988640,6356,6641.347146034241,-1272.2102,-0.1794633,2.0762327,62.66744951722789
31388,426.75986,433440,0.99741197,0.9337158,0.22426783,-28.39913,54785,989690,6366,6651.704311847687,-1316.6521,-0.19871117,4.127581,59.1764006409783
31452,418.74658,434080,0.9974098,0.92230225,0.23225522,-30.250757,54895,990790,6376,6661.876502990723,-1314.7944,-0.18557699,3.0674212,62.75262391246464
31517,400.98303,434730,0.99745727,0.93011475,0.21294054,-30.14456,55002,991860,6386,6672.039866447449,-1270.957,-0.18540014,2.6099973,63.261668869377665
31577,418.63974,435330,0.9974122,0.92889404,0.23216371,-30.146423,55108,992920,6396,6682.382645606995,-1305.6675,-0.18218876,4.2527122,57.968355704205216
31644,399.17737,436000,0.99744487,0.9313965,0.22280502,-29.611471,55212,993960,6406,6692.781385183334,-1273.7771,-0.18403554,3.7708232,61.20871146686319
31707,417.33325,436630,0.9974816,0.92785645,0.21255699,-30.856459,55320,995040,6416,6703.050000190735,-1324.8945,-0.21120816,2.3809226,63.05543964554557
31771,398.84998,437270,0.9975581,0.9310913,0.19898292,-31.92833,55427,996110,6426,6713.40500497818,-1277.4869,-0.17503081,1.73681,59.85977091721198
31834,417.7954,437900,0.99747825,0.930542,0.2162265,-32.339905,55534,997180,6436,6723.615362644196,-1310.269,-0.17902042,2.7171154,63.28054898762137
31901,419.1789,438570,0.9974706,0.92529297,0.2188293,-32.442093,55640,998240,6446,6733.999201774597,-1329.9421,-0.18415374,2.16282,63.43520444044495
31963,415.1086,439190,0.9974725,0.927124,0.21931477,-32.296974,55745,999290,6456,6744.488515138626,-1306.4193,-0.18918672,2.3118541,57.465985443587805
32026,407.90326,439820,0.9962213,0.8204346,1.107398,-32.14776,55855,1000390,6466,6754.836250305176,-1278.3109,-0.60403615,45.65886,62.999767185117875
32086,428.13617,440420,0.9974861,0.9258423,0.21710196,-32.034893,55951,1001350,6476,6765.125784397125,-1346.6648,-0.19688651,1.8665293,64.01564408187483
32153,418.2642,441090,0.9974456,0.9283447,0.21929672,-31.417421,56071,1002550,6486,6775.466847419739,-1303.133,-0.18366045,2.7869835,60.83237704202885
32217,414.8587,441730,0.9974773,0.93066406,0.21099186,-30.872896,56178,1003620,6496,6785.632448673248,-1321.3872,-0.1784905,2.849854,63.96809452682731
32284,417.13232,442400,0.9974592,0.9328003,0.21959049,-30.886955,56285,1004690,6506,6795.7965795993805,-1305.9406,-0.15307048,3.7590349,63.93654064685991
32347,415.95697,443030,0.99739504,0.92718506,0.23043579,-30.935844,56391,1005750,6516,6806.240230321884,-1311.3578,-0.18206367,4.395685,60.395755036214666
32407,434.9248,443630,0.99739265,0.9234009,0.23640615,-31.108318,56487,1006710,6526,6816.411149263382,-1369.1238,-0.22337,3.8773189,64.13158713313766
32477,411.7469,444330,0.99747133,0.9226074,0.22974758,-29.209648,56603,1007870,6536,6826.926313638687,-1291.52,-0.19821821,2.1835139,63.85751093748476
32540,419.84805,444960,0.99742746,0.92510986,0.223003,-30.650703,56712,1008960,6546,6837.224988460541,-1336.7908,-0.206478,2.125732,60.29268546873168
32604,419.09732,445600,0.99753094,0.92803955,0.2087774,-30.439316,56825,1010090,6556,6847.3606605529785,-1329.8915,-0.18223593,1.6479273,60.387141127524664
32669,422.25555,446250,0.997488,0.9310303,0.2119284,-29.449419,56927,1011110,6566,6858.608281135559,-1327.3395,-0.20338798,2.3332381,45.93364765092575
32726,422.43448,446820,0.99751043,0.930542,0.21054634,-30.318108,57032,1012160,6575,6869.44285941124,-1323.6294,-0.16499838,2.4121466,47.78916297761933
32783,431.52106,447390,0.99743056,0.9348755,0.2221361,-29.792513,57120,1013040,6584,6880.178708553314,-1344.7681,-0.1736908,4.35938,49.13775113185868
32841,423.53635,447970,0.99744225,0.9227905,0.22046217,-29.175295,57229,1014130,6593,6891.095423221588,-1332.1598,-0.20842856,2.502961,52.98246677782831
32898,427.06055,448540,0.99743485,0.9208374,0.22796959,-29.41275,57320,1015040,6602,6902.158268451691,-1335.0933,-0.21466736,1.914225,52.55140283336808
32955,419.06223,449110,0.99747944,0.9260254,0.21191122,-29.409698,57416,1016000,6611,6912.859120845795,-1327.6917,-0.20661017,1.4565647,57.97070922243127
33014,413.7709,449700,0.99750924,0.92578125,0.21358982,-28.813837,57511,1016950,6620,6923.442053794861,-1331.3159,-0.19959654,1.8123198,55.1661622081964
33070,421.0617,450260,0.9974532,0.93548584,0.21180117,-30.385244,57608,1017920,6629,6933.9567675590515,-1334.1389,-0.19124112,3.2959232,58.41706231889893
33128,426.0109,450840,0.99754214,0.9304199,0.20013279,-29.803028,57703,1018870,6638,6944.905259847641,-1349.8984,-0.17839001,1.8657229,54.94782508839311
33187,410.31833,451430,0.99757004,0.9355469,0.19569366,-30.118,57798,1019820,6647,6955.5478093624115,-1298.0845,-0.15976581,2.2544923,53.37817037676153
33244,420.15985,452000,0.9975207,0.927063,0.20946738,-28.781807,57894,1020780,6656,6966.012079954147,-1328.8595,-0.17297052,2.305376,54.00030376187966
33302,415.00696,452580,0.99739695,0.93011475,0.23249413,-28.692642,57985,1021690,6665,6976.717298984528,-1312.0537,-0.13908175,4.99914,54.29780027885641
33359,427.116,453150,0.9974446,0.9224243,0.23411828,-26.251709,58081,1022650,6674,6987.285519123077,-1360.8601,-0.21203479,3.233439,51.61382575597345
33417,417.60236,453730,0.9975002,0.92736816,0.2092905,-30.906363,58174,1023580,6683,6997.801898956299,-1306.3668,-0.20323417,1.8163826,52.087727121198185
33474,424.20953,454300,0.9974048,0.92041016,0.23532225,-30.616192,58274,1024580,6692,7008.953809976578,-1338.3934,-0.2041784,3.2856007,51.45146337461685
33533,433.2057,454890,0.99741435,0.9222412,0.2384145,-31.32045,58370,1025540,6701,7019.739014148712,-1366.8658,-0.23067726,3.4130619,53.283796798789325
33590,436.28952,455460,0.99744606,0.9234009,0.23261583,-30.317848,58462,1026460,6710,7030.295459747314,-1378.0505,-0.19055375,3.2537954,53.70468485475842
33646,431.22165,456020,0.99749184,0.9260254,0.21507114,-30.983498,58558,1027420,6719,7041.073431491852,-1356.2261,-0.18997815,2.3186736,46.076671822429816
33705,409.90057,456610,0.99748373,0.9303589,0.20406388,-32.10524,58653,1028370,6728,7051.738179445267,-1301.6738,-0.17959589,1.9290211,54.17581119276998
33762,437.04703,457180,0.99750996,0.9324341,0.20070153,-30.666643,58752,1029360,6737,7062.643099069595,-1365.37,-0.1843974,1.8376365,52.129159149653454
33821,433.22287,457770,0.99746275,0.93774414,0.21202049,-30.341545,58845,1030290,6746,7072.904878616333,-1373.9426,-0.15706895,4.194345,57.20042114746703
33878,429.67212,458340,0.99748087,0.92193604,0.2244447,-29.824707,58942,1031260,6755,7083.740807533264,-1340.6523,-0.1961794,2.0553453,55.30652145471552
33934,427.5374,458900,0.99742746,0.9334717,0.21927911,-29.289436,59038,1032220,6764,7094.364883899689,-1362.7681,-0.16241172,4.1655416,54.17691552867788
33992,431.6908,459480,0.99748063,0.93078613,0.21923459,-30.509575,59131,1033150,6773,7104.956528902054,-1369.7893,-0.19309258,3.016365,61.8254895118988
34050,433.3833,460060,0.99748254,0.9281616,0.20315546,-31.120949,59229,1034130,6782,7115.854599714279,-1358.884,-0.18485714,2.1317687,50.65029215358144
34107,420.93643,460630,0.9974165,0.92852783,0.22787797,-30.122604,59324,1035080,6791,7126.27827334404,-1331.8563,-0.19159603,4.0709896,57.90987962203909
34166,431.88617,461220,0.99753785,0.93463135,0.19308889,-31.339064,59418,1036020,6800,7136.69259428978,-1352.9093,-0.17601141,1.5269761,56.56586376507785
34222,441.2183,461780,0.99751306,0.9349365,0.20270878,-31.689924,59522,1037060,6809,7147.900549650192,-1373.8516,-0.17101164,2.4298553,48.14966757081856
34278,432.86172,462340,0.9974501,0.9279785,0.21891502,-31.311115,59613,1037970,6818,7158.4756717681885,-1374.3662,-0.21608487,2.711196,55.47736805818485
34340,438.27283,462960,0.9974437,0.9269409,0.22421871,-31.286186,59711,1038950,6828,7169.254659175873,-1380.2483,-0.22851734,3.5926373,64.37778147109702
34407,440.65787,463630,0.9974127,0.9219971,0.22657908,-31.235802,59826,1040100,6838,7179.852972269058,-1390.719,-0.21021229,2.7909846,56.55858170487273
34468,435.08066,464240,0.9975109,0.93255615,0.20361882,-32.473133,59919,1041030,6848,7190.23698759079,-1344.4144,-0.19224167,1.7706764,64.69708602708242
34533,438.80942,464890,0.9974797,0.9293213,0.21349913,-31.94085,60026,1042100,6858,7200.954280138016,-1392.5067,-0.19924213,2.025484,65.02696082231283
34601,421.37448,465570,0.9974754,0.9347534,0.2121009,-32.010735,60143,1043270,6868,7211.68133020401,-1322.5468,-0.16447109,3.665814,57.846958544035246
34663,439.58405,466190,0.99722815,0.930603,0.26143262,-30.698004,60249,1044330,6878,7222.124991178513,-1374.4016,-0.17477947,7.327755,62.42034690339239
34728,414.5974,466840,0.9974518,0.9274292,0.21328592,-30.820072,60354,1045380,6888,7232.524335861206,-1318.8242,-0.20759949,2.0322323,63.724563927782356
34791,433.0146,467470,0.9975078,0.9274292,0.21207745,-31.1508,60454,1046380,6898,7243.240855932236,-1364.1891,-0.18895271,1.9793503,55.69251171587459
34855,449.78833,468110,0.9974747,0.9255371,0.2180182,-32.41266,60565,1047490,6908,7253.715099811554,-1383.7715,-0.18936177,2.7673624,62.56474000955129
34920,438.6315,468760,0.9974897,0.93481445,0.20886753,-31.337837,60668,1048520,6918,7264.206557750702,-1375.9524,-0.15185681,3.415722,62.016044416474685
34986,430.9469,469420,0.99747014,0.92993164,0.2092054,-31.927704,60770,1049540,6928,7274.915298461914,-1365.0215,-0.19254757,2.3621655,52.99575102868066
35048,434.4593,470040,0.9973724,0.9364624,0.23938924,-31.20248,60874,1050580,6938,7285.434159040451,-1373.719,-0.17790051,6.4125853,61.20079897075859
35115,439.16705,470710,0.99740195,0.9263916,0.23308252,-31.635143,60980,1051640,6948,7295.918578386307,-1375.5955,-0.20220262,3.4867399,59.9200463225246
35178,424.87308,471340,0.9960506,0.8043823,1.4125376,-31.843414,61083,1052670,6958,7306.6932599544525,-1313.4584,-0.76626587,53.624493,54.06154307193344
35243,433.3,471990,0.9974699,0.9241333,0.21592289,-32.923737,61189,1053730,6968,7317.407992362976,-1352.1487,-0.19817522,1.5258306,61.509542687460744
35306,430.2317,472620,0.9975302,0.93084717,0.20425639,-32.0563,61293,1054770,6978,7327.873897790909,-1344.0571,-0.18762502,2.0289836,61.050529925477704
35369,422.22162,473250,0.9975059,0.9333496,0.21050863,-32.435352,61398,1055820,6988,7338.574727535248,-1348.5176,-0.16527274,2.7728624,54.7309304517621
35434,450.5163,473900,0.99744844,0.92962646,0.2143853,-31.86819,61502,1056860,6998,7349.10148024559,-1397.9055,-0.18233986,2.4230506,62.10472889105646
35498,435.35043,474540,0.99751353,0.9298096,0.20111784,-31.88364,61604,1057880,7008,7359.898058414459,-1373.301,-0.19076476,2.0552459,52.35597202485137
35563,443.53217,475190,0.9975102,0.9289551,0.21191502,-32.0315,61709,1058930,7018,7370.534597873688,-1389.9646,-0.18294476,2.1766033,54.48896165754476
35627,458.2789,475830,0.9973893,0.9230957,0.23243107,-31.193296,61814,1059980,7028,7381.08171415329,-1422.0042,-0.21672148,3.3888035,60.35762249360078
35692,440.97614,476480,0.9974923,0.9350586,0.20761576,-31.674883,61920,1061040,7038,7391.573870420456,-1370.738,-0.18300775,2.5855527,61.510952154970624
35755,443.30518,477110,0.99749136,0.9314575,0.20787607,-31.065441,62025,1062090,7048,7402.296036720276,-1375.9353,-0.1615929,3.0084133,53.46967281639398
35818,446.58356,477740,0.9975281,0.92889404,0.20977347,-31.39243,62131,1063150,7058,7412.831876277924,-1399.5063,-0.18138042,2.4706485,61.5241761055069
35882,449.2442,478380,0.9973626,0.91973877,0.23941068,-32.02059,62233,1064170,7068,7423.371111154556,-1409.3303,-0.2154794,3.8156793,61.2625204143392
35946,438.11246,479020,0.9975486,0.93640137,0.19334102,-31.800907,62338,1065220,7078,7434.068056344986,-1388.4692,-0.17643055,2.0184941,54.39153776217301
36010,445.50958,479660,0.99743485,0.9255371,0.21114472,-31.463638,62445,1066290,7088,7444.544092178345,-1388.6096,-0.18220954,2.3651712,61.35849888110961
36076,448.72803,480320,0.9974282,0.9268799,0.22058493,-31.853298,62551,1067350,7098,7454.955809593201,-1414.9974,-0.18936387,2.8228226,60.91484462525867
36138,430.7279,480940,0.99744916,0.93029785,0.216672,-31.367878,62655,1068390,7108,7465.936460733414,-1360.6766,-0.16677028,3.4800978,48.303154027661236
36195,448.35107,481510,0.99746585,0.9241333,0.22373253,-31.376722,62750,1069340,7117,7476.847780942917,-1405.0022,-0.18975922,2.5775743,52.942789696769005
36252,442.01324,482080,0.99752116,0.9310303,0.20139123,-31.18771,62843,1070270,7126,7487.582848072052,-1389.7236,-0.17941591,2.1272182,52.56811577401124
36309,444.21292,482650,0.99745536,0.9293823,0.21701643,-31.306982,62949,1071330,7135,7498.2416908741,-1390.8907,-0.17516056,3.277636,49.578803169890804
36366,460.58984,483220,0.9973812,0.9163208,0.2401801,-30.762695,63036,1072200,7144,7508.7145347595215,-1422.9297,-0.20340821,3.4775934,58.22593058624509
36426,445.82645,483820,0.9973283,0.90802,0.28022778,-31.12473,63135,1073190,7153,7519.191958427429,-1397.1321,-0.19485126,6.1550665,54.71478812234437
36483,461.35776,484390,0.9974477,0.92388916,0.23064421,-32.004463,63225,1074090,7162,7529.482318162918,-1462.1562,-0.21657366,2.8065667,56.2990637427179
36541,434.3164,484970,0.9974463,0.9309082,0.21935993,-31.990566,63323,1075070,7171,7540.392200708389,-1392.3853,-0.183223,3.6698525,49.14956412072351
36597,443.2902,485530,0.9974148,0.9277344,0.22771156,-32.680325,63417,1076010,7180,7550.752337932587,-1394.7308,-0.1961156,3.9222941,53.537592825793254
36655,454.56244,486110,0.99748206,0.93048096,0.21148145,-31.750216,63513,1076970,7189,7561.172918319702,-1431.9656,-0.18945292,2.3543606,55.234462575260906
36712,466.6161,486680,0.9973359,0.9172363,0.2560093,-30.732643,63611,1077950,7198,7572.16916012764,-1476.6604,-0.21996103,4.533701,51.162156897649936
36769,428.69873,487250,0.99742126,0.920105,0.23925331,-28.151962,63705,1078890,7207,7582.632572174072,-1345.9072,-0.1840378,3.2822142,54.67796528692974
36827,446.84592,487830,0.9975095,0.93499756,0.20167053,-31.171692,63800,1079840,7216,7593.187427997589,-1391.9066,-0.17973518,1.9229966,52.32148985060134
36887,440.3646,488430,0.9975128,0.93933105,0.18984817,-31.48987,63894,1080780,7225,7603.9774878025055,-1392.791,-0.17036887,2.0867524,47.46551133000989
36944,452.40167,489000,0.9974625,0.9277954,0.21963724,-32.100483,63989,1081730,7234,7614.724493026733,-1422.5282,-0.1989075,3.149992,52.85518234303011
37000,438.33997,489560,0.9975085,0.9364624,0.19396113,-31.58598,64084,1082680,7243,7625.365054130554,-1403.5557,-0.1755024,2.1213331,51.60830853231822
37060,454.4947,490160,0.99751115,0.9331665,0.20517865,-30.823517,64178,1083620,7252,7636.1238305568695,-1432.081,-0.15846196,2.486709,52.27486481702222
37116,452.66046,490720,0.9975209,0.93359375,0.20397258,-29.54416,64274,1084580,7261,7647.094066143036,-1438.6597,-0.1820052,2.2788997,52.817545386788225
37177,446.82043,491330,0.99751115,0.9343872,0.1972917,-30.452461,64368,1085520,7270,7657.768203020096,-1429.7018,-0.17513716,2.5772867,53.29635430802614
37232,454.97357,491880,0.9974272,0.9328003,0.21585867,-30.947014,64463,1086470,7279,7668.936247587204,-1420.8052,-0.17538825,3.5472572,52.34426197221713
37290,434.39154,492460,0.9973724,0.92578125,0.2391614,-30.696844,64561,1087450,7288,7679.870353460312,-1372.2971,-0.18432823,5.3477554,56.4446493902407
37347,440.61017,493030,0.9975407,0.9277954,0.19972262,-30.82545,64662,1088460,7297,7690.4142689704895,-1405.1433,-0.18214613,1.5571651,54.168803536085704
37403,453.1996,493590,0.9975395,0.93444824,0.19612092,-31.059856,64751,1089350,7306,7700.814505815506,-1440.3496,-0.17988804,2.271297,56.105543076531106
37462,442.9652,494180,0.99734116,0.930542,0.23942663,-29.812555,64854,1090380,7315,7711.823783874512,-1420.9646,-0.18904014,5.582156,49.374813489389126
37520,448.54712,494760,0.997396,0.9279175,0.23132092,-30.071568,64942,1091260,7324,7722.351023674011,-1413.6302,-0.1900065,3.891527,56.429034411068216
37577,459.93906,495330,0.9973898,0.92077637,0.2330598,-29.500954,65036,1092200,7333,7733.188514471054,-1439.7501,-0.20307764,3.4394662,53.69656327376149
37635,452.43103,495910,0.99737453,0.92578125,0.22861087,-28.445925,65131,1093150,7342,7743.853038787842,-1425.5576,-0.2053062,3.855777,54.33835815786528
37692,458.794,496480,0.9973638,0.9199219,0.23904686,-29.162434,65225,1094090,7351,7754.565478801727,-1454.1902,-0.19193962,3.8401809,55.544568214577325
37749,425.27478,497050,0.99750686,0.93499756,0.19158787,-28.441982,65323,1095070,7360,7765.321425914764,-1351.684,-0.19362402,1.5852634,52.11079185711415
37809,455.50815,497650,0.99749494,0.9291382,0.20290285,-28.746449,65416,1096000,7369,7775.839593410492,-1441.3177,-0.18724096,1.895818,55.91049503828655
37858,446.2682,498140,0.9975331,0.9309082,0.2003911,-29.700153,65501,1096850,7377,7785.976934432983,-1419.0511,-0.19093537,1.8094134,51.77657693245399
37917,449.46344,498730,0.99742126,0.9302368,0.22247909,-28.16505,65594,1097780,7386,7796.651509046555,-1446.085,-0.18156233,3.513569,51.516435871276585
37974,452.05096,499300,0.9974692,0.93725586,0.21237263,-27.251986,65694,1098780,7395,7807.639189243317,-1431.1597,-0.17030121,4.408018,52.636343457366664
38033,442.7434,499890,0.9974656,0.932251,0.20706812,-28.079407,65794,1099780,7404,7818.494740724564,-1405.7295,-0.18735982,2.4238062,53.21705686692854
38090,460.26425,500460,0.99741316,0.9269409,0.22743353,-28.382915,65885,1100690,7413,7829.062900304794,-1452.4536,-0.18907961,3.0845673,52.04990313675585
38145,446.7752,501010,0.99740434,0.928772,0.23291627,-28.132153,65982,1101660,7422,7839.80654168129,-1412.5189,-0.20327397,4.592314,51.47280326544512
38205,442.3355,501610,0.9970336,0.8960571,0.39532554,-30.229538,66084,1102680,7431,7850.721103668213,-1411.7039,-0.25809255,14.307442,48.54278859568746
38261,444.32483,502170,0.99743915,0.92456055,0.22487181,-29.883846,66171,1103550,7440,7861.537586212158,-1405.0675,-0.220925,3.1252136,52.67110766993313
38320,449.68884,502760,0.9974711,0.9277344,0.21356057,-28.2768,66274,1104580,7449,7872.279828548431,-1429.0963,-0.18810007,2.5713506,53.44884830357166
38377,448.70135,503330,0.997468,0.9282837,0.21169116,-29.091053,66358,1105420,7458,7882.838425159454,-1406.5709,-0.19386737,2.242978,53.826275182366565
38433,448.00366,503890,0.99749374,0.9281616,0.21471302,-27.102518,66456,1106400,7467,7893.845018625259,-1413.4331,-0.20520744,1.9375358,55.652861576608984
38494,472.24588,504500,0.9975071,0.9313965,0.21216029,-27.809982,66552,1107360,7476,7904.614241600037,-1491.7502,-0.19910479,1.8862782,58.80578165869987
38549,455.284,505050,0.99734735,0.9256592,0.2341316,-27.373043,66643,1108270,7485,7915.186972618103,-1434.4366,-0.1862514,4.1067934,53.776769340552306
38608,447.72937,505640,0.99751997,0.9326172,0.20417093,-28.575026,66736,1109200,7494,7926.279217004776,-1426.1184,-0.16588548,2.9072776,54.19564142083656
38665,459.61902,506210,0.99739933,0.9248657,0.22843379,-26.256205,66831,1110150,7503,7937.0414872169495,-1457.738,-0.20529725,3.437859,52.970161255471695
38723,464.44794,506790,0.99738693,0.9274292,0.22854912,-25.394577,66925,1111090,7512,7947.897898197174,-1463.2966,-0.21295133,3.63752,51.97242727386607
38781,449.03888,507370,0.9975121,0.9319458,0.21008316,-26.575829,67021,1112050,7521,7958.917432785034,-1433.3534,-0.19050843,2.8197327,54.208643399878916
38838,461.6474,507940,0.9974582,0.9168091,0.23496914,-26.191708,67114,1112980,7530,7969.425333976746,-1453.6882,-0.21407226,2.955718,56.995037585428186
38895,464.3282,508510,0.99752665,0.9295044,0.20884047,-25.777287,67207,1113910,7539,7979.832694530487,-1482.6095,-0.17566672,2.272313,56.15208930768222
38952,455.54904,509080,0.9974544,0.93066406,0.21137801,-24.574047,67302,1114860,7548,7990.593534946442,-1474.5901,-0.18581662,2.8884575,52.945723994341634
39012,449.64395,509680,0.99746156,0.9304199,0.21622568,-25.841766,67395,1115790,7557,8001.762208938599,-1428.3907,-0.1499999,3.506122,54.40064266964061
39069,447.49466,510250,0.99726534,0.92803955,0.24047533,-27.323238,67488,1116720,7566,8012.13259601593,-1408.8713,-0.16774036,5.604349,59.18629070256357
39124,450.93518,510800,0.9974747,0.930603,0.20638916,-25.238873,67585,1117690,7575,8022.548657655716,-1431.1926,-0.20018315,1.6828921,51.47441212058455
39182,466.4006,511380,0.9975054,0.93078613,0.20742413,-26.255344,67678,1118620,7584,8033.097239732742,-1472.8401,-0.18837428,1.8711433,54.8575090705251
39246,460.3789,512020,0.99749017,0.9314575,0.19970617,-23.862263,67785,1119690,7594,8043.653703451157,-1464.0758,-0.17594853,1.7477148,63.85401721689872
39310,464.3075,512660,0.9974656,0.9300537,0.20792687,-25.687256,67892,1120760,7604,8054.0521075725555,-1466.6138,-0.1904693,1.9186368,63.541185298455
39373,452.9532,513290,0.9973967,0.9222412,0.23495564,-25.9092,67999,1121830,7614,8064.661135435104,-1449.75,-0.2023013,3.5070536,63.418883809695714
39434,465.44678,513900,0.99739766,0.9296875,0.22787245,-25.327293,68087,1122710,7624,8075.010393857956,-1485.7737,-0.20713267,3.518784,64.28521623346533
39505,431.05774,514610,0.99750376,0.934021,0.1942378,-24.614552,68201,1123850,7634,8085.594079732895,-1391.9563,-0.17812964,1.69101,62.183539059378134
39568,442.09186,515240,0.99746895,0.93304443,0.20355299,-23.236065,68305,1124890,7644,8096.260584831238,-1404.748,-0.19009694,1.7592335,61.745254420562595
39630,451.4941,515860,0.9975176,0.9333496,0.19667126,-21.707596,68416,1126000,7654,8107.093970298767,-1448.457,-0.17608654,1.7498708,63.80579738392753
39691,443.82855,516470,0.9974916,0.9324951,0.20904732,-26.92525,68507,1126910,7664,8117.495031833649,-1419.394,-0.19670919,2.9841876,64.04307401461487
39758,460.97504,517140,0.9974272,0.9303589,0.21541014,-24.59681,68622,1128060,7674,8128.318780899048,-1465.4479,-0.18867582,3.2316294,63.82758366515013
39823,453.7905,517790,0.9974909,0.9368286,0.20751269,-25.007444,68723,1129070,7684,8138.740000486374,-1458.81,-0.15805009,3.224147,63.621650024281585
39886,449.27267,518420,0.9974816,0.9336548,0.20705003,-25.793695,68829,1130130,7694,8149.261471986771,-1407.133,-0.19640353,2.827224,61.756462291432676
39953,446.8082,519090,0.9974575,0.93170166,0.21346822,-25.917889,68931,1131150,7704,8159.987823963165,-1438.2778,-0.19263323,3.1009953,61.91068786973719
40014,463.43738,519700,0.9973643,0.92315674,0.23809609,-23.690613,69034,1132180,7714,8170.454269170761,-1455.5859,-0.19485486,3.832979,62.933641676824045
40080,458.94086,520360,0.99753666,0.9348755,0.19934055,-24.151453,69137,1133210,7724,8180.9761872291565,-1464.325,-0.18604738,1.9330611,61.449081029507
40136,467.43604,520920,0.99749565,0.930542,0.20840025,-25.035957,69231,1134150,7733,8191.457439422607,-1476.4683,-0.19462132,2.3194203,50.592433020056006
40197,470.7112,521530,0.9968517,0.86517334,0.70964813,-23.479975,69324,1135080,7742,8202.190268278122,-1491.3856,-0.58748776,26.462358,49.75707814017631
40252,456.5818,522080,0.99752593,0.9331665,0.19602609,-24.022245,69419,1136030,7751,8212.837446451187,-1449.4559,-0.18349108,1.5964265,52.1499606789945
40310,471.41748,522660,0.9974868,0.92926025,0.21365426,-26.116701,69513,1136970,7760,8223.523616790771,-1485.356,-0.19972749,2.6023796,56.0558195441493
40368,451.03662,523240,0.99749064,0.9258423,0.21756525,-25.982338,69605,1137890,7769,8233.860709428787,-1453.956,-0.17692047,2.266243,57.92168787915731
40424,458.19388,523800,0.9975376,0.9326172,0.2013776,-24.766195,69699,1138830,7778,8244.609327793121,-1466.6741,-0.17114039,1.8997867,53.22196317502816
40484,453.98627,524400,0.99746776,0.93048096,0.21283057,-23.361626,69791,1139750,7787,8255.662801504135,-1451.5825,-0.18862206,3.220108,55.11545223708587
40540,442.13156,524960,0.99756575,0.9385376,0.1843742,-21.962723,69887,1140710,7796,8266.557430505753,-1429.3923,-0.15593071,1.6182282,54.69546778314359
40599,465.31363,525550,0.9975028,0.92333984,0.21271655,-22.704002,69981,1141650,7805,8277.059699058533,-1482.0602,-0.18993565,2.2371955,58.74016708101024
40656,458.19434,526120,0.99747586,0.93304443,0.21050106,-24.207077,70083,1142670,7814,8287.81066250801,-1482.6062,-0.19034418,2.7319984,46.89947140235183
40713,460.58655,526690,0.99751043,0.9319458,0.20960048,-23.584343,70170,1143540,7823,8298.46738576889,-1467.7698,-0.17717357,2.6578069,53.27835035177128
40771,462.8836,527270,0.9975445,0.93548584,0.19435918,-24.260895,70264,1144480,7832,8309.399205684662,-1487.858,-0.16682991,2.4745378,50.25088540511297
40827,444.68237,527830,0.9972191,0.91033936,0.2884901,-21.536282,70359,1145430,7841,8320.295860767365,-1425.9458,-0.23603177,7.277816,53.455330270081035
40887,456.5055,528430,0.9975376,0.9298706,0.19521956,-22.4416,70453,1146370,7850,8331.399874210358,-1463.937,-0.17869587,1.5437458,55.59693486780488
40943,454.7903,528990,0.9975207,0.9319458,0.20655927,-23.316853,70545,1147290,7859,8342.159665822983,-1475.4509,-0.17386171,2.3017707,47.770351058585696
40999,474.6052,529550,0.99747705,0.92962646,0.21419038,-24.067123,70640,1148240,7868,8352.837657213211,-1490.9005,-0.1735503,2.6740484,51.7788640129839
41059,448.7189,530150,0.9973328,0.9317627,0.23708436,-25.468548,70737,1149210,7877,8363.633801937103,-1451.6748,-0.20714712,5.3634953,55.16602616217656
41122,462.1078,530780,0.9973891,0.92852783,0.22847024,-23.461655,70842,1150260,7887,8374.47724699974,-1491.9677,-0.17293142,4.1912975,62.436331842951965
41188,454.21393,531440,0.9975045,0.935791,0.2027803,-25.52815,70942,1151260,7897,8385.237430334091,-1470.864,-0.18916446,2.032126,60.05220451294006
41252,437.36932,532080,0.9975562,0.9348755,0.18873936,-26.083569,71046,1152300,7907,8395.947534322739,-1428.9565,-0.16419247,1.6598777,60.410991637873586
41315,473.53955,532710,0.9975455,0.9324951,0.20100883,-21.726974,71151,1153350,7917,8406.80449295044,-1494.3967,-0.1599043,2.4053485,60.264097893325086
41377,468.211,533330,0.99751735,0.9296875,0.20617446,-26.659412,71255,1154390,7927,8417.303299427032,-1495.8949,-0.19399878,2.2170215,60.432534434002726
41436,468.06427,533920,0.997355,0.92523193,0.23245664,-27.330755,71348,1155320,7936,8427.35483956337,-1479.6501,-0.2065281,4.0230618,54.610200179758564
41502,465.31116,534580,0.9974742,0.9281616,0.22004135,-26.025795,71453,1156370,7946,8437.886620759964,-1513.2147,-0.19077167,3.4797797,59.408747690026445
41566,445.8744,535220,0.99750686,0.9312134,0.19802383,-27.31519,71556,1157400,7956,8448.592701673508,-1459.1912,-0.1769482,1.5498923,56.5560078080805
41629,453.4903,535850,0.9975488,0.93341064,0.19730043,-26.820286,71658,1158420,7966,8459.265230178833,-1469.4626,-0.1853163,1.9156997,59.534603798977045
41693,462.5376,536490,0.9975221,0.9335327,0.20409614,-28.532375,71758,1159420,7976,8469.71936416626,-1488.9963,-0.1689012,2.3334446,59.164583873785375
41757,465.42914,537130,0.997385,0.9301758,0.22735047,-26.577318,71862,1160460,7986,8480.260202646255,-1490.8566,-0.18292826,4.3779793,58.420838250061266
41820,471.7277,537760,0.9975307,0.9350586,0.2002401,-26.366581,71965,1161490,7996,8491.060846090317,-1508.4243,-0.17807892,2.0831416,60.44969533684544
41885,471.00623,538410,0.99751425,0.9300537,0.20747429,-25.693462,72069,1162530,8006,8501.585046768188,-1512.1038,-0.17959344,2.6889353,61.16674417836273
41950,473.46918,539060,0.9974842,0.92614746,0.21654652,-25.299942,72172,1163560,8016,8512.235759735107,-1528.4623,-0.19186181,2.4413154,62.79288896623901
42007,459.64966,539630,0.9974172,0.92559814,0.22644082,-22.510004,72265,1164490,8025,8522.253540277481,-1484.1738,-0.20252633,3.1174262,59.277701653925334
42071,458.46588,540270,0.9974618,0.9267578,0.22428268,-24.281513,72368,1165520,8035,8532.7595307827,-1486.1072,-0.18087094,3.3417966,59.55921265310786
42135,456.37555,540910,0.99748445,0.93048096,0.2055898,-24.07927,72471,1166550,8045,8543.270063877106,-1473.4803,-0.18227589,1.6892544,58.436023183236735
42200,455.9924,541560,0.99756193,0.93566895,0.19100124,-22.99226,72575,1167590,8055,8554.008720874786,-1485.8586,-0.1664821,1.8869607,59.785578968233644
42263,458.80847,542190,0.9974904,0.932251,0.21071264,-23.193596,72678,1168620,8065,8564.647125959396,-1491.0769,-0.18150055,2.75289,59.2866828203747
42326,456.6942,542820,0.99747276,0.9399414,0.20732841,-21.532001,72782,1169660,8075,8575.17465209961,-1468.7234,-0.18384649,4.0066423,56.25895822339066
42390,464.45645,543460,0.9975269,0.93481445,0.20239046,-21.3598,72886,1170700,8085,8585.898550748825,-1488.4371,-0.18617572,2.6236565,59.21199683067959
42454,470.5244,544100,0.99748516,0.9309082,0.20533282,-18.93223,72990,1171740,8095,8596.387193441391,-1523.3583,-0.19447678,2.0041962,55.26622407370272
42518,467.00647,544740,0.99693584,0.85339355,0.5686916,-16.442255,73093,1172770,8105,8606.806656599045,-1479.8926,-0.48615992,13.73115,60.05908370982765
42584,472.88953,545400,0.9975271,0.9326782,0.19972752,-18.381174,73197,1173810,8115,8617.393043756485,-1499.4548,-0.18543759,1.819044,60.183219798471136
42646,463.41373,546020,0.9974115,0.92907715,0.21919245,-20.619648,73302,1174860,8125,8628.121113538742,-1489.6096,-0.20254979,2.742312,60.787454981557836
42712,476.3,546680,0.99748015,0.93096924,0.21639252,-17.283173,73405,1175890,8135,8638.495265007019,-1503.1221,-0.171648,3.0975664,61.25997591002637
42777,455.40497,547330,0.9974818,0.9346924,0.19885355,-18.17821,73505,1176890,8145,8649.30511021614,-1467.6243,-0.16922124,2.7975345,61.58340110665713
42841,429.08014,547970,0.9972768,0.91467285,0.2714799,-16.033289,73608,1177920,8155,8659.654480457306,-1372.5049,-0.25398743,6.0180078,61.55870076011743
42903,464.62823,548590,0.9974551,0.9262085,0.20823234,-22.169493,73711,1178950,8165,8670.083235025406,-1483.6753,-0.20501837,1.60377,61.31048608865184
42960,462.40686,549160,0.99750495,0.93341064,0.20287889,-23.089035,73802,1179860,8174,8681.023389816284,-1498.0613,-0.18605384,2.2963176,52.44726922390834
43017,471.34683,549730,0.99753785,0.93518066,0.19592284,-23.25375,73894,1180780,8183,8691.822102069855,-1520.0315,-0.18879321,1.766674,52.365358141298735
43073,474.26434,550290,0.9974656,0.91748047,0.22710212,-20.798336,73990,1181740,8192,8702.811428785324,-1539.6099,-0.20345068,2.2548146,49.75434829671324
43133,465.5469,550890,0.9974215,0.9259033,0.22555211,-23.610022,74090,1182740,8201,8713.758283376694,-1521.9424,-0.20137925,3.2101128,51.50580985162185
43189,475.7589,551450,0.9974637,0.92962646,0.21739957,-21.519829,74177,1183610,8210,8724.670033454895,-1531.5995,-0.19589716,2.9716015,51.51695987216883
43247,474.04504,552030,0.9974749,0.9298096,0.20854828,-17.531082,74268,1184520,8219,8735.31070280075,-1524.7357,-0.17980215,2.265872,53.46439062728113
43305,460.09143,552610,0.9973545,0.9296875,0.23718238,-22.025368,74361,1185450,8228,8746.386671066284,-1496.5775,-0.20275486,5.59493,54.55500680323263
43363,464.6349,553190,0.9975157,0.930603,0.20550385,-17.608418,74455,1186390,8237,8757.573533296585,-1502.4961,-0.17613119,1.6897008,53.80818113081679
43420,452.66034,553760,0.99752235,0.9349365,0.19195049,-17.264982,74547,1187310,8246,8768.180806398392,-1473.7058,-0.18009481,1.803208,57.17543297641037
43477,467.68817,554330,0.9975269,0.9355469,0.2035716,-19.10933,74640,1188240,8255,8779.100603818893,-1494.962,-0.17501444,2.3340333,53.12473401560442
43536,464.43097,554920,0.9974084,0.92163086,0.2351557,-17.849712,74732,1189160,8264,8790.038846969604,-1520.2842,-0.18273492,3.29919,52.94404273779218
43592,459.78516,555480,0.9974718,0.93463135,0.21253593,-20.673065,74825,1190090,8273,8800.828085422516,-1473.658,-0.18252963,3.8253434,50.69348861671701
43652,460.5893,556080,0.997458,0.9260254,0.21928298,-19.366495,74917,1191010,8282,8811.703127145767,-1487.9993,-0.20633382,2.4754822,54.225529012886355
43708,468.03412,556640,0.9975774,0.93463135,0.19097264,-17.478294,75011,1191950,8291,8822.700445890427,-1497.5337,-0.17352518,1.6434543,52.0328220937382
43765,468.94385,557210,0.9974017,0.927124,0.22361678,-15.781639,75102,1192860,8300,8833.488158464432,-1512.2533,-0.19964325,3.8521497,51.28189837170912
43824,463.75412,557800,0.99744344,0.9295044,0.22585317,-19.300379,75196,1193800,8309,8844.442927837372,-1509.9055,-0.16465014,4.3042994,51.575418221586304
43881,461.98676,558370,0.9975252,0.9345093,0.21065511,-16.758507,75287,1194710,8318,8855.376638889313,-1517.0203,-0.16867858,2.9452326,46.98330632675129
43939,467.13498,558950,0.9975796,0.9421387,0.18308395,-13.790907,75380,1195640,8327,8866.404885053635,-1485.1165,-0.16556895,2.3044825,52.436245537208116
44001,471.78064,559570,0.9974592,0.9250488,0.21717061,-18.457737,75485,1196690,8337,8877.286650657654,-1514.4728,-0.20174007,2.5300233,61.398707458019835
44069,466.0066,560250,0.9974909,0.9334717,0.20676482,-16.219975,75586,1197700,8347,8887.895919084549,-1483.0745,-0.18555975,2.646957,55.678615038417114
44130,471.56958,560860,0.99750185,0.9248657,0.21364515,-18.716497,75687,1198710,8357,8898.552078008652,-1484.2798,-0.18620029,1.5580767,59.424608455952345
44194,467.6202,561500,0.9975209,0.9335327,0.20366907,-14.415577,75790,1199740,8367,8909.196015357971,-1488.4558,-0.18655027,1.9618641,61.40016802759257
44258,474.64685,562140,0.99749994,0.9267578,0.2121979,-17.852139,75894,1200780,8377,8919.85531425476,-1499.8177,-0.18800661,2.0865502,58.430553663029094
44325,459.76373,562810,0.9975245,0.9371338,0.1982148,-17.407879,75995,1201790,8387,8930.708005428314,-1497.7297,-0.16942832,2.493375,59.42424011660135
44386,485.44525,563420,0.9974282,0.9283447,0.22116126,-18.46375,76097,1202810,8397,8941.512696027756,-1538.924,-0.1726417,3.479553,59.728922580491556
44452,484.18463,564080,0.9975085,0.93341064,0.20346108,-11.234669,76198,1203820,8407,8952.088336467743,-1523.297,-0.18215494,2.2075758,58.14164848355679
44516,476.07104,564720,0.99742913,0.92663574,0.22457801,-11.774576,76299,1204830,8417,8962.775666952133,-1533.8627,-0.21594688,2.759644,59.99531007712089
44578,460.62408,565340,0.99748254,0.9295654,0.21193162,-17.04886,76402,1205860,8427,8973.53910946846,-1500.2185,-0.16867928,2.5819826,61.370576969548985
44642,483.9347,565980,0.997478,0.9272461,0.21499243,-16.895966,76504,1206880,8437,8984.190205335617,-1545.1987,-0.2025815,2.1219883,55.72439746093061
44705,483.7428,566610,0.99743485,0.92596436,0.2245535,-10.2767315,76608,1207920,8447,8994.89542555809,-1536.8762,-0.20091975,2.776712,63.17055868908753
44769,467.10345,567250,0.9974892,0.9254761,0.21899787,-14.383474,76710,1208940,8457,9005.709521770477,-1497.9661,-0.21245618,2.2872136,60.58667783745866
44835,445.25705,567910,0.9973049,0.9160156,0.260708,-14.733409,76811,1209950,8467,9016.309716463089,-1412.2488,-0.20394418,4.790951,57.969156880444686
44898,459.75342,568540,0.9974916,0.92993164,0.2082015,-17.98908,76915,1210990,8477,9026.94372677803,-1464.2102,-0.19158474,1.8800437,62.50242001899506
44961,449.25354,569170,0.9975476,0.9367676,0.19251409,-13.502449,77016,1212000,8487,9037.408362150192,-1457.8583,-0.16704336,2.1475601,61.11573299139757
45025,474.10342,569810,0.99748445,0.9286499,0.21452042,-13.962657,77119,1213030,8497,9048.07565498352,-1525.4661,-0.19240579,2.3254352,60.02145550692313
45093,458.654,570490,0.9974971,0.9296875,0.22058976,-14.5016,77220,1214040,8507,9058.659591197968,-1493.4089,-0.20664772,3.1577568,61.39330114651255
45156,473.49484,571120,0.9975171,0.9316406,0.2037684,-16.524313,77322,1215060,8517,9069.375370502472,-1523.751,-0.17888199,2.0271068,61.18032250352185
45219,474.52145,571750,0.9974985,0.9302368,0.2085344,-21.148655,77425,1216090,8527,9079.996335983276,-1515.395,-0.19371106,2.6562748,54.5635343393867
45285,466.3141,572410,0.9975314,0.9343262,0.19830154,-18.414875,77528,1217120,8537,9090.745161056519,-1493.9893,-0.17169315,1.9820025,61.08711045612208
45346,472.5288,573020,0.99745464,0.9248047,0.22807288,-20.709663,77629,1218130,8547,9101.30692601204,-1539.7983,-0.23022492,2.825223,58.296388425047894
45413,473.14786,573690,0.9974253,0.9251709,0.22103062,-17.597347,77730,1219140,8557,9112.083728790283,-1535.8376,-0.19506252,2.79034,57.569423436024564
45476,478.28003,574320,0.9975147,0.9314575,0.2079477,-14.890138,77831,1220150,8567,9122.744973659515,-1549.3312,-0.18587446,2.1205978,61.584375969298144
45539,470.5031,574950,0.9974625,0.9283447,0.21626118,-16.808224,77933,1221170,8577,9133.260210752487,-1540.4653,-0.1896775,3.1549513,60.79656902601994
45603,488.71323,575590,0.9975035,0.9296875,0.19997397,-13.396578,78034,1222180,8587,9143.81724858284,-1567.6526,-0.16168892,2.2792215,57.86495233131113
45668,467.58643,576240,0.9975271,0.9352417,0.19384235,-18.502464,78135,1223190,8597,9154.6380712986,-1503.9287,-0.17633218,2.038962,60.35550543082832
45730,475.14166,576860,0.9974277,0.9277954,0.216303,-13.686855,78236,1224200,8607,9165.227996110916,-1568.6965,-0.19374797,2.7947664,57.368925579634926
45794,471.623,577500,0.9974897,0.93078613,0.20857884,-17.003937,78336,1225200,8617,9176.001346111298,-1512.3872,-0.18406636,2.8638158,56.716429111714916
45860,467.19025,578160,0.9975021,0.9313965,0.2103736,-18.817518,78439,1226230,8627,9186.698559999466,-1511.9971,-0.17120463,2.686057,60.34760846859169
45922,467.92487,578780,0.99751306,0.9312744,0.20033038,-19.739775,78539,1227230,8637,9197.191587686539,-1484.9519,-0.17836317,1.6108688,60.52269368874972
45987,453.39615,579430,0.9975202,0.9304199,0.2067461,-17.60849,78641,1228250,8647,9207.825372934341,-1486.0795,-0.1910437,2.1124024,58.24130498834677
46052,475.53787,580080,0.99751115,0.9319458,0.20851871,-14.846722,78742,1229260,8657,9218.532626867294,-1499.7913,-0.19195773,2.260734,60.02577726356623
46115,475.53662,580710,0.9975271,0.9343262,0.19935197,-15.502916,78844,1230280,8667,9229.038207292557,-1515.6616,-0.17036304,2.3760724,60.979328602683324
46180,482.88544,581360,0.99744177,0.9241333,0.22812665,-17.769882,78946,1231300,8677,9239.662470579147,-1536.7561,-0.19277114,3.2301183,58.653083556057425
46245,469.1363,582010,0.997458,0.93151855,0.21052974,-21.2907,79048,1232320,8687,9250.256384849548,-1511.9216,-0.17047875,3.4479413,60.92735712787699
46307,466.11746,582630,0.9974916,0.9281006,0.22411999,-20.67284,79148,1233320,8697,9261.146595478058,-1510.8892,-0.17735027,3.5849423,59.49306722493521
46371,457.98853,583270,0.9975321,0.9347534,0.20269282,-22.929623,79248,1234320,8707,9271.718939304352,-1447.9572,-0.17966302,2.0847478,56.799162767353515
46435,469.20093,583910,0.9975307,0.93200684,0.20090032,-24.186626,79349,1235330,8717,9282.429827451706,-1494.6675,-0.17480277,1.5457509,59.041558315303185
46497,483.46765,584530,0.9974866,0.9321289,0.21561813,-24.561926,79450,1236340,8727,9293.118683576584,-1555.239,-0.18624224,2.5472689,60.474603458176766
46562,478.58386,585180,0.9974451,0.93304443,0.21312423,-27.412474,79554,1237380,8737,9304.169952869415,-1548.2736,-0.1596179,3.8975909,60.21123096189092
46626,467.40326,585820,0.9974835,0.9380493,0.19443375,-26.260902,79657,1238410,8747,9314.89110159874,-1511.0138,-0.16575548,2.6070752,61.83410562007915
46692,479.46188,586480,0.99752164,0.9359131,0.19475845,-27.508984,79757,1239410,8757,9325.428220272064,-1541.8973,-0.16932352,2.0031657,60.60021870990055
46755,466.8169,587110,0.99755526,0.94085693,0.18430638,-25.65947,79860,1240440,8767,9336.030541419983,-1505.2782,-0.17072505,2.107943,58.07155140243526
46821,451.75024,587770,0.99752307,0.93634033,0.196951,-26.382765,79961,1241450,8777,9346.822410106659,-1453.2866,-0.17740682,1.7308538,59.23522856614514
46885,462.38336,588410,0.9975376,0.94158936,0.18132383,-26.36546,80061,1242450,8787,9357.397002220154,-1476.1736,-0.15775451,1.824321,60.23713240904138
46946,478.1004,589020,0.99748564,0.9326172,0.2080252,-26.641323,80163,1243470,8797,9368.07765007019,-1525.5918,-0.18827671,2.4216185,59.0024055031159
47011,465.9596,589670,0.9975059,0.9333496,0.20273975,-29.087818,80262,1244460,8807,9378.713960886002,-1515.3391,-0.18182306,2.2768779,62.013637501929004
47077,496.10287,590330,0.9974537,0.932251,0.21480684,-25.797178,80364,1245480,8817,9389.454048871994,-1580.3334,-0.19172393,3.0986557,61.82124642715096
47140,476.70947,590960,0.99751735,0.93573,0.19867828,-26.187603,80464,1246480,8827,9400.062844276428,-1523.2708,-0.17759043,2.5449834,57.5428290183341
47203,463.52704,591590,0.9975221,0.9373779,0.19925562,-26.078781,80565,1247490,8837,9411.011474847794,-1503.5659,-0.17755155,2.2030702,59.605606006136966
47267,485.5681,592230,0.99745274,0.93188477,0.21610208,-27.131191,80665,1248490,8847,9421.574076652527,-1552.5465,-0.14607157,3.9684348,59.5584065660017
47331,471.02963,592870,0.9964473,0.831604,0.94426775,-24.549654,80765,1249490,8857,9432.294127941132,-1509.4364,-0.5237809,39.228172,56.30535790920764
47394,480.8188,593500,0.99753904,0.9414673,0.18746838,-29.11906,80867,1250510,8867,9443.012135982513,-1504.7478,-0.16324878,2.4982529,60.706018147887825
47461,488.11288,594170,0.9975333,0.93170166,0.19823134,-28.800423,80968,1251520,8877,9453.536158800125,-1557.8394,-0.1760008,1.9855431,61.91838509394136
47523,493.39813,594790,0.99754786,0.93688965,0.20127821,-27.182304,81068,1252520,8887,9464.217857599258,-1578.564,-0.1805594,2.1455126,58.55170759073662
47587,493.1576,595430,0.99749184,0.930542,0.20952015,-24.594316,81169,1253530,8897,9475.023060798645,-1568.5327,-0.16605613,2.285229,61.42284385441963
47652,479.87866,596080,0.9974747,0.9303589,0.20725872,-26.686329,81268,1254520,8907,9485.525442123413,-1535.8096,-0.1883475,2.764801,62.226495388684576
47715,479.00934,596710,0.9967847,0.8513794,0.89358747,-26.810421,81368,1255520,8917,9496.133466482162,-1528.9182,-0.647881,30.526049,56.72805533424768
47779,462.6205,597350,0.9975767,0.935791,0.1932792,-25.986603,81468,1256520,8927,9507.064090013504,-1507.0591,-0.17767835,1.724529,60.52422204855999
47844,478.66516,598000,0.99749446,0.9331665,0.20652965,-26.155514,81571,1257550,8937,9517.734544038773,-1524.8607,-0.1652481,2.676173,61.07465731950431
47907,484.08905,598630,0.9974749,0.9367676,0.1969505,-26.2859,81672,1258560,8947,9528.3950445652,-1558.6902,-0.17454664,2.5359735,59.2043962500601
47972,492.59833,599280,0.99753785,0.9333496,0.20100057,-27.41227,81773,1259570,8957,9539.104218006134,-1579.1729,-0.16127767,2.3760695,61.97144657203956
48036,493.82474,599920,0.9974868,0.93115234,0.20695798,-25.573662,81875,1260590,8967,9549.642898797989,-1559.5237,-0.18670604,2.8359432,61.189178149139636
48098,476.1073,600540,0.9975071,0.9376221,0.19935542,-24.58596,81976,1261600,8977,9560.299852609634,-1541.1918,-0.17706485,2.762537,59.49777478013223
48156,476.7779,601120,0.99751043,0.93536377,0.1978794,-24.607922,82064,1262480,8986,9570.30826640129,-1521.3665,-0.17000002,2.185736,59.84435744923711
48221,487.57236,601770,0.9974835,0.92926025,0.20787326,-24.76265,82166,1263500,8996,9580.755828142166,-1549.5232,-0.19965032,2.6807275,60.41905478726254
48285,463.99634,602410,0.99747944,0.9359131,0.20363218,-24.18412,82266,1264500,9006,9591.362967014313,-1501.041,-0.20424956,2.9572635,59.579252911817704
48349,488.52466,603050,0.9974673,0.9338379,0.21969835,-23.43176,82368,1265520,9016,9602.281788110733,-1565.769,-0.19112954,4.6327786,55.72526505966321
48413,487.3679,603690,0.99749327,0.9286499,0.2103393,-22.556355,82472,1266560,9026,9612.845000505447,-1546.877,-0.19197667,2.8794336,60.61076837032533
48475,477.46936,604310,0.9975209,0.9333496,0.20116511,-20.000519,82571,1267550,9036,9623.41324186325,-1540.0931,-0.188853,2.2107248,59.92236034342317
48541,479.40314,604970,0.99756765,0.93670654,0.18800285,-21.489151,82671,1268550,9046,9634.249762058258,-1537.1233,-0.17425033,1.6506116,59.734770813671936
48599,473.39948,605550,0.99755144,0.94000244,0.18638377,-20.74311,82759,1269430,9055,9644.553166866302,-1520.427,-0.16625132,2.0724828,57.09287532916055
48656,479.75806,606120,0.997504,0.9334717,0.20721608,-23.566437,82854,1270380,9064,9655.444504737854,-1555.3765,-0.16725755,3.4057865,52.20421989309272
48713,491.07764,606690,0.99750376,0.9312134,0.20603105,-21.033932,82945,1271290,9073,9666.456592082977,-1571.2478,-0.17920892,2.2571921,49.92103810142117
48771,510.8888,607270,0.99741006,0.93078613,0.22438087,-22.551285,83036,1272200,9082,9677.20487689972,-1579.8835,-0.16910589,3.8180993,54.4862630141335
48828,488.01767,607840,0.99751997,0.940979,0.18752615,-21.627056,83127,1273110,9091,9687.714764118195,-1548.7322,-0.1767858,2.516407,50.825551651366105
48887,483.85403,608430,0.9973917,0.93237305,0.22663042,-22.067173,83225,1274090,9100,9698.371133565903,-1548.8639,-0.16497704,4.946862,61.95030829131354
48951,483.33264,609070,0.9975693,0.9411011,0.1836046,-23.775488,83320,1275040,9110,9709.195749998093,-1542.2886,-0.15427756,1.6317507,62.67261433089478
49013,498.13336,609690,0.9975767,0.9421997,0.17987405,-24.316568,83419,1276030,9120,9719.68526673317,-1554.9998,-0.17036144,2.0612023,63.35908336897401
49078,501.17126,610340,0.9975009,0.93341064,0.20258966,-23.218956,83519,1277030,9130,9730.48972606659,-1573.4695,-0.18038827,2.186936,62.42062268671335
49141,491.22748,610970,0.9974499,0.9331665,0.20964742,-24.823463,83620,1278040,9140,9741.035136699677,-1557.3105,-0.18284382,3.0451589,62.592866894635655
49205,510.57947,611610,0.9975505,0.9376221,0.19180332,-25.45626,83720,1279040,9150,9751.572212934494,-1608.4615,-0.15970042,2.5310812,61.97945943225171
49269,499.31638,612250,0.99746776,0.9324951,0.21622446,-22.006544,83820,1280040,9160,9762.436151504517,-1587.4617,-0.19614398,3.2196941,62.425993689854025
49332,481.9693,612880,0.9975841,0.9412842,0.17995438,-24.433998,83918,1281020,9170,9773.14768242836,-1574.1913,-0.16151637,1.74179,60.05384355355462
49391,491.09894,613470,0.99753404,0.9316406,0.19772539,-23.769339,84008,1281920,9179,9783.81434226036,-1560.2751,-0.17708871,2.2512317,51.89030631920733
49442,498.39276,613980,0.9974768,0.93011475,0.21356988,-22.927496,84090,1282740,9187,9793.911208868027,-1594.7832,-0.19268045,2.327715,49.53827091825069
49494,514.19867,614500,0.99748445,0.9316406,0.20876719,-21.921522,84168,1283520,9195,9804.066837072372,-1607.6133,-0.19029173,2.4686291,53.243920750029204
49551,493.63345,615070,0.99754643,0.9393921,0.1899328,-23.303568,84258,1284420,9204,9814.507620811462,-1566.0334,-0.17061882,2.0377522,54.32074266316583
49610,480.1371,615660,0.9975326,0.9421997,0.18860927,-21.934439,84348,1285320,9213,9825.261528253555,-1539.8428,-0.16962202,2.030003,55.93814275303926
49666,493.24634,616220,0.99751925,0.9361572,0.19199145,-23.18957,84441,1286250,9222,9836.093334674835,-1553.1531,-0.18329751,2.382734,59.509263286614534
49726,479.4741,616820,0.9974482,0.93518066,0.2132141,-22.425446,84535,1287190,9231,9846.669732809067,-1527.752,-0.15166193,3.9755766,55.00850551959163
49783,484.63614,617390,0.997525,0.93927,0.1969271,-21.564487,84617,1288010,9240,9857.315060138702,-1566.5228,-0.16670758,3.2806368,55.32218256340756
49838,492.0985,617940,0.99738955,0.9346924,0.22533293,-23.416344,84710,1288940,9249,9868.181416273117,-1574.251,-0.15927346,5.0834646,55.19968398036681
49895,499.71194,618510,0.9975345,0.9337158,0.20160276,-24.12248,84799,1289830,9258,9878.715374231339,-1590.1674,-0.16531524,2.3963068,56.1846564983917
49956,495.34576,619120,0.99744296,0.93829346,0.20923689,-19.604622,84889,1290730,9267,9889.861366033554,-1561.3475,-0.18044253,3.9420931,54.46008677973419
50015,503.12677,619710,0.99751925,0.9324341,0.20556058,-24.0448,84980,1291640,9276,9900.338045597076,-1586.8577,-0.16859712,2.7244892,55.41147410970436
50070,494.81537,620260,0.99754643,0.93670654,0.18809152,-21.351185,85072,1292560,9285,9911.446467161179,-1581.3076,-0.17776069,1.5822961,51.523189378565384
50127,484.20975,620830,0.9975543,0.93566895,0.1918931,-20.700687,85162,1293460,9294,9922.228890895844,-1553.035,-0.174508,1.8937725,51.73368917709973
50185,497.81668,621410,0.99745727,0.942688,0.2081191,-22.17716,85253,1294370,9303,9933.26740026474,-1575.6028,-0.1364143,3.9273133,52.50649320165933
50242,490.2773,621980,0.99757695,0.93688965,0.19224282,-21.82521,85342,1295260,9312,9943.920170783997,-1575.5348,-0.18432504,2.3839514,51.27564871651119
50301,504.89417,622570,0.9974859,0.92822266,0.21675058,-21.885105,85431,1296150,9321,9954.97807598114,-1605.2119,-0.18747178,2.9232788,55.68539501121444
50357,504.07416,623130,0.99754,0.9331665,0.19327718,-21.758324,85521,1297050,9330,9965.68363404274,-1606.3378,-0.18794098,2.4345994,52.28331554753793
50417,486.18512,623730,0.99758506,0.94140625,0.1815508,-22.318142,85611,1297950,9339,9976.081171035767,-1544.2173,-0.16252571,1.796524,54.3924084387064
50474,492.8462,624300,0.99760056,0.9370117,0.18525076,-19.878334,85701,1298850,9348,9986.672532558441,-1602.7667,-0.1723627,2.142274,52.327538037719194
50529,488.67468,624850,0.9975407,0.9393921,0.18762735,-22.707897,85793,1299770,9357,9997.064183235168,-1553.2805,-0.1642399,2.3589692,56.47152120158217
50588,507.53308,625440,0.9972825,0.93188477,0.24184853,-21.130707,85891,1300750,9366,10008.017798423767,-1647.0112,-0.18273598,5.752927,51.444708937874154
50647,471.0341,626030,0.9975405,0.9430542,0.1824424,-22.166893,85975,1301590,9375,10018.391600608826,-1518.9634,-0.13247225,3.3514886,51.575596590696215
50704,471.57797,626600,0.9975288,0.93603516,0.1920554,-22.256432,86064,1302480,9384,10028.985849380493,-1517.5686,-0.175522,1.6443113,55.131956435076624
50762,489.7694,627180,0.9975419,0.9393921,0.18874034,-22.005615,86156,1303400,9393,10039.81787443161,-1588.0518,-0.17591831,1.9205863,52.21086044736697
50818,489.70844,627740,0.9975302,0.9416504,0.18091053,-19.511799,86245,1304290,9402,10050.248968362808,-1565.0522,-0.15544763,2.196982,52.764649052337234
50877,476.8822,628330,0.99748325,0.9398804,0.19863014,-19.146717,86335,1305190,9411,10060.917504310608,-1558.0637,-0.17028435,3.209487,53.483692716598775
50933,480.42963,628890,0.99747014,0.94140625,0.20120077,-20.378817,86428,1306120,9420,10071.666446447372,-1577.0017,-0.16970028,3.7709386,52.276188244980915
50992,497.30878,629480,0.9974642,0.93408203,0.20476224,-20.293392,86515,1306990,9429,10082.063278913498,-1604.7532,-0.18087094,3.0412307,53.87056356539101
51049,499.54535,630050,0.997525,0.9362793,0.19625843,-19.249924,86606,1307900,9438,10092.505039930344,-1599.9172,-0.16065446,2.7523272,52.55386176792586
51106,495.24786,630620,0.997457,0.9316406,0.21645527,-20.497551,86696,1308800,9447,10102.88615322113,-1581.2405,-0.17019148,3.832629,47.09305562158745
51164,478.3341,631200,0.9974117,0.9362793,0.22328857,-21.316965,86789,1309730,9456,10114.043179512024,-1530.252,-0.16001272,5.385858,54.44541786916531
51221,488.80823,631770,0.99759936,0.9399414,0.17588794,-19.910534,86879,1310630,9465,10124.565813541412,-1563.9854,-0.15739268,1.6628987,52.95661819987457
51278,497.0573,632340,0.99758744,0.9433594,0.18121329,-21.353647,86968,1311520,9474,10135.205412864685,-1600.2632,-0.17107606,2.1341257,51.52228946788574
51337,482.29556,632930,0.99763536,0.9472046,0.17423555,-16.286587,87063,1312470,9483,10145.937953233719,-1542.4307,-0.156042,2.1336517,51.616564959827464
51393,496.73138,633490,0.9974904,0.92907715,0.20602728,-16.369572,87162,1313460,9492,10156.569063663483,-1609.3445,-0.17652449,2.4086146,46.50998637111661
51450,518.13025,634060,0.99753785,0.93792725,0.19292179,-16.744972,87244,1314280,9501,10166.738359212875,-1645.967,-0.1703496,2.549017,54.47716259366338
51509,504.5422,634650,0.9975798,0.9370117,0.19791365,-18.458645,87337,1315210,9510,10177.68645787239,-1625.5386,-0.15518259,2.1732202,52.33097582624356
51569,484.52063,635250,0.99757385,0.9397583,0.18658915,-19.332376,87425,1316090,9519,10188.177070856094,-1573.0084,-0.15728456,2.2305455,51.47793616083234
51626,495.47675,635820,0.9975276,0.94055176,0.19598114,-18.181858,87514,1316980,9528,10198.71028470993,-1595.5951,-0.15886573,2.8402655,59.73588742474195
51683,498.5929,636390,0.99750376,0.9379883,0.19926742,-18.894903,87608,1317920,9537,10209.715809345245,-1601.3319,-0.15417264,3.1577735,49.10830188396202
51739,479.03033,636950,0.9975138,0.932251,0.19311196,-20.345572,87697,1318810,9546,10220.29858160019,-1536.0083,-0.17810877,1.9391737,55.244590902392986
51797,488.33405,637530,0.99755406,0.9315796,0.19484697,-20.120007,87790,1319740,9555,10231.033460140228,-1577.082,-0.182425,1.7669162,52.42472479678337
51857,486.43805,638130,0.99752426,0.9402466,0.19011205,-17.09521,87880,1320640,9564,10241.695630550385,-1572.639,-0.15411079,2.9288702,54.03744840044915
51913,506.72943,638690,0.99755883,0.93811035,0.19337314,-16.944313,87970,1321540,9573,10252.246220827103,-1618.0532,-0.1729447,2.4657433,51.03206629946429
51969,496.17734,639250,0.9975364,0.93859863,0.19305399,-18.03981,88061,1322450,9582,10262.637887001038,-1593.8335,-0.16344798,2.4252572,52.41062006616455
52029,502.9062,639850,0.9974909,0.94537354,0.19519378,-18.502974,88150,1323340,9591,10272.795009851456,-1621.2776,-0.16044614,4.0697355,56.54216521570072
52085,506.1762,640410,0.9975357,0.93200684,0.20603311,-18.28123,88241,1324250,9600,10283.696165800095,-1629.5693,-0.1844643,2.212501,52.528357652863946
52142,512.7614,640980,0.9975443,0.9376831,0.19861627,-16.48919,88330,1325140,9609,10293.854732751846,-1643.2361,-0.16821231,2.7443118,53.97900968437309
52201,515.34216,641570,0.9971516,0.8947754,0.33467096,-21.232117,88421,1326050,9618,10304.240384578705,-1646.4331,-0.2047557,7.473964,53.10329481808787
52257,492.51974,642130,0.9975827,0.9388428,0.18071361,-17.676525,88513,1326970,9627,10314.998538255692,-1591.6821,-0.16132261,1.6314266,51.501402575535806
52315,482.83246,642710,0.99755025,0.9404297,0.19202544,-18.300564,88601,1327850,9636,10325.221889257431,-1573.4126,-0.16655421,2.34626,54.06902397153009
52373,492.90674,643290,0.9974499,0.939209,0.20361924,-16.819246,88692,1328760,9645,10335.496163606644,-1602.0547,-0.16221151,3.392628,53.54003813126866
52426,489.05695,643820,0.99752474,0.9373779,0.1972715,-21.632515,88772,1329560,9653,10345.610425233841,-1605.939,-0.16850388,2.5055413,47.417719484218466
52482,490.18222,644380,0.99752164,0.93688965,0.19138685,-18.678728,88862,1330460,9662,10356.147518157959,-1604.0276,-0.17838854,2.4038532,52.39828209429586
52538,498.88318,644940,0.9973848,0.9369507,0.21207842,-21.791462,88951,1331350,9671,10366.392823934555,-1600.7382,-0.15956128,4.3631353,55.062294018017596
52597,496.83356,645530,0.9975338,0.9439697,0.18762347,-15.856949,89040,1332240,9680,10377.157056570053,-1614.6577,-0.15938626,3.0492415,46.88185272729368
52656,474.67242,646120,0.99697423,0.90948486,0.39470965,-20.669136,89130,1333140,9689,10387.715875387192,-1505.9517,-0.17930996,17.511675,52.76539581891437
52713,491.26642,646690,0.9975617,0.9368286,0.18853614,-19.051414,89219,1334030,9698,10398.137979507446,-1584.4801,-0.17690945,1.8147285,52.616585716954276
52770,491.0824,647260,0.9975982,0.94366455,0.17585887,-19.108883,89308,1334920,9707,10408.92007279396,-1587.1454,-0.16844466,1.6052907,46.41598933749062
52836,490.10956,647920,0.99756765,0.9429321,0.17677923,-17.474262,89411,1335950,9717,10419.753038406372,-1579.2145,-0.16291942,2.0017376,61.116233915849236
52897,491.01575,648530,0.99753237,0.93933105,0.19876896,-19.311195,89509,1336930,9727,10430.078351259232,-1596.2009,-0.15969,3.344608,61.16018023009959
52961,505.9751,649170,0.9975364,0.93792725,0.20156334,-19.105469,89609,1337930,9737,10440.305957317352,-1611.0173,-0.16439864,3.0694396,62.08068544305393
53026,490.3006,649820,0.99758434,0.9458618,0.1795893,-20.454266,89707,1338910,9747,10450.736551523209,-1568.729,-0.14734738,2.7413185,61.85309801845071
53091,492.26935,650470,0.99756575,0.9456787,0.17480987,-16.634352,89807,1339910,9757,10460.918318033218,-1608.9191,-0.14805865,2.5029812,61.29707388518684
53155,492.2973,651110,0.9975438,0.9423218,0.18913327,-18.194454,89907,1340910,9767,10471.169015407562,-1603.6089,-0.16154245,2.7314382,62.04362264709145
53219,482.8376,651750,0.9975338,0.93951416,0.18713742,-19.736908,90004,1341880,9777,10481.764268636703,-1565.939,-0.16641589,1.9064176,61.79525956681351
53283,488.97144,652390,0.9976032,0.94158936,0.17579634,-15.961195,90102,1342860,9787,10492.161344051361,-1591.7388,-0.15495053,1.626819,60.59660721880251
53345,498.27606,653010,0.9976084,0.94091797,0.18238167,-16.887974,90203,1343870,9797,10502.629586935043,-1633.7415,-0.15393999,1.9889286,54.63151716350901
53411,490.755,653670,0.9975178,0.9390259,0.19157512,-17.20545,90302,1344860,9807,10513.417194366455,-1601.6909,-0.16907972,2.3468747,60.38094715385525
53475,504.4355,654310,0.9974544,0.94647217,0.1939129,-18.873991,90401,1345850,9817,10523.880558490753,-1644.9852,-0.16583058,3.8728774,60.50276384927967
53540,484.0639,654960,0.9975145,0.9451904,0.19634253,-16.581614,90499,1346830,9827,10534.234719514847,-1598.7109,-0.1608831,4.1182857,60.64141193596986
53603,495.65976,655590,0.9975078,0.93670654,0.20118126,-16.255867,90598,1347820,9837,10544.917495250702,-1625.5264,-0.19719523,3.24179,60.528616513020054
53666,497.5912,656220,0.99756813,0.94055176,0.19470543,-14.18284,90699,1348830,9847,10555.395338535309,-1630.0492,-0.16277522,2.9615993,60.34163962816117
53729,468.11853,656850,0.99756265,0.9406738,0.18005526,-14.193799,90799,1349830,9857,10566.550010204315,-1527.8169,-0.15334915,1.8466918,55.57133742375994
53788,483.60666,657440,0.99756837,0.94226074,0.18180469,-12.909527,90886,1350700,9866,10577.271474123001,-1598.6387,-0.16746852,1.6871185,55.60513471692563
53845,487.42105,658010,0.9976218,0.9482422,0.17608927,-16.17222,90975,1351590,9875,10587.925845623016,-1604.5435,-0.1529837,1.8025057,51.05934255894112
53903,505.98178,658590,0.99758744,0.94714355,0.17206815,-14.268609,91064,1352480,9884,10598.222549676895,-1657.8337,-0.15894648,1.8475428,55.8439289294714
53961,504.20074,659170,0.99759626,0.94104004,0.18100052,-13.667894,91156,1353400,9893,10609.027488231659,-1632.2118,-0.14752518,1.9458785,49.51455875148303
54018,500.10324,659740,0.9975796,0.93896484,0.18454693,-15.282734,91247,1354310,9902,10619.60369849205,-1655.2628,-0.15800028,2.0791113,52.97493850666717
54077,490.66092,660330,0.99747586,0.9432373,0.19496778,-14.382135,91335,1355190,9911,10629.952684402466,-1617.3579,-0.16890922,3.8048677,51.93897086964615
54133,486.61182,660890,0.9975393,0.9417114,0.1839973,-12.189938,91426,1356100,9920,10640.711500644684,-1580.7296,-0.16004646,2.5220003,46.594697897422925
54192,486.71686,661480,0.9974711,0.9440918,0.19254097,-11.40073,91515,1356990,9929,10651.369797229767,-1584.8662,-0.16603404,4.2259874,54.144591338977826
54251,478.90656,662070,0.99756145,0.94207764,0.18368118,-13.306089,91603,1357870,9938,10661.971593379974,-1561.0771,-0.17794451,1.8980544,56.57358885032108
54306,496.32498,662620,0.9975805,0.9398804,0.1823624,-11.059141,91692,1358760,9947,10672.375029325485,-1629.3976,-0.16851154,1.83454,54.82357290153423
54365,479.33862,663210,0.99760103,0.9434204,0.17201641,-10.635426,91783,1359670,9956,10683.061150074005,-1572.3993,-0.15140265,1.7933599,56.3307496099443
54422,504.0289,663780,0.99753475,0.93792725,0.1929737,-13.758522,91874,1360580,9965,10693.474231243134,-1648.8947,-0.15087363,2.476798,51.64063481119415
54481,505.61102,664370,0.9975138,0.9433594,0.19143327,-13.257572,91962,1361460,9974,10703.568091392517,-1643.9812,-0.15594433,2.9991505,55.312721007877315
54538,503.25183,664940,0.99757695,0.9411011,0.18321088,-15.2034855,92052,1362360,9983,10714.115115642548,-1637.853,-0.16375278,2.4568665,52.05485903994353
54593,492.56012,665490,0.99755764,0.94085693,0.1845167,-15.454046,92145,1363290,9992,10724.733711719513,-1611.0658,-0.14073494,2.6590705,52.70365160183999
54651,490.2457,666070,0.99749327,0.93774414,0.19776252,-14.9948635,92227,1364110,10001,10735.109115600586,-1599.9708,-0.1874286,2.727439,53.97836927628871
54709,492.4292,666650,0.99747443,0.9316406,0.2145268,-14.17543,92320,1365040,10010,10746.098182916641,-1639.1216,-0.17835619,3.7526138,52.230284115451816
54768,497.98175,667240,0.99759674,0.9448242,0.17574775,-13.999396,92408,1365920,10019,10756.56118965149,-1615.7528,-0.16556221,2.0232177,53.216054614187975
54827,493.3772,667830,0.9976015,0.94610596,0.15956217,-17.909866,92497,1366810,10028,10766.943200588226,-1599.5115,-0.14996912,1.5433774,52.321867183942814
54882,495.31464,668380,0.9975898,0.942749,0.17954746,-12.598438,92587,1367710,10037,10777.669131755829,-1620.7407,-0.14653115,2.5210855,49.27300818055181
54938,492.2032,668940,0.9975915,0.93914795,0.17992473,-13.775457,92674,1368580,10046,10787.921250343323,-1621.6056,-0.14801301,2.2371912,55.194292792133346
54997,495.98096,669530,0.99751735,0.9453125,0.1883378,-12.798089,92765,1369490,10055,10798.740073680878,-1642.0468,-0.15059224,3.361834,48.75746745314934
55057,504.2318,670130,0.9975431,0.9440918,0.1878859,-11.027787,92858,1370420,10064,10809.374774694443,-1630.791,-0.15291922,3.6226099,55.28910404760002
55113,500.39212,670690,0.99757767,0.9390259,0.18640693,-10.24125,92945,1371290,10073,10820.112172603607,-1631.629,-0.15622969,2.383503,52.66904077701296
55169,488.35764,671250,0.99753,0.9371948,0.19353697,-6.7669926,93035,1372190,10082,10830.78318285942,-1632.1935,-0.17380042,3.1824856,52.150436857640145
55229,509.86087,671850,0.99756217,0.9428711,0.18404892,-9.784821,93125,1373090,10091,10841.275074005127,-1662.0637,-0.1549356,2.485816,55.13871717943967
55285,488.97424,672410,0.9971731,0.9352417,0.26188803,-12.515932,93215,1373990,10100,10852.096828222275,-1611.4683,-0.21579373,8.791887,48.588944760001596
55342,500.50842,672980,0.9975717,0.9406738,0.1861848,-13.784958,93307,1374910,10109,10862.392407655716,-1645.5657,-0.1558972,2.3356357,60.17654146712282
55402,484.40143,673580,0.9975538,0.9437866,0.1790903,-14.714125,93394,1375780,10118,10872.806541204453,-1595.7751,-0.16081545,2.2621107,53.84120626882388
55457,502.83154,674130,0.99759173,0.9454346,0.18600994,-9.737692,93486,1376700,10127,10883.473689556122,-1650.3284,-0.14316864,3.0374703,58.00173593292566
55518,499.99335,674740,0.9974704,0.93774414,0.19864121,-12.51713,93572,1377560,10136,10894.138268232346,-1652.4722,-0.17482898,3.2175574,57.604249275857434
55573,500.98694,675290,0.9975469,0.94177246,0.17947717,-13.266943,93663,1378470,10145,10904.931126832962,-1659.03,-0.16883123,2.3895996,53.37469975726071
55632,479.6026,675880,0.9976356,0.9493408,0.15883288,-13.0571,93753,1379370,10154,10915.713148355484,-1601.3312,-0.13492692,1.8713892,57.70917856761262
55690,489.7565,676460,0.997576,0.946167,0.17692807,-11.079209,93842,1380260,10163,10926.115751504898,-1618.7957,-0.15732501,2.0336843,56.3917642765865
55748,486.78546,677040,0.99756193,0.9440918,0.17519692,-9.764767,93932,1381160,10172,10936.62326002121,-1620.8718,-0.15812346,2.1954744,56.95310094558515
55803,512.5077,677590,0.9973767,0.9346924,0.23073237,-8.145367,94020,1382040,10181,10946.934779167175,-1699.2976,-0.20461258,5.138097,60.06308834305724
55861,503.58426,678170,0.99754524,0.93969727,0.18593317,-11.637999,94110,1382940,10190,10957.619571685791,-1654.1729,-0.16485783,2.334353,55.72438589313001
55919,495.35754,678750,0.99758434,0.93878174,0.18532416,-5.5543866,94200,1383840,10199,10968.058458089828,-1660.2656,-0.14668539,2.7150345,57.295981742839906
55978,497.98663,679340,0.99755454,0.94610596,0.18505174,-3.0059013,94291,1384750,10208,10979.019882917404,-1621.1483,-0.13909826,3.169701,54.043301408242
56035,499.2058,679910,0.99759126,0.94836426,0.1679388,-9.748346,94380,1385640,10217,10989.83755850792,-1637.8444,-0.14934048,2.518193,53.895342804596964
56093,511.6593,680490,0.9975791,0.9447632,0.17438015,-8.010132,94470,1386540,10226,11000.533043146133,-1670.4307,-0.15236054,2.10139,54.249276451870735
56149,509.24542,681050,0.99751425,0.9447632,0.18492252,-8.137465,94558,1387420,10235,11010.994359970093,-1663.9435,-0.17904723,2.9630792,52.06714688580083
56208,500.1408,681640,0.9975567,0.94262695,0.18626703,-9.133624,94647,1388310,10244,11022.02194929123,-1649.862,-0.16540948,2.9894981,52.342292094588984
56264,495.6226,682200,0.9975381,0.94329834,0.19106251,-10.0588045,94737,1389210,10253,11032.932205915451,-1654.9861,-0.17101806,3.3070745,49.41077627440048
56324,499.5636,682800,0.9975078,0.9404297,0.19896929,-10.61008,94824,1390080,10262,11043.459992408752,-1656.5974,-0.15201327,3.7000287,54.247215397869155
56381,492.44495,683370,0.997545,0.93969727,0.1827031,-10.182451,94913,1390970,10271,11054.475120306015,-1613.3636,-0.1683098,2.0816941,46.41465707142141
56438,503.40924,683940,0.9976411,0.94854736,0.1651043,-8.602686,95009,1391930,10280,11065.156422376633,-1643.7417,-0.13651137,2.13855,57.82922510671896
56495,483.5935,684510,0.9976053,0.9492798,0.16704896,-11.858953,95100,1392840,10289,11075.721495389938,-1626.6338,-0.14904135,2.3194962,54.51061577894194
56553,519.15454,685090,0.99756193,0.9355469,0.19494733,-6.416402,95183,1393670,10298,11086.270684480667,-1678.626,-0.15509608,2.4400694,51.7630683037628
56610,496.2032,685660,0.997494,0.9415283,0.19228047,-8.50853,95271,1394550,10307,11097.145381450653,-1634.492,-0.14684436,3.0921953,52.13025248760905
56669,505.00623,686250,0.9975252,0.93933105,0.19798705,-7.050017,95367,1395510,10316,11107.89807844162,-1660.9299,-0.15876424,3.630652,54.80021508897326
56727,505.53452,686830,0.99753,0.9416504,0.18757775,-7.2230654,95450,1396340,10325,11118.628260612488,-1662.226,-0.14794205,3.2151427,54.009136881396394
56783,502.60413,687390,0.99750996,0.9397583,0.19139971,-9.385565,95537,1397210,10334,11129.625257730484,-1642.811,-0.15259714,3.265657,51.42405235824957
56842,506.2472,687980,0.99755764,0.93865967,0.19044685,-5.6690903,95627,1398110,10343,11140.396526575089,-1677.1506,-0.15665707,2.8729687,48.761931335048494
56899,487.7763,688550,0.9975693,0.9400635,0.17663598,-7.1828246,95716,1399000,10352,11151.237399816513,-1610.931,-0.16906548,1.8477483,52.747914580887304
56957,496.31372,689130,0.99763966,0.951416,0.16043404,-10.803957,95803,1399870,10361,11162.023411750793,-1639.2844,-0.14400394,1.6358006,54.5029347293771
57014,490.95303,689700,0.99760246,0.942749,0.17751981,-10.7670555,95893,1400770,10370,11172.640530347824,-1611.5433,-0.14112303,2.2743473,50.98469825375782
57070,496.5681,690260,0.99741197,0.94696045,0.21888384,-12.068714,95980,1401640,10379,11183.097537755966,-1626.2065,-0.16189376,6.7187395,53.99094142012417
57129,499.07278,690850,0.99758196,0.9454346,0.17998427,-12.29128,96068,1402520,10388,11193.816720962524,-1633.3003,-0.14931832,2.7065759,49.14045871062509
57187,502.52527,691430,0.9976013,0.9458618,0.17847753,-12.093858,96155,1403390,10397,11204.573600530624,-1649.9915,-0.15092105,2.7928452,52.350152076216744
57244,519.55457,692000,0.9975405,0.94299316,0.17746045,-12.120293,96244,1404280,10406,11214.995949268341,-1660.9672,-0.14946097,2.5431762,53.64932207725761
57302,504.0648,692580,0.9975414,0.94415283,0.18422243,-11.40399,96333,1405170,10415,11225.539153575897,-1622.8376,-0.16258286,3.5891523,46.789300261176706
57360,519.6228,693160,0.99751616,0.94177246,0.1943678,-11.9702425,96421,1406050,10424,11236.243299245834,-1683.6931,-0.1515414,3.241348,54.218628950781884
57417,501.35785,693730,0.99759674,0.9472656,0.16783515,-13.820521,96507,1406910,10433,11246.815524339676,-1648.4634,-0.15003282,2.523684,53.40885244231651
57476,490.7917,694320,0.99762297,0.951416,0.1628772,-9.823835,96597,1407810,10442,11257.477019309998,-1638.0361,-0.13559781,2.369804,55.140472752721685
57533,488.18283,694890,0.9975519,0.9390869,0.18582223,-7.4444013,96688,1408720,10451,11268.13075876236,-1599.5314,-0.17049274,1.7727263,53.48409765575734
57589,481.03583,695450,0.99762297,0.9475708,0.16483493,-10.941263,96776,1409600,10460,11278.590779542923,-1583.6017,-0.1534578,1.4724076,52.65820257979342
57648,494.91837,696040,0.99759746,0.94628906,0.17359778,-11.925867,96861,1410450,10469,11288.994859218597,-1633.4562,-0.16982585,1.6986853,54.069862571113426
57704,493.77338,696600,0.9975946,0.94781494,0.18520316,-13.911846,96952,1411360,10478,11299.813784837723,-1641.447,-0.1311542,3.6254134,51.125508925879515
57763,490.29944,697190,0.99754715,0.9434204,0.17872088,-11.071618,97039,1412230,10487,11310.294755220413,-1621.8333,-0.14283353,2.5384488,53.45423386643105
57821,513.94293,697770,0.9976218,0.9493408,0.17071483,-10.923713,97127,1413110,10496,11320.89580821991,-1682.4685,-0.14375079,2.303351,51.95913810323869
57879,494.8952,698350,0.99765944,0.9529419,0.16067201,-8.401165,97217,1414010,10505,11331.767090082169,-1606.6106,-0.12789221,2.3689208,53.699495783526
57935,503.32904,698910,0.9976146,0.9447632,0.17424323,-14.243607,97306,1414900,10514,11342.3986287117,-1674.8137,-0.1520403,1.8507516,53.03172514071109
57992,504.29837,699480,0.99747753,0.94317627,0.20061688,-13.382558,97398,1415820,10523,11353.211121082306,-1658.1649,-0.13153183,4.512186,50.94156498992879
58050,501.0772,700060,0.99758315,0.93933105,0.18660694,-15.300858,97486,1416700,10532,11364.163279533386,-1660.7892,-0.16983068,2.258392,51.84077174610801
58108,485.9127,700640,0.9975543,0.94262695,0.17828467,-14.569479,97571,1417550,10541,11374.753475904465,-1651.1814,-0.1491572,2.4243002,55.139056959092386
58165,499.02094,701210,0.9975853,0.9451904,0.17115101,-14.79008,97661,1418450,10550,11385.393817424774,-1657.9624,-0.1598796,1.9122272,55.63158188150422
58224,502.27988,701800,0.9976208,0.94073486,0.17290041,-10.571211,97748,1419320,10559,11396.060471534729,-1658.4059,-0.15087306,1.9391584,54.50225969738998
58276,508.93448,702320,0.9975805,0.9429321,0.18167761,-12.047907,97829,1420130,10567,11406.108931779861,-1679.8619,-0.1532774,2.9940097,47.221852878674866
58334,477.48395,702900,0.99758005,0.9435425,0.17249927,-6.7529864,97914,1420980,10576,11416.778017520905,-1566.4985,-0.17262852,2.2330961,52.238923755645985
58390,499.97998,703460,0.99759865,0.9421997,0.17467786,-10.627876,98001,1421850,10585,11427.328844308853,-1655.8578,-0.15587388,1.8325746,50.32368742169598
58447,493.98676,704030,0.99756503,0.9371338,0.17990534,-11.915941,98089,1422730,10594,11437.989299058914,-1624.2388,-0.16979006,1.7315922,52.321316483052975
58506,486.26038,704620,0.9975879,0.9463501,0.17578,-9.450906,98178,1423620,10603,11448.539863824844,-1638.0028,-0.14442557,2.8228712,56.734793532918744
58562,483.5201,705180,0.99759364,0.94659424,0.17765939,-10.6187725,98268,1424520,10612,11459.526163101196,-1620.3367,-0.13504499,2.9650702,48.2883390070034
58622,497.57968,705780,0.9975841,0.9412842,0.18173972,-3.8716145,98356,1425400,10621,11470.260329008102,-1657.0161,-0.15067592,2.2849567,54.514778174061135
58677,471.58267,706330,0.99757624,0.94311523,0.18459895,-6.458826,98445,1426290,10630,11480.838413238525,-1615.9734,-0.14511457,2.8756251,55.894254708791706
58737,497.1205,706930,0.9974983,0.9384155,0.19909509,-9.814406,98531,1427150,10639,11491.229966640472,-1673.8519,-0.15900117,3.6028738,54.75290020480673
58794,499.566,707500,0.9975972,0.9421387,0.17434882,-9.369686,98618,1428020,10648,11501.741981267929,-1655.4935,-0.15845823,2.2007318,54.088601708200315
58849,467.05862,708050,0.9974611,0.9265137,0.22488368,-7.170072,98707,1428910,10657,11512.422178030014,-1574.2789,-0.18122435,3.8180585,51.86433972606339
58909,476.0739,708650,0.99766064,0.95373535,0.153052,-10.000697,98795,1429790,10666,11523.23404622078,-1589.8052,-0.13033701,1.5263069,54.972772412064394
58965,486.34268,709210,0.997591,0.9439697,0.17814372,-10.76906,98884,1430680,10675,11533.78126001358,-1628.9597,-0.16176157,2.5182314,52.54109633147565
59024,486.32416,709800,0.9976008,0.947876,0.16620007,-7.795567,98973,1431570,10684,11544.530348539352,-1633.9722,-0.1561883,2.0398843,54.954979514367785
59081,504.8344,710370,0.99758196,0.93878174,0.18707258,-9.430761,99060,1432440,10693,11554.965322494507,-1671.8193,-0.16423658,2.1750264,52.09471213419409
59137,501.09692,710930,0.99745464,0.9390259,0.21504182,-5.4825673,99149,1433330,10702,11565.391240119934,-1657.4457,-0.15195817,5.615913,52.97657990562178
59197,487.7493,711530,0.9976549,0.947876,0.16966142,-5.019408,99246,1434300,10711,11576.397299528122,-1620.6774,-0.13760018,2.7871614,54.46032985535226
59254,490.81708,712100,0.9975629,0.9489746,0.17326581,-5.667948,99328,1435120,10720,11586.969290494919,-1638.2543,-0.14754543,3.4004982,51.811334374827496
59312,496.7562,712680,0.9975686,0.9429321,0.18316627,-8.746099,99414,1435980,10729,11597.595119476318,-1643.5627,-0.15766317,2.7713728,54.04592370585264
59369,505.09366,713250,0.9975426,0.9389038,0.19512768,-5.21299,99503,1436870,10738,11608.270403623581,-1644.0029,-0.17158367,3.380024,47.75219103619063
59427,489.40588,713830,0.99602723,0.7513428,2.205386,-13.863459,99591,1437750,10747,11619.009368896484,-1599.2297,-1.5861529,61.479248,53.806369159152005
59486,494.94598,714420,0.997653,0.94659424,0.16456667,-10.054184,99678,1438620,10756,11629.593833208084,-1629.7081,-0.15015294,1.4869103,51.618401183143625
59540,482.55844,714960,0.99757624,0.9470825,0.16946721,-8.488876,99768,1439520,10765,11640.257212162018,-1638.9897,-0.1530575,1.9832126,56.01734555424179
59598,508.4083,715540,0.99756956,0.9459839,0.16892797,-4.457003,99857,1440410,10774,11651.002031803131,-1691.4906,-0.14723174,2.1338933,56.10458151280527
59659,506.8565,716150,0.99755096,0.946228,0.18576199,-6.0889406,99945,1441290,10783,11661.494020938873,-1695.94,-0.16891742,3.6204052,50.842735061189785
59714,490.7609,716700,0.9975691,0.93927,0.17979375,-10.477999,100031,1442150,10792,11671.914596557617,-1656.0519,-0.16712764,2.3038769,53.61649971647329
59772,501.33383,717280,0.99753356,0.9480591,0.18590522,-6.18945,100121,1443050,10801,11682.871626138687,-1676.7102,-0.13599952,3.7916183,51.99132146264576
59830,496.6148,717860,0.99758196,0.94873047,0.16701187,-10.485864,100209,1443930,10810,11693.71941947937,-1669.9202,-0.15522787,2.2629123,48.57562401208077
59887,496.4441,718430,0.99759984,0.9403076,0.17984213,-6.329414,100297,1444810,10819,11704.33852648735,-1665.0718,-0.14606172,2.238535,52.698964535375886
59940,486.5338,718960,0.9976156,0.949646,0.16916534,-7.1727753,100376,1445600,10827,11714.427653312683,-1632.0327,-0.13136245,2.456956,45.11632491026668
59996,483.3648,719520,0.9976418,0.94866943,0.1625213,-8.095334,100466,1446500,10836,11725.384161233902,-1608.6769,-0.1338388,2.4619417,50.76514105795785
60053,483.76468,720090,0.9975951,0.9448242,0.16558802,-4.290649,100552,1447360,10845,11736.216405153275,-1643.7737,-0.1566644,1.642802,50.988649495917265
60111,489.0549,720670,0.9976156,0.9439697,0.168991,-11.135529,100639,1448230,10854,11746.838526248932,-1655.8733,-0.15736325,1.7136494,55.80376135027265
60169,479.0533,721250,0.99758387,0.9459839,0.17397675,-7.018861,100728,1449120,10863,11757.769682884216,-1618.2549,-0.15649211,2.3772206,52.43498568971808
60227,487.83044,721830,0.99756026,0.9494629,0.17624164,-10.112882,100812,1449960,10872,11768.166785478592,-1646.4689,-0.13490728,3.3128953,53.62490775696502
60286,486.09027,722420,0.997421,0.9453125,0.20766415,-11.569599,100900,1450840,10881,11779.051629066467,-1653.1808,-0.16262382,5.8943295,50.30782410104915
60342,486.6637,722980,0.9975555,0.940979,0.1894549,-13.187809,100989,1451730,10890,11789.955891609192,-1649.1917,-0.15336813,2.8830419,52.361425571939854
60398,489.61868,723540,0.99761367,0.9437256,0.17808923,-3.7453291,101076,1452600,10899,11800.501878023148,-1640.7441,-0.15008417,2.8388994,53.03891324896702
60457,477.65286,724130,0.9975965,0.94781494,0.16540575,-5.499905,101162,1453460,10908,11811.100075244904,-1634.5966,-0.1537554,1.883087,53.60536446134224
60514,464.45407,724700,0.9976523,0.9522095,0.15767887,-9.066724,101252,1454360,10917,11822.007521867752,-1603.6567,-0.13356788,2.2431087,55.6324465924446
60571,488.56757,725270,0.9975374,0.94262695,0.18433474,-6.8818893,101338,1455220,10926,11832.570580720901,-1670.3708,-0.15236181,2.7070632,52.373102433057035
60631,515.42395,725870,0.9975598,0.9423218,0.17618057,-6.185909,101428,1456120,10935,11842.871139526367,-1717.3372,-0.16851817,2.6102078,51.59917198496594
60689,494.63788,726450,0.9975898,0.9453125,0.18275192,-6.4842157,101515,1456990,10944,11853.338350057602,-1673.2168,-0.15886766,3.6532965,47.89121067939981
60745,468.87842,727010,0.997622,0.951355,0.15124907,-0.5084321,101603,1457870,10953,11864.197161436081,-1597.4916,-0.13846508,2.2074919,51.55863722629658
60802,488.84747,727580,0.9975593,0.9418335,0.18968475,-7.694278,101691,1458750,10962,11874.807509422302,-1658.2524,-0.15889768,3.5439358,46.95215238613639
60862,480.44028,728180,0.9976485,0.949646,0.16338637,-7.4032326,101779,1459630,10971,11885.364005565643,-1642.8898,-0.14211833,1.4910741,54.66245525408066
60917,491.6803,728730,0.99759865,0.94714355,0.17377307,-7.1909885,101867,1460510,10980,11895.798187732697,-1670.6554,-0.14976814,2.6799994,51.50139269459832
60976,494.48856,729320,0.9976318,0.94958496,0.160936,-4.3194885,101952,1461360,10989,11906.351726055145,-1642.6702,-0.12628943,2.3943052,47.99514533510008
61033,474.3011,729890,0.9976146,0.95184326,0.16161582,-6.439211,102040,1462240,10998,11917.07244348526,-1611.2878,-0.10601066,2.939307,52.678063956145614
61089,493.68604,730450,0.99763227,0.95080566,0.15654495,-8.827172,102130,1463140,11007,11927.838466882706,-1677.6843,-0.1434032,1.8820817,52.63324726986388
61149,484.2956,731050,0.99760985,0.94836426,0.1685574,-8.38376,102217,1464010,11016,11938.777771234512,-1641.2859,-0.14176053,2.5866623,51.65581909458001
61205,495.31564,731610,0.9975889,0.94647217,0.18043517,-10.02001,102305,1464890,11025,11949.861569404602,-1665.9238,-0.15155727,3.3952634,50.88269164972539
61263,486.18378,732190,0.997602,0.95092773,0.16351838,-3.017888,102394,1465780,11034,11960.717131376266,-1650.1274,-0.14385565,2.1998382,53.688401196989204
61322,489.20312,732780,0.9976239,0.94403076,0.17097801,-4.3208065,102487,1466710,11043,11971.836133241653,-1673.9641,-0.14871246,2.382567,49.64687792161675
61387,503.55447,733430,0.9975631,0.9503174,0.17245531,-8.353781,102581,1467650,11053,11982.237750530243,-1700.9629,-0.15895319,3.5637422,63.37953305087047
61449,489.9215,734050,0.9976499,0.9505005,0.16083667,-4.4485044,102675,1468590,11063,11992.639307260513,-1657.1313,-0.1363186,1.927776,62.86360610052399
61512,481.8338,734680,0.9976287,0.9498291,0.15502092,-6.4062467,102770,1469540,11073,12002.92434835434,-1619.97,-0.14397946,2.263712,63.043725758438676
61576,496.41626,735320,0.9975772,0.94647217,0.18077338,-6.6158915,102864,1470480,11083,12013.44993686676,-1675.91,-0.12600201,3.2311296,62.84491506873047
61635,489.95148,735910,0.9976311,0.9505615,0.16327995,-8.413496,102950,1471340,11093,12023.913124084473,-1654.926,-0.10938001,2.6152997,64.05216650981845
61700,514.19666,736560,0.9975958,0.9425659,0.18261935,-7.418478,103044,1472280,11103,12034.075276851654,-1736.7229,-0.15773325,2.3445466,65.4914223424095
61763,512.4468,737190,0.9975586,0.9456177,0.1799986,-6.336897,103141,1473250,11113,12044.34981250763,-1698.4641,-0.17111899,3.1047168,64.82532703003982
61830,470.4997,737860,0.9975848,0.9442749,0.17227149,-8.48622,103246,1474300,11123,12054.855963945389,-1585.1855,-0.16127725,1.8219202,59.348262623381764
61894,491.0033,738500,0.99762464,0.9470215,0.15801948,-11.17938,103345,1475290,11133,12065.068000078201,-1633.897,-0.14426717,1.5578375,63.7504125774065
61958,495.3848,739140,0.9976411,0.9500122,0.15592754,-8.042669,103439,1476230,11143,12075.344826459885,-1645.4569,-0.13346428,1.8941369,63.88868272463045
62020,506.14865,739760,0.99763393,0.94781494,0.16886769,1.2933228,103521,1477050,11153,12085.816274642944,-1679.1858,-0.13488743,2.1803536,64.74558538776132
62088,502.32477,740440,0.99758244,0.9477539,0.17397511,-4.6842136,103629,1478130,11163,12096.243319511414,-1669.8616,-0.14289638,2.5747082,63.96910061887411
62149,515.89594,741050,0.99754405,0.9388428,0.18565264,-4.400616,103713,1478970,11173,12106.620102643967,-1707.1111,-0.14509249,2.3861322,64.0456563263931
62216,482.3467,741720,0.99760413,0.9477539,0.1712029,-6.5986605,103823,1480070,11183,12117.187847137451,-1615.8566,-0.12817636,2.7939653,63.74246506381716
62275,502.51215,742310,0.99748564,0.9406128,0.21453902,-8.4134035,103908,1480920,11193,12127.447640895844,-1683.0109,-0.1464273,5.2190194,64.861964473193
62345,511.4521,743010,0.9976156,0.9483032,0.16237478,-6.8199186,104017,1482010,11203,12137.747692108154,-1708.6144,-0.1438652,2.159496,62.37190493583792
62409,498.9392,743650,0.99697447,0.86938477,0.74479127,-5.419534,104111,1482950,11213,12148.243209123611,-1666.7993,-0.62993973,22.337214,63.114252508777575
62474,503.204,744300,0.99761534,0.94866943,0.16662513,-3.1526835,104206,1483900,11223,12158.564673900604,-1680.4753,-0.15384594,1.9985323,62.47449066392721
62536,487.39914,744920,0.99761367,0.9494629,0.16165428,-11.095536,104302,1484860,11233,12168.925917625427,-1641.4702,-0.13330951,2.3778028,63.49483332915452
62600,492.7038,745560,0.99764466,0.949646,0.15819168,-4.650671,104397,1485810,11243,12179.90800857544,-1674.7556,-0.13627858,2.2667682,59.919845693294214
62654,505.10947,746100,0.99757457,0.9470825,0.17982525,-4.541633,104475,1486590,11251,12190.198521614075,-1678.6073,-0.15388916,3.1400409,51.12853738366175
62710,503.0163,746660,0.9976473,0.94525146,0.1667782,-3.6478515,104563,1487470,11260,12201.160973787308,-1687.5104,-0.14852455,2.0490901,51.121224903869944
62767,495.66373,747230,0.9975903,0.9459839,0.17415896,-4.3019814,104653,1488370,11269,12212.154269218445,-1671.0583,-0.13346359,3.3057318,52.52093731620589
62826,498.77124,747820,0.99754214,0.9406128,0.19238827,-5.6767044,104740,1489240,11278,12223.160260915756,-1684.9617,-0.1440047,4.0474515,52.69365767191145
62883,472.83282,748390,0.997617,0.9432373,0.16620043,-10.64111,104826,1490100,11287,12234.135208129883,-1612.228,-0.14601101,1.6124728,52.312884048918946
62940,502.8681,748960,0.9975462,0.9454346,0.1737895,-7.5473676,104914,1490980,11296,12244.936480760574,-1674.7032,-0.15537328,2.5483873,52.511690523987276
62998,495.65533,749540,0.9975889,0.9433594,0.1721701,-8.089795,105001,1491850,11305,12255.790257930756,-1656.0911,-0.1498258,1.8122276,57.078975044642874
63055,504.9217,750110,0.9975493,0.94555664,0.18155366,-9.136491,105087,1492710,11314,12266.449116945267,-1674.7317,-0.14796561,3.1592507,55.41521466946734
63113,491.3612,750690,0.99754286,0.9454956,0.18353727,-6.539591,105172,1493560,11323,12277.089351654053,-1661.0785,-0.15080942,3.4724126,56.40578221586609
63172,497.27954,751280,0.9976225,0.9482422,0.16325423,-8.179114,105259,1494430,11332,12288.057473182678,-1663.9875,-0.15198466,2.1720142,55.009396060626116
63227,502.6469,751830,0.99753165,0.9373779,0.19948861,-13.481949,105347,1495310,11341,12298.942928791046,-1703.4535,-0.15806712,3.2928991,51.42240724691985
63284,516.73206,752400,0.9975755,0.944458,0.17392467,-9.623153,105438,1496220,11350,12309.95692539215,-1731.0835,-0.15931171,2.6735735,51.2
63344,491.33743,753000,0.9975889,0.9428711,0.18032153,-11.969479,105522,1497060,11359,12320.604823112488,-1611.8134,-0.16314058,2.469918,53.764716697968524
63401,517.222,753570,0.9976146,0.9434204,0.17280015,-9.922456,105608,1497920,11368,12331.30963230133,-1716.749,-0.15587646,1.635723,52.36275338645123
63459,499.7453,754150,0.9976511,0.9498291,0.1557468,-13.764427,105693,1498770,11377,12341.838456869125,-1676.9825,-0.13083453,1.7831767,50.68480706442313
63517,492.61133,754730,0.99764943,0.95166016,0.15570858,-13.264334,105786,1499700,11386,12352.617173910141,-1666.5343,-0.12840919,2.4951167,54.07736756169274
63574,503.98297,755300,0.9975662,0.9498291,0.17340824,-16.145123,105865,1500490,11395,12363.485255241394,-1676.1936,-0.1496376,3.6626666,54.26197512162355
63632,503.2378,755880,0.9976146,0.949646,0.16729532,-9.468683,105953,1501370,11404,12373.981721401215,-1705.9866,-0.13346155,2.508307,52.8314644998393
63689,458.83295,756450,0.9975438,0.944397,0.19793865,-12.366749,106037,1502210,11413,12384.319145441055,-1564.3103,-0.14810559,5.351671,52.88539098104022
63747,487.94107,757030,0.9976506,0.9541626,0.15378094,-10.798736,106126,1503100,11422,12394.909962177277,-1646.9016,-0.1356599,2.1011086,54.831120598846695
63805,499.1171,757610,0.99761987,0.94763184,0.16125444,-8.620862,106212,1503960,11431,12405.403745174408,-1673.1943,-0.1524536,1.6071177,54.120040701604694
63863,501.90125,758190,0.99763155,0.9508667,0.15686953,-9.844134,106300,1504840,11440,12415.848809957504,-1673.6707,-0.13881455,1.7855004,49.80023282800689
63919,509.95758,758750,0.9976089,0.9506836,0.16067785,-9.37953,106387,1505710,11449,12426.41323685646,-1698.9656,-0.12971084,2.4615865,54.239816627359446
63975,491.61688,759310,0.9976108,0.9472046,0.17038924,-9.499874,106471,1506550,11458,12436.588192224503,-1671.2125,-0.13984811,2.7407808,59.04059736617821
64036,493.30685,759920,0.99752355,0.95269775,0.18613142,-10.028589,106558,1507420,11467,12446.931634187698,-1662.0687,-0.14399675,5.2008533,55.005450844756965
64093,501.09763,760490,0.99764466,0.94696045,0.15835062,-12.209852,106643,1508270,11476,12457.574355363846,-1678.8737,-0.1276259,1.8255911,53.162989187394984
64151,502.30743,761070,0.99754834,0.94317627,0.19433783,-7.640656,106730,1509140,11485,12468.007046461105,-1691.8706,-0.16111016,4.5135393,54.2848872352116
64206,516.1295,761620,0.9971504,0.88830566,1.3056266,-8.796328,106817,1510010,11494,12478.65373468399,-1718.0363,-1.0297666,17.064243,53.08743674945288
64265,481.4709,762210,0.99760175,0.94610596,0.16116166,-9.024078,106906,1510900,11503,12489.258517980576,-1619.3921,-0.14645326,1.3609219,50.904353795419595
64325,468.6785,762810,0.9976196,0.95202637,0.15069166,-9.338251,106992,1511760,11512,12499.957903862,-1612.1385,-0.14461309,1.827744,53.250215779700184
64380,483.77002,763360,0.99760246,0.9501343,0.16040659,-11.978396,107077,1512610,11521,12510.364650726318,-1632.0253,-0.13609011,2.1884341,53.04892326293159
64439,499.3482,763950,0.9976547,0.9503174,0.1602921,-14.1231785,107164,1513480,11530,12520.795498847961,-1675.9869,-0.124419436,2.054945,54.4649818568726
64497,488.83203,764530,0.99762964,0.9529419,0.15943581,-13.968258,107252,1514360,11539,12531.302352190018,-1605.6738,-0.15622154,3.0664172,52.84616081222719
64553,510.24927,765090,0.99757814,0.9440918,0.17708568,-8.49728,107337,1515210,11548,12541.71036863327,-1684.5043,-0.16002452,2.4270194,56.29803649828842
64610,497.91315,765660,0.9976027,0.95965576,0.17026019,-15.169346,107423,1516070,11557,12552.128464698792,-1658.9689,-0.13048191,4.8861485,52.53315835030879
64668,503.95007,766240,0.9976435,0.9534912,0.16818252,-10.692696,107511,1516950,11566,12563.11587023735,-1658.6179,-0.12006324,3.5114422,53.93471626933577
64726,518.4068,766820,0.9976473,0.9505005,0.16422448,-9.668999,107596,1517800,11575,12573.961602449417,-1710.0414,-0.14595489,2.7447853,54.05375947200238
64783,515.59314,767390,0.99754333,0.93927,0.1904725,-10.85534,107682,1518660,11584,12584.403052568436,-1691.7924,-0.17406276,3.8760803,51.5210138241949
64842,490.9028,767980,0.9976704,0.9481201,0.15863788,-16.750738,107766,1519500,11593,12594.852821350098,-1643.1221,-0.13550057,1.6490325,54.88336188567735
64898,485.32452,768540,0.9976909,0.956604,0.1465145,-18.130043,107853,1520370,11602,12605.397139787674,-1611.6804,-0.12071523,2.2528183,52.86889222394227
64956,506.82495,769120,0.99764466,0.9451294,0.16527802,-14.203786,107941,1521250,11611,12616.107386350632,-1686.1726,-0.13877764,1.9374008,57.959469140659245
65013,486.25134,769690,0.99766827,0.9567871,0.14667104,-15.013529,108025,1522090,11620,12626.752274274826,-1641.0367,-0.121907935,2.4908514,45.716968615972156
65070,504.89792,770260,0.9976268,0.94818115,0.16441037,-9.849167,108113,1522970,11629,12637.578597068787,-1669.0647,-0.13906032,2.1157515,50.32882958554321
65130,495.7003,770860,0.99761486,0.95129395,0.15988627,-15.1421795,108197,1523810,11638,12648.134321928024,-1656.948,-0.13189039,2.5917077,61.79850317274061
65186,500.17532,771420,0.9976566,0.94866943,0.1596883,-9.273577,108283,1524670,11647,12658.580717802048,-1647.7361,-0.14836182,1.5797417,58.17000951963856
65246,490.58075,772020,0.9975536,0.9560547,0.17012525,-14.860228,108371,1525550,11656,12669.164361953735,-1671.0707,-0.13264273,3.7734494,59.10486799931567
65310,497.43732,772660,0.9976034,0.94781494,0.16434237,-10.4263115,108464,1526480,11666,12680.280623674393,-1671.9464,-0.1411248,2.08148,56.39305557889784
65368,500.8002,773240,0.99768233,0.9540405,0.15032262,-11.844182,108551,1527350,11675,12690.682412862778,-1668.3325,-0.13265467,1.8330016,54.562458547460324
65423,500.5487,773790,0.99756646,0.9475708,0.1757034,-16.507002,108637,1528210,11684,12701.5289645195,-1688.2273,-0.14305258,3.2806683,50.34416796527086
65481,508.78802,774370,0.9975071,0.93865967,0.19876832,-15.911585,108723,1529070,11693,12712.031927585602,-1701.3441,-0.14486033,4.09487,53.76968143067752
65538,472.1075,774940,0.99601436,0.7453613,2.7406192,-21.200724,108809,1529930,11702,12723.234847068787,-1580.0958,-1.9478756,68.96748,51.28597420258838
65597,496.00592,775530,0.99758077,0.9498291,0.16007271,-15.047861,108901,1530850,11711,12734.006170988083,-1644.6421,-0.1628344,1.7781436,49.63768829873947
65654,499.86206,776100,0.9976454,0.95092773,0.15781635,-15.961059,108981,1531650,11720,12744.748196840286,-1673.5936,-0.14176619,1.4482138,53.04195253965074
65710,505.5194,776660,0.99762845,0.9493408,0.16010708,-10.813728,109073,1532570,11729,12755.65325498581,-1698.6779,-0.14699143,1.9426533,51.93806642550774
65769,481.44586,777250,0.99763227,0.947876,0.16572125,-10.749641,109154,1533380,11738,12766.398109674454,-1652.3193,-0.1294621,2.5900912,50.46757294505758
65826,514.93976,777820,0.99758315,0.9506836,0.1669547,-12.56313,109241,1534250,11747,12777.245495557785,-1725.1086,-0.13323122,2.624384,49.83526385437846
65885,487.64465,778410,0.9976218,0.94763184,0.16611144,-15.500165,109325,1535090,11756,12787.841898441315,-1647.011,-0.14871411,2.347054,53.64063840713942
65942,494.34076,778980,0.9976411,0.953125,0.15792508,-13.345968,109410,1535940,11765,12798.496857404709,-1694.3075,-0.12533562,2.6206532,56.737119901995555
65999,495.13147,779550,0.997592,0.9458618,0.17207617,-10.897057,109494,1536780,11774,12809.062373638153,-1717.2749,-0.13337858,2.5377922,60.00742080189638
66057,491.69302,780130,0.9975567,0.94451904,0.18535796,-16.558403,109583,1537670,11783,12819.329135417938,-1693.0151,-0.14316966,3.7744968,58.03318480328073
66114,452.35007,780700,0.9976158,0.947876,0.16188587,-19.557236,109668,1538520,11792,12829.784336566925,-1538.54,-0.14403757,2.2256448,57.22369890837402
66172,478.58133,781280,0.99762297,0.95147705,0.15028943,-16.842108,109754,1539380,11801,12840.508562088013,-1625.0222,-0.1305671,1.6986243,56.643580211718564
66230,482.96744,781860,0.997679,0.95428467,0.14674312,-19.199228,109840,1540240,11810,12851.046447515488,-1641.4409,-0.12634203,1.8520954,56.380086008180754
66286,486.63037,782420,0.99767804,0.9529419,0.14338337,-15.458958,109924,1541080,11819,12861.51185798645,-1639.0548,-0.13383871,1.5137506,54.570555755345595
66346,489.99774,783020,0.9976342,0.94903564,0.16241518,-18.464144,110009,1541930,11828,12872.005001306534,-1684.251,-0.14344308,2.12184,49.223332371857
66404,512.9297,783600,0.9976194,0.9499512,0.16120419,-16.9251,110098,1542820,11837,12882.704781293869,-1715.7144,-0.14869106,1.7838501,55.83182613553569
66460,486.43976,784160,0.99764323,0.95458984,0.15634403,-17.848843,110180,1543640,11846,12893.41066145897,-1664.2755,-0.13879076,2.3543234,54.1055434732219
66517,475.91876,784730,0.997627,0.95751953,0.15016541,-15.425789,110267,1544510,11855,12904.134598970413,-1619.9932,-0.118269615,2.8072324,54.69281550723637
66576,515.3712,785320,0.9976485,0.9494629,0.15907042,-18.840141,110352,1545360,11864,12914.614844322205,-1731.5552,-0.14169139,2.0797682,56.38344923250711
66632,490.1104,785880,0.99762344,0.9552002,0.15682784,-18.044905,110436,1546200,11873,12925.027185440063,-1673.5623,-0.13905013,2.705167,56.961681565144396
66690,477.91595,786460,0.99764633,0.9562378,0.15260743,-15.867927,110521,1547050,11882,12935.559238672256,-1635.0609,-0.13358837,2.6708255,56.065712700757246
66748,460.1738,787040,0.9976189,0.9454956,0.16681564,-19.40102,110606,1547900,11891,12945.955788135529,-1553.8752,-0.15154435,1.697738,57.334946929461275
66806,474.06866,787620,0.99761915,0.94799805,0.15638399,-15.940626,110691,1548750,11900,12956.7006046772,-1603.8269,-0.13709608,1.7092757,50.38736382755231
66864,490.26904,788200,0.99766374,0.9484253,0.15430677,-17.399532,110778,1549620,11909,12967.207302570343,-1630.2188,-0.14003094,1.5817947,55.43819529965199
66922,477.41177,788780,0.9976425,0.95184326,0.15338019,-14.20999,110864,1550480,11918,12977.836065769196,-1625.9553,-0.14180844,1.717566,57.302757683190904
66980,484.58237,789360,0.997622,0.94940186,0.1710454,-11.846331,110949,1551330,11927,12988.058974266052,-1663.229,-0.15489443,3.119483,56.52596060382978
67037,473.55713,789930,0.9976163,0.94921875,0.16511692,-13.4925,111034,1552180,11936,12998.259910583496,-1647.2595,-0.13660938,2.5945253,59.31861023627963
67093,479.39545,790490,0.99765205,0.9532471,0.15665996,-15.89629,111119,1553030,11945,13008.449658870697,-1637.3083,-0.122108035,2.7806408,55.21253627986179
67152,496.45505,791080,0.99761295,0.9494629,0.16758016,-17.308584,111206,1553900,11954,13019.144253492355,-1666.1045,-0.15034641,2.7791736,56.7013700528305
67208,487.66495,791640,0.9976189,0.94488525,0.16394722,-19.622364,111293,1554770,11963,13029.819729566574,-1657.8333,-0.14592592,2.1192174,55.73158199277204
67267,486.4972,792230,0.99763083,0.9517822,0.16177124,-19.356892,111378,1555620,11972,13040.229089975357,-1632.5358,-0.1203118,2.6045136,57.05888319650788
67324,486.2079,792800,0.99766636,0.9540405,0.15655158,-19.93203,111465,1556490,11981,13050.722791433334,-1678.524,-0.09951199,2.7204914,57.4867097745765
67382,468.64093,793380,0.99762225,0.9418335,0.1707358,-16.055042,111550,1557340,11990,13061.22445344925,-1627.3242,-0.15316577,2.4524174,59.30064437854882
67439,482.85696,793950,0.99771,0.95440674,0.1481415,-20.056145,111634,1558180,11999,13071.605888843536,-1656.3467,-0.12022115,1.9181764,55.661839683557375
67497,478.64352,794530,0.99765086,0.95581055,0.15208651,-16.825287,111720,1559040,12008,13082.159288167953,-1650.4766,-0.13830483,3.0661998,55.15753595091545
67555,487.7754,795110,0.99765277,0.95147705,0.15562749,-17.985485,111804,1559880,12017,13092.418076515198,-1670.5916,-0.14691976,2.2147322,59.680771389918085
67611,487.60233,795670,0.9967265,0.84747314,1.3210428,-20.384598,111892,1560760,12026,13102.924572706223,-1657.5679,-0.84345716,49.320747,56.5093608107138
67671,472.43906,796270,0.9976938,0.9555664,0.13952431,-20.258633,111976,1561600,12035,13113.352952003479,-1644.4097,-0.119973026,1.596394,57.4952795413665
67729,484.82928,796850,0.9976599,0.9515381,0.15300046,-20.702023,112061,1562450,12044,13123.701505184174,-1668.1343,-0.14793588,2.086296,54.71773252270466
67785,485.56058,797410,0.9976623,0.94921875,0.15779583,-17.440708,112147,1563310,12053,13134.10700559616,-1657.336,-0.13865308,1.7350428,56.54358251913465
67844,471.55878,798000,0.99770784,0.95721436,0.13954872,-20.780354,112241,1564250,12062,13144.840805053711,-1616.2946,-0.1196239,2.0571437,49.97503551687077
67899,492.25754,798550,0.99763846,0.953125,0.15995917,-16.537046,112320,1565040,12071,13155.426419973373,-1692.4778,-0.13566406,2.911673,55.93237327385782
67958,488.188,799140,0.99758554,0.9484253,0.16933566,-19.303432,112404,1565880,12080,13165.975167751312,-1672.9014,-0.13342318,2.6636224,58.25618179430949
68017,484.162,799730,0.99756193,0.9439697,0.18374935,-16.828808,112486,1566700,12089,13176.559723854065,-1660.5146,-0.16679037,3.6170382,53.382904732254666
68074,458.30786,800300,0.99752116,0.93725586,0.19847515,-18.028048,112571,1567550,12098,13187.178174495697,-1577.5288,-0.15690342,3.5444844,55.50002160576082
68131,461.60944,800870,0.99762726,0.95428467,0.15111314,-16.072481,112658,1568420,12107,13198.292137622833,-1623.6885,-0.14686769,1.7600049,46.526737901179445
68188,471.31915,801440,0.99767494,0.95458984,0.14591664,-18.022509,112747,1569310,12116,13209.347941875458,-1615.7925,-0.12294603,1.8132349,48.275364867873535
68247,477.101,802030,0.99760413,0.9550171,0.15126354,-16.621021,112833,1570170,12125,13220.451556921005,-1661.5671,-0.14067891,1.8463542,52.579854116053326
68304,469.90967,802600,0.99766445,0.9550171,0.14891514,-18.127438,112918,1571020,12134,13230.844526529312,-1638.0577,-0.1282007,2.1651788,58.836509588382945
68361,492.0071,803170,0.9976361,0.95373535,0.159132,-13.14521,113004,1571880,12143,13241.365681171417,-1693.5515,-0.13231966,2.7337823,57.51417652891655
68419,464.48914,803750,0.9976914,0.95788574,0.13732392,-12.903002,113089,1572730,12152,13252.087025403976,-1585.9663,-0.11008854,2.183388,55.51173988533501
68476,486.19278,804320,0.99756074,0.9553833,0.17579661,-12.565967,113177,1573610,12161,13263.08579492569,-1677.1404,-0.15645805,4.529626,54.28191239603576
68534,473.7446,804900,0.99766254,0.95666504,0.14848818,-12.903073,113261,1574450,12170,13273.56882596016,-1633.3059,-0.12941493,2.5104947,55.58759781679762
68592,485.85272,805480,0.9975996,0.95214844,0.16724977,-15.406667,113348,1575320,12179,13284.185100078583,-1694.733,-0.13513964,3.2279105,52.903568193625134
68649,477.25595,806050,0.9976568,0.9546509,0.15135792,-16.163296,113436,1576200,12188,13295.013284444809,-1644.0498,-0.13546118,2.1233554,52.63030622910334
68706,462.02435,806620,0.997668,0.9562988,0.14107026,-17.734577,113521,1577050,12197,13305.613312959671,-1605.3331,-0.14207256,1.9751546,55.15075926031316
68763,468.87775,807190,0.9976368,0.9559326,0.15070425,-19.61845,113610,1577940,12206,13316.18914937973,-1638.2583,-0.12804973,2.524211,51.86592304415073
68822,484.42242,807780,0.99760556,0.94732666,0.16924429,-16.279936,113697,1578810,12215,13327.196499109268,-1675.4412,-0.13425332,2.7192764,55.127506799667145
68881,464.8757,808370,0.9976125,0.947876,0.1682049,-16.210217,113779,1579630,12224,13337.741902828217,-1653.8994,-0.13963526,3.2353678,52.583273636477784
68937,494.42822,808930,0.9975989,0.9453125,0.17381851,-18.115154,113865,1580490,12233,13348.375831842422,-1680.295,-0.15965119,3.2866414,53.37048679821562
68995,473.93057,809510,0.9976597,0.953125,0.14557788,-17.164091,113960,1581440,12242,13359.343997716904,-1635.6145,-0.14095385,1.7399406,51.04779755185498
69053,489.37146,810090,0.997658,0.9578247,0.13947542,-16.665169,114036,1582200,12251,13369.914547681808,-1666.1528,-0.13420665,1.896063,53.848442673627254
69110,484.35223,810660,0.9976008,0.9475708,0.16327131,-14.291418,114122,1583060,12260,13380.305699586868,-1684.9458,-0.143241,1.9941955,54.27885007933492
69167,465.14624,811230,0.99764633,0.9526367,0.15889338,-17.104578,114207,1583910,12269,13390.49199461937,-1630.6,-0.13510078,2.8971133,52.78160171002386
69224,479.24963,811800,0.9976685,0.9545288,0.15330917,-17.799479,114292,1584760,12278,13401.22452378273,-1677.4731,-0.13007873,2.1089349,52.68849666049301
69283,472.26785,812390,0.9976647,0.9501953,0.15121755,-18.290142,114376,1585600,12287,13411.857899188995,-1645.5503,-0.1368178,1.7258401,52.547030819343526
69339,480.82846,812950,0.9976821,0.9595947,0.14027756,-17.059528,114463,1586470,12296,13422.39533162117,-1676.2717,-0.11464902,2.6596866,52.20087994702816
69399,469.11627,813550,0.9976492,0.9570923,0.14144287,-15.625267,114549,1587330,12305,13433.274537801743,-1628.326,-0.11651924,2.5513732,54.43933391605201
69457,472.01,814130,0.99766564,0.95739746,0.13958013,-19.726826,114634,1588180,12314,13443.87488746643,-1632.731,-0.14125684,1.8455738,55.11847387166812
69511,474.76538,814670,0.9976797,0.95544434,0.14494535,-18.013203,114720,1589040,12323,13454.162473678589,-1663.6667,-0.12789251,1.9143775,57.95815516181554
69571,473.378,815270,0.99767995,0.9541626,0.14664638,-17.02742,114804,1589880,12332,13464.728100776672,-1636.5203,-0.13483849,1.7595633,50.20338775741501
69627,469.1245,815830,0.9976101,0.95092773,0.16515303,-17.08655,114889,1590730,12341,13475.506244897842,-1651.0013,-0.13049959,3.3641732,52.52076262439995
69687,470.06366,816430,0.99763346,0.9529419,0.1606152,-16.44334,114973,1591570,12350,13486.246812343597,-1638.8962,-0.1316129,3.3115275,53.071126477649806
69744,457.53772,817000,0.99767613,0.9501343,0.149504,-17.191551,115058,1592420,12359,13496.811750173569,-1559.8154,-0.13060802,1.8451562,52.042546723536255
69801,466.00082,817570,0.9976635,0.95770264,0.13729906,-19.273548,115145,1593290,12368,13507.72662949562,-1617.385,-0.12576109,1.645813,53.12369318430319
69859,478.4237,818150,0.9977124,0.95770264,0.1328861,-14.187022,115231,1594150,12377,13518.564730644226,-1651.5225,-0.11811061,1.4143867,54.13889107378898
69916,462.3355,818720,0.997694,0.9612427,0.13080224,-15.7949705,115317,1595010,12386,13529.377279996872,-1605.6475,-0.12295075,1.7405003,51.4529624097967
69974,466.83356,819300,0.9975736,0.9562378,0.17287038,-16.055788,115404,1595880,12395,13540.46898841858,-1630.595,-0.116534285,5.088726,52.552688858304634
70031,469.5169,819870,0.9976454,0.95428467,0.1585845,-17.949497,115491,1596750,12404,13551.040759563446,-1629.489,-0.1280959,3.4261794,52.417405356999545
70090,462.4047,820460,0.9976511,0.95617676,0.14877363,-15.532198,115576,1597600,12413,13561.725026130676,-1612.9989,-0.1327629,2.2890818,55.41609554752087
70146,484.41302,821020,0.9976702,0.9515381,0.1546071,-8.8507595,115660,1598440,12422,13572.455240488052,-1667.9236,-0.11998094,2.3769517,53.106057821376325
70204,465.04642,821600,0.9976909,0.9560547,0.14761521,-14.372444,115745,1599290,12431,13582.999775409698,-1607.487,-0.1358172,2.588015,53.702869102942444
70262,465.60858,822180,0.99767065,0.95184326,0.1580073,-11.200926,115830,1600140,12440,13593.625524044037,-1620.3364,-0.13103049,2.7541742,53.169180843242145
70319,455.5373,822750,0.9976976,0.9581299,0.14144303,-10.657812,115923,1601070,12449,13604.645289421082,-1598.8738,-0.1011084,1.9637862,47.7529215893503
70377,464.27023,823330,0.9977081,0.95635986,0.14031473,-15.283044,115998,1601820,12458,13615.157170295715,-1606.9023,-0.12128697,1.7278955,54.797317735716256
70434,468.37756,823900,0.9977031,0.9585571,0.13794595,-15.200963,116084,1602680,12467,13625.70380282402,-1635.2086,-0.11987913,1.9069571,59.06058895255227
70493,474.57233,824490,0.9976368,0.9574585,0.14713281,-12.040433,116175,1603590,12476,13636.204885721207,-1627.7014,-0.13430488,2.8150127,55.17267052659921
70549,471.66962,825050,0.99767685,0.95544434,0.14862593,-17.113886,116255,1604390,12485,13646.921013116837,-1631.4912,-0.12872578,2.4653113,51.04972944744826
70607,469.70026,825630,0.99761033,0.95495605,0.15790911,-18.994852,116338,1605220,12494,13657.478534698486,-1641.887,-0.13277368,3.1624222,52.792604976835484
70666,482.94943,826220,0.99764514,0.95654297,0.15142351,-20.733055,116426,1606100,12503,13668.46010351181,-1678.2733,-0.11820741,2.7002406,50.67243596701441
70721,466.2567,826770,0.9976778,0.95532227,0.14660332,-17.403439,116512,1606960,12512,13679.393949747086,-1607.7744,-0.12673879,1.6078236,47.790907147090564
70779,465.30225,827350,0.9976723,0.9523926,0.14522333,-16.232632,116596,1607800,12521,13689.90189242363,-1617.3381,-0.12341441,1.363591,56.09622198798479
70837,480.75537,827930,0.99767447,0.9588623,0.13929711,-18.817104,116682,1608660,12530,13700.68179655075,-1641.2539,-0.116386905,2.0028734,52.935230940854666
70896,477.17657,828520,0.9976587,0.9580078,0.14610249,-16.096909,116772,1609560,12539,13711.208044052124,-1654.0364,-0.11746672,2.5388649,53.94900281888513
70954,470.04562,829100,0.99765754,0.9578247,0.1521478,-16.50892,116851,1610350,12548,13721.975581645966,-1649.4232,-0.11953824,3.0794792,51.04988478208819
71010,480.401,829660,0.9976647,0.95825195,0.13930422,-14.690611,116936,1611200,12557,13732.5158264637,-1658.7126,-0.12656283,2.0409918,51.18072991164291
71068,477.36728,830240,0.99764276,0.9546509,0.15671672,-16.374365,117020,1612040,12566,13743.707206487656,-1645.7085,-0.13510278,2.836537,45.72366556568493
71126,467.6056,830820,0.9976685,0.95648193,0.14768538,-16.379536,117107,1612910,12575,13754.554989814758,-1644.7931,-0.12426455,2.5186214,51.99876412706401
71185,464.40356,831410,0.9976063,0.954834,0.15933126,-17.653286,117193,1613770,12584,13765.332400083542,-1631.6589,-0.13689785,3.664335,52.75883121998313
71241,461.40887,831970,0.9976692,0.9585571,0.15176123,-16.41568,117278,1614620,12593,13776.320035934448,-1615.2163,-0.107051276,3.1234589,49.281131362948166
71297,473.38647,832530,0.99769783,0.95544434,0.15041158,-12.38002,117363,1615470,12602,13787.248497247696,-1664.6864,-0.12757011,2.2130952,57.052298187681096
71357,456.93762,833130,0.9976764,0.9570923,0.1431991,-18.214605,117446,1616300,12611,13798.024762868881,-1580.8811,-0.11495554,2.048628,57.930675377276565
71414,479.0471,833700,0.9977031,0.95788574,0.1379889,-15.983656,117533,1617170,12620,13808.815002918243,-1614.2815,-0.1265293,1.4751348,57.30411551017942
71472,468.4075,834280,0.9976628,0.95666504,0.15276645,-16.66212,117619,1618030,12629,13819.759742736816,-1621.7747,-0.11813262,2.489812,58.60524321019998
71530,487.8632,834860,0.99767137,0.95648193,0.14600126,-13.037649,117703,1618870,12638,13830.301814079285,-1664.5073,-0.1306482,2.213841,55.786423577499015
71585,470.22772,835410,0.99769306,0.9614258,0.13173737,-14.549255,117788,1619720,12647,13840.922013521194,-1632.0137,-0.11744064,1.9644766,53.72496730194787
71644,454.3899,836000,0.99772716,0.9612427,0.12888941,-16.55666,117872,1620560,12656,13851.998409032822,-1621.22,-0.116109714,1.8641326,54.243641813737305
71701,477.5523,836570,0.9977126,0.9567871,0.14275093,-14.99485,117962,1621460,12665,13862.979403734207,-1654.4038,-0.110290825,2.1976814,56.28893462517968
71760,456.25003,837160,0.9976616,0.9579468,0.15289001,-19.289133,118043,1622270,12674,13873.873303413391,-1618.4059,-0.112905815,3.668769,57.641926858534816
71818,451.66183,837740,0.99760103,0.9503784,0.15941164,-15.501234,118126,1623100,12683,13884.838204860687,-1566.1768,-0.15124,2.060518,53.24103778543364
71876,444.03293,838320,0.9977119,0.96398926,0.11891751,-18.664171,118212,1623960,12692,13895.467131853104,-1559.4973,-0.10869677,1.3008254,54.08478745914458
71931,457.78308,838870,0.99767137,0.95806885,0.13646469,-18.63181,118294,1624780,12701,13906.05848479271,-1595.9875,-0.12796076,1.9057342,52.469443322698794
71990,468.6431,839460,0.99771166,0.95758057,0.13613996,-16.43868,118379,1625630,12710,13917.01631140709,-1639.5676,-0.11924629,1.7381916,46.83249110535727
72049,468.0958,840050,0.99769616,0.95983887,0.13488887,-18.678192,118465,1626490,12719,13927.912991285324,-1632.7366,-0.108758256,2.0054457,53.2973807519418
72104,466.64325,840600,0.99768853,0.9609375,0.14199531,-14.589363,118552,1627360,12728,13938.656791210175,-1609.5146,-0.10420305,3.0048528,54.30947781576871
72163,461.18286,841190,0.9976287,0.9572754,0.14543378,-19.38387,118635,1628190,12737,13949.127483844757,-1624.2195,-0.13446051,2.4545813,54.31770893721933
72220,471.53015,841760,0.9976859,0.9552002,0.14654428,-15.519306,118722,1629060,12746,13960.014185905457,-1655.2437,-0.106099136,2.257556,52.77955726867656
72279,464.45615,842350,0.9977069,0.954895,0.14073834,-18.56078,118806,1629900,12755,13970.668911218643,-1628.5691,-0.11459537,1.9542589,54.192194972460314
72335,478.40894,842910,0.9976404,0.95544434,0.14727482,-18.110142,118894,1630780,12764,13981.75170660019,-1675.5281,-0.13939713,2.5292714,51.382897114936625
72392,474.80783,843480,0.99767065,0.9560547,0.1441671,-14.349731,118977,1631610,12773,13992.678704023361,-1649.4974,-0.1250982,2.7729352,53.312750391848596
72451,480.6792,844070,0.99771833,0.95654297,0.14470369,-18.795921,119061,1632450,12782,14003.327950239182,-1678.1162,-0.11642526,2.528073,53.98500203523122
72508,445.7724,844640,0.99768066,0.9561157,0.13553262,-16.634258,119145,1633290,12791,14013.93113732338,-1576.6868,-0.113323465,1.4006772,51.14722242863866
72566,471.5035,845220,0.9976587,0.9580078,0.13808861,-13.614267,119236,1634200,12800,14024.765895843506,-1632.5647,-0.12804401,1.7833636,53.82936220430598
72624,479.77228,845800,0.99768615,0.9559326,0.13881084,-17.208637,119317,1635010,12809,14035.42820930481,-1659.0693,-0.11934352,1.6296079,51.23953245330307
72681,471.82278,846370,0.9976697,0.95648193,0.14144002,-18.196983,119399,1635830,12818,14045.905636072159,-1632.328,-0.12715562,2.3065462,53.83573165509973
72738,470.21313,846940,0.99769783,0.96307373,0.13564523,-18.51497,119492,1636760,12827,14056.570752859116,-1642.7095,-0.124251425,2.6792622,47.360103430401665
72795,468.90906,847510,0.9977131,0.9628906,0.13216847,-14.585304,119570,1637540,12836,14067.123137712479,-1621.9879,-0.105062224,2.2848454,52.65313113330898
72854,485.36008,848100,0.99760056,0.95233154,0.15916292,-21.346478,119653,1638370,12845,14077.672820091248,-1642.9138,-0.12057461,3.0120237,52.77416153444789
72911,481.64624,848670,0.9977262,0.9567871,0.14098054,-19.955194,119738,1639220,12854,14088.257244110107,-1624.9587,-0.11407976,2.2803614,54.16571024890134
72969,472.6183,849250,0.99769187,0.96014404,0.13926408,-17.562906,119824,1640080,12863,14099.163264989853,-1630.3097,-0.11679402,2.5596461,55.869487467240326
73027,489.2599,849830,0.99762464,0.95166016,0.15758687,-18.325602,119910,1640940,12872,14109.798627853394,-1689.395,-0.13357937,2.8751316,56.53436536341699
73084,472.83594,850400,0.99766517,0.9539795,0.14526469,-15.759352,120000,1641840,12881,14120.565550327301,-1595.0175,-0.13149978,1.5333002,51.15487379240229
73143,501.32016,850990,0.9977045,0.9564209,0.14191468,-16.738365,120080,1642640,12890,14131.1466319561,-1687.5618,-0.124966495,1.4450085,54.31299414452147
73199,492.76962,851550,0.9976988,0.96154785,0.1359404,-15.72105,120165,1643490,12899,14141.76122379303,-1661.5133,-0.12629357,2.0417044,50.87671247935302
73257,475.38342,852130,0.99768114,0.958374,0.14548555,-21.384003,120248,1644320,12908,14152.190856933594,-1628.7374,-0.10707997,2.9116201,49.98338253426966
73315,475.29968,852710,0.9977205,0.9621582,0.13174814,-16.960373,120332,1645160,12917,14163.004259109497,-1647.1833,-0.106177896,2.311888,48.52494013366457
73373,483.99115,853290,0.9976239,0.95666504,0.1565347,-17.132483,120418,1646020,12926,14173.693507909775,-1668.3063,-0.12916747,3.5516114,52.246112081135045
73430,484.4101,853860,0.9976871,0.95947266,0.13987964,-17.445051,120500,1646840,12935,14184.018461465836,-1664.5747,-0.123456135,2.2005029,54.31299414452147
73487,462.48553,854430,0.99727654,0.9035034,0.4221273,-19.494976,120586,1647700,12944,14194.635860681534,-1576.3711,-0.36962283,14.422338,53.15335708021473
73544,476.02734,855000,0.99769473,0.9621582,0.13116251,-16.190042,120672,1648560,12953,14205.376241445541,-1627.957,-0.12199688,1.8811533,52.77655834942078
73603,476.44366,855590,0.99767685,0.9602661,0.13781378,-19.085842,120754,1649380,12962,14215.93694138527,-1636.3823,-0.11931331,2.4122288,53.19296051261412
73659,474.32318,856150,0.99769545,0.9577637,0.14070696,-15.800722,120838,1650220,12971,14226.534591436386,-1669.7556,-0.1251961,2.0797918,51.7724826641023
73718,476.25012,856740,0.9976704,0.9564209,0.14068645,-19.973347,120922,1651060,12980,14237.339332818985,-1653.1055,-0.13537541,2.0242043,53.46159021248374
73776,477.0379,857320,0.99773526,0.9589844,0.13180178,-15.852626,121006,1651900,12989,14247.823014259338,-1658.2505,-0.10734417,1.7191303,52.22683922075552
73835,421.09033,857910,0.9968622,0.8918457,0.7233925,-24.518984,121088,1652720,12998,14258.776267290115,-1435.5604,-0.18295425,40.330803,53.34005016561249
73884,451.7051,858400,0.997694,0.95635986,0.13817774,-17.518188,121166,1653500,13006,14268.814267635345,-1547.8315,-0.11824392,1.577348,46.851340122156934
73942,454.36935,858980,0.99770975,0.95458984,0.14140043,-21.702171,121249,1654330,13015,14279.598732233047,-1568.1575,-0.12443758,1.378206,51.914682410751034
73999,461.66193,859550,0.99768615,0.9555664,0.13935843,-18.686726,121332,1655160,13024,14290.4325902462,-1601.914,-0.12396735,1.6062257,51.13221875755977
74058,473.0536,860140,0.9977176,0.95983887,0.1344715,-16.30246,121417,1656010,13033,14301.469047784805,-1624.7798,-0.11172046,1.671504,54.092689000664784
74114,459.34552,860700,0.99769354,0.96014404,0.13062471,-18.354473,121503,1656870,13042,14312.09976530075,-1606.4664,-0.10964638,1.6887071,55.78506716287483
74172,454.84546,861280,0.99764895,0.9616699,0.14529453,-22.271873,121587,1657710,13051,14322.921081542969,-1600.1548,-0.123141155,3.3312774,56.61505183579163
74231,456.22852,861870,0.9977062,0.9589844,0.14082848,-21.602036,121670,1658540,13060,14333.49020767212,-1591.4845,-0.122874156,2.1955776,54.31659885407924
74286,470.43802,862420,0.99765754,0.9608154,0.13449818,-17.60716,121755,1659390,13069,14344.601737260818,-1628.3909,-0.12211463,2.325197,54.41216595869924
74343,456.50586,862990,0.9977021,0.9547119,0.14484529,-20.84042,121836,1660200,13078,14355.036743879318,-1600.0452,-0.11113629,2.094419,57.05922279618731
74402,459.42822,863580,0.99769115,0.961792,0.13750398,-18.350498,121921,1661050,13087,14365.756291866302,-1634.0583,-0.11820167,2.684177,53.48499280618256
74461,467.63165,864170,0.9976244,0.9520874,0.16306645,-19.849575,122005,1661890,13096,14376.564076662064,-1646.5864,-0.14708331,3.4955432,55.89790941528389
74519,436.45593,864750,0.99766827,0.9559326,0.14422531,-21.591776,122091,1662750,13105,14387.59026837349,-1558.5256,-0.13467652,1.4883089,52.709540069864296
74574,454.17902,865300,0.9977398,0.9591675,0.12722264,-19.766605,122177,1663610,13114,14398.176738262177,-1602.4434,-0.10607697,1.2994258,51.587976438708935
74633,459.3216,865890,0.9977,0.9594116,0.13299176,-19.948769,122261,1664450,13123,14408.988441944122,-1604.9331,-0.11574434,1.7111903,48.764686241418715
74692,455.9485,866480,0.99770164,0.95874023,0.13519837,-20.290302,122350,1665340,13132,14419.895513057709,-1602.4463,-0.11836511,1.8723023,53.077748036985795
74749,472.6696,867050,0.99773407,0.9633179,0.12809305,-22.105663,122433,1666170,13141,14430.316992044449,-1661.5818,-0.10099277,2.0409424,57.246751452039256
74807,468.29532,867630,0.9976914,0.95526123,0.13999546,-22.610823,122516,1667000,13150,14440.90688753128,-1639.6292,-0.10823421,2.0133183,53.73949795840904
74863,455.01617,868190,0.99769235,0.95874023,0.13451248,-23.468044,122601,1667850,13159,14451.984251737595,-1623.237,-0.11890665,1.7499559,53.56430039776816
74921,469.4469,868770,0.99767804,0.95703125,0.14448215,-21.700317,122683,1668670,13168,14462.561743974686,-1658.0464,-0.1082671,2.4107935,55.68549897594949
74978,453.30713,869340,0.99773836,0.96258545,0.13315266,-23.009584,122768,1669520,13177,14473.101768493652,-1596.7683,-0.09376381,2.277564,57.282996964658246
75037,469.2004,869930,0.99767137,0.9559326,0.14144099,-22.24538,122849,1670330,13186,14483.528581619263,-1633.1952,-0.12249869,1.8946922,59.676353233791026
75093,436.25558,870490,0.9973166,0.93566895,0.2652917,-25.591034,122934,1671180,13195,14494.467898607254,-1521.829,-0.23881999,10.656773,53.935507359797754
75152,445.32703,871080,0.9976983,0.9561157,0.1388125,-23.152506,123019,1672030,13204,14504.993849754333,-1563.9473,-0.107325606,1.4943621,52.85768019695746
75210,449.5484,871660,0.9977467,0.9647827,0.12103213,-25.19078,123102,1672860,13213,14515.93790102005,-1589.8787,-0.10095422,1.6390512,51.63679047023092
75267,463.028,872230,0.9976499,0.95355225,0.14977744,-27.136108,123189,1673730,13222,14526.557814836502,-1619.3196,-0.13120236,2.051815,51.94291059375444
75325,461.37787,872810,0.99770737,0.9613037,0.13387704,-24.174469,123271,1674550,13231,14537.042424440384,-1632.7483,-0.11434366,2.2209947,52.4698330491267
75383,450.55676,873390,0.9976826,0.9605713,0.1314534,-22.871992,123354,1675380,13240,14547.39078450203,-1611.8696,-0.11344549,1.8610723,53.380325147442676
75438,453.97607,873940,0.9976778,0.96295166,0.13481662,-24.373903,123439,1676230,13249,14557.927491426468,-1584.0596,-0.109402925,2.61686,54.57273020947753
75498,461.30264,874540,0.9976177,0.95666504,0.15031224,-26.762585,123521,1677050,13258,14568.352232933044,-1634.494,-0.12645781,2.5149074,55.01162817625086
75555,458.14172,875110,0.99771714,0.9611206,0.12613925,-24.456207,123609,1677930,13267,14578.907516002655,-1603.6272,-0.09453909,2.0369716,54.32061075499116
75612,462.96594,875680,0.99769425,0.9589844,0.13716865,-26.35081,123690,1678740,13276,14589.881191253662,-1637.5249,-0.11545458,2.3624825,53.86345091097271
75669,453.83524,876250,0.99776006,0.95983887,0.12904449,-26.165287,123775,1679590,13285,14600.223501682281,-1599.7034,-0.10693908,1.7224871,53.772331099258544
75729,466.54056,876850,0.99768853,0.95983887,0.13794732,-26.152151,123859,1680430,13294,14610.618695020676,-1648.7433,-0.10666858,2.4791842,55.0194307306882
75785,465.04913,877410,0.99768233,0.9608154,0.14083481,-27.618095,123945,1681290,13303,14621.276141405106,-1646.3428,-0.12124863,2.9343061,53.68826160410297
75844,418.25565,878000,0.99755645,0.94885254,0.20449871,-25.543789,124028,1682120,13312,14631.333951711655,-1477.1282,-0.08869146,7.0534,54.290376724235045
75900,452.5043,878560,0.9977057,0.9571533,0.13832092,-25.811338,124109,1682930,13321,14641.544658899307,-1584.0452,-0.117893465,1.520519,55.08273343355261
75957,449.1415,879130,0.99772215,0.96313477,0.12545657,-25.391459,124193,1683770,13330,14652.496806383133,-1586.3383,-0.12060828,1.475808,45.090679422082374
76015,472.49786,879710,0.9976599,0.9616699,0.14120606,-23.078503,124277,1684610,13339,14662.902989387512,-1643.9586,-0.12306477,2.4671369,54.511324226839506
76075,442.0818,880310,0.9976659,0.9557495,0.1461283,-23.14302,124360,1685440,13348,14673.364971637726,-1577.8391,-0.13710517,1.9853634,53.96200603595076
76131,460.06027,880870,0.9976909,0.95562744,0.14886874,-24.810379,124443,1686270,13357,14683.776446819305,-1637.3328,-0.12586851,2.2477496,57.06583366656314
76190,467.42307,881460,0.9977007,0.95825195,0.13523549,-26.452908,124526,1687100,13366,14694.469373464584,-1632.1753,-0.113592364,1.9763387,56.285228609667996
76245,452.26782,882010,0.9977217,0.9593506,0.13495696,-26.656128,124612,1687960,13375,14705.202160358429,-1612.1636,-0.108958885,1.7645097,53.78478588508166
76303,457.03516,882590,0.99766374,0.95892334,0.14294536,-25.502441,124699,1688830,13384,14716.292395114899,-1592.5663,-0.12647152,2.779399,49.92237500922903
76361,462.89948,883170,0.9977026,0.96154785,0.13176136,-25.750269,124783,1689670,13393,14727.211624860764,-1612.7527,-0.121741325,2.4966345,52.542350998789374
76418,455.19342,883740,0.9977324,0.96221924,0.12201441,-25.136395,124865,1690490,13402,14737.554380655289,-1592.8949,-0.09006262,1.6831381,50.91859620569989
76477,465.73035,884330,0.9977453,0.9627075,0.12827665,-27.755493,124948,1691320,13411,14747.936269044876,-1638.6737,-0.10687956,1.9293218,55.0901152368285
76533,434.82812,884890,0.9977021,0.95532227,0.13737853,-26.77103,125032,1692160,13420,14758.717205762863,-1530.5096,-0.12028938,1.852524,51.830511897721244
76592,439.01465,885480,0.99769473,0.95928955,0.14519972,-26.532866,125115,1692990,13429,14769.59524178505,-1566.368,-0.113480866,2.6959615,51.034491831852534
76650,465.008,886060,0.9976723,0.9602051,0.14031442,-25.715334,125199,1693830,13438,14779.813802480698,-1625.2625,-0.11937411,1.9824803,62.566839899225684
76713,443.51556,886690,0.99772334,0.9606323,0.13024417,-24.8493,125290,1694740,13448,14790.292708396912,-1573.4159,-0.11172292,1.7309823,61.79661102790287
76779,452.2174,887350,0.997751,0.965271,0.1272594,-27.693344,125381,1695650,13458,14800.582431077957,-1583.6633,-0.08729002,2.1944215,62.361023096782255
76842,456.95435,887980,0.99770737,0.9606323,0.14051375,-27.098948,125474,1696580,13468,14811.095671415329,-1616.3824,-0.09574374,2.8016796,61.506287064443384
76907,443.99994,888630,0.99770975,0.95928955,0.12912905,-27.892117,125563,1697470,13478,14821.50899553299,-1598.8391,-0.11140825,1.9915886,62.301103424042495
76972,455.43283,889280,0.99772453,0.9614258,0.1262472,-25.774622,125655,1698390,13488,14831.865934848785,-1609.6608,-0.099319816,1.9067535,61.76153487052613
77034,467.77008,889900,0.9977014,0.9579468,0.14588583,-25.829655,125747,1699310,13498,14842.241656541824,-1650.3755,-0.11474016,2.5379467,61.27114813676087
77096,437.67926,890520,0.9976921,0.9598999,0.13178879,-26.283829,125839,1700230,13508,14852.686661243439,-1555.4067,-0.119317755,1.5049064,61.9563136431063
77160,444.65332,891160,0.9977586,0.9631958,0.122845344,-25.905437,125927,1701110,13518,14863.022745609283,-1555.7068,-0.11108452,1.5208037,61.84986292986774
77226,450.14758,891820,0.9977088,0.9631958,0.12803887,-26.204102,126018,1702020,13528,14873.369152069092,-1593.5698,-0.11259535,1.4546713,61.16536437802311
77289,444.50043,892450,0.9976816,0.95947266,0.13082208,-25.924267,126108,1702920,13538,14883.890978097916,-1577.1765,-0.1120259,1.9469842,59.206276624417555
77355,441.81442,893110,0.99769735,0.9597168,0.13247374,-26.032398,126198,1703820,13548,14894.214202165604,-1585.7495,-0.1097258,2.095173,61.83139947620704
77418,479.08765,893740,0.99770117,0.9543457,0.14361928,-25.460478,126288,1704720,13558,14904.57974410057,-1650.0219,-0.12099831,1.720491,62.28049107852361
77482,469.8969,894380,0.99767303,0.9529419,0.14855698,-25.240934,126380,1705640,13568,14915.212997436523,-1637.4619,-0.12431623,1.9889773,61.730515659979694
77545,473.61697,895010,0.99764824,0.9564209,0.14933835,-24.775291,126472,1706560,13578,14925.758195638657,-1656.6716,-0.13433349,3.0086963,61.14594228166333
77610,457.8944,895660,0.9977472,0.96588135,0.121817425,-24.917988,126564,1707480,13588,14936.04778456688,-1621.9006,-0.09698253,1.9192694,61.531114609027604
77675,465.95764,896310,0.9974818,0.92889404,0.24071291,-22.068224,126656,1708400,13598,14946.597252130508,-1641.9954,-0.17631607,7.277834,61.390689607224665
77739,458.18393,896950,0.99773026,0.96051025,0.13365279,-24.533905,126750,1709340,13608,14956.837417125702,-1620.9084,-0.103307396,2.3006651,60.57932179980772
77801,449.0702,897570,0.9977176,0.95910645,0.134041,-23.51054,126839,1710230,13618,14967.12551856041,-1566.45,-0.10352813,2.5031152,58.46791942250735
77866,420.2327,898220,0.99772096,0.9607544,0.12561952,-24.16389,126929,1711130,13628,14977.705515861511,-1501.3035,-0.11393489,1.4589398,60.80944623820698
77929,436.5282,898850,0.9977288,0.96173096,0.12924063,-23.682661,127018,1712020,13638,14988.00524187088,-1542.693,-0.114685595,1.5546136,61.4810007803208
77995,440.2083,899510,0.9977424,0.9633179,0.12686379,-24.884272,127108,1712920,13648,14998.256869792938,-1588.7549,-0.1022661,1.6036811,61.85509339599751
78059,443.4847,900150,0.99765944,0.9607544,0.14193954,-22.05017,127200,1713840,13658,15008.793437480927,-1601.7661,-0.10045726,2.7740977,61.452330599172655
78123,440.1667,900790,0.9976895,0.96240234,0.13530199,-25.16034,127295,1714790,13668,15019.346025705338,-1591.7351,-0.1060063,2.3229473,62.20483683003939
78186,448.60303,901420,0.9976952,0.96276855,0.13348183,-25.73878,127386,1715700,13678,15029.595029354095,-1613.553,-0.12121404,2.4126127,61.05212671692112
78251,445.96982,902070,0.9977653,0.9591675,0.13363366,-24.141571,127475,1716590,13688,15040.212841033936,-1620.8981,-0.09983139,2.1862109,58.70263236908844
78315,443.20544,902710,0.9976492,0.9603882,0.14862674,-23.695976,127565,1717490,13698,15050.49433350563,-1567.0046,-0.11898657,3.2770855,61.34712653870335
78379,447.94138,903350,0.9977107,0.96240234,0.1322559,-22.43042,127656,1718400,13708,15060.755191326141,-1594.3912,-0.103455365,2.5618024,61.734277776755654
78444,454.5277,904000,0.99764395,0.9562378,0.14995585,-20.214203,127749,1719330,13718,15071.360953569412,-1613.3821,-0.12925483,3.182463,61.68865225800284
78508,429.4401,904640,0.9977248,0.9585571,0.13137035,-22.425934,127840,1720240,13728,15081.561032772064,-1523.1582,-0.11733373,1.6749558,61.56920551811074
78571,454.12668,905270,0.99771047,0.9628296,0.12114034,-22.716825,127931,1721150,13738,15091.80531668663,-1579.0916,-0.11745137,1.3783348,60.94572732432739
78633,451.32974,905890,0.9977269,0.9614258,0.13203174,-24.54649,128020,1722040,13748,15102.300055503845,-1608.2144,-0.123319834,1.6356907,61.12795232467317
78699,444.4354,906550,0.99768305,0.9622803,0.1352098,-24.019493,128111,1722950,13758,15112.558089733124,-1604.4828,-0.1254889,2.613926,61.819367126066986
78762,453.83148,907180,0.9976764,0.9573364,0.1480293,-22.130844,128202,1723860,13768,15122.990146160126,-1607.1704,-0.12035738,2.4354782,61.70352704930826
78826,445.30975,907820,0.9977462,0.9633179,0.13032311,-24.112617,128294,1724780,13778,15133.465097665787,-1598.8855,-0.10518165,2.113336,62.1658404457193
78890,465.66473,908460,0.9975941,0.9625244,0.17034353,-23.963123,128390,1725740,13788,15143.61136007309,-1636.9438,-0.12960632,5.569761,61.75822410120753
78953,441.74292,909090,0.99770904,0.9597168,0.14115661,-23.866562,128475,1726590,13798,15153.75033569336,-1596.3339,-0.105606854,2.7632847,62.14338966398387
79020,421.84503,909760,0.9970896,0.914978,0.5409154,-26.462734,128566,1727500,13808,15164.200255393982,-1480.4094,-0.25338447,32.341236,60.48735825711258
79083,434.54962,910390,0.9977288,0.9605713,0.12116906,-26.42524,128657,1728410,13818,15174.653058052063,-1552.856,-0.109365664,1.2826735,60.95147028270345
79145,447.0227,911010,0.9977076,0.96313477,0.12706596,-25.759933,128747,1729310,13828,15185.038275957108,-1591.7368,-0.114823386,1.4512128,57.37719044937035
79209,448.26044,911650,0.99769235,0.9625244,0.134584,-25.240707,128837,1730210,13838,15195.586178064346,-1598.6635,-0.11364242,2.6000533,62.36822410190235
79267,437.53943,912230,0.9977474,0.96362305,0.12174213,-24.015285,128919,1731030,13848,15205.873362779617,-1591.8115,-0.09873935,1.9430366,64.42866380024184
79336,438.13098,912920,0.99764276,0.96154785,0.14591572,-25.538754,129018,1732020,13858,15216.19018149376,-1576.4481,-0.08434838,3.2859645,62.18983464878505
79400,435.31024,913560,0.9977062,0.9602051,0.12874855,-24.78376,129108,1732920,13868,15226.82908987999,-1563.0856,-0.11025926,1.8456669,61.64275439663297
79463,443.4804,914190,0.99761033,0.9605713,0.14647749,-24.65239,129198,1733820,13878,15237.454476594925,-1574.9214,-0.13576871,2.9502144,62.268601099345666
79529,440.4881,914850,0.99769974,0.96191406,0.12825674,-23.785057,129288,1734720,13888,15247.877440214157,-1589.3674,-0.1165626,2.2848082,62.0521131917758
79593,445.5625,915490,0.9977212,0.9602661,0.13122939,-24.184637,129380,1735640,13898,15258.408057689667,-1617.1226,-0.11675209,1.8408606,62.27141787719165
79657,438.53806,916130,0.99772334,0.96032715,0.12878342,-24.37634,129470,1736540,13908,15268.714824199677,-1552.1532,-0.114439115,1.543696,61.77340256072623
79721,446.7804,916770,0.99769664,0.95788574,0.13468215,-23.477047,129560,1737440,13918,15279.0574862957,-1576.9159,-0.12184623,1.6312873,61.12295544647677
79785,443.43155,917410,0.9977617,0.9645386,0.121582694,-25.207233,129650,1738340,13928,15289.554971456528,-1602.6447,-0.0993412,1.6591079,61.724440454704634
79848,429.01117,918040,0.9977689,0.96795654,0.11322941,-24.994524,129742,1739260,13938,15299.930715560913,-1553.8728,-0.10179278,1.9298811,61.16312059323125
79913,443.45914,918690,0.99773145,0.9630127,0.12746584,-20.456024,129832,1740160,13948,15310.427164077759,-1605.7892,-0.11466193,1.8206348,61.409073387647105
79976,437.64087,919320,0.9976704,0.95684814,0.13895431,-22.450212,129925,1741090,13958,15321.094131231308,-1629.0706,-0.12476913,2.1997943,61.75107802819241
80042,439.20337,919980,0.99771523,0.95825195,0.14604783,-23.386002,130016,1742000,13968,15331.689570426941,-1583.6107,-0.09812941,3.7088864,63.24925231304056
80106,431.80634,920620,0.99766994,0.95440674,0.1528009,-24.18856,130107,1742910,13978,15341.947120904922,-1592.1205,-0.11326073,3.0368867,62.83013201011141
80165,433.7218,921210,0.9976511,0.95825195,0.14464253,-23.404099,130186,1743700,13988,15352.361005783081,-1588.7341,-0.12052039,2.8945613,64.71787817046183
80229,429.5561,921850,0.99768615,0.9636841,0.14037827,-23.622292,130276,1744600,13998,15362.6469643116,-1553.2845,-0.10713142,3.669132,64.70571010319487
80298,428.78802,922540,0.99771476,0.95843506,0.12970608,-21.266823,130378,1745620,14008,15373.06791806221,-1546.5553,-0.109098926,1.4629786,63.86629249705871
80362,432.8097,923180,0.9977169,0.96209717,0.1254957,-22.508423,130466,1746500,14018,15383.6481924057,-1556.2351,-0.11047056,1.3880795,61.65113557232441
80425,443.72998,923810,0.9976866,0.9626465,0.13448042,-20.734741,130557,1747410,14028,15393.97925400734,-1587.4872,-0.10824344,2.6070719,62.28521654711681
80489,441.19925,924450,0.99775624,0.96466064,0.119485185,-19.10471,130648,1748320,14038,15404.345727443695,-1577.8328,-0.100824386,1.6428348,62.788423942713834
80552,444.7489,925080,0.9976506,0.9595337,0.14554387,-23.825672,130737,1749210,14048,15414.888705968857,-1582.0591,-0.12651157,2.6467204,62.288930950794764
80617,448.37057,925730,0.9976897,0.9602051,0.14562687,-22.115757,130826,1750100,14058,15425.254387378693,-1615.5664,-0.10194068,3.1529145,59.87253473832311
80682,447.57278,926380,0.9977071,0.96099854,0.14111362,-19.815077,130915,1750990,14068,15436.090497493744,-1609.6018,-0.0928178,2.3357918,60.92394160335446
80747,457.3919,927030,0.99773216,0.9616699,0.13145006,-21.832752,131006,1751900,14078,15446.617810726166,-1628.0361,-0.10903045,1.8866407,61.702094559991615
80810,445.08087,927660,0.99769044,0.96087646,0.12989073,-20.169249,131095,1752790,14088,15456.908574581146,-1617.6301,-0.10908963,2.075553,61.8609092306455
80875,445.57892,928310,0.9977155,0.9610596,0.12564233,-19.301697,131185,1753690,14098,15467.267439842224,-1587.9863,-0.105459705,1.2301276,60.03973998442841
80939,435.62274,928950,0.99772096,0.9636841,0.12192316,-21.109062,131276,1754600,14108,15477.755407094955,-1574.8569,-0.12265543,1.4759727,61.20686922157152
81002,431.73807,929580,0.9977243,0.9626465,0.122036956,-22.673672,131365,1755490,14118,15488.215303659439,-1577.8042,-0.1107989,1.8891927,60.86048533680491
81065,445.81213,930210,0.99771357,0.96154785,0.1323834,-22.600037,131457,1756410,14128,15498.619374752045,-1582.6869,-0.10583794,2.2007444,60.279159841058295
81128,443.17834,930840,0.99773717,0.96759033,0.119610585,-24.737,131547,1757310,14138,15509.159593343735,-1570.1636,-0.11020815,1.9090209,62.453007876089494
81193,446.77643,931490,0.9976897,0.95581055,0.14155146,-21.623081,131638,1758220,14148,15519.480932712555,-1595.3496,-0.13152623,2.0375395,62.68919723353896
81256,437.5096,932120,0.9977186,0.9612427,0.13513638,-22.90362,131729,1759130,14158,15529.745421171188,-1572.1382,-0.09780137,2.636837,62.71161932066402
81321,449.225,932770,0.9977324,0.9627075,0.12441027,-22.18406,131818,1760020,14168,15540.32983827591,-1585.6365,-0.10763462,1.9143459,61.57786334226829
81388,432.12036,933440,0.997658,0.95532227,0.13574515,-24.059505,131910,1760940,14178,15551.092120170593,-1570.449,-0.12822507,1.1012205,62.061337818545425
81448,445.35895,934040,0.9977219,0.96087646,0.12185521,-21.87267,132000,1761840,14188,15561.477578163147,-1616.6573,-0.111228175,1.3821874,61.557077360650915
81514,449.66077,934700,0.99770236,0.9667969,0.1291979,-21.698524,132091,1762750,14198,15572.061465024948,-1614.6931,-0.10605274,1.9829649,62.118080036580956
81576,443.00952,935320,0.9977312,0.965271,0.12336158,-19.781366,132183,1763670,14208,15582.391529083252,-1597.6248,-0.10378342,1.8042989,62.275217319689034
81641,439.71124,935970,0.99770975,0.96398926,0.13109127,-19.285927,132273,1764570,14218,15592.829144239426,-1598.0836,-0.11673348,2.6958137,61.28092542977732
81707,442.33813,936630,0.9977348,0.9626465,0.12991747,-19.595163,132362,1765460,14228,15603.359532356262,-1616.9946,-0.09641693,2.047106,61.49674767785367
81770,436.8401,937260,0.99770546,0.9603882,0.13857062,-20.439962,132450,1766340,14238,15613.747775316238,-1582.3162,-0.11502735,2.3648863,62.033399787810936
81833,436.7049,937890,0.9976716,0.9560547,0.13964432,-21.419222,132543,1767270,14248,15624.376687765121,-1558.7983,-0.122306556,2.4873018,60.395469678121614
81897,427.36957,938530,0.9977083,0.9619751,0.12318769,-18.914516,132633,1768170,14258,15634.984918117523,-1545.4216,-0.10941045,1.0833868,61.617483097600314
81962,433.25336,939180,0.99774504,0.9642334,0.12023553,-22.562298,132723,1769070,14268,15645.38177227974,-1546.4329,-0.10379559,1.5236936,61.35448793140176
82026,450.70264,939820,0.99771404,0.96136475,0.12633781,-21.37119,132815,1769990,14278,15655.70483803749,-1600.2037,-0.11168136,1.5934813,60.552551612314545
82091,446.774,940470,0.99773574,0.96209717,0.1254803,-22.042637,132903,1770870,14288,15666.162141084671,-1583.0104,-0.09135558,2.0739481,60.58187843563224
82154,444.72205,941100,0.9977064,0.96661377,0.12962891,-24.03593,132993,1771770,14298,15676.563657283783,-1579.5674,-0.074101225,3.1147635,61.56999634390421
82218,438.0202,941740,0.99771476,0.96624756,0.11850715,-21.0562,133084,1772680,14308,15686.8860039711,-1564.9603,-0.114021294,1.9795874,61.0601397055261
82281,449.21387,942370,0.9976909,0.9608154,0.13525292,-22.708158,133171,1773550,14318,15697.605553388596,-1593.6345,-0.11726683,2.6615121,61.82731222376872
82347,445.43015,943030,0.997668,0.95928955,0.14231859,-22.7195,133261,1774450,14328,15707.967138051987,-1600.884,-0.117282696,2.9561272,61.52309034311323
82409,435.28525,943650,0.9965,0.8392334,1.5431019,-22.648035,133351,1775350,14338,15718.320135116577,-1518.3779,-0.9202685,63.12432,62.70630159475822
82474,459.87872,944300,0.99771595,0.96276855,0.12709844,-21.56202,133439,1776230,14348,15728.943426132202,-1597.1284,-0.1275786,1.4338745,60.85226255960592
82537,440.45612,944930,0.9977524,0.96398926,0.11922744,-18.866089,133527,1777110,14358,15739.26284623146,-1555.7866,-0.109716326,1.454415,62.0400378107659
82602,445.50165,945580,0.99772906,0.9623413,0.11974346,-20.9964,133620,1778040,14368,15749.857240438461,-1604.7708,-0.11161649,1.4957538,60.49117484079785
82665,437.91138,946210,0.99771404,0.9590454,0.13348114,-19.307346,133710,1778940,14378,15760.494459629059,-1571.6274,-0.10802847,1.8874408,60.39408369145399
82731,452.8064,946870,0.99766254,0.96191406,0.13990508,-17.903336,133799,1779830,14388,15770.812913894653,-1604.3735,-0.10884886,2.945376,61.07882633105357
82794,446.76984,947500,0.9977083,0.95996094,0.1331562,-20.41661,133891,1780750,14398,15781.102660417557,-1597.763,-0.119618334,2.0327005,62.3574884030159
82858,447.77966,948140,0.9976456,0.9581909,0.14518818,-20.759247,133978,1781620,14408,15791.680097103119,-1608.2566,-0.1222233,2.8079875,61.355161061166946
82921,432.1291,948770,0.9976871,0.9561157,0.14391997,-19.02892,134068,1782520,14418,15801.984046459198,-1505.0322,-0.13075557,1.9452395,61.362384112076256
82986,434.0053,949420,0.99772716,0.96191406,0.12294087,-15.311553,134158,1783420,14428,15812.191547632217,-1522.2966,-0.11258732,1.366529,61.90937424900979
83052,441.89874,950080,0.9977169,0.96087646,0.12573189,-17.47652,134245,1784290,14438,15822.708994150162,-1545.0161,-0.118108526,1.3283195,62.560321951997125
83113,434.33618,950690,0.99771357,0.9658203,0.12782851,-18.359367,134339,1785230,14448,15832.985460996628,-1517.0195,-0.094719134,2.5229,61.493197583572396
83177,455.38068,951330,0.99777913,0.96643066,0.118160754,-16.041672,134433,1786170,14458,15843.160803079605,-1573.772,-0.10372612,1.685098,61.539380803945704
83239,451.19977,951950,0.9976878,0.96173096,0.1352248,-19.186928,134518,1787020,14468,15853.702263116837,-1543.0461,-0.11582446,1.8866963,60.571202152475756
83305,452.2196,952610,0.99765754,0.9561157,0.16395053,-16.093481,134612,1787960,14478,15864.101781845093,-1552.72,-0.11347309,4.855901,61.52111632784865
83369,417.99048,953250,0.997699,0.9658203,0.14970121,-18.701324,134703,1788870,14488,15874.313529968262,-1512.8104,-0.1112439,3.446885,62.92746012932651
83433,440.12817,953890,0.9976778,0.9613037,0.14087814,-16.362045,134789,1789730,14498,15884.618955373764,-1564.4316,-0.10799373,2.8963127,55.816931339271385
83498,430.88763,954540,0.9977114,0.96380615,0.119182006,-18.095703,134879,1790630,14508,15895.07455444336,-1539.282,-0.12086273,1.5693498,62.957302105882825
83560,420.1737,955160,0.9977493,0.96624756,0.11890412,-22.538506,134969,1791530,14518,15905.446538686752,-1510.7395,-0.08771076,2.1038666,62.26644896391319
83625,432.79053,955810,0.997664,0.9593506,0.15230832,-15.375793,135061,1792450,14528,15916.124676704407,-1563.6029,-0.12389855,3.9897535,49.69661226433328
83683,430.90155,956390,0.99772453,0.9606323,0.13579339,-10.302378,135144,1793280,14538,15926.369465827942,-1594.9653,-0.11114286,2.309351,64.82460691387242
83752,399.37054,957080,0.99771833,0.9630127,0.13407314,-11.202246,135246,1794300,14548,15936.612255573273,-1514.0555,-0.11404225,2.301775,63.29593283028674
83818,410.53552,957740,0.99763894,0.9555054,0.15541987,-1.6567037,135330,1795140,14558,15947.091545343399,-1604.22,-0.13575673,3.0482001,55.21518241641065
83882,414.08502,958380,0.99772215,0.9677124,0.12269973,-0.34378886,135419,1796030,14568,15957.744567394257,-1516.0227,-0.10723598,2.495986,61.54299267152786
83946,397.9614,959020,0.9976697,0.96203613,0.14957178,-4.1640005,135508,1796920,14578,15968.08048915863,-1560.7665,-0.11671069,3.7588294,59.49213107727481
84010,384.43793,959660,0.9977195,0.96099854,0.13120228,-14.833097,135598,1797820,14588,15978.618652820587,-1448.116,-0.11262601,1.8594017,54.454596058689596
84072,396.55658,960280,0.9976864,0.95910645,0.13700718,-4.207784,135688,1798720,14598,15988.945393323898,-1493.9423,-0.10687975,2.4307024,61.49942460728846
84136,399.97385,960920,0.9977076,0.9608154,0.13496974,-4.9476027,135778,1799620,14608,15999.245960474014,-1518.4673,-0.115141355,1.8768723,61.269749637485745
84202,397.45392,961580,0.99774814,0.9623413,0.13124463,-6.1502247,135866,1800500,14618,16009.828744888306,-1524.3655,-0.10504514,2.1082327,53.87739694147668
84267,383.04608,962230,0.9977014,0.96533203,0.12982893,-9.1810055,135956,1801400,14628,16020.201395273209,-1490.2302,-0.112280495,2.141596,59.002703786862206
84329,403.5384,962850,0.99772024,0.95965576,0.13690364,-8.07791,136046,1802300,14638,16030.513980865479,-1557.0168,-0.11073903,2.2027967,62.280794527438445
84394,397.70764,963500,0.9977081,0.9651489,0.1287811,-4.4801674,136137,1803210,14648,16040.774830818176,-1503.666,-0.12490377,2.4330926,56.12838403805855
84459,394.29715,964150,0.9977164,0.9639282,0.12850723,-10.570896,136222,1804060,14658,16051.022956371307,-1533.5289,-0.10493189,2.2108657,61.70114433149641
84522,400.32068,964780,0.99772406,0.96173096,0.134231,-12.082508,136315,1804990,14668,16061.501437425613,-1547.0776,-0.11098133,2.7524853,61.419653615112544
84586,398.80084,965420,0.99772,0.961853,0.1370421,-5.8807344,136407,1805910,14678,16071.7273645401,-1524.0778,-0.10344804,2.8912907,60.8711396207213
84650,389.92447,966060,0.9976616,0.95947266,0.14463271,-8.038219,136497,1806810,14688,16082.148117303848,-1510.03,-0.12708879,3.4541502,61.77152616727931
84714,384.69965,966700,0.9977286,0.9637451,0.12148844,-14.226522,136587,1807710,14698,16092.475844621658,-1493.4294,-0.10359058,1.5250158,60.61038517960229
84779,385.95966,967350,0.99772,0.96203613,0.13105893,-11.945766,136672,1808560,14708,16102.6087038517,-1510.5837,-0.11260497,1.7804253,61.799897458872465
84842,384.27582,967980,0.99769735,0.9625244,0.13167071,-19.835485,136764,1809480,14718,16113.063232183456,-1535.1722,-0.12457626,2.2578735,58.343522757380164
84907,387.3377,968630,0.997761,0.96447754,0.1247541,-13.630451,136856,1810400,14728,16123.223147153854,-1487.5435,-0.103511825,2.3031745,61.81475478051176
84969,382.83026,969250,0.9977336,0.9666748,0.12257428,-19.09606,136941,1811250,14738,16133.397959709167,-1511.8422,-0.09445066,2.5067067,61.69269284061693
85035,396.98163,969910,0.99771166,0.961853,0.13771501,-18.020962,137032,1812160,14748,16143.827966213226,-1550.7324,-0.12053824,2.8706996,61.68963045576043
85100,393.38672,970560,0.9977417,0.9610596,0.13193779,-15.389967,137120,1813040,14758,16154.31354188919,-1516.9749,-0.10206452,2.2481368,60.967680949480275
85162,382.11377,971180,0.99768233,0.9581909,0.14064975,-17.363342,137211,1813950,14768,16164.542883634567,-1513.8203,-0.10986525,2.6654258,61.699953041596686
85226,378.05212,971820,0.99772453,0.95825195,0.14554211,-18.48919,137299,1814830,14778,16175.009002447128,-1505.4598,-0.103698455,3.378767,61.9047627393621
85289,381.43442,972450,0.99769664,0.96032715,0.13434942,-17.539137,137388,1815720,14788,16185.151944160461,-1493.9557,-0.12705027,2.3381686,61.67792247300397
85353,388.8885,973090,0.99773526,0.9619751,0.123856105,-19.547659,137470,1816540,14798,16195.344775438309,-1494.8014,-0.11435434,1.6167817,62.09355226052901
85419,383.40585,973750,0.9977057,0.96484375,0.123184234,-12.259512,137564,1817480,14808,16205.681094169617,-1478.2926,-0.10934751,1.842556,62.54546844072887
85482,389.88837,974380,0.99774814,0.9628296,0.12951979,-15.509577,137653,1818370,14818,16216.293772697449,-1524.7695,-0.095017746,2.3421867,53.34364348578114
85548,374.87555,975040,0.99773,0.9672241,0.12510313,-18.0476,137743,1819270,14828,16226.839398860931,-1486.9841,-0.0900702,2.3937316,61.116261745226204
85610,388.45724,975660,0.99777675,0.9661255,0.11840668,-14.883597,137834,1820180,14838,16237.330754518509,-1530.8009,-0.0895129,1.9301444,62.170433340628826
85674,398.28207,976300,0.99769473,0.9579468,0.13835336,-11.246475,137923,1821070,14848,16247.636526823044,-1547.716,-0.11687856,2.2210615,61.17068879944908
85736,390.7528,976920,0.99768543,0.9621582,0.14377609,-10.475714,138010,1821940,14858,16257.950971364975,-1472.989,-0.11213807,3.6933868,62.30824720851124
85802,394.24564,977580,0.9976771,0.9537964,0.15325662,-13.559292,138097,1822810,14868,16268.46183848381,-1551.8243,-0.116419315,2.9966373,62.3071914448949
85866,392.9969,978220,0.99776864,0.96899414,0.114992246,-14.47179,138186,1823700,14878,16278.921097278595,-1547.1926,-0.08254115,2.1749396,62.27349812287834
85930,380.61618,978860,0.9977281,0.96655273,0.123777926,-10.710718,138276,1824600,14888,16289.20284318924,-1523.1357,-0.116065666,2.309496,63.101077912720925
85994,367.60876,979500,0.99769425,0.9607544,0.13219455,-13.406931,138364,1825480,14898,16299.645258665085,-1447.9763,-0.11526542,1.7604971,61.697854214172224
86058,382.16644,980140,0.9977107,0.96087646,0.12646002,-13.092174,138455,1826390,14908,16309.882825374603,-1472.5352,-0.122517414,1.635045,62.646959596647946
86121,376.35724,980770,0.9976511,0.9625244,0.14063513,-10.076152,138541,1827250,14918,16320.202828407288,-1505.3156,-0.11581001,3.4001787,62.737385701691814
86186,363.77917,981420,0.9976697,0.96240234,0.14431423,-13.515883,138628,1828120,14928,16330.893199443817,-1482.958,-0.1186707,3.3435793,62.53956689382026
86251,371.3432,982070,0.99766564,0.9619751,0.14323935,-15.61199,138715,1828990,14938,16341.238998174667,-1500.447,-0.11328954,3.2155027,59.909334600993816
86314,360.1016,982700,0.99771595,0.9626465,0.13000631,-12.5760145,138804,1829880,14948,16351.60816001892,-1466.3894,-0.102744415,2.4704556,62.253784711061385
86379,359.22687,983350,0.9976425,0.96362305,0.14199847,-7.589486,138891,1830750,14958,16362.136002779007,-1489.6475,-0.11231037,3.5782647,61.659759802181924
86441,375.41293,983970,0.9977298,0.9622803,0.13256717,-9.847915,138982,1831660,14968,16372.717296123505,-1509.4529,-0.10574414,2.2436233,61.645344955911256
86506,366.51697,984620,0.99774456,0.96209717,0.13517268,-8.701463,139070,1832540,14978,16383.110311985016,-1492.5272,-0.10526786,2.2395184,62.58824056077625
86569,358.57736,985250,0.9977691,0.96643066,0.114583075,-9.99803,139157,1833410,14988,16393.74035024643,-1481.3395,-0.114381276,2.026511,62.46852981675448
86631,357.00854,985870,0.9976852,0.9592285,0.13012552,-7.192679,139248,1834320,14998,16404.043707847595,-1425.664,-0.1146732,1.5359275,63.756075443591286
86698,356.0619,986540,0.9976871,0.96343994,0.13493755,-8.824433,139334,1835180,15008,16414.54700732231,-1437.8684,-0.121558845,2.5168414,61.97706966604682
86762,357.34595,987180,0.9976156,0.96398926,0.16015181,-15.1230545,139422,1836060,15018,16425.11004972458,-1464.3787,-0.093159616,4.852771,62.35931364566329
86825,359.1924,987810,0.99773145,0.9677124,0.121013,-13.152346,139509,1836930,15028,16435.540492773056,-1487.9324,-0.09034107,2.045227,62.0393495695953
86890,363.59003,988460,0.99774265,0.96435547,0.124950305,-15.034925,139595,1837790,15038,16445.85972905159,-1489.9219,-0.09617754,2.4357193,60.692882800204124
86955,351.5996,989110,0.99774194,0.9666748,0.11936517,-10.665319,139683,1838670,15048,16456.5032351017,-1445.5396,-0.10320691,2.124579,61.239459831627414
87020,359.12976,989760,0.997777,0.9656372,0.119024776,-13.100321,139772,1839560,15058,16466.836050510406,-1481.1504,-0.10127504,2.0483532,60.47125212798478
87083,349.78455,990390,0.9977164,0.96569824,0.13509811,-14.289507,139862,1840460,15068,16477.278409719467,-1472.3553,-0.100558534,3.2633662,61.53936669591922
87146,350.69647,991020,0.99770045,0.95928955,0.14818093,-16.703354,139950,1841340,15078,16487.865213632584,-1470.0894,-0.11551707,3.1698642,58.12418701303876
87210,360.59467,991660,0.997751,0.97088623,0.11662075,-9.162287,140039,1842230,15088,16498.197441339493,-1474.3667,-0.09050761,2.3638148,62.095635003617915
87273,376.67444,992290,0.9976771,0.9578247,0.14444138,-12.1501665,140130,1843140,15098,16508.46720290184,-1516.6289,-0.12200841,2.5327582,62.07758441864181
87337,351.1573,992930,0.99770546,0.963562,0.13639697,-15.632162,140219,1844030,15108,16519.339477300644,-1428.9913,-0.11743238,3.4391537,55.602600797472945
87400,341.26807,993560,0.9977031,0.9631958,0.1192528,-14.053039,140308,1844920,15118,16529.678362607956,-1401.0574,-0.10970503,1.3661338,62.555263094729575
87468,355.8805,994240,0.9977422,0.96539307,0.12408157,-10.671682,140397,1845810,15128,16540.000833511353,-1444.0507,-0.09812543,1.8425457,58.10116448877404
87530,344.36243,994860,0.997767,0.9678955,0.11462897,-16.992926,140484,1846680,15138,16550.54051756859,-1442.7454,-0.08683496,1.7760925,61.93955875970187
87594,349.10602,995500,0.9976673,0.96173096,0.13808426,-15.17092,140575,1847590,15148,16560.753729581833,-1456.6746,-0.116683476,2.7983139,63.002088604817146
87659,355.461,996150,0.99773026,0.9661865,0.1267344,-17.139082,140661,1848450,15158,16571.06413292885,-1484.1135,-0.10976359,2.616958,59.29134467332995
87722,345.70474,996780,0.9977703,0.96759033,0.115528196,-14.600375,140749,1849330,15168,16581.520842075348,-1450.3123,-0.100540295,1.8513694,61.54901809724011
87786,364.0348,997420,0.99772096,0.96398926,0.13471128,-15.233276,140836,1850200,15178,16591.78704571724,-1501.8074,-0.10953879,2.7211056,57.92396261506389
87848,339.99667,998040,0.99769807,0.9647217,0.13190007,-14.282545,140925,1851090,15188,16602.04630637169,-1439.9271,-0.10689414,2.6472468,63.22315319862425
87913,344.61987,998690,0.99763227,0.9493408,0.1744039,-11.760393,141010,1851940,15198,16612.645664930344,-1417.8118,-0.14054243,4.1834364,61.68570367565143
87977,354.39825,999330,0.9977393,0.96698,0.116038814,-12.773242,141100,1852840,15208,16622.82831954956,-1481.4165,-0.1039949,1.50091,62.676594598103236
88042,354.661,999980,0.997705,0.9678345,0.12652735,-15.876385,141189,1853730,15218,16633.078176259995,-1472.6461,-0.09962615,2.5244741,62.1203081815571
88106,369.03876,1000620,0.99772835,0.9631958,0.12577765,-13.857794,141274,1854580,15228,16643.41802096367,-1509.1757,-0.11112838,2.2432013,62.185714279095436
88169,354.66904,1001250,0.99771523,0.96240234,0.13227001,-15.457788,141363,1855470,15238,16653.62682580948,-1473.9321,-0.11266525,2.275603,61.690410200830456
88234,351.69965,1001900,0.9977412,0.96258545,0.13055064,-14.48381,141447,1856310,15248,16663.75823545456,-1463.5283,-0.115646794,2.3597329,61.72994783312579
88299,356.8009,1002550,0.9976976,0.9630127,0.13415067,-11.049486,141538,1857220,15258,16674.188713550568,-1463.2998,-0.11480567,2.592701,62.05983127689039
88362,361.6548,1003180,0.99771404,0.9573364,0.13900933,-12.521705,141627,1858110,15268,16684.631178855896,-1490.1765,-0.118147455,2.5341802,61.110390308134164
88428,344.73895,1003840,0.99773264,0.96173096,0.12444648,-16.391434,141716,1859000,15278,16694.952080488205,-1434.81,-0.11368779,1.3539145,58.55087746008258
88492,339.37628,1004480,0.99776554,0.9660034,0.11370194,-17.264751,141804,1859880,15288,16705.590648174286,-1392.1227,-0.09344392,1.3270199,62.03239632263955
88554,346.3407,1005100,0.99774194,0.96661377,0.11658771,-13.172488,141893,1860770,15298,16715.865579128265,-1427.6611,-0.10232643,1.8377849,62.5980486166819
88617,344.68912,1005730,0.99773335,0.96447754,0.13053524,-15.167931,141982,1861660,15308,16726.09041285515,-1456.3196,-0.10587875,2.395763,62.63535312666397
88682,360.18622,1006380,0.9976661,0.9640503,0.1405991,-15.197371,142070,1862540,15318,16736.593194246292,-1507.8817,-0.10814917,3.2025733,60.48521845483834
88745,341.14108,1007010,0.99767876,0.9602661,0.14155202,-15.585714,142158,1863420,15328,16746.90653347969,-1429.9912,-0.1070624,3.2961242,61.49088742491898
88809,344.94427,1007650,0.9977026,0.96325684,0.12949255,-16.408548,142246,1864300,15338,16757.318561315536,-1464.3859,-0.10547414,2.4067426,62.25485310351865
88873,347.77795,1008290,0.997746,0.96295166,0.13439286,-19.338669,142335,1865190,15348,16767.754481077194,-1469.5024,-0.09674833,2.8992243,62.65209178766174
88937,354.95834,1008930,0.99762464,0.95910645,0.1537319,-12.895697,142426,1866100,15358,16778.02917575836,-1496.7976,-0.11804822,4.197151,63.18230488920314
89002,343.9811,1009580,0.99770594,0.95758057,0.14372912,-14.9429655,142512,1866960,15368,16788.31251335144,-1448.0286,-0.09446693,3.576116,57.109054312600136
89068,351.11206,1010240,0.997746,0.9659424,0.123727985,-16.49162,142600,1867840,15378,16798.765857219696,-1467.9546,-0.1060956,1.9741578,62.06791006521125
89133,336.06363,1010890,0.9977031,0.95947266,0.13118827,-15.989001,142688,1868720,15388,16809.111914873123,-1376.9049,-0.11840266,1.4994935,61.7692519038018
89195,342.8958,1011510,0.9977462,0.96673584,0.116513185,-15.373612,142776,1869600,15398,16819.63888812065,-1420.1237,-0.1018549,1.5861084,56.604641600139345
89256,336.01572,1012120,0.9977653,0.96655273,0.113596514,-17.696316,142865,1870490,15408,16830.053322553635,-1410.6084,-0.09350324,1.5794225,62.981467968862546
89321,343.78986,1012770,0.99773693,0.96466064,0.1242586,-12.302071,142953,1871370,15418,16840.27722811699,-1455.2952,-0.1064046,1.7528911,62.423874210648094
89386,350.40094,1013420,0.9977176,0.9661865,0.12442611,-21.388756,143039,1872230,15428,16850.48041343689,-1470.8083,-0.10198334,2.1690075,62.603085196815684
89447,343.38086,1014030,0.9977615,0.9672241,0.12722263,-14.536999,143126,1873100,15438,16860.989799261093,-1470.8054,-0.09816451,2.7724922,62.32161366585401
89512,355.92023,1014680,0.99773884,0.9649658,0.12906587,-19.128231,143216,1874000,15448,16871.438549041748,-1501.8599,-0.11636702,2.3026965,55.82228233485161
89579,335.28625,1015350,0.9977565,0.96917725,0.11563913,-17.932392,143305,1874890,15458,16881.69778418541,-1395.5422,-0.09872255,2.2836645,62.27823697915277
89643,338.69653,1015990,0.9977546,0.96746826,0.1186934,-16.882938,143393,1875770,15468,16892.09957265854,-1434.2468,-0.10883783,2.2677383,61.68242937846616
89707,342.82336,1016630,0.9965093,0.7946167,2.4749565,-16.719776,143481,1876650,15478,16902.294206619263,-1382.0974,-1.8147978,62.935036,62.216889932601866
89770,330.20587,1017260,0.9977174,0.9633789,0.12277996,-20.683191,143569,1877530,15488,16912.57441329956,-1398.2457,-0.11681603,1.3497785,62.12886286795611
89833,328.46088,1017890,0.99778986,0.967041,0.11525542,-18.494833,143655,1878390,15498,16923.064167261124,-1401.3386,-0.09750222,1.6815373,62.29913700170464
89897,335.0639,1018530,0.99773455,0.96765137,0.1142194,-14.209175,143741,1879250,15508,16933.47901034355,-1433.5122,-0.09826149,1.6649238,61.39143373288145
89960,341.59308,1019160,0.997684,0.96380615,0.12711814,-14.27821,143830,1880140,15518,16943.822172880173,-1432.9779,-0.11215767,2.138714,61.358597057782156
90027,337.3069,1019830,0.99777293,0.9689331,0.11485104,-14.952277,143917,1881010,15528,16954.304259061813,-1418.702,-0.09472306,1.9296546,62.2459750098261
90089,345.37967,1020450,0.99775004,0.96533203,0.12374074,-17.92773,144004,1881880,15538,16964.6678109169,-1466.2252,-0.11169681,1.9928025,61.71701840414065
90153,338.7442,1021090,0.99773407,0.96466064,0.117965326,-15.295616,144093,1882770,15548,16974.977134227753,-1430.1063,-0.10906704,2.1486425,62.46377649298725
90218,348.97107,1021740,0.9977789,0.96972656,0.11329815,-17.625444,144178,1883620,15558,16985.530498981476,-1474.6248,-0.09541372,1.6825836,61.83917671689323
90280,347.1162,1022360,0.99774694,0.961792,0.12629911,-16.801863,144266,1884500,15568,16996.285143852234,-1467.6484,-0.09580242,2.0702229,60.34066302122928
90345,341.83926,1023010,0.9977665,0.96813965,0.11418222,-16.490852,144352,1885360,15578,17006.673127889633,-1443.2261,-0.100004226,2.110904,61.6659922743912
90409,327.30356,1023650,0.9977524,0.96551514,0.120325595,-14.750952,144441,1886250,15588,17017.249720573425,-1399.3268,-0.0876632,2.4945455,62.2977056399826
90474,349.47446,1024300,0.99771786,0.96502686,0.12551272,-13.74213,144531,1887150,15598,17027.432190656662,-1449.0298,-0.102419905,2.5892825,62.236594410806966
90536,331.81644,1024920,0.997751,0.9689331,0.10986742,-10.592772,144619,1888030,15608,17037.697047472,-1406.0945,-0.10007267,1.4774587,62.53720658687936
90600,332.0164,1025560,0.99776816,0.9694214,0.11229498,-12.091589,144703,1888870,15618,17048.190482139587,-1431.5652,-0.100325264,1.7971073,62.26305495867615
90664,326.98584,1026200,0.9977088,0.9666748,0.12367379,-14.640789,144790,1889740,15628,17058.618060588837,-1411.6816,-0.099879324,2.4111238,62.605114656710874
90730,340.85168,1026860,0.9977634,0.96691895,0.114848524,-10.844721,144876,1890600,15638,17069.129910945892,-1461.3572,-0.08473887,1.8022447,62.200210025423644
90795,340.83676,1027510,0.9976814,0.9678345,0.13113038,-12.962358,144964,1891480,15648,17079.641328573227,-1454.447,-0.08861376,3.4364545,62.378383679099564
90857,336.04767,1028130,0.9977274,0.96655273,0.12571192,-10.695944,145051,1892350,15658,17089.92452764511,-1438.315,-0.11311124,2.5933952,61.82912080192189
90889,333.13348,1028450,0.9976988,0.9682617,0.12896045,-10.019406,145096,1892800,15663,23612.239922761917,-1426.0347,-0.1066052,3.3305569,0.009818607112267671
90987,325.93073,1029430,0.99777055,0.9682617,0.10966389,-11.452017,145213,1893970,15680,23622.551053524017,-1392.2045,-0.0991436,1.3968031,91.99970662687394
91090,335.15222,1030460,0.99770355,0.9686279,0.121381715,-12.016092,145343,1895270,15696,23632.737730026245,-1440.9795,-0.09628512,2.6103098,108.57089422450014
91206,342.69443,1031620,0.99765897,0.96295166,0.14250588,-15.951141,145472,1896560,15713,23642.880083322525,-1468.7666,-0.11081006,3.5668705,99.5660901325011
91309,337.46576,1032650,0.997715,0.9627075,0.12603104,-11.222515,145599,1897830,15729,23652.967924833298,-1465.1832,-0.099972874,2.3718772,90.82358259151366
91403,332.58698,1033590,0.99774814,0.96917725,0.101586446,-13.511671,145704,1898880,15743,23663.257219314575,-1397.0315,-0.08882109,1.1788635,89.32859195603112
91490,334.63364,1034460,0.99776244,0.96990967,0.1104935,-14.013033,145828,1900120,15757,23673.32653951645,-1437.2898,-0.10032911,1.7356744,85.45035557168414
91580,333.38812,1035360,0.99770427,0.96759033,0.12293235,-13.172075,145937,1901210,15771,23683.3432700634,-1427.2772,-0.09995404,2.6508198,87.62486885752132
91668,348.35846,1036240,0.99773884,0.9692993,0.113321066,-12.511127,146042,1902260,15785,23693.674449443817,-1478.2842,-0.10569969,1.8420606,91.83792405281557
91754,333.34473,1037100,0.99772906,0.96173096,0.13174382,-11.842978,146165,1903490,15799,23703.865407943726,-1428.9847,-0.10955884,2.439734,91.72394874798313
91843,332.6881,1037990,0.9976702,0.9631958,0.14401123,-12.1603775,146272,1904560,15814,23714.315196990967,-1432.3793,-0.11636977,4.129299,92.5547906121015
91949,329.67325,1039050,0.99775195,0.96655273,0.122497246,-12.325309,146393,1905770,15829,23724.799867868423,-1428.6204,-0.096233085,2.9274378,94.41221597423774
92040,330.47153,1039960,0.99776745,0.9675293,0.11049518,-14.318534,146515,1906990,15844,23735.069742679596,-1397.6752,-0.09480898,1.5885441,99.85483381983195
92138,338.47552,1040940,0.997736,0.967041,0.12408106,-12.558757,146642,1908260,15859,23745.3591504097,-1454.3826,-0.09964026,2.8305407,96.74001671463986
92219,342.25128,1041750,0.9976938,0.96484375,0.12903273,-14.698893,146738,1909220,15871,23755.50083899498,-1454.0696,-0.10953519,2.6989589,95.03018013345658
92292,323.3479,1042480,0.9977453,0.9688721,0.11715877,-14.808466,146829,1910130,15882,23765.50698184967,-1398.0482,-0.08771246,2.4739244,54.50781537611821
92375,329.88873,1043310,0.9977324,0.96466064,0.1203588,-15.791189,146943,1911270,15897,23775.760221242905,-1437.0643,-0.105063334,1.7204235,92.9804385852491
92455,325.13928,1044110,0.9977448,0.9663696,0.10923576,-15.687014,147042,1912260,15908,23785.98096680641,-1376.782,-0.10006264,1.1924114,84.06298003360823
92527,321.92834,1044830,0.99779844,0.9696655,0.10405648,-13.7079525,147135,1913190,15919,23796.046637773514,-1383.9167,-0.08522457,1.2051822,54.89702155507383
92610,337.6538,1045660,0.99778056,0.96990967,0.11164085,-13.811479,147239,1914230,15932,23806.8397128582,-1459.0359,-0.0888097,1.8924363,53.80309066347044
92687,327.0044,1046430,0.997756,0.97210693,0.10680029,-11.436815,147340,1915240,15944,23817.866815805435,-1399.1255,-0.0893089,2.1897717,48.05273502810821
92766,320.13116,1047220,0.99773693,0.96832275,0.1188058,-9.783718,147445,1916290,15956,23829.02737236023,-1363.2301,-0.087607205,2.4985409,48.39420709155519
92828,328.19434,1047840,0.9977379,0.96484375,0.11888887,-11.85672,147538,1917220,15966,23840.06431865692,-1425.1001,-0.10294521,1.7677004,50.36868157312664
92906,342.77274,1048620,0.99768615,0.96313477,0.13712466,-10.765584,147638,1918220,15978,23851.083183050156,-1488.1725,-0.10112811,3.0134099,59.230706226257894
92979,331.48712,1049350,0.99778175,0.9702759,0.109188005,-12.780905,147733,1919170,15990,23861.143769979477,-1436.3445,-0.087122485,1.7972636,90.31206569974195
93044,316.18054,1050000,0.9977226,0.967041,0.11537218,-8.401258,147812,1919960,16001,23871.69305205345,-1355.354,-0.10707623,1.3683268,99.77166160316789
93137,311.93918,1050930,0.99778986,0.96643066,0.104041286,-9.41617,147934,1921180,16014,23882.172530174255,-1355.6492,-0.09170295,1.1544763,62.37786185128563
93219,320.41302,1051750,0.9977944,0.9749756,0.098318696,-12.825768,148041,1922250,16027,23893.01935195923,-1386.5153,-0.078524865,2.0702643,60.5120655355591
93297,327.65784,1052530,0.9977913,0.9686279,0.11107193,-12.322125,148140,1923240,16039,23903.017116069794,-1409.3687,-0.093777895,1.8262818,51.915304907978545
93350,331.84198,1053060,0.9977467,0.96435547,0.118029475,-9.137555,148211,1923950,16049,23913.599208831787,-1428.8574,-0.108235955,1.8789349,85.58163948809555
93426,319.69092,1053820,0.9977753,0.96984863,0.112434536,-12.475452,148318,1925020,16061,23924.10525035858,-1408.112,-0.08712045,2.3539453,88.07108011605212
93496,339.38495,1054520,0.9977226,0.9593506,0.13410121,-16.511328,148410,1925940,16071,23934.327494859695,-1465.3634,-0.12076002,1.8306935,66.11920822114791
93577,323.97983,1055330,0.9977455,0.96765137,0.113608584,-13.894327,148514,1926980,16084,23945.14042520523,-1427.9211,-0.09696363,1.9600904,64.59674503321696
93666,304.00238,1056220,0.9977379,0.9624634,0.12092419,-13.4387665,148633,1928170,16097,23955.952211380005,-1303.8403,-0.10496579,1.4087422,61.68482482582773
93730,323.6427,1056860,0.9977479,0.9667969,0.11411972,-16.954845,148717,1929010,16108,23966.311233520508,-1378.3757,-0.091453254,1.8736987,92.0690948340763
93815,319.41705,1057710,0.997813,0.9717407,0.09773329,-16.166862,148827,1930110,16120,23976.996318101883,-1366.2792,-0.085313946,1.331229,61.82887870264952
93896,327.62616,1058520,0.99770856,0.96502686,0.122668155,-19.867168,148935,1931190,16133,23987.752883911133,-1410.1512,-0.105691046,1.8292755,62.38096395604814
93981,327.7699,1059370,0.99775815,0.96539307,0.11455035,-13.127057,149040,1932240,16146,23998.590651750565,-1409.0137,-0.10487129,1.6777849,72.41546961325967
94050,321.0581,1060060,0.99765825,0.96661377,0.14398097,-15.037109,149134,1933180,16157,24009.090403795242,-1406.2656,-0.10729793,4.2669044,98.5094002766266
94123,327.83643,1060790,0.9976294,0.96661377,0.14758039,-9.040382,149226,1934100,16169,24019.413628578186,-1419.4038,-0.0926482,4.812935,64.93355736160747
94210,327.4214,1061660,0.99776864,0.9680176,0.12085117,-12.508839,149342,1935260,16182,24030.254192590714,-1401.1301,-0.078075945,2.5786042,61.81353063153617
94275,317.5128,1062310,0.9977629,0.9696655,0.10950668,-13.748327,149432,1936160,16192,24040.44705557823,-1373.821,-0.08977745,2.025825,63.935154879365726
94360,313.35208,1063160,0.9977646,0.96899414,0.10644852,-14.458288,149535,1937190,16205,24051.307088136673,-1350.1533,-0.09770183,1.0592237,62.21804358442631
94442,322.42596,1063980,0.9977746,0.96606445,0.11277622,-14.528116,149642,1938260,16218,24062.05978655815,-1389.3583,-0.09572767,1.2130067,62.510585342225866
94498,322.82468,1064540,0.99772215,0.97003174,0.11551307,-13.680044,149722,1939060,16228,24072.07530617714,-1395.6453,-0.09728161,2.2595305,77.7287711065534
94581,319.74652,1065370,0.99778724,0.97039795,0.11159468,-15.027819,149828,1940120,16240,24082.100403547287,-1382.7045,-0.095878065,2.2133842,62.82636748664063
94639,315.86093,1065950,0.9977915,0.972229,0.10003167,-12.418181,149906,1940900,16250,24092.27668452263,-1378.3574,-0.079373114,1.7797133,65.27061503350392
94728,314.80142,1066840,0.9977026,0.96990967,0.12703858,-16.733627,150022,1942060,16263,24103.142602682114,-1361.4563,-0.09569075,3.7922559,63.32201739379866
94813,328.0361,1067690,0.99778295,0.9700928,0.109018475,-12.991067,150126,1943100,16276,24114.036100625992,-1412.4646,-0.084569216,1.882741,66.76323075438455
94870,316.8698,1068260,0.99777055,0.9684448,0.108482845,-18.749895,150209,1943930,16286,24124.20796227455,-1385.9944,-0.09252951,1.6528563,64.69459124395797
94962,314.93896,1069180,0.997767,0.9706421,0.103421435,-14.168014,150323,1945070,16299,24134.908611536026,-1379.4385,-0.09442578,1.7082456,63.08162280715153
95024,305.5468,1069800,0.99781084,0.9708252,0.09935151,-15.076742,150413,1945970,16309,24145.083375930786,-1332.9135,-0.091859706,1.185509,62.96727049244739
95108,316.9866,1070640,0.9978137,0.97125244,0.10446336,-18.350206,150520,1947040,16322,24155.89548420906,-1372.1239,-0.08307289,1.7323303,62.04927319016422
95173,329.31683,1071290,0.9977882,0.9758301,0.09904396,-12.231969,150607,1947910,16332,24166.09771490097,-1410.0809,-0.08833436,1.9468029,60.43601754034033
95253,324.64185,1072090,0.99780726,0.9720459,0.10160499,-15.827141,150714,1948980,16345,24176.88309788704,-1406.8733,-0.08163293,1.2865587,62.90702098670362
95318,316.3532,1072740,0.9977758,0.9717407,0.10564419,-15.78837,150803,1949870,16355,24186.984596014023,-1368.6824,-0.09069816,2.002592,63.36149116821127
95389,321.1499,1073450,0.9977684,0.96936035,0.11246196,-16.408123,150889,1950730,16367,24197.58764719963,-1383.1993,-0.102407664,2.0173695,97.8768759231717
95460,325.5291,1074160,0.9977517,0.9678955,0.11119096,-16.259977,150981,1951650,16378,24207.724246263504,-1407.041,-0.088370875,1.747298,64.78532222217127
95529,305.5695,1074850,0.99773693,0.9642334,0.11678444,-18.602846,151089,1952730,16389,24217.776421546936,-1349.9696,-0.09550912,1.8862492,99.63146275596782
95607,319.93033,1075630,0.99774694,0.96569824,0.11154623,-14.967724,151183,1953670,16400,24227.92648458481,-1399.1931,-0.09458382,2.0473619,56.75308585857198
95663,323.32056,1076190,0.9977181,0.96759033,0.119112104,-15.888543,151263,1954470,16410,24238.56468153,-1408.2715,-0.100886166,2.649404,74.5173200737413
95751,316.12738,1077070,0.9977622,0.96655273,0.113155514,-14.061911,151380,1955640,16423,24249.522973537445,-1384.2888,-0.094191775,2.043243,63.74894403040547
95815,313.38965,1077710,0.9977796,0.96759033,0.11509766,-16.888037,151457,1956410,16433,24259.623889684677,-1363.3392,-0.08055977,2.4141412,66.19855117317981
95883,322.0808,1078390,0.9977982,0.9716797,0.1048223,-15.818877,151547,1957310,16445,24270.00915646553,-1391.6743,-0.092670985,2.0638242,99.37324495564148
95965,315.9049,1079210,0.99776053,0.9668579,0.11456972,-14.648163,151658,1958420,16456,24280.488260030746,-1372.169,-0.0956375,1.7950486,63.786117563863236
96029,312.5317,1079850,0.9977734,0.9696655,0.10410258,-16.009182,151748,1959320,16466,24290.63916182518,-1358.886,-0.1017235,1.4165555,59.04027272827246
96112,317.0189,1080680,0.99774694,0.970459,0.10944764,-13.266554,151852,1960360,16479,24301.50131893158,-1401.688,-0.08370271,2.2535162,62.17845453673673
96176,338.16962,1081320,0.9977207,0.9628296,0.13007571,-16.189054,151941,1961250,16489,24311.566551446915,-1455.6476,-0.10779133,2.6238256,62.83758886282966
96260,325.00876,1082160,0.9977832,0.9678345,0.109057926,-14.928448,152044,1962280,16502,24322.33132958412,-1416.3926,-0.087293185,1.6849313,62.530053905247804
96323,327.9037,1082790,0.9977248,0.96875,0.11540485,-14.773565,152132,1963160,16512,24332.56702899933,-1402.5396,-0.09985488,2.395304,61.63069629814664
96387,321.00125,1083430,0.99776196,0.9668579,0.11643209,-16.193733,152220,1964040,16522,24342.779250383377,-1407.7365,-0.09494816,2.0685105,62.64941592503975
96456,321.46356,1084120,0.9977238,0.96850586,0.11677525,-14.620253,152310,1964940,16534,24352.854973077774,-1432.0417,-0.10002239,2.4636931,98.53948675931238
96535,307.86282,1084910,0.9977815,0.9706421,0.10235588,-13.197759,152413,1965970,16545,24363.6870303154,-1356.6632,-0.08729185,1.1099043,62.732606036584826
96597,307.33038,1085530,0.99775934,0.9678345,0.10914091,-14.943305,152500,1966840,16555,24373.7991065979,-1355.0702,-0.093669906,1.434737,63.346374418241346
96662,323.08502,1086180,0.99779844,0.9737549,0.09622798,-15.670423,152581,1967650,16565,24383.819511651993,-1408.02,-0.082140364,1.2240046,63.246003646767306
96740,304.54602,1086960,0.9977696,0.9727783,0.10519479,-14.109358,152681,1968650,16578,24394.749787330627,-1335.8896,-0.084396325,2.3131819,65.080042485545
96804,328.54938,1087600,0.9977429,0.96777344,0.11959341,-14.453403,152768,1969520,16588,24404.97005200386,-1418.9448,-0.09309347,2.1345963,64.58765268366673
96868,320.56232,1088240,0.9977627,0.9680176,0.11211857,-15.65342,152854,1970380,16598,24415.134484767914,-1394.904,-0.09061083,1.8965542,69.12309366873347
96956,330.5326,1089120,0.9977231,0.96746826,0.12856252,-16.343868,152968,1971520,16611,24426.12185549736,-1425.721,-0.06927782,3.316935,58.651584159259535
97022,316.88806,1089780,0.9977896,0.96954346,0.106253505,-18.447666,153052,1972360,16621,24436.38729739189,-1404.3248,-0.09667172,1.5976233,62.544972959396105
97085,317.64594,1090410,0.997766,0.9696045,0.11136405,-17.727654,153140,1973240,16631,24446.528571128845,-1388.2062,-0.09034045,2.1720202,63.46680549969843
97149,324.60345,1091050,0.99774265,0.9696045,0.11710295,-15.013669,153219,1974030,16641,24456.543130397797,-1396.5623,-0.08553004,2.8591423,72.35973890318311
97225,308.03033,1091810,0.9976821,0.9598999,0.12723988,-15.3030205,153323,1975070,16653,24466.565529584885,-1306.5638,-0.1134582,1.9113774,61.76360961074968
97289,315.26767,1092450,0.9977894,0.9707031,0.1016785,-11.971978,153411,1975950,16663,24476.85764312744,-1362.0732,-0.08546987,1.0796356,63.72463956653977
97353,319.46814,1093090,0.9977839,0.9700928,0.098718464,-14.711943,153493,1976770,16673,24486.956736803055,-1354.5167,-0.09062192,1.3851678,63.46281426079251
97437,322.7672,1093930,0.9977579,0.96881104,0.107940145,-12.578248,153605,1977890,16686,24497.82884144783,-1382.7631,-0.092826396,1.1785077,62.041227930488795
97500,324.9314,1094560,0.99775505,0.9700928,0.11742845,-13.75764,153693,1978770,16696,24507.98810005188,-1387.1041,-0.09659494,2.658733,61.65882504000748
97564,317.6566,1095200,0.9977772,0.9706421,0.108463205,-16.60839,153784,1979680,16706,24518.233142375946,-1386.8896,-0.09083223,1.9081016,62.65000079352409
97629,328.7434,1095850,0.99778986,0.96759033,0.11599672,-17.539131,153867,1980510,16716,24528.237187862396,-1415.2705,-0.07595852,2.1329832,62.6785849213002
97710,311.85675,1096660,0.99779105,0.972229,0.104712844,-15.274416,153973,1981570,16729,24539.189713954926,-1362.1638,-0.0690201,2.4989698,64.93076160205894
97777,321.0473,1097330,0.99776435,0.9671631,0.11923601,-16.292624,154061,1982450,16739,24549.526664972305,-1387.0281,-0.09560926,2.1563592,62.181781708230375
97840,326.08328,1097960,0.9977689,0.9661255,0.116162404,-14.431353,154150,1983340,16749,24559.68778204918,-1403.8501,-0.08512463,1.9641933,62.12656221648664
97903,292.633,1098590,0.9977615,0.96917725,0.108820125,-15.937332,154234,1984180,16759,24569.776795625687,-1261.197,-0.096038714,1.5109904,62.596559696031704
97970,307.13223,1099260,0.99775624,0.9678955,0.10626663,-15.048398,154325,1985090,16770,24580.38840675354,-1339.564,-0.091121346,1.0768092,102.80066313754129
98051,314.55853,1100070,0.9977741,0.97039795,0.10186942,-13.928911,154429,1986130,16782,24590.74543762207,-1358.1406,-0.08548309,1.2247864,60.24405404192289
98115,319.61758,1100710,0.997761,0.9708252,0.108125806,-12.532793,154517,1987010,16792,24600.95307469368,-1376.4105,-0.08806735,1.6348715,62.84634225942559
98179,317.0434,1101350,0.9977336,0.96691895,0.11917133,-14.372539,154605,1987890,16802,24611.10475587845,-1367.2388,-0.08754875,2.1908221,62.21106464437886
98245,313.64392,1102010,0.9977851,0.97314453,0.10444145,-15.799894,154687,1988710,16812,24621.273982048035,-1360.8469,-0.09414851,2.0781946,59.59089196714765
98308,311.12347,1102640,0.9977441,0.97387695,0.11262018,-14.2156925,154769,1989530,16823,24631.287478208542,-1363.928,-0.07648375,2.905202,84.0105994603877
98379,313.08157,1103350,0.9977734,0.9694214,0.11105456,-13.989677,154862,1990460,16833,24641.60528612137,-1372.7594,-0.09203528,1.5925243,61.36217370790708
98441,321.36957,1103970,0.99776053,0.96813965,0.115581736,-17.146368,154950,1991340,16843,24651.8921957016,-1375.77,-0.07047229,2.2098505,57.604657206358596
98519,316.64926,1104750,0.99777627,0.96972656,0.107518345,-16.949774,155049,1992330,16855,24662.85994362831,-1351.8362,-0.0847769,1.9193773,63.66124170930149
98582,318.67303,1105380,0.9977975,0.97021484,0.10887158,-16.11011,155139,1993230,16865,24673.093332767487,-1359.2341,-0.08233693,2.4079325,63.524163681378
98647,307.97083,1106030,0.9977679,0.97058105,0.10331121,-19.031202,155226,1994100,16875,24683.2894718647,-1316.1375,-0.08996424,1.2181561,61.762444328533725
98714,306.13007,1106700,0.9977739,0.9668579,0.10804913,-15.70154,155315,1994990,16886,24693.857792377472,-1318.0836,-0.09448755,1.0842156,101.50715031737593
98794,310.61002,1107500,0.9977646,0.9719238,0.10576174,-14.553849,155415,1995990,16898,24704.586154460907,-1348.5415,-0.09543345,1.3137844,61.79783450681528
98857,311.0026,1108130,0.9977727,0.9672241,0.11474775,-14.090125,155503,1996870,16908,24714.911341667175,-1363.1973,-0.10716866,2.0620286,62.0556276950697
98922,310.61688,1108780,0.9977963,0.97387695,0.09527447,-13.720467,155591,1997750,16918,24725.104003429413,-1337.3435,-0.081848234,1.359991,61.430827931956266
98987,313.19318,1109430,0.99777293,0.9720459,0.11076137,-16.177673,155671,1998550,16928,24735.275351285934,-1351.1498,-0.09425477,2.2314668,63.486619076912014
99049,308.1066,1110050,0.99772763,0.9637451,0.120269805,-15.860264,155759,1999430,16938,24745.477546453476,-1355.7388,-0.09807289,2.250486,62.961717342512706
99113,309.84738,1110690,0.9977815,0.9714966,0.10358266,-13.718955,155846,2000300,16948,24755.763020515442,-1348.2444,-0.084739864,1.8072772,63.23873261252899
99195,306.8876,1111510,0.9977062,0.96398926,0.13371068,-13.3493595,155950,2001340,16961,24766.643863916397,-1332.6611,-0.10954399,3.806131,62.053820186511366
99256,310.55045,1112120,0.9977865,0.96759033,0.12080214,-12.459616,156030,2002140,16971,24776.99145412445,-1377.1538,-0.09923929,2.6046457,65.06131922274112
99320,323.1096,1112760,0.9977553,0.9691162,0.107984096,-12.864307,156117,2003010,16981,24787.15442466736,-1398.634,-0.10041333,1.5289652,64.35230101008261
99389,301.54797,1113450,0.9977689,0.97058105,0.09870389,-12.554466,156205,2003890,16991,24797.283953905106,-1289.2068,-0.084739685,1.2184403,63.553039654794425
99452,314.53217,1114080,0.99779224,0.96710205,0.10879747,-13.162579,156294,2004780,17001,24807.420813798904,-1347.7883,-0.092883185,1.0969682,63.25442404368597
99517,321.78946,1114730,0.99775124,0.96917725,0.11323069,-13.504545,156382,2005660,17011,24817.719826459885,-1369.5973,-0.10207644,1.7552396,63.35956192319494
99599,329.05322,1115550,0.99777603,0.9694214,0.11002349,-14.525716,156487,2006710,17024,24828.729627370834,-1412.0156,-0.09672855,1.5624651,62.770672944152004
99661,314.8277,1116170,0.99779296,0.9686279,0.112157285,-16.309956,156574,2007580,17034,24839.137701034546,-1385.9377,-0.083667226,1.871973,57.351998615529574
99721,326.7664,1116770,0.9977529,0.96258545,0.12256783,-13.606756,156649,2008330,17044,24849.576237678528,-1417.2922,-0.10908435,1.8509994,65.11695269625959
99787,315.9782,1117430,0.99773383,0.9719238,0.11246507,-14.759747,156731,2009150,17054,24859.605065584183,-1372.1412,-0.10265574,2.090279,66.33840970963233
99852,311.54053,1118080,0.99779105,0.9692383,0.111888185,-14.938844,156823,2010070,17064,24869.630226373672,-1374.1724,-0.08690651,2.1714108,65.9530370261173
99921,312.31354,1118770,0.9977238,0.9626465,0.12854129,-12.172021,156911,2010950,17074,24879.676510810852,-1365.1693,-0.1021193,2.898267,63.46134393089206
99977,329.25262,1119330,0.99770045,0.96435547,0.13003108,-14.376842,156988,2011720,17084,24889.980853557587,-1403.6013,-0.10053937,2.85408,64.07864877793999
100048,316.4037,1120040,0.9977577,0.9644165,0.12161301,-14.928347,157088,2012720,17094,24900.21767759323,-1397.8348,-0.09645869,2.1406407,62.34416447209666
100112,305.87857,1120680,0.9977431,0.9661865,0.1107389,-15.952813,157169,2013530,17104,24910.321671009064,-1331.3015,-0.110160485,1.401592,62.83008789198959
100174,316.5537,1121300,0.9977479,0.9656372,0.11667399,-16.743855,157256,2014400,17114,24920.454643011093,-1383.7826,-0.0992696,1.6699903,63.79698696493602
100254,323.14865,1122100,0.99772286,0.9663696,0.12502688,-15.486983,157350,2015340,17127,24931.257375717163,-1400.6985,-0.096594244,2.898253,64.63455623547179
100319,311.63672,1122750,0.99779725,0.9688721,0.10790606,-14.94621,157438,2016220,17137,24941.360448360443,-1376.1003,-0.09484181,1.6176698,66.30942104255568
100381,313.44055,1123370,0.9977579,0.97143555,0.114570856,-14.196533,157524,2017080,17147,24951.566017627716,-1338.2384,-0.103233606,2.849719,64.04764286177844
100446,317.3471,1124020,0.9977298,0.9661255,0.1164798,-13.469085,157602,2017860,17157,24961.789621829987,-1369.2695,-0.101606205,2.2994938,64.51643245295898
100510,322.86768,1124660,0.9977062,0.9631958,0.14179203,-14.6408825,157689,2018730,17167,24971.81636118889,-1410.7456,-0.094448805,3.9714003,64.18828116014319
100578,310.42834,1125340,0.99778175,0.97088623,0.108848765,-15.822676,157786,2019700,17177,24981.927170276642,-1375.6863,-0.08065836,2.2766018,63.96118993082668
100637,315.2511,1125930,0.99777937,0.9702759,0.104639225,-16.798252,157863,2020470,17187,24992.078768730164,-1365.2529,-0.088770315,1.1783601,64.9324107569408
100701,300.59094,1126570,0.9978056,0.9729004,0.09462595,-13.792028,157944,2021280,17197,25002.193864107132,-1339.4575,-0.08195935,1.201469,64.96841461218689
100771,319.56458,1127270,0.9977138,0.9692993,0.12523039,-15.439278,158041,2022250,17207,25012.478804826736,-1377.4387,-0.09615078,3.2136023,58.86841861145462
100829,306.5891,1127850,0.997756,0.9696655,0.11113012,-16.974098,158119,2023030,17217,25022.694914340973,-1347.917,-0.09183844,2.4507215,65.14710549888835
100894,319.21304,1128500,0.9977248,0.96759033,0.11905116,-15.307391,158206,2023900,17227,25032.86030983925,-1377.4387,-0.0945607,2.551302,64.47025753474665
100963,325.87506,1129190,0.9978092,0.9694824,0.10505471,-13.774727,158295,2024790,17237,25043.044075489044,-1391.6768,-0.08400895,1.6670268,63.72771065173394
101028,309.2837,1129840,0.9978082,0.972229,0.10314188,-15.642159,158385,2025690,17247,25053.19183897972,-1351.406,-0.0636,2.1768334,63.85205786268483
102845,289.43225,1148010,0.99661183,0.8140869,0.5128564,-17.004921,159672,2038560,17368,25174.7809984684,-926.5015,-0.47294673,3.662768,0.0
102912,289.9495,1148680,0.9968257,0.83483887,0.45466357,-18.004742,159797,2039810,17373,25185.397847652435,-947.5692,-0.43439645,2.035168,50.16703115813348
102958,327.67725,1149140,0.99689865,0.83374023,0.45893067,-19.155504,159898,2040820,17380,25195.974172353745,-1046.7827,-0.4512894,1.5098048,39.517731828697656
102996,321.41876,1149520,0.9969914,0.8518677,0.40484315,-19.62938,159961,2041450,17386,25206.093869686127,-1017.1296,-0.39071497,1.8823462,36.09686991110101
103042,328.0815,1149980,0.99697495,0.8479614,0.41789576,-19.284023,160050,2042340,17393,25216.72755098343,-1049.7673,-0.39372978,1.7648556,47.38938335560081
103092,343.4056,1150480,0.99699545,0.85650635,0.39466268,-20.180918,160145,2043290,17401,25227.66652226448,-1080.46,-0.377361,2.0236,51.14723217414285
103139,352.70312,1150950,0.9969008,0.8540039,0.40618148,-20.40909,160220,2044040,17408,25238.20586538315,-1096.4329,-0.3832936,2.2228358,41.85470694894384
103183,364.3211,1151390,0.9969475,0.8522339,0.4018243,-20.834301,160305,2044890,17415,25248.80144762993,-1150.0095,-0.38566613,2.363337,44.498808189550495
103241,365.4438,1151970,0.99697447,0.85943604,0.38170642,-20.076458,160408,2045920,17424,25259.938051223755,-1146.2339,-0.36549467,2.0657485,52.90858371746448
103291,388.7577,1152470,0.9969857,0.8632202,0.38413918,-18.439274,160501,2046850,17432,25270.206115961075,-1218.8268,-0.35711676,2.524225,47.68082366802189
103341,384.76373,1152970,0.99710655,0.8673096,0.35710433,-18.010906,160594,2047780,17440,25280.581080436707,-1217.4692,-0.34889206,1.7128453,45.8350283280774
103393,397.22772,1153490,0.9970584,0.8647461,0.3715776,-15.345843,160688,2048720,17448,25290.99222135544,-1254.9342,-0.3487256,1.706428,46.654600641398645
103451,418.85925,1154070,0.99703,0.86016846,0.38157505,-16.698542,160792,2049760,17457,25302.07169151306,-1299.3419,-0.34434164,2.59508,53.28396602662894
103501,419.3881,1154570,0.99698734,0.84906006,0.39878085,-13.347073,160886,2050700,17465,25312.67128586769,-1318.716,-0.38272777,2.72119,45.91743821379442
103560,409.33044,1155160,0.9971547,0.87872314,0.33584172,-13.75108,160988,2051720,17474,25323.54262804985,-1290.4684,-0.3107883,2.568321,54.04949305090633
103618,432.4408,1155740,0.9970968,0.87091064,0.34750032,-12.235888,161093,2052770,17483,25334.635236024857,-1348.1267,-0.33490726,2.0263455,51.98314605218465
103675,429.9994,1156310,0.9971125,0.87194824,0.35102934,-14.8590145,161197,2053810,17492,25345.76827287674,-1342.369,-0.31690484,2.489649,51.32842680030181
103725,449.1897,1156810,0.9971018,0.8746948,0.34745294,-10.307439,161289,2054730,17500,25355.834880828857,-1413.7045,-0.320151,2.2107973,46.61006988329748
103784,440.24072,1157400,0.99717164,0.8869629,0.3157965,-10.614727,161392,2055760,17509,25366.861608028412,-1368.5251,-0.29562816,1.9146595,54.092972409175005
103842,437.561,1157980,0.99714303,0.87872314,0.33986926,-6.692289,161496,2056800,17518,25377.95176267624,-1368.1125,-0.34230536,2.486219,50.80954351270165
103899,454.00018,1158550,0.99722075,0.8892822,0.30671397,-11.899368,161600,2057840,17527,25389.061356306076,-1395.1403,-0.29583332,1.3170886,51.74861898210185
103956,449.00623,1159120,0.99718165,0.8835449,0.32320964,-11.041612,161708,2058920,17536,25400.29244327545,-1420.6754,-0.3063355,1.7480447,51.045836681743864
104014,457.20166,1159700,0.9972048,0.8892212,0.31091684,-11.280633,161810,2059940,17545,25411.42547082901,-1416.5596,-0.29091954,2.1151755,50.91274378321622
104064,472.04797,1160200,0.99718165,0.88879395,0.3119005,-10.289016,161905,2060890,17553,25421.48770260811,-1444.6873,-0.27119267,2.5616012,50.60954501165902
104123,473.04706,1160790,0.9971154,0.887146,0.32270837,-12.047226,162005,2061890,17562,25432.604915857315,-1473.3586,-0.3134663,3.1882105,52.43820200575025
104173,476.588,1161290,0.9972131,0.8911743,0.30749595,-12.724863,162099,2062830,17570,25443.24813580513,-1495.5203,-0.2878487,1.6362889,48.097549875355284
104224,478.39764,1161800,0.9972112,0.8883667,0.30842215,-12.222794,162193,2063770,17578,25453.874134778976,-1477.0731,-0.2915458,2.25872,51.852528017721795
104284,507.15955,1162400,0.99684334,0.8428955,0.43943503,-11.407276,162295,2064790,17587,25464.972640514374,-1559.7979,-0.34981322,6.119556,53.09675090409806
104332,524.9494,1162880,0.9972205,0.88549805,0.31770504,-13.696188,162388,2065720,17595,25475.028277873993,-1597.0416,-0.30061397,2.0507941,47.30198539893884
104384,512.5679,1163400,0.9972577,0.8968506,0.30120075,-10.459406,162487,2066710,17603,25485.529211997986,-1547.6912,-0.29246885,1.9394041,50.37814387816555
104443,531.7153,1163990,0.9972606,0.89190674,0.29499078,-12.581661,162589,2067730,17612,25496.684925079346,-1503.5757,-0.28369,1.4233181,52.27443726231077
104494,517.61316,1164500,0.99707747,0.8908081,0.35448164,-14.6700115,162680,2068640,17620,25507.243216753006,-1521.9403,-0.28574768,4.854746,44.18287714996855
104545,488.98715,1165010,0.99707246,0.8882446,0.34945625,-27.242104,162770,2069540,17628,25518.1729388237,-1549.3167,-0.30645436,5.1038904,44.400716801532845
104596,440.38434,1165520,0.99695754,0.8859253,0.37720934,-26.862658,162870,2070540,17636,25529.921894311905,-1535.1289,-0.32535607,5.5620527,29.90497467715193
104634,421.72546,1165900,0.99718404,0.8932495,0.33835137,-23.688412,162948,2071320,17642,25540.698952913284,-1504.5742,-0.29407632,4.507361,30.57542270292041
104680,426.40323,1166360,0.997139,0.89282227,0.34304947,-20.38905,163022,2072060,17649,25551.50948357582,-1532.1594,-0.31267503,5.1825647,39.43137826633847
104724,417.34814,1166800,0.9971926,0.88531494,0.3288902,-17.450687,163109,2072930,17656,25562.08126592636,-1483.7446,-0.28622523,3.9761767,35.95741671780277
104769,401.98102,1167250,0.9972124,0.8843994,0.342351,-17.664516,163185,2073690,17663,25572.506512880325,-1498.4128,-0.30150893,3.9751353,48.606338667916795
104820,416.4499,1167760,0.9971392,0.8911743,0.33727103,-19.55632,163277,2074610,17671,25583.214260339737,-1539.3052,-0.28764144,4.9183908,48.706385917367214
104872,390.0393,1168280,0.9972596,0.8951416,0.3023677,-17.603617,163369,2075530,17679,25594.212351322174,-1463.126,-0.2707492,3.7830784,45.44591913489442
104923,390.33185,1168790,0.9973037,0.89538574,0.30036438,-19.955593,163468,2076520,17687,25605.472611427307,-1466.604,-0.27593225,2.7111893,44.80984805057836
104975,401.33398,1169310,0.9972706,0.89331055,0.30125177,-19.610718,163557,2077410,17695,25617.146891593933,-1490.1533,-0.27965933,2.6360083,36.35343766818354
105020,399.29138,1169760,0.9973297,0.9008789,0.28656542,-19.343231,163645,2078290,17702,25628.057280302048,-1497.4021,-0.25655627,2.7389226,34.860375754045
105063,391.49033,1170190,0.9973197,0.89941406,0.28711885,-20.069374,163733,2079170,17709,25638.357152462006,-1466.1594,-0.27896118,2.8483143,43.188960532048604
105115,389.15045,1170710,0.9972503,0.89630127,0.29508406,-21.174475,163816,2080000,17717,25649.316136598587,-1469.7661,-0.25762677,3.427867,48.21001849303247
105160,374.1917,1171160,0.99719644,0.90057373,0.2963785,-22.437624,163898,2080820,17724,25659.332506418228,-1424.2135,-0.2539753,4.610861,48.6914638667815
105212,386.52362,1171680,0.9973018,0.89886475,0.28812164,-21.072088,164004,2081880,17732,25669.983993053436,-1447.6353,-0.2562452,3.4522717,50.752663548424486
105263,384.70297,1172190,0.9973519,0.9104004,0.26565573,-22.875637,164084,2082680,17740,25680.0727558136,-1426.4226,-0.22863293,3.057148,49.87241037714466
105313,391.31616,1172690,0.997318,0.90563965,0.27183455,-22.526028,164180,2083640,17748,25690.736003637314,-1451.1398,-0.23402363,3.7611141,45.21523093862944
105364,370.5428,1173200,0.99735856,0.90515137,0.26622546,-21.603071,164268,2084520,17756,25701.946907758713,-1410.8845,-0.22694543,2.981662,45.72975682103645
105409,378.03925,1173650,0.99729156,0.90441895,0.27190393,-22.673595,164352,2085360,17763,25712.393164634705,-1404.6294,-0.24931544,3.945509,42.88298819803253
105454,376.82098,1174100,0.9972973,0.9086914,0.26450258,-22.153446,164442,2086260,17770,25724.598730802536,-1377.7759,-0.21428081,3.7270603,28.529211158847183
105492,379.83765,1174480,0.99731827,0.90734863,0.26123163,-21.474339,164517,2087010,17776,25736.07096529007,-1408.667,-0.23177555,3.3166323,20.66031910127476
105527,369.28625,1174830,0.99558973,0.7202759,2.375474,-21.824848,164593,2087770,17781,25747.708378314972,-1374.5024,-1.8290641,55.61664,19.455113942698052
105564,368.05157,1175200,0.9973886,0.9108887,0.24593285,-21.21468,164663,2088470,17787,25758.460737228394,-1325.1654,-0.2456213,2.147318,46.771617559760536
105609,377.87708,1175650,0.9974086,0.9121094,0.2433337,-21.139454,164749,2089330,17794,25769.79705619812,-1375.574,-0.23398793,1.5998304,45.80505765060988
105654,390.73105,1176100,0.9972751,0.9136963,0.25557852,-20.59021,164832,2090160,17801,25779.913050174713,-1397.0522,-0.2139607,3.8163016,46.52635888334155
105691,380.85886,1176470,0.9974766,0.92407227,0.22256404,-21.279842,164906,2090900,17807,25790.14677143097,-1348.5482,-0.19656064,2.0875826,34.840092378944725
105730,376.94604,1176860,0.9974127,0.9127197,0.2371864,-19.742512,164980,2091640,17813,25800.325087547302,-1360.0627,-0.21930416,2.3426247,39.38340772009431
105782,375.01617,1177380,0.9974632,0.9262085,0.21072766,-19.745163,165070,2092540,17821,25811.580981731415,-1342.617,-0.19510548,2.3663354,42.93741003569381
105832,379.40186,1177880,0.9974506,0.92388916,0.22297591,-18.965195,165169,2093530,17829,25823.15919804573,-1344.2407,-0.19571295,2.5044885,34.788925726641295
105872,383.7423,1178280,0.99738145,0.91430664,0.24750754,-20.474857,165240,2094240,17835,25834.3845307827,-1375.7961,-0.2269767,2.6889348,44.34382874574089
105916,388.8579,1178720,0.9973655,0.9157715,0.23421738,-18.39692,165324,2095080,17842,25845.902908802032,-1375.5984,-0.21031792,2.4753401,40.37784944751776
105954,379.3308,1179100,0.9973414,0.91796875,0.2474726,-17.832401,165407,2095910,17848,25856.379472255707,-1358.9767,-0.21333168,3.477162,28.259469356421906
105999,375.22617,1179550,0.9973686,0.9140625,0.24593166,-17.722198,165485,2096690,17855,25868.02136516571,-1322.2979,-0.22215182,3.3099823,31.333337068558183
106039,383.61603,1179950,0.99739766,0.9212036,0.22416271,-17.839369,165563,2097470,17861,25878.410066366196,-1332.6357,-0.21043319,2.3765693,42.977708178599066
106075,384.9389,1180310,0.99737906,0.9259033,0.23467742,-18.803665,165636,2098200,17867,25889.114396095276,-1341.8496,-0.20508456,3.9836028,43.713619162665815
106116,387.37503,1180720,0.99744964,0.9243164,0.2182421,-18.329437,165714,2098980,17873,25899.732194900513,-1330.6688,-0.18859872,2.2786517,39.21360748653087
106159,393.9386,1181150,0.9974203,0.9244995,0.2254377,-19.043562,165802,2099860,17880,25910.394884586334,-1354.581,-0.190309,2.8552268,41.21195916256201
106204,400.4696,1181600,0.99739456,0.92333984,0.22692758,-16.260994,165879,2100630,17887,25921.072590351105,-1347.6537,-0.19713607,2.8436737,41.170564419281845
106244,394.43823,1182000,0.9974406,0.9267578,0.21805567,-16.053951,165956,2101400,17893,25931.709939956665,-1354.0002,-0.18362851,2.8627872,47.39924902243133
106288,387.54233,1182440,0.997314,0.9194946,0.24111149,-16.96603,166031,2102150,17900,25941.84343934059,-1354.355,-0.20415156,3.8335228,45.51552511942008
106334,396.93585,1182900,0.997427,0.91796875,0.23592758,-17.827797,166124,2103080,17907,25953.36937212944,-1314.9797,-0.22425824,1.7703063,39.64988283116536
106377,399.7704,1183330,0.9974816,0.9350586,0.20063917,-19.228569,166207,2103910,17914,25964.26735663414,-1331.1448,-0.17921108,1.8984448,41.38361755118118
106429,375.3936,1183850,0.99748826,0.9298706,0.19968197,-18.144154,166299,2104830,17922,25974.859998226166,-1265.523,-0.18613768,1.818807,50.89794489716901
106473,381.77054,1184290,0.9974568,0.93499756,0.19959396,-19.66237,166377,2105610,17929,25985.406826734543,-1287.1155,-0.18364623,2.0443797,41.58662958860392
106518,401.0033,1184740,0.9974258,0.9265137,0.21852091,-18.468891,166464,2106480,17936,25995.457641601562,-1313.3942,-0.20206724,1.9520646,42.417633670980926
106570,398.69513,1185260,0.9974091,0.93066406,0.22274588,-18.784672,166555,2107390,17944,26006.83398461342,-1329.2976,-0.19054723,3.5013158,40.702411420643436
106621,390.41046,1185770,0.99744606,0.9269409,0.20850696,-16.787846,166653,2108370,17952,26017.430069446564,-1313.9569,-0.18439028,2.2356458,43.17938730043833
106672,388.06128,1186280,0.9974358,0.9304199,0.20931524,-18.371872,166748,2109320,17960,26027.720137119293,-1295.2583,-0.19948041,2.5718923,47.12038493182402
106723,392.96338,1186790,0.9974458,0.9273071,0.2181049,-16.79903,166832,2110160,17968,26038.636261701584,-1302.1515,-0.18272893,2.5260205,51.934197770026515
106781,405.75363,1187370,0.99741507,0.92852783,0.21786043,-17.385654,166935,2111190,17977,26049.760807275772,-1320.8782,-0.19783711,2.5711899,51.24549938194713
106825,413.92203,1187810,0.9974072,0.9338379,0.2129162,-18.234545,167023,2112070,17984,26059.837558031082,-1337.4155,-0.18829536,2.6779318,36.81544266916752
106870,407.41388,1188260,0.9974103,0.9324341,0.21123582,-17.215046,167111,2112950,17991,26071.249325037003,-1319.2131,-0.19420281,2.9854429,31.211439923530445
106908,407.87274,1188640,0.99745417,0.93341064,0.20485489,-16.232273,167182,2113660,17997,26081.417888641357,-1305.5438,-0.18527329,2.5579996,43.728480699537215
106960,408.51205,1189160,0.9974904,0.9312134,0.21002299,-16.612331,167270,2114540,18005,26092.359803915024,-1295.5103,-0.18687314,1.8997474,48.09481812741652
107013,403.27075,1189690,0.9974818,0.9312744,0.20901956,-15.437542,167361,2115450,18013,26103.422768831253,-1290.5172,-0.19201443,1.6679353,46.280794214216606
107061,415.16733,1190170,0.9974892,0.9402466,0.19669284,-15.264355,167455,2116390,18021,26114.356268644333,-1313.3805,-0.18757772,1.9564044,45.174430543305604
107113,405.34793,1190690,0.9974718,0.9370117,0.19650227,-15.393499,167546,2117300,18029,26124.37386059761,-1293.1841,-0.1712546,2.3561313,51.98680050531313
107165,415.33295,1191210,0.9974797,0.93518066,0.20558855,-15.3941345,167638,2118220,18037,26134.90464234352,-1323.9521,-0.17033562,2.7979076,52.08553395076161
107216,408.1501,1191720,0.9975128,0.9383545,0.19674823,-14.556206,167731,2119150,18045,26146.178064584732,-1303.9646,-0.16000181,2.1338055,44.06125741178572
107268,436.58914,1192240,0.99741745,0.9268799,0.2243828,-13.997858,167824,2120080,18053,26156.972586154938,-1363.1294,-0.19733289,2.7036676,48.71702865377094
107313,418.8391,1192690,0.99750113,0.9389038,0.19432473,-15.089816,167907,2120910,18060,26167.16576051712,-1332.9199,-0.1800946,1.8506486,37.837030484245794
107356,397.43936,1193120,0.99751544,0.9352417,0.19095609,-14.5888,167989,2121730,18067,26178.29112958908,-1254.31,-0.16214797,2.2964475,35.44304570294649
107396,422.70282,1193520,0.9974184,0.92926025,0.21706566,-13.925564,168063,2122470,18073,26188.65842938423,-1317.7333,-0.18906245,2.9446993,38.59292672438643
107432,424.9535,1193880,0.9974506,0.9290161,0.21937248,-14.836476,168138,2123220,18079,26199.396435022354,-1317.814,-0.19600588,2.5046108,35.4386098599
107472,432.05078,1194280,0.99749327,0.9313965,0.20321423,-13.471515,168208,2123920,18085,26209.851717948914,-1316.9434,-0.17520115,2.3388605,36.99373491040333
107512,439.49402,1194680,0.99744534,0.93463135,0.20619884,-15.316964,168284,2124680,18091,26220.303843021393,-1319.3622,-0.17437172,2.520667,37.26888167859974
107548,438.50604,1195040,0.99746466,0.9326172,0.21243428,-14.171672,168348,2125320,18097,26230.896334171295,-1334.032,-0.1931731,2.9246352,35.39409774574388
107592,418.78046,1195480,0.99744153,0.93115234,0.20985717,-13.904212,168431,2126150,18104,26240.957891702652,-1277.4598,-0.20406264,1.7317325,50.59298606954222
107645,424.25583,1196010,0.9974446,0.9298096,0.2081752,-14.659598,168530,2127140,18112,26251.01016020775,-1303.0598,-0.19789775,1.4859192,42.805633714775134
107696,449.0382,1196520,0.9974115,0.930603,0.20224124,-11.7616825,168616,2128000,18120,26261.645928144455,-1349.0446,-0.18304788,1.5616724,52.25777825538141
107748,435.97437,1197040,0.9975281,0.9404297,0.18769737,-12.026763,168712,2128960,18128,26272.23240995407,-1322.6509,-0.17680433,1.9928674,53.31635062429888
107804,435.0183,1197600,0.9974642,0.9367676,0.211346,-12.573068,168815,2129990,18137,26283.33791923523,-1312.6472,-0.18416935,2.8239222,51.780551988021834
107863,448.9707,1198190,0.99746203,0.93670654,0.20830435,-13.365511,168916,2131000,18146,26294.344807863235,-1334.7849,-0.18671146,2.584572,52.28307115070474
107920,441.3511,1198760,0.9974146,0.93859863,0.2201626,-10.349226,169019,2132030,18155,26305.304933309555,-1295.6125,-0.18826258,4.183081,53.15370440701647
107972,444.69284,1199280,0.99751663,0.93774414,0.20049207,-13.177784,169112,2132960,18163,26315.536828279495,-1321.4839,-0.17464402,2.0066822,53.4694598047029
108022,439.03098,1199780,0.9974756,0.9385376,0.20734298,-12.075544,169205,2133890,18171,26325.54430103302,-1291.541,-0.15914468,3.5163772,51.70113679326957
108080,444.13992,1200360,0.99746966,0.9319458,0.21690801,-11.966751,169307,2134910,18180,26336.626984596252,-1311.9246,-0.1713081,3.396809,51.209923798099304
108136,466.03384,1200920,0.9975078,0.93273926,0.20233864,-13.423943,169412,2135960,18189,26347.7464761734,-1373.3713,-0.17521359,2.1627104,51.828350340402025
108196,439.582,1201520,0.997447,0.93621826,0.20482391,-11.477837,169514,2136980,18198,26358.82156276703,-1283.246,-0.1741898,2.9328282,54.50731731089434
108252,454.74176,1202080,0.9973972,0.93847656,0.21378249,-12.249283,169617,2138010,18207,26369.83913207054,-1334.3174,-0.17374367,3.8401027,51.25889579549256
108311,458.1135,1202670,0.99744916,0.93395996,0.20244074,-12.721411,169730,2139140,18216,26381.14363837242,-1332.4824,-0.15368116,2.7602785,42.307639302829415
108368,453.90686,1203240,0.9973078,0.92718506,0.23194921,-11.918659,169833,2140170,18225,26392.19704890251,-1314.1208,-0.20234567,3.9204402,52.26707830965205
108424,459.2575,1203800,0.99738145,0.92614746,0.23357701,-9.219329,169931,2141150,18234,26403.297295093536,-1336.0875,-0.20039661,4.401145,48.60278321006503
108484,470.008,1204400,0.99751186,0.94421387,0.190604,-12.434712,170031,2142150,18243,26414.257690429688,-1357.324,-0.16428375,3.102617,54.7279623152742
108541,488.7696,1204970,0.997442,0.9351196,0.20733064,-11.3925,170135,2143190,18252,26425.26863694191,-1389.3302,-0.17611046,2.87856,51.96094849112483
108598,474.14325,1205540,0.99742055,0.9315796,0.22136067,-11.292373,170245,2144290,18261,26436.275892019272,-1329.2845,-0.17637211,3.870243,53.235220005548896
108656,477.44128,1206120,0.9974885,0.9373169,0.20193407,-10.674259,170339,2145230,18270,26447.450986862183,-1374.8351,-0.16534543,2.9417486,52.604129976180374
108713,467.3637,1206690,0.99753165,0.94714355,0.18475312,-11.144677,170444,2146280,18279,26458.454112529755,-1350.8829,-0.15405324,2.656054,52.0060880158462
108773,476.79007,1207290,0.99748826,0.939209,0.19467214,-11.114588,170543,2147270,18288,26469.443920850754,-1339.8899,-0.18407497,1.8649001,54.65651188876629
108828,467.391,1207840,0.9975169,0.9373169,0.19089481,-10.968399,170646,2148300,18297,26480.64489889145,-1333.9504,-0.16867891,1.7558904,52.06848001651074
108886,470.12885,1208420,0.9974551,0.9373779,0.19784059,-9.796553,170749,2149330,18306,26491.76498889923,-1350.3528,-0.17518762,2.8167377,51.7796330767198
108936,480.7219,1208920,0.9974575,0.93969727,0.19772527,-9.936682,170841,2150250,18314,26501.80290389061,-1374.5034,-0.19031201,2.4540634,46.90011873737236
108995,490.39557,1209510,0.99728394,0.9338379,0.23854914,-9.716097,170944,2151280,18323,26512.925308465958,-1363.1001,-0.18481597,5.772793,51.36448178954404
109052,485.74963,1210080,0.9974389,0.9379883,0.19851917,-11.261738,171047,2152310,18332,26523.951677560806,-1351.5002,-0.1810253,2.4961252,52.46968946503232
109111,486.00378,1210670,0.9974332,0.9362793,0.20379943,-10.0798855,171152,2153360,18341,26535.05042052269,-1351.9084,-0.17395864,2.8836226,52.706124805126976
109168,496.7351,1211240,0.9974556,0.9356079,0.20960653,-11.75926,171257,2154410,18350,26546.203679561615,-1385.3916,-0.17884602,2.990409,52.27449834112706
109225,504.35803,1211810,0.99750304,0.94073486,0.194998,-11.178857,171355,2155390,18359,26557.330335855484,-1398.9741,-0.17708433,2.4883046,51.66304668941157
109277,462.9378,1212330,0.9956081,0.73065186,2.779331,-11.811583,171445,2156290,18367,26567.357973098755,-1282.3943,-2.0623693,70.22357,52.020167361113934
109328,476.34964,1212840,0.99747443,0.94018555,0.19808437,-11.045364,171537,2157210,18375,26577.432070732117,-1338.6511,-0.18580052,1.9347686,51.26769681263616
109386,495.5426,1213420,0.9974854,0.93933105,0.20310864,-12.638023,171645,2158290,18384,26588.543984889984,-1377.4426,-0.1916018,2.4019878,51.69257456448885
109443,506.0853,1213990,0.99744105,0.9380493,0.2045308,-12.533377,171740,2159240,18393,26599.72597384453,-1407.3367,-0.17984201,2.8661337,51.97547639184488
109499,494.66266,1214550,0.99755454,0.942749,0.18358116,-11.40119,171842,2160260,18402,26610.983194589615,-1361.4318,-0.15566611,2.051587,42.49289810143254
109547,496.1752,1215030,0.9974985,0.9425659,0.19244656,-10.146022,171921,2161050,18409,26621.040861845016,-1388.4912,-0.15314636,3.059785,45.20200573403649
109603,508.69495,1215590,0.9974985,0.9376831,0.19953874,-11.536135,172026,2162100,18418,26631.70972943306,-1400.5778,-0.17319408,2.2913728,55.824592517664364
109660,514.5303,1216160,0.9975109,0.9371338,0.19457436,-12.016529,172129,2163130,18427,26642.334723711014,-1403.2261,-0.17344105,1.850882,54.478942631143674
109717,509.2436,1216730,0.99750376,0.9411011,0.18733972,-9.559456,172230,2164140,18436,26652.687303066254,-1389.4302,-0.15861411,1.7912867,56.917838798759675
109775,493.82553,1217310,0.99739885,0.93395996,0.21489963,-10.210211,172332,2165160,18445,26663.11966562271,-1350.1598,-0.18622372,3.3515801,52.7072735265953
109835,514.22107,1217910,0.9974227,0.9356079,0.21363947,-8.970943,172436,2166200,18454,26673.50252509117,-1405.3474,-0.17756796,2.904008,57.03393368280064
109891,515.9624,1218470,0.99752426,0.9420166,0.18842006,-7.995826,172542,2167260,18463,26684.116897583008,-1396.9993,-0.17311548,2.2226014,56.22824815585652
109949,521.1094,1219050,0.99750304,0.9378662,0.20572071,-10.879309,172644,2168280,18472,26694.50285744667,-1434.7327,-0.14913352,3.4458134,55.58519210595739
110007,511.54987,1219630,0.9974673,0.9356079,0.19801515,-8.571591,172747,2169310,18481,26704.83366894722,-1405.4116,-0.18337327,1.8284776,57.31363433820356
110064,513.646,1220200,0.99743986,0.93048096,0.21828192,-6.9765196,172849,2170330,18490,26715.19581079483,-1409.4056,-0.18126372,3.0424051,54.575992215612565
110121,521.5225,1220770,0.9974942,0.9412842,0.19335753,-8.715253,172950,2171340,18499,26725.408866405487,-1410.9998,-0.15863195,2.9640374,56.369821181753544
110179,528.60144,1221350,0.9974623,0.93408203,0.20233153,-9.094341,173053,2172370,18508,26735.790112495422,-1444.5042,-0.18157566,2.3518662,55.481507401276524
110237,518.6813,1221930,0.9974208,0.9378052,0.21031018,-9.592857,173156,2173400,18517,26746.204840898514,-1407.8512,-0.17006573,3.5853252,54.91748448949647
110295,532.114,1222510,0.99745965,0.93548584,0.20824769,-7.537756,173255,2174390,18526,26756.52098751068,-1428.1377,-0.16350356,3.1878183,57.90805570692212
110351,518.9286,1223070,0.99744916,0.9399414,0.2037554,-7.9967833,173360,2175440,18535,26766.89501452446,-1395.2229,-0.14296645,2.802716,54.79023784884872
110410,521.5392,1223660,0.9975152,0.93951416,0.19285315,-8.641579,173460,2176440,18544,26777.21899151802,-1385.0691,-0.16870466,2.0936337,56.93153995805353
110467,529.6138,1224230,0.99750066,0.9390869,0.18998966,-10.217808,173564,2177480,18553,26787.519780158997,-1414.315,-0.16473655,1.7359993,55.28313749266833
110524,533.9888,1224800,0.99741936,0.9420166,0.209156,-6.6998734,173669,2178530,18562,26797.818618535995,-1427.0183,-0.17915985,3.9587655,55.43835559007719
110580,543.617,1225360,0.99739456,0.9281006,0.22821923,-9.973553,173770,2179540,18571,26808.172419786453,-1441.3633,-0.18823364,2.7920911,58.80105416101606
110640,538.1955,1225960,0.99747753,0.93981934,0.19834167,-7.4305763,173872,2180560,18580,26818.48077273369,-1435.907,-0.17876077,2.7652206,55.185192586096235
110699,540.1334,1226550,0.99748325,0.93395996,0.20060459,-8.885918,173973,2181570,18589,26828.69410943985,-1424.2998,-0.1852077,2.1551552,57.7173928515141
110756,515.50024,1227120,0.9974253,0.9448242,0.19722584,-6.067787,174076,2182600,18598,26838.96557044983,-1393.6912,-0.16586037,3.8840659,55.25308519110329
110811,528.688,1227670,0.99745226,0.9343872,0.21200705,-10.152306,174180,2183640,18607,26849.139652967453,-1415.7368,-0.17272703,3.8997998,55.39420773633529
110870,561.7644,1228260,0.99730015,0.92755127,0.2313843,-8.342728,174282,2184660,18616,26859.513686180115,-1487.7144,-0.1887879,3.6423085,56.60809135727177
110927,545.59705,1228830,0.99744964,0.93933105,0.20606373,-6.925256,174385,2185690,18625,26870.048987150192,-1454.9141,-0.16521943,3.2016335,54.26517814275476
110986,543.56104,1229420,0.9974084,0.93078613,0.21818374,-9.492293,174485,2186690,18634,26880.357457876205,-1453.2454,-0.17814508,3.5238292,56.120826982942276
111044,523.90924,1230000,0.99747086,0.93914795,0.19486167,-9.745078,174585,2187690,18643,26890.716959953308,-1381.3977,-0.18011379,1.9459808,55.31097724307489
111100,545.9774,1230560,0.9975033,0.9429321,0.18748428,-8.324854,174686,2188700,18652,26901.006866931915,-1461.4677,-0.17260605,1.8439353,55.78358329764196
111158,536.50354,1231140,0.99750805,0.93829346,0.19629465,-9.405584,174788,2189720,18661,26911.33378958702,-1438.9233,-0.16534951,2.6558769,55.035380984589054
111214,560.3601,1231700,0.9974663,0.94000244,0.208637,-6.7009354,174888,2190720,18670,26921.553325891495,-1479.5244,-0.1702987,3.4282837,52.2468035660935
111274,556.922,1232300,0.99741244,0.9361572,0.20949854,-8.453608,174989,2191730,18679,26931.925201654434,-1465.8876,-0.18987486,2.8978276,58.09882551552109
111330,552.20984,1232860,0.9974785,0.93847656,0.19990724,-9.891387,175092,2192760,18688,26942.240077257156,-1465.2842,-0.1790477,2.721549,55.35495823356047
111388,567.4326,1233440,0.9973142,0.93414307,0.23244895,-9.9153185,175192,2193760,18697,26952.52330970764,-1495.1198,-0.16724244,5.2323914,57.238707190185245
111447,567.01575,1234030,0.9973626,0.9387207,0.23405705,-7.5698786,175293,2194770,18706,26962.823319911957,-1492.7959,-0.1695005,5.9746814,55.724050429001906
111504,552.0789,1234600,0.99739957,0.93634033,0.20761135,-8.5319,175394,2195780,18715,26973.01926779747,-1455.3007,-0.18395339,3.0657082,58.59979313774415
111561,545.4753,1235170,0.99745655,0.9336548,0.20638646,-9.863314,175507,2196910,18724,26983.626121282578,-1433.0475,-0.203574,2.0199356,50.94140064655152
111618,571.0532,1235740,0.99749804,0.93652344,0.1944224,-6.859101,175604,2197880,18733,26993.827831029892,-1492.5476,-0.18460727,1.6880391,55.38239047845798
111677,556.28827,1236330,0.997535,0.940979,0.19545275,-6.763135,175703,2198870,18742,27004.031742334366,-1463.7004,-0.17209086,2.395363,57.329510162256966
111734,559.12463,1236900,0.99732614,0.9395752,0.221885,-9.150514,175803,2199870,18751,27014.291753053665,-1468.7584,-0.18295017,5.0956078,56.05601854365485
111792,575.45465,1237480,0.9974868,0.9436035,0.1938504,-10.881855,175903,2200870,18760,27024.588703632355,-1512.3041,-0.15865488,2.778367,55.991418008124356
111850,579.4541,1238060,0.99745417,0.9355469,0.20434582,-8.441348,176003,2201870,18769,27034.913838148117,-1501.7516,-0.18107244,2.4643965,55.79701051501696
111907,577.0419,1238630,0.997494,0.93811035,0.20645353,-11.291805,176106,2202900,18778,27045.294952392578,-1503.0084,-0.17702729,3.2656326,55.458112755995046
111965,574.754,1239210,0.9974799,0.93634033,0.2003631,-9.366003,176208,2203920,18787,27055.625944375992,-1487.58,-0.18718663,2.682138,56.73854699599141
112021,567.6755,1239770,0.9974215,0.94036865,0.21319668,-8.395475,176309,2204930,18796,27065.945895671844,-1487.6963,-0.1629928,4.194394,54.423771369254226
112081,550.9103,1240370,0.9975021,0.94177246,0.1948868,-7.973674,176409,2205930,18805,27076.347269535065,-1462.9907,-0.16409773,2.9538174,55.79495774983964
112139,539.2398,1240950,0.99746084,0.94000244,0.19387239,-8.546681,176509,2206930,18814,27086.774668455124,-1393.3779,-0.17082936,2.1417222,55.19853755534033
112197,559.085,1241530,0.9975209,0.9417114,0.18950018,-8.326069,176609,2207930,18823,27097.210581302643,-1457.206,-0.17608815,1.6966445,56.96030365762467
112253,564.56354,1242090,0.9974842,0.9356079,0.20020702,-8.916705,176712,2208960,18832,27107.772766828537,-1469.7014,-0.18609443,1.7827185,54.97912257209322
112310,561.63794,1242660,0.9975302,0.942688,0.18741508,-9.124345,176814,2209980,18841,27118.32407951355,-1476.8167,-0.16542977,1.855241,54.676584281051035
112368,566.4448,1243240,0.99751306,0.93847656,0.20006081,-9.146615,176913,2210970,18850,27128.78106713295,-1480.946,-0.18609136,2.6636076,54.579254611734335
112425,569.8867,1243810,0.99748087,0.94018555,0.19929929,-9.678541,177015,2211990,18859,27139.278840780258,-1499.619,-0.17622326,2.7668476,55.17187674701569
112482,568.45026,1244380,0.99750376,0.9415283,0.19985765,-11.525055,177116,2213000,18868,27149.787897586823,-1502.9036,-0.1620313,2.9948034,54.9430789972616
112540,566.0963,1244960,0.9975245,0.93951416,0.19505602,-8.567188,177220,2214040,18877,27160.33420062065,-1473.7747,-0.17359027,2.438565,53.86603416549779
112597,578.0131,1245530,0.9973695,0.9359131,0.21243386,-8.790972,177322,2215060,18886,27170.877636909485,-1503.3262,-0.16450892,3.8653986,55.21190033634909
112656,582.3886,1246120,0.997545,0.94226074,0.19181778,-10.043087,177425,2216090,18895,27181.362967967987,-1511.7534,-0.15970819,2.425889,55.88752850480842
112712,607.03625,1246680,0.9974377,0.9326172,0.21306592,-9.233048,177523,2217070,18904,27191.796372652054,-1550.3057,-0.19616285,2.6574621,53.45193475822467
112769,564.9169,1247250,0.9974921,0.94036865,0.18781844,-10.385677,177622,2218060,18913,27202.183317899704,-1466.9963,-0.17960298,1.604403,57.84275786457403
112828,567.7352,1247840,0.9975419,0.94122314,0.19082387,-11.571386,177727,2219110,18922,27212.598846912384,-1477.7734,-0.17214406,1.8511755,54.60153588234313
112888,570.52014,1248440,0.99748015,0.93463135,0.20043094,-9.772116,177825,2220090,18931,27223.131185293198,-1476.9493,-0.17736672,1.983252,50.62401433881021
112945,613.73315,1249010,0.9974692,0.9312134,0.2117376,-9.995533,177926,2221100,18940,27233.531401395798,-1575.706,-0.19336188,1.9283516,55.26533657579698
113000,578.9636,1249560,0.9974711,0.94207764,0.20104623,-10.03319,178028,2222120,18949,27243.961880922318,-1514.0085,-0.16968387,2.9634128,54.6741231451392
113059,565.5841,1250150,0.99755955,0.947937,0.17839628,-14.480345,178128,2223120,18958,27254.31680417061,-1466.0964,-0.153213,2.3407578,57.70271549568985
113118,580.89526,1250740,0.99744487,0.9380493,0.20722339,-10.654076,178230,2224140,18967,27264.691081285477,-1501.725,-0.18758681,3.6560464,54.338897138961265
113174,583.5132,1251300,0.9975202,0.9425049,0.19233418,-11.600798,178328,2225120,18976,27275.00829434395,-1493.5455,-0.17484668,2.9562404,56.150198256812644
113232,604.51587,1251880,0.9974053,0.92840576,0.22607145,-13.125593,178432,2226160,18985,27285.679671049118,-1554.3359,-0.17202173,3.1609106,53.99515515823982
113289,574.9164,1252450,0.9973476,0.9365845,0.23731281,-10.101823,178533,2227170,18994,27296.01790523529,-1493.1881,-0.1648601,6.4391613,54.77179176409616
113346,593.3137,1253020,0.99744606,0.9361572,0.20684451,-9.943954,178634,2228180,19003,27306.413387537003,-1525.6311,-0.1791449,3.2550993,56.64475158838632
113404,589.37787,1253600,0.9974804,0.9413452,0.19865838,-12.624954,178734,2229180,19012,27316.800621271133,-1523.7988,-0.16709048,3.5903,55.67207918327984
113463,600.6962,1254190,0.99724555,0.90649414,0.30849975,-8.100105,178835,2230190,19021,27327.15735769272,-1529.2035,-0.21628597,8.365179,56.73720384671396
113519,604.1675,1254750,0.99745107,0.9367676,0.20594199,-10.138621,178935,2231190,19030,27337.50082540512,-1540.6265,-0.18764326,2.8944273,54.69706150120749
113577,613.7157,1255330,0.997494,0.9380493,0.20418891,-10.116678,179035,2232190,19039,27347.91241288185,-1590.7285,-0.18867187,2.9191997,57.34568879973425
113637,596.56433,1255930,0.99747133,0.9383545,0.2070958,-7.591547,179136,2233200,19048,27358.215916633606,-1535.3878,-0.1787705,2.9504616,56.1041476472811
113691,616.9851,1256470,0.99749684,0.935791,0.19584677,-11.865604,179237,2234210,19057,27368.544067382812,-1591.4204,-0.1852098,1.9822189,52.244535970594335
113750,608.4244,1257060,0.9974625,0.9317627,0.22062019,-13.39396,179342,2235260,19066,27378.854922294617,-1579.8896,-0.18317604,3.4068077,58.06606197106079
113809,619.6304,1257650,0.9974992,0.9378052,0.19415867,-8.473446,179441,2236250,19075,27389.135912179947,-1591.4993,-0.17559212,2.2234273,55.44932623714263
113865,574.039,1258210,0.99608135,0.83740234,1.1746378,-14.449916,179541,2237250,19084,27399.456163167953,-1445.0924,-0.50106394,56.471863,55.98681688784865
113925,583.4209,1258810,0.9975002,0.9390259,0.19351171,-10.654563,179644,2238280,19093,27409.86516213417,-1496.2283,-0.17492439,1.9783261,55.529010696404
113975,586.1886,1259310,0.99750996,0.93426514,0.20389572,-11.995184,179744,2239280,19101,27420.13285255432,-1516.1536,-0.1940836,1.696986,53.36279482329984
114027,599.92346,1259830,0.99740195,0.94207764,0.20482242,-13.336672,179826,2240100,19109,27431.09000492096,-1541.3279,-0.18391171,3.2362185,53.98818329825436
114083,589.2589,1260390,0.9975109,0.9371338,0.19555303,-12.84301,179926,2241100,19118,27442.230829000473,-1523.2911,-0.16146073,2.0200958,52.22817037987668
114139,593.2005,1260950,0.99742556,0.93725586,0.21261574,-13.289028,180029,2242130,19127,27453.457780122757,-1523.7937,-0.17304665,3.7033894,50.04475393686842
114191,597.88336,1261470,0.99753094,0.9389038,0.19540545,-9.144104,180118,2243020,19135,27463.484977722168,-1542.0796,-0.17147535,2.225149,48.774069431364744
114250,601.90137,1262060,0.997386,0.9338379,0.21898331,-12.098573,180219,2244030,19144,27474.64453268051,-1558.8232,-0.18942243,3.4889915,51.97115942912846
114302,616.80023,1262580,0.99745417,0.93536377,0.20114133,-13.906075,180317,2245010,19152,27484.881972312927,-1569.6583,-0.17162344,2.8102498,50.88098454969074
114350,616.7522,1263060,0.99744034,0.93774414,0.21100935,-13.579718,180404,2245880,19160,27495.332442998886,-1578.4884,-0.17100438,4.1219764,50.68341944033939
114411,611.8154,1263670,0.9975023,0.9398804,0.1890167,-11.143551,180499,2246830,19169,27506.34243130684,-1582.5188,-0.16426754,2.144017,53.18605726613015
114466,633.69556,1264220,0.997385,0.92803955,0.23146437,-13.268448,180601,2247850,19178,27517.664235830307,-1606.6953,-0.20444052,3.3674374,46.3329014218214
114518,623.8761,1264740,0.9974582,0.94226074,0.2003116,-14.710064,180697,2248810,19186,27527.911709070206,-1589.65,-0.16931683,3.3174706,49.45159201488068
114575,572.54553,1265310,0.99749637,0.94329834,0.18815675,-15.206347,180799,2249830,19195,27538.970145463943,-1476.424,-0.17389035,1.9713075,49.84384189556866
114634,598.2134,1265900,0.9975169,0.93933105,0.19061583,-16.768589,180892,2250760,19204,27550.117872476578,-1510.518,-0.17954458,1.6215354,53.308144921014474
114686,614.8357,1266420,0.9975729,0.94366455,0.18119034,-15.292771,180983,2251670,19212,27560.662766456604,-1584.5765,-0.16140227,2.0182493,44.36929151402275
114730,606.00305,1266860,0.99755144,0.9437256,0.18640463,-15.561752,181063,2252470,19219,27570.73831820488,-1564.4089,-0.15754126,2.352922,46.080191602359186
114782,621.91473,1267380,0.9975202,0.9394531,0.19117305,-14.914051,181159,2253430,19227,27581.905701637268,-1594.5566,-0.17189652,2.0042343,43.657930324706065
114830,618.59863,1267860,0.99745846,0.9351196,0.2079349,-16.113241,181247,2254310,19235,27592.736538887024,-1590.3193,-0.17757498,3.3635063,50.5193558240239
114882,600.9645,1268380,0.997421,0.9388428,0.20876145,-16.92518,181341,2255250,19243,27603.49970817566,-1522.5798,-0.15509501,4.208706,45.858989250357524
114934,613.9621,1268900,0.9975138,0.93743896,0.19865811,-16.47609,181430,2256140,19251,27614.488480567932,-1572.8223,-0.16475397,2.8206239,48.94214085561951
114986,643.7535,1269420,0.99745655,0.93621826,0.20753689,-17.188488,181515,2256990,19259,27625.1241440773,-1639.2411,-0.18953982,2.5158577,52.24919339769542
115039,636.6891,1269950,0.9975176,0.94281006,0.1901398,-16.817528,181605,2257890,19267,27635.89258956909,-1591.0526,-0.1603015,2.6799366,46.34739692044615
115086,626.89124,1270420,0.9974241,0.9370117,0.2097275,-15.321255,181697,2258810,19275,27645.99472761154,-1592.802,-0.18265435,3.8583028,49.75351833612403
115139,633.7765,1270950,0.9973643,0.93237305,0.21862087,-17.282354,181787,2259710,19283,27656.533779382706,-1613.7273,-0.1984261,3.2746487,46.10402951642162
115190,626.35815,1271460,0.9974563,0.9436035,0.19845004,-18.696892,181875,2260590,19291,27666.76981472969,-1599.9287,-0.16936943,4.3043756,46.02019958196411
115243,607.1046,1271990,0.9975054,0.9362793,0.19273913,-20.82845,181963,2261470,19299,27677.27450442314,-1540.8862,-0.17477383,1.9735132,49.59693145663429
115293,614.91406,1272490,0.9975412,0.93725586,0.1909821,-20.797577,182062,2262460,19307,27687.275550365448,-1576.665,-0.17697804,1.512806,52.78936580302688
115350,657.06775,1273060,0.9975016,0.93652344,0.19891772,-17.362473,182155,2263390,19316,27698.481798410416,-1656.8462,-0.18554385,1.9183375,51.4915827944919
115401,628.06665,1273570,0.9974723,0.93847656,0.19513454,-15.825702,182244,2264280,19324,27708.583646535873,-1608.0483,-0.17869458,2.5149255,51.8684485363494
115454,639.9528,1274100,0.9975357,0.9458618,0.18393771,-16.750862,182339,2265230,19332,27718.67794728279,-1637.7319,-0.16756769,2.0018044,48.80606497076477
115504,653.8519,1274600,0.99749446,0.94195557,0.19315559,-17.468117,182422,2266060,19340,27728.97691512108,-1665.4417,-0.16836333,2.6360042,47.601150788471685
115556,641.6613,1275120,0.99744487,0.93688965,0.20764592,-17.599285,182515,2266990,19348,27739.31322979927,-1635.1526,-0.16724533,3.2560573,53.393682237369205
115607,631.5762,1275630,0.99740505,0.9332886,0.21343116,-17.88279,182600,2267840,19356,27749.35681629181,-1606.2795,-0.17017229,2.9637246,50.47204229464785
115656,654.46783,1276120,0.99749947,0.9378662,0.20392132,-19.750088,182696,2268800,19364,27759.896826267242,-1670.5408,-0.16566405,2.7779617,50.27514816005837
115709,629.7445,1276650,0.99739337,0.94262695,0.21904688,-17.163692,182781,2269650,19372,27770.015256404877,-1603.1537,-0.14722577,5.727834,50.67546838411915
115759,643.7492,1277150,0.9974222,0.9343872,0.21914414,-18.905495,182875,2270590,19380,27780.04325413704,-1645.3158,-0.18736212,4.1059313,49.50823934035112
115811,648.06744,1277670,0.9974365,0.93341064,0.21735503,-19.572702,182961,2271450,19388,27790.055065393448,-1616.5233,-0.17122811,2.325016,51.762718950134634
115867,625.1106,1278230,0.99748826,0.94189453,0.19469342,-19.026838,183063,2272470,19397,27801.228045463562,-1604.4098,-0.17886478,2.2892616,51.915435433484014
115927,663.3692,1278830,0.9974673,0.93933105,0.19969587,-21.506605,183166,2273500,19406,27812.42910861969,-1676.9359,-0.17239037,3.0235064,53.829955902966475
115983,633.1863,1279390,0.9975145,0.9459839,0.18521522,-21.202318,183263,2274470,19415,27823.675976514816,-1616.7896,-0.15916279,3.032372,51.07744250741134
116036,628.22156,1279920,0.9975352,0.9411011,0.19587001,-21.022953,183350,2275340,19423,27833.82613825798,-1615.2817,-0.16658051,2.5443177,51.587569960244
116092,643.8261,1280480,0.9974115,0.9387207,0.20977047,-21.383865,183452,2276360,19432,27845.051948785782,-1638.4546,-0.18124798,3.5263898,50.91369978009856
116144,637.7215,1281000,0.99748015,0.93652344,0.20333144,-22.253914,183540,2277240,19440,27855.135063648224,-1639.5905,-0.17303911,2.2750947,50.57898238504929
116195,645.1604,1281510,0.99743533,0.939209,0.20895323,-20.618357,183635,2278190,19448,27865.203161478043,-1628.489,-0.15280536,3.9737556,51.38328070305401
116247,647.2401,1282030,0.99753594,0.9373779,0.19018672,-20.438337,183721,2279050,19456,27875.36143040657,-1660.9733,-0.17268528,1.9398506,50.12163833537478
116297,641.59924,1282530,0.99752975,0.94085693,0.19126758,-23.09075,183816,2280000,19464,27885.751428604126,-1638.9963,-0.16437624,1.756224,41.34013291776895
116348,659.78955,1283040,0.99751234,0.93914795,0.19430968,-21.463928,183900,2280840,19472,27895.79200720787,-1678.398,-0.1698676,2.143923,50.633076196298354
116400,639.95703,1283560,0.99735403,0.9328613,0.24033396,-21.919083,183988,2281720,19480,27906.0943236351,-1617.6262,-0.18270758,5.8425627,51.25753528502509
116451,636.94025,1284070,0.9975431,0.9394531,0.1929937,-20.669804,184079,2282630,19488,27916.144187688828,-1613.4926,-0.1800252,2.3278341,50.90709544350646
116502,654.9929,1284580,0.99742055,0.92767334,0.2199435,-22.030712,184166,2283500,19496,27926.198440551758,-1657.9672,-0.1929659,3.2506032,51.944538919587934
116553,637.35406,1285090,0.997509,0.9316406,0.20595074,-21.856625,184256,2284400,19504,27936.338027715683,-1618.1587,-0.18274778,1.9862406,48.881884624853775
116604,660.2376,1285600,0.9974487,0.93774414,0.20511106,-22.027428,184351,2285350,19512,27946.488433361053,-1686.3344,-0.1719622,3.2968547,50.53605687454688
116656,676.933,1286120,0.9974692,0.932251,0.2157686,-20.01981,184434,2286180,19520,27956.73169350624,-1733.0936,-0.18053314,3.002403,48.523694565973656
116707,661.19604,1286630,0.9974849,0.9359741,0.20358668,-20.440159,184522,2287060,19528,27966.782932519913,-1676.0371,-0.15856372,3.3097878,51.76801965073545
116758,676.7206,1287140,0.9974234,0.9312744,0.22165784,-21.554493,184619,2288030,19536,27976.87313914299,-1704.3308,-0.18325667,3.402413,52.05476819005005
116811,675.0183,1287670,0.99741125,0.93310547,0.21430759,-21.727243,184697,2288810,19544,27986.916063308716,-1693.8655,-0.18968685,2.8321774,51.99058637596586
116860,641.7007,1288160,0.9974332,0.9302368,0.21082202,-23.881624,184788,2289720,19552,27997.261633872986,-1631.8774,-0.19138287,2.159051,50.86694630948789
116911,673.2046,1288670,0.9974704,0.9324951,0.20226473,-23.469856,184878,2290620,19560,28007.320405483246,-1670.362,-0.20347613,1.7439415,51.41173135823958
116963,646.1112,1289190,0.99750614,0.93933105,0.18634728,-21.828735,184972,2291560,19568,28017.48072052002,-1645.5128,-0.17631009,1.667203,51.398727341066504
117013,681.59094,1289690,0.9975269,0.9379883,0.20221615,-22.587276,185059,2292430,19576,28027.612568616867,-1707.3752,-0.15490562,2.4276838,53.84793498179061
117072,663.5106,1290280,0.9975474,0.94299316,0.18651508,-22.941303,185160,2293440,19585,28038.83327484131,-1661.4302,-0.16361667,1.8047459,50.8915279641774
117123,674.2905,1290790,0.9973681,0.94317627,0.22334728,-22.703331,185250,2294340,19593,28049.07367873192,-1694.595,-0.15294597,5.577877,50.906149348472184
117180,654.24774,1291360,0.9975002,0.9437256,0.20005211,-22.185402,185349,2295330,19602,28060.199898958206,-1666.8739,-0.16479409,3.5272686,51.23442743069426
117231,670.17993,1291870,0.9975388,0.9390869,0.18307197,-21.926277,185439,2296230,19610,28070.226328849792,-1683.4368,-0.15996397,2.2815332,49.79598327120479
117283,702.7781,1292390,0.9974537,0.935791,0.20726399,-23.577572,185529,2297130,19618,28080.28088235855,-1742.936,-0.16977,2.6102195,50.733239641693736
117333,678.52075,1292890,0.99739194,0.9336548,0.223867,-22.199547,185624,2298080,19626,28090.43656873703,-1711.9951,-0.17731911,3.8001816,52.84358082543212
117391,677.54517,1293470,0.99747276,0.942749,0.19404629,-24.226318,185719,2299030,19635,28101.67019057274,-1682.6805,-0.1718897,3.3846738,51.309618957890955
117450,648.17566,1294060,0.9975457,0.9411621,0.19540527,-23.804745,185817,2300010,19644,28112.782690286636,-1610.269,-0.15950435,2.3360906,54.59913702451226
117507,659.7526,1294630,0.9975114,0.9407959,0.18964022,-22.80088,185919,2301030,19653,28123.92405819893,-1655.0563,-0.17948881,1.8388097,51.83776844323394
117559,672.9436,1295150,0.9975314,0.94195557,0.18271825,-23.489971,186008,2301920,19661,28133.972568035126,-1685.3021,-0.16388527,2.0426798,50.31976310095259
117610,678.0952,1295660,0.9974954,0.9399414,0.19553715,-23.52647,186097,2302810,19669,28144.71055674553,-1692.3911,-0.18473063,2.777176,47.46378243806786
117659,672.6294,1296150,0.9975414,0.94506836,0.19075389,-23.906391,186187,2303710,19677,28154.761733531952,-1704.6528,-0.16117409,3.3029976,48.64799560123627
117711,680.646,1296670,0.99755096,0.94451904,0.18108213,-25.631382,186277,2304610,19685,28165.086435079575,-1718.2332,-0.16041002,2.0598683,50.797111456736474
117770,650.6911,1297260,0.99739933,0.9398804,0.22101796,-25.076015,186379,2305630,19694,28176.259396791458,-1648.6602,-0.18122244,4.8405876,52.87970274658406
117819,671.18243,1297750,0.99756,0.9463501,0.17645659,-25.274208,186465,2306490,19702,28186.43034029007,-1699.1023,-0.14909726,2.4135458,44.83162570336607
117872,679.87354,1298280,0.9974513,0.93414307,0.20598003,-26.172913,186551,2307350,19710,28196.65045785904,-1692.9181,-0.17251748,2.838285,49.56088028732652
117923,685.0637,1298790,0.99745965,0.9394531,0.20304608,-26.030006,186641,2308250,19718,28206.66672539711,-1701.98,-0.17590354,3.1834369,50.65198380860155
117975,688.72205,1299310,0.9974942,0.9371338,0.19682638,-25.190842,186728,2309120,19726,28216.67609524727,-1729.8936,-0.16846585,2.626409,52.30001122236493
118026,686.20734,1299820,0.9975116,0.93927,0.19962645,-26.214012,186817,2310010,19734,28226.939047574997,-1709.9254,-0.16631925,2.8268628,53.05546587871391
118077,701.0437,1300330,0.9974437,0.93548584,0.21132979,-25.793526,186904,2310880,19742,28237.06529545784,-1753.0316,-0.17306665,3.4625504,50.44647047260446
118127,688.35486,1300830,0.9972453,0.93463135,0.25013044,-26.665192,186995,2311790,19750,28247.12439084053,-1705.6223,-0.19283825,6.9803886,51.14535136064104
118180,675.43665,1301360,0.9975517,0.9406128,0.1840742,-26.796576,187086,2312700,19758,28257.402131319046,-1695.788,-0.15641776,1.7376413,46.80998371806674
118230,699.0789,1301860,0.9975276,0.94195557,0.1825274,-26.502226,187174,2313580,19766,28267.52500104904,-1716.4338,-0.16511631,1.602421,50.82429102946681
118282,689.5945,1302380,0.997499,0.9414673,0.20013742,-26.790806,187263,2314470,19774,28277.641204833984,-1725.4973,-0.16740562,2.810711,51.777475760964705
118332,695.8374,1302880,0.9974556,0.93914795,0.19487685,-27.405687,187350,2315340,19782,28287.719209432602,-1741.4432,-0.17402107,2.658003,51.65173396251357
118384,673.30536,1303400,0.9974842,0.93756104,0.202427,-26.956017,187437,2316210,19790,28297.860196590424,-1723.1332,-0.18565932,3.0769045,51.131760991733714
118434,688.1917,1303900,0.997422,0.9402466,0.21599703,-28.024233,187527,2317110,19798,28307.91553258896,-1712.5852,-0.18690777,4.5010734,50.81329451538773
118486,700.49817,1304420,0.99747896,0.9378052,0.20279238,-27.7589,187615,2317990,19806,28318.17852306366,-1756.8127,-0.15124397,3.070561,45.80496385827523
118538,693.7209,1304940,0.9974563,0.9412842,0.20502748,-27.284506,187710,2318940,19814,28328.22611427307,-1717.6578,-0.15010902,3.635506,50.9911193332823
118589,718.94763,1305450,0.997452,0.93688965,0.20258507,-28.05616,187791,2319750,19822,28338.280972242355,-1802.3578,-0.17590776,3.0506403,52.51064275961362
118640,696.82983,1305960,0.9974036,0.9371338,0.21087573,-27.408691,187880,2320640,19830,28348.41815829277,-1755.3105,-0.16619936,3.958311,51.4828726026659
118690,648.85,1306460,0.9974716,0.9331665,0.19940646,-27.65538,187969,2321530,19838,28358.4700217247,-1601.7596,-0.17962341,2.0410268,50.93903228622285
118743,671.85486,1306990,0.99755263,0.9385376,0.18649328,-28.06572,188063,2322470,19846,28368.5454185009,-1691.9258,-0.1591666,1.7604121,51.78548669998711
118793,693.5987,1307490,0.99755096,0.94226074,0.18731561,-27.712915,188147,2323310,19854,28378.8637676239,-1727.3784,-0.16722669,2.0790775,51.78478739210838
118846,675.7407,1308020,0.9975052,0.9373779,0.19714406,-27.760635,188234,2324180,19862,28389.005101680756,-1712.8767,-0.17197429,2.296331,51.14419175700344
118895,695.6406,1308510,0.9975214,0.93865967,0.19484276,-28.873981,188326,2325100,19870,28399.104706287384,-1735.6975,-0.17435113,2.1203434,50.44204356496966
118954,701.386,1309100,0.9974351,0.9337158,0.21057802,-27.457771,188424,2326080,19879,28410.29380130768,-1746.2136,-0.19016564,2.8582335,51.91359809639182
119012,682.1826,1309680,0.9975159,0.9397583,0.1920737,-28.21695,188531,2327150,19888,28421.519191503525,-1718.3289,-0.16208401,2.6290774,51.88636454132056
119067,717.56494,1310230,0.9974692,0.9343872,0.2081216,-28.173124,188623,2328070,19897,28432.701941251755,-1779.052,-0.18887204,2.6833725,50.72003987534797
119120,701.8405,1310760,0.9974978,0.9390259,0.20311806,-27.825655,188711,2328950,19905,28442.787276029587,-1769.5288,-0.18079871,3.0981848,50.842349871518806
119171,713.2433,1311270,0.9974537,0.9298706,0.21699634,-27.623663,188800,2329840,19913,28452.79799413681,-1768.3696,-0.19020838,2.760086,50.74421112247853
119223,686.0643,1311790,0.9974716,0.93322754,0.20648617,-28.684933,188889,2330730,19921,28463.033744573593,-1726.9761,-0.18026188,2.8508,53.39301316210575
119275,662.3684,1312310,0.99742913,0.93408203,0.20997271,-28.19162,188978,2331620,19929,28473.088429689407,-1645.6477,-0.18666884,2.4860134,51.930339737035816
119323,691.5929,1312790,0.9975269,0.94403076,0.18447663,-28.83665,189069,2332530,19937,28483.350464105606,-1732.8145,-0.17209125,1.9153341,50.03851300857458
119376,690.0747,1313320,0.99751425,0.94189453,0.1878567,-26.989536,189162,2333460,19945,28494.01646900177,-1723.2784,-0.17204073,2.0945864,50.47830640948445
119427,693.7478,1313830,0.9974911,0.9373169,0.19687063,-28.047886,189249,2334330,19953,28504.06927704811,-1747.8066,-0.1865593,2.3234346,51.986589076666604
119479,712.44336,1314350,0.9973979,0.9364624,0.2129797,-28.061485,189339,2335230,19961,28514.29641032219,-1750.1387,-0.18578231,3.7804742,53.86505055402037
119535,696.3877,1314910,0.9974675,0.93933105,0.19701968,-28.863,189439,2336230,19970,28525.5723862648,-1722.5813,-0.1754488,2.6482804,49.980906985231144
119587,701.6317,1315430,0.99743724,0.94195557,0.20266473,-27.147968,189533,2337170,19978,28536.02468729019,-1756.5714,-0.16667174,3.6190722,48.29236987788897
119639,702.2833,1315950,0.9974859,0.94073486,0.19893235,-28.085232,189615,2337990,19986,28546.070680379868,-1748.9486,-0.17094538,2.7607512,51.4420766669324
119690,682.68256,1316460,0.99756,0.94488525,0.18272461,-28.034702,189703,2338870,19994,28556.10627436638,-1706.0475,-0.1488153,2.383687,52.662159192923646
119741,719.9675,1316970,0.99754214,0.9436035,0.18368296,-27.440784,189792,2339760,20002,28566.29737854004,-1782.778,-0.16205683,3.0187893,50.72743933400873
119791,693.7498,1317470,0.9974408,0.9346924,0.21341324,-27.656666,189882,2340660,20010,28576.399248600006,-1757.2347,-0.19533515,2.9076822,51.62059489685129
119843,724.0247,1317990,0.9971893,0.90234375,0.32088256,-26.424795,189970,2341540,20018,28586.403884887695,-1787.0459,-0.24374734,7.525808,50.19936013620108
119894,717.224,1318500,0.99743104,0.9371948,0.21425514,-27.741169,190056,2342400,20026,28596.450850725174,-1781.5656,-0.1828993,3.683006,50.426834954330666
119951,697.27606,1319070,0.9974983,0.94104004,0.18549299,-26.747284,190155,2343390,20035,28607.682431697845,-1734.948,-0.16453837,2.5724611,51.024267350093716
120002,691.4572,1319580,0.99754786,0.94537354,0.17740066,-26.911585,190244,2344280,20043,28617.756677865982,-1716.1069,-0.14173803,1.8988138,49.23928673363597
120054,695.12256,1320100,0.9975474,0.940979,0.18406418,-27.72567,190333,2345170,20051,28627.936844587326,-1730.4468,-0.17883727,1.505349,51.03292006056982
120106,709.9499,1320620,0.9975586,0.9420166,0.18554369,-27.607573,190428,2346120,20059,28637.945729970932,-1745.9545,-0.16292536,1.9809641,50.08329744877588
120162,700.94714,1321180,0.99753404,0.94885254,0.18287721,-26.620441,190523,2347070,20068,28649.132157325745,-1761.599,-0.15957329,2.6725602,50.79835150465508
120214,713.06067,1321700,0.99741244,0.9359741,0.21283688,-26.237839,190612,2347960,20076,28659.22420167923,-1766.1125,-0.17746696,4.2133093,50.90130357631134
120270,726.5486,1322260,0.9974854,0.9342041,0.2023159,-27.398022,190709,2348930,20085,28670.358798265457,-1801.9365,-0.17959094,2.5237036,51.04366242766125
120322,723.749,1322780,0.9974258,0.93426514,0.21727845,-26.462101,190797,2349810,20093,28680.483462810516,-1815.1709,-0.192115,3.7296467,46.65157630739676
120375,714.6371,1323310,0.9975126,0.9376831,0.19746117,-27.792011,190884,2350680,20101,28690.52258825302,-1780.5469,-0.17131881,1.9065309,50.638950470932855
120426,704.4718,1323820,0.9974811,0.93981934,0.19514659,-27.196114,190975,2351590,20109,28700.515417099,-1766.8557,-0.17043851,2.824407,52.955939139488905
120483,704.84906,1324390,0.99747086,0.9388428,0.20392011,-27.195501,191076,2352600,20118,28711.796039819717,-1760.1304,-0.1732786,3.1418734,50.06921957358373
120534,711.1372,1324900,0.9974787,0.9366455,0.20415078,-27.217583,191169,2353530,20126,28721.820108413696,-1786.3962,-0.16881719,2.8312104,50.902095053743544
120590,729.90063,1325460,0.9974239,0.9381714,0.21442401,-25.821299,191263,2354470,20135,28732.99488925934,-1820.3872,-0.18355557,4.395322,50.06305657254725
120643,734.3446,1325990,0.9974606,0.9348755,0.20867786,-25.14463,191348,2355320,20143,28743.052956342697,-1812.2314,-0.18052076,2.763904,51.35913565802854
120701,726.3352,1326570,0.997463,0.92993164,0.20965776,-27.369732,191445,2356290,20152,28754.34867310524,-1777.5071,-0.18867552,1.8946421,49.72515955240671
120752,716.99805,1327080,0.9975383,0.93237305,0.20128123,-26.671959,191535,2357190,20160,28764.86069750786,-1788.4302,-0.18214782,1.6737227,50.56159581757887
120802,722.9434,1327580,0.99755144,0.9423828,0.18168214,-26.50349,191623,2358070,20168,28774.924023866653,-1788.4846,-0.17449993,1.7594242,49.56098094148256
120854,715.1274,1328100,0.99751854,0.93743896,0.19295512,-27.616302,191712,2358960,20176,28784.952026844025,-1793.4332,-0.16772056,2.466846,50.313830614733554
120906,719.8296,1328620,0.9973943,0.9362793,0.21190563,-27.972063,191803,2359870,20184,28795.257207393646,-1790.3816,-0.16952856,3.545411,48.80976560951599
120957,733.0323,1329130,0.99748135,0.9402466,0.1979607,-26.374859,191903,2360870,20192,28805.425083637238,-1837.5613,-0.18671604,2.6223874,51.86090285556637
121007,717.46185,1329630,0.99748015,0.9350586,0.20162737,-26.47644,191993,2361770,20200,28815.750558137894,-1785.6111,-0.17938387,2.3168278,49.32243091453831
121058,715.1588,1330140,0.9973576,0.94000244,0.22744805,-27.92398,192073,2362570,20208,28825.803972244263,-1801.189,-0.16491894,5.8698034,49.62956644020159
121111,723.0052,1330670,0.99739766,0.9298706,0.22556382,-27.946873,192162,2363460,20216,28836.478467702866,-1806.2622,-0.18594675,3.8282979,48.896104220192846
121162,724.3412,1331180,0.9973166,0.93395996,0.2330814,-27.651108,192255,2364390,20224,28846.537442922592,-1799.9834,-0.17123215,5.1305165,51.45772637115098
121212,756.3823,1331680,0.99747944,0.9337158,0.20599899,-26.628307,192338,2365220,20232,28856.589938163757,-1843.167,-0.1698588,2.8185592,51.570800872899184
121265,700.84485,1332210,0.9974172,0.9312744,0.2179094,-26.831652,192423,2366070,20240,28866.800746679306,-1698.7883,-0.1918978,2.7402563,50.43030227883297
121316,715.3348,1332720,0.99746776,0.93170166,0.20440903,-27.700182,192511,2366950,20248,28877.065311670303,-1779.5989,-0.19226304,1.9858127,48.61855791844427
121367,735.9801,1333230,0.99748874,0.93084717,0.20492795,-27.374664,192601,2367850,20256,28887.40641975403,-1800.8318,-0.17703833,1.5822883,46.81113469572247
121418,723.69574,1333740,0.9974861,0.94158936,0.20187274,-27.620079,192689,2368730,20264,28897.701932907104,-1797.9622,-0.17453094,2.5682306,51.48789887301662
121469,742.7382,1334250,0.99750686,0.94421387,0.18391919,-27.118984,192777,2369610,20272,28907.788542032242,-1859.4199,-0.16064703,2.8618803,52.48869041590033
121521,725.1525,1334770,0.9975183,0.94177246,0.19125506,-26.695845,192876,2370600,20280,28917.79097056389,-1798.2212,-0.17001903,2.876676,53.66620431328127
121569,700.08044,1335250,0.9975102,0.9423218,0.19396645,-27.76012,192956,2371400,20288,28927.860476255417,-1763.6133,-0.16202939,2.9440103,45.852847856124434
121621,726.53107,1335770,0.99744725,0.93255615,0.21905988,-27.888103,193043,2372270,20296,28937.870236873627,-1815.6001,-0.1765719,3.6388006,50.24742389615806
121680,719.26215,1336360,0.9974499,0.93859863,0.21325897,-26.961182,193139,2373230,20305,28949.06487417221,-1803.5652,-0.1902585,4.2625613,52.140003445758154
121731,723.5329,1336870,0.9974246,0.9368286,0.2109665,-26.09888,193228,2374120,20313,28959.307413101196,-1803.6466,-0.16890964,4.1865416,51.197031422128234
121782,724.75507,1337380,0.99742436,0.9326782,0.21567667,-27.193829,193317,2375010,20321,28969.415416002274,-1813.521,-0.19157214,3.4552193,50.549646509926966
121833,743.28174,1337890,0.99735856,0.92840576,0.2526551,-27.452066,193405,2375890,20329,28979.519483804703,-1853.7025,-0.15210673,6.641838,50.6316723031916
121885,734.3469,1338410,0.99749804,0.9397583,0.19940177,-27.521797,193493,2376770,20337,28989.701921224594,-1827.7566,-0.18249393,2.3619165,51.86805767028021
121937,729.64667,1338930,0.9974835,0.93566895,0.20019823,-27.730663,193581,2377650,20345,28999.862119674683,-1842.764,-0.17652607,2.8898942,50.80549497491384
121987,699.56177,1339430,0.99750686,0.9352417,0.19434312,-26.52327,193669,2378530,20353,29009.95125603676,-1728.3525,-0.16444081,1.8725127,50.52765741502724
122040,719.75464,1339960,0.99754095,0.9411621,0.1866672,-26.717068,193764,2379480,20361,29020.125060081482,-1818.0989,-0.16944918,1.8872856,51.910034234052006
122089,711.8895,1340450,0.9975722,0.94525146,0.17410353,-26.430729,193849,2380330,20369,29030.210827350616,-1786.2231,-0.15341568,1.8157399,50.589000569522234
122141,731.86633,1340970,0.99747705,0.9371948,0.19651313,-26.317348,193931,2381150,20377,29040.318540096283,-1826.9285,-0.16755489,2.4460444,51.074925428851884
122191,740.3714,1341470,0.9975157,0.94036865,0.20013449,-26.848967,194021,2382050,20385,29050.552091121674,-1846.9799,-0.17576714,3.0484521,50.23815165987649
122243,692.71436,1341990,0.9975169,0.94207764,0.18926725,-26.760126,194107,2382910,20393,29060.719955682755,-1752.4265,-0.15929392,3.165741,50.57016852110084
122294,736.95386,1342500,0.9975531,0.94366455,0.17907062,-26.648342,194194,2383780,20401,29070.78827738762,-1846.6105,-0.15745495,2.1850247,50.47787926135268
122347,720.3395,1343030,0.99740815,0.9373169,0.2118108,-27.589378,194288,2384720,20409,29080.90319752693,-1790.1995,-0.17352766,3.4856505,50.69603525893017
122397,751.0553,1343530,0.9973769,0.9324341,0.22813416,-27.301783,194374,2385580,20417,29091.275883197784,-1848.7898,-0.18376076,4.661268,51.5270464947137
122448,736.29724,1344040,0.9974098,0.9324951,0.20775217,-27.500431,194460,2386440,20425,29101.399955511093,-1834.396,-0.18573105,3.0095482,50.634270044202935
122499,738.7194,1344550,0.99756765,0.93981934,0.18561013,-25.178364,194547,2387310,20433,29111.678491830826,-1853.1868,-0.16065167,2.0317202,50.749084595338964
122550,730.37463,1345060,0.9975233,0.9378662,0.19924098,-26.994736,194638,2388220,20441,29121.833872318268,-1849.3821,-0.17111018,2.0131617,49.848664291677935
122601,720.7395,1345570,0.99752784,0.9395752,0.18943615,-26.851448,194721,2389050,20449,29131.94079732895,-1806.7651,-0.1677781,1.8731217,50.623642003096236
122652,746.6279,1346080,0.9975188,0.9411621,0.19008848,-26.462582,194808,2389920,20457,29142.055724859238,-1874.3208,-0.16045499,2.4210896,50.93266297295518
122703,737.344,1346590,0.9975312,0.93969727,0.19453098,-27.050396,194897,2390810,20465,29152.261129140854,-1836.5433,-0.1720804,2.1077347,50.68903739427803
122755,733.7212,1347110,0.99745655,0.9388428,0.19672474,-27.415466,194981,2391650,20473,29162.357996225357,-1860.4263,-0.16699561,2.8301268,51.7804920580297
122807,743.1427,1347630,0.9974489,0.93743896,0.20197396,-26.416307,195069,2392530,20481,29172.597066640854,-1843.3397,-0.17370123,3.0135493,51.660024175391484
122857,744.4829,1348130,0.99748325,0.9376221,0.19384854,-27.545063,195158,2393420,20489,29182.705214738846,-1845.7351,-0.17691751,2.4410706,51.428988323866335
122907,725.41614,1348630,0.9974158,0.9249878,0.23180227,-26.147333,195247,2394310,20497,29193.679842233658,-1805.8375,-0.200814,3.2478752,50.26951801757515
122960,728.56134,1349160,0.9974997,0.93878174,0.1940491,-27.00856,195332,2395160,20505,29203.876188993454,-1803.6721,-0.18304846,1.785875,50.52984500078495
123012,751.89734,1349680,0.99749637,0.93896484,0.19560468,-26.82388,195420,2396040,20513,29213.9981443882,-1846.2319,-0.1790739,2.1717231,51.48708907355812
123067,776.4623,1350230,0.99744534,0.9316406,0.20958745,-26.613407,195522,2397060,20522,29225.23694252968,-1920.3315,-0.1726937,3.0176973,50.526858517883845
123120,716.4537,1350760,0.9974868,0.9454956,0.19235611,-27.956535,195614,2397980,20530,29235.420448064804,-1830.978,-0.14097208,3.6837611,49.82761365979845
123172,721.3158,1351280,0.997514,0.94329834,0.1994031,-28.277718,195700,2398840,20538,29245.443081378937,-1816.7891,-0.18235093,3.4748483,51.06808489347223
123223,749.2662,1351790,0.9975574,0.9404297,0.18499172,-27.133625,195788,2399720,20546,29255.489370584488,-1844.467,-0.16959678,2.0740943,52.96332616265683
123274,761.4916,1352300,0.99729943,0.93151855,0.23103595,-27.220772,195875,2400590,20554,29265.51913046837,-1875.3584,-0.17582849,5.028338,51.009800987338735
123323,765.4946,1352790,0.9974518,0.9329834,0.2121354,-27.600971,195965,2401490,20562,29276.10737156868,-1883.6793,-0.20669277,2.9654117,44.79175353239114
123376,732.54834,1353320,0.997401,0.93218994,0.23444165,-26.597473,196053,2402370,20570,29286.266969919205,-1823.5356,-0.18799543,5.555893,50.616797730012024
123427,762.71063,1353830,0.9974773,0.9317627,0.21126942,-27.103045,196143,2403270,20578,29296.47710418701,-1904.3044,-0.18621495,2.3813105,51.468194402902085
123484,750.1626,1354400,0.9975257,0.94000244,0.19403717,-26.9827,196240,2404240,20587,29307.728708028793,-1870.0261,-0.16198891,2.5494356,50.635072341623136
123543,735.9354,1354990,0.99752307,0.9342041,0.19982955,-27.163399,196338,2405220,20596,29318.918424129486,-1841.3606,-0.17859381,1.7357559,53.58794278825317
123595,741.0187,1355510,0.9974787,0.93621826,0.20431834,-27.05521,196426,2406100,20604,29328.929690122604,-1844.9827,-0.1928364,2.1195335,53.28353238244186
123643,744.8793,1355990,0.9975178,0.93652344,0.19737025,-27.471588,196516,2407000,20612,29338.99987721443,-1878.898,-0.17765447,2.3433878,50.09398024161741
123695,749.8639,1356510,0.9975538,0.94317627,0.17839429,-27.164547,196602,2407860,20620,29349.050852537155,-1885.3022,-0.15770516,2.0627074,49.707084694202926
123748,751.0941,1357040,0.9973736,0.91986084,0.24601285,-26.385048,196689,2408730,20628,29359.261429309845,-1858.2795,-0.21224609,5.0780106,51.01966088190775
123803,759.3173,1357590,0.9975145,0.93951416,0.19772892,-26.016428,196787,2409710,20637,29370.503874063492,-1901.794,-0.17008571,2.8297997,49.8416022515625
123855,775.33856,1358110,0.9975312,0.94073486,0.18681994,-26.243866,196875,2410590,20645,29380.507235765457,-1905.1321,-0.17218712,2.0723991,49.77781997495861
123907,745.79736,1358630,0.9975238,0.93981934,0.18978119,-26.048473,196964,2411480,20653,29390.62410759926,-1874.3574,-0.16454595,1.6619794,45.818739813120416
123963,761.57385,1359190,0.9974787,0.9371948,0.20959166,-26.554249,197070,2412540,20662,29401.85595035553,-1888.6968,-0.17187174,3.5901766,50.591803702589644
124015,761.26843,1359710,0.99741316,0.9293823,0.22305998,-27.08269,197154,2413380,20670,29412.094850301743,-1900.9861,-0.19742471,2.8129957,51.38332004574885
124067,718.46265,1360230,0.99746656,0.94415283,0.19260606,-26.795513,197241,2414250,20678,29422.254848480225,-1814.2748,-0.14703548,3.5838542,51.41862487520563
124123,777.54626,1360790,0.99738765,0.9301758,0.21921392,-26.619202,197346,2415300,20687,29433.44319009781,-1917.7578,-0.20571354,3.191324,50.346613530872055
124176,794.6583,1361320,0.9975431,0.9404907,0.18974525,-27.037971,197428,2416120,20695,29443.445209503174,-1951.462,-0.16450232,2.4781299,50.30165877980622
124234,760.1159,1361900,0.99738526,0.93273926,0.2176854,-26.284462,197535,2417190,20704,29454.660148859024,-1893.5432,-0.15060593,4.044105,51.58134470022688
124291,767.1505,1362470,0.997432,0.9335327,0.21816176,-27.43509,197625,2418090,20713,29465.885363817215,-1905.2639,-0.19238003,3.8663769,50.80763936943253
124343,768.9592,1362990,0.9975076,0.9387207,0.19492312,-26.50528,197719,2419030,20721,29476.043812036514,-1901.3926,-0.1393548,3.1854823,47.66912196515748
124395,751.6011,1363510,0.99751306,0.9343262,0.20610355,-26.070965,197798,2419820,20729,29486.036533117294,-1868.5082,-0.17346929,2.633024,53.113675954396335
124443,756.92456,1363990,0.9975767,0.9411011,0.18491274,-25.96744,197887,2420710,20737,29496.052877664566,-1875.7592,-0.16627657,1.6138208,49.86888037415298
124503,735.9822,1364590,0.9975562,0.9404297,0.19369557,-26.805904,197985,2421690,20746,29507.256864070892,-1848.0107,-0.16924974,2.3135858,53.24067875676032
124554,776.4762,1365100,0.99757123,0.9433594,0.18280272,-25.8757,198072,2422560,20754,29517.290589571,-1912.5608,-0.16545647,1.9976978,53.17668015321736
124612,760.18665,1365680,0.99750805,0.9390869,0.19966778,-25.85226,198172,2423560,20763,29528.54684662819,-1890.1088,-0.15488079,3.3019426,51.33777207433431
124663,764.9792,1366190,0.99751854,0.9383545,0.19597079,-26.198605,198269,2424530,20771,29538.756185770035,-1913.0463,-0.16985816,2.6340952,53.89684694895595
124715,744.11945,1366710,0.99753714,0.9378052,0.19365874,-26.087627,198356,2425400,20779,29548.788996696472,-1854.7551,-0.15868515,2.5805676,53.23795452048339
124763,793.4016,1367190,0.997488,0.9324951,0.21117517,-25.749664,198445,2426290,20787,29559.15168261528,-1965.6907,-0.18449591,2.5678327,41.82322300098078
124815,773.78375,1367710,0.9975002,0.93481445,0.20562497,-25.996681,198526,2427100,20795,29570.15699005127,-1910.4617,-0.17394519,2.5680695,50.26337149274854
124867,716.6172,1368230,0.9974613,0.9312744,0.20517449,-25.667904,198614,2427980,20803,29580.236901283264,-1778.5789,-0.19444771,2.1435876,50.03647967909305
124920,768.8403,1368760,0.99754167,0.9345093,0.20158947,-25.135632,198701,2428850,20811,29590.247847795486,-1905.0354,-0.18113488,1.9118496,51.89809133437618
124970,719.51025,1369260,0.997586,0.9421387,0.17997746,-26.292662,198790,2429740,20819,29600.598959684372,-1796.1211,-0.16576263,1.6034445,50.82103872131163
125020,760.4185,1369760,0.9975107,0.9376221,0.19494393,-25.031624,198879,2430630,20827,29610.67999148369,-1895.9905,-0.17954946,1.8738859,48.7061914920216
125072,763.1156,1370280,0.9975314,0.9423828,0.19583865,-25.743465,198967,2431510,20835,29620.759045124054,-1904.9966,-0.16934517,2.3627687,49.44315754904108
125129,760.49274,1370850,0.9974818,0.9382324,0.19628087,-24.633114,199069,2432530,20844,29631.978805303574,-1895.5674,-0.1721207,2.539099,51.31803516121083
125180,758.9144,1371360,0.99744654,0.9354248,0.21189915,-25.316372,199152,2433360,20852,29642.11775612831,-1905.4519,-0.18463972,3.7186239,50.408407402371964
125231,773.554,1371870,0.99751306,0.93499756,0.20288914,-25.53931,199240,2434240,20860,29652.223482608795,-1916.3733,-0.17939101,2.3588943,50.749871346028705
125283,756.9878,1372390,0.99752235,0.94055176,0.19024463,-25.943478,199326,2435100,20868,29662.653624534607,-1861.0239,-0.16508996,2.4759042,49.920313972921996
125334,767.6449,1372900,0.9974663,0.93170166,0.20947373,-25.096287,199413,2435970,20876,29672.766053199768,-1914.773,-0.18521377,3.3200393,50.910725685468655
125386,759.84766,1373420,0.9974396,0.9307251,0.22320524,-25.681847,199507,2436910,20884,29682.866253376007,-1908.7651,-0.18334478,3.874653,51.84106208383199
125438,759.3876,1373940,0.99747205,0.9384155,0.20250109,-26.667984,199590,2437740,20892,29693.126610279083,-1895.3239,-0.16648419,3.4717865,52.54258754114379
125489,753.96204,1374450,0.9974525,0.93499756,0.20810875,-25.942728,199675,2438590,20900,29703.28488588333,-1901.19,-0.17195785,3.1419506,51.2115162616105
125540,759.6221,1374960,0.99707675,0.91015625,0.34477562,-24.50761,199761,2439450,20908,29713.710705280304,-1868.886,-0.2797248,12.238608,50.35191149738323
125589,769.3193,1375450,0.9975529,0.93896484,0.18542272,-26.726871,199850,2440340,20916,29724.01875114441,-1919.595,-0.1640164,1.6687198,50.29806775251673
125642,772.0761,1375980,0.9975021,0.9373779,0.19200093,-26.489458,199937,2441210,20924,29734.19487452507,-1914.7742,-0.17136614,2.1787972,49.388194579239276
125693,766.57874,1376490,0.99753475,0.94085693,0.1906564,-25.64315,200023,2442070,20932,29744.217819452286,-1943.3649,-0.15641503,2.2539868,53.10429282793059
125744,759.4795,1377000,0.9974816,0.9387207,0.19501625,-25.74623,200111,2442950,20940,29754.307443618774,-1891.6841,-0.18239424,2.5144284,52.867684386162
125795,786.32074,1377510,0.9975076,0.9367676,0.19469607,-25.9943,200197,2443810,20948,29764.41808605194,-1939.7959,-0.15870899,2.3914495,50.94772379732089
125846,774.14026,1378020,0.9975569,0.9423218,0.18522267,-25.957325,200286,2444700,20956,29774.665579319,-1918.7556,-0.16137093,2.4343724,48.71907994808582
125897,781.9713,1378530,0.997463,0.9378052,0.19885196,-25.895073,200374,2445580,20964,29785.035704374313,-1946.1613,-0.15786013,3.2444258,47.369597464543666
125949,751.4083,1379050,0.9975562,0.94140625,0.18631175,-26.072533,200461,2446450,20972,29795.197464227676,-1901.3085,-0.15537572,2.395461,50.985376119431336
126000,791.54376,1379560,0.9974196,0.9316406,0.21340233,-25.998413,200552,2447360,20980,29805.49959731102,-1954.2598,-0.1821076,3.282305,51.05657477697082
126050,779.16016,1380060,0.9974978,0.93548584,0.20369615,-26.392735,200637,2448210,20988,29815.788347005844,-1964.9902,-0.17319489,2.914909,49.99934920025577
126102,755.5115,1380580,0.99752665,0.9411011,0.18450093,-25.480404,200722,2449060,20996,29825.945153713226,-1874.199,-0.15944102,1.7591128,50.291386601813585
126154,745.4087,1381100,0.997555,0.9397583,0.17935774,-27.270702,200809,2449930,21004,29836.147687911987,-1880.1027,-0.17023996,1.3382506,50.213821268393716
126205,770.52783,1381610,0.9975362,0.9387207,0.189837,-26.919554,200894,2450780,21012,29846.464501142502,-1910.2627,-0.16622578,1.529547,51.00410201981107
126256,785.6972,1382120,0.99750495,0.9389038,0.19362077,-26.061474,200992,2451760,21020,29856.71199941635,-1950.6191,-0.17702031,2.0738785,52.160357534951956
126309,770.3196,1382650,0.9975333,0.9361572,0.20047367,-25.928673,201071,2452550,21028,29866.885181188583,-1950.2065,-0.1750032,2.2745764,51.55523084915653
126359,774.0933,1383150,0.99755955,0.94421387,0.18335564,-25.606339,201155,2453390,21036,29877.009737491608,-1947.4333,-0.15866345,2.1484115,52.10970945103344
126409,798.9363,1383650,0.99756026,0.9395752,0.18713145,-25.584122,201243,2454270,21044,29887.161803483963,-1989.3917,-0.16456346,2.1211596,49.99544736476472
126459,761.7324,1384150,0.99747896,0.9447632,0.19672397,-25.849321,201331,2455150,21052,29897.33385658264,-1908.3033,-0.14959711,3.4828806,49.80732011523194
126511,773.736,1384670,0.99746513,0.935791,0.20600615,-26.039248,201416,2456000,21060,29907.626842021942,-1911.5667,-0.18367541,2.8888211,47.97481619082733
126563,756.49365,1385190,0.99749637,0.93792725,0.19260739,-26.986942,201502,2456860,21068,29917.924706459045,-1886.5284,-0.15524802,2.6326976,50.87203620458318
126613,790.2754,1385690,0.99750304,0.93640137,0.19765827,-25.116096,201593,2457770,21076,29927.964915275574,-1969.2793,-0.17871347,2.864163,53.885941099846654
126666,777.6445,1386220,0.9975147,0.93621826,0.1937769,-25.36684,201676,2458600,21084,29938.012006998062,-1930.042,-0.18122594,1.6432681,51.91652986546808
126716,770.1537,1386720,0.99748516,0.92993164,0.20754948,-26.030254,201764,2459480,21092,29948.052572488785,-1947.2041,-0.19928648,1.6719888,50.781582341088736
126767,764.80286,1387230,0.9975538,0.9433594,0.18141001,-25.098633,201851,2460350,21100,29958.182034015656,-1909.4238,-0.1533426,2.3088899,48.25141490627987
126819,766.87524,1387750,0.99752045,0.94647217,0.17613687,-27.008698,201937,2461210,21108,29968.380466222763,-1926.1127,-0.15797463,2.1779242,51.152670744746636
126869,773.9498,1388250,0.99752927,0.9398804,0.19999814,-27.030848,202024,2462080,21116,29978.710058689117,-1951.3237,-0.17655617,2.656991,43.951219280575586
126922,778.16943,1388780,0.99753785,0.9415283,0.18637493,-25.777403,202114,2462980,21124,29989.347675323486,-1932.5854,-0.16527677,2.4984465,45.22911925734295
126959,786.8583,1389150,0.99747014,0.930603,0.21240953,-25.51556,202183,2463670,21130,29999.893882513046,-1960.043,-0.19059354,2.5776234,29.6741477132976
127011,786.312,1389670,0.9975369,0.94055176,0.19469582,-27.312801,202272,2464560,21138,30010.53408074379,-1962.0952,-0.18036312,2.6686,50.53084374421744
127063,783.42346,1390190,0.99734235,0.9315796,0.23823273,-26.287834,202359,2465430,21146,30020.78788113594,-1937.212,-0.18932247,6.3800745,52.874255273677754
127114,780.9825,1390700,0.9974749,0.9300537,0.21635741,-26.796988,202445,2466290,21154,30030.985820770264,-1965.4589,-0.18714076,3.2815905,52.11004327241237
127164,784.16455,1391200,0.99741435,0.93847656,0.21194437,-27.027319,202533,2467170,21162,30041.03901910782,-1921.533,-0.1872581,4.495473,50.58149847305129
127216,750.6704,1391720,0.9975221,0.93377686,0.2007211,-25.636414,202621,2468050,21170,30051.36523795128,-1882.3965,-0.18863538,1.7482514,50.83866197588551
127267,775.8211,1392230,0.9975529,0.93566895,0.19327113,-25.701591,202710,2468940,21178,30061.82647562027,-1948.7803,-0.16496772,1.5404241,43.70447369522175
127319,784.6277,1392750,0.9975636,0.94158936,0.18263662,-26.32032,202806,2469900,21186,30071.991814136505,-1979.0773,-0.15987258,1.8227146,52.870756150879195
127371,784.6557,1393270,0.9975393,0.94677734,0.1833584,-24.516285,202881,2470650,21194,30082.177270889282,-1934.5942,-0.1495242,2.8733222,47.789333134890185
127419,785.5423,1393750,0.99745274,0.94189453,0.2072174,-25.804247,202975,2471590,21202,30092.475603580475,-1953.0691,-0.17037393,3.9004483,49.574325811737
127472,788.864,1394280,0.9974494,0.9328003,0.21513137,-25.787422,203058,2472420,21210,30102.554844617844,-1965.2673,-0.19962174,2.9396906,50.301847299340594
127523,758.1393,1394790,0.99746704,0.9420166,0.19643638,-26.735628,203148,2473320,21218,30112.60749387741,-1919.2794,-0.16772142,3.3485646,51.17636833424812
127575,768.17773,1395310,0.9975426,0.93859863,0.18631133,-25.585743,203232,2474160,21226,30122.963585853577,-1897.3531,-0.16073038,2.237502,53.4153247109357
127625,789.2026,1395810,0.9974642,0.9371338,0.20017293,-25.799301,203319,2475030,21234,30133.087959766388,-1941.2437,-0.17264113,2.8676205,50.81104384731897
127677,770.88324,1396330,0.9974761,0.9321289,0.20806505,-26.328873,203407,2475910,21242,30143.329778909683,-1905.6738,-0.1879408,3.1433473,51.189972667326096
127727,777.75476,1396830,0.99747205,0.92926025,0.20652583,-26.232128,203496,2476800,21250,30153.8659658432,-1932.2346,-0.17546181,2.4294777,50.335473495985696
127780,773.0198,1397360,0.9974148,0.93066406,0.22052349,-26.419989,203581,2477650,21258,30164.006410837173,-1942.3713,-0.18590279,3.7876446,51.37115618825846
127831,776.0,1397870,0.99748325,0.93969727,0.19363329,-27.578613,203670,2478540,21266,30174.18092560768,-1930.9569,-0.17996033,2.3610766,49.05316613359155
127882,788.17334,1398380,0.9975443,0.9382324,0.18647948,-26.264008,203755,2479390,21274,30184.37018609047,-1983.7078,-0.16902085,1.58921,48.25526612212291
127932,810.42255,1398880,0.99756455,0.9423828,0.17914672,-25.043861,203844,2480280,21282,30195.662821292877,-2005.9362,-0.1528844,1.7282888,45.43665749533887
127984,769.12646,1399400,0.99757457,0.94091797,0.17988065,-26.198648,203933,2481170,21290,30206.947083950043,-1924.8796,-0.15640102,1.9303619,45.31561193486623
128028,799.78796,1399840,0.997519,0.9389038,0.19571447,-26.230654,204012,2481960,21297,30217.318888425827,-1998.5411,-0.18146876,2.1978145,45.38253250111455
128074,801.0044,1400300,0.9972863,0.9399414,0.24286659,-26.523483,204091,2482750,21304,30228.61008810997,-1990.9512,-0.16400328,7.562791,47.16170357056894
128118,790.0279,1400740,0.9975121,0.94018555,0.18935859,-26.01495,204175,2483590,21311,30239.02318048477,-1980.583,-0.16489178,2.3375347,39.69453089302377
128171,804.08966,1401270,0.9973557,0.93255615,0.2326537,-26.211445,204252,2484360,21319,30249.353323459625,-1988.981,-0.1710012,5.1928854,51.51885822881063
128220,770.9535,1401760,0.9974315,0.9269409,0.219536,-27.45057,204341,2485250,21327,30260.729905843735,-1878.4435,-0.19883364,3.5405512,32.43474017151168
128266,817.9985,1402220,0.99753547,0.93188477,0.1971691,-27.207115,204418,2486020,21334,30271.6999874115,-1993.0154,-0.17002977,1.5971377,50.18897016824359
128316,794.1025,1402720,0.99752235,0.94329834,0.18606248,-26.542202,204504,2486880,21342,30281.804266691208,-1983.3219,-0.1684412,2.478581,49.92906990932114
128367,780.90063,1403230,0.99755573,0.9417114,0.1863994,-25.05103,204590,2487740,21350,30292.140337228775,-1955.9485,-0.16420856,2.335416,51.254286012693115
128419,781.4155,1403750,0.99749637,0.93865967,0.19705823,-26.490538,204679,2488630,21358,30302.654007673264,-1913.4178,-0.16171393,2.6402686,50.97552947065563
128471,789.07544,1404270,0.9974637,0.942688,0.20682158,-26.763062,204769,2489530,21366,30313.854428768158,-1959.4294,-0.15435822,4.94508,43.47647567671574
128507,768.53485,1404630,0.99745774,0.9371338,0.19218391,-25.112116,204836,2490200,21372,30324.302531957626,-1909.8462,-0.16086869,2.4496646,39.49897895971313
128559,794.79236,1405150,0.997447,0.9402466,0.20205456,-26.393982,204932,2491160,21380,30335.5668156147,-1980.9833,-0.1844905,3.481256,35.96460446371116
128599,801.88446,1405550,0.99742913,0.9389038,0.20458668,-26.251503,204993,2491770,21386,30345.616430282593,-1996.7142,-0.16979888,3.2922363,45.8563256886039
128650,773.48267,1406060,0.9974792,0.9406738,0.20142227,-26.674992,205078,2492620,21394,30356.231976747513,-1934.2692,-0.16537437,3.6228848,47.576794027667816
128701,785.01733,1406570,0.99743414,0.93292236,0.21202333,-26.751076,205166,2493500,21402,30367.40190052986,-1954.8123,-0.16834347,4.122141,45.47299491257599
128752,811.54285,1407080,0.9974625,0.93566895,0.20706761,-25.670845,205250,2494340,21410,30378.45998263359,-2018.7002,-0.17731914,3.4038603,46.506457029482306
128803,802.1074,1407590,0.99753976,0.9390259,0.19121444,-26.46718,205341,2495250,21418,30389.731305599213,-1989.1951,-0.17326841,2.2690153,48.96676372990626
128855,823.58093,1408110,0.9975188,0.93688965,0.19539197,-25.341415,205423,2496070,21426,30400.071223258972,-2053.1257,-0.17275043,2.5341916,52.247200161314304
128907,775.2017,1408630,0.997561,0.9412842,0.18428314,-27.470383,205508,2496920,21434,30410.229219198227,-1913.5214,-0.16215871,1.6267214,51.28878651168443
128955,793.4455,1409110,0.9975085,0.9407959,0.19088724,-26.940655,205595,2497790,21442,30420.28117966652,-1984.7051,-0.16926378,2.4109051,48.94436286102184
129007,782.1375,1409630,0.99756193,0.9407959,0.18174833,-26.911636,205686,2498700,21450,30430.405279159546,-1959.1011,-0.16043098,1.8856947,47.93646935248063
129059,793.8828,1410150,0.99747205,0.93133545,0.21357952,-26.405365,205765,2499490,21458,30440.51225543022,-1986.022,-0.18347734,2.859632,49.70964365633914
129111,774.52686,1410670,0.9975395,0.9413452,0.19031203,-26.546558,205852,2500360,21466,30450.904795646667,-1944.0403,-0.15872905,2.5529003,45.97166642405145
129162,809.3737,1411180,0.9974892,0.93811035,0.20275943,-26.632265,205938,2501220,21474,30461.270807266235,-2021.396,-0.17714795,3.014138,50.781524701172984
129214,802.1172,1411700,0.9974029,0.9368286,0.21829695,-27.62397,206023,2502070,21482,30471.39786171913,-1989.8525,-0.16235605,4.936282,51.10793926650374
129263,789.6401,1412190,0.99749446,0.93969727,0.20304875,-27.176731,206109,2502930,21490,30481.589162826538,-1978.9445,-0.1581316,3.7823715,50.18176447858331
129316,809.06006,1412720,0.9975064,0.9368286,0.20123103,-26.828756,206196,2503800,21498,30492.831857204437,-2009.056,-0.17335865,2.4833565,32.72265882564333
129359,814.50745,1413150,0.99751925,0.93725586,0.19403912,-26.76809,206282,2504660,21505,30504.071030139923,-1997.0249,-0.17715581,2.1391635,48.26787361169525
129410,809.2771,1413660,0.99743724,0.9346924,0.21688926,-26.306381,206362,2505460,21513,30514.992750644684,-2008.7524,-0.17029633,3.8252277,45.47638454251108
129462,800.04565,1414180,0.99752283,0.94000244,0.18940927,-25.952957,206447,2506310,21521,30525.582985639572,-1987.985,-0.16089737,2.5454836,48.81965448106688
129507,778.7473,1414630,0.99750495,0.9329834,0.19905075,-26.472076,206533,2507170,21528,30536.275445222855,-1913.8303,-0.19206002,1.8713328,28.654541262319878
129552,800.9842,1415080,0.99750376,0.9376221,0.19447362,-26.331663,206603,2507870,21535,30546.74330639839,-1967.0664,-0.17551109,2.056738,49.18000895163133
129603,782.9259,1415590,0.9975054,0.93927,0.19808143,-26.055523,206687,2508710,21543,30557.257839679718,-1955.7102,-0.1668579,2.851962,48.890190998071425
129654,798.1137,1416100,0.99748707,0.9336548,0.20220172,-26.724209,206776,2509600,21551,30568.033081293106,-1988.1002,-0.17975694,2.2030468,49.877099290255664
129705,789.5675,1416610,0.99745965,0.9449463,0.19949946,-25.873657,206860,2510440,21559,30578.830733299255,-1955.5643,-0.166405,4.111139,49.30606037284344
129756,816.0652,1417120,0.9974258,0.9395752,0.20660256,-26.773685,206947,2511310,21567,30589.23843216896,-2015.1729,-0.17612538,3.6231647,46.45233510690672
129808,816.573,1417640,0.9975035,0.9411011,0.19048718,-27.342365,207038,2512220,21575,30600.35117125511,-2023.1149,-0.18092653,2.3760796,49.4466275370285
129852,812.5331,1418080,0.9975052,0.9338379,0.20141897,-26.450575,207118,2513020,21582,30611.894280195236,-2017.0096,-0.17793024,2.3711424,37.73142317229878
129898,813.56274,1418540,0.9974973,0.9404907,0.18950662,-27.624243,207192,2513760,21589,30621.958001613617,-2005.8181,-0.15801218,2.5527997,37.03751899060428
129949,782.03577,1419050,0.9972975,0.9212036,0.25911945,-27.26458,207285,2514690,21597,30633.02162337303,-1933.258,-0.1872686,6.1667075,47.63434713896284
129999,802.5157,1419550,0.99755526,0.9423828,0.18646479,-27.2925,207367,2515510,21605,30644.01439666748,-2003.0431,-0.16403472,2.380064,49.41099455575278
130050,765.0172,1420060,0.99739265,0.9384155,0.2240501,-27.33455,207455,2516390,21613,30655.040454149246,-1942.4863,-0.17339769,5.6247206,49.74918454731998
130102,825.1874,1420580,0.9975028,0.9312744,0.2091313,-26.41906,207541,2517250,21621,30666.37692642212,-2054.627,-0.17051056,2.394996,37.582001103230446
130147,816.9325,1421030,0.99749565,0.93322754,0.20042995,-26.490877,207617,2518010,21628,30676.798022270203,-2016.019,-0.18479288,2.3963044,40.44244823477868
130198,816.8983,1421540,0.99749064,0.9406128,0.19970977,-26.624245,207702,2518860,21636,30687.560657262802,-2004.1692,-0.16863954,3.4498353,48.64299723057849
130250,796.3348,1422060,0.9974992,0.93585205,0.19762173,-26.673328,207799,2519830,21644,30699.019585371017,-1975.6343,-0.16646343,2.6325815,43.310452494112155
130301,793.70715,1422570,0.99741316,0.93359375,0.22892642,-26.210117,207886,2520700,21652,30710.190883159637,-1972.0376,-0.15254161,5.1373844,42.24069167392353
130352,812.3648,1423080,0.9975667,0.93652344,0.19041069,-26.77187,207965,2521490,21660,30721.295050621033,-2035.8142,-0.17635825,2.0136962,49.18921916198432
130397,807.86597,1423530,0.99750566,0.94421387,0.19795835,-27.033724,208039,2522230,21667,30731.4252140522,-1986.103,-0.16692697,4.0361285,52.150132912819956
130447,828.8258,1424030,0.9974129,0.93170166,0.21619454,-25.926203,208129,2523130,21675,30742.486087799072,-2039.5817,-0.1924169,3.227728,45.58858071976627
130498,832.7782,1424540,0.9974072,0.9365845,0.21408924,-26.049358,208215,2523990,21683,30752.953107833862,-2072.1543,-0.18733683,3.8985717,47.250263415348535
130550,831.45294,1425060,0.99745584,0.9402466,0.20289324,-26.829391,208300,2524840,21691,30763.179589748383,-2062.1487,-0.17123769,3.5023093,49.89017915903033
130601,800.94934,1425570,0.99758935,0.94421387,0.17798863,-27.494291,208386,2525700,21699,30773.58609032631,-1997.613,-0.1484307,2.2465725,49.83520834269322
130654,782.3003,1426100,0.9974797,0.9310303,0.2034815,-26.588654,208472,2526560,21707,30784.054383039474,-1932.3699,-0.19928356,2.0062711,51.500819606711566
130704,791.19324,1426600,0.9975512,0.939209,0.19485691,-27.115246,208558,2527420,21715,30795.244255542755,-1988.0454,-0.16922843,2.5718148,40.58070146662323
130755,803.953,1427110,0.997545,0.9382324,0.18561964,-26.451258,208649,2528330,21723,30806.29802966118,-1984.5684,-0.17226037,1.7192849,50.57631408038348
130806,826.35156,1427620,0.9975543,0.9393921,0.18872666,-25.714413,208735,2529190,21731,30816.586676359177,-2053.52,-0.17139092,2.2088919,46.71666569208107
130857,798.90454,1428130,0.99752545,0.9425659,0.18400635,-24.95189,208820,2530040,21739,30826.66906642914,-2001.241,-0.1703496,2.6007957,50.18084515141154
130909,824.0767,1428650,0.9975064,0.940979,0.19448882,-27.209064,208913,2530970,21747,30836.899171590805,-2051.823,-0.15853511,2.9435632,46.82350515557427
130961,830.1551,1429170,0.99754643,0.9411621,0.19345078,-25.989162,208993,2531770,21755,30847.006145238876,-2044.1018,-0.16667551,2.9280765,53.95477161292605
131009,825.2444,1429650,0.99749684,0.93603516,0.19619137,-25.329853,209080,2532640,21763,30857.376207590103,-2021.7491,-0.17041914,2.9519918,49.74805051021155
131061,818.86206,1430170,0.9973891,0.9394531,0.22197974,-26.313595,209167,2533510,21771,30867.399121046066,-2030.4192,-0.15937997,5.804176,50.67564058273065
131113,809.62744,1430690,0.9974394,0.93408203,0.21157223,-26.661995,209251,2534350,21779,30877.863780736923,-1998.8595,-0.20497656,3.631794,50.28456593236046
131165,793.1813,1431210,0.997463,0.92822266,0.2148218,-27.453932,209335,2535190,21787,30887.911799669266,-1955.4941,-0.21031655,2.3481417,51.32117477847724
131215,797.7053,1431710,0.9975748,0.9425049,0.17824687,-26.24487,209431,2536150,21795,30898.411692619324,-2000.4673,-0.16491795,1.6378233,49.511828056550385
131269,831.4546,1432250,0.9975128,0.9319458,0.1995748,-26.897055,209510,2536940,21803,30908.967962026596,-2070.624,-0.18290198,1.6053407,48.511777190476465
131318,813.1522,1432740,0.99758244,0.94244385,0.177616,-25.408388,209603,2537870,21811,30919.182432174683,-2016.9556,-0.16112217,1.8727003,49.93338865460127
131370,817.5242,1433260,0.99756813,0.9381714,0.18605055,-26.057838,209690,2538740,21819,30929.663537979126,-2041.7186,-0.15557714,2.0139713,38.3235102097107
131413,816.7606,1433690,0.9975698,0.9446411,0.1884804,-26.305431,209765,2539490,21826,30940.33682847023,-2023.556,-0.15442382,3.2730346,44.517678182353094
131465,817.9839,1434210,0.9974265,0.94262695,0.2051675,-26.775497,209854,2540380,21834,30951.041560649872,-2020.8755,-0.16695082,4.125314,50.13789948828368
131518,802.7706,1434740,0.9975414,0.94158936,0.1848208,-26.96251,209933,2541170,21842,30961.11225914955,-1986.7065,-0.14866173,2.526134,51.73703940554207
131567,831.46826,1435230,0.9974277,0.9355469,0.21024612,-26.77304,210018,2542020,21850,30971.232296466827,-2078.8755,-0.16454259,3.4229007,51.372326106880514
131618,803.7988,1435740,0.99751806,0.9331665,0.20153454,-28.452599,210107,2542910,21858,30981.53765153885,-1985.7825,-0.19190802,2.939361,50.141486412779535
131670,821.67896,1436260,0.9975691,0.9436035,0.18037613,-26.497143,210192,2543760,21866,30991.699043750763,-2029.8508,-0.15254024,1.9603186,48.94546947712211
131721,829.29816,1436770,0.9975512,0.93426514,0.190218,-26.22686,210277,2544610,21874,31001.98545193672,-2052.2656,-0.1704503,1.5952995,49.86383176337499
131773,830.1989,1437290,0.997524,0.93951416,0.19467068,-26.792645,210368,2545520,21882,31012.53697490692,-2041.2103,-0.1663447,2.6018286,49.16411998783147
131824,839.6226,1437800,0.997463,0.93859863,0.20496114,-26.696335,210449,2546330,21890,31022.68869948387,-2083.0781,-0.17633031,3.1043844,50.996389119446306
131877,820.20294,1438330,0.9975376,0.93914795,0.18984416,-27.607674,210535,2547190,21898,31032.91680765152,-2032.7701,-0.17277503,2.1496043,50.344573969366635
131925,819.51416,1438810,0.9975364,0.940979,0.18524748,-26.502441,210621,2548050,21906,31043.449462413788,-2057.6265,-0.16668685,2.2908807,50.40585171445514
131977,832.04224,1439330,0.9974296,0.9415283,0.20107904,-27.743307,210711,2548950,21914,31053.931307315826,-2065.5688,-0.17749292,3.7457848,50.73410261072238
132028,822.5647,1439840,0.99755764,0.9445801,0.18649276,-26.69135,210792,2549760,21922,31064.520418405533,-2035.2396,-0.13438255,2.784841,50.70976855861787
132080,812.28235,1440360,0.99743366,0.9265137,0.22368115,-27.318588,210883,2550670,21930,31074.660137176514,-1970.4148,-0.19274206,2.9134293,50.631548153126246
132132,797.5443,1440880,0.99755406,0.94506836,0.17746076,-27.641388,210963,2551470,21938,31084.992162704468,-1984.5684,-0.16842797,1.7904034,52.77026069075876
132184,839.44556,1441400,0.99755,0.9417114,0.17559534,-27.013447,211045,2552290,21946,31095.11950111389,-2062.639,-0.16796307,1.5123869,51.05941054332667
132232,808.1566,1441880,0.99751854,0.9399414,0.18735692,-26.705006,211133,2553170,21954,31105.30365538597,-2031.5486,-0.16820359,2.1555915,49.67091922362247
132284,820.1349,1442400,0.997545,0.94195557,0.17822668,-27.641338,211220,2554040,21962,31115.844411611557,-2045.635,-0.15131937,1.7568587,43.41428218855418
132336,837.843,1442920,0.9975352,0.9378052,0.19107033,-26.379438,211304,2554880,21970,31125.98291826248,-2098.2124,-0.15777254,2.608319,50.89068857533614
132388,855.1618,1443440,0.997483,0.93914795,0.19478275,-26.81195,211398,2555820,21978,31136.08927679062,-2101.2974,-0.16413623,2.4806619,51.99188537884566
132439,842.73834,1443950,0.99746203,0.94470215,0.20062453,-28.071022,211480,2556640,21986,31146.211398601532,-2065.6006,-0.1640903,4.2518287,51.77203333261973
132488,840.79614,1444440,0.9974444,0.93774414,0.2072812,-27.204052,211560,2557440,21994,31156.694058418274,-2077.345,-0.16676703,3.9199805,49.30135143896302
132541,843.91174,1444970,0.9974556,0.93707275,0.19882685,-27.000713,211649,2558330,22002,31167.140691280365,-2106.1433,-0.16824456,3.0734391,50.30382683976843
132592,817.60693,1445480,0.99750185,0.93670654,0.19687587,-27.894268,211731,2559150,22010,31177.918623685837,-2024.1969,-0.1868611,2.3896976,49.661500197121235
132644,809.9317,1446000,0.99754524,0.94177246,0.191071,-28.093544,211818,2560020,22018,31188.37028861046,-2018.6439,-0.16518544,2.5575175,50.51020156252352
132695,818.97736,1446510,0.99751353,0.93792725,0.19726892,-27.645084,211906,2560900,22026,31198.921236991882,-2044.9458,-0.154923,2.9184146,48.894999835156
132745,844.5511,1447010,0.9974532,0.93170166,0.2021079,-28.162,211991,2561750,22034,31209.110924720764,-2108.7793,-0.18523172,2.6464565,51.24966727436467
132796,837.62555,1447520,0.9975171,0.9345703,0.2002034,-27.593702,212075,2562590,22042,31219.55082321167,-2085.585,-0.16629201,2.8582535,43.48125742072279
132847,813.16296,1448030,0.9974725,0.9312744,0.20704481,-26.881859,212162,2563460,22050,31229.724142551422,-1974.8948,-0.174147,2.248203,49.085905995351354
132899,850.1087,1448550,0.997545,0.93859863,0.19163768,-26.562023,212254,2564380,22058,31239.98092699051,-2095.7666,-0.16783799,1.9682846,46.51242821545301
132950,833.5288,1449060,0.9975431,0.9393921,0.18726918,-27.682308,212343,2565270,22066,31250.030947208405,-2051.7659,-0.17223695,1.7875125,52.72848730087018
133003,843.80676,1449590,0.997432,0.9425659,0.20712432,-27.502872,212421,2566050,22074,31260.38778066635,-2087.9966,-0.15561864,4.817603,52.045553620585295
133052,815.8994,1450080,0.9975414,0.94403076,0.1770633,-27.097586,212507,2566910,22082,31270.505784988403,-2043.6952,-0.15059116,1.9019084,49.9012064309772
133103,819.53906,1450590,0.99748874,0.9413452,0.20142916,-28.267128,212592,2567760,22090,31280.706269025803,-2027.1472,-0.15657496,3.9839337,49.63041062261114
133155,844.68445,1451110,0.9974668,0.94506836,0.19758444,-26.073757,212679,2568630,22098,31291.034386873245,-2071.5156,-0.16623202,3.6019511,49.75986362704458
133207,828.838,1451630,0.99757934,0.9489136,0.1705224,-25.59123,212773,2569570,22106,31301.22811818123,-2028.0386,-0.15354116,2.3459,53.091741645879765
133259,864.18994,1452150,0.99755144,0.9407959,0.19407749,-26.850273,212848,2570320,22114,31311.34598135948,-2140.2007,-0.1525102,2.9569638,53.47735302144987
133307,859.8372,1452630,0.99748397,0.9333496,0.20548475,-26.48582,212935,2571190,22122,31321.638882637024,-2122.0942,-0.18370482,2.4326684,44.529309238262876
133359,844.1759,1453150,0.99737716,0.93377686,0.22086695,-25.423342,213019,2572030,22130,31331.935549497604,-2063.7388,-0.18524095,4.794705,49.543637860957276
133411,826.733,1453670,0.9974828,0.93548584,0.21237987,-26.660912,213105,2572890,22138,31342.30157637596,-2029.5017,-0.17388272,4.3235397,49.73346937210154
133463,844.6355,1454190,0.99755025,0.9362793,0.18872753,-27.932165,213189,2573730,22146,31352.5431702137,-2086.1177,-0.17113042,1.607685,51.540590534142666
133515,857.40845,1454710,0.99748325,0.93829346,0.20644575,-26.921707,213274,2574580,22154,31363.14186501503,-2095.2686,-0.1607905,4.0052776,50.57866789164933
133563,851.8148,1455190,0.9974177,0.9411621,0.20907575,-28.73605,213364,2575480,22162,31373.594962835312,-2112.893,-0.17755675,4.8348217,49.727830921030815
133616,872.9002,1455720,0.9974625,0.9412842,0.19823706,-26.434048,213445,2576290,22170,31383.826802253723,-2155.5208,-0.17926392,3.6634445,49.48515798040949
133667,868.1667,1456230,0.9973538,0.9301758,0.22946154,-26.760607,213532,2577160,22178,31394.328027009964,-2105.861,-0.19394186,4.7316027,50.33910762651141
133719,896.6725,1456750,0.9968798,0.85046387,1.42508,-25.47057,213615,2577990,22186,31404.463287591934,-2200.162,-1.1433309,29.74975,52.0746415830928
133771,875.0614,1457270,0.99754095,0.9378662,0.19593076,-26.108608,213699,2578830,22194,31414.620975494385,-2122.6743,-0.1928263,1.769516,51.98314605218465
133819,821.4637,1457750,0.9975898,0.94415283,0.1720815,-26.080978,213790,2579740,22202,31425.1411588192,-2011.7498,-0.15181288,1.6397963,43.53770363433419
133872,847.0756,1458280,0.9975567,0.94000244,0.18457589,-26.754747,213873,2580570,22210,31435.545513629913,-2082.2146,-0.16732664,1.6444705,48.6786253260076
133923,879.29895,1458790,0.99734235,0.9364624,0.22838713,-26.60142,213958,2581420,22218,31445.667172908783,-2145.7053,-0.18075475,4.9477634,49.07941734117574
133975,809.7712,1459310,0.9974961,0.9421387,0.19443908,-27.166233,214043,2582270,22226,31456.111418008804,-2022.4683,-0.16415223,3.841656,44.687345762454534
134019,868.18713,1459750,0.9975164,0.94091797,0.19621168,-26.198381,214117,2583010,22233,31466.75171494484,-2121.421,-0.15179154,2.8759422,48.310204128645104
134075,822.8841,1460310,0.99753165,0.93756104,0.19082916,-26.632881,214215,2583990,22242,31477.924025058746,-2039.4176,-0.15066299,2.6995592,47.88332567491587
134133,826.09045,1460890,0.9975593,0.94018555,0.18370065,-26.897762,214309,2584930,22251,31488.801597833633,-2059.143,-0.15727451,1.9935429,56.37254389715512
134191,798.07117,1461470,0.99732184,0.92285156,0.24237224,-27.756926,214409,2585930,22260,31499.900815963745,-1905.5664,-0.21360824,4.160707,52.1861446201228
134251,807.91455,1462070,0.9975169,0.94055176,0.18723363,-25.817596,214511,2586950,22269,31510.734076738358,-1987.454,-0.16895616,2.3419588,55.204656156819745
134307,828.7875,1462630,0.99753714,0.9399414,0.18924984,-25.467144,214596,2587800,22278,31521.37050819397,-2033.8723,-0.1605166,2.1399074,54.597815521589425
134363,827.59424,1463190,0.9974854,0.9380493,0.20123784,-25.615107,214694,2588780,22287,31532.236528873444,-2054.6697,-0.16363874,3.28434,52.96083921188739
134423,811.48914,1463790,0.9975126,0.94940186,0.18128967,-26.648514,214786,2589700,22296,31542.972114801407,-2016.8804,-0.15246125,3.3459733,54.428913751299206
134480,812.80756,1464360,0.9974215,0.9417114,0.20692967,-27.12536,214882,2590660,22305,31553.77305984497,-1997.074,-0.1620588,4.572772,52.82563192482276
134538,820.37085,1464940,0.99741983,0.93530273,0.21026655,-26.145983,214976,2591600,22314,31564.63812804222,-2020.6228,-0.16813909,3.9474092,54.30232568959801
134595,828.9483,1465510,0.99750924,0.93981934,0.19189468,-26.420565,215070,2592540,22323,31575.40041732788,-2035.769,-0.1720716,2.3622808,52.93887432582847
134652,844.62714,1466080,0.9974141,0.93518066,0.21663041,-25.913351,215165,2593490,22332,31586.083459854126,-2067.41,-0.18917277,3.3906455,52.016770285992436
134710,846.2169,1466660,0.99737453,0.92596436,0.28988725,-24.793371,215260,2594440,22341,31596.78353357315,-2081.872,-0.27625555,4.768394,55.13035991837513
134768,800.5958,1467240,0.99752855,0.9373169,0.19261652,-26.3275,215356,2595400,22350,31607.84717607498,-1966.8572,-0.18289986,1.8588309,53.73466787493647
134826,796.10675,1467820,0.997489,0.93756104,0.19834855,-25.018768,215451,2596350,22359,31618.630058288574,-1987.9047,-0.16954254,2.6452866,54.583549584963606
134882,825.4082,1468380,0.99755645,0.9393921,0.18555509,-25.445206,215546,2597300,22368,31629.347123146057,-2019.4426,-0.16063519,1.8845024,52.78106204514544
134941,832.08594,1468970,0.9975457,0.9470215,0.18544784,-26.364683,215641,2598250,22377,31640.316880226135,-2033.8274,-0.14901048,3.2386377,54.06073739256244
134998,825.42957,1469540,0.9975779,0.944397,0.18613513,-25.178383,215737,2599210,22386,31651.17817425728,-2030.8021,-0.15059495,2.777791,52.87735904992488
135056,820.51746,1470120,0.99753094,0.9389038,0.18894182,-27.705147,215829,2600130,22395,31662.017540693283,-1999.5967,-0.1712798,2.1252246,49.078564879271525
135113,827.519,1470690,0.9975772,0.94451904,0.18334208,-26.768877,215929,2601130,22404,31673.093849897385,-2051.051,-0.15070766,2.1231318,53.33841796178382
135171,862.73785,1471270,0.9975333,0.9456787,0.18711747,-26.071472,216022,2602060,22413,31683.888845443726,-2111.875,-0.14578624,2.9299445,49.755261285343764
135229,831.64526,1471850,0.9975419,0.9416504,0.18551514,-26.498703,216117,2603010,22422,31694.70711517334,-2086.595,-0.166759,2.330927,55.273894153354505
135285,832.89307,1472410,0.99752355,0.9417114,0.19238286,-25.874744,216217,2604010,22431,31705.59353685379,-2075.1436,-0.1737164,2.6840682,51.92832052642636
135345,834.1223,1473010,0.99752736,0.9425049,0.19343917,-26.303598,216304,2604880,22440,31716.219414949417,-2060.7136,-0.14023325,3.3721051,54.76280798990735
135401,820.4325,1473570,0.9975703,0.94262695,0.17995429,-27.047508,216406,2605900,22449,31727.17847800255,-2006.0908,-0.16624764,1.9159709,52.05927068854807
135459,829.2013,1474150,0.9975302,0.93896484,0.19252907,-26.399746,216498,2606820,22458,31738.30767774582,-2048.7305,-0.14977303,2.4827561,49.56777146588216
135518,832.8737,1474740,0.9975157,0.94226074,0.1942616,-26.60762,216589,2607730,22467,31749.00492501259,-2038.7659,-0.16159494,3.1308975,55.67164043525159
135573,828.7027,1475290,0.9975581,0.9399414,0.1841704,-27.125204,216691,2608750,22476,31759.604009389877,-2016.8131,-0.15099904,2.2182899,52.94482591855226
135632,835.7623,1475880,0.9975288,0.9451904,0.1959495,-27.010952,216779,2609630,22485,31770.233246803284,-2072.3225,-0.16609997,3.1519017,54.88390051133017
135683,826.77075,1476390,0.99758863,0.9439087,0.18283641,-26.116545,216873,2610570,22493,31780.26270699501,-2051.4316,-0.15402132,2.2507668,47.62919148948251
135741,822.0261,1476970,0.9974184,0.9390869,0.2147798,-24.600283,216959,2611430,22502,31791.12677693367,-2034.9286,-0.15343064,5.093418,53.56099789874677
136699,838.40234,1486550,0.99713755,0.86901855,0.32495806,-26.856855,217095,2612790,22490,31775.206743478775,-2066.7979,-0.3018003,2.356304,0.0
136691,812.7737,1486470,0.9971092,0.8703613,0.32531863,-26.622456,217099,2612830,22490,31775.206743478775,-1981.5752,-0.2910227,2.8215857,0.0
136821,815.815,1487770,0.99713373,0.8640747,0.34918475,-25.890804,217192,2613760,22502,31785.70339345932,-1916.5709,-0.32643798,2.4191146,81.89168479038467
136914,826.27606,1488700,0.9972153,0.8815918,0.30480614,-25.251213,217386,2615700,22515,31795.937915802002,-1954.2065,-0.28491962,1.7524028,80.56668233367608
136991,827.23956,1489470,0.9971342,0.8756714,0.32660896,-22.467775,217535,2617190,22528,31806.2160012722,-1998.657,-0.29647982,2.8632383,79.12785035610199
137062,839.3703,1490180,0.9971385,0.87664795,0.32861298,-27.634136,217726,2619100,22542,31816.796998739243,-2052.109,-0.29594123,3.5782833,78.11956243690365
137154,827.62683,1491100,0.9972651,0.88848877,0.29776555,-27.424551,217896,2620800,22555,31826.970847845078,-2013.4534,-0.26365754,2.5349646,83.56745297072008
137228,793.2843,1491840,0.99717164,0.8861084,0.3079565,-18.34745,218054,2622380,22568,31837.1698012352,-1968.4143,-0.26367143,4.104872,80.75770323418355
137320,798.8285,1492760,0.997169,0.8886719,0.32985324,-3.0762064,218246,2624300,22581,31847.255152225494,-2016.5535,-0.25999537,5.4608736,86.08413067153428
137396,836.00616,1493520,0.9972229,0.8857422,0.32449877,-3.274018,218398,2625820,22594,31857.457669973373,-1979.1594,-0.25381592,5.5901327,79.88565599066258
137487,809.91876,1494430,0.99734926,0.89941406,0.28219682,-3.4165044,218565,2627490,22607,31867.6381816864,-1944.7318,-0.22678176,4.3948393,80.45984822553118
137563,818.9266,1495190,0.99734235,0.9065552,0.2652603,-13.630348,218716,2629000,22620,31877.72845506668,-1969.5527,-0.24069896,3.8776898,83.82619666076047
137651,807.21173,1496070,0.99737906,0.9060669,0.25638485,-17.48806,218902,2630860,22633,31887.876729011536,-1943.0972,-0.23947024,3.0648718,82.63114530294443
137731,764.9277,1496870,0.9974575,0.9165039,0.22654146,-18.241552,219056,2632400,22646,31898.068979263306,-1851.1932,-0.18071808,2.8628273,87.44606391580226
137822,803.9048,1497780,0.99744534,0.91674805,0.22182131,-16.666904,219230,2634140,22659,31908.26433944702,-1925.4608,-0.20164363,2.9583974,79.42666963343102
137895,772.42224,1498510,0.99749374,0.9241333,0.20519395,-17.050535,219387,2635710,22672,31918.46263742447,-1885.8208,-0.18568371,3.1158218,82.75742390806384
137991,755.6488,1499470,0.99749017,0.9234619,0.20596218,-18.312336,219573,2637570,22685,31928.69809794426,-1826.257,-0.1729181,3.1460056,79.05011509931641
138064,747.02344,1500200,0.99744964,0.920166,0.21646672,-13.942329,219725,2639090,22698,31938.889724731445,-1858.9767,-0.1715386,3.5061011,81.46143140754893
138151,704.4951,1501070,0.9974563,0.92578125,0.20513737,-11.813225,219896,2640800,22711,31949.05480337143,-1834.4905,-0.17244749,2.9630742,82.17146957302194
138231,698.156,1501870,0.9974153,0.91625977,0.2356179,-14.81243,220055,2642390,22724,31959.227853298187,-1826.4042,-0.18977366,4.6073422,82.82240735158497
138321,690.6658,1502770,0.9975002,0.92401123,0.20425689,-20.423767,220225,2644090,22737,31969.397733449936,-1809.5001,-0.1821494,2.7168531,82.7435977737391
138398,703.94305,1503540,0.9975219,0.92858887,0.2018621,-18.57172,220376,2645600,22750,31979.6046602726,-1853.7328,-0.1646645,3.4587317,82.93684192638938
138487,665.70264,1504430,0.997519,0.9324951,0.18758158,-18.912756,220564,2647480,22763,31989.75597691536,-1726.2224,-0.167747,2.348958,80.05960610746672
138565,684.9941,1505210,0.99755836,0.94122314,0.17281395,-24.332603,220718,2649020,22776,31999.952354431152,-1778.071,-0.15978964,2.10127,80.15551699601038
138654,688.8594,1506100,0.9975357,0.9349365,0.17621186,-19.07545,220891,2650750,22789,32010.09575843811,-1793.655,-0.15125273,2.2467954,84.98186807516166
138729,686.1581,1506850,0.9975388,0.93981934,0.17732468,-22.293877,221045,2652290,22802,32020.362429618835,-1789.5527,-0.1662316,2.792083,79.35618118962972
138820,680.1593,1507760,0.9975569,0.93566895,0.18504931,-22.155039,221231,2654150,22815,32030.568217277527,-1783.369,-0.14261848,3.2302809,80.44152368006722
138897,667.48987,1508530,0.99755883,0.9355469,0.18445776,-22.86072,221370,2655540,22828,32040.840413808823,-1748.7859,-0.16672969,3.165513,78.10467437213184
138986,667.4064,1509420,0.99750566,0.9331665,0.19927764,-20.884636,221565,2657490,22841,32051.04037451744,-1750.3895,-0.15684909,4.2776256,80.4757684210905
139059,690.9734,1510150,0.99746966,0.9258423,0.21215044,-22.249725,221716,2659000,22854,32061.204293489456,-1798.4304,-0.16396244,4.2090526,80.94741073364432
139153,688.3191,1511090,0.99756956,0.93670654,0.17946538,-20.554535,221887,2660710,22867,32071.44197177887,-1798.323,-0.15566164,2.47956,83.1021411453888
139225,677.26447,1511810,0.99752307,0.9378662,0.18376477,-17.938494,222042,2662260,22880,32081.88131737709,-1778.3828,-0.14094236,3.2511306,81.4765139456984
136827,839.24207,1487830,0.99702644,0.8651123,0.33964443,-26.568691,217207,2613910,22502,31785.284573078156,-2053.525,-0.27705812,3.7583323,94.988616672122
136930,825.79114,1488860,0.99717927,0.8817749,0.30028087,-24.693161,217411,2615950,22517,31795.307899713516,-2010.1621,-0.27199918,1.9894116,97.58234094707075
137021,841.6947,1489770,0.997159,0.8770752,0.31453943,-25.453655,217590,2617740,22532,31805.41116309166,-2079.2578,-0.29080486,2.0967913,95.4790576707681
137099,829.5918,1490550,0.99722075,0.8805542,0.2969308,-25.247036,217814,2619980,22548,31815.818863391876,-2020.8779,-0.29057115,2.1108234,96.34423224076272
137203,881.7284,1491590,0.9972124,0.892334,0.29012907,-23.75961,218017,2622010,22563,31825.853542804718,-2127.669,-0.265302,2.890252,97.6415109301126
137291,866.97705,1492470,0.997169,0.8865967,0.30281454,-23.700554,218222,2624060,22578,31835.909848213196,-2115.544,-0.29112378,2.95718,97.80540970280775
137394,873.8527,1493500,0.99720645,0.8878174,0.29702008,-26.782381,218419,2626030,22593,31846.008873939514,-2109.7654,-0.2831424,3.109021,95.17806513376
137484,857.2829,1494400,0.99731374,0.89611816,0.2731345,-25.789385,218608,2627920,22608,31856.063105344772,-2100.3818,-0.26243258,1.6292422,99.72066151684663
137587,817.71356,1495430,0.99732995,0.8979492,0.2629332,-25.637001,218815,2629990,22623,31866.132927417755,-2044.0903,-0.23978826,1.7692264,96.28344627688021
137677,882.12195,1496330,0.99730396,0.9011841,0.27167863,-24.00931,218998,2631820,22638,31876.20647931099,-2139.5132,-0.24681224,2.7371597,95.83304689558362
137781,860.49225,1497370,0.9972899,0.9082031,0.25431675,-26.832153,219199,2633830,22653,31886.30488371849,-2107.6501,-0.22280271,2.9755864,95.99360317895686
137871,866.3093,1498270,0.997272,0.90301514,0.2681452,-25.317875,219376,2635600,22668,31896.35023665428,-2134.647,-0.24663888,2.853767,95.16787466160307
137973,824.3782,1499290,0.99722123,0.8963623,0.28353325,-26.214815,219596,2637800,22683,31906.449332237244,-1967.1995,-0.25736493,3.3655689,92.46549053972873
138063,856.2075,1500190,0.99729896,0.90740967,0.25711164,-24.022469,219780,2639640,22698,31916.57597374916,-2063.9673,-0.23198181,2.1236358,93.7209189302423
138166,844.49646,1501220,0.9973905,0.91430664,0.23627433,-22.19426,219981,2641650,22713,31926.66496372223,-2113.137,-0.21642634,1.6690184,95.13566418002223
138254,865.3086,1502100,0.9973457,0.9091797,0.2544542,-25.440266,220163,2643470,22728,31936.745069503784,-2129.3013,-0.23348671,2.154913,94.43513367279523
138357,840.22974,1503130,0.99734116,0.9066162,0.25368553,-23.933216,220385,2645690,22743,31946.859741449356,-2094.9849,-0.23673421,2.622447,94.73431346634148
138446,877.7228,1504020,0.9971347,0.9057617,0.2958281,-19.059093,220569,2647530,22758,31956.94495820999,-2203.897,-0.24384171,5.5045967,95.69881244333786
138549,727.13586,1505050,0.9974017,0.9221802,0.23089665,-5.30009,220780,2649640,22773,31967.051075696945,-2041.1729,-0.22353476,2.2942255,94.43735960718685
138639,868.67206,1505950,0.99740124,0.9188843,0.24131818,-15.036869,220961,2651450,22788,31977.131506443024,-2101.3125,-0.21936089,3.3441534,96.69858162926396
138741,867.69653,1506970,0.9973779,0.9154053,0.251988,-1.4079766,221180,2653640,22803,31987.221363544464,-2131.811,-0.21943188,3.7266462,94.99708782495665
138830,893.94226,1507860,0.9973564,0.9071655,0.26668984,5.182554,221362,2655460,22818,31997.285388946533,-2148.5776,-0.22550973,3.551095,93.00614646463947
138933,870.07666,1508890,0.9972098,0.91674805,0.27381673,13.837899,221567,2657510,22833,32007.394816160202,-2122.044,-0.21511814,5.409336,93.45506045924797
139022,849.71124,1509780,0.99738765,0.92181396,0.23262827,-0.5835778,221751,2659350,22848,32017.485390901566,-2115.9277,-0.20914651,3.1322024,92.54241030105062
139125,852.30383,1510810,0.9972956,0.9155884,0.25605154,-6.9143925,221967,2661510,22863,32027.58026099205,-2119.3696,-0.23432076,3.8426456,96.30064793452708
139215,861.9794,1511710,0.99733067,0.9188843,0.24492855,-9.380054,222153,2663370,22878,32037.74684882164,-2134.131,-0.1929475,4.171445,92.4716699955286
139316,856.0116,1512720,0.9974899,0.9220581,0.21962433,-13.280915,222353,2665370,22893,32047.8851647377,-2115.871,-0.20331255,1.9695137,95.43414882490005
139406,820.4741,1513620,0.9974699,0.92559814,0.21501201,-7.4740725,222541,2667250,22908,32058.045264482498,-2045.5997,-0.19564757,2.1638155,95.11786502063154
139508,893.264,1514640,0.9973664,0.9182739,0.24319878,-10.553003,222763,2669470,22923,32068.177226543427,-2181.1094,-0.21789576,3.2984614,91.28883420444161
139598,874.87775,1515540,0.9974351,0.92333984,0.2250634,-6.461858,222940,2671240,22938,32078.40764927864,-2161.6196,-0.19445388,3.0341597,94.77066903350216
139321,671.6128,1512770,0.9975133,0.93481445,0.1852575,-19.743336,222228,2664120,22893,32092.15509033203,-1778.5105,-0.1684677,2.679249,80.44309058451687
139394,684.3157,1513500,0.99749947,0.9354248,0.19484961,-21.403883,222384,2665680,22906,32102.349960565567,-1767.7443,-0.15567139,3.7239256,80.9879270311889
139488,662.11035,1514440,0.99749947,0.9352417,0.1855641,-21.221308,222559,2667430,22919,32112.65191602707,-1717.5078,-0.16035458,1.9829501,81.80792853052566
139562,658.6042,1515180,0.99752593,0.94000244,0.17191958,-22.07032,222714,2668980,22932,32122.871579170227,-1713.0715,-0.16754597,1.7925699,83.33060340585925
139653,678.33997,1516090,0.99757767,0.93859863,0.17281327,-20.905819,222888,2670720,22945,32133.081856250763,-1734.2395,-0.15525803,1.9295099,80.20657816225106
139725,679.54285,1516810,0.99757123,0.9371948,0.17792483,-20.625973,223041,2672250,22958,32143.287648439407,-1752.4551,-0.15809819,2.2914457,83.37874638411093
139816,717.03564,1517720,0.9975176,0.9315796,0.19906718,-19.641932,223224,2674080,22971,32153.569019556046,-1820.3083,-0.16658622,3.598618,80.7266410845533
139894,703.6688,1518500,0.9975281,0.9402466,0.1774511,-22.385807,223373,2675570,22984,32163.76547217369,-1786.4492,-0.16903752,2.5173633,82.2896353585334
139984,681.375,1519400,0.9975345,0.9428711,0.1796591,-22.192308,223544,2677280,22997,32173.99987268448,-1764.7026,-0.1566206,3.0708673,81.8984056938112
140061,662.0034,1520170,0.99758077,0.9369507,0.17498243,-19.923916,223697,2678810,23010,32184.258747816086,-1672.2277,-0.16148409,1.5840797,77.72278462137587
140148,681.3302,1521040,0.99756956,0.94000244,0.1726623,-23.041489,223886,2680700,23023,32194.44461607933,-1732.3953,-0.16659647,1.602995,83.57471196374009
140229,722.4409,1521850,0.99754596,0.9390869,0.18115368,-25.098095,224035,2682190,23036,32204.684324741364,-1809.8271,-0.1602703,1.9762659,82.21410208270676
140317,698.83496,1522730,0.99758935,0.9389038,0.18360376,-23.17618,224205,2683890,23049,32214.935636758804,-1787.6263,-0.15187863,2.6890006,83.1543219666931
140394,694.7487,1523500,0.9975612,0.93927,0.17553803,-19.973396,224373,2685570,23062,32225.197239875793,-1768.3634,-0.15579402,1.9691556,83.65310609951285
140485,701.3655,1524410,0.9975209,0.93566895,0.19207463,-21.932377,224542,2687260,23075,32235.511194467545,-1764.7229,-0.18256332,2.9085016,80.05595303209152
140561,692.2185,1525170,0.9974518,0.9333496,0.19629219,-22.93175,224695,2688790,23088,32245.75113415718,-1790.4016,-0.17356315,2.7029228,82.16709305877721
140651,707.1022,1526070,0.9975414,0.93115234,0.19441095,-21.020695,224875,2690590,23101,32255.982771635056,-1786.1418,-0.15919606,2.4875407,80.5533367302906
140728,716.49426,1526840,0.9974911,0.9313965,0.20180619,-23.077545,225027,2692110,23114,32266.256064414978,-1798.416,-0.15772387,3.4798145,83.24372459641894
140819,691.67334,1527750,0.9975655,0.9454956,0.16820163,-21.807045,225195,2693790,23127,32276.546257972717,-1754.5027,-0.16104116,1.5670391,81.87794659908256
140893,736.0153,1528490,0.9975529,0.942749,0.17390794,-21.453304,225348,2695320,23140,32286.801833629608,-1845.9196,-0.15542568,2.010304,81.31069091327652
140982,731.3484,1529380,0.9974649,0.9315796,0.2034448,-23.12344,225536,2697200,23153,32297.087634801865,-1842.1775,-0.17434576,3.3760786,83.05747783673131
141059,721.68884,1530150,0.9975405,0.93255615,0.19073573,-21.83753,225687,2698710,23166,32307.353123426437,-1850.6086,-0.18328206,1.9688402,78.81263947833159
141149,701.9274,1531050,0.99756503,0.93963623,0.17567903,-23.973053,225856,2700400,23179,32317.575026273727,-1794.6255,-0.15704782,2.2418187,84.85507188652417
141227,710.7189,1531830,0.99756145,0.94036865,0.17619771,-22.06062,226005,2701890,23192,32327.903456687927,-1823.012,-0.15742892,2.3014293,82.33473913702261
141317,699.86005,1532730,0.99755454,0.9348755,0.18229845,-25.401754,226189,2703730,23205,32338.184849739075,-1737.8374,-0.15944678,1.7100663,84.30160789416081
141392,713.0808,1533480,0.99751186,0.9368286,0.18999515,-25.12149,226344,2705280,23218,32348.485828638077,-1798.8378,-0.15732071,2.2196765,80.02421157944067
141479,714.34534,1534350,0.99758244,0.94451904,0.16847968,-23.171062,226516,2707000,23231,32358.75845003128,-1790.9916,-0.14684398,2.068066,81.01510714070139
141560,692.06226,1535160,0.9975703,0.9472656,0.17457147,-22.59935,226666,2708500,23244,32369.042281389236,-1764.1283,-0.1318276,3.0252452,82.76706922409029
141648,731.9594,1536040,0.99748564,0.93927,0.19033091,-22.811459,226854,2710380,23257,32379.51567363739,-1871.6709,-0.1761831,2.7982821,79.07966724937502
141728,715.04254,1536840,0.99758196,0.9373779,0.18193191,-22.08938,227005,2711890,23270,32389.836402893066,-1816.3785,-0.14697073,2.2287338,80.57986303833012
139701,875.38116,1516570,0.9973924,0.9215088,0.23449436,-7.74356,223137,2673210,22953,32088.500689983368,-2171.9155,-0.21089482,2.771493,96.48167180221138
139789,849.2102,1517450,0.9973576,0.92297363,0.2340517,-5.969679,223339,2675230,22968,32098.570543050766,-2146.6438,-0.21501589,3.4778936,96.10650229995017
139892,881.30334,1518480,0.99741554,0.921875,0.22723746,-5.248575,223540,2677240,22983,32108.729219675064,-2189.066,-0.20649767,2.3822036,92.85747602853571
139982,857.113,1519380,0.9973891,0.92211914,0.23418759,3.8521416,223724,2679080,22998,32118.798754692078,-2140.6357,-0.18758023,3.618785,90.89437734739955
140084,842.60754,1520400,0.9974232,0.9223633,0.22827339,4.1107936,223927,2681110,23013,32128.898733139038,-2141.7075,-0.22279236,3.13618,94.50085951331445
140174,868.92926,1521300,0.99746156,0.92492676,0.2258179,-3.0394883,224129,2683130,23028,32139.019280433655,-2209.2966,-0.19332865,2.8287473,93.49806045014554
140276,851.06323,1522320,0.99747515,0.92858887,0.21274273,-4.4909477,224333,2685170,23043,32149.111440896988,-2132.0366,-0.17256144,3.1494465,94.4505844853387
140366,869.3876,1523220,0.9974673,0.928833,0.21280241,-4.783491,224516,2687000,23058,32159.29084944725,-2179.7915,-0.18896183,3.3579383,93.14323704251684
140468,858.6712,1524240,0.9973788,0.9248047,0.22873405,-6.5545874,224737,2689210,23073,32169.396365880966,-2195.3276,-0.22142176,3.8725073,92.99180886402506
140558,878.4678,1525140,0.99755,0.93566895,0.19635911,-7.0184226,224917,2691010,23088,32179.52751994133,-2202.9683,-0.17900534,2.2809174,94.48692211842392
140660,836.70264,1526160,0.99746466,0.9314575,0.20885122,0.45738494,225119,2693030,23103,32189.71918773651,-2154.802,-0.17303711,2.9349086,94.09724879020031
140751,832.75256,1527070,0.99747586,0.9282837,0.21256436,-4.9611797,225299,2694830,23118,32199.836709976196,-2143.5298,-0.17896438,3.470507,97.70331306609208
140852,844.688,1528080,0.997457,0.9279785,0.2245248,-5.656965,225527,2697110,23133,32209.988817453384,-2173.523,-0.16832314,4.8210454,98.09469857953226
140942,801.9061,1528980,0.9974568,0.9246826,0.22472268,-12.306705,225701,2698850,23148,32220.108239412308,-2028.7638,-0.19533533,3.2464523,96.0542985777683
141045,822.68945,1530010,0.99755335,0.9334717,0.19116756,-8.032511,225903,2700870,23163,32230.28659772873,-2081.8584,-0.16804487,2.229507,93.10508351123512
141133,831.36646,1530890,0.9975548,0.93536377,0.19974004,-7.4265604,226089,2702730,23178,32240.42317700386,-2133.8408,-0.1663309,3.3024163,93.31656452679907
141237,831.3318,1531930,0.9974966,0.9307251,0.20731929,-8.477686,226306,2704900,23193,32250.57859635353,-2101.662,-0.16517662,3.6388268,98.31072045940641
141326,835.98535,1532820,0.99751425,0.93743896,0.19292803,-5.7283807,226489,2706730,23208,32260.722307920456,-2119.77,-0.16353914,3.3623195,96.65244891941065
141428,836.41284,1533840,0.9975774,0.9389038,0.19138637,-7.6675854,226697,2708810,23223,32270.87552213669,-2116.0828,-0.15356717,3.2438698,96.45716092635513
141518,807.59094,1534740,0.9975605,0.9406128,0.18850356,-9.167893,226880,2710640,23238,32281.008653640747,-2075.352,-0.13825439,3.5542552,94.54585977995984
141620,827.41943,1535760,0.9975693,0.9371948,0.18035242,-8.900868,227107,2712910,23253,32291.16849899292,-2108.2197,-0.16255702,1.9417816,93.6827157977614
141710,811.15784,1536660,0.99757147,0.9369507,0.18669923,-11.550308,227286,2714700,23268,32301.31148290634,-2085.9229,-0.16172785,2.8676615,95.32471854690908
141812,821.23425,1537680,0.9975598,0.93951416,0.18324508,-10.404173,227487,2716710,23283,32311.457483530045,-2113.1116,-0.15192044,2.5621452,95.06662851282168
141902,819.109,1538580,0.9975829,0.94573975,0.1697213,-11.605349,227690,2718740,23298,32321.58026766777,-2099.18,-0.14296013,2.5595977,95.5175506329159
142004,795.796,1539600,0.9975095,0.9361572,0.19355682,-13.285556,227893,2720770,23313,32331.76772904396,-2067.1611,-0.14624473,4.052286,93.58982390423023
142095,807.5175,1540510,0.9975271,0.9379883,0.19895747,-11.111827,228071,2722550,23328,32341.92873287201,-2080.2756,-0.15141585,5.0873833,93.46674238654813
142196,808.1002,1541520,0.99746823,0.9367676,0.20803323,-10.474451,228293,2724770,23343,32352.112165927887,-2117.8638,-0.16657297,5.238597,95.73171271868901
142286,815.9874,1542420,0.9976187,0.94317627,0.16964829,-6.5937433,228467,2726510,23358,32362.23805332184,-2074.4116,-0.14419854,2.9394042,95.18846031371164
142388,762.32385,1543440,0.9975455,0.93585205,0.18451539,-11.067669,228668,2728520,23373,32372.378974676132,-1955.7397,-0.1680642,2.439166,95.36105448858909
142478,796.5874,1544340,0.99758196,0.94177246,0.16718659,-10.978955,228851,2730350,23388,32382.68293070793,-2067.4197,-0.1597488,1.8303188,99.48553647642386
141812,731.2064,1537680,0.9974985,0.934021,0.19960338,-22.608398,227189,2713730,23283,32400.069291830063,-1889.9198,-0.17367992,2.9961548,82.17760753925882
141890,693.03467,1538460,0.99755263,0.9375,0.17830236,-19.609596,227343,2715270,23296,32410.362412929535,-1796.0427,-0.17268886,1.4979802,80.46802463003537
141979,729.5831,1539350,0.99754214,0.93969727,0.18044384,-20.199104,227508,2716920,23309,32420.633704185486,-1869.9508,-0.15748943,2.1547275,84.43854557144668
142058,732.2345,1540140,0.99755263,0.9389038,0.18546209,-21.361206,227658,2718420,23322,32430.900058031082,-1857.9972,-0.1535658,3.2269623,81.48613507123176
142148,703.96277,1541040,0.99747944,0.932251,0.20344713,-19.330772,227843,2720270,23335,32441.263374090195,-1837.2129,-0.16304293,3.1512094,81.78195800484472
142228,726.2686,1541840,0.9975343,0.93865967,0.18095969,-18.411432,227996,2721800,23348,32451.566375017166,-1823.8857,-0.17730805,2.4829843,82.81900883306646
142315,700.46716,1542710,0.996896,0.8740845,0.59484494,-11.921416,228166,2723500,23361,32461.852481126785,-1837.5625,-0.4072902,20.492693,81.17481578563003
142393,724.6931,1543490,0.99755216,0.94000244,0.18377346,-18.42673,228315,2724990,23374,32472.175331115723,-1880.9517,-0.16741337,2.715293,81.0810310550076
142478,722.9713,1544340,0.9975662,0.9399414,0.18116543,-15.209891,228499,2726830,23387,32482.434160470963,-1898.0902,-0.16012034,2.3309875,82.06224656998215
142559,742.5156,1545150,0.99750185,0.9336548,0.19872122,-11.011702,228648,2728320,23400,32492.702657938004,-1916.397,-0.18042727,2.407201,81.98542721318435
142644,717.82086,1546000,0.9974816,0.9326172,0.20021802,-9.264038,228836,2730200,23413,32502.94946026802,-1883.5254,-0.17471245,2.8383548,84.93946204729592
142726,748.6316,1546820,0.99754643,0.93859863,0.19041207,-6.565794,228979,2731630,23426,32513.266711711884,-1920.5168,-0.15124008,2.6659324,79.85756529665369
142813,721.39246,1547690,0.9975414,0.9407959,0.18519485,-1.8534307,229145,2733290,23439,32523.491275310516,-1874.492,-0.15191509,2.5763094,80.05762433239448
142891,713.7446,1548470,0.9975364,0.93341064,0.19037035,-7.933681,229295,2734790,23452,32533.775794267654,-1893.6924,-0.15593156,2.4602659,77.69466498601304
142979,725.6707,1549350,0.99723005,0.9081421,0.3009156,-2.4418955,229465,2736490,23465,32544.021152973175,-1914.7205,-0.21684703,8.247296,83.88484794129586
143057,723.6143,1550130,0.9975488,0.93530273,0.18806195,-5.443695,229614,2737980,23478,32554.2833609581,-1884.8906,-0.1715709,2.2287402,81.14242635196592
143145,685.9591,1551010,0.99755096,0.93640137,0.18596007,-1.1725374,229797,2739810,23491,32564.59762072563,-1820.1289,-0.15960924,1.8377988,79.39220811024477
143222,739.8413,1551780,0.99744415,0.93859863,0.21458255,-1.2423928,229947,2741310,23504,32574.84193468094,-1937.7185,-0.16282341,4.5782747,83.88919962961123
143313,732.5976,1552690,0.99753356,0.935791,0.19492675,-6.229619,230133,2743170,23517,32585.150832891464,-1919.5314,-0.17126033,2.6789382,81.60615698537302
143391,709.07214,1553470,0.99754715,0.9421997,0.1798228,-10.565279,230284,2744680,23530,32595.41126561165,-1848.6559,-0.16915035,2.7604709,81.64733557337054
143477,724.7667,1554330,0.9974859,0.93914795,0.19987912,-11.928106,230453,2746370,23543,32605.791634082794,-1892.7305,-0.150745,3.7756586,80.51325398846389
143559,769.64197,1555150,0.99754953,0.9369507,0.18433957,-10.565866,230608,2747920,23556,32616.146755218506,-1977.3237,-0.15409595,2.0934744,78.33170144389679
143646,701.07385,1556020,0.9974303,0.9246826,0.22754297,-10.959246,230790,2749740,23569,32626.407841444016,-1746.053,-0.19478525,3.3579655,82.30505140320162
143718,711.2446,1556740,0.9975457,0.9407959,0.1910499,-17.331612,230934,2751180,23582,32636.66040968895,-1813.2124,-0.15915012,2.2974136,79.9227602699389
143810,732.39355,1557660,0.9975352,0.9404297,0.18342227,-7.9786143,231102,2752860,23595,32647.00664615631,-1869.3878,-0.15599813,2.4016387,78.35506912812309
143888,742.8258,1558440,0.9975276,0.9416504,0.1864268,-12.449998,231263,2754470,23608,32657.297494888306,-1910.5278,-0.16799507,3.191286,79.10145543366124
143981,720.6491,1559370,0.9975574,0.94091797,0.18226668,-12.294494,231427,2756110,23621,32667.533259391785,-1873.9214,-0.15204799,2.6388328,82.03262963889935
144056,741.45276,1560120,0.9975593,0.9400635,0.18661089,-9.968458,231575,2757590,23634,32677.76889681816,-1945.7202,-0.16117287,2.1595054,79.37741786010307
144144,713.93005,1561000,0.997586,0.9428711,0.17751136,-13.624811,231760,2759440,23647,32688.28313755989,-1873.926,-0.15471338,2.605723,82.08613624743438
144221,751.3038,1561770,0.99750113,0.9332886,0.19622566,-12.899101,231909,2760930,23660,32698.543993234634,-1934.5466,-0.17627522,2.6322112,79.54394978369807
142581,784.22473,1545370,0.99759364,0.9456787,0.15818544,-13.764812,229068,2732520,23403,32392.7856464386,-2054.409,-0.13290702,2.1644287,98.61271847877278
142671,782.70557,1546270,0.9976299,0.9468994,0.16032663,-10.747078,229247,2734310,23418,32402.955420732498,-2040.2545,-0.14027646,2.5414953,91.88605306711348
142775,785.3811,1547310,0.9975796,0.9508667,0.17113122,-10.911113,229456,2736400,23433,32413.18652319908,-2015.0818,-0.12585327,3.877339,92.9204444361367
142865,822.45105,1548210,0.99752617,0.9470825,0.18425404,-10.652131,229637,2738210,23448,32423.341757535934,-2061.819,-0.12580597,4.525609,94.68145204668689
142966,780.85596,1549220,0.9976542,0.95202637,0.1525945,-11.535962,229853,2740370,23463,32433.5396361351,-2011.5272,-0.12247923,2.5924215,94.9152296899751
143056,797.1793,1550120,0.99760246,0.9468994,0.16200994,-12.902833,230040,2742240,23478,32443.770923376083,-2069.6401,-0.13668233,2.8221107,92.2341021127547
143158,747.84705,1551140,0.99762964,0.9484253,0.14742172,-10.747898,230236,2744200,23493,32453.959805727005,-1983.0809,-0.13313892,1.5739996,95.67282220713425
143248,780.5584,1552040,0.9975941,0.94537354,0.16588652,-11.469645,230439,2746230,23508,32464.11348080635,-2005.3184,-0.14054194,2.7769742,96.98636119757278
143351,791.9226,1553070,0.997555,0.9470825,0.17132278,-13.308589,230641,2748250,23523,32474.270755767822,-2053.3901,-0.15271686,3.5278282,95.89350510911983
143439,752.31885,1553950,0.99760747,0.9499512,0.16134983,-13.252413,230825,2750090,23538,32484.426443338394,-1955.8137,-0.12362409,3.2582436,94.19677015128796
143542,786.9785,1554980,0.9976332,0.9501343,0.15499547,-13.314429,231045,2752290,23553,32494.639805316925,-2045.1954,-0.12843011,2.8547392,91.48084864202622
143632,778.9431,1555880,0.9976022,0.9495239,0.1666578,-11.883907,231225,2754090,23568,32504.761095046997,-2023.1265,-0.12771302,3.496396,94.34671281687557
143733,753.5269,1556890,0.99762464,0.9553833,0.14955723,-14.507313,231425,2756090,23583,32514.930812120438,-1966.9141,-0.12654607,2.5466015,96.06402659090396
143824,733.7109,1557800,0.99765754,0.95544434,0.14350861,-13.109804,231618,2758020,23598,32525.08686518669,-1951.0918,-0.11906259,2.5179567,94.98397834764569
143928,758.0073,1558840,0.99759483,0.9473877,0.17037359,-9.026801,231818,2760020,23613,32535.234432697296,-2009.7437,-0.1363433,3.7050664,94.54835735122047
144017,737.00916,1559730,0.9976127,0.95147705,0.15867522,-13.838755,231998,2761820,23628,32545.363089561462,-1985.8644,-0.13087685,3.4338534,95.36102061181433
144119,739.32306,1560750,0.99755764,0.94744873,0.18049768,-17.221113,232196,2763800,23643,32555.53161549568,-1973.5625,-0.1291011,4.7445955,91.8284990623373
144209,737.66907,1561650,0.99768806,0.95391846,0.137434,-15.430075,232398,2765820,23658,32565.705146074295,-1950.0742,-0.11965672,1.6496649,95.29774695328896
144311,717.499,1562670,0.99768853,0.9559326,0.13627139,-17.31962,232599,2767830,23673,32575.89070725441,-1939.4084,-0.1181028,1.7468116,93.95832427651321
144403,733.21924,1563590,0.9976351,0.95410156,0.15684795,-12.87436,232781,2769650,23688,32586.124611854553,-1965.0731,-0.12367158,3.6521487,92.0634742511828
144506,725.9069,1564620,0.997679,0.9523926,0.15127057,-15.834028,232996,2771800,23703,32596.257573366165,-1987.3757,-0.112967335,2.6037512,96.93165740268303
144593,751.21655,1565490,0.99750566,0.94415283,0.1839573,-12.554514,233174,2773580,23718,32606.428785800934,-2012.9979,-0.14633359,4.7443233,94.34154015065943
144696,762.256,1566520,0.99759793,0.9450073,0.16692927,-14.080682,233388,2775720,23733,32616.670751094818,-2016.024,-0.13845485,3.0066767,91.44619405494291
144785,668.2975,1567410,0.9975996,0.94055176,0.16986912,-12.838893,233562,2777460,23748,32626.812289714813,-1794.8884,-0.14386208,2.841776,95.73283937338222
144888,729.67725,1568440,0.99767303,0.9536743,0.14446495,-15.917504,233761,2779450,23763,32636.99786925316,-1963.1545,-0.122320384,1.6332133,93.95546315255245
144976,732.7363,1569320,0.9976201,0.9493408,0.15117085,-16.452965,233960,2781440,23778,32647.165770292282,-1968.3031,-0.13255498,2.1566916,94.28789062925341
145078,715.48364,1570340,0.99766207,0.94921875,0.14487314,-14.885248,234158,2783420,23793,32657.365097999573,-1933.0293,-0.12759407,1.7061281,92.3403910738863
145167,733.09973,1571230,0.9976456,0.95111084,0.1539538,-15.035833,234338,2785220,23808,32667.53877878189,-1999.1167,-0.098605126,2.6118379,94.74304027106201
145272,730.1174,1572280,0.9976542,0.954834,0.14662543,-13.911383,234554,2787380,23823,32677.91104912758,-1942.9819,-0.109378204,2.5170364,73.86497977373996
145359,730.9197,1573150,0.9976165,0.95007324,0.16264045,-16.385883,234736,2789200,23838,32688.074924707413,-1981.6233,-0.13383155,3.1227717,90.97483949331945
144310,739.4301,1562660,0.9975722,0.94091797,0.18398689,-13.294187,232093,2762770,23673,32708.896744012833,-1914.131,-0.15047681,2.144342,81.10513692690806
144388,706.2945,1563440,0.9975028,0.9345703,0.19520624,-13.891833,232247,2764310,23686,32719.241417884827,-1806.3416,-0.17753394,1.8407686,80.05530840633737
144478,737.9447,1564340,0.9975445,0.9394531,0.18383142,-8.639942,232408,2765920,23699,32729.47275853157,-1900.1693,-0.16980857,1.58771,82.70948587006959
144554,773.3238,1565100,0.99751735,0.93688965,0.19618922,-9.6354475,232559,2767430,23712,32739.81445169449,-1976.5242,-0.18237984,2.2849472,80.18683574175722
144646,736.1804,1566020,0.99754477,0.939209,0.18901283,-12.999357,232735,2769190,23725,32750.049847126007,-1927.9407,-0.15797374,2.393394,79.4858666205528
144718,763.1913,1566740,0.9975674,0.9406128,0.18690635,-10.499365,232885,2770690,23738,32760.392631053925,-1963.5264,-0.16363332,2.3801126,82.5867580210716
144809,761.6942,1567650,0.99752593,0.9366455,0.19269879,-10.211572,233067,2772510,23751,32770.69724440575,-1971.4939,-0.17194693,2.4399424,79.50467665062962
144885,787.25183,1568410,0.997499,0.9302368,0.20219341,-12.047453,233216,2774000,23764,32780.97972559929,-1999.3011,-0.1719818,2.576649,85.56385347308617
144976,772.2831,1569320,0.9975016,0.93255615,0.1995743,-5.479574,233387,2775710,23777,32791.31501865387,-2011.471,-0.1738996,2.2025585,80.35577459889534
145053,743.83167,1570090,0.9966488,0.85565186,0.7508309,-9.557468,233535,2777190,23790,32801.66513419151,-1891.2141,-0.4268162,32.301327,79.60967230592887
145143,736.87756,1570990,0.9975779,0.94018555,0.17847508,-11.747072,233720,2779040,23803,32812.051763772964,-1918.3425,-0.1746727,1.491196,79.10842552589546
145220,770.432,1571760,0.99754477,0.9359131,0.18794969,-11.538563,233871,2780550,23816,32822.3565993309,-1981.9688,-0.17084327,1.9671234,78.99916685133667
145310,757.0598,1572660,0.9975202,0.9362793,0.19944596,-10.680765,234037,2782210,23829,32832.657542943954,-1970.6887,-0.16129419,3.416689,83.23959448694251
145387,732.6266,1573430,0.99756837,0.9445801,0.18122038,-10.9819355,234186,2783700,23842,32842.97022438049,-1919.1672,-0.14411148,2.7600079,81.73720878114374
145474,699.08325,1574300,0.9975736,0.94451904,0.17453475,-13.592079,234371,2785550,23855,32853.23945188522,-1774.0116,-0.15587898,2.1992311,81.79865501037432
145552,740.56116,1575080,0.99753594,0.9423218,0.18330097,-5.7741337,234521,2787050,23868,32863.56670331955,-1939.5981,-0.16745083,1.4863496,82.01295535772663
145639,769.9645,1575950,0.99754095,0.93914795,0.19466239,-7.4899745,234706,2788900,23881,32873.88935351372,-1966.04,-0.17927887,2.3668923,79.93601675218552
145718,743.3124,1576740,0.9975405,0.94073486,0.18362844,-8.13307,234836,2790200,23894,32884.145370960236,-1939.2653,-0.14644912,2.323388,83.03088780278377
145807,733.4691,1577630,0.9975524,0.9381714,0.18775591,-4.9473567,235018,2792020,23907,32894.45180439949,-1926.8093,-0.15096998,2.4944906,80.5713736865359
145885,756.9407,1578410,0.9975498,0.93865967,0.18605168,-7.0499415,235166,2793500,23920,32904.74752163887,-1973.5674,-0.1425058,2.6437066,80.07125997440086
145974,747.69055,1579300,0.9975102,0.9390259,0.18953577,-4.430281,235334,2795180,23933,32915.050154685974,-1980.3931,-0.15794772,2.7837017,80.06211331289295
146052,743.43005,1580080,0.99751496,0.94122314,0.18833178,-7.6373053,235485,2796690,23946,32925.36948776245,-1964.1259,-0.1614637,3.2190373,80.30084789366748
146142,741.26526,1580980,0.9974294,0.92559814,0.21460834,-8.189067,235663,2798470,23959,32935.726430892944,-1858.285,-0.19282687,2.6481333,79.27279943677678
146219,728.6051,1581750,0.99756384,0.9411621,0.18079734,-10.597603,235810,2799940,23972,32946.01094818115,-1901.6498,-0.16523153,1.861788,81.84826287506799
146308,744.99506,1582640,0.99754286,0.9355469,0.19441879,-14.113909,235989,2801730,23985,32956.3495054245,-1945.6218,-0.14641196,2.5626974,81.41787177408372
146383,761.01227,1583390,0.9975488,0.9420166,0.1851495,-8.919753,236141,2803250,23998,32966.63394212723,-1990.6487,-0.15641354,2.7341833,80.27570524286025
146474,752.38153,1584300,0.99748707,0.94085693,0.19782048,-9.760562,236304,2804880,24011,32976.979367256165,-1977.4854,-0.17493193,3.6147816,80.73438617037819
146552,757.68835,1585080,0.9975257,0.93536377,0.18895519,-8.345595,236454,2806380,24024,32987.518136262894,-1999.6936,-0.16942453,2.3502984,81.9347526562705
146639,750.5047,1585950,0.9975095,0.9403076,0.19945422,-11.068355,236633,2808170,24037,32997.83202433586,-2003.7622,-0.15285201,4.272732,82.22860822263243
146721,765.49506,1586770,0.9975219,0.93536377,0.19261637,-12.357275,236782,2809660,24050,33008.14282631874,-1976.1619,-0.17218803,2.5462985,80.1360150076961
145462,742.1299,1574180,0.9975064,0.94055176,0.1938871,-15.409395,234943,2791270,23853,32698.24829006195,-1971.9937,-0.14575414,4.70352,93.30861746295261
145550,715.2604,1575060,0.99765396,0.95526123,0.14504978,-15.779332,235120,2793040,23868,32708.490649461746,-1925.6768,-0.122290365,2.7561135,94.07508821879172
145655,753.8712,1576110,0.99756384,0.940979,0.17859185,-16.870968,235347,2795310,23883,32718.705620527267,-1992.1328,-0.13934377,3.8664148,93.41957702947583
145744,720.4249,1577000,0.9962592,0.72906494,4.117884,-17.668484,235523,2797070,23898,32728.91512322426,-1904.9268,-3.1747732,91.5631,92.40606343299638
145846,717.49023,1578020,0.9976461,0.95080566,0.1441705,-16.62983,235718,2799020,23913,32739.07625937462,-1900.3777,-0.13062887,1.4342768,92.77041249733027
145936,727.42126,1578920,0.9975946,0.9558716,0.16185617,-17.57129,235917,2801010,23928,32749.296232700348,-1910.8806,-0.11646882,4.0354214,93.79142131488406
146038,755.1262,1579940,0.9976239,0.953125,0.15355638,-16.570444,236116,2803000,23943,32759.532423973083,-1982.624,-0.12769565,2.70673,92.17873857490027
146128,724.7174,1580840,0.99767804,0.9545288,0.1413404,-16.180326,236317,2805010,23958,32769.711522340775,-1907.2205,-0.11804031,2.15514,93.1322820674995
146231,739.095,1581870,0.9975796,0.9520874,0.16410285,-16.25433,236512,2806960,23973,32779.84785056114,-1963.0693,-0.12420328,3.6054788,96.81806954976166
146320,762.4187,1582760,0.99762607,0.94610596,0.16143,-11.353574,236692,2808760,23988,32790.06415748596,-2034.2926,-0.1414954,2.2380586,93.35687210928405
146423,756.7562,1583790,0.9975393,0.94073486,0.18273321,-16.761303,236904,2810880,24003,32800.30703830719,-1987.388,-0.15342408,3.4578483,95.37182852392152
146513,740.87683,1584690,0.9975779,0.94732666,0.1793727,-13.816162,237080,2812640,24018,32810.530505657196,-1967.4805,-0.12732488,4.481703,93.3629764526129
146615,747.0088,1585710,0.9976728,0.9515381,0.14413889,-15.870508,237293,2814770,24033,32820.76118469238,-1982.0969,-0.13979772,1.6255709,93.9987274729623
146705,734.8174,1586610,0.99765015,0.95043945,0.15000087,-14.029129,237471,2816550,24048,32830.951384067535,-1954.8167,-0.14077775,1.8444687,97.64364196143222
146806,732.1753,1587620,0.99765396,0.9555054,0.14232628,-16.29403,237684,2818680,24063,32841.18706488609,-1961.336,-0.1279821,1.8898094,91.83877239685668
146895,746.76715,1588510,0.9976587,0.9526367,0.15081292,-13.115796,237859,2820430,24078,32851.374640226364,-1976.0743,-0.117576346,2.5101502,95.0023662515758
146999,736.14996,1589550,0.997622,0.94921875,0.15512589,-15.937319,238065,2822490,24093,32861.563286304474,-1976.3943,-0.14022377,1.9936271,94.9238891588181
147087,731.97095,1590430,0.99758625,0.9439697,0.1698254,-15.376453,238236,2824200,24108,32871.76675224304,-1953.1703,-0.13578439,3.0264559,93.60026667670888
147190,718.08655,1591460,0.9976487,0.95495605,0.14492953,-13.81764,238458,2826420,24123,32882.00358581543,-1913.741,-0.122207254,2.1783466,92.35980333125747
147280,744.51917,1592360,0.9976301,0.9552002,0.16021709,-12.306318,238632,2828160,24138,32892.254578351974,-1986.4756,-0.14049393,3.8620648,91.91279572819457
147382,726.95483,1593380,0.99768066,0.95562744,0.13687588,-13.272713,238853,2830370,24153,32902.419798374176,-1918.435,-0.12062048,1.5528374,96.5408334646029
147472,737.28174,1594280,0.99762225,0.95373535,0.14505374,-15.112347,239026,2832100,24168,32912.59393143654,-1966.1392,-0.1393893,1.8401656,93.535428659038
147575,728.8006,1595310,0.9976764,0.9546509,0.1512917,-13.277297,239224,2834080,24183,32922.758645534515,-1947.9609,-0.115750715,2.3557422,92.83409756875265
147663,747.78015,1596190,0.99765587,0.94799805,0.15098211,-12.852504,239416,2836000,24198,32932.99468111992,-1982.8862,-0.13434976,1.9741693,96.57758141810699
147767,751.9596,1597230,0.99760437,0.94854736,0.16249426,-11.983395,239614,2837980,24213,32943.2029941082,-2003.0901,-0.13537736,2.56313,95.14112662128802
147856,755.1487,1598120,0.9975591,0.9460449,0.17702968,-14.346203,239791,2839750,24228,32953.38759350777,-2016.7656,-0.13238138,3.750116,94.98475137026776
147958,753.79614,1599140,0.9975691,0.94903564,0.16804594,-14.50516,240002,2841860,24243,32963.56770133972,-1970.3772,-0.15195593,3.022944,96.50449509901729
148049,759.04626,1600050,0.9976249,0.953125,0.1445292,-10.415697,240179,2843630,24258,32973.789343595505,-1959.4724,-0.13796328,1.1934807,91.06860386929378
148151,769.59247,1601070,0.99763465,0.9522705,0.14520332,-8.574551,240406,2845900,24273,32984.17575836182,-2009.678,-0.13681671,1.3060095,93.67088176485572
148240,744.1552,1601960,0.99766374,0.95635986,0.1446683,-9.877619,240579,2847630,24288,32994.42488002777,-1956.343,-0.11222887,2.3369112,93.77048548111809
146806,745.79254,1587620,0.99759674,0.9448242,0.17775583,-6.597871,236960,2811440,24063,33018.44907903671,-1965.7045,-0.14903653,2.7510638,77.49492798600426
146883,748.5516,1588390,0.9975896,0.944397,0.17406368,-12.060505,237107,2812910,24076,33028.80768561363,-1956.01,-0.14710803,2.0820007,83.68468756907205
146974,779.8894,1589300,0.99756837,0.9463501,0.17580262,-11.371334,237273,2814570,24089,33039.13998126984,-1985.1719,-0.15302363,2.7664232,81.77861942168462
147050,762.69543,1590060,0.99748516,0.9376221,0.20787603,-10.688795,237423,2816070,24102,33049.466913700104,-2013.7979,-0.16606319,4.059822,80.95810368325797
147140,784.5323,1590960,0.9975014,0.9373169,0.20186295,-15.526674,237602,2817860,24115,33059.778789281845,-1998.534,-0.15190017,3.5446846,79.19611105226932
147214,806.40674,1591700,0.99746823,0.93408203,0.21164268,-13.821087,237750,2819340,24128,33070.13448405266,-2014.7203,-0.16710173,4.1575327,79.3682412854301
147307,787.7223,1592630,0.9975326,0.9398804,0.19446382,-15.307156,237929,2821130,24141,33080.508091926575,-1997.5645,-0.15572403,3.2843528,78.76856047168037
147386,740.836,1593420,0.99760056,0.9450073,0.1766327,-14.467783,238075,2822590,24154,33090.919114112854,-1888.3529,-0.15721066,2.1459675,85.43811679031914
147471,787.2715,1594270,0.9975507,0.9402466,0.1827023,-10.917003,238255,2824390,24167,33101.31134414673,-1967.0559,-0.16667107,2.2161765,81.14865685574769
147546,775.584,1595020,0.9975407,0.9458618,0.18466705,-11.847435,238408,2825920,24180,33111.747542858124,-1971.9829,-0.15297699,3.253807,77.30649965599696
147640,777.7704,1595960,0.9975169,0.94348145,0.1944859,-11.665998,238586,2827700,24193,33122.11399912834,-1957.4685,-0.17378648,3.6190157,76.88218502158232
147714,768.329,1596700,0.9975419,0.947876,0.18448818,-10.107982,238732,2829160,24206,33132.47822380066,-1946.8159,-0.16417246,3.548566,78.7491499060797
147806,783.6368,1597620,0.99753547,0.9417114,0.19329725,-10.515593,238900,2830840,24219,33142.815288066864,-1958.9441,-0.15774494,3.6747305,78.03295032277363
147882,774.2811,1598380,0.99756336,0.94122314,0.18860042,-10.768367,239047,2832310,24232,33153.13104772568,-1967.4822,-0.15421706,3.2780118,79.96425795731415
147973,737.2498,1599290,0.9975424,0.9407959,0.18527038,-7.204663,239222,2834060,24245,33163.456161022186,-1915.3982,-0.13496852,3.5506861,79.04122350488569
148047,788.38794,1600030,0.9975107,0.93304443,0.20664477,-13.893255,239369,2835530,24258,33173.82378268242,-1990.1854,-0.1726345,3.195365,78.63744810071998
148138,748.2577,1600940,0.997592,0.94537354,0.1723612,-17.589436,239538,2837220,24271,33184.18311858177,-1907.3434,-0.14749978,2.1920176,77.25499414620332
148215,736.5072,1601710,0.99759793,0.94384766,0.18667555,-15.450991,239685,2838690,24284,33194.487295389175,-1912.645,-0.15158063,3.3418531,80.73846568451852
148306,746.7046,1602620,0.99753976,0.947937,0.18245602,-14.965661,239861,2840450,24297,33204.820418834686,-1932.4412,-0.1445908,3.5561156,80.17701607062052
148385,726.82336,1603410,0.99757624,0.94189453,0.18733725,-13.268513,240011,2841950,24310,33215.256147146225,-1912.1774,-0.14643994,3.2536445,81.33616578508575
148472,727.684,1604280,0.9976356,0.94647217,0.18261614,-17.28953,240192,2843760,24323,33225.58720993996,-1923.4807,-0.15862952,3.297637,81.09251875318897
148547,711.55164,1605030,0.9975829,0.9451294,0.17929226,-18.518936,240338,2845220,24336,33235.946392059326,-1927.9943,-0.14724347,3.2689476,79.6069336665865
148637,709.9453,1605930,0.9975426,0.9421387,0.19302458,-18.28135,240502,2846860,24349,33246.35629200935,-1893.9998,-0.15022404,4.029706,79.30031618449246
148713,679.5741,1606690,0.99763393,0.9525757,0.1681027,-9.226709,240665,2848490,24362,33256.76340150833,-1785.2278,-0.1425528,3.053867,80.93501240246644
148804,688.0458,1607600,0.997571,0.9433594,0.18907192,-9.620356,240827,2850110,24375,33267.1178457737,-1870.3171,-0.14434138,3.5313516,80.4991777213465
148882,686.0799,1608380,0.99763966,0.94970703,0.17367336,-12.866724,240976,2851600,24388,33277.51481103897,-1867.0331,-0.12489146,3.4725683,80.0636893509673
148968,673.7843,1609240,0.9975252,0.95062256,0.19684577,-12.887455,241158,2853420,24401,33288.1274638176,-1847.9808,-0.14129186,5.9555817,81.90617733274384
149047,662.5851,1610030,0.99766636,0.94940186,0.16497563,-12.237228,241307,2854910,24414,33298.536885261536,-1829.1913,-0.12340028,3.0800202,80.16674391601642
149136,661.06335,1610920,0.9975662,0.9470215,0.17876525,-11.103437,241486,2856700,24427,33308.883633852005,-1826.0156,-0.13804784,3.7377229,79.18003911873991
149214,656.28595,1611700,0.9976368,0.94989014,0.16974151,-9.933852,241636,2858200,24440,33319.18284583092,-1832.1055,-0.13146363,3.4721808,79.3507858355681
148345,743.3784,1603010,0.9976275,0.9547119,0.15116966,-10.63584,240797,2849810,24303,33004.651639699936,-1970.6707,-0.124387674,2.4866447,96.91059084907953
148432,746.97815,1603880,0.99763584,0.9547119,0.14638865,-12.387257,240973,2851570,24318,33014.86544251442,-1983.4922,-0.121137455,2.4094129,94.2782872136684
148535,753.2295,1604910,0.9976473,0.95422363,0.1442289,-7.8225293,241175,2853590,24333,33025.046397686005,-2011.1177,-0.12415342,1.9818425,95.15805742973183
148624,770.46844,1605800,0.99760604,0.9451294,0.16189225,-8.648805,241344,2855280,24348,33035.19661784172,-2054.2222,-0.13612127,2.2807903,96.67242855234153
148726,760.619,1606820,0.9976473,0.9467163,0.15379165,-10.097808,241561,2857450,24363,33045.40146756172,-2006.3755,-0.13019133,1.3548625,97.97443657540626
148816,747.77734,1607720,0.9976702,0.9506836,0.14744988,-7.3580427,241739,2859230,24378,33055.5621213913,-1998.6412,-0.12734623,1.5541968,95.49753585576227
148918,731.5951,1608740,0.99765205,0.9543457,0.14631206,-8.279053,241935,2861190,24393,33065.75087881088,-1955.9025,-0.12659568,2.1708987,94.28769191807608
149007,742.7959,1609630,0.997627,0.95214844,0.1533767,-11.731752,242136,2863200,24408,33075.9679145813,-2009.7778,-0.12584163,2.5775764,99.0062896097329
149113,747.4852,1610690,0.9976356,0.95233154,0.14817955,-9.416466,242329,2865130,24423,33086.14951610565,-2000.8307,-0.12831452,1.7985117,96.7375414611926
149202,739.9794,1611580,0.9976542,0.9537964,0.14434914,-10.3702755,242508,2866920,24438,33096.38255739212,-1976.1907,-0.12767082,1.7925072,93.12675708436572
149304,753.6814,1612600,0.99764204,0.9505615,0.14638878,-8.638829,242702,2868860,24453,33106.59859871864,-1973.4454,-0.1358694,1.291675,95.29341667684321
149394,741.802,1613500,0.9976437,0.9492798,0.14526384,-9.755262,242896,2870800,24468,33116.84507536888,-1977.2639,-0.1349783,1.5026138,92.94901568082393
149495,763.791,1614510,0.9976535,0.9519043,0.14941794,-8.237637,243112,2872960,24483,33127.11510825157,-2030.3096,-0.1293287,1.8176372,90.12504238742069
149586,757.24426,1615420,0.9976182,0.9555664,0.14741686,-8.536738,243283,2874670,24498,33137.30914568901,-2001.1187,-0.13298628,2.284749,93.07041386247022
149690,763.381,1616460,0.9975767,0.9463501,0.16354856,-9.156635,243502,2876860,24513,33147.54317331314,-2035.2239,-0.1465909,2.314293,96.64882979991222
149778,756.4392,1617340,0.9966388,0.85284424,1.0188079,-9.174263,243679,2878630,24528,33157.840940237045,-1984.2988,-0.5358761,46.779915,91.77456252153887
149881,735.8642,1618370,0.9976356,0.9526367,0.14094007,-12.756037,243894,2880780,24543,33168.095351696014,-1959.0094,-0.13080159,1.50826,93.12633708322015
149971,759.6111,1619270,0.9976003,0.9515381,0.1624079,-10.85771,244064,2882480,24558,33178.32446265221,-2034.5588,-0.13735436,3.1336727,95.54570104694861
150073,763.10706,1620290,0.9976387,0.9552002,0.14633203,-11.653279,244251,2884350,24573,33188.51696443558,-2029.0077,-0.12648787,2.1537018,96.13445012197865
150163,763.0056,1621190,0.9975903,0.9476929,0.16113621,-9.466392,244427,2886110,24588,33198.713945150375,-2055.507,-0.15034205,2.582313,95.01628797317808
150266,754.0799,1622220,0.9976032,0.9475708,0.16137785,-8.835758,244640,2888240,24603,33208.93084383011,-2000.7686,-0.12540929,2.5259106,92.73563918855288
150355,722.2189,1623110,0.99767256,0.9526367,0.14384288,-9.492813,244812,2889960,24618,33219.132594347,-1943.944,-0.120683976,1.5697129,92.37356524156935
150456,769.32275,1624120,0.9976063,0.95306396,0.15564814,-9.483551,245022,2892060,24633,33229.37276172638,-2031.6519,-0.13394937,2.0056481,92.13937844340029
150545,756.05774,1625010,0.9976311,0.95581055,0.14671683,-5.0488343,245197,2893810,24648,33239.633903980255,-2034.918,-0.12730168,2.5875096,95.20108608531217
150647,742.35925,1626030,0.9975965,0.9494629,0.1683532,-7.117464,245393,2895770,24663,33249.85209727287,-1994.8903,-0.1322985,3.7100124,93.78978280610336
150735,794.62494,1626910,0.9975755,0.9439697,0.17475292,-8.871672,245583,2897670,24678,33260.06089615822,-2079.516,-0.13047427,3.102673,94.76136845018554
150839,773.0824,1627950,0.99764013,0.95739746,0.1417352,-6.6782184,245775,2899590,24693,33270.25276350975,-2049.789,-0.1247586,2.309671,93.24392361955391
150927,729.23413,1628830,0.9976227,0.9463501,0.15924437,-9.011436,245974,2901580,24708,33280.65762090683,-1925.3508,-0.15223455,1.3575814,94.47631382687989
151031,755.3235,1629870,0.9976332,0.95092773,0.15020314,-0.19039887,246173,2903570,24723,33290.89995884895,-2010.5465,-0.1374715,1.8584933,95.26091833732745
151121,721.0145,1630770,0.9976263,0.954895,0.14913172,-8.969971,246365,2905490,24738,33301.122319698334,-1957.4606,-0.13599376,2.3555489,93.94346148529353
149304,620.0446,1612600,0.99763656,0.9510498,0.1565446,-11.8581085,241799,2859830,24453,33329.48771381378,-1727.7869,-0.13865268,2.4426522,79.36239848557283
149378,651.77924,1613340,0.9976578,0.95422363,0.15697905,-12.794228,241945,2861290,24466,33339.89528179169,-1804.0752,-0.13078988,2.5633125,78.44893163979279
149469,655.6841,1614250,0.99768376,0.9569702,0.14925754,-11.270948,242122,2863060,24479,33350.27153086662,-1806.5691,-0.11859749,2.465632,79.42916085476267
149543,642.5841,1614990,0.99764395,0.9522705,0.15099777,-12.260401,242273,2864570,24492,33360.68796944618,-1805.121,-0.12667492,2.584071,76.62359946336312
149637,628.67975,1615930,0.9976649,0.94744873,0.16497299,-12.532488,242439,2866230,24505,33371.10237574577,-1783.2239,-0.12414506,2.9511893,82.32941093480918
149711,641.98315,1616670,0.9976959,0.9567261,0.14679086,-12.918804,242583,2867670,24518,33381.50453209877,-1819.2654,-0.107196,2.8887205,78.97587817432122
149803,645.2195,1617590,0.99766684,0.95373535,0.14629728,-12.27532,242762,2869460,24531,33391.93495440483,-1802.876,-0.1310842,2.076014,77.3605039180917
149879,638.27515,1618350,0.99765325,0.9494629,0.16589814,-13.618631,242920,2871040,24544,33402.28497672081,-1833.8629,-0.1286293,3.0409112,82.23137907457193
149965,628.7081,1619210,0.9976895,0.9585571,0.14133446,-10.182674,243084,2872680,24557,33412.68896341324,-1784.5981,-0.10288509,2.6705222,81.28368133738205
150045,634.87146,1620010,0.9977107,0.9536133,0.14772335,-13.870669,243236,2874200,24570,33423.10307312012,-1800.1423,-0.1249796,2.2196763,82.82087415080478
150133,607.8213,1620890,0.9976766,0.961792,0.13662899,-9.699507,243415,2875990,24583,33433.43911457062,-1772.1035,-0.10130934,3.014443,81.27819297993294
150212,628.71564,1621680,0.99766064,0.9536133,0.15016706,-7.069476,243556,2877400,24596,33443.82319974899,-1783.1731,-0.108546056,2.6173813,79.12796698052306
150304,603.0933,1622600,0.997679,0.95428467,0.14368346,-12.097712,243738,2879220,24609,33454.18090939522,-1764.6184,-0.11303243,2.4213247,80.42212322912694
150377,613.55396,1623330,0.997658,0.95617676,0.15175995,-10.565611,243880,2880640,24622,33464.53612065315,-1765.5063,-0.12200798,3.0190415,79.42295659357208
150471,619.19824,1624270,0.9976654,0.9539795,0.14644304,-12.574182,244047,2882310,24635,33475.00733208656,-1732.3889,-0.12434031,2.0057714,79.97466889676348
150543,617.8563,1624990,0.9977269,0.95947266,0.13235974,-10.702876,244212,2883960,24648,33485.41960477829,-1773.1842,-0.11615084,1.8431093,80.36789983961476
150634,626.2379,1625900,0.9976888,0.9569092,0.14468786,-10.86396,244374,2885580,24661,33495.8488779068,-1806.3662,-0.12050911,2.3018177,83.78297457691129
150711,601.8445,1626670,0.9976573,0.9550781,0.14502609,-11.3616,244521,2887050,24674,33506.2560107708,-1709.3253,-0.12779218,2.6406407,84.21800420908907
150799,620.8885,1627550,0.99770975,0.95806885,0.13858956,-11.399506,244701,2888850,24687,33516.64288473129,-1788.6868,-0.11531378,2.2974677,78.35767656390342
150878,623.7498,1628340,0.997658,0.95318604,0.15080254,-11.918659,244847,2890310,24700,33526.99610328674,-1760.4586,-0.112375796,3.0623302,81.46835384644334
150969,610.66534,1629250,0.99678993,0.84558105,1.030085,-13.239208,245024,2892080,24713,33537.4097738266,-1731.6328,-0.68909556,36.15582,79.06066191305065
151040,611.0891,1629960,0.99775076,0.9621582,0.12202472,-11.593525,245165,2893490,24726,33547.74951839447,-1731.6646,-0.09214762,1.8873637,79.25894291275345
151137,606.6732,1630930,0.9976895,0.9642334,0.12855737,-9.755671,245337,2895210,24739,33558.121591329575,-1719.6545,-0.09371452,2.8432028,76.98720815979561
151212,618.23926,1631680,0.9977138,0.96258545,0.12514074,-9.594759,245480,2896640,24752,33568.500480651855,-1711.7347,-0.102474526,2.1565666,80.65331856286598
151298,643.23267,1632540,0.9976158,0.9536133,0.15323842,-7.610258,245644,2898280,24765,33578.848578453064,-1780.3708,-0.11995055,2.952539,80.23031067803889
151373,616.1796,1633290,0.9977226,0.9621582,0.124066524,-8.020666,245794,2899780,24778,33589.4525179863,-1744.6394,-0.104787424,1.9399972,78.32596454555058
151467,593.18774,1634230,0.9976969,0.95880127,0.13362207,-11.969454,245974,2901580,24791,33599.84235787392,-1655.4333,-0.1096851,1.9685233,79.34269417992984
151543,619.98193,1634990,0.99768806,0.9603882,0.13500974,-10.173268,246122,2903060,24804,33610.25023698807,-1742.9092,-0.119564556,2.208609,80.03015223695574
151635,600.919,1635910,0.99774766,0.96258545,0.12632678,-9.976585,246301,2904850,24817,33620.700280189514,-1689.8434,-0.10110021,2.199398,79.43141719007345
151709,617.0486,1636650,0.99770355,0.9608154,0.1338868,-7.6623545,246447,2906310,24830,33631.15085911751,-1726.5717,-0.106913105,2.2689013,79.96968941360825
151222,753.37537,1631780,0.99762034,0.95269775,0.14981678,-8.047422,246560,2907440,24753,33311.301983356476,-2018.8374,-0.13664573,1.9143984,93.54292544386946
151311,768.833,1632670,0.9976623,0.9546509,0.14558789,-5.117847,246742,2909260,24768,33321.53139424324,-2011.479,-0.11826292,1.8981482,93.87880392378355
151413,766.6642,1633690,0.99762154,0.95098877,0.1542176,-6.343402,246956,2911400,24783,33331.767431497574,-2042.8909,-0.13590348,1.8575788,93.3746678488852
151504,708.89777,1634600,0.9976368,0.95196533,0.14880168,-2.8855064,247127,2913110,24798,33341.99950957298,-1924.6785,-0.12824056,1.4695213,95.26625993393995
151606,770.7366,1635620,0.9976754,0.95410156,0.14707483,-3.4427643,247325,2915090,24813,33352.20843577385,-2040.1628,-0.12586696,1.4133234,92.26758051293861
151695,777.76697,1636510,0.9976406,0.95196533,0.15332496,-2.713194,247519,2917030,24828,33362.407774209976,-2096.6736,-0.13428675,2.188642,94.18107182428217
151798,770.6903,1637540,0.9976046,0.9494629,0.16077133,-8.701796,247716,2919000,24843,33372.62728333473,-2062.941,-0.14736658,2.4980817,96.36633324633746
151888,769.88293,1638440,0.99760723,0.9519043,0.15273833,-1.8511436,247884,2920680,24858,33382.86928343773,-2067.1604,-0.14479178,1.9403522,93.07954684153879
151990,737.8175,1639460,0.99765086,0.95513916,0.13929427,-6.0745997,248101,2922850,24873,33393.15776228905,-1977.1973,-0.12434695,1.267118,91.55741859918598
152079,744.49005,1640350,0.9976132,0.949646,0.15793464,-1.3778145,248284,2924680,24888,33403.40755867958,-2038.555,-0.13987395,1.9535241,93.45769595932411
152181,784.5267,1641370,0.997658,0.95428467,0.1476725,-5.7221785,248496,2926800,24903,33413.6092042923,-2084.7466,-0.1246131,1.6855066,90.60607797371622
152272,755.8739,1642280,0.99760365,0.95166016,0.15661421,-7.2162786,248674,2928580,24918,33423.8191549778,-2019.8179,-0.13443321,2.1594307,93.93353365641174
152375,743.105,1643310,0.9976454,0.9543457,0.1530455,-8.717752,248872,2930560,24933,33434.0420422554,-2028.9409,-0.14074236,2.3303432,95.89535497671879
152464,760.79626,1644200,0.9975848,0.9446411,0.16630456,-5.6662245,249051,2932350,24948,33444.26176762581,-2068.8787,-0.14522344,2.1499991,96.10192618814658
152567,772.18884,1645230,0.9975674,0.94122314,0.17905329,-5.686601,249262,2934460,24963,33454.53943443298,-2057.3462,-0.12942249,2.8584094,90.17054426053292
152657,744.8064,1646130,0.9976251,0.9477539,0.15752012,-6.840081,249434,2936180,24978,33464.81564927101,-2030.8298,-0.14158523,2.0560489,90.81368872746366
152758,757.8096,1647140,0.9976311,0.94763184,0.15552408,-7.885179,249651,2938350,24993,33475.03031349182,-2058.705,-0.13265511,2.0912476,94.60157030551495
152848,757.7598,1648040,0.9971483,0.9095459,0.36729437,-10.463087,249823,2940070,25008,33485.28371167183,-2020.3756,-0.27758262,15.036598,92.0865293212603
152950,784.04175,1649060,0.9976592,0.95025635,0.1577928,-7.996763,250017,2942010,25023,33495.46686625481,-2077.5447,-0.12356671,1.8819277,94.6015036269105
153039,752.84564,1649950,0.9976456,0.954834,0.15301186,-9.261739,250206,2943900,25038,33505.73753905296,-2022.9216,-0.12745029,2.7108583,93.8265647200692
153143,760.05273,1650990,0.99751806,0.94488525,0.18310297,-10.267215,250397,2945810,25053,33515.9377450943,-2073.0073,-0.15539607,3.9558067,95.93473297106435
153233,751.2729,1651890,0.99757504,0.9398804,0.18451744,-8.658947,250592,2947760,25068,33526.188782930374,-2068.2253,-0.13373458,3.9461622,93.37937771074027
153334,753.5642,1652900,0.9976151,0.9454346,0.16133524,-9.546072,250784,2949680,25083,33536.42005467415,-2058.8945,-0.14161798,2.3612823,93.94605884642198
153424,742.22644,1653800,0.99761486,0.95251465,0.15766409,-8.419087,250951,2951350,25098,33546.667610406876,-2061.6519,-0.13325843,2.6247284,93.56477075476302
153526,754.5764,1654820,0.9976337,0.9498291,0.15288454,-7.1869965,251164,2953480,25113,33556.90234589577,-2059.4731,-0.13740303,1.8792303,95.46707105595965
153616,776.673,1655720,0.9976084,0.95410156,0.15616399,-8.2210865,251339,2955230,25128,33567.207736730576,-2091.9346,-0.1107366,3.1735659,91.64447187801288
153718,743.688,1656740,0.9976392,0.9530029,0.14468619,-10.611285,251551,2957350,25143,33577.46782517433,-1984.2402,-0.1358511,1.353517,94.65407552919415
153808,780.7366,1657640,0.997627,0.9465332,0.162011,-6.0865517,251733,2959170,25158,33587.916672706604,-2097.3599,-0.14791171,1.5444653,91.47966396910005
153911,777.5939,1658670,0.9976187,0.95440674,0.16131884,-6.587888,251929,2961130,25173,33598.15839242935,-2097.5127,-0.12665182,3.0490718,93.7904054326961
154000,756.98737,1659560,0.99764323,0.95129395,0.15465279,-10.133811,252122,2963060,25188,33608.3651432991,-2033.2947,-0.13121215,2.1786718,99.08391084659415
151799,601.89624,1637550,0.9977367,0.963501,0.11992192,-11.900452,246626,2908100,24843,33641.5891084671,-1712.4111,-0.102727324,1.7721882,78.3966715604572
151878,617.53656,1638340,0.99770236,0.95910645,0.13713616,-5.926362,246773,2909570,24856,33651.9955201149,-1740.4786,-0.10298927,2.4026105,78.41483211685656
151967,611.0824,1639230,0.9976599,0.95562744,0.14507562,-10.328256,246950,2911340,24869,33662.37169218063,-1724.9371,-0.11299907,3.0522223,79.58791004670577
152045,603.3209,1640010,0.9977646,0.9663696,0.11312217,-11.033483,247094,2912780,24882,33672.77398467064,-1699.376,-0.10021198,1.6436327,80.1692099507789
152129,620.29956,1640850,0.9977021,0.96276855,0.12514418,-10.799297,247273,2914570,24895,33683.248024225235,-1747.6965,-0.10190296,1.91248,77.13901925691947
152210,611.6735,1641660,0.997658,0.9603882,0.13865827,-10.377453,247416,2916000,24908,33693.658589839935,-1695.1917,-0.10700251,3.2300217,79.84010769257766
152296,617.5924,1642520,0.99765754,0.9588623,0.13915914,-8.848457,247596,2917800,24921,33704.059718847275,-1740.688,-0.11590474,3.2771692,81.79937787052296
152370,613.91064,1643260,0.9977088,0.9598999,0.12576044,-10.776798,247741,2919250,24934,33714.45361638069,-1733.0344,-0.10373967,2.1586494,79.59503693830865
152464,603.61304,1644200,0.9976654,0.9576416,0.14638427,-11.323509,247900,2920840,24947,33724.810952186584,-1594.2058,-0.119332716,3.1495104,79.70966708386969
152544,619.9195,1645000,0.9977002,0.95996094,0.13381855,-11.811084,248041,2922250,24960,33735.1873087883,-1718.2115,-0.106887944,1.6484623,81.25135254736564
152634,613.4005,1645900,0.9977486,0.9642334,0.11915155,-10.300161,248220,2924040,24973,33745.59090709686,-1694.1902,-0.10635797,1.871535,80.66485505232156
152709,616.5073,1646650,0.9977648,0.9678345,0.11957215,-10.794806,248368,2925520,24986,33756.050121068954,-1711.9471,-0.09570242,2.2103858,75.82095737583415
152798,612.7118,1647540,0.9977231,0.96447754,0.11856702,-12.28138,248542,2927260,24999,33766.457639455795,-1683.2207,-0.098967195,1.7885044,79.06993053133631
152874,622.50696,1648300,0.9976647,0.95892334,0.13308695,-10.406271,248693,2928770,25012,33776.84953832626,-1731.5897,-0.12043322,1.9013766,80.653245864363
152964,614.3855,1649200,0.9977083,0.9612427,0.12695435,-8.570938,248857,2930410,25025,33787.26637673378,-1709.6838,-0.10093343,2.1032455,80.32518906393118
153040,611.2998,1649960,0.9976821,0.9603882,0.13411862,-9.364866,249015,2931990,25038,33797.68178606033,-1697.9967,-0.10798438,2.5280166,80.2214153324595
153129,596.7064,1650850,0.9976814,0.9584961,0.1299809,-13.070217,249169,2933530,25051,33808.045090675354,-1599.3943,-0.12555937,1.92206,83.36678309766073
153209,616.6969,1651650,0.9977095,0.9642334,0.12426992,-9.86839,249316,2935000,25064,33818.511001586914,-1662.6678,-0.09995867,2.0911336,78.62830362216533
153294,603.1171,1652500,0.9977064,0.9623413,0.1259486,-7.95564,249493,2936770,25077,33828.86044001579,-1658.2092,-0.107326806,2.1305773,83.9434238514185
153374,592.92395,1653300,0.9976649,0.95983887,0.13966343,-11.635852,249635,2938190,25090,33839.27464389801,-1655.7297,-0.08529229,3.3086276,78.05981721177733
153465,614.9113,1654210,0.99771285,0.9588623,0.1302023,-10.983805,249813,2939970,25103,33849.73923921585,-1704.4993,-0.10628265,2.1347036,77.66225143912231
153540,607.03064,1654960,0.9977567,0.9650879,0.12400322,-12.31986,249960,2941440,25116,33860.16073489189,-1661.0654,-0.10095055,2.7740157,80.18369797559917
153632,618.3755,1655880,0.9977195,0.9628296,0.12708008,-11.098585,250140,2943240,25129,33870.639702796936,-1691.4858,-0.088910826,2.2994204,78.44657030079
153714,609.6887,1656700,0.9976597,0.9594116,0.13771564,-9.904313,250307,2944910,25142,33881.33828473091,-1686.4053,-0.107754454,2.819987,63.84668164788306
153789,604.4134,1657450,0.99772716,0.9602051,0.13110879,-11.363663,250458,2946420,25155,33891.78104400635,-1662.5579,-0.093465075,2.725445,79.62889530094353
153881,616.5314,1658370,0.9977021,0.95928955,0.13763456,-12.237999,250615,2947990,25168,33902.22390317917,-1695.0181,-0.10669687,2.9907792,77.39942748135624
153953,606.14087,1659090,0.9977169,0.96362305,0.12011869,-12.408517,250759,2949430,25181,33912.6129553318,-1685.7772,-0.100969374,2.0882907,79.60608378234349
154046,606.34656,1660020,0.9977186,0.96520996,0.11950568,-11.339458,250933,2951170,25194,33923.03749847412,-1640.2383,-0.112443075,1.4295161,80.0345665496122
154121,613.8059,1660770,0.99773693,0.96655273,0.115165725,-10.522778,251075,2952590,25207,33933.37781214714,-1677.8193,-0.10921767,1.7615068,84.37381337494051
154212,602.652,1661680,0.99775386,0.9675293,0.1134046,-11.149001,251250,2954340,25220,33943.74236536026,-1677.8596,-0.09150833,1.8696989,82.22112785503793
154102,750.4776,1660580,0.99760175,0.9544678,0.15187955,-5.8193636,252313,2964970,25203,33618.62190771103,-2075.8296,-0.13430592,2.181519,90.93483706046909
154192,742.1102,1661480,0.9976754,0.95648193,0.1424518,-5.9829407,252488,2966720,25218,33628.88197565079,-2068.298,-0.11754788,2.1921668,95.69731131064827
154294,768.9957,1662500,0.99762535,0.9515991,0.161118,-10.558961,252701,2968850,25233,33639.13803553581,-2107.31,-0.1395939,3.078355,94.28550615040345
154383,747.6374,1663390,0.99762607,0.95184326,0.15162519,-8.319904,252872,2970560,25248,33649.36213207245,-2014.5039,-0.1374608,1.4577351,95.55872792676698
154487,774.626,1664430,0.9976442,0.9543457,0.14382991,-8.918283,253079,2972630,25263,33659.61992263794,-2092.8208,-0.1337412,1.906601,91.35090482962619
154575,781.1666,1665310,0.99759984,0.94659424,0.16752389,-8.941284,253246,2974300,25278,33669.82687878609,-2112.0925,-0.1414149,2.6300118,92.35363881698368
154678,770.74866,1666340,0.99762464,0.95355225,0.15532587,-6.994116,253456,2976400,25293,33680.05378365517,-2075.588,-0.13200378,2.6142888,94.19683626057075
154768,762.0704,1667240,0.9975865,0.9472656,0.16508684,-9.414988,253628,2978120,25308,33690.3590593338,-2113.1335,-0.14471647,2.5753975,89.24893706719651
154871,764.96313,1668270,0.9976058,0.94506836,0.17123675,-10.494013,253845,2980290,25323,33700.64784216881,-2085.1338,-0.13645087,2.8942432,92.06555820748301
154960,729.032,1669160,0.99765825,0.94958496,0.15032622,-10.447282,254012,2981960,25338,33710.903242349625,-1980.3936,-0.145391,1.4988319,94.0877171460277
155063,754.1533,1670190,0.9976144,0.9530029,0.1519409,-5.6826754,254225,2984090,25353,33721.20822906494,-2071.8584,-0.14281166,1.8472676,91.7527296591515
155152,738.3767,1671080,0.9976773,0.9586792,0.14072432,-9.522608,254394,2985780,25368,33731.516897678375,-2042.4121,-0.11845583,1.724,91.93039144708229
155254,764.81836,1672100,0.99758744,0.9517212,0.16538344,-10.525795,254586,2987700,25383,33741.74127697945,-2072.294,-0.13921513,3.8814006,95.64449461197836
155343,755.50226,1672990,0.997596,0.9483032,0.15571317,-11.227135,254782,2989660,25398,33752.032542705536,-2067.536,-0.13479865,1.9806354,93.84798494714931
155447,766.66315,1674030,0.997643,0.95098877,0.15211077,-11.767915,254971,2991550,25413,33762.31847381592,-2091.3218,-0.12765652,2.3627925,91.48907984844266
155536,758.7423,1674920,0.99761915,0.95196533,0.1562227,-10.798218,255147,2993310,25428,33772.55015897751,-2082.5752,-0.128481,2.5930452,93.76747201494493
155639,791.2706,1675950,0.9976015,0.9505005,0.15980446,-9.334755,255352,2995360,25443,33782.741109371185,-2140.1885,-0.143383,2.6782126,98.82546356053071
155727,747.87177,1676830,0.9976599,0.95391846,0.14196345,-11.458644,255522,2997060,25458,33792.99591207504,-1980.48,-0.13047723,1.4155715,93.25011038118069
155830,772.4225,1677860,0.99763346,0.95532227,0.143142,-9.418394,255729,2999130,25473,33803.21582913399,-2094.2532,-0.13774706,1.5071021,94.23486447102222
155919,759.85046,1678750,0.99761486,0.95062256,0.16379336,-8.629475,255903,3000870,25488,33813.43915581703,-2080.0732,-0.1333347,2.9476867,99.44576901917709
156022,764.9963,1679780,0.99768496,0.9576416,0.14027983,-10.059537,256107,3002910,25503,33823.733127355576,-2102.7844,-0.11392886,2.4406295,93.51317354818549
156112,759.05273,1680680,0.9976399,0.9505615,0.15053605,-11.283508,256284,3004680,25518,33833.98526930809,-2057.696,-0.13761494,2.0050106,94.44945457718516
156213,761.69586,1681690,0.997566,0.9476929,0.16904512,-8.49436,256493,3006770,25533,33844.22784090042,-2111.6125,-0.14641207,2.8795052,90.62954092274616
156303,738.8375,1682590,0.9976249,0.94714355,0.15876304,-9.5112295,256662,3008460,25548,33854.49995350838,-2101.8262,-0.136864,2.295508,92.13798689987358
156407,779.24744,1683630,0.9975362,0.93963623,0.18937193,-7.9874268,256860,3010440,25563,33864.72089934349,-2148.4185,-0.14852637,3.6702938,94.5764058102549
156496,744.8727,1684520,0.9976554,0.953125,0.14611942,-6.5580034,257026,3012100,25578,33874.93447113037,-2020.55,-0.13031797,1.4866941,93.82938520159293
156598,770.11035,1685540,0.99761367,0.95214844,0.1502838,-8.516964,257240,3014240,25593,33885.328117609024,-2109.8806,-0.1278006,1.9321395,94.70002367187882
156688,767.45703,1686440,0.9975667,0.95391846,0.16316906,-10.1634445,257426,3016100,25608,33895.591586351395,-2094.4248,-0.13958368,3.545265,95.37714867809596
156790,800.3226,1687460,0.99756813,0.94647217,0.17852046,-9.1927,257613,3017970,25623,33905.89464712143,-2158.5542,-0.15195729,3.1419764,91.90445664045248
156880,763.67334,1688360,0.9976249,0.9501343,0.15800276,-8.660714,257803,3019870,25638,33916.15741419792,-2088.9338,-0.13316594,2.764207,94.11305116703701
154286,593.964,1662420,0.9977174,0.96447754,0.11967133,-10.899474,251397,2955810,25233,33954.15140557289,-1634.9443,-0.09865949,2.20192,77.0582384585795
154379,608.74255,1663350,0.99765015,0.9559326,0.15710959,-10.645187,251555,2957390,25246,33964.484454870224,-1633.9658,-0.124979995,4.090515,82.4938670960862
154457,605.94226,1664130,0.9977014,0.9616699,0.12516192,-14.52265,251696,2958800,25259,33974.97961330414,-1659.9843,-0.119123876,2.3326693,78.86992793639293
154545,606.9314,1665010,0.99771714,0.96429443,0.12487646,-10.363432,251866,2960500,25272,33985.38458585739,-1669.7998,-0.101065546,2.5967124,81.51684388063671
154621,595.65607,1665770,0.9977405,0.96777344,0.10994357,-13.011624,252016,2962000,25285,33995.78627181053,-1584.91,-0.093161836,1.5971297,78.93437843858781
154711,594.6433,1666670,0.9977257,0.9661255,0.11753534,-11.393496,252196,2963800,25298,34006.20042538643,-1623.7278,-0.09669019,1.6507434,77.1468450274591
154791,607.62976,1667470,0.9976828,0.9673462,0.12737425,-13.230892,252338,2965220,25311,34016.51215386391,-1626.569,-0.09809524,3.3233762,85.40424725018103
154875,604.5089,1668310,0.99776936,0.9703369,0.12195365,-13.4410715,252501,2966850,25324,34026.903262615204,-1624.4539,-0.06831567,3.3600953,85.06578291062745
154955,626.32983,1669110,0.997731,0.9639282,0.13128361,-14.227851,252649,2968330,25337,34037.329710006714,-1725.2462,-0.10254079,2.8429117,81.42989975495385
155042,599.8414,1669980,0.99770665,0.9658203,0.122374214,-15.156204,252823,2970070,25350,34047.820664167404,-1609.6375,-0.10130301,2.7852292,79.28239885593243
155121,611.9501,1670770,0.9977379,0.9633789,0.11901279,-13.508189,252968,2971520,25363,34058.248275995255,-1663.4318,-0.10881917,1.8229983,78.83231286773398
155209,619.5198,1671650,0.99774504,0.96276855,0.11987102,-16.43431,253138,2973220,25376,34068.70432686806,-1664.4185,-0.10293822,2.0561614,81.50243928505934
155287,617.53284,1672430,0.9976728,0.96173096,0.1328477,-14.708435,253281,2974650,25389,34079.1477766037,-1667.6312,-0.108978726,2.5673914,78.62012837053189
155378,636.67566,1673340,0.9977052,0.96051025,0.1333335,-14.502737,253456,2976400,25402,34089.609370708466,-1677.756,-0.10202345,3.0268998,78.21798898507498
155453,627.18506,1674090,0.99772644,0.96014404,0.12589112,-15.594503,253598,2977820,25415,34100.04500555992,-1660.2317,-0.10061567,2.1085863,78.49426020743843
155540,600.90405,1674960,0.99731207,0.9356079,0.38569042,-15.490419,253775,2979590,25428,34110.443027973175,-1619.0276,-0.19307727,23.106438,81.185004170616
155618,621.68555,1675740,0.9977343,0.96118164,0.11904003,-16.653505,253917,2981010,25441,34120.91558742523,-1669.8683,-0.10656657,1.7911236,80.09010916355678
155714,611.74896,1676700,0.9976907,0.9624634,0.13531089,-15.606729,254091,2982750,25454,34131.36507296562,-1662.3806,-0.110589944,3.3499262,77.07717840607991
155785,622.84546,1677410,0.9977248,0.963562,0.12463422,-16.085972,254237,2984210,25467,34141.73502326012,-1675.3613,-0.09810738,2.5152655,80.70511318419291
155873,621.1229,1678290,0.99772763,0.96539307,0.1158866,-17.044964,254399,2985830,25480,34152.24462580681,-1672.5367,-0.10741562,1.7132173,82.78141377160158
155955,611.2637,1679110,0.9977503,0.9688721,0.1115673,-17.508266,254545,2987290,25493,34162.68005180359,-1618.5233,-0.08076648,2.4294088,78.64749335437354
156043,629.1705,1679990,0.99772954,0.96533203,0.120348714,-17.1585,254718,2989020,25506,34173.10860681534,-1682.7955,-0.09943193,2.0839043,78.82946540477872
156119,621.1989,1680750,0.99771523,0.96655273,0.13015908,-17.857689,254877,2990610,25519,34183.71267962456,-1674.5338,-0.09563735,3.2512357,82.15693329456593
156207,589.1305,1681630,0.99731636,0.927063,0.39216644,-19.267529,255036,2992200,25532,34194.18968105316,-1521.2029,-0.119094186,21.22722,81.65779196561822
156286,613.65955,1682420,0.99769235,0.96343994,0.11928147,-17.50039,255193,2993770,25545,34204.615691661835,-1603.3108,-0.101430714,1.5488995,82.34799950548643
156378,625.61816,1683340,0.9977703,0.9682617,0.10653597,-17.241901,255355,2995390,25558,34215.02914905548,-1633.0885,-0.08641433,1.3331993,80.23604214765068
156455,629.01996,1684110,0.9977081,0.96343994,0.11700065,-17.546768,255498,2996820,25571,34225.49997019768,-1679.7654,-0.10408342,1.5331223,79.15853442764497
156539,628.5308,1684950,0.997756,0.9689331,0.11202997,-17.379803,255672,2998560,25584,34235.91801381111,-1662.2123,-0.092435755,1.7697291,82.4908503793955
156618,621.661,1685740,0.99769044,0.96258545,0.120327815,-15.760176,255810,2999940,25597,34246.36383652687,-1663.8694,-0.10996457,1.827024,80.0698747060043
156705,645.41125,1686610,0.99771214,0.9624634,0.1249851,-18.15827,255988,3001720,25610,34256.85055065155,-1683.5878,-0.10695869,2.5517945,79.7110162465465
156983,751.7505,1689390,0.9976144,0.9458618,0.17028482,-8.478424,257998,3021820,25653,33926.47159790993,-2101.9463,-0.13177334,3.1837378,91.63665063806052
157071,762.99536,1690270,0.9976368,0.9482422,0.15650176,-7.9907985,258172,3023560,25668,33936.69790029526,-2107.9585,-0.13906035,2.2285142,95.61635407858171
157174,760.0029,1691300,0.9975705,0.9493408,0.16865778,-8.547773,258381,3025650,25683,33946.95782661438,-2135.2637,-0.14599392,3.4514267,92.10103150509714
157264,765.7299,1692200,0.9964957,0.7640381,2.7539437,-8.532177,258547,3027310,25698,33957.264095544815,-2088.1514,-2.2835643,62.226387,93.8757178323169
157365,750.0625,1693210,0.99764085,0.95184326,0.1481764,-4.993001,258758,3029420,25713,33967.543011665344,-2059.7627,-0.119494036,1.581362,91.85633978250306
157455,786.93994,1694110,0.9976721,0.95428467,0.14251927,-8.106657,258927,3031110,25728,33977.80567955971,-2126.3884,-0.12855391,1.6515305,92.96598012300781
157559,764.2396,1695150,0.99761176,0.9534302,0.15599906,-7.085128,259135,3033190,25743,33988.00624656677,-2087.995,-0.1307759,2.7194238,99.94752182246839
157647,788.45087,1696030,0.9975977,0.9533081,0.15548426,-8.71183,259301,3034850,25758,33998.24655032158,-2188.9424,-0.1357119,2.4010577,92.84424391568338
157751,775.9437,1697070,0.99761295,0.9439697,0.1697394,-4.9559107,259493,3036770,25773,34008.521669626236,-2175.9707,-0.1463798,2.270072,93.61743704849677
157840,766.05634,1697960,0.9976733,0.95874023,0.1409094,-9.410025,259664,3038480,25788,34018.7076292038,-2111.5198,-0.1216808,1.9504875,95.32702046880921
157941,757.7245,1698970,0.9976504,0.95233154,0.14990452,-4.235547,259871,3040550,25803,34028.98609447479,-2068.7854,-0.13393357,1.4870379,92.00128318668996
158032,777.8358,1699880,0.9976108,0.94873047,0.15639198,-5.091776,260044,3042280,25818,34039.218858003616,-2173.3008,-0.14271328,1.9482944,92.33041806327788
158135,757.9935,1700910,0.99764585,0.95495605,0.1469775,-4.328144,260257,3044410,25833,34049.47942185402,-2117.5605,-0.1238599,2.1078498,95.48741272895366
158224,765.7397,1701800,0.99765277,0.95336914,0.15413764,-7.7149158,260432,3046160,25848,34059.748539447784,-2119.4219,-0.13272277,2.8616347,96.48208793590467
158328,758.1022,1702840,0.9975598,0.9515991,0.16106595,-7.0051775,260623,3048070,25863,34070.03861832619,-2119.6501,-0.13258594,3.2200317,94.27060588958942
158417,735.5934,1703730,0.99760103,0.9466553,0.16820475,-5.193926,260807,3049910,25878,34080.38381958008,-2057.7576,-0.14668447,2.8837204,95.34002164401457
158519,758.1424,1704750,0.9975798,0.94976807,0.16370048,-7.688941,260999,3051830,25893,34090.68888473511,-2085.6648,-0.13417909,3.3092833,91.95980612883909
158611,753.68274,1705670,0.99761105,0.9492798,0.15918975,-9.124917,261189,3053730,25908,34101.002366781235,-2101.894,-0.14161474,1.3664614,92.67282493605418
158711,762.5565,1706670,0.9976213,0.95043945,0.15332496,-8.658581,261380,3055640,25923,34111.356160879135,-2124.7637,-0.13872728,1.9172906,90.79728564151445
158802,770.4376,1707580,0.997571,0.9494629,0.16771664,-7.5365343,261549,3057330,25938,34121.66482877731,-2163.289,-0.13857284,3.0719526,93.58581058349182
158903,772.23224,1708590,0.9975982,0.9505005,0.15997359,-8.464618,261760,3059440,25953,34131.97387051582,-2148.9482,-0.14468756,2.6259456,91.41548811091552
158993,776.88965,1709490,0.99762607,0.94866943,0.15857947,-9.390424,261931,3061150,25968,34142.22735977173,-2182.976,-0.1434267,2.376752,95.9492036803312
159095,783.4265,1710510,0.9975736,0.9468384,0.17146435,-10.238475,262137,3063210,25983,34152.523428440094,-2174.123,-0.12796658,3.3138072,94.9389630879806
159185,714.92444,1711410,0.99761724,0.95129395,0.15218997,-9.008476,262308,3064920,25998,34162.79674577713,-1975.5457,-0.13204785,1.7732913,96.68733163444482
159288,746.6803,1712440,0.99768233,0.95983887,0.13906911,-7.846217,262515,3066990,26013,34173.116391181946,-2107.206,-0.11762246,1.7455748,94.06101244496897
159377,746.57,1713330,0.997633,0.9555664,0.15026668,-11.038031,262689,3068730,26028,34183.623193740845,-2098.2305,-0.12640396,2.4721842,95.86230791234543
159478,784.6096,1714340,0.99757695,0.9561157,0.16809942,-6.9207773,262898,3070820,26043,34193.922729969025,-2139.1753,-0.1275021,4.192838,90.68535628320228
159567,779.6466,1715230,0.9976609,0.95166016,0.16397811,-7.780874,263072,3072560,26058,34204.18742156029,-2135.4316,-0.123480424,3.2723436,93.0230672973195
159670,788.35645,1716260,0.99761033,0.94866943,0.16841298,-9.026085,263260,3074440,26073,34214.45016860962,-2108.8042,-0.13634156,2.9605794,93.80708834908401
159760,793.7201,1717160,0.997488,0.93408203,0.19879887,-14.090143,263431,3076150,26088,34224.71838736534,-2115.5566,-0.20410103,3.0503473,95.12760653841492
156784,608.6786,1687400,0.9977257,0.96069336,0.12306945,-17.176552,256134,3003180,25623,34267.30906033516,-1630.8796,-0.10726294,2.132639,76.98168857850465
156873,637.2527,1688290,0.9977076,0.95947266,0.124524504,-15.59025,256292,3004760,25636,34277.712695360184,-1686.1107,-0.11421719,1.810873,82.64279660273368
156952,630.88696,1689080,0.9977038,0.9581299,0.1320466,-17.021336,256436,3006200,25649,34288.169120788574,-1663.9487,-0.09505337,2.231704,81.6691455231657
157042,595.3836,1689980,0.9977045,0.96154785,0.13451418,-15.849163,256608,3007920,25662,34298.6522257328,-1602.6602,-0.105293274,3.0599523,77.28942737365827
157118,595.88464,1690740,0.99776053,0.972229,0.09921986,-17.70944,256751,3009350,25675,34309.04084610939,-1582.0337,-0.08964646,1.2704997,81.65543221319352
157206,622.4625,1691620,0.997741,0.96875,0.111228414,-13.383004,256922,3011060,25688,34319.4820330143,-1658.8124,-0.093418,1.5648408,78.4641576652338
157282,601.9342,1692380,0.99775124,0.96746826,0.10798444,-15.749215,257061,3012450,25701,34329.93382406235,-1606.1863,-0.09566306,1.4042975,78.32571314691513
157374,631.1544,1693300,0.9978218,0.9719238,0.102909625,-15.147692,257234,3014180,25714,34340.394508600235,-1654.3446,-0.08182246,1.6485057,77.16897860338572
157451,649.4401,1694070,0.99770904,0.9661255,0.13327566,-15.916801,257379,3015630,25727,34350.89602994919,-1702.6129,-0.10171639,3.9828281,80.25458510361908
157538,660.4868,1694940,0.9977217,0.9639282,0.12477112,-15.044263,257559,3017430,25740,34361.38066482544,-1710.4987,-0.102195345,2.2512922,80.70285669618967
157619,650.35864,1695750,0.99773407,0.9649048,0.12301855,-16.205812,257700,3018840,25753,34371.78217792511,-1676.2815,-0.10825011,2.2837977,79.66694356473167
157705,637.5926,1696610,0.9977231,0.9645386,0.11598487,-17.389359,257860,3020440,25766,34382.239866018295,-1682.5869,-0.11630724,1.8752153,78.79824940696298
157779,643.28906,1697350,0.99775505,0.9647827,0.11630411,-15.819693,258003,3021870,25779,34392.708606004715,-1674.55,-0.08496935,2.0901182,79.47704145228366
157872,613.30255,1698280,0.99769044,0.9613037,0.12963833,-17.360613,258179,3023630,25792,34403.194180727005,-1569.9712,-0.10951196,2.3909922,78.7633371643721
157951,633.32996,1699070,0.99772286,0.96466064,0.11196528,-18.51887,258333,3025170,25805,34413.59673047066,-1628.3269,-0.10366709,1.4379144,81.17189476867252
158037,629.08765,1699930,0.9977517,0.9663696,0.11615078,-16.87487,258485,3026690,25818,34424.06577682495,-1661.2852,-0.0976693,1.8669327,80.4871335043409
158114,614.6669,1700700,0.9977391,0.96661377,0.121932775,-19.06295,258626,3028100,25831,34434.5017619133,-1633.6567,-0.08142845,2.7195957,77.37209882144192
158205,630.25134,1701610,0.99772596,0.9694214,0.11839952,-15.146076,258796,3029800,25844,34444.936819553375,-1668.7401,-0.10855131,2.3519971,78.99221599810726
158280,637.7638,1702360,0.99771357,0.9613037,0.13100125,-18.72454,258937,3031210,25857,34455.40858435631,-1702.5466,-0.0953011,2.3952618,77.00885255326364
158371,619.96313,1703270,0.9977355,0.9680176,0.117468774,-20.333149,259110,3032940,25870,34465.81209611893,-1646.252,-0.08998822,2.5271132,80.14874406428251
158449,649.5093,1704050,0.99766827,0.96343994,0.13593237,-17.031374,259255,3034390,25883,34476.286643743515,-1711.8643,-0.10662818,3.1143436,79.38584527956155
158532,622.78735,1704880,0.99779797,0.9696655,0.10602095,-19.117525,259421,3036050,25896,34486.98624587059,-1620.5227,-0.07565987,1.3784311,78.71446580199711
158622,650.54944,1705780,0.9977577,0.97003174,0.11641145,-17.45685,259593,3037770,25909,34497.470171928406,-1688.3395,-0.083225146,2.3015199,78.53584977643352
158698,628.02014,1706540,0.99774694,0.9671631,0.12308549,-17.111685,259735,3039190,25922,34507.92782831192,-1645.4478,-0.09087759,2.5948052,81.7665629286352
158790,656.0288,1707460,0.9977081,0.96502686,0.123780206,-16.470467,259908,3040920,25935,34518.42901325226,-1700.906,-0.10541633,2.0823915,79.1524423883778
158867,651.6124,1708230,0.99769926,0.9638672,0.12459099,-18.285273,260051,3042350,25948,34528.901410102844,-1693.1892,-0.10316035,2.2426016,81.39308607940599
158953,626.7424,1709090,0.99772143,0.9649658,0.12002048,-16.222948,260225,3044090,25961,34539.342347860336,-1633.6208,-0.09734725,2.617343,76.50510641184293
159029,630.7838,1709850,0.9977431,0.96606445,0.12394084,-17.790821,260369,3045530,25974,34549.810723781586,-1636.7971,-0.09860947,2.9342513,81.48591244882
159121,640.035,1710770,0.9977269,0.96435547,0.12429725,-17.415382,260539,3047230,25987,34560.26577734947,-1672.3116,-0.10227581,2.5008583,77.14336424791131
159198,660.38196,1711540,0.99775815,0.96539307,0.12697473,-12.482847,260681,3048650,26000,34570.71657514572,-1702.3398,-0.10061203,2.8897247,79.93266056630348
159862,791.76355,1718180,0.99750257,0.9324341,0.2237956,-11.550083,263636,3078200,26103,34234.99419212341,-2129.2856,-0.20389445,4.374379,91.31370824157246
159952,803.354,1719080,0.99757004,0.9453125,0.16781574,-11.972687,263808,3079920,26118,34245.201248168945,-2133.302,-0.15231688,2.0744848,96.53073094390199
160055,774.9646,1720110,0.9976325,0.95306396,0.15828672,-15.325018,264017,3082010,26133,34255.491767168045,-2103.5576,-0.13903955,2.8162377,94.95457922000377
160143,787.4306,1720990,0.9976194,0.9507446,0.16695407,-14.388818,264182,3083660,26148,34265.78824353218,-2098.133,-0.13756728,3.0326629,93.95552892356027
160246,814.8333,1722020,0.99758196,0.94836426,0.17146721,-15.203774,264390,3085740,26163,34276.12288284302,-2157.641,-0.14325589,3.2304673,91.06338280208169
160335,810.36194,1722910,0.9975908,0.946167,0.16648912,-10.269197,264560,3087440,26178,34286.36985349655,-2151.5923,-0.13099541,2.5845723,94.40285281219339
160438,790.9808,1723940,0.99745154,0.93188477,0.2290987,-19.390394,264750,3089340,26193,34296.62873482704,-2015.0806,-0.13438767,5.542743,93.14559641568678
160528,787.7444,1724840,0.9976282,0.9517212,0.1587654,-16.76574,264939,3091230,26208,34306.90712308884,-2070.338,-0.13634177,2.3466425,95.4448715113356
160630,828.746,1725860,0.99755096,0.95184326,0.16585615,-13.039298,265126,3093100,26223,34317.14997053146,-2214.598,-0.14180908,2.3899934,92.68984872901503
160720,803.0397,1726760,0.9975612,0.94885254,0.17740989,-16.303879,265311,3094950,26238,34327.420734643936,-2143.5283,-0.13983847,3.7066758,89.755290649697
160822,813.65625,1727780,0.99755096,0.944458,0.18059239,-14.210569,265501,3096850,26253,34337.635642290115,-2140.7017,-0.12537909,3.2259655,95.67128779211707
160912,811.82733,1728680,0.9974923,0.9445801,0.19714451,-15.64959,265674,3098580,26268,34347.92001795769,-2142.5854,-0.14801165,5.3790026,90.91645021542388
161015,769.3959,1729710,0.99758077,0.9491577,0.17921367,-14.000095,265880,3100640,26283,34358.23541331291,-2096.7803,-0.1086722,4.430752,97.1279245339
161104,775.7396,1730600,0.99762917,0.94970703,0.15633565,-13.98679,266051,3102350,26298,34368.49837589264,-2112.4167,-0.12865442,1.5195258,94.35686084834033
161206,795.2317,1731620,0.99758434,0.94873047,0.16159508,-13.13386,266251,3104350,26313,34378.804381132126,-2151.4905,-0.1445463,2.2104683,92.89423740755493
161296,785.0689,1732520,0.99760675,0.95318604,0.15702106,-12.492241,266424,3106080,26328,34389.032764434814,-2137.5718,-0.12865847,2.1357148,96.39862100666514
161399,748.82227,1733550,0.997602,0.9526367,0.15844253,-11.919334,266632,3108160,26343,34399.33144211769,-2078.1243,-0.13170291,3.0606327,94.85988670617462
161487,781.803,1734430,0.9975538,0.94732666,0.17400648,-14.842553,266795,3109790,26358,34409.600727558136,-2119.3057,-0.1596449,3.495299,92.70876783389225
161591,794.82825,1735470,0.99753356,0.93518066,0.18918335,-14.756832,267005,3111890,26373,34419.878279685974,-2158.992,-0.17156315,3.2682517,93.82020286113823
161679,780.2442,1736350,0.99754643,0.9446411,0.17301339,-15.332857,267166,3113500,26388,34430.15978384018,-1997.4097,-0.16077808,2.5418077,93.60966716464337
161783,780.7876,1737390,0.9976268,0.9517212,0.15713772,-13.217613,267352,3115360,26403,34440.44708156586,-2103.7427,-0.13517979,1.6683662,93.08396875094277
161873,786.3419,1738290,0.9975524,0.9460449,0.17931679,-12.220314,267544,3117280,26418,34450.700263261795,-2149.2349,-0.14015123,3.1109738,90.9772752922564
161975,747.4164,1739310,0.9976227,0.94958496,0.15461256,-11.567155,267730,3119140,26433,34461.073759794235,-2066.1099,-0.14210263,2.1069987,89.26656650445176
162066,744.5717,1740220,0.99762607,0.954895,0.15057743,-16.37253,267921,3121050,26448,34471.365510463715,-2064.6443,-0.10816158,2.5822835,92.77624799368486
162170,760.0154,1741260,0.99762154,0.94592285,0.16954017,-13.164242,268108,3122920,26463,34481.80684661865,-2037.4683,-0.14562404,2.019586,95.03721185471565
162259,776.8238,1742150,0.9976349,0.95458984,0.14680308,-13.105629,268296,3124800,26478,34492.112547159195,-2099.5557,-0.13826263,1.7599893,96.38089985753022
162361,815.59595,1743170,0.9975982,0.9480591,0.16464436,-14.364076,268484,3126680,26493,34502.43545818329,-2208.386,-0.13982671,1.9418259,93.0874549318911
162451,782.9858,1744070,0.9976301,0.9536743,0.15407607,-13.450708,268653,3128370,26508,34512.74351000786,-2105.3962,-0.13149028,2.4964552,94.92130457828718
162555,790.2855,1745110,0.99759865,0.95007324,0.17385143,-10.845337,268853,3130370,26523,34522.96455693245,-2175.1904,-0.1525075,3.0303323,94.97174609947295
162643,799.9645,1745990,0.99761033,0.94696045,0.16500281,-12.314683,269029,3132130,26538,34533.310586452484,-2154.9175,-0.14991432,2.0020819,92.26941999280228
159287,635.73975,1712430,0.9977205,0.9631958,0.1245104,-17.073204,260842,3050260,26013,34581.16371512413,-1662.5068,-0.095212504,2.3600621,79.69040507600018
159365,631.305,1713210,0.99777746,0.97058105,0.107875265,-15.510317,261002,3051860,26026,34591.68591618538,-1638.5022,-0.0902424,2.2620544,78.27914083951747
159453,625.79333,1714090,0.997704,0.9642334,0.13340884,-12.648422,261159,3053430,26039,34602.15937280655,-1665.488,-0.105362415,3.4296832,77.96550162750367
159530,631.6598,1714860,0.9976938,0.96221924,0.13188311,-13.573806,261303,3054870,26052,34612.62985253334,-1663.6477,-0.1129446,2.6942658,77.62032481723753
159619,646.7728,1715750,0.9976654,0.9567261,0.14923951,-14.418409,261472,3056560,26065,34623.09624314308,-1682.0643,-0.093576,4.140298,83.29685884474696
159696,623.2604,1716520,0.99778605,0.9684448,0.11122668,-12.4797735,261614,3057980,26078,34633.616094350815,-1621.2892,-0.094359264,2.189965,78.53061133739801
159790,624.6144,1717460,0.99765706,0.9588623,0.14176425,-12.89446,261786,3059700,26091,34644.05846071243,-1621.429,-0.09831418,3.8146892,79.53645497376444
159860,620.0715,1718160,0.9977584,0.96765137,0.110038094,-14.134989,261929,3061130,26104,34654.522854566574,-1633.0701,-0.08657098,2.1363664,79.26430237876659
159951,607.25854,1719070,0.99775696,0.96868896,0.11521589,-12.6119175,262103,3062870,26117,34664.98477244377,-1588.005,-0.06867627,2.703302,79.47765326739099
160029,639.85693,1719850,0.99775314,0.96484375,0.12013993,-14.188116,262243,3064270,26130,34675.421194553375,-1666.5884,-0.10268759,2.418716,77.40366794175537
160122,593.5628,1720780,0.997751,0.9691162,0.10422646,-11.870052,262415,3065990,26143,34685.8409986496,-1550.2421,-0.09765289,1.4826204,80.77400888878189
160195,617.129,1721510,0.9977796,0.97216797,0.10243222,-14.560453,262545,3067290,26156,34696.318237781525,-1621.2444,-0.08061589,1.8127239,77.42800377512616
160287,613.5604,1722430,0.9977386,0.97088623,0.11240016,-10.430437,262719,3069030,26169,34706.83927321434,-1644.0044,-0.090490445,2.14159,78.48455236821584
160365,620.8196,1723210,0.9977615,0.9685669,0.11511855,-11.91791,262853,3070370,26182,34717.2689948082,-1648.0396,-0.091977656,2.2749722,79.05146530690976
160454,618.11487,1724100,0.9977329,0.96539307,0.122348726,-12.935482,263026,3072100,26195,34727.70933032036,-1612.4988,-0.11920044,2.3198738,78.67570751157045
160529,613.1211,1724850,0.9977417,0.9673462,0.12019111,-13.549324,263169,3073530,26208,34738.233931303024,-1622.8667,-0.09887864,2.6557565,78.85109275411872
160617,609.54865,1725730,0.9977703,0.96673584,0.11967039,-13.4427595,263341,3075250,26221,34748.75143957138,-1622.9478,-0.086795025,2.7096598,79.89445324767938
160696,609.156,1726520,0.99774194,0.9697876,0.11039074,-12.182745,263478,3076620,26234,34759.18951869011,-1605.8447,-0.09646012,2.3298297,79.31767912376769
160786,617.0613,1727420,0.9977379,0.96765137,0.12412558,-13.875939,263650,3078340,26247,34769.72974705696,-1626.331,-0.092461675,3.3033648,77.87238506347327
160863,613.83826,1728190,0.9977598,0.9640503,0.118411005,-9.2437725,263793,3079770,26260,34780.21702861786,-1652.4763,-0.08408024,2.234232,77.78834858950448
160946,598.371,1729020,0.99773645,0.96936035,0.12436813,-13.39632,263949,3081330,26273,34790.898388147354,-1643.6077,-0.09536359,3.2698078,79.5484049154658
161034,609.5311,1729900,0.9977608,0.96875,0.1158655,-14.528066,264120,3083040,26286,34801.36181950569,-1635.8359,-0.09304962,2.4406552,77.17228420488547
161113,593.2826,1730690,0.9977174,0.96624756,0.11913029,-15.262276,264257,3084410,26299,34811.77853798866,-1558.3901,-0.09734711,1.9429624,79.0002595716303
161202,595.26843,1731580,0.9977658,0.9692993,0.10203956,-14.084543,264417,3086010,26312,34822.1691069603,-1562.7072,-0.08190041,1.7832267,77.87769420795878
161278,643.76086,1732340,0.99775815,0.96936035,0.10678989,-12.698079,264553,3087370,26325,34832.564725637436,-1662.1394,-0.083653405,1.7334775,78.80784991612359
161366,596.7295,1733220,0.9977989,0.9741211,0.10268488,-13.128923,264724,3089080,26338,34842.99619746208,-1595.0912,-0.07829102,2.5123372,81.32813233284263
161446,580.4598,1734020,0.9977746,0.9710083,0.102212265,-15.5053425,264864,3090480,26351,34853.52412652969,-1572.6174,-0.07830969,2.2572904,79.17571856336879
161536,598.38464,1734920,0.9977815,0.96972656,0.10769774,-17.456938,265036,3092200,26364,34863.98273777962,-1610.4149,-0.08476581,2.1524363,80.48003899948102
161610,613.7275,1735660,0.9977207,0.965271,0.13428015,-17.946793,265175,3093590,26377,34874.47523641586,-1637.55,-0.08114172,3.453178,75.75037171757647
161700,606.2433,1736560,0.99776053,0.9675293,0.10903633,-19.545982,265349,3095330,26390,34884.897884845734,-1603.7588,-0.100878865,2.2738354,79.66377542768366
162746,810.36163,1747020,0.99759793,0.9522705,0.15466614,-14.518547,269227,3134110,26553,34543.61083126068,-2194.7578,-0.12935343,2.2105393,93.15092968588964
162836,789.6801,1747920,0.9975872,0.9418335,0.17448641,-13.489286,269401,3135850,26568,34553.93100667,-2164.878,-0.14355317,1.9909202,94.64182799603714
162936,782.10754,1748920,0.9975934,0.9472656,0.16390729,-16.125334,269603,3137870,26583,34564.22022199631,-2137.3845,-0.15206835,1.8751882,92.6270325480284
163027,808.5404,1749830,0.99761677,0.95025635,0.1630446,-13.721933,269774,3139580,26598,34574.494121551514,-2164.0674,-0.124948524,2.357231,94.34631489933622
163128,783.38434,1750840,0.9975805,0.9448242,0.17208308,-13.312035,269979,3141630,26613,34584.765184640884,-2121.0405,-0.14643046,2.6275806,91.84172601319622
163219,803.2124,1751750,0.997602,0.94750977,0.16946612,-12.468804,270149,3143330,26628,34595.065088033676,-2198.0986,-0.13690469,2.518787,96.40062889151766
163321,775.5194,1752770,0.9975903,0.9507446,0.15798244,-13.895773,270348,3145320,26643,34605.32600283623,-2129.0996,-0.1393333,1.38503,93.82649912949317
163411,797.1871,1753670,0.99762106,0.9476929,0.15608233,-14.20995,270517,3147010,26658,34615.617020368576,-2160.35,-0.13072565,1.6290027,96.84898352666296
163514,782.1303,1754700,0.9976053,0.9480591,0.16010058,-13.122168,270716,3149000,26673,34625.88678789139,-2137.9717,-0.12917046,2.2583594,94.09371954801722
163604,768.36505,1755600,0.99759364,0.95581055,0.1541107,-12.319891,270884,3150680,26688,34636.15083169937,-2155.409,-0.13368765,2.7866263,96.28693446968474
163705,805.1496,1756610,0.9976363,0.9493408,0.1597231,-13.734228,271085,3152690,26703,34646.45002412796,-2167.2666,-0.13126372,2.3721485,91.98791567288977
163795,794.1123,1757510,0.997602,0.9472656,0.16184568,-12.9709015,271256,3154400,26718,34656.73424530029,-2168.9395,-0.15445,2.3840647,93.69278688753464
163897,771.5106,1758530,0.99765086,0.95428467,0.15239832,-14.429888,271465,3156490,26733,34667.03237438202,-2143.3035,-0.12311846,2.5529296,92.99180886402506
163987,786.4285,1759430,0.9976361,0.94677734,0.16108464,-11.576522,271634,3158180,26748,34677.30930829048,-2163.5,-0.13537818,2.5230336,93.6325887665501
164089,777.66876,1760450,0.9976332,0.949646,0.15351707,-12.563379,271821,3160050,26763,34687.62848305702,-2125.073,-0.14513963,1.4195206,92.21357057442772
164180,779.61926,1761360,0.99762964,0.95043945,0.15738885,-11.822746,272002,3161860,26778,34697.904775857925,-2139.8755,-0.13165699,2.0332708,93.74035953270108
164281,766.87506,1762370,0.997627,0.95648193,0.15351216,-13.317778,272194,3163780,26793,34708.18645954132,-2122.9536,-0.1230288,3.50885,93.90961029510801
164372,790.8582,1763280,0.99760294,0.94750977,0.1588466,-10.951448,272360,3165440,26808,34718.475659132004,-2200.6504,-0.1394873,2.0582988,90.19599446933691
164474,794.8579,1764300,0.9975908,0.95062256,0.16275144,-10.526672,272563,3167470,26823,34728.77624106407,-2208.6282,-0.1511161,2.7054694,95.82080021931641
164563,825.9498,1765190,0.997602,0.9489136,0.16085617,-10.24498,272733,3169170,26838,34739.09424352646,-2241.8926,-0.14479107,2.0425327,92.44963159348475
164666,796.8745,1766220,0.99760747,0.95336914,0.15499988,-11.599394,272936,3171200,26853,34749.38490533829,-2104.3003,-0.14928153,1.7101135,95.47460902905473
164755,794.69824,1767110,0.9976194,0.9515381,0.15307984,-12.387938,273103,3172870,26868,34759.66779637337,-2174.7864,-0.14181428,1.4778833,93.85307081719354
164858,799.9795,1768140,0.99760604,0.9472046,0.16373183,-11.3561325,273307,3174910,26883,34769.90107011795,-2223.3762,-0.13752303,2.203665,93.83446905584371
164947,801.07715,1769030,0.9975889,0.9537964,0.15893546,-11.222866,273471,3176550,26898,34780.17156076431,-2188.749,-0.13577327,2.9273062,93.68726059941457
165050,792.6108,1770060,0.99753857,0.95233154,0.16668722,-8.911821,273681,3178650,26913,34790.66991877556,-2191.7305,-0.1308743,3.9419696,93.88287524844723
165139,771.0044,1770950,0.997627,0.9489136,0.16354753,-11.434419,273846,3180300,26928,34800.9678838253,-2190.1558,-0.13604653,2.8890605,95.43781326950796
165241,766.9637,1771970,0.99759245,0.9381714,0.18754315,-11.153038,274051,3182350,26943,34811.28955578804,-2166.0107,-0.1441654,3.3870964,92.2980682544147
165330,783.72144,1772860,0.9976568,0.9553833,0.1427893,-11.169491,274223,3184070,26958,34821.57139921188,-2134.2864,-0.12933907,1.3874046,93.72026450482156
165433,783.5634,1773890,0.99762774,0.95440674,0.14874434,-8.791525,274406,3185900,26973,34831.85193657875,-2162.7798,-0.13024785,1.9564472,95.15549381269676
165523,779.2424,1774790,0.9975846,0.9483032,0.16580471,-11.323801,274589,3187730,26988,34842.15831422806,-2174.745,-0.14538306,2.6562498,89.50112911900044
161775,592.95435,1737310,0.99775624,0.96466064,0.1163618,-17.415459,265486,3096700,26403,34895.39407348633,-1593.6554,-0.08590214,1.9927768,77.7446194883261
161868,601.17426,1738240,0.99777627,0.9673462,0.107734635,-17.332108,265657,3098410,26416,34905.87660932541,-1605.0757,-0.09112272,2.047668,78.51418830737695
161945,625.1113,1739010,0.9977839,0.97088623,0.11320588,-19.292625,265802,3099860,26429,34916.3391456604,-1640.9232,-0.07033691,2.7676191,82.51237783464356
162034,619.7823,1739900,0.99773955,0.9675293,0.116940245,-18.291502,265969,3101530,26442,34926.828600883484,-1676.7644,-0.106516235,2.121066,79.33589377487601
162112,600.2649,1740680,0.99775934,0.97052,0.10653448,-20.586845,266113,3102970,26455,34937.421563863754,-1590.2771,-0.08801913,1.6493609,77.47093016040772
162201,590.1323,1741570,0.9978039,0.97021484,0.10366981,-17.57846,266291,3104750,26468,34947.930450201035,-1584.2992,-0.07993576,1.589935,79.78320381173056
162278,608.79285,1742340,0.9977772,0.9702759,0.10662083,-19.885265,266425,3106090,26481,34958.40433096886,-1631.1422,-0.09402771,1.782865,81.48739662120894
162368,601.13184,1743240,0.99776506,0.97021484,0.1078391,-17.706232,266586,3107700,26494,34968.90138530731,-1639.0499,-0.09096001,1.996187,78.54090507314838
162447,602.7227,1744030,0.99775505,0.96899414,0.10970267,-17.76342,266739,3109230,26507,34979.43361067772,-1593.9509,-0.085073695,2.1841757,82.35714533349164
162533,602.1103,1744890,0.99775124,0.97088623,0.11438365,-19.729113,266913,3110970,26520,34989.955741882324,-1596.2084,-0.104625866,2.5066404,78.76708123469578
162607,617.1267,1745630,0.9977691,0.9650879,0.11849978,-19.178556,267052,3112360,26533,35000.45089316368,-1618.2535,-0.08871813,2.3795407,78.58242907657643
162699,605.6247,1746550,0.99777436,0.9729004,0.10614829,-18.361813,267220,3114040,26546,35010.94662618637,-1593.2478,-0.10142601,2.528192,79.28164954932977
162774,618.0475,1747300,0.9977417,0.96240234,0.1232864,-20.230871,267357,3115410,26559,35021.38608980179,-1601.1521,-0.11021953,2.2610636,80.83993037360943
162865,623.33514,1748210,0.99776506,0.96777344,0.10989657,-20.506107,267513,3116970,26572,35031.817442417145,-1619.343,-0.09162272,1.8245687,80.74383281616781
162940,603.8562,1748960,0.9977896,0.9710083,0.106499,-18.74897,267652,3118360,26585,35042.2835521698,-1596.1895,-0.075440384,2.0635037,82.47919119617131
163031,585.5335,1749870,0.9977684,0.9668579,0.1131377,-20.55172,267826,3120100,26598,35052.794848918915,-1540.7314,-0.08042227,2.1731021,77.84625655073533
163108,574.6709,1750640,0.9978082,0.9716797,0.10352127,-20.742285,267963,3121470,26611,35063.23320245743,-1544.419,-0.072663784,2.0801597,79.22441631358808
163197,612.3002,1751530,0.9977603,0.96533203,0.11933023,-19.689486,268132,3123160,26624,35073.80120062828,-1606.2742,-0.0804476,2.435003,80.59479025304142
163283,603.4149,1752390,0.997787,0.97088623,0.10303454,-20.848764,268286,3124700,26637,35084.57261109352,-1584.1078,-0.08850912,1.8543955,62.37616597118527
163357,615.7191,1753130,0.9977498,0.9657593,0.12283858,-21.390617,268438,3126220,26650,35095.07097887993,-1636.6165,-0.08706327,2.8442678,78.50504951247902
163447,584.49805,1754030,0.9978132,0.9752197,0.10209336,-22.480816,268603,3127870,26663,35105.59744429588,-1562.7712,-0.07314908,2.4987273,78.6999731153714
163528,589.0657,1754840,0.9978194,0.97424316,0.09501159,-22.646124,268743,3129270,26676,35116.06182098389,-1581.8701,-0.07091043,1.8672248,82.37218225537404
163614,600.0713,1755700,0.9977944,0.9741821,0.09623672,-22.378616,268910,3130940,26689,35126.54600024223,-1587.6619,-0.089597285,1.7191846,80.12008545809563
163690,590.1814,1756460,0.9978087,0.9755249,0.095223725,-22.332521,269050,3132340,26702,35137.048385858536,-1566.1936,-0.07906604,1.4364836,76.0725711286613
163781,599.0926,1757370,0.9977634,0.9727783,0.09634924,-22.020102,269221,3134050,26715,35147.51386165619,-1572.3948,-0.08987355,1.4265158,78.59370285256873
163858,594.1007,1758140,0.99778724,0.9718628,0.10371274,-21.679829,269357,3135410,26728,35158.04418230057,-1579.6084,-0.07627599,2.0306022,79.71719457483889
163948,594.87604,1759040,0.99778485,0.9743042,0.10045394,-21.532606,269521,3137050,26741,35168.586480140686,-1584.1301,-0.0812393,1.9414815,77.42355966926856
164023,613.1755,1759790,0.99776244,0.96881104,0.107261345,-22.762947,269661,3138450,26754,35179.12153506279,-1588.7131,-0.09092536,2.1336226,80.13864662390384
164113,607.46826,1760690,0.9977834,0.97143555,0.10784202,-23.987774,269825,3140090,26767,35189.62002277374,-1581.2017,-0.089749426,2.3842864,79.95885105609784
164189,585.6333,1761450,0.9978254,0.9716797,0.10063298,-23.789595,269967,3141510,26780,35200.11301970482,-1563.7811,-0.07600143,1.9457316,80.17138880675692
165625,803.72034,1775810,0.99753547,0.93927,0.18383197,-9.210025,274777,3189610,27003,34852.45768928528,-2242.912,-0.16614583,2.8693364,92.04358668836012
165715,726.3418,1776710,0.9975331,0.94610596,0.17177925,-10.646364,274937,3191210,27018,34862.776156663895,-1990.9713,-0.15099677,2.6650026,89.07518259825596
165818,780.10046,1777740,0.9976406,0.9550171,0.14690037,-8.179925,275143,3193270,27033,34873.0808494091,-2153.5415,-0.132326,1.5117288,94.91670638686674
165906,819.21155,1778620,0.99759007,0.95007324,0.16623436,-10.191831,275313,3194970,27048,34883.38362622261,-2276.3706,-0.13805646,2.3420095,91.24895845797391
166008,778.88727,1779640,0.9975965,0.95092773,0.16060683,-10.545219,275516,3197000,27063,34893.67251729965,-2172.5498,-0.13768758,2.8327057,91.62870562534134
166098,768.848,1780540,0.9975915,0.94903564,0.15942217,-11.780044,275682,3198660,27078,34903.9896337986,-2185.7925,-0.12811401,2.2764268,93.31192587200714
166199,816.7317,1781550,0.99759007,0.94854736,0.16071169,-10.638608,275892,3200760,27093,34914.2959792614,-2262.332,-0.13415445,2.4036698,97.30297427212743
166290,784.4402,1782460,0.9976618,0.9564209,0.13831498,-10.275014,276054,3202380,27108,34924.573984861374,-2186.213,-0.11862705,1.529381,95.9181758801224
166391,772.9255,1783470,0.9976363,0.9522095,0.15299952,-9.669812,276263,3204470,27123,34935.00435948372,-2174.9402,-0.13480926,1.7841569,90.56841583901195
166482,774.6476,1784380,0.99765205,0.95983887,0.1414254,-10.889322,276430,3206140,27138,34945.31211733818,-2199.5156,-0.12008037,2.068189,92.37757063249286
166584,798.55774,1785400,0.9976442,0.9517822,0.15614855,-10.862843,276617,3208010,27153,34955.57150411606,-2253.3208,-0.13245621,2.32237,95.16976412077447
166673,794.85425,1786290,0.99757314,0.9505615,0.16316009,-11.090823,276789,3209730,27168,34965.909917354584,-2224.9102,-0.14410007,3.0668423,88.71981264215935
166777,769.15857,1787330,0.99767804,0.9544678,0.14708212,-12.289925,276991,3211750,27183,34976.18047475815,-2153.0422,-0.117435545,1.617012,97.90054268541752
166865,762.61755,1788210,0.9976592,0.95703125,0.13758405,-11.829979,277160,3213440,27198,34986.52102804184,-2194.5981,-0.11440586,1.6607684,93.68251962920024
166967,757.8324,1789230,0.99762154,0.9522095,0.15385778,-12.01639,277359,3215430,27213,34996.807510852814,-2193.7915,-0.12918717,1.933656,94.00817524955804
167058,774.46185,1790140,0.9976449,0.9553833,0.15183133,-9.871334,277525,3217090,27228,35007.14448618889,-2198.589,-0.13336268,2.309345,91.91594294705088
167161,800.11816,1791170,0.9976299,0.9480591,0.15430693,-11.427116,277724,3219080,27243,35017.454535245895,-2225.9639,-0.13910985,2.2564945,96.07888022042252
167250,775.23267,1792060,0.99763274,0.9473877,0.16426775,-9.125885,277891,3220750,27258,35027.739622831345,-2205.5828,-0.12985876,2.578394,93.38217137052588
167351,782.8541,1793070,0.997633,0.94555664,0.16193238,-9.969853,278086,3222700,27273,35038.06694030762,-2236.3486,-0.13899213,2.064612,91.4689409575097
167440,776.218,1793960,0.9976425,0.94958496,0.15533562,-9.707881,278254,3224380,27288,35048.4244954586,-2189.7803,-0.13733307,1.5309794,90.82573371679919
167544,757.12134,1795000,0.9976361,0.95495605,0.14512682,-14.86616,278454,3226380,27303,35058.71598148346,-2133.7593,-0.12834662,1.6898482,91.5695367514096
167632,790.38745,1795880,0.9976585,0.958313,0.14275876,-12.545856,278619,3228030,27318,35069.048385858536,-2209.4832,-0.12856363,2.1970634,93.7258928621308
167733,770.54736,1796890,0.9976318,0.9525757,0.15526551,-13.055489,278800,3229840,27333,35079.32096242905,-2188.3926,-0.14132613,2.761767,92.43212301352278
167822,774.73,1797780,0.99759793,0.9499512,0.15942276,-11.695099,278987,3231710,27348,35089.89034795761,-2167.3845,-0.13179126,2.6733031,94.6468334167789
167925,746.48083,1798810,0.99763274,0.949646,0.15746489,-10.8720045,279170,3233540,27363,35100.23640370369,-2141.3438,-0.12643865,2.5578983,91.47816758399698
168014,771.92224,1799700,0.99760914,0.94573975,0.16526143,-13.775114,279355,3235390,27378,35110.55344080925,-2216.6367,-0.13850734,2.5722337,91.66371781138413
168117,783.4241,1800730,0.997648,0.9505005,0.14794895,-12.428353,279543,3237270,27393,35120.90075182915,-2235.0107,-0.13461217,1.9788063,94.22560260090093
168206,762.227,1801620,0.9976299,0.95318604,0.1476832,-11.091227,279727,3239110,27408,35131.21021771431,-2095.5183,-0.13101102,1.7930659,96.71896367284627
168309,773.5519,1802650,0.99766517,0.9579468,0.14703028,-12.572123,279904,3240880,27423,35141.541734695435,-2181.0059,-0.119671024,2.1727653,95.24043650122069
168399,781.8169,1803550,0.9976344,0.9523926,0.15235215,-13.90621,280074,3242580,27438,35151.896986961365,-2214.8555,-0.12029035,1.9316483,92.24890443121147
