actor_episodes,actor_loss,actor_steps,binary_accuracy,categorical_accuracy,critic_loss,entropy_mean,evaluator_episodes,evaluator_steps,learner_steps,learner_walltime,logits_neg,logits_pos,logsumexp,steps_per_second
80,2.8067565,12000,0.9850662,0.004272461,5.648243,-0.011145949,19,2850,1,0,-3.4612243,-3.455813,8.51395,0.0
85,5.354648,12750,0.99609375,0.005554199,5.542102,-9.579149,20,3000,1,0,-5.4312806,-5.420569,0.08520596,0.0
102,4.976058,15300,0.996012,0.020507812,4.83627,-12.235678,24,3600,3,10.272367238998413,-6.5987864,-4.937375,1.173763,30.354134854066103
105,7.5511637,15750,0.9677131,0.32281494,2.772142,-17.713886,34,5100,9,20.489272356033325,-19.686863,-2.575286,20.082233,42.163052076114674
106,9.542866,15900,0.97234607,0.38110352,2.4799418,-19.614565,50,7500,16,31.42348003387451,-26.288544,-2.2264962,25.676022,45.05977537882393
109,17.778284,16350,0.9903393,0.4309082,2.0102599,-20.24593,63,9450,23,42.00632119178772,-45.215378,-1.941155,7.221896,44.942841227902605
113,26.876991,16950,0.99415946,0.4569702,1.7042224,-22.143902,75,11250,30,52.758816719055176,-74.96773,-1.6659462,4.4740243,40.50104460486145
116,35.80282,17400,0.99331737,0.4678955,1.6351129,-22.506052,90,13500,38,64.55386924743652,-98.10634,-1.6285777,6.23731,31.819780636095818
118,40.802402,17700,0.9933548,0.4906006,1.5611432,-24.105328,104,15600,45,74.83108830451965,-120.86856,-1.5710301,7.3660135,45.70898934835151
121,40.427013,18150,0.9941337,0.50042725,1.4653434,-25.535172,118,17700,52,85.44301390647888,-134.53265,-1.4909239,5.1056747,46.45365345894699
125,37.46933,18750,0.99384236,0.5184326,1.3791658,-26.83589,131,19650,59,96.19006395339966,-140.49307,-1.4121195,6.064513,42.96129656839955
129,43.392685,19350,0.9950912,0.52752686,1.3071507,-28.925325,145,21750,66,106.87853956222534,-152.32062,-1.3372613,3.9166608,31.40334230620298
129,39.592323,19350,0.99414706,0.54016113,1.2761829,-29.860048,160,24000,73,117.05841302871704,-159.1677,-1.2711082,6.0411954,44.72191292540807
134,40.15448,20100,0.9942813,0.5587158,1.2078302,-30.946112,171,25650,80,128.37843704223633,-167.5793,-1.1896095,5.3843913,45.93940188432775
137,37.00205,20550,0.9954021,0.5683594,1.1234028,-32.978172,183,27450,87,139.14762544631958,-171.502,-1.0974598,2.9767256,43.55375306207018
140,47.799477,21000,0.99541306,0.57592773,1.0924187,-31.843071,199,29850,94,149.96166038513184,-191.11873,-1.0843536,3.0603957,30.411970673318653
141,48.195427,21150,0.9953499,0.572876,1.0851612,-31.174728,212,31800,101,160.3740930557251,-190.92374,-1.05848,3.4840477,44.329248832423715
146,50.437954,21900,0.9954448,0.583313,1.0375061,-31.260838,223,33450,108,171.18758726119995,-195.3175,-1.0133502,3.1867998,45.394589219701764
150,52.000008,22500,0.99507856,0.5757446,1.042424,-31.522114,236,35400,115,181.92471742630005,-199.55994,-0.98577154,4.163737,44.623036841558445
153,50.806362,22950,0.9958601,0.6045532,0.9679057,-31.878101,252,37800,122,192.60621166229248,-201.28134,-0.9451811,2.3642502,28.147200059055177
154,54.03481,23100,0.9955363,0.5831909,0.98236626,-31.72728,266,39900,129,202.87801957130432,-202.9524,-0.9600931,3.0208948,45.08504496152154
158,53.412033,23700,0.99551344,0.59295654,0.950695,-32.319473,277,41550,136,213.70557951927185,-205.8707,-0.91522276,3.0245996,43.807179218034165
161,50.973614,24150,0.9953408,0.60076904,0.94200426,-32.60566,290,43500,143,224.7710428237915,-198.98352,-0.924983,4.0044856,43.212035698987115
164,52.192375,24600,0.9955728,0.59936523,0.9523001,-33.0098,306,45900,150,235.61323237419128,-195.9018,-0.92169756,2.881721,29.92499405815384
165,52.67476,24750,0.99568844,0.59198,0.9560237,-33.069,319,47850,157,245.90289068222046,-197.7422,-0.94107306,2.617208,43.59014823889183
169,55.244606,25350,0.99529576,0.5819092,0.9762019,-33.81757,332,49800,164,257.0990400314331,-203.94316,-0.9450638,4.3357925,43.52174364895887
174,59.4291,26100,0.99554086,0.5741577,0.97081316,-33.67301,343,51450,171,268.08088779449463,-211.01202,-0.96398365,2.876206,43.51698826995969
175,59.120804,26250,0.99535656,0.5808716,0.955186,-32.937206,359,53850,178,278.62358045578003,-208.53802,-0.91121227,3.6817799,32.3314699023415
178,59.909885,26700,0.9955344,0.58514404,0.94796497,-33.311028,370,55500,185,288.908495426178,-211.30688,-0.9376014,3.0894964,44.994405942768104
182,58.511925,27300,0.99548554,0.58154297,0.94489133,-34.02778,383,57450,192,300.0065405368805,-203.4878,-0.9225312,3.4091516,43.72595915225195
185,62.518166,27750,0.9953203,0.5675659,0.9797831,-33.32437,396,59400,199,311.2102699279785,-209.4358,-0.9208987,3.5109591,39.07252789736054
187,61.460922,28050,0.99559355,0.5784302,0.9642241,-34.862816,412,61800,206,322.1947476863861,-206.60301,-0.95314085,2.7126582,32.799710657764834
1300,66.304855,51360,0.98972535,0.46783447,1.6669447,-33.457718,1061,123310,410,564.4676020145416,-188.28656,-1.4826691,16.792912,0.0
1309,64.362656,51450,0.99324274,0.5778198,1.3602479,-33.569065,1063,123330,410,564.4676020145416,-193.6329,-1.3054886,5.547434,0.0
2350,66.47188,61860,0.9929781,0.5734253,1.3691038,-33.56146,1318,125880,411,564.4676020145416,-198.15527,-1.3270565,6.1532164,0.0
3391,63.606438,72270,0.99295115,0.5614624,1.384174,-33.572033,1577,128470,412,564.4676020145416,-189.19046,-1.3465838,6.257325,0.0
4438,64.519424,82740,0.9927194,0.57055664,1.3794677,-33.793457,1837,131070,413,564.4676020145416,-191.39006,-1.3119135,6.4098206,0.0
4434,67.27998,82700,0.9918554,0.57684326,1.3737209,-34.30709,1831,131010,413,564.4676020145416,-199.49663,-1.3147268,8.614438,0.0
4514,68.0045,83500,0.9940183,0.63568115,1.2152088,-36.11758,1931,132010,416,575.5969336032867,-207.53412,-1.1552348,5.308324,42.9292729694849
4533,80.17647,83690,0.9935076,0.6953125,1.1131294,-38.141724,2051,133210,423,587.0124111175537,-243.17548,-1.019972,7.6451945,38.58471669205342
4569,89.380196,84050,0.9937911,0.7303467,1.0246439,-39.134468,2134,134040,429,597.1764621734619,-265.10822,-0.9868393,8.072918,37.9015128528318
4609,93.167435,84450,0.9950745,0.7546387,0.91540694,-38.422874,2208,134780,435,607.5435013771057,-274.86807,-0.8788705,5.015049,38.58246509100249
4647,101.448616,84830,0.99533916,0.774353,0.82820225,-38.679214,2288,135580,441,619.0139470100403,-300.93964,-0.7999488,4.646824,38.96772058202304
4692,106.23758,85280,0.9940076,0.78393555,0.8232896,-38.737488,2375,136450,448,630.3098142147064,-311.20465,-0.71426404,9.839693,38.769199484224
4725,112.38115,85610,0.9945855,0.7949219,0.7739185,-39.071716,2441,137110,453,640.5137226581573,-321.6118,-0.6876807,8.358933,27.850982478609247
4762,114.971756,85980,0.9951854,0.7962036,0.742261,-39.025513,2524,137940,459,650.9357900619507,-328.03403,-0.6536342,6.4541945,35.65578804025862
4801,116.94377,86370,0.99534965,0.79785156,0.7003808,-38.66385,2596,138660,465,661.3885447978973,-336.2072,-0.6345864,6.59797,40.458485415692955
4845,121.662155,86810,0.99565387,0.80895996,0.66158766,-38.315712,2687,139570,472,672.3949484825134,-345.5511,-0.6187793,5.734632,36.53922540812286
4884,124.7469,87200,0.995718,0.81951904,0.6311261,-38.26429,2767,140370,478,682.5831215381622,-355.65588,-0.55538344,5.7573175,35.79124142403659
4921,126.816696,87570,0.9958043,0.82336426,0.6186292,-38.03621,2846,141160,484,693.5858294963837,-357.0248,-0.5542803,6.2477093,32.559913851346025
4962,133.81587,87980,0.9955261,0.83374023,0.6110574,-37.56684,2920,141900,490,704.2187180519104,-376.5924,-0.53440404,8.195322,32.535536924835505
5000,136.35522,88360,0.9951558,0.83288574,0.61881846,-37.138054,3002,142720,496,714.8078842163086,-379.1994,-0.534883,9.704376,38.25792325396813
5033,135.6058,88690,0.9956925,0.83880615,0.5802459,-37.46865,3065,143350,501,725.2656500339508,-374.6112,-0.4786175,7.625818,36.18839530518938
5070,137.09601,89060,0.99565077,0.8441162,0.56635714,-37.331608,3141,144110,507,735.7229707241058,-377.15106,-0.500828,7.576558,37.66639197031652
5109,142.30016,89450,0.99525213,0.84661865,0.58430624,-36.94094,3222,144920,513,746.7768893241882,-387.48358,-0.50547,11.319481,34.68334899735206
5145,140.30417,89810,0.9955921,0.85321045,0.5505781,-36.98604,3306,145760,519,757.6900537014008,-380.5361,-0.44551268,9.336443,30.143570222939754
5173,144.18243,90090,0.9957993,0.855896,0.5457282,-36.68998,3361,146310,523,767.7426044940948,-395.93536,-0.45413727,8.888323,21.20315619899109
5200,150.81625,90360,0.99588037,0.84936523,0.54100895,-36.38157,3416,146860,527,780.7906033992767,-403.41516,-0.47430646,7.51603,19.545127298497167
5229,142.59119,90650,0.99548674,0.85705566,0.55971605,-36.773064,3481,147510,532,792.8659875392914,-389.61377,-0.4702446,11.053076,25.469665972067908
5262,144.62688,90980,0.99647593,0.86273193,0.48448223,-36.606583,3552,148220,537,804.6387045383453,-395.10394,-0.42043465,4.3137064,31.092428568963083
5293,147.15103,91290,0.99582577,0.8648071,0.5147675,-36.367794,3619,148890,542,815.5438935756683,-399.94424,-0.40547052,8.745325,28.905175442762015
5326,147.17139,91620,0.99559116,0.8678589,0.5258836,-36.0626,3684,149540,547,827.5975189208984,-398.11853,-0.39511967,11.608541,25.63084277860455
5365,146.58133,92010,0.9950807,0.87164307,0.57762885,-36.03587,3758,150280,553,837.842791557312,-397.76443,-0.41679633,16.508707,38.45502502398108
5401,152.6233,92370,0.9963298,0.87091064,0.4669822,-35.624977,3835,151050,559,848.0110890865326,-413.3939,-0.41775534,5.971105,37.571896238561784
5434,153.8844,92700,0.99563885,0.87353516,0.5199927,-36.21544,3907,151770,564,859.5369970798492,-422.8544,-0.40210322,11.730906,24.313572499945654
5461,155.9719,92970,0.99655986,0.8755493,0.44438016,-35.580177,3969,152390,568,870.2651190757751,-421.99176,-0.37241402,4.1800137,32.725156091420835
5492,153.22046,93280,0.99640393,0.87371826,0.4557938,-35.794865,4029,152990,573,880.719801902771,-417.56464,-0.3847301,6.2152205,30.95585797981354
5525,150.32104,93610,0.9960568,0.87457275,0.47016776,-35.602657,4104,153740,578,891.8527529239655,-413.66266,-0.42486113,8.701836,29.137149137208187
6321,157.75749,101570,0.99443984,0.7290039,0.8568094,-36.245415,3859,151290,541,811.4881598949432,-417.81378,-0.7467128,10.9021225,0.0
8056,159.06532,118920,0.9942291,0.73638916,0.8493664,-37.402397,5582,168520,644,1053.315937757492,-422.17325,-0.72360396,10.612913,0.0
9098,157.91025,129340,0.995481,0.7411499,0.78421366,-37.122246,5847,171170,645,1053.315937757492,-418.28378,-0.7478933,5.999667,0.0
10144,155.90909,139800,0.99474645,0.74108887,0.81497383,-37.053646,6108,173780,646,1053.315937757492,-414.49014,-0.7159197,9.162685,0.0
11184,157.06602,150200,0.99488115,0.7337036,0.81998795,-37.202293,6366,176360,647,1053.315937757492,-409.8992,-0.7159548,8.198824,0.0
12228,158.58832,160640,0.99467087,0.7491455,0.8070479,-37.069893,6624,178940,648,1053.315937757492,-415.8625,-0.687126,9.147146,0.0
13273,161.956,171090,0.9953959,0.73535156,0.80024076,-36.96245,6884,181540,649,1053.315937757492,-427.09363,-0.7744564,6.289811,0.0
14314,154.79669,181500,0.9953909,0.7375488,0.7867659,-36.990246,7147,184170,650,1053.315937757492,-406.8376,-0.7392982,6.341833,0.0
15366,155.6945,192020,0.9950757,0.74139404,0.8079602,-37.48018,7409,186790,651,1053.315937757492,-414.2926,-0.7143896,7.620799,0.0
15453,163.20065,192890,0.9951515,0.7562866,0.77146333,-37.031883,7483,187530,653,1065.1293165683746,-427.5151,-0.70868087,6.8661222,28.783717859031597
15479,163.458,193150,0.9945197,0.7648926,0.7879502,-37.675457,7551,188210,657,1075.5337800979614,-423.4449,-0.69063634,9.634031,29.071419280880647
15493,158.96552,193290,0.9955623,0.77679443,0.7204979,-37.01266,7636,189060,662,1085.805862903595,-417.44598,-0.67873716,5.82043,34.5342640400421
15512,168.56595,193480,0.99502325,0.7972412,0.7200272,-36.552795,7753,190230,669,1097.4953739643097,-436.9725,-0.6911472,9.202898,29.396402701615
15542,167.0726,193780,0.99575186,0.80236816,0.6584451,-36.56807,7828,190980,674,1109.0869908332825,-433.14493,-0.6127822,5.280795,23.809439657118396
15570,174.10867,194060,0.995898,0.8086548,0.64286196,-36.53283,7883,191530,678,1121.4424555301666,-450.1371,-0.62406045,5.231018,20.897536191402377
15595,167.85066,194310,0.9960139,0.8153076,0.6265167,-36.26905,7939,192090,682,1134.4052212238312,-435.018,-0.5544104,5.1621275,18.08798683713488
15614,172.51273,194500,0.9950805,0.8175659,0.6678505,-36.36575,7989,192590,685,1145.5438160896301,-448.58664,-0.54246634,9.5548115,18.391276999285342
15639,169.33853,194750,0.99509263,0.8164673,0.6661936,-36.18682,8046,193160,689,1157.5917024612427,-444.01178,-0.61925244,10.123475,20.341855348955036
15666,178.0737,195020,0.99585414,0.8273926,0.6113663,-36.516083,8102,193720,693,1170.5174431800842,-460.67258,-0.525445,6.1611204,16.96978809468675
15691,174.55151,195270,0.9955423,0.8234863,0.62366724,-36.19297,8163,194330,697,1181.7620487213135,-462.83978,-0.5482739,8.45457,25.209834857008964
15722,171.00029,195580,0.99581456,0.829834,0.59395665,-36.363464,8236,195060,702,1192.9959590435028,-452.0445,-0.4959858,6.441144,27.407926889720436
15755,176.59875,195910,0.99524665,0.84173584,0.60802436,-36.669495,8305,195750,707,1204.5588533878326,-465.776,-0.48349297,10.187117,29.517318791559603
15787,176.29105,196230,0.9950836,0.8322754,0.6276466,-36.34926,8365,196350,712,1215.5129861831665,-464.42828,-0.4779768,10.404634,29.7678300610049
15818,184.86075,196540,0.9953146,0.8369751,0.60908335,-36.41178,8442,197120,717,1226.7209701538086,-479.29846,-0.48151964,11.309916,28.256441122891495
15851,181.20694,196870,0.9960339,0.8234253,0.5686474,-36.195683,8507,197770,722,1238.6884887218475,-481.9666,-0.48394933,5.6884904,30.02993826552804
15882,189.573,197180,0.99579024,0.84643555,0.5618041,-36.172916,8586,198560,727,1249.5998423099518,-492.23853,-0.4768903,7.8402357,30.641774312503216
15914,185.828,197500,0.99582887,0.8378296,0.56561875,-36.210552,8656,199260,732,1260.5795414447784,-492.0997,-0.47893864,7.422542,28.81219346141903
15946,186.72055,197820,0.99548984,0.8540039,0.5709417,-36.049335,8721,199910,737,1271.3957841396332,-488.08154,-0.4545751,10.444267,28.270373991658182
15978,192.2182,198140,0.9958677,0.8451538,0.53580683,-35.727516,8794,200640,742,1283.7695758342743,-501.45227,-0.44008344,7.5618424,24.095086544151016
16010,186.9089,198460,0.9959347,0.85113525,0.53731227,-36.18473,8864,201340,747,1294.7741720676422,-494.5382,-0.47949797,7.4014215,29.67300292468187
16042,194.37357,198780,0.99547124,0.8377075,0.5853169,-35.76217,8933,202030,752,1306.2103431224823,-511.48334,-0.45588523,10.747208,30.415819757269855
16080,189.53351,199160,0.9956317,0.8517456,0.5535071,-36.124023,9003,202730,758,1316.7960093021393,-505.34967,-0.4699021,9.836491,37.477972871430396
16119,192.2366,199550,0.99581075,0.8535156,0.5465952,-35.885353,9079,203490,764,1327.1624484062195,-527.52747,-0.47618166,9.20769,37.27827542701527
16158,193.39265,199940,0.99555373,0.85601807,0.55070823,-36.114037,9157,204270,770,1338.0548915863037,-517.801,-0.4349379,11.54769,34.54521466551806
16197,194.7571,200330,0.99606895,0.8521118,0.5173289,-35.155823,9234,205040,776,1348.9479417800903,-528.2091,-0.458547,7.365933,38.10420236393706
16235,194.73318,200710,0.99573445,0.85375977,0.5381171,-35.14251,9315,205850,782,1359.7893953323364,-524.7025,-0.4721893,9.4707575,37.54118370010402
16267,196.49893,201030,0.9956553,0.86016846,0.52473295,-35.56116,9383,206530,787,1369.9888412952423,-527.78815,-0.41972953,10.054047,32.07604699404449
16304,188.35353,201400,0.99614024,0.8607788,0.49689436,-35.528763,9460,207300,793,1380.530822277069,-508.13687,-0.45268583,7.68666,37.62641429087852
16343,191.19989,201790,0.9957478,0.8578491,0.5182181,-35.561543,9536,208060,799,1390.8003962039948,-519.86456,-0.4274394,10.669975,36.59806426720148
16382,186.45178,202180,0.99613786,0.8676758,0.4789303,-34.756317,9616,208860,805,1400.946804523468,-516.89667,-0.42208493,8.60427,39.23187241679674
16419,189.18872,202550,0.9946046,0.86572266,0.6238235,-34.575336,9691,209610,811,1411.2582504749298,-522.99146,-0.41913056,23.247944,36.442727717278714
16460,198.01584,202960,0.9963851,0.86590576,0.45772898,-34.341812,9771,210410,817,1421.5893738269806,-548.42145,-0.39177203,6.488043,38.119927002313446
16497,195.2534,203330,0.99667597,0.8692627,0.4313026,-34.6249,9842,211120,823,1432.1266605854034,-544.5957,-0.3646431,5.0540276,35.11141247478172
16535,193.50206,203710,0.99652505,0.8720703,0.43123353,-34.38048,9918,211880,829,1442.460987329483,-539.045,-0.36556974,5.891583,35.762650499038905
16574,193.2893,204100,0.99628496,0.8756714,0.4504599,-34.324776,9996,212660,835,1452.6610679626465,-535.57324,-0.34180254,8.935938,37.61240103703477
16611,196.15366,204470,0.9963052,0.87335205,0.44887853,-34.56198,10071,213410,841,1462.8751537799835,-550.0785,-0.34001547,8.408088,37.532926948116184
16652,198.24445,204880,0.99594855,0.8717041,0.47992024,-34.33352,10155,214250,847,1473.1433670520782,-542.6326,-0.36770505,12.662446,36.001981725104045
16690,195.01535,205260,0.9966357,0.87994385,0.40486038,-34.369965,10223,214930,853,1483.7163031101227,-539.11346,-0.34678173,6.2029133,36.266666378445095
16728,192.74786,205640,0.9964752,0.87939453,0.42482108,-34.614563,10299,215690,859,1495.1580860614777,-531.04834,-0.34668508,7.783893,29.247302418020585
16760,194.0765,205960,0.99657583,0.88220215,0.41999757,-34.109398,10375,216450,864,1506.2820796966553,-542.971,-0.35728523,7.272891,22.900889527443184
16786,201.2183,206220,0.9966407,0.88500977,0.40187562,-34.463783,10430,217000,868,1516.6927962303162,-557.30566,-0.33464825,7.1920524,18.20803404099916
16812,203.6493,206480,0.99633145,0.88464355,0.44395867,-34.40705,10493,217630,872,1529.954823255539,-564.88605,-0.37443268,10.512737,16.13694343540085
16832,201.8978,206680,0.99592423,0.88238525,0.48140287,-34.401546,10551,218210,875,1543.2976853847504,-565.26685,-0.374365,14.032629,14.557855466422463
16857,194.4583,206930,0.9966247,0.8882446,0.39816287,-34.53225,10608,218780,879,1555.211375951767,-539.62,-0.31968623,6.8695245,19.678014900095583
16877,202.96057,207130,0.9965272,0.8892212,0.41491607,-34.136753,10663,219330,882,1567.0241701602936,-552.2516,-0.33723778,8.434105,19.205741157117558
16901,200.37088,207370,0.99653697,0.8820801,0.41941762,-34.573624,10728,219980,886,1578.9394328594208,-543.0427,-0.3278352,8.819802,22.51108096612446
16929,204.87418,207650,0.9960146,0.8845215,0.46911857,-34.606907,10782,220520,890,1590.9263615608215,-551.89197,-0.3179257,13.435285,22.583500254451472
16953,205.28828,207890,0.9961364,0.883667,0.4602175,-34.17466,10843,221130,894,1601.8050384521484,-549.5242,-0.28029454,12.258046,24.192545786727077
16986,204.01126,208220,0.99676085,0.88861084,0.38071632,-35.232372,10907,221770,899,1613.5532276630402,-547.52,-0.31714422,5.53668,21.36321793891277
17011,199.51987,208470,0.9964802,0.88153076,0.4230662,-37.113136,10970,222400,903,1624.8389644622803,-541.3646,-0.3610899,8.7445965,30.395420726214194
17043,204.6684,208790,0.9966724,0.87927246,0.42115474,-37.354263,11025,222950,908,1635.751749753952,-554.9729,-0.36173475,6.5758247,30.56416756379171
17081,189.92899,209170,0.9959626,0.87664795,0.49742293,-37.287975,11105,223750,914,1647.5007333755493,-534.6838,-0.3264465,15.781394,35.14622656764002
17119,180.65814,209550,0.9966092,0.8772583,0.4269262,-37.68304,11190,224600,920,1658.2320985794067,-531.11316,-0.36113846,8.158934,36.26001371592951
17151,184.05902,209870,0.99631834,0.8814087,0.44460738,-37.02549,11258,225280,925,1668.2963869571686,-537.24,-0.30644643,11.196548,30.67167418827064
17183,178.86975,210190,0.9968097,0.8873291,0.38720107,-36.408848,11324,225940,930,1679.8896329402924,-523.8414,-0.33347517,6.1385098,29.317858519388132
17215,181.20738,210510,0.9969783,0.8859253,0.3624704,-36.85717,11386,226560,935,1692.1723415851593,-531.7517,-0.3238059,5.0555058,21.672300612912466
17247,184.19603,210830,0.99683523,0.88531494,0.38455606,-37.188595,11457,227270,940,1702.9030504226685,-532.2198,-0.3289789,6.069762,27.816154118443862
17279,180.91382,211150,0.99692273,0.8916626,0.36719644,-36.949974,11520,227900,945,1713.813092470169,-529.01764,-0.28963733,5.912878,27.132827668755976
17311,174.96811,211470,0.99691033,0.8936157,0.35584712,-37.503872,11589,228590,950,1723.8807356357574,-514.68744,-0.31703883,5.571366,29.733370535751373
17351,177.40366,211870,0.9967303,0.885376,0.38160866,-37.14624,11662,229320,956,1735.7436559200287,-523.08093,-0.2735739,7.5464454,29.82173159387322
17387,179.71713,212230,0.9970398,0.8919678,0.34379333,-36.265076,11738,230080,962,1747.2470831871033,-532.2304,-0.29156232,4.39303,30.560033825625666
17428,171.43062,212640,0.99695325,0.8885498,0.35634577,-36.134407,11826,230960,968,1759.2288324832916,-513.7119,-0.301376,4.8370748,30.56521857450307
17447,173.4947,212830,0.99708104,0.89624023,0.32669452,-36.058098,11878,231480,971,1769.6322150230408,-524.03766,-0.2802487,4.420885,17.67297865505987
17471,177.28015,213070,0.9968777,0.8880615,0.3649743,-34.669598,11928,231980,975,1780.0938034057617,-531.36194,-0.29767513,6.052871,30.538568906400613
17497,181.25522,213330,0.9962466,0.8856201,0.4441446,-35.162815,11993,232630,979,1791.508991241455,-537.51483,-0.29211354,14.704283,26.84658731834317
17523,169.93767,213590,0.9970598,0.89068604,0.33139396,-35.36557,12039,233090,983,1801.7107982635498,-516.55084,-0.29350284,3.9694648,26.154270718627156
17556,176.50357,213920,0.99685025,0.8936157,0.35640028,-35.465054,12109,233790,988,1813.9186906814575,-523.12,-0.2629461,6.7815247,24.013112791349766
17575,177.30025,214110,0.9970503,0.89385986,0.32814872,-34.800217,12173,234430,991,1826.9906992912292,-530.17773,-0.32124704,4.316655,16.230170986209988
17599,178.35512,214350,0.99689174,0.895813,0.3462369,-34.501984,12237,235070,995,1841.242038488388,-528.7214,-0.27775273,5.794076,14.742138422807228
17626,173.39073,214620,0.99629545,0.8882446,0.43180406,-33.397545,12296,235660,999,1851.5756146907806,-514.75635,-0.26023614,13.66096,32.4827607571017
17659,175.74176,214950,0.996928,0.8899536,0.3455719,-33.41681,12350,236200,1004,1861.580017566681,-520.9473,-0.2822517,5.914134,31.93194967932495
17690,176.20177,215260,0.9968171,0.89068604,0.36153206,-32.976997,12421,236910,1009,1873.1759605407715,-514.31934,-0.26775813,6.1036396,28.434546631104872
17715,172.78235,215510,0.9968264,0.888855,0.3605575,-33.97074,12484,237540,1013,1884.0004181861877,-502.69775,-0.31029916,6.9502373,26.453663570203272
17737,177.74298,215730,0.9970269,0.90112305,0.3254683,-33.824432,12539,238090,1016,1897.7474176883698,-507.16022,-0.27009457,4.3064685,12.179842382621498
17738,179.45746,215740,0.9971113,0.8931885,0.32516095,-33.904243,12539,238090,1017,1911.9863812923431,-514.8345,-0.2968439,3.7565382,4.49470915018989
17758,185.20242,215940,0.99687934,0.89349365,0.3520906,-34.24117,12563,238330,1020,1924.0524065494537,-524.9551,-0.293518,6.200158,33.94651423946583
17786,176.4137,216220,0.99670696,0.88952637,0.37683594,-34.566307,12635,239050,1024,1934.798204421997,-506.9735,-0.28529802,7.932433,14.24625258676767
17805,183.0651,216410,0.99706316,0.89245605,0.32871377,-33.872204,12708,239780,1027,1946.5220115184784,-530.1676,-0.26075983,4.002384,27.084084773692116
17824,177.91882,216600,0.9967959,0.8892822,0.36652273,-34.64708,12779,240490,1030,1958.395229101181,-507.0707,-0.30562845,6.797548,16.56578379533567
17855,180.39319,216910,0.99701166,0.89312744,0.340753,-34.475456,12844,241140,1035,1968.713011264801,-504.3499,-0.27355182,4.764758,35.243313615527065
17895,176.2749,217310,0.9966545,0.89331055,0.3751409,-34.024403,12930,242000,1041,1978.9128561019897,-499.81656,-0.28917742,8.018435,34.12260753811719
17933,181.09544,217690,0.99693394,0.8930054,0.33976328,-33.818214,13011,242810,1047,1989.2667376995087,-506.18317,-0.2731196,4.7573266,37.86775375837893
17977,193.52066,218130,0.996896,0.8859253,0.35926247,-33.92186,13105,243750,1054,2000.2116780281067,-537.88995,-0.30736363,5.1760826,41.964022011005504
18021,191.78418,218570,0.9968443,0.88653564,0.3715096,-33.49327,13191,244610,1061,2011.3334648609161,-530.0398,-0.32840645,6.1417704,42.243962224659725
18056,201.79251,218920,0.99669385,0.88464355,0.3860112,-32.854664,13267,245370,1066,2022.6731235980988,-548.9275,-0.29189172,6.979148,24.892969824042748
18094,191.09041,219300,0.99652267,0.8842163,0.40819496,-34.169903,13341,246110,1072,2033.5321624279022,-526.43835,-0.34003,9.058004,46.838023263767234
18137,190.30884,219730,0.9969344,0.89312744,0.342394,-35.00786,13432,247020,1079,2043.8789932727814,-529.8601,-0.28318426,5.042647,40.55090218371906
18181,194.2612,220170,0.9966457,0.8937988,0.385943,-34.40277,13523,247930,1086,2053.970239877701,-531.9783,-0.29203588,8.61482,48.50634221583266
18220,195.02698,220560,0.9969754,0.89556885,0.34747422,-33.973026,13600,248700,1092,2064.7623240947723,-530.64185,-0.27841967,5.0401154,32.36741374391593
18253,203.86775,220890,0.99699235,0.8876343,0.34989277,-34.29264,13673,249430,1097,2074.9030470848083,-548.4193,-0.33266914,4.1998878,30.28429929255338
18297,195.65332,221330,0.9968364,0.88897705,0.3601129,-33.52372,13757,250270,1104,2085.403825521469,-526.5437,-0.3110466,4.953739,45.268331379103735
18341,192.625,221770,0.99703884,0.8907471,0.33876312,-33.59095,13855,251250,1111,2095.477293252945,-528.435,-0.32176873,3.7156622,43.779829591092664
18380,196.32185,222160,0.9969585,0.8856201,0.3535049,-33.772507,13933,252030,1117,2105.4917187690735,-532.31006,-0.30359375,4.0359564,35.80708240970644
18425,197.30399,222610,0.99692535,0.8900757,0.3510509,-33.270317,14021,252910,1124,2116.383196115494,-529.8369,-0.32684526,3.9790025,40.66694309667562
18464,201.60272,223000,0.9969287,0.888855,0.3453202,-33.395416,14101,253710,1130,2126.6017696857452,-539.57416,-0.285959,4.442244,34.94725939145381
18509,205.01974,223450,0.9968176,0.8902588,0.36944905,-33.509506,14187,254570,1137,2136.9753124713898,-543.5825,-0.30522662,6.1247134,37.20986907155203
18553,209.65518,223890,0.9966233,0.8909302,0.38441232,-32.834614,14278,255480,1144,2147.167355775833,-548.55865,-0.28082538,7.526374,36.67339415248652
18599,210.80666,224350,0.9966738,0.88775635,0.38612163,-32.609447,14369,256390,1151,2157.2863194942474,-553.23865,-0.29344916,6.353119,45.780567453974776
18651,210.13098,224870,0.99685836,0.8859253,0.37311435,-33.034756,14469,257390,1159,2167.7322838306427,-549.6553,-0.31159353,4.283991,50.65558731490461
18694,221.75758,225300,0.99671364,0.8875122,0.3810587,-33.576103,14570,258400,1166,2178.6693501472473,-576.28406,-0.33692837,5.714616,34.28597469916882
18738,220.0899,225740,0.99687696,0.8781128,0.38149798,-33.631214,14658,259280,1173,2189.954925775528,-568.9793,-0.35620642,3.6615014,41.20427946012332
18790,231.24823,226260,0.99691224,0.88513184,0.37039834,-33.56658,14758,260280,1181,2201.534303188324,-593.7866,-0.32921895,3.671044,35.05166382007448
18835,223.56587,226710,0.99659944,0.87908936,0.41195345,-34.044304,14855,261250,1188,2212.088412284851,-579.9801,-0.3364941,6.2969627,46.18899195343994
18880,233.13129,227160,0.99680495,0.8792114,0.39730734,-33.618088,14941,262110,1195,2222.914463043213,-591.3199,-0.39540654,4.3470755,39.26670713743434
18924,241.66866,227600,0.99668765,0.8798218,0.40464038,-32.563637,15034,263040,1202,2232.9654879570007,-616.3069,-0.36528832,5.0505056,46.43483384181756
18969,237.36377,228050,0.996624,0.8833618,0.4020719,-32.184868,15125,263950,1209,2243.821971178055,-609.4475,-0.3299662,5.8078423,44.0211188185269
19014,239.85172,228500,0.9968343,0.87609863,0.39339483,-32.290665,15208,264780,1216,2254.161794424057,-613.7854,-0.33265722,3.9892051,38.82570587569113
19058,244.03519,228940,0.99670863,0.88616943,0.38916326,-32.56891,15302,265720,1223,2265.746560573578,-616.4845,-0.32742238,5.633769,39.62225319290448
19090,248.6769,229260,0.99678135,0.8789673,0.3891101,-31.29728,15378,266480,1228,2275.9616050720215,-627.3621,-0.35123825,4.4600496,23.463128246294644
19136,258.46744,229720,0.996614,0.89416504,0.38880336,-32.005962,15467,267370,1235,2287.5660421848297,-649.71027,-0.3288581,7.099178,37.17299541949045
19174,264.6447,230100,0.9965489,0.8812866,0.4043063,-31.36057,15558,268280,1241,2298.583525657654,-655.6924,-0.29514283,6.8001585,33.609307596978965
19212,264.9206,230480,0.99679685,0.88220215,0.38783753,-31.714947,15639,269090,1247,2308.9702615737915,-661.51086,-0.3600809,5.166481,37.13009752140923
19258,260.2046,230940,0.99678993,0.8865967,0.3717435,-31.99609,15725,269950,1254,2319.2550399303436,-652.7661,-0.32546872,5.301736,49.687560574167215
19309,259.93494,231450,0.9963844,0.888855,0.415997,-32.23745,15832,271020,1262,2329.585185289383,-654.3105,-0.28343028,9.9442215,50.67907523281637
19360,268.74185,231960,0.99696875,0.89642334,0.34804982,-32.06389,15923,271930,1270,2339.840585708618,-671.68555,-0.31120688,3.9305792,49.90102090249431
19411,269.3436,232470,0.99661493,0.8936157,0.3786927,-31.313301,16025,272950,1278,2350.2891778945923,-668.4376,-0.24732393,7.2526846,49.66098569956223
19462,269.42426,232980,0.9970484,0.897522,0.34146023,-31.63894,16127,273970,1286,2360.6214652061462,-664.72485,-0.2921508,3.94594,48.63248373001739
19513,266.95953,233490,0.99704576,0.90393066,0.32542938,-32.795,16229,274990,1294,2370.9779527187347,-670.77185,-0.2741226,4.340091,48.399843857196046
19564,267.35776,234000,0.9969795,0.8890991,0.34830266,-32.56775,16329,275990,1302,2381.26308965683,-674.4737,-0.28959253,4.066821,48.46109515913413
19616,274.53204,234520,0.9967613,0.8944702,0.3585297,-31.84098,16431,277010,1310,2391.8665914535522,-671.34656,-0.315467,7.269801,50.259983545961404
19661,297.42685,234970,0.99656963,0.89715576,0.389195,-31.67582,16523,277930,1317,2401.8951892852783,-716.1838,-0.3224942,9.957532,44.345242577241635
19712,280.09186,235480,0.9971764,0.90167236,0.30159813,-31.50095,16625,278950,1325,2412.238077878952,-691.6162,-0.2651211,3.257938,50.552169200093104
19763,273.85062,235990,0.9971032,0.9006958,0.31659502,-32.965206,16727,279970,1333,2422.6204669475555,-677.2433,-0.27350003,4.0306406,47.44739779034626
19815,279.10388,236510,0.9970863,0.9065552,0.3044457,-32.64984,16827,280970,1341,2432.9229052066803,-682.9326,-0.25307214,4.804205,50.92140700558696
19865,280.8433,237010,0.9970546,0.90423584,0.3112203,-33.64422,16935,282050,1349,2443.185012817383,-694.7859,-0.2481291,5.4989214,50.01431964542966
19917,278.7445,237530,0.9969833,0.90838623,0.31207103,-33.406315,17031,283010,1357,2453.650903701782,-686.36145,-0.19881824,6.614747,51.12631712871084
19967,288.36414,238030,0.9972677,0.9113159,0.27315336,-33.14683,17143,284130,1365,2464.1159093379974,-702.2863,-0.24236856,3.244947,47.158753978713904
20018,282.76483,238540,0.9970932,0.91192627,0.28904766,-33.716595,17242,285120,1373,2474.381649017334,-698.3144,-0.22182998,5.8088217,49.913639982759385
20070,274.94614,239060,0.9973297,0.9160156,0.25897744,-34.42402,17335,286050,1381,2484.6805980205536,-675.66876,-0.23838073,2.6759486,49.25377831534695
20121,273.05096,239570,0.9972069,0.92089844,0.26284364,-33.999325,17436,287060,1389,2494.909562110901,-673.8451,-0.2311913,5.195979,49.94465806010354
20173,276.45117,240090,0.9972658,0.911499,0.26034355,-34.224632,17536,288060,1397,2505.193196773529,-690.0093,-0.22354831,3.1880596,50.73595329884727
20223,272.85117,240590,0.99728584,0.91448975,0.25662404,-33.961826,17649,289190,1405,2515.5969138145447,-669.8567,-0.23814563,3.2179275,47.10793153124253
20274,274.48364,241100,0.99728966,0.91204834,0.26651618,-33.868183,17748,290180,1413,2527.0369243621826,-687.76575,-0.2425939,3.2076676,43.8461835991198
20325,269.67438,241610,0.9973326,0.920166,0.24413429,-33.527607,17843,291130,1421,2537.3258786201477,-679.31573,-0.22046307,2.824057,48.398744323048874
20377,278.2085,242130,0.996927,0.9227295,0.31277114,-33.720116,17944,292140,1429,2547.81826376915,-696.79205,-0.21630883,9.621514,48.50534301432815
20428,285.8047,242640,0.99694777,0.9230957,0.29860705,-33.94546,18045,293150,1437,2558.152340888977,-706.471,-0.24841028,8.472431,49.05288825605295
20479,265.37823,243150,0.9973004,0.9216919,0.25176913,-34.391056,18151,294210,1445,2568.5950207710266,-671.2445,-0.19915047,4.163203,49.50247839301215
20532,278.28564,243680,0.99715257,0.9189453,0.27279663,-34.233864,18263,295330,1453,2579.0518260002136,-681.7306,-0.25011972,5.415489,51.18263284610115
20582,283.9151,244180,0.99726367,0.9215088,0.258225,-34.311836,18355,296250,1461,2589.531779527664,-696.94214,-0.21035019,4.6957536,50.54324096037549
20633,267.0508,244690,0.9973583,0.91900635,0.24867916,-34.489326,18455,297250,1469,2599.8367586135864,-659.2363,-0.215239,2.9753745,49.269770509182806
20684,274.22754,245200,0.996732,0.92163086,0.33920377,-33.313164,18557,298270,1477,2610.138857126236,-681.42554,-0.20533323,12.797088,49.35755505701938
20729,273.7796,245650,0.9971187,0.9138794,0.28452206,-33.937515,18648,299180,1484,2620.21138048172,-681.07574,-0.23117192,5.6111565,44.153131917033996
20780,263.42105,246160,0.997334,0.9220581,0.24299328,-33.727097,18750,300200,1492,2631.108240365982,-659.6138,-0.1865427,3.0401144,50.79052772032117
20838,281.0626,246740,0.99724126,0.9215698,0.26142856,-32.767265,18862,301320,1501,2642.3035628795624,-689.15515,-0.20750806,5.136834,49.16835243850326
20889,281.2523,247250,0.99692464,0.9202881,0.29476118,-34.000786,18966,302360,1509,2653.1511087417603,-692.63684,-0.21815577,7.7497306,51.652578766513074
20947,277.20105,247830,0.9972894,0.91882324,0.24910048,-33.747368,19077,303470,1518,2664.1134819984436,-675.895,-0.23161891,3.7380025,53.9009269574255
21004,272.80508,248400,0.99714327,0.916687,0.27612633,-33.132153,19192,304620,1527,2675.0492646694183,-672.6206,-0.21780172,5.2752867,52.60684127845176
21062,279.4297,248980,0.99730086,0.92248535,0.24662563,-32.982014,19305,305750,1536,2685.948917388916,-682.47394,-0.23852775,3.6556966,53.14872648989328
21120,284.56818,249560,0.9973817,0.9229126,0.23560974,-33.23847,19418,306880,1545,2696.871900320053,-699.4923,-0.2202623,2.1607008,52.21870131891219
21178,291.16644,250140,0.9972234,0.9154663,0.26640692,-33.607113,19533,308030,1554,2708.035290956497,-689.2427,-0.21342063,4.65189,51.55245854886706
21234,293.09772,250700,0.9972832,0.9116821,0.25829673,-34.218025,19645,309150,1563,2719.0452966690063,-702.30554,-0.21841596,2.713364,51.73911357394112
21293,291.22394,251290,0.99729514,0.91326904,0.26736158,-33.307907,19757,310270,1572,2729.8860478401184,-718.1004,-0.22453895,3.1404023,53.50911986732129
21350,299.50867,251860,0.99699736,0.90960693,0.3065302,-33.423492,19874,311440,1581,2740.8586509227753,-721.3712,-0.22243181,6.918204,53.04596703324282
21407,290.77856,252430,0.99725103,0.91851807,0.2650022,-33.606567,19989,312590,1590,2751.674172401428,-700.21106,-0.2422979,3.785389,52.64408552004271
21467,301.7234,253030,0.9967034,0.9147339,0.34072936,-33.228916,20111,313810,1599,2762.531797885895,-721.0608,-0.22665806,10.856946,53.8695905990314
21516,299.86218,253520,0.9971471,0.9151001,0.28235745,-32.905685,20213,314830,1607,2772.6282138824463,-713.30743,-0.21158117,4.9969344,41.813047156364036
21569,293.2144,254050,0.99729466,0.9164429,0.26335222,-32.38803,20306,315760,1615,2783.124233484268,-711.70557,-0.22465077,3.6228828,53.02696906747284
21626,291.04657,254620,0.99716926,0.91070557,0.2876329,-32.562523,20417,316870,1624,2793.9319984912872,-711.3485,-0.2477601,3.507543,54.830538209937686
21682,305.221,255180,0.9967315,0.9121704,0.3448885,-32.255142,20530,318000,1633,2804.794536590576,-734.3625,-0.22458768,10.181964,52.30973405455629
21740,288.48865,255760,0.9971709,0.9092407,0.28201455,-32.78327,20643,319130,1642,2815.60799241066,-701.3663,-0.24801694,3.6247997,53.111342997371295
21798,296.5576,256340,0.9971502,0.90893555,0.29401666,-32.56877,20759,320290,1651,2826.6406874656677,-722.0846,-0.24595644,4.9219556,48.76558984763311
21857,282.89966,256930,0.99725413,0.913147,0.27525866,-32.701324,20863,321330,1660,2837.6568756103516,-699.5086,-0.25640556,3.834015,49.35955173324943
21914,287.23563,257500,0.99706984,0.90753174,0.3003279,-32.7425,20975,322450,1669,2848.625778198242,-699.15393,-0.24405673,5.7197886,54.97389821997386
21970,293.79633,258060,0.99717927,0.91589355,0.27692568,-32.996674,21088,323580,1678,2859.5807571411133,-716.5442,-0.20679034,5.395348,52.05509121333427
22029,307.922,258650,0.99728894,0.91082764,0.26277006,-32.415276,21202,324720,1687,2870.536387681961,-738.3219,-0.23822895,3.21824,53.86807716566119
22086,302.90054,259220,0.9970629,0.9142456,0.29194018,-32.677612,21314,325840,1696,2881.433254003525,-729.9668,-0.23226556,7.1850977,53.39536030941349
22144,295.1789,259800,0.99740434,0.92407227,0.23564096,-33.43705,21427,326970,1705,2892.4245195388794,-720.4403,-0.21363348,3.339602,52.297158246975194
22195,306.3152,260310,0.99732447,0.91937256,0.2547938,-33.44609,21540,328100,1713,2903.1535606384277,-730.2665,-0.25004348,3.8021302,47.91382932827936
22253,302.8484,260890,0.99734426,0.92041016,0.2414667,-34.344994,21641,329110,1722,2914.121012210846,-715.78687,-0.2108188,3.571473,53.87432603269402
22296,302.33975,261320,0.9973006,0.92285156,0.25291732,-32.799316,21735,330050,1729,2925.1913895606995,-728.3851,-0.18764544,4.552043,37.08783654769454
22348,295.97397,261840,0.9973874,0.918396,0.24185231,-33.782837,21831,331010,1737,2935.684490442276,-739.27014,-0.21723856,2.9862108,49.00505959699575
22401,281.24432,262370,0.9971292,0.9173584,0.28455615,-34.07812,21932,332020,1745,2946.6556153297424,-707.39264,-0.2253834,6.852784,42.84619083988351
22445,304.17548,262810,0.9972322,0.9212036,0.2646808,-32.817448,22022,332920,1752,2957.8053061962128,-736.08356,-0.18400246,6.0921893,45.828627328794894
22488,298.1608,263240,0.99722815,0.91656494,0.2823829,-32.719093,22112,333820,1759,2969.549810886383,-726.3281,-0.23573011,6.667303,33.87584175206336
22540,289.47922,263760,0.997277,0.9197998,0.2652225,-33.231983,22217,334870,1767,2980.2924089431763,-712.80304,-0.2158446,5.7762938,48.16743977398028
22592,293.19714,264280,0.9972887,0.9237671,0.26414496,-33.024864,22311,335810,1775,2990.622046470642,-720.4837,-0.19279829,6.7899537,46.75553620245051
22644,289.35413,264800,0.99715924,0.91796875,0.29036474,-33.087517,22414,336840,1783,3001.984493494034,-721.7606,-0.18777986,8.687733,45.1548023123472
22687,279.92938,265230,0.99742174,0.9256592,0.22046576,-33.96945,22505,337750,1790,3013.1909396648407,-702.4536,-0.19584996,3.1143994,46.11020670241167
22733,286.19247,265690,0.99742866,0.9190674,0.2330054,-33.58638,22590,338600,1797,3024.856518268585,-714.02905,-0.1943937,3.8234391,36.69908483149908
22771,285.62494,266070,0.99742484,0.927063,0.2235615,-33.17089,22676,339460,1803,3036.0007948875427,-706.2096,-0.19131027,3.6663535,48.817727878569755
22816,287.06274,266520,0.99731874,0.9182739,0.24636948,-33.292213,22770,340400,1810,3047.3290827274323,-720.37195,-0.16872004,4.903305,22.868476178395195
22849,290.7345,266850,0.9973321,0.9268799,0.2373588,-33.02765,22834,341040,1815,3057.5888934135437,-722.1095,-0.19278596,5.3673735,35.44047670915001
22894,287.8711,267300,0.9973841,0.9230957,0.22885808,-32.821842,22925,341950,1822,3069.1660420894623,-703.3142,-0.19830671,3.5786328,30.08604840681007
22931,293.47485,267670,0.9973397,0.9237671,0.23359689,-32.490993,23002,342720,1828,3079.954850435257,-723.31104,-0.22880846,4.378629,34.07691199352675
22969,290.67145,268050,0.99741435,0.9232178,0.2196334,-32.92177,23084,343540,1834,3090.238914489746,-720.8352,-0.19702502,3.2515206,21.50882558654488
23014,286.6136,268500,0.9973912,0.9232788,0.23107672,-33.334045,23172,344420,1841,3101.138540506363,-698.0678,-0.19424781,4.0679283,41.73078029827349
23052,284.3741,268880,0.99739814,0.9217529,0.23118058,-32.939003,23250,345200,1847,3111.465891599655,-690.2312,-0.20306137,3.9372091,47.46769360644754
23097,291.72833,269330,0.9973736,0.9143677,0.23820856,-32.884766,23339,346090,1854,3122.0951545238495,-713.6144,-0.19432414,3.5729454,46.599276070665304
23142,286.11786,269780,0.9973564,0.9192505,0.24324068,-32.951546,23437,347070,1861,3134.8505806922913,-698.87354,-0.16896705,4.5233164,21.05020335778541
23180,283.07294,270160,0.99743795,0.9199219,0.2292875,-33.35606,23523,347930,1867,3145.569112300873,-690.6747,-0.19699691,2.632576,38.43809255970327
23212,278.88156,270480,0.99740076,0.91674805,0.23096277,-32.904545,23588,348580,1872,3155.9030907154083,-680.00244,-0.21333319,2.360329,34.722415947021936
23250,290.48282,270860,0.9974196,0.92059326,0.23117207,-32.55588,23665,349350,1878,3166.5573511123657,-701.60266,-0.17884517,2.752564,39.337196583801784
23303,277.3827,271390,0.997339,0.91796875,0.24232927,-33.37694,23770,350400,1886,3177.3327536582947,-663.2345,-0.2067478,3.252361,45.027622072228255
23347,294.9694,271830,0.9972758,0.91467285,0.2600953,-34.21644,23866,351360,1893,3188.5658905506134,-709.16187,-0.22465879,3.9987488,36.96435187563111
23385,281.1695,272210,0.9972925,0.91015625,0.25558013,-34.259247,23942,352120,1899,3198.609921693802,-673.9987,-0.22448558,3.0168853,39.88408636052294
23429,285.14618,272650,0.99736214,0.9177246,0.24537571,-34.49382,24026,352960,1906,3208.936112642288,-682.4994,-0.22298405,2.8335207,43.809938940210436
23475,303.9074,273110,0.9972086,0.9179077,0.2682538,-34.015976,24121,353910,1913,3220.2489993572235,-714.23346,-0.22545293,5.1730275,44.5855784704682
23525,299.09418,273610,0.99732375,0.91101074,0.2540896,-33.88218,24218,354880,1921,3231.4365797042847,-714.4761,-0.20840581,2.863532,45.56627047580248
23571,298.34924,274070,0.9972522,0.911438,0.2673869,-33.398514,24316,355860,1928,3242.0413081645966,-712.04724,-0.25070894,3.300184,49.21581474416657
23611,296.31436,274470,0.9972985,0.91400146,0.2541753,-33.34513,24390,356600,1934,3252.392378807068,-707.786,-0.2266956,3.5444226,47.90453480382971
23662,291.6891,274980,0.99729514,0.914917,0.24918431,-33.14808,24495,357650,1942,3263.6094439029694,-700.38043,-0.23222509,3.3429615,37.537288454137844
23701,300.16888,275370,0.9973717,0.9226074,0.2319479,-33.526672,24575,358450,1948,3274.195970773697,-717.05273,-0.19745116,3.1436095,28.301359972739817
23733,298.9115,275690,0.99721956,0.9180908,0.26654693,-33.187305,24641,359110,1953,3285.1521553993225,-719.277,-0.21694961,5.330091,31.650160529067964
23765,309.11273,276010,0.99730587,0.9187012,0.2508596,-33.100704,24716,359860,1958,3297.0021176338196,-734.28424,-0.19537662,4.1693153,27.285707765773584
23797,293.7149,276330,0.99735975,0.921875,0.23152618,-32.75296,24782,360520,1963,3307.5752127170563,-700.4226,-0.16572632,2.9722576,33.63575906093947
23829,300.82605,276650,0.99731874,0.9226074,0.24351756,-33.01502,24840,361100,1968,3317.8581414222717,-732.36743,-0.21379626,3.5919585,38.72003286440778
23866,299.0581,277020,0.99706626,0.920166,0.28985226,-33.147614,24917,361870,1974,3329.6239717006683,-711.83435,-0.20575504,8.267317,33.894585348083865
23899,305.83438,277350,0.9973111,0.9158325,0.2511565,-32.7303,24982,362520,1979,3339.9886202812195,-720.09973,-0.18673122,3.4841413,28.8423554430284
23938,298.44678,277740,0.9972153,0.9118042,0.27097714,-32.9926,25060,363300,1985,3351.4549465179443,-709.96045,-0.2349301,4.327257,35.418054779110385
23974,293.81696,278100,0.99729776,0.92163086,0.24942441,-32.60855,25140,364100,1991,3362.5975103378296,-704.85596,-0.23826146,4.058841,34.886226790045015
24006,302.26517,278420,0.9972906,0.9138794,0.25529575,-32.603333,25212,364820,1996,3373.048223733902,-729.17346,-0.19590321,3.966781,29.154281914861844
24045,299.388,278810,0.9973147,0.911499,0.26264358,-32.52237,25282,365520,2002,3384.250047683716,-724.485,-0.23625779,3.4923978,35.32509812803025
24084,290.9599,279200,0.9973569,0.91400146,0.24805947,-31.308428,25362,366320,2008,3395.1687955856323,-705.05145,-0.23061892,2.3911035,35.637577596748756
24111,290.66223,279470,0.99726987,0.92041016,0.2548693,-31.227531,25415,366850,2012,3405.2126817703247,-710.46545,-0.21951787,3.8116846,22.368491724501247
24149,305.41437,279850,0.99719286,0.9102173,0.27177984,-31.444672,25501,367710,2018,3416.300856590271,-736.91785,-0.24615845,4.3580947,38.819658779199116
24180,322.6463,280160,0.99700665,0.91900635,0.30792105,-31.425875,25562,368320,2023,3426.5499727725983,-767.78,-0.20609048,9.033395,32.27241437308115
24212,311.0393,280480,0.9972217,0.9180908,0.2663241,-32.088955,25631,369010,2028,3436.9287316799164,-746.7666,-0.19318524,5.224342,26.96270999308544
24244,304.7107,280800,0.9973793,0.92352295,0.23298746,-31.905148,25689,369590,2033,3447.5268049240112,-744.86456,-0.20532869,2.3783908,33.67602349232197
24283,317.25946,281190,0.99738526,0.92370605,0.23918432,-31.826736,25764,370340,2039,3457.6651799678802,-763.5216,-0.2152349,3.648909,40.04333417268033
24315,316.51758,281510,0.99732304,0.9164429,0.2511191,-31.093044,25834,371040,2044,3467.7505037784576,-756.0735,-0.24130481,3.086597,31.176901014218807
24355,323.95517,281910,0.99726105,0.9124756,0.25842544,-31.606838,25915,371850,2050,3478.5434029102325,-768.9603,-0.20698252,3.6034803,31.788772324399705
24393,325.08282,282290,0.99717116,0.9172363,0.27001965,-31.81822,25992,372620,2056,3490.4489505290985,-774.6201,-0.23170798,5.1175303,30.828506124346504
24429,312.65417,282650,0.99722815,0.91937256,0.25754392,-31.535723,26070,373400,2062,3502.356985092163,-750.24115,-0.22221053,4.372165,31.9977494868997
24469,330.972,283050,0.9972737,0.91534424,0.25896987,-31.633785,26153,374230,2068,3513.1045656204224,-788.8879,-0.21389839,3.7730808,38.76751976680171
24507,328.8523,283430,0.99726987,0.91326904,0.2546526,-31.252571,26231,375010,2074,3523.525304079056,-775.07776,-0.21557346,3.377815,34.11247369308598
24540,327.53552,283760,0.99735475,0.91918945,0.24558559,-31.484276,26287,375570,2079,3534.0468616485596,-777.92834,-0.19597356,3.0207393,27.293672852686505
24571,336.0856,284070,0.9972918,0.92108154,0.24470294,-31.42742,26352,376220,2084,3544.1192326545715,-799.8075,-0.23216692,3.5624444,34.41928097053655
24604,329.7683,284400,0.9972887,0.91760254,0.2506023,-31.26588,26419,376890,2089,3554.831821680069,-779.2732,-0.19896871,3.1871793,29.66119936963912
24635,318.35553,284710,0.99726987,0.9190674,0.2588234,-31.266033,26486,377560,2094,3564.8893733024597,-762.728,-0.17804095,4.982564,35.17104720277086
24667,321.1913,285030,0.99735165,0.91967773,0.24207471,-31.203688,26558,378280,2099,3575.8955483436584,-766.09656,-0.22335967,3.220046,29.067682587314433
24699,326.69763,285350,0.99722743,0.91638184,0.2636487,-31.374552,26615,378850,2104,3586.8006868362427,-777.52905,-0.23198327,4.8266253,27.27068359000184
24731,324.47522,285670,0.99722934,0.92059326,0.26706725,-32.110428,26690,379600,2109,3597.4914512634277,-777.7569,-0.23365396,5.2350082,26.569186862619222
24769,332.69763,286050,0.9972849,0.90930176,0.2645883,-31.897991,26757,380270,2115,3609.023240327835,-785.04974,-0.22596845,3.605421,36.55213669673876
24810,327.9125,286460,0.9973695,0.9156494,0.2486301,-32.453354,26837,381070,2121,3619.9493792057037,-778.62195,-0.20863572,3.097127,33.67621360745797
24841,335.17493,286770,0.9971881,0.91815186,0.27218527,-32.589012,26909,381790,2126,3630.0361466407776,-792.28613,-0.23103605,6.0357475,34.12377004125329
24873,335.58014,287090,0.9972806,0.9169922,0.26144522,-32.07662,26977,382470,2131,3641.2860939502716,-794.4164,-0.2260603,3.7681608,32.6787199181533
24910,327.77832,287460,0.99737334,0.91729736,0.24786462,-32.553,27048,383180,2137,3652.0652112960815,-781.4685,-0.2259683,2.7358873,34.39428453769822
24937,333.13812,287730,0.99719214,0.91516113,0.277645,-32.007175,27107,383770,2141,3662.6619188785553,-780.19977,-0.22454385,5.0457916,24.433609798367424
24968,342.50888,288040,0.9972093,0.90802,0.28066105,-31.983831,27171,384410,2146,3674.1846945285797,-818.766,-0.25199223,4.5913095,27.147796383630624
25001,337.2365,288370,0.99729514,0.91674805,0.26220524,-31.730562,27234,385040,2151,3684.6189579963684,-795.8352,-0.2383999,4.060004,35.60956693661273
25032,347.90295,288680,0.9971392,0.91345215,0.28999257,-31.898148,27300,385700,2156,3695.6009287834167,-821.9148,-0.21388236,4.8899503,29.434051159580235
25070,334.453,289060,0.9972081,0.90844727,0.28937837,-32.381645,27386,386560,2162,3707.0464487075806,-797.463,-0.23483616,4.392421,27.610967594415957
25110,338.76978,289460,0.99710536,0.9133911,0.29644364,-32.694878,27456,387260,2168,3718.653028488159,-816.1991,-0.23691815,6.3762703,38.82124195946753
25148,342.42706,289840,0.99732137,0.91326904,0.26036847,-33.31318,27529,387990,2174,3729.594489336014,-831.0553,-0.22604416,3.2959561,36.4726249593066
25181,339.73932,290170,0.9972923,0.911438,0.27178603,-33.22954,27606,388760,2179,3739.931163787842,-814.59735,-0.24966393,3.329445,31.669618607289493
25211,351.40912,290470,0.9972737,0.9172363,0.2614732,-33.492935,27666,389360,2184,3751.6507065296173,-835.13354,-0.25325897,3.5850432,26.022178941667317
25244,344.50952,290800,0.99718666,0.91156006,0.27377343,-33.359707,27730,390000,2189,3762.5371799468994,-827.7323,-0.22747757,4.9343395,31.72254241266049
25275,354.09302,291110,0.9971962,0.91656494,0.2817923,-33.39437,27799,390690,2194,3772.770727157593,-852.2073,-0.22427258,5.1316385,36.50695975000116
25313,356.36884,291490,0.9971576,0.91607666,0.28104562,-33.25385,27876,391460,2200,3784.591312646866,-858.04865,-0.2542209,5.3185787,31.85281481648486
25345,352.68762,291810,0.9971876,0.9178467,0.28401864,-33.518547,27942,392120,2205,3795.84379529953,-851.6576,-0.17594017,6.4722557,32.2229166386574
25377,349.00763,292130,0.9970782,0.91619873,0.29686296,-33.321396,28015,392850,2210,3808.2728650569916,-855.72485,-0.24540795,6.9667945,26.078126508839066
25410,339.39572,292460,0.9973154,0.9262085,0.23767333,-33.532017,28080,393500,2215,3818.7164890766144,-826.2824,-0.199881,4.3288946,29.458160615976134
25448,346.82883,292840,0.9972482,0.91973877,0.2584715,-33.349804,28160,394300,2221,3829.793612718582,-836.9236,-0.21121913,4.761381,34.629531786459474
25481,353.72607,293170,0.9972441,0.92333984,0.26052368,-33.289425,28227,394970,2226,3840.4274299144745,-834.64374,-0.2231713,6.3929787,34.55231139105141
25518,353.05267,293540,0.9974165,0.9273071,0.22176203,-33.16841,28303,395730,2232,3850.7051961421967,-849.8606,-0.20200703,2.9724576,39.20714691025247
25558,350.1048,293940,0.9974172,0.92089844,0.22277664,-33.4595,28379,396490,2238,3861.872082710266,-842.1012,-0.20848334,2.2846336,35.773064015331876
25596,343.19696,294320,0.9974437,0.92193604,0.22521183,-33.564415,28464,397340,2244,3873.0671467781067,-825.97296,-0.20205747,2.7035394,33.18012698745453
25628,345.27774,294640,0.9974501,0.93237305,0.21176064,-33.843437,28529,397990,2249,3883.8767352104187,-838.7445,-0.18174401,2.8955486,30.10640220496903
25661,359.61288,294970,0.9974201,0.92144775,0.22620273,-34.15473,28597,398670,2254,3893.951887369156,-859.45264,-0.2066927,2.5714626,36.855581860277304
25697,344.32983,295330,0.9973247,0.9217529,0.24135996,-33.737694,28673,399430,2260,3906.1913080215454,-833.69904,-0.22414756,3.9805243,25.578211918939594
25729,363.23203,295650,0.9972625,0.9222412,0.25606003,-33.215168,28744,400140,2265,3917.956416130066,-860.8703,-0.19515736,6.1725664,28.81565750222932
25768,350.40903,296040,0.9973798,0.9234619,0.22503003,-33.66854,28818,400880,2271,3929.3795189857483,-849.4844,-0.1856051,3.0414689,33.47902050630954
25806,358.7767,296420,0.9974015,0.9255371,0.22710675,-33.466156,28894,401640,2277,3941.3142466545105,-864.6144,-0.18106702,2.8529253,23.271036570406306
25838,350.9598,296740,0.9974463,0.9208374,0.22001801,-33.874634,28967,402370,2282,3952.0578594207764,-848.6429,-0.19292672,2.436654,25.3471655432859
25870,337.95178,297060,0.9974077,0.9213867,0.22612542,-32.906708,29025,402950,2287,3963.0226550102234,-818.19556,-0.20676047,3.5287714,31.208787345322403
25903,351.13678,297390,0.99742484,0.9213257,0.22358045,-33.607796,29091,403610,2292,3973.250500679016,-843.4241,-0.1843318,2.837177,28.16401546508029
25935,354.90826,297710,0.99738145,0.9274292,0.22664857,-33.713448,29161,404310,2297,3984.867507457733,-861.9949,-0.17993143,3.7831707,28.380530102383723
25967,342.80908,298030,0.9974394,0.92559814,0.21891075,-33.893555,29215,404850,2302,3995.7403666973114,-829.96625,-0.19819865,2.832215,34.563180010596774
25999,345.69073,298350,0.9972079,0.92858887,0.26273686,-33.54976,29290,405600,2307,4007.3974964618683,-834.27026,-0.17332947,7.9023,33.934163776196584
27127,333.46347,309630,0.9967654,0.8701782,0.38697606,-33.90152,29718,409880,2321,4034.098560333252,-799.7885,-0.33823898,7.5583143,0.0
27200,335.22333,310360,0.99696445,0.87109375,0.35604227,-34.179443,29824,410940,2324,4044.3110444545746,-806.6636,-0.31907946,4.22083,45.22972130276069
27225,340.2572,310610,0.9964988,0.8726196,0.42075968,-33.99813,29940,412100,2331,4055.177783727646,-817.29846,-0.3116732,11.827698,37.5006748950497
27264,355.99277,311000,0.99693894,0.8876953,0.34019756,-34.408623,30014,412840,2337,4065.4159433841705,-842.36523,-0.27292252,6.863055,35.54704846181329
27302,348.32965,311380,0.99724483,0.90075684,0.27964437,-34.984886,30097,413670,2343,4076.1134424209595,-834.402,-0.26559198,2.794187,38.28062494705736
27340,348.1116,311760,0.99722314,0.9071655,0.28104365,-34.914104,30173,414430,2349,4086.9001433849335,-843.7824,-0.25118318,3.4218392,35.68547488580894
27378,351.72556,312140,0.9972763,0.9005127,0.27338973,-34.87096,30251,415210,2355,4097.7553634643555,-845.6992,-0.2471197,2.659487,37.72657635221512
27418,353.90057,312540,0.99728703,0.90405273,0.26741043,-34.561996,30329,415990,2361,4108.023525953293,-851.8852,-0.25253433,2.642648,34.93084255362783
27456,361.45334,312920,0.997329,0.8977661,0.27158815,-34.19843,30398,416680,2367,4118.265151500702,-860.14746,-0.2403748,2.3164659,37.67312662350922
27489,348.91794,313250,0.9972589,0.90734863,0.26643127,-34.15654,30472,417420,2372,4128.328191757202,-849.0642,-0.2216566,3.5921798,26.076196160350143
27521,369.42914,313570,0.9972708,0.9065552,0.2630511,-33.714417,30541,418110,2377,4139.685084104538,-885.924,-0.23569377,3.6435387,27.695732201548775
27552,344.46005,313880,0.99732757,0.91290283,0.25602627,-34.150867,30608,418780,2382,4152.57830452919,-842.96155,-0.20806646,3.275248,21.857777751721276
27584,351.04123,314200,0.9973767,0.91278076,0.24328655,-33.084892,30674,419440,2387,4163.679887771606,-859.16907,-0.22812124,2.1973863,30.492705209020105
27617,347.1965,314530,0.9973707,0.9143677,0.24688154,-29.973701,30742,420120,2392,4174.0711505413055,-852.1544,-0.1989423,3.3453765,31.106584848458862
27648,335.69617,314840,0.99707365,0.91741943,0.28611362,-29.358278,30811,420810,2397,4184.802342176437,-838.04565,-0.22874232,7.4165936,30.712795830476317
27680,339.2451,315160,0.99736404,0.9248657,0.23457311,-27.725718,30882,421520,2402,4196.187772989273,-845.4244,-0.20700008,3.5165532,29.214205326752662
27712,341.12872,315480,0.9973388,0.9194946,0.24154748,-27.62727,30956,422260,2407,4207.343941688538,-846.8321,-0.18756491,4.582549,29.72462246742904
27744,342.77313,315800,0.99748063,0.92755127,0.20842275,-27.819391,31025,422950,2412,4219.450750589371,-855.6162,-0.18341903,2.4164937,29.56422276408796
27775,349.759,316110,0.997422,0.92211914,0.22114308,-28.237764,31088,423580,2417,4230.072815656662,-862.8887,-0.19591695,2.893827,36.37397918339008
27809,342.51013,316450,0.9972868,0.9211426,0.24952449,-28.041088,31167,424370,2422,4242.376254320145,-865.0397,-0.16406463,5.54603,26.75318404556769
27835,352.31183,316710,0.9974675,0.9223633,0.2181429,-28.024204,31216,424860,2426,4253.050206661224,-888.1843,-0.16637361,2.846541,22.36468060264353
27857,348.2601,316930,0.9973016,0.92822266,0.24738343,-26.646317,31281,425510,2430,4263.70569062233,-857.40796,-0.14030536,6.7846994,22.76815512056368
27891,338.5253,317270,0.99746966,0.927063,0.20781183,-27.649193,31349,426190,2435,4276.019446134567,-837.68414,-0.16738348,2.9527647,22.56969035347168
27917,342.81555,317530,0.9974096,0.91278076,0.23172966,-27.408852,31402,426720,2439,4286.545924663544,-855.8285,-0.21286735,2.3605974,24.45139919771018
27949,335.7189,317850,0.9974606,0.9277954,0.20551679,-28.765968,31473,427430,2444,4297.781274318695,-855.338,-0.15669835,3.2026825,27.845579932088164
27981,330.85284,318170,0.997385,0.92736816,0.22321782,-28.371819,31544,428140,2449,4308.687021255493,-836.58057,-0.17080116,4.9191875,29.720126969224246
28005,339.89624,318410,0.99753046,0.9328613,0.18340807,-28.924694,31599,428690,2453,4319.204770326614,-855.48303,-0.16114852,2.0165935,25.88417455431873
28032,342.7945,318680,0.99756765,0.93359375,0.18445125,-28.69258,31659,429290,2457,4330.38884305954,-858.8596,-0.15364596,2.237844,23.11753723615019
28064,348.06842,319000,0.9975202,0.9316406,0.19009079,-28.470503,31731,430010,2462,4342.484579086304,-863.41974,-0.16989064,2.484829,28.152389606134648
28096,329.89975,319320,0.99739456,0.93133545,0.21096127,-30.099968,31800,430700,2467,4353.396197080612,-826.0249,-0.17356917,3.923254,29.13935368679202
28128,338.0603,319640,0.9974761,0.93170166,0.19580159,-27.241488,31866,431360,2472,4364.458176612854,-846.76013,-0.20005135,2.7795992,31.305715092411383
28165,337.33105,320010,0.9974544,0.93292236,0.210929,-28.728657,31938,432080,2478,4375.824560403824,-831.7965,-0.14559385,4.8370423,36.7587471250076
28204,334.45868,320400,0.9973035,0.9277344,0.24610713,-28.692265,32023,432930,2484,4386.595063447952,-823.6771,-0.16851102,7.1419144,37.95246304259092
28243,340.85175,320790,0.9974973,0.9279785,0.1966838,-27.166897,32093,433630,2490,4397.213424682617,-846.218,-0.15441489,2.7693596,37.33561508560187
28281,334.65967,321170,0.99752545,0.9345703,0.18286386,-28.975437,32168,434380,2496,4408.097713947296,-837.5951,-0.16489235,2.0675,37.26274077900214
28315,333.45496,321510,0.9974439,0.9272461,0.20806281,-28.719894,32239,435090,2501,4418.641188383102,-838.6413,-0.15409786,3.205823,26.744025731448136
28353,335.8988,321890,0.99740434,0.92974854,0.22233303,-28.219105,32323,435930,2507,4429.106706857681,-844.55725,-0.16433917,4.8967633,38.03193126820588
28390,345.83185,322260,0.997406,0.9290161,0.21713945,-28.597136,32396,436660,2513,4439.796516895294,-848.48175,-0.15305306,4.2843237,36.843138000365364
28428,346.93878,322640,0.9974313,0.92907715,0.21114549,-27.035479,32467,437370,2519,4450.542820453644,-856.80853,-0.15918595,3.319295,36.45513521045239
28465,340.81976,323010,0.9974153,0.9257202,0.21493825,-26.092358,32551,438210,2525,4460.9565346241,-844.0682,-0.15911311,3.2611654,36.32463493083331
28505,351.4746,323410,0.997504,0.92852783,0.20060025,-26.908463,32626,438960,2531,4471.536015033722,-862.80774,-0.17126028,2.4944897,34.31108141171707
28537,347.1039,323730,0.99741626,0.923645,0.21477993,-24.537796,32694,439640,2536,4482.423014640808,-851.7903,-0.18667316,2.5290053,26.169497844031287
28563,344.31622,323990,0.99733806,0.91711426,0.23304822,-24.353104,32750,440200,2540,4492.645846605301,-836.9542,-0.1947895,3.3013139,21.897076938726382
28589,351.1443,324250,0.9974725,0.92822266,0.20342878,-24.676308,32803,440730,2544,4503.226192951202,-839.0523,-0.1922635,2.2406893,24.131882195513448
28613,358.25763,324490,0.9973316,0.91778564,0.24398562,-25.289593,32863,441330,2548,4513.418917179108,-858.22516,-0.20087093,3.4880872,27.840736756939016
28640,358.0647,324760,0.9974394,0.9250488,0.21571146,-24.261253,32924,441940,2552,4524.270792722702,-855.41565,-0.19279481,2.29945,18.596851686211682
28664,362.77777,325000,0.9971032,0.9133301,0.29373586,-23.9846,32986,442560,2556,4535.320670366287,-865.2682,-0.21787275,7.7810726,27.139485404646425
28692,364.91925,325280,0.9973345,0.92071533,0.22820893,-24.505377,33042,443120,2560,4545.666770219803,-873.6435,-0.1973532,2.7435997,27.545385495186043
28717,359.1924,325530,0.9971745,0.9254761,0.26739195,-24.762812,33099,443690,2564,4556.024881601334,-854.7732,-0.18168792,7.270145,21.42169012367078
28743,358.5091,325790,0.99715376,0.9164429,0.2765139,-23.949371,33154,444240,2568,4566.8650686740875,-861.9926,-0.20806515,6.2408814,24.159406541906353
28773,359.32736,326090,0.9972334,0.9133911,0.26660353,-23.086348,33224,444940,2573,4578.739600896835,-856.5748,-0.2061845,5.2785187,26.97034397516484
28800,359.00275,326360,0.9972787,0.9130249,0.25871837,-23.86993,33281,445510,2577,4589.92281293869,-860.19855,-0.22262695,3.4717312,22.575849840303686
28825,365.00555,326610,0.99721146,0.9177246,0.2643103,-23.203136,33336,446060,2581,4600.481765508652,-868.48535,-0.23100413,4.8536644,26.693238642527792
28850,357.72467,326860,0.9972472,0.9107666,0.27009314,-21.76812,33386,446560,2585,4610.53781747818,-857.57715,-0.24409592,4.0946364,26.610372213479387
28876,365.17996,327120,0.9970763,0.91485596,0.2948474,-19.278336,33449,447190,2589,4622.327795505524,-867.95,-0.19215465,7.004332,20.581453223631197
28902,358.67648,327380,0.9971974,0.914978,0.27781385,-20.603355,33510,447800,2593,4633.174978971481,-859.0624,-0.2393941,4.766094,28.174172314576193
28940,369.3821,327760,0.9968996,0.90478516,0.33903575,-20.765188,33592,448620,2599,4644.625983953476,-882.0991,-0.25708658,10.437344,35.74971473258377
28978,372.81195,328140,0.99722314,0.92230225,0.26744068,-19.726536,33662,449320,2605,4656.42685842514,-885.8407,-0.21062478,5.13861,30.267717327388834
29010,366.608,328460,0.9971912,0.9116821,0.27945298,-20.414028,33737,450070,2610,4666.954153299332,-872.18994,-0.22427887,4.4488244,34.01042248820784
29043,359.6189,328790,0.99722147,0.91259766,0.27357206,-21.264465,33799,450690,2615,4678.692618846893,-872.5535,-0.22918522,4.386982,32.762908791150984
29081,375.44348,329170,0.9971285,0.9082031,0.29005176,-18.767067,33882,451520,2621,4691.4107847213745,-893.4414,-0.23751932,4.5469265,23.47049512793621
29112,380.6159,329480,0.99713564,0.9016113,0.2902241,-16.987698,33949,452190,2626,4702.208421945572,-903.4081,-0.23860113,3.3330474,32.87582967131819
29152,375.7298,329880,0.9971638,0.904541,0.2994672,-14.551976,34024,452940,2632,4714.010413885117,-897.99524,-0.21580222,5.228197,34.079962054867075
29191,380.42712,330270,0.9970412,0.91308594,0.3101182,-14.0154,34104,453740,2638,4724.767490148544,-915.6448,-0.2245593,7.346672,33.08696284543823
29222,372.01892,330580,0.9971695,0.9036255,0.29898444,-10.555307,34173,454430,2643,4735.528167009354,-902.60547,-0.2604893,4.3876996,28.940370980781886
29255,375.5183,330910,0.99705005,0.902771,0.32112488,-11.450548,34231,455010,2648,4745.840440988541,-909.7985,-0.29690188,5.9356704,36.28466725177652
29286,381.15024,331220,0.997082,0.9017334,0.31589615,-14.444046,34301,455710,2653,4756.9881064891815,-926.0731,-0.24683344,4.6925287,27.46023099146779
29311,377.0016,331470,0.99709344,0.90911865,0.3024269,-13.772387,34358,456280,2657,4766.9901530742645,-917.0033,-0.23583978,5.853349,25.86399340497471
29336,392.23325,331720,0.9971962,0.9038696,0.29344752,-15.407644,34414,456840,2661,4777.569905281067,-966.0939,-0.26631927,3.423138,25.1708306355311
29369,371.4217,332050,0.99711776,0.90496826,0.30597654,-13.716529,34484,457540,2666,4789.22016620636,-926.2717,-0.25318268,5.1292915,27.54688365216042
29396,391.33386,332320,0.99723196,0.90319824,0.28819105,-13.189537,34540,458100,2670,4799.86546587944,-943.5324,-0.24077511,3.3055205,21.13602598348474
29421,376.13742,332570,0.9972422,0.9005127,0.2968338,-12.450356,34591,458610,2674,4809.874533653259,-923.5221,-0.25063336,3.6547534,27.18125364972022
29447,386.35968,332830,0.9972327,0.91156006,0.27151507,-16.381107,34648,459180,2678,4820.26663851738,-946.781,-0.21139313,3.5786703,22.462203046891606
29480,391.055,333160,0.9972813,0.9088745,0.27513194,-15.626095,34721,459910,2683,4832.601702451706,-961.7062,-0.23320207,3.2762804,26.983498211825452
29511,385.04617,333470,0.997216,0.91052246,0.27697268,-13.237818,34790,460600,2688,4844.157256126404,-941.6037,-0.2279768,4.084502,28.14531127915916
29544,382.73172,333800,0.9970994,0.9118042,0.29791683,-14.93098,34859,461290,2693,4856.141746520996,-954.9983,-0.22179702,6.8685637,28.715233216269674
29568,388.17773,334040,0.9973154,0.91192627,0.25989676,-15.536544,34916,461860,2697,4867.815420627594,-965.62054,-0.22940916,3.6768947,20.663655744626638
29594,380.48953,334300,0.9973264,0.9113159,0.26191315,-15.140903,34981,462510,2701,4880.32951426506,-939.22144,-0.2242873,3.1184726,22.553655402474963
29627,378.43066,334630,0.99736714,0.9190674,0.24714012,-14.475521,35051,463210,2706,4892.639713525772,-942.3509,-0.1980106,3.6354153,20.794830548776996
29659,398.2163,334950,0.99736357,0.91186523,0.24697617,-16.055788,35121,463910,2711,4904.7776300907135,-967.1655,-0.21493837,2.943911,28.243737352364686
29691,375.73975,335270,0.9973452,0.91345215,0.24969512,-17.04573,35190,464600,2716,4916.9463357925415,-934.72815,-0.22869071,2.8273513,27.105112647560222
29717,387.85516,335530,0.9973326,0.914978,0.2489424,-15.589802,35238,465080,2720,4927.031740427017,-957.29114,-0.22550026,3.4141717,24.803495315539823
29742,386.04648,335780,0.99738884,0.9160156,0.2420138,-16.744219,35294,465640,2724,4937.225150585175,-957.6455,-0.2038418,3.504743,23.61033873106618
29768,388.4254,336040,0.9973023,0.91259766,0.25693843,-15.731781,35359,466290,2728,4947.791542768478,-951.9856,-0.22041732,4.0120673,24.156343248694412
29793,372.1039,336290,0.9973502,0.91973877,0.2416253,-15.91678,35421,466910,2732,4959.926394701004,-924.1665,-0.19101402,4.794876,18.758280330487864
29818,381.12012,336540,0.99734235,0.9135742,0.24548769,-17.92871,35476,467460,2736,4970.217410087585,-951.10333,-0.20686042,4.1599326,26.98806941050017
29844,378.99033,336800,0.9974067,0.91973877,0.23169613,-16.880209,35533,468030,2740,4980.700783491135,-958.8978,-0.1835905,3.2637062,23.080461066754253
29869,370.52924,337050,0.9974203,0.920166,0.22805995,-14.928481,35591,468610,2744,4991.93438243866,-934.42114,-0.20665011,3.316049,22.451460649310178
29895,365.85815,337310,0.9974818,0.9265137,0.20754787,-16.22332,35647,469170,2748,5002.28045964241,-939.92114,-0.18094772,2.7103288,21.52874963598843
29928,371.22418,337640,0.99736905,0.92315674,0.22854775,-18.073345,35719,469890,2753,5013.984045982361,-945.0963,-0.19712159,4.3297906,29.217296052605086
29965,370.0424,338010,0.99743795,0.9262085,0.21614327,-19.554264,35796,470660,2759,5025.407211303711,-943.3322,-0.19150661,3.422472,36.223550753435354
30004,369.75354,338400,0.9974835,0.9298706,0.20433044,-19.315804,35865,471350,2765,5036.632710695267,-929.8718,-0.17288584,3.1122394,35.884871832131246
30043,355.33466,338790,0.9974911,0.92407227,0.2084071,-18.305105,35951,472210,2771,5047.600342273712,-910.4069,-0.16663699,3.450789,35.892284953518676
30080,355.0741,339160,0.99742866,0.9276123,0.21662593,-18.64074,36024,472940,2777,5058.504955291748,-923.27893,-0.16090444,4.8633604,32.88172130468804
30120,359.00247,339560,0.99748015,0.9295654,0.20986407,-19.34407,36104,473740,2783,5069.2471125125885,-922.4456,-0.1638521,4.7702904,36.479613660707756
30152,354.18396,339880,0.99744344,0.9243164,0.20914271,-20.141123,36171,474410,2788,5081.1352207660675,-909.42395,-0.18975571,3.6616035,27.94341227900789
30189,347.7928,340250,0.9974127,0.92388916,0.21643166,-21.012276,36245,475150,2794,5091.8787388801575,-894.4898,-0.16650313,4.263838,36.222006172310586
30228,344.4455,340640,0.99750066,0.9282837,0.20377487,-21.431072,36326,475960,2800,5102.691071510315,-893.019,-0.15841946,3.5059285,37.07655656770578
30266,339.8815,341020,0.99750495,0.9302368,0.19719172,-21.931644,36395,476650,2806,5113.429164648056,-867.5646,-0.16120452,2.7824583,36.228317300866394
30304,346.25055,341400,0.99746776,0.92663574,0.20580998,-21.890007,36471,477410,2812,5123.976360082626,-882.33374,-0.17860317,4.024309,36.089697133963824
30343,338.04852,341790,0.99737287,0.9301758,0.22722591,-22.204666,36548,478180,2818,5134.642259120941,-865.12256,-0.16828544,6.462716,37.53063900615665
30380,347.2493,342160,0.9975445,0.9350586,0.17823389,-21.676247,36632,479020,2824,5144.872613430023,-877.97327,-0.15315753,2.6730244,37.865611760600196
30421,343.74414,342570,0.9975281,0.92871094,0.1900152,-21.843845,36701,479710,2830,5155.519197940826,-867.516,-0.17312053,2.8617883,35.9911691160401
30458,343.76648,342940,0.99745226,0.92681885,0.20669705,-23.184612,36778,480480,2836,5166.2145166397095,-871.959,-0.1719709,3.3063374,37.63597860809016
30496,332.9511,343320,0.99746704,0.9302368,0.20103197,-22.636204,36864,481340,2842,5176.331971168518,-841.12103,-0.18174742,3.7230678,39.698921970569295
30535,339.02496,343710,0.99749565,0.93170166,0.20204085,-23.970528,36942,482120,2848,5186.485702514648,-850.07513,-0.15820311,3.8370404,36.6211463005727
30573,331.3745,344090,0.9974575,0.92749023,0.19648907,-24.119532,37008,482780,2854,5196.68657541275,-835.43964,-0.16370359,2.6011627,38.32921762751206
30605,331.1858,344410,0.9975083,0.9299927,0.18926328,-23.938457,37079,483490,2859,5207.572806596756,-829.7906,-0.15236978,2.4539144,29.16559982911477
30638,327.61154,344740,0.99744415,0.92437744,0.20299307,-24.33154,37143,484130,2864,5218.423829078674,-816.754,-0.17307061,2.675414,29.679902515946143
30668,327.84515,345040,0.99740386,0.92700195,0.21839657,-21.704796,37217,484870,2869,5229.235083580017,-805.65826,-0.17426643,4.4998884,29.03054737091413
30700,327.9693,345360,0.9974873,0.92889404,0.20074156,-24.666164,37282,485520,2874,5240.378921508789,-809.8591,-0.16549534,2.6592774,27.318532932090253
30732,341.6324,345680,0.9973903,0.9296875,0.21723664,-23.411095,37352,486220,2879,5252.337766170502,-830.8342,-0.17298658,4.850824,26.048228076261545
30764,332.18057,346000,0.9974208,0.9222412,0.21654977,-22.87966,37422,486920,2884,5263.765181303024,-821.5166,-0.17314255,2.97824,26.412808165714345
30798,339.22427,346340,0.99741983,0.9268799,0.213855,-21.494844,37485,487550,2889,5275.514697551727,-830.5903,-0.16553426,3.3912897,26.10953350644015
30829,340.6598,346650,0.9973216,0.92303467,0.23205926,-23.358269,37561,488310,2894,5288.184495210648,-830.81323,-0.19870502,4.5721874,22.072840950335596
30863,347.38184,346990,0.99716353,0.9179077,0.26807305,-22.784544,37627,488970,2899,5300.276701211929,-833.6749,-0.18505388,7.591132,23.3528055855595
30894,343.48013,347300,0.99733424,0.9168091,0.24963257,-22.805174,37693,489630,2904,5311.967453241348,-820.16925,-0.18579814,4.7355475,29.307436434791107
30927,337.22177,347630,0.9974284,0.9241333,0.21668667,-23.76416,37770,490400,2909,5323.6764550209045,-805.7128,-0.19088207,2.897245,26.211620134817732
30952,341.8083,347880,0.9973006,0.9169922,0.24858305,-22.580193,37823,490930,2913,5334.249460935593,-807.33215,-0.16441911,5.1018734,22.642484021401575
30991,350.18463,348270,0.9973664,0.91986084,0.23059765,-22.429436,37897,491670,2919,5345.157173156738,-824.8807,-0.1840075,3.4630966,36.78858553278501
31028,349.22305,348640,0.99739695,0.9216919,0.23060344,-20.530243,37981,492510,2925,5355.509305000305,-820.02747,-0.19340077,3.6030362,36.29613299829198
31067,350.16937,349030,0.9973941,0.9222412,0.22316785,-22.60157,38050,493200,2931,5366.791314840317,-829.998,-0.19300157,2.9355412,36.40032793936539
31105,353.33325,349410,0.99735165,0.9249878,0.23364654,-21.680546,38135,494050,2937,5377.5698318481445,-825.0667,-0.16654755,4.003836,36.142740119551505
31144,358.4471,349800,0.99738955,0.9232178,0.2326344,-21.234606,38205,494750,2943,5388.590814828873,-832.1168,-0.17769407,3.407311,29.63749279172044
31182,355.2904,350180,0.9973445,0.92126465,0.23644619,-20.65025,38286,495560,2949,5400.362756729126,-826.3003,-0.20630056,3.1396923,33.73075954552423
31221,363.98438,350570,0.9973111,0.91882324,0.24592277,-19.799572,38358,496280,2955,5410.7775638103485,-845.01,-0.19094971,3.9013016,38.02603731215791
31259,355.16,350950,0.99732995,0.92126465,0.23923558,-20.728367,38443,497130,2961,5421.131704568863,-824.5111,-0.21622027,3.4093695,37.994820138671265
31298,349.16388,351340,0.9973545,0.9182129,0.23857805,-19.574335,38511,497810,2967,5431.47607254982,-808.3994,-0.21406782,2.5956717,36.954988464104915
31335,355.70984,351710,0.9973669,0.9199219,0.22890465,-18.26831,38588,498580,2973,5442.109202861786,-815.6078,-0.20045245,2.3762949,36.596637262344146
31374,361.4662,352100,0.9973688,0.91900635,0.23692396,-21.004253,38666,499360,2979,5452.421497344971,-843.37616,-0.23136747,2.453022,37.47704673527151
31412,377.83484,352480,0.99713373,0.9171753,0.2774662,-20.853664,38747,500170,2985,5463.089886903763,-872.10913,-0.2466612,5.9149737,36.20941004667618
31452,383.23843,352880,0.9972596,0.9121094,0.26420125,-21.007357,38819,500890,2991,5473.635212898254,-877.599,-0.23581836,3.4942346,37.57345816599676
31490,372.72638,353260,0.99734473,0.9188843,0.24217215,-20.703606,38896,501660,2997,5483.8948764801025,-856.4158,-0.18993998,3.2199376,35.1820826798181
31528,376.5271,353640,0.99731946,0.9124756,0.2528765,-19.718277,38971,502410,3003,5493.935002565384,-867.28406,-0.22774512,2.888527,39.040932297653896
31566,392.61023,354020,0.9973304,0.9116821,0.24873346,-21.33974,39044,503140,3009,5504.102971076965,-887.4098,-0.21372224,2.796216,38.2122796108898
31611,402.06012,354470,0.99717903,0.9215698,0.263299,-19.976742,39136,504060,3016,5515.932446479797,-915.8725,-0.21101698,5.140372,34.651892073871586
31649,401.8359,354850,0.9971497,0.9086304,0.27573925,-18.657,39218,504880,3022,5527.221122741699,-912.4658,-0.20413336,4.3903255,35.97512629836434
31687,393.90195,355230,0.99730945,0.91430664,0.24832913,-19.125404,39298,505680,3028,5537.380490779877,-902.9651,-0.22585462,2.9511986,38.265252939969834
31727,400.52716,355630,0.997252,0.9152832,0.25755298,-17.177727,39367,506370,3034,5547.579707145691,-912.49023,-0.21761099,3.7863073,38.06501223903599
31771,391.59912,356070,0.9973726,0.91400146,0.24078241,-17.788727,39458,507280,3041,5559.063660621643,-900.5343,-0.18928808,3.0745893,39.27565821932119
31816,408.96744,356520,0.99735594,0.9258423,0.23137599,-20.93803,39543,508130,3048,5570.521499633789,-926.4608,-0.21000203,3.230684,37.949721281694224
31854,387.50433,356900,0.99737287,0.91864014,0.24222764,-19.081055,39621,508910,3054,5580.755287647247,-890.787,-0.21902046,2.5382867,37.81441491190011
31900,399.8883,357360,0.99731565,0.92211914,0.2431964,-19.536499,39715,509850,3061,5592.352092027664,-919.58374,-0.24540263,3.469975,36.275203781204006
31937,410.26068,357730,0.99739575,0.9279785,0.22099838,-21.271154,39794,510640,3067,5602.510114431381,-942.23126,-0.17946157,3.332519,38.70340755504919
31976,401.5628,358120,0.9974487,0.9203491,0.22224447,-19.889645,39872,511420,3073,5612.573970079422,-915.6085,-0.20090114,2.2571616,38.55381618721811
32021,389.72278,358570,0.99732614,0.9238281,0.24664727,-18.753216,39954,512240,3080,5624.117267847061,-887.97266,-0.1863302,5.0969505,37.80716106004939
32065,403.816,359010,0.9973085,0.9212036,0.24861261,-21.470657,40041,513110,3087,5635.703461647034,-924.0305,-0.20052242,5.381836,38.92828179425234
32104,412.57437,359400,0.9973519,0.923584,0.2351456,-22.508127,40127,513970,3093,5646.511356115341,-933.66675,-0.18817694,4.3270903,31.094373437884972
32141,415.31134,359770,0.99738073,0.92718506,0.21820529,-19.812008,40201,514710,3099,5656.860813617706,-921.99506,-0.19397044,3.1109955,39.06567594994258
32180,401.4752,360160,0.9973662,0.9274292,0.2318374,-19.729553,40273,515430,3105,5667.254749774933,-913.8274,-0.18437809,4.7049146,37.64504097003674
32213,407.46262,360490,0.99744344,0.9225464,0.21185257,-21.48689,40341,516110,3110,5678.558377504349,-925.8955,-0.18444073,2.7008426,25.950011450718552
32257,407.57684,360930,0.9974408,0.92840576,0.21578945,-21.765022,40435,517050,3117,5688.791300296783,-913.3478,-0.17434636,3.487208,52.72580487075733
32316,416.06415,361520,0.99746346,0.9255371,0.20829663,-22.440561,40550,518200,3126,5699.764390707016,-919.255,-0.1882051,2.304079,52.52375309739639
32366,408.51794,362020,0.9972193,0.92596436,0.26343355,-21.304895,40663,519330,3134,5712.214544057846,-910.4576,-0.19008903,8.201422,21.88215083565488
32404,418.15674,362400,0.99748635,0.9296875,0.2045184,-21.708927,40738,520080,3140,5723.77522277832,-934.4462,-0.15881878,3.0705924,31.74677462140408
32443,420.45227,362790,0.99741554,0.9279175,0.21439987,-21.801893,40816,520860,3146,5735.70884847641,-945.6516,-0.18431564,3.4289052,28.484113768180762
32481,416.78418,363170,0.9975064,0.9320679,0.19402987,-21.877697,40900,521700,3152,5747.720427036285,-933.91595,-0.175084,2.4513636,27.792653603498017
32514,413.7461,363500,0.99734473,0.92614746,0.23021866,-24.122911,40963,522330,3157,5759.123027801514,-929.3911,-0.18359876,4.6012535,21.49195783328831
32545,411.98813,363810,0.9974632,0.9241333,0.20142162,-24.637913,41029,522990,3162,5771.111832380295,-927.61584,-0.1884158,2.3269289,27.922766094089788
32571,415.16998,364070,0.99721646,0.9246826,0.25873008,-23.53487,41086,523560,3166,5781.325700521469,-922.38525,-0.18355158,8.161239,24.920504991333747
32592,416.33084,364280,0.99752545,0.93408203,0.19143349,-25.592207,41132,524020,3169,5791.829532146454,-929.266,-0.16940273,2.5012174,19.484758347960096
32617,408.45532,364530,0.99744606,0.9338379,0.21155953,-24.960812,41179,524490,3173,5804.843017101288,-918.14185,-0.15916564,4.2066875,20.432454386993157
32637,413.11343,364730,0.99743557,0.9295044,0.20832151,-26.293175,41222,524920,3176,5814.839080810547,-911.7171,-0.1818907,3.4474823,20.41409557690911
32662,421.13916,364980,0.99748564,0.9291382,0.20325081,-25.89976,41278,525480,3180,5827.8448574543,-939.2225,-0.179012,2.5931892,20.85528437598572
32687,409.07135,365230,0.99751544,0.93078613,0.19269514,-24.687323,41332,526020,3184,5840.980934381485,-908.84863,-0.16657002,2.1104655,20.095962465341103
32719,413.39688,365550,0.9975095,0.92926025,0.1944863,-25.785234,41412,526820,3189,5852.617775917053,-918.98975,-0.17663708,2.247911,37.2992589488334
32731,411.68723,365670,0.99747086,0.93096924,0.1938084,-26.53663,41435,527050,3191,107944.25009965897,-916.753,-0.17656773,2.410119,0.0006268997560202532
32806,409.05768,366420,0.99754214,0.9348755,0.1873906,-23.568539,41642,529120,3203,107954.70281434059,-909.5544,-0.16204305,2.594214,63.09467063831668
32872,415.51102,367080,0.9975717,0.93743896,0.1782878,-24.15101,41836,531060,3214,107965.09952998161,-925.2538,-0.1507512,2.3843443,69.06166901858681
32910,424.49557,367460,0.9974916,0.9289551,0.20060879,-26.733196,41961,532310,3219,107977.21222257614,-941.1614,-0.18139245,2.6258297,27.03908142120559
32954,429.03943,367900,0.9974408,0.92785645,0.21438108,-25.335741,42057,533270,3226,107988.20708847046,-941.01904,-0.14997056,4.0297956,48.40505423390907
32999,416.94458,368350,0.99746895,0.9319458,0.20890868,-25.541191,42155,534250,3233,107998.67906427383,-919.4313,-0.1545151,4.039835,42.13556662104676
33051,417.903,368870,0.9975834,0.93566895,0.17768332,-27.372953,42254,535240,3241,108009.48420834541,-932.68,-0.16075975,2.056957,46.87459941830089
33096,414.54422,369320,0.99750066,0.927124,0.1984409,-26.49324,42351,536210,3248,108019.72418308258,-920.77124,-0.17094913,2.778708,44.54699269519178
33142,418.45593,369780,0.99756,0.9356079,0.18220438,-25.928993,42462,537320,3255,108030.7874159813,-925.9769,-0.16315511,2.3911142,39.097465379863856
33191,415.91406,370270,0.99747205,0.9267578,0.20547873,-26.355083,42556,538260,3263,108041.9766638279,-929.58307,-0.17971867,3.5032058,51.57525967230212
33242,402.85583,370780,0.99739385,0.9316406,0.21373592,-25.50544,42659,539290,3271,108052.64702868462,-911.01965,-0.18442726,5.038247,49.14898818456193
33295,407.91232,371310,0.9975269,0.93603516,0.18229343,-25.662876,42770,540400,3279,108063.41440439224,-939.6105,-0.16931398,2.0343978,51.29563729372906
33346,408.40475,371820,0.99751306,0.93548584,0.18692996,-26.256468,42866,541360,3287,108073.81961536407,-929.46313,-0.15564403,2.84651,54.52866480107385
33398,399.1279,372340,0.99752545,0.93115234,0.18861026,-25.297802,42976,542460,3295,108084.3285779953,-909.4518,-0.16400528,2.2524996,49.3475922419801
33448,406.76764,372840,0.9974983,0.9301758,0.19950089,-27.272167,43081,543510,3303,108095.23722076416,-927.70386,-0.18766782,2.9199197,47.88098544745863
33498,404.5148,373340,0.9975352,0.9295044,0.19089901,-25.516249,43173,544430,3311,108105.77909994125,-913.41693,-0.16796999,2.3006978,46.593824425929334
33550,404.9728,373860,0.9973688,0.9295654,0.22784454,-27.988655,43279,545490,3319,108116.11825656891,-920.39905,-0.14952345,6.0044146,48.359612518440976
33601,401.65085,374370,0.99755096,0.9367676,0.1877282,-26.890942,43387,546570,3327,108126.61283540726,-906.49646,-0.16529974,3.4296856,51.849953999867495
33653,403.07373,374890,0.9975319,0.9355469,0.1848783,-26.010056,43476,547460,3335,108136.97536849976,-924.12384,-0.16007212,2.9537523,50.75488985431451
33703,408.24463,375390,0.9975202,0.92871094,0.19506918,-26.614365,43581,548510,3343,108147.63379764557,-928.3032,-0.15274352,2.7876067,46.52831048795753
33754,417.97534,375900,0.997452,0.9312134,0.20735076,-26.153452,43681,549510,3351,108158.13548064232,-960.65186,-0.16086286,4.712792,46.367266960552094
33806,408.6613,376420,0.9975178,0.9324341,0.1947011,-24.776775,43782,550520,3359,108168.75785088539,-933.90814,-0.17293249,2.973225,47.79806382869613
33859,408.26096,376950,0.99752617,0.9347534,0.1875281,-24.705849,43890,551600,3367,108179.48203611374,-934.48706,-0.1607033,3.3017216,48.57059655957879
33903,402.2434,377390,0.9975121,0.93359375,0.1851053,-25.374107,43974,552440,3374,108190.21110844612,-911.63135,-0.17149344,2.9279208,43.93532866781259
33946,407.4577,377820,0.99739194,0.9302368,0.21699001,-25.737791,44073,553430,3381,108200.7967274189,-926.24756,-0.14890222,5.729169,37.68596825334429
33993,413.74933,378290,0.9973395,0.9263916,0.24611127,-26.767653,44155,554250,3388,108211.7162668705,-930.3661,-0.22074994,8.084326,42.39845237659005
34037,413.04785,378730,0.9975128,0.9309082,0.18955845,-24.032703,44255,555250,3395,108221.9801542759,-951.6329,-0.15001485,2.9411154,49.088607863453674
34097,418.48242,379330,0.99751544,0.93273926,0.18857895,-25.49791,44374,556440,3406,108232.6034090519,-951.29956,-0.15621297,3.0219688,86.47208164669546
34187,417.35883,380230,0.99753594,0.93878174,0.18033203,-26.106134,44545,558150,3420,108242.84676027298,-956.59674,-0.1208867,3.1335685,88.60498782832576
34277,399.34103,381130,0.9974644,0.9326172,0.20047387,-25.60454,44721,559910,3434,108253.24908065796,-917.29846,-0.15340918,4.098997,86.06384491060834
34362,405.19507,381980,0.997509,0.9334717,0.19011721,-24.345528,44885,561550,3446,108264.5621483326,-937.1117,-0.16093558,2.6813755,45.40751259748259
34438,406.09314,382740,0.99752617,0.93029785,0.19506277,-26.294981,45022,562920,3458,108274.83299922943,-951.8507,-0.15824583,3.0085745,87.89695541455917
34504,414.0202,383400,0.99739647,0.9265747,0.22536057,-25.912605,45154,564240,3468,108285.46013331413,-966.127,-0.1635842,5.308078,79.06170976344998
34575,397.62457,384110,0.9975567,0.9302368,0.18709284,-25.432816,45290,565600,3479,108296.33941173553,-938.2144,-0.15534976,2.336998,47.01638735545334
34618,380.4618,384540,0.99749327,0.9282837,0.20909496,-21.195816,45397,566670,3488,108306.49652552605,-924.38446,-0.18473643,3.4306526,87.10982403478741
34703,384.55353,385390,0.9974494,0.93359375,0.21070808,-19.52879,45543,568130,3499,108317.71667456627,-945.1075,-0.17426476,4.7672615,45.69115700124494
34780,380.2029,386160,0.9975629,0.9304199,0.18923756,-18.023003,45692,569620,3511,108328.49245452881,-933.5711,-0.16636728,2.6166434,46.54106446369028
34831,388.68906,386670,0.997489,0.93585205,0.21038043,-18.34079,45786,570560,3519,108339.3231124878,-928.9728,-0.17319672,5.145738,49.932348372381384
34900,372.35004,387360,0.99755955,0.93408203,0.19019873,-19.04192,45936,572060,3530,108349.67767238617,-907.8573,-0.14766675,3.046255,47.027746033959566
34952,383.3483,387880,0.99738765,0.9338379,0.22806737,-18.816637,46026,572960,3538,108360.0200150013,-945.2302,-0.16830681,6.1788344,52.885328466319216
35030,372.8092,388660,0.99752283,0.927124,0.19279662,-16.554794,46173,574430,3550,108370.99888634682,-928.0727,-0.18381095,2.2156477,46.97760825604665
35086,379.64493,389220,0.99747396,0.93621826,0.20659494,-13.560535,46301,575710,3560,108381.56496787071,-932.4276,-0.1843933,4.4850554,87.19258636090494
35157,367.53656,389930,0.9975493,0.93292236,0.19215271,-10.673763,46430,577000,3570,108392.48545575142,-913.5146,-0.15663192,3.4433322,47.91207617513656
35207,368.61502,390430,0.99749804,0.9316406,0.1898884,-13.777232,46522,577920,3578,108403.11378717422,-916.48315,-0.17816898,2.886245,51.94204621534913
35285,365.1328,391210,0.99756145,0.9370117,0.17940216,-13.03799,46681,579510,3590,108414.11747455597,-890.2214,-0.15425958,2.2792315,48.59138109273809
35335,359.97226,391710,0.99743104,0.92755127,0.2154626,-14.453056,46771,580410,3598,108424.4902689457,-888.76526,-0.15957281,4.628875,50.4363854589537
35412,372.3131,392480,0.9975469,0.93811035,0.18573013,-15.134935,46916,581860,3610,108435.12245607376,-910.2705,-0.17699975,3.5400708,47.62859992895688
35463,361.39636,392990,0.9972873,0.932312,0.25025195,-14.179645,47023,582930,3618,108445.7034497261,-886.2911,-0.15601933,8.305529,49.294389298580604
35516,360.43936,393520,0.9975567,0.9345093,0.18818536,-12.219784,47115,583850,3626,108456.37839078903,-878.6634,-0.16115522,2.896829,50.193277681750835
35591,364.89236,394270,0.9975059,0.9303589,0.19416642,-15.426633,47271,585410,3638,108467.43910884857,-878.62256,-0.18110648,2.8494806,40.952495125328745
35643,367.02774,394790,0.9975436,0.93304443,0.18781713,-14.144075,47372,586420,3646,108478.56571412086,-883.89954,-0.15673923,2.7406077,50.70567843699046
35695,369.40863,395310,0.99751973,0.9324341,0.19356725,-13.566507,47463,587330,3654,108488.83335280418,-877.45605,-0.1616827,3.2602367,49.03829066767848
35770,356.7597,396060,0.9975312,0.9281006,0.19357486,-11.480644,47611,588810,3666,108499.64631533623,-856.25806,-0.15895613,3.0071194,47.315926051662025
35823,375.1327,396590,0.997452,0.9276123,0.2084491,-11.965518,47716,589860,3674,108510.31881475449,-886.0255,-0.1721732,4.1825314,45.667790630969286
35873,366.37903,397090,0.9974303,0.9293213,0.22043517,-9.336473,47817,590870,3682,108520.83050870895,-863.5294,-0.16512486,5.3760815,49.57978298596361
35934,370.59946,397700,0.9974742,0.9279175,0.20794861,-9.4156,47940,592100,3693,108531.38691163063,-876.2826,-0.17387284,3.7638352,83.1744961930385
36002,371.75168,398380,0.9975283,0.9227295,0.20469342,-9.718181,48056,593260,3702,108542.55294442177,-878.5138,-0.16891968,2.6497512,48.05165120827496
36052,373.51547,398880,0.9972794,0.9226074,0.2558824,-10.5876465,48157,594270,3710,108553.25488686562,-873.2339,-0.20591524,7.7605553,48.63133835911565
36104,361.6293,399400,0.99745226,0.9283447,0.20152135,-8.998215,48255,595250,3718,108563.69000005722,-859.68677,-0.1730641,3.0210624,50.1810890512559
36148,370.0865,399840,0.99746823,0.9281006,0.21063918,-6.631462,48362,596320,3727,108573.77689528465,-879.3187,-0.17487648,3.9800503,89.08239530965484
36225,362.3043,400610,0.99740195,0.92352295,0.22357059,-7.2904377,48496,597660,3737,108583.9064385891,-858.53687,-0.17838296,3.9870572,47.0856046710328
36276,355.61682,401120,0.997494,0.93096924,0.19362642,-8.155552,48592,598620,3745,108595.01460146904,-837.0659,-0.17207187,2.9116364,41.09045165054952
36327,363.38873,401630,0.9973891,0.9216919,0.22924289,-4.4651875,48690,599600,3753,108605.9281797409,-859.7615,-0.2131864,3.766571,47.368845157510606
36379,366.92624,402150,0.997457,0.9215088,0.21818098,-1.4725516,48791,600610,3761,108616.39511442184,-855.90515,-0.1692222,3.1473775,49.49571487153465
36432,362.25635,402680,0.99743295,0.9205322,0.21940818,-5.7228317,48898,601680,3769,108626.74264550209,-855.86176,-0.19976233,2.850833,49.49088752321423
36502,363.68137,403380,0.9974928,0.93463135,0.20020008,-4.3881617,49025,602950,3780,108637.97601556778,-873.2803,-0.16147108,3.154276,49.04496558901362
36552,368.35144,403880,0.99725485,0.9258423,0.2505687,-6.337061,49125,603950,3788,108648.49367499352,-870.52686,-0.19834909,7.200845,49.382098152904604
36603,361.58197,404390,0.9974377,0.9248047,0.21942878,-4.754372,49223,604930,3796,108658.81924915314,-847.70557,-0.21280545,4.183033,49.9524000130261
36661,368.50854,404970,0.9975054,0.9338379,0.20211951,-5.948682,49346,606160,3806,108669.25109124184,-854.64496,-0.17760795,4.1015997,81.33338100383162
36725,366.48102,405610,0.9975054,0.9286499,0.19541109,-9.050499,49458,607280,3815,108680.363894701,-874.3864,-0.1720916,2.139787,47.570984823245034
36775,359.98254,406110,0.99747705,0.93084717,0.20043439,-9.494111,49557,608270,3823,108690.78819727898,-856.19574,-0.17531429,2.8005047,48.029761636374694
36827,377.22263,406630,0.9973228,0.9284668,0.23397519,-8.598588,49662,609320,3831,108701.16821050644,-889.37366,-0.17874601,6.1327276,48.60246641232804
36878,376.336,407140,0.9973948,0.9239502,0.22396728,-10.629532,49765,610350,3839,108711.53901863098,-894.5681,-0.15088221,4.323764,48.63150575611188
36930,379.11823,407660,0.9974446,0.9189453,0.21717156,-11.843544,49858,611280,3847,108722.68452644348,-889.204,-0.19272904,3.1294327,43.479320652460004
36981,377.67517,408170,0.99750876,0.93322754,0.19435142,-12.075413,49957,612270,3855,108733.20497369766,-883.47925,-0.17776293,2.4530864,50.084979476080306
37033,369.38083,408690,0.99747896,0.92803955,0.20420325,-10.527476,50055,613250,3863,108743.6956384182,-871.2804,-0.18783051,2.478538,50.06258974035234
37083,382.93378,409190,0.9973247,0.92211914,0.24110639,-13.4983835,50155,614250,3871,108754.17943525314,-895.3235,-0.19547404,4.560384,50.710314596672
37134,392.6466,409700,0.99739885,0.92840576,0.22534166,-12.828414,50253,615230,3879,108764.64629077911,-913.8579,-0.17626967,4.368037,49.118914286007055
37187,390.16687,410230,0.9973328,0.92401123,0.2317434,-12.25628,50352,616220,3887,108775.10144257545,-907.2178,-0.15526436,4.108959,49.26676835619207
37237,399.9033,410730,0.9973881,0.91571045,0.23316473,-13.113495,50452,617220,3895,108785.45009446144,-931.76685,-0.20161816,2.9053633,51.13158567933264
37289,395.08694,411250,0.99711823,0.9157715,0.2892144,-9.314943,50556,618260,3903,108795.72206449509,-916.23535,-0.20624003,7.2808466,57.91275314605505
37357,403.86932,411930,0.9973674,0.9215088,0.23834962,-14.057702,50686,619560,3914,108807.12588620186,-945.98883,-0.19672239,3.319631,43.91703525218121
37409,404.2174,412450,0.9972315,0.9123535,0.27066144,-13.033031,50785,620550,3922,108817.69562196732,-947.6855,-0.21145234,4.470167,49.05749605161249
37460,394.85327,412960,0.9973326,0.9136963,0.24877329,-14.889132,50887,621570,3930,108828.02533626556,-928.9276,-0.19984889,3.2810917,49.27577591294539
37512,416.12845,413480,0.9973538,0.918396,0.24368909,-15.531853,50983,622530,3938,108838.58970403671,-960.65564,-0.2207458,2.7117105,47.029608095732904
37583,424.57764,414190,0.99735165,0.9219971,0.23790962,-13.136326,51135,624050,3950,108849.34999990463,-991.28796,-0.20076051,2.8348799,80.43964347530074
37652,425.95618,414880,0.9973519,0.9170532,0.2477075,-12.814079,51260,625300,3960,108859.61251974106,-1004.99414,-0.23813723,2.8378882,63.094388866768554
37737,436.58386,415730,0.997386,0.9222412,0.23377973,-11.475257,51416,626860,3973,108870.54224681854,-1013.74756,-0.18760836,3.2879055,56.999684886886286
37800,425.9447,416360,0.9973588,0.91918945,0.23594911,-11.936333,51542,628120,3983,108880.88147163391,-999.07404,-0.20486979,3.0528615,62.75329873006812
37885,420.4134,417210,0.99742126,0.9263916,0.22316551,-11.300518,51701,629710,3996,108891.7798986435,-977.7314,-0.20949303,3.0191493,62.498010758295955
37954,413.99414,417900,0.99719167,0.9210205,0.27121586,-10.212881,51833,631030,4007,108902.07005286217,-974.5708,-0.1792298,6.8268366,91.66975925865215
38031,432.38,418670,0.99720764,0.92041016,0.27692693,-12.377605,51988,632580,4019,108912.92034673691,-1018.1201,-0.20318124,7.437317,63.36844639865008
38096,424.71466,419320,0.99728036,0.9203491,0.24672207,-12.2722,52120,633900,4031,108922.96176338196,-996.4458,-0.1749888,5.045025,94.77736122988101
38168,420.61508,420040,0.9974086,0.92163086,0.22488132,-16.382526,52252,635220,4041,108933.2086532116,-1002.3414,-0.20811355,3.3436525,62.35312853361282
38238,416.15698,420740,0.99745846,0.9237671,0.21454102,-14.4271145,52391,636610,4052,108943.30036377907,-996.32263,-0.1770946,2.6925173,97.86513603061272
38306,418.11926,421420,0.9974432,0.9254761,0.21008086,-13.751434,52506,637760,4063,108953.32157444954,-994.10315,-0.20224813,2.4018965,64.20546095297595
38381,436.47385,422170,0.9973912,0.9320679,0.21467298,-15.777367,52652,639220,4074,108963.54766726494,-1043.034,-0.1649178,4.0285006,98.79142085548547
38455,439.1828,422910,0.9974158,0.92456055,0.20579757,-15.073338,52789,640590,4085,108974.05730342865,-1028.0276,-0.17768767,2.3764184,61.980790340031945
38519,437.41486,423550,0.997401,0.9215088,0.22632225,-13.366177,52913,641830,4095,108984.20389533043,-1035.6895,-0.19247374,3.7335377,62.927076588827745
38600,426.41458,424360,0.9974656,0.9234619,0.20830701,-14.782585,53079,643490,4108,108995.19828104973,-1008.5577,-0.18516979,2.2387426,59.89560619779629
38665,431.7409,425010,0.9974141,0.92285156,0.21419686,-17.527836,53201,644710,4118,109005.50262641907,-1024.7808,-0.2025186,3.0322344,62.0739956567817
38730,443.8222,425660,0.9973488,0.9237671,0.22875622,-17.355568,53319,645890,4130,109016.11823487282,-1040.2473,-0.19780432,3.8397877,98.59757814038088
38812,419.87665,426480,0.99735284,0.9187622,0.23075998,-19.947428,53476,647460,4141,109026.62026643753,-987.5773,-0.19969805,3.505355,61.136820662973584
38874,429.38092,427100,0.9973841,0.920166,0.2272956,-19.265774,53599,648690,4151,109036.7953672409,-1020.1065,-0.19307692,2.681384,62.66450902632589
38957,438.97372,427930,0.99742746,0.92230225,0.21494421,-17.658138,53761,650310,4164,109047.8412425518,-1044.4336,-0.18864504,2.7444868,58.46937123669475
39023,435.6471,428590,0.99732614,0.9217529,0.23731361,-20.27835,53880,651500,4174,109058.33230113983,-1030.8801,-0.18876086,4.9033976,62.49878197022573
39105,447.51392,429410,0.9974675,0.9295044,0.20945911,-19.033333,54038,653080,4187,109069.17375302315,-1058.0826,-0.1538114,2.894931,61.30426926467431
39170,425.8678,430060,0.99727345,0.9279175,0.25042266,-21.38337,54165,654350,4197,109079.3062992096,-1018.7765,-0.15316477,7.1050434,62.403195067916116
39226,434.82513,430620,0.99739957,0.92529297,0.21836801,-20.819868,54276,655460,4207,109089.44417524338,-1057.2312,-0.18569162,3.440628,65.59353847259082
39313,444.08813,431490,0.9974201,0.9187622,0.22032243,-24.623869,54427,656970,4219,109100.0882101059,-1064.4718,-0.19667351,3.2831774,61.419653615112544
39374,434.63815,432100,0.9974804,0.9277344,0.2006857,-23.969336,54552,658220,4229,109110.23391127586,-1046.0122,-0.18319613,2.497158,62.8100940552857
39439,429.1075,432750,0.9974716,0.9300537,0.1996637,-23.512796,54672,659420,4239,109120.75729227066,-1050.5964,-0.17296164,2.891727,61.760142314857355
39523,437.6712,433590,0.99740434,0.92871094,0.2184181,-22.24265,54826,660960,4252,109131.69720435143,-1055.8665,-0.19597107,4.9871387,62.84559187273154
39584,442.57758,434200,0.9975107,0.9298706,0.20074415,-23.406044,54953,662230,4262,109141.8659222126,-1072.7625,-0.18296531,2.630137,63.782980224897976
39657,423.4386,434930,0.99747586,0.9333496,0.18753418,-25.21537,55096,663660,4274,109152.31891655922,-1038.3207,-0.15651895,3.101964,98.6422156436767
39724,427.6803,435600,0.99752784,0.9291382,0.18998635,-26.021313,55216,664860,4285,109163.14946389198,-1055.8079,-0.1538177,2.5787694,64.97763021767535
39796,450.46765,436320,0.99749756,0.934021,0.18822691,-23.741037,55352,666220,4295,109173.40316939354,-1086.5244,-0.14665513,2.8918242,61.48957747304803
39866,429.77057,437020,0.9974632,0.93414307,0.20639163,-23.739094,55496,667660,4307,109183.61918568611,-1055.2731,-0.16858408,5.070278,99.2048238811089
39944,429.25555,437800,0.9974196,0.9267578,0.20891601,-22.409271,55627,668970,4318,109194.62919259071,-1057.3016,-0.17057297,4.476639,63.160823062231785
40007,417.54968,438430,0.9974961,0.93011475,0.19628832,-23.889328,55754,670240,4328,109205.0504822731,-1043.7476,-0.17098993,3.3602064,59.6405147336383
40091,403.45926,439270,0.99748397,0.927063,0.1995703,-19.517109,55910,671800,4341,109215.93582701683,-1043.4199,-0.18180814,3.4137604,63.91073868103183
40155,411.33295,439910,0.9974899,0.92749023,0.20406084,-21.250982,56034,673040,4351,109226.87248563766,-1044.106,-0.15289927,4.5078754,62.80758102488246
40215,409.18884,440510,0.997545,0.93182373,0.1878336,-17.994747,56144,674140,4361,109237.31511735916,-1044.5159,-0.16332194,3.5391195,64.7291611205636
40303,402.409,441390,0.99755836,0.93188477,0.18476927,-18.634468,56314,675840,4374,109248.39888334274,-1038.5823,-0.14057031,2.9977233,57.561485730754185
40367,403.67825,442030,0.9975362,0.9286499,0.19260602,-15.738272,56439,677090,4384,109258.58713769913,-1030.1753,-0.15376022,3.3989391,63.818129990630624
40432,391.97382,442680,0.99742126,0.92944336,0.21905704,-12.298398,56566,678360,4395,109269.18984913826,-1001.9988,-0.17160696,6.090528,97.75426352947517
40514,386.69238,443500,0.99749994,0.9227295,0.20157647,-13.709061,56714,679840,4407,109279.70360994339,-987.33264,-0.16338739,3.1602054,60.98413576855988
40578,389.5705,444140,0.9975078,0.9315796,0.19359785,-13.230152,56838,681080,4417,109289.9487555027,-991.8214,-0.15475094,3.5897417,62.16478950248568
40643,386.8717,444790,0.9975066,0.9317627,0.19258815,-13.863388,56964,682340,4427,109300.18539094925,-979.5692,-0.15708444,3.0333495,61.32751880248933
40704,415.9073,445400,0.99744415,0.9229126,0.2155104,-14.240154,57088,683580,4437,109310.36558032036,-1039.476,-0.16114992,3.8697708,61.88334179390959
40790,393.51422,446260,0.9974804,0.92352295,0.20151247,-14.213745,57237,685070,4450,109321.28844380379,-989.2777,-0.181894,2.4175858,61.62178313191059
40853,419.7555,446890,0.99744105,0.93011475,0.20478892,-13.327669,57363,686330,4460,109331.43374371529,-1032.8606,-0.17561164,4.085483,62.441415055651355
40917,407.58948,447530,0.997401,0.9266968,0.21498916,-12.941062,57486,687560,4470,109341.65987563133,-993.31506,-0.1957246,3.8615582,62.52204367906205
40995,403.43976,448310,0.9974499,0.9257202,0.20913267,-15.849947,57628,688980,4482,109352.09256839752,-991.7341,-0.18812528,2.8707607,60.9637347755575
41060,419.41876,448960,0.99739146,0.9217529,0.22398213,-13.739895,57751,690210,4492,109362.3835208416,-1009.52,-0.17876235,3.9103107,62.76411246105234
41123,400.99103,449590,0.99739075,0.92315674,0.22626655,-11.644467,57875,691450,4502,109372.59635663033,-978.3095,-0.19926511,3.4453096,63.79260540787178
41196,414.8517,450320,0.99739647,0.9204712,0.23059705,-12.794592,58003,692730,4514,109382.87790226936,-991.88824,-0.20207,2.5263653,99.27460558904336
41263,429.0487,450990,0.9973514,0.92352295,0.23289303,-12.76091,58137,694070,4525,109393.8455581665,-1032.1204,-0.22960064,2.6128917,64.69558913411909
41334,420.82648,451700,0.9973769,0.92041016,0.23999518,-12.152637,58275,695450,4535,109404.05091404915,-997.80774,-0.18508095,2.9992843,62.33973407858646
41391,434.66382,452270,0.99728775,0.916626,0.25754791,-12.147095,58387,696570,4545,109414.2084646225,-1027.6757,-0.22025535,3.7332203,66.25516618372274
41474,447.32727,453100,0.99716854,0.90771484,0.27711868,-14.447615,58538,698080,4557,109424.22079181671,-1060.4644,-0.23904756,3.8261516,59.32222831179393
41536,453.04688,453720,0.9972508,0.91192627,0.2587155,-13.961193,58661,699310,4567,109434.3900938034,-1062.9497,-0.22230367,3.4230652,63.834702324403445
41597,454.74176,454330,0.9973054,0.91851807,0.25577515,-16.713562,58771,700410,4577,109444.65164875984,-1069.169,-0.22170909,3.2267838,64.47736540506446
41659,459.93005,454950,0.9971118,0.9108887,0.30046597,-18.633041,58895,701650,4587,109454.93098139763,-1082.0537,-0.23047665,6.8332505,64.01451439933628
41750,470.2525,455860,0.9972236,0.92144775,0.266612,-17.672003,59061,703310,4600,109465.93904185295,-1090.6716,-0.20271753,4.277538,58.45069418451039
41807,471.79675,456430,0.99728346,0.92474365,0.25275815,-18.47591,59174,704440,4609,109475.98549318314,-1106.0339,-0.23231772,4.201903,60.70678695455915
41870,470.0912,457060,0.99698997,0.9227295,0.31100446,-16.609726,59298,705680,4619,109486.14291739464,-1104.8035,-0.22320776,9.669704,63.046598293786055
41935,491.62192,457710,0.99735117,0.9215698,0.2446557,-16.858799,59421,706910,4629,109496.22589921951,-1164.9487,-0.19871919,3.493811,63.122830821412556
42008,480.87543,458440,0.9973998,0.927063,0.23362544,-19.270487,59564,708340,4641,109506.35546970367,-1109.4756,-0.20835435,3.432807,94.64086034243196
42077,491.8896,459130,0.99741197,0.92596436,0.21988061,-20.347717,59679,709490,4651,109516.47259688377,-1150.602,-0.21499921,2.8027847,62.302824145422136
42142,499.5514,459780,0.9971745,0.9281006,0.27643132,-21.85639,59801,710710,4661,109526.63828158379,-1157.4619,-0.17588113,8.246059,62.373238258464355
42203,492.03284,460390,0.99744725,0.9272461,0.22060257,-21.624704,59920,711900,4671,109536.94796895981,-1160.388,-0.1808551,2.8698516,63.58302623756161
42287,506.28467,461230,0.9974482,0.928833,0.2171907,-22.993126,60072,713420,4684,109547.84539842606,-1179.4603,-0.19449094,2.8604858,61.46773908055584
42352,510.06113,461880,0.9974091,0.92407227,0.22619821,-22.278082,60197,714670,4694,109558.10825395584,-1180.5187,-0.19643317,3.6458735,62.145303104701696
42414,499.51715,462500,0.997103,0.9326782,0.28345752,-23.640617,60317,715870,4704,109568.32740736008,-1153.6952,-0.20618911,11.1345625,62.12039443554391
42480,490.26807,463160,0.9974234,0.9298096,0.22078253,-26.174068,60439,717090,4714,109578.58697223663,-1149.2815,-0.18142584,3.8057318,62.71015429239163
42544,503.4985,463800,0.9974661,0.923645,0.21742004,-22.403027,60561,718310,4724,109588.61719298363,-1162.1646,-0.19691369,2.828495,62.05668929679685
42605,494.5522,464410,0.99745727,0.92456055,0.21501672,-21.176647,60685,719550,4736,109599.3398809433,-1141.9889,-0.18930769,2.561733,86.22986153005021
42682,515.1249,465180,0.9973233,0.92407227,0.24453485,-21.788784,60826,720960,4746,109609.5346262455,-1174.352,-0.18754354,6.469237,63.13311896622119
42743,487.93826,465790,0.99743366,0.92303467,0.22144967,-18.421745,60936,722060,4756,109619.60418820381,-1130.9836,-0.20089427,3.62847,65.40381913700777
42805,499.50958,466410,0.99745893,0.9260254,0.21076319,-18.713346,61055,723250,4766,109629.7295281887,-1148.7108,-0.16207564,3.2344775,66.04129003624165
42872,506.07706,467080,0.99747443,0.932251,0.21186218,-16.20435,61178,724480,4776,109640.01298165321,-1150.989,-0.1601564,4.3490906,64.36592614865654
42959,508.14197,467950,0.997257,0.9249878,0.25611085,-18.91813,61341,726110,4789,109650.97428226471,-1157.0348,-0.19938523,7.388983,62.79009825212088
43023,520.1073,468590,0.99742484,0.9237671,0.22698379,-17.614058,61462,727320,4799,109661.3983566761,-1185.5635,-0.1786313,3.9203262,63.205587163331664
43084,527.0007,469200,0.99743724,0.9234619,0.21288621,-15.784992,61582,728520,4809,109671.611120224,-1207.116,-0.19256815,3.1939242,62.98624129507385
43149,515.00024,469850,0.9973326,0.92333984,0.2324372,-18.598223,61705,729750,4819,109681.82930636406,-1168.1099,-0.18137208,4.286433,63.125042563798665
43233,535.8139,470690,0.9974582,0.9248047,0.21692921,-19.190815,61853,731230,4832,109692.79257774353,-1216.2523,-0.1681971,3.187098,65.53497601599975
43298,533.32764,471340,0.99724245,0.921875,0.25435546,-17.697886,61983,732530,4842,109703.17151761055,-1207.641,-0.19897592,6.358755,62.74273803154533
43361,538.07513,471970,0.99743533,0.9256592,0.21964164,-15.980825,62101,733710,4852,109713.52044677734,-1217.6343,-0.18009928,3.0006442,61.027101411417696
43425,538.56213,472610,0.9974308,0.92370605,0.2209843,-15.121222,62222,734920,4862,109724.6088590622,-1225.2246,-0.17220524,3.0252175,59.2916065969324
43459,533.26605,472950,0.9974601,0.9281006,0.22020835,-16.378944,62281,735510,4867,109912.65368652344,-1239.3738,-0.1790309,3.3818479,0.34790506921080283
43557,527.65454,473930,0.99741554,0.9248047,0.2288341,-7.478248,62482,737520,4883,109922.87728714943,-1225.7212,-0.20372927,3.3858347,102.14310703099999
43659,525.89325,474950,0.9972882,0.9179077,0.261327,-10.358387,62656,739260,4899,109932.92969870567,-1246.7146,-0.20552592,4.997885,103.0883462573581
43762,505.33554,475980,0.9974539,0.92041016,0.22203869,-9.773857,62856,741260,4916,109943.55211997032,-1229.7312,-0.19762453,2.6980026,101.5790565899223
43865,503.66458,477010,0.9974487,0.9282837,0.22110397,-16.310286,63034,743040,4931,109954.03689432144,-1225.605,-0.18766916,4.01818,83.26451042964271
43932,487.57538,477680,0.99740076,0.9255371,0.23238067,-16.790249,63158,744280,4941,109965.08478355408,-1210.2225,-0.1904765,4.4016995,44.42087823237523
44008,504.3779,478440,0.99749637,0.9281006,0.20505232,-15.675266,63304,745740,4953,109976.31044006348,-1236.6703,-0.17884158,2.4366827,47.42468941726395
44060,491.0266,478960,0.9974413,0.92755127,0.21645123,-18.195044,63397,746670,4961,109987.32978439331,-1211.398,-0.15402521,3.784018,47.691090672346675
44129,499.92792,479650,0.99745154,0.9242554,0.21722576,-19.663662,63528,747980,4972,109997.63680624962,-1239.7899,-0.18458241,3.1771126,48.65959189710907
44180,487.714,480160,0.9974201,0.91937256,0.21788226,-19.406372,63624,748940,4980,110008.47160387039,-1223.8113,-0.1907298,2.476606,48.60681394179433
44232,494.07565,480680,0.99749184,0.92681885,0.1983065,-17.660275,63728,749980,4988,110019.4595003128,-1225.0121,-0.18588594,2.3365772,47.8092669335368
44296,501.43875,481320,0.997493,0.92645264,0.21004333,-19.074085,63853,751230,4998,110029.9927470684,-1236.1377,-0.18084818,2.9531412,45.04371566268861
44348,479.07758,481840,0.99752426,0.9343262,0.19077346,-20.304684,63950,752200,5006,110040.70053648949,-1190.6055,-0.17438136,2.9915102,48.66075624126819
44398,476.58832,482340,0.99749947,0.93115234,0.19927123,-17.7727,64042,753120,5014,110051.35019016266,-1178.1333,-0.17172688,2.844595,49.04821859167983
44450,478.4584,482860,0.99740076,0.93237305,0.2174253,-19.576145,64142,754120,5022,110061.96421480179,-1181.7141,-0.15274446,5.079234,49.57016048897348
44501,490.2864,483370,0.9974189,0.9289551,0.20913659,-19.254501,64236,755060,5030,110072.5524110794,-1201.7417,-0.16974062,3.6189055,49.08628298234755
44551,480.20847,483870,0.9975598,0.9349365,0.18157049,-19.60693,64337,756070,5038,110083.33775782585,-1172.1088,-0.16965006,2.3072624,47.85978862816911
44604,471.89566,484400,0.99742603,0.9282837,0.21052825,-17.94975,64438,757080,5046,110093.87584137917,-1160.0359,-0.1629445,4.008936,49.194772188099336
44654,473.59567,484900,0.9974551,0.9255371,0.2026102,-19.316257,64528,757980,5054,110104.52984237671,-1151.9446,-0.18352012,1.9321307,48.30594426547053
44705,469.16956,485410,0.9974847,0.92633057,0.20559144,-17.9199,64627,758970,5062,110115.02809667587,-1153.9917,-0.17171721,2.7599587,47.80793011703025
44758,473.6698,485940,0.99741054,0.9300537,0.2174238,-18.148796,64726,759960,5070,110125.47923064232,-1156.2334,-0.16507748,4.571465,48.524641893324606
44808,460.3866,486440,0.9974954,0.92926025,0.19730991,-16.848524,64818,760880,5078,110135.91442990303,-1109.531,-0.18466707,1.971771,49.90321950370702
44861,484.2746,486970,0.99751186,0.9258423,0.2024244,-15.950424,64923,761930,5086,110146.86775612831,-1155.8477,-0.17912805,2.3929048,43.589334234883324
44909,491.37408,487450,0.99737763,0.92437744,0.22778821,-17.815184,65017,762870,5094,110158.10230088234,-1189.5171,-0.16928393,4.207958,48.120726197145224
44962,477.53223,487980,0.99743724,0.92767334,0.21595088,-16.037111,65114,763840,5102,110168.78970122337,-1158.6821,-0.16813354,3.5860298,48.170361303564725
45013,469.85815,488490,0.9974525,0.9298096,0.20586091,-15.714791,65217,764870,5110,110179.3854379654,-1138.4679,-0.18803462,2.8654766,48.20879769777723
45064,497.84357,489000,0.99744534,0.9326172,0.20472497,-18.285019,65308,765780,5118,110190.03905415535,-1195.8318,-0.1657717,3.3151503,49.392520229582324
45114,477.96448,489500,0.99750566,0.9321289,0.19474697,-15.431212,65405,766750,5126,110200.8067290783,-1160.6292,-0.1789974,2.3928394,48.53302033308347
45165,507.1673,490010,0.99745965,0.9304199,0.20622751,-17.271862,65509,767790,5134,110211.33788323402,-1205.793,-0.16383876,3.2190354,46.439300312385875
45218,477.81793,490540,0.99747777,0.9286499,0.20259552,-12.0553465,65602,768720,5142,110222.09763526917,-1144.7341,-0.18521021,3.1991074,47.122097168939895
45269,486.8139,491050,0.99743843,0.92889404,0.20828916,-11.954548,65700,769700,5151,110232.5001885891,-1162.783,-0.18626449,2.9518747,64.39013541011266
45358,501.4823,491940,0.99742913,0.93426514,0.21403345,-12.815302,65867,771370,5164,110243.22690105438,-1191.041,-0.181408,4.3069887,61.791276656916565
45422,492.55087,492580,0.9974847,0.93237305,0.2151025,-11.352596,65991,772610,5174,110253.3878364563,-1159.817,-0.14325908,4.300044,58.496140832431344
45485,465.65112,493210,0.99749756,0.9260864,0.2007908,-5.776594,66112,773820,5184,110263.61055803299,-1134.9316,-0.18346924,2.4319725,61.54780445057497
45561,479.95602,493970,0.9975071,0.9317627,0.19336538,-3.9832525,66253,775230,5196,110273.75822424889,-1167.2444,-0.16306564,2.936727,51.2708792367378
45630,477.2688,494660,0.9974897,0.9373169,0.18389936,-5.860725,66379,776490,5206,110284.34979009628,-1150.0857,-0.16575995,2.987971,62.602545003045755
45692,495.46527,495280,0.9975283,0.9398804,0.18908788,-5.0964675,66498,777680,5216,110294.63259863853,-1191.9924,-0.12255688,4.2776136,63.27750593207194
45757,490.54956,495930,0.9975054,0.9381714,0.18457259,-4.7686615,66611,778810,5227,110305.21830153465,-1179.3425,-0.15409389,3.2699819,98.70663438655531
45837,484.0193,496730,0.99752116,0.9324341,0.18290974,-2.9621873,66770,780400,5239,110315.65752577782,-1160.1417,-0.16593353,2.286718,62.514210206775005
45902,489.58997,497380,0.9975414,0.932251,0.18306452,-0.8492211,66889,781590,5249,110326.00883579254,-1162.9303,-0.15745157,2.7340589,57.175932282307
45953,480.52255,497890,0.9974754,0.9390869,0.20136957,-3.308152,67006,782760,5257,110336.7773296833,-1131.8488,-0.1313528,5.92747,28.99875637261807
46005,488.01642,498410,0.9974921,0.9274292,0.18335,-2.2861652,67093,783630,5265,110347.72361731529,-1152.555,-0.16915509,2.0400572,47.363939029982674
46055,479.67242,498910,0.99753,0.93548584,0.18003584,-2.1403465,67190,784600,5273,110358.38149285316,-1131.1343,-0.16548218,3.1555226,48.343213087970504
46107,497.917,499430,0.99750996,0.93670654,0.17827824,-5.497115,67294,785640,5281,110369.21582841873,-1159.011,-0.142773,3.083197,48.25282868212219
46159,493.82462,499950,0.9975352,0.9359131,0.18578024,-7.0148373,67381,786510,5289,110380.05110025406,-1145.6013,-0.16181529,2.6757736,44.87808048833742
46209,502.05807,500450,0.9975414,0.9380493,0.17901847,-7.805752,67484,787540,5297,110390.57693362236,-1160.3055,-0.16412705,2.6809828,48.257165934725165
46253,495.51218,500890,0.99753904,0.93499756,0.1794761,-9.727125,67562,788320,5304,110400.76348280907,-1151.654,-0.15480289,2.142052,39.981509653723045
46305,504.99463,501410,0.9974766,0.9329834,0.18629423,-11.451025,67659,789290,5312,110411.55933403969,-1163.9344,-0.18037468,1.8991032,45.73091761515122
46357,509.05878,501930,0.9973657,0.9241333,0.22587018,-12.641428,67761,790310,5320,110422.39247226715,-1168.7546,-0.18181542,4.69555,47.6234370744905
46409,512.55273,502450,0.9973242,0.928833,0.2314891,-2.9031873,67851,791210,5328,110432.97676897049,-1176.3076,-0.18995367,6.183987,49.77425720249995
46452,510.91138,502880,0.9974594,0.930603,0.19998917,-3.749295,67938,792080,5335,110443.34624314308,-1181.6978,-0.17520085,2.6040266,37.776738007047726
46504,527.8757,503400,0.9974327,0.92858887,0.20654497,-6.3808413,68036,793060,5343,110454.2134385109,-1214.6909,-0.17303978,3.0459316,48.637841257922986
46555,525.6272,503910,0.99743414,0.9328003,0.20555931,-5.099749,68136,794060,5351,110464.67070317268,-1203.1028,-0.19941172,3.6430655,46.20478132223923
46607,512.982,504430,0.9974446,0.9260864,0.21615365,-8.448769,68239,795090,5361,110474.70505023003,-1191.1011,-0.17862663,2.5864372,83.96093642237908
46671,514.5042,505070,0.9972508,0.925354,0.2565484,-5.9444466,68352,796220,5369,110485.82863378525,-1172.8534,-0.19221407,6.9257,45.920218855184295
46721,534.4623,505570,0.997102,0.92004395,0.2849249,-8.0393915,68451,797210,5377,110496.80616402626,-1224.8795,-0.20524114,8.126046,48.13582695626835
46772,523.72095,506080,0.9974456,0.9251709,0.21445349,-8.247796,68551,798210,5385,110507.96283054352,-1210.1272,-0.20285289,1.9689317,50.92494267906461
46843,553.3647,506790,0.99738264,0.9191284,0.23236147,-8.382835,68685,799550,5396,110518.75725626945,-1258.8927,-0.20354664,2.4106562,49.5667738194224
46896,542.65686,507320,0.9974439,0.9180908,0.22938088,-11.644901,68780,800500,5404,110529.05280423164,-1243.5216,-0.20334587,1.9505467,57.28122454667067
46959,552.90533,507950,0.99732757,0.9140625,0.25418156,-12.293463,68899,801690,5414,110539.20687699318,-1269.3584,-0.22608894,2.5007284,46.13674782671168
47015,553.3678,508510,0.99722695,0.9095459,0.27576855,-13.421061,69009,802790,5423,110549.88127183914,-1265.5063,-0.20660098,3.9374492,61.698109469339926
47066,580.66724,509020,0.99721766,0.9140625,0.27427858,-12.500418,69109,803790,5431,110560.98835468292,-1314.554,-0.2249169,3.9318156,55.71877607580738
47137,568.6194,509730,0.99724317,0.9127197,0.2710131,-13.81843,69241,805110,5442,110572.3048491478,-1299.7428,-0.24194668,2.9717374,43.50458261213429
47182,597.2502,510180,0.9970484,0.9147339,0.29968297,-13.143976,69327,805970,5449,110582.42151403427,-1386.3542,-0.2347279,6.484453,47.70415106356965
47234,562.25446,510700,0.9971833,0.90045166,0.29601628,-19.918255,69424,806940,5457,110593.29439401627,-1302.3097,-0.27234262,3.5063088,49.13004381220746
47285,573.397,511210,0.99709415,0.9121704,0.29231748,-21.777359,69524,807940,5465,110604.30488228798,-1314.2919,-0.21218193,5.405658,47.812060014377344
47335,579.10034,511710,0.997056,0.91296387,0.3007447,-20.52895,69619,808890,5473,110615.65039801598,-1318.3893,-0.20461044,6.7410736,44.07087117950351
47388,605.3651,512240,0.9972565,0.9116211,0.27111772,-21.028822,69718,809880,5481,110626.3428235054,-1369.877,-0.23130405,3.659242,48.331427698964504
47452,601.17566,512880,0.9973452,0.91381836,0.25249094,-19.83594,69842,811120,5491,110636.65736079216,-1367.5127,-0.23507112,3.028261,84.29620739152458
47502,628.61975,513380,0.9972396,0.9188843,0.26083767,-20.431938,69940,812100,5499,110647.51788806915,-1427.5132,-0.22825092,4.2456846,42.54519409790347
47554,634.26666,513900,0.99710035,0.9136963,0.28836805,-20.50642,70037,813070,5507,110658.36517047882,-1445.667,-0.22426079,6.050848,44.623073930866646
47605,609.1206,514410,0.9974022,0.923645,0.23325211,-7.197317,70140,814100,5515,110669.52656006813,-1401.2782,-0.19962843,2.6751413,48.92137620034266
47657,618.48016,514930,0.99729514,0.9124756,0.25387,1.6005336,70239,815090,5523,110680.67414236069,-1442.5447,-0.21369399,3.3071818,42.892766269135414
47708,626.0179,515440,0.9972253,0.9187622,0.2629181,-5.21574,70331,816010,5531,110691.82321119308,-1447.2969,-0.22592087,5.2171917,47.020142772413685
47759,638.0857,515950,0.99739504,0.92541504,0.22648129,-16.058968,70429,816990,5539,110702.9635155201,-1458.3823,-0.1983595,3.4976053,46.455156793134684
47810,630.7918,516460,0.9973104,0.9199219,0.24372724,-16.316765,70526,817960,5547,110713.99504709244,-1451.7346,-0.20358872,4.0182333,48.1086955197078
47867,641.16034,517030,0.9973779,0.92388916,0.22828497,-17.191467,70634,819040,5556,110724.99269104004,-1461.5144,-0.19771653,3.8162653,58.670120548549995
47937,623.4507,517730,0.997504,0.93481445,0.19068557,-17.597918,70762,820320,5567,110735.20299601555,-1430.3928,-0.16895838,2.6959102,47.135062924196845
47989,632.95905,518250,0.99745226,0.9246826,0.21021819,-19.593533,70868,821380,5575,110745.36969351768,-1445.4396,-0.17551973,2.7695181,43.93948544557658
48059,638.448,518950,0.99747634,0.92944336,0.18869634,-19.207378,71001,822710,5586,110756.2462656498,-1449.3447,-0.1790714,2.1478224,56.282054099115456
48117,626.36975,519530,0.9975314,0.92822266,0.19297603,-19.958107,71103,823730,5595,110766.46130657196,-1445.3342,-0.16991293,2.1493826,61.56004189382662
48174,634.4362,520100,0.9975045,0.9321289,0.20178533,-17.78609,71224,824940,5604,110777.79839205742,-1451.4448,-0.1322453,4.4299717,45.50669024429152
48237,651.0329,520730,0.9975555,0.9342041,0.17729212,-18.171106,71336,826060,5614,110787.90697455406,-1481.9258,-0.14139196,2.163918,59.707599524359665
48289,642.38403,521250,0.9974868,0.93322754,0.1903033,-15.6501255,71431,827010,5622,110799.13318300247,-1462.8877,-0.16036323,3.430143,42.698401407397746
48341,621.62476,521770,0.9975655,0.9329834,0.17649002,-17.145947,71533,828030,5630,110810.46281814575,-1415.0979,-0.15608248,1.9997423,45.13615496807089
48385,658.38794,522210,0.99754834,0.93530273,0.17521197,-16.741375,71618,828880,5637,110821.45767641068,-1489.3684,-0.15419286,2.2759793,37.700221705324886
48436,620.9003,522720,0.99752164,0.9368286,0.18462181,-16.159092,71714,829840,5645,110832.66159772873,-1421.7563,-0.15233636,3.5349665,46.39716814159292
48487,602.3101,523230,0.9975383,0.93573,0.18911815,-14.599237,71808,830780,5653,110843.9271068573,-1386.893,-0.13455282,3.3727937,45.62413803184022
48539,639.6253,523750,0.99755573,0.9393921,0.16144377,-14.881215,71903,831730,5661,110854.86944413185,-1446.5564,-0.15210919,1.9556911,47.067449758101056
48590,632.51196,524260,0.9975784,0.9371338,0.16897775,-15.727722,72008,832780,5669,110865.74834370613,-1452.2563,-0.13791132,2.0120153,49.13087108656763
48635,645.35754,524710,0.99755144,0.9367676,0.17335762,-15.497676,72092,833620,5676,110875.80255770683,-1454.6143,-0.1344073,2.2864912,38.192674519887305
48672,631.52527,525080,0.99752116,0.9268799,0.18996651,-16.953203,72171,834410,5682,110885.82715892792,-1434.1736,-0.1551204,2.7823803,50.049130045107255
48724,634.7954,525600,0.9974823,0.9373779,0.18828318,-15.660889,72270,835400,5690,110896.06937408447,-1451.8665,-0.1453714,3.81239,47.46943957208168
48787,607.656,526230,0.99753666,0.9378662,0.18066955,-12.95764,72387,836570,5700,110906.17235779762,-1398.0594,-0.14806095,3.149951,44.30364918785171
48834,627.90985,526700,0.9975498,0.93573,0.17116258,-13.395834,72473,837430,5707,110916.42676877975,-1426.5022,-0.15045264,1.9364806,44.2395787445365
48880,625.8799,527160,0.99756885,0.9324951,0.17792958,-8.762203,72561,838310,5714,110926.74630784988,-1431.1406,-0.15507908,1.9402308,46.15152549844457
48923,628.8655,527590,0.9974463,0.93444824,0.20133227,-11.597487,72649,839190,5721,110937.02475476265,-1425.9839,-0.16438042,4.4886103,42.924769725596
48967,630.0628,528030,0.9975171,0.93151855,0.19177456,-10.131745,72741,840110,5728,110947.28484416008,-1420.9954,-0.14419368,3.3696475,42.76828752043135
49012,612.01697,528480,0.99755573,0.9366455,0.18455654,-13.166166,72824,840940,5735,110957.30463194847,-1385.0784,-0.14383405,3.182735,44.726860780707206
49057,623.57947,528930,0.99750185,0.9338989,0.18463889,-14.239935,72912,841820,5742,110967.37466359138,-1414.531,-0.16572276,2.9124398,45.448042766986795
49109,615.8353,529450,0.9975338,0.93011475,0.18832457,-13.699106,73015,842850,5750,110977.92112374306,-1397.4719,-0.15533793,2.7789078,49.126806919449635
49180,618.59827,530160,0.99756,0.9310913,0.18442038,-12.735103,73148,844180,5761,110988.31919264793,-1406.7295,-0.16074619,2.2409964,54.02424571264346
49237,614.59814,530730,0.9974983,0.9334717,0.18859988,-12.2633,73258,845280,5770,110998.89402246475,-1398.596,-0.16583404,3.1076565,55.16819164098554
49282,631.3051,531180,0.99747896,0.9312134,0.19797856,-13.836513,73346,846160,5777,111009.03375673294,-1430.9346,-0.17354041,3.3003821,45.986724543354235
49331,604.6241,531670,0.9975066,0.92926025,0.20299304,-11.608514,73445,847150,5785,111020.03345322609,-1404.6665,-0.15068561,3.9251974,45.87525936007681
49383,601.3111,532190,0.9974539,0.9279175,0.21265784,-13.578308,73546,848160,5793,111030.91973853111,-1389.691,-0.18505317,4.545267,45.77498563752262
49435,612.0725,532710,0.99750876,0.9345703,0.18874219,-16.21075,73633,849030,5801,111041.78126096725,-1420.7412,-0.15222728,2.9913456,47.21665324582168
49480,591.43713,533160,0.9975376,0.9373779,0.18286295,-14.97006,73717,849870,5808,111051.90485930443,-1362.0497,-0.13922755,3.5229604,40.33542136232773
49530,588.0673,533660,0.99750924,0.93200684,0.20041177,-13.368013,73814,850840,5816,111062.7835597992,-1362.8433,-0.15747787,3.6877606,48.56430492111785
49582,581.103,534180,0.9975178,0.928833,0.19996598,-13.650372,73909,851790,5824,111073.40954828262,-1335.2578,-0.17624006,3.8965704,47.20289552568973
49634,593.5064,534700,0.99753475,0.9295044,0.19090727,-14.843598,74003,852730,5832,111083.70838165283,-1361.4751,-0.17400432,2.3274508,51.36574969354925
49686,606.2868,535220,0.9975276,0.93188477,0.18487185,-13.839522,74104,853740,5840,111094.0887401104,-1380.4972,-0.16790625,2.2645469,51.34283879215668
49734,606.93207,535700,0.99748874,0.9324951,0.20418188,-15.520217,74196,854660,5848,111104.68237042427,-1386.8383,-0.13709155,4.6040998,40.55762940239186
49786,604.5123,536220,0.9974618,0.9333496,0.20237097,-15.154903,74299,855690,5856,111115.32049822807,-1377.1349,-0.13538754,4.4171762,48.01390287519501
49838,592.75024,536740,0.9975271,0.9346924,0.18229704,-13.943224,74389,856590,5864,111126.23270368576,-1336.422,-0.15279166,3.1886895,47.89180023692962
49889,611.38,537250,0.9975636,0.9399414,0.17540807,-15.480316,74487,857570,5872,111136.98959350586,-1375.5873,-0.12923348,3.6925359,48.35956895768989
49941,611.6667,537770,0.9974978,0.92907715,0.19419338,-17.649837,74579,858490,5880,111148.08067893982,-1349.7878,-0.17932793,3.2865884,45.70291140509888
49991,604.73145,538270,0.99737525,0.9379883,0.21509314,-15.907409,74675,859450,5888,111158.96136569977,-1356.8302,-0.15420455,6.459526,47.45972926775279
50043,598.10406,538790,0.99742436,0.9298706,0.22019589,-17.503128,74767,860370,5896,111169.69899320602,-1321.8137,-0.15710601,6.0632787,47.55889880611749
50088,600.07544,539240,0.9975333,0.9342041,0.18517846,-17.72258,74860,861300,5903,111180.25814127922,-1335.2595,-0.1360903,3.30516,40.71670995405717
50139,598.5687,539750,0.9975145,0.93743896,0.18729901,-16.413124,74951,862210,5911,111191.56386852264,-1333.2812,-0.15465827,3.745011,47.23845617522519
50190,611.1582,540260,0.99754786,0.9301758,0.18516992,-18.844753,75049,863190,5919,111202.83632421494,-1340.4977,-0.14988026,2.430695,45.31080065796636
50243,610.84155,540790,0.9975462,0.9310303,0.18232302,-21.159546,75142,864120,5927,111213.73690509796,-1337.96,-0.14116928,2.6658726,48.16771635330983
50292,587.6633,541280,0.99736714,0.9335327,0.23612195,-18.455212,75239,865090,5935,111224.78663158417,-1304.057,-0.16197002,8.212135,46.620973957879244
50344,593.5927,541800,0.99756,0.9376221,0.17687567,-18.237705,75334,866040,5943,111235.77184557915,-1297.616,-0.14246221,3.2617965,47.27825850182941
50394,585.3218,542300,0.99755025,0.9365845,0.1756953,-18.655193,75430,867000,5951,111246.6681087017,-1283.6036,-0.13889971,2.661047,43.20816146514911
50446,571.63135,542820,0.99749875,0.9361572,0.19813615,-18.564474,75525,867950,5959,111257.54529690742,-1245.1476,-0.15429588,4.3469286,47.54411569618222
50498,616.3634,543340,0.99747396,0.9298096,0.198578,-19.658037,75620,868900,5967,111268.51470923424,-1334.2999,-0.16225266,3.2197382,45.7463407335251
50550,582.1415,543860,0.9975407,0.93463135,0.18362108,-20.22415,75717,869870,5975,111279.21692419052,-1268.7988,-0.16156977,2.654448,48.92812634766971
50601,573.12274,544370,0.99750257,0.93188477,0.19165705,-19.279585,75812,870820,5983,111290.03167033195,-1249.3721,-0.17212418,2.591066,46.397512979303464
50650,599.12244,544860,0.9973991,0.93273926,0.21577373,-20.522127,75910,871800,5991,111300.8606300354,-1289.2,-0.16088331,4.6792946,46.830897890026826
50695,602.11536,545310,0.99749255,0.93774414,0.18634401,-19.902851,76009,872790,5998,111311.79709029198,-1297.2949,-0.16535705,3.317394,41.577605331639056
50746,586.7282,545820,0.99742913,0.92785645,0.21389392,-20.576824,76096,873660,6006,111322.83749365807,-1253.4001,-0.1943486,4.0420237,46.83849727608345
50798,579.38403,546340,0.9974401,0.92303467,0.21358413,-20.82605,76197,874670,6014,111333.93703913689,-1248.7864,-0.16583718,2.8960109,43.17567864038381
50849,591.121,546850,0.9974885,0.9277344,0.19730382,-20.086712,76292,875620,6022,111344.6428592205,-1263.9719,-0.1732442,2.096919,47.007347167498466
50901,588.4267,547370,0.9971111,0.9256592,0.27136368,-21.731731,76381,876510,6030,111355.68277478218,-1257.4324,-0.20308645,8.949032,46.35620104121893
50952,615.7498,547880,0.99748516,0.9312744,0.19515893,-20.172035,76477,877470,6038,111367.04239082336,-1285.4299,-0.18369378,2.0015028,45.40664466550853
50997,607.4728,548330,0.99744225,0.9248657,0.21413435,-21.745129,76565,878350,6045,111377.95813274384,-1274.291,-0.18596828,3.1408477,45.48184753224947
51048,616.63684,548840,0.9974644,0.9295044,0.20231193,-21.531078,76660,879300,6053,111388.74431014061,-1305.1481,-0.18240878,2.5367377,48.22863245329501
51099,597.44196,549350,0.9974854,0.93066406,0.19718644,-20.205278,76758,880280,6061,111399.99390816689,-1275.7161,-0.18517554,2.374476,46.47315612156215
51150,603.4459,549860,0.99749136,0.9312134,0.1980566,-20.212742,76858,881280,6069,111410.98323655128,-1277.4225,-0.15358862,2.8683424,46.5898456923883
51201,620.6499,550370,0.9974854,0.9349365,0.19369376,-19.020128,76951,882210,6077,111421.93435764313,-1307.4277,-0.18308829,2.2678723,47.45951949517096
51252,619.25616,550880,0.99735427,0.93182373,0.21955694,-19.70731,77054,883240,6085,111432.64728236198,-1289.8918,-0.19095159,4.1747494,47.380826396742236
51305,621.5957,551410,0.997457,0.9279785,0.20646086,-18.211308,77140,884100,6093,111443.53541350365,-1302.48,-0.18900162,2.6137893,46.50931752779838
51355,624.47437,551910,0.9974735,0.9267578,0.20315342,-19.197891,77235,885050,6101,111454.30931305885,-1307.6362,-0.18770766,2.119092,47.588897579668966
51400,615.12134,552360,0.9974663,0.9263916,0.21348539,-17.58786,77324,885940,6108,111464.41035485268,-1286.9724,-0.16434388,3.3718293,43.47660946673685
51445,624.0419,552810,0.99743533,0.9248047,0.21659423,-15.859755,77403,886730,6115,111474.5259103775,-1312.0708,-0.19609874,2.7273414,44.97822697935028
51489,617.3273,553250,0.99739313,0.92419434,0.21796721,-15.794979,77489,887590,6122,111484.6771247387,-1290.7672,-0.18969452,3.2699995,46.42117466720898
51542,641.5952,553780,0.9975047,0.9293823,0.20069037,-16.836243,77583,888530,6130,111494.95043110847,-1335.372,-0.17543326,1.8108257,50.68417544679827
51592,643.08685,554280,0.99733686,0.9281616,0.23574099,-16.3083,77692,889620,6138,111505.00698781013,-1331.7805,-0.18386312,4.755491,50.83440663593018
51651,643.8054,554870,0.9974835,0.9337158,0.20415479,-15.589725,77792,890620,6147,111516.11462950706,-1351.1777,-0.17165571,2.8486824,53.026152030629426
51719,622.27576,555550,0.9974828,0.928833,0.20603824,-13.763355,77931,892010,6158,111527.02718138695,-1304.1466,-0.18944654,2.1577606,52.83389771929027
51770,624.4254,556060,0.99740005,0.92492676,0.22858411,-13.319528,78028,892980,6166,111537.25448822975,-1320.1902,-0.17931804,3.9299624,52.11605278868509
51823,635.65027,556590,0.9975128,0.93341064,0.19537711,-14.091054,78124,893940,6174,111547.52827477455,-1325.2578,-0.17644104,2.134788,45.4527447020851
51872,650.19543,557080,0.9974258,0.928772,0.21180427,-14.029945,78223,894930,6182,111558.17447423935,-1350.6049,-0.16122553,3.1777241,47.4203832311592
51924,630.1538,557600,0.9975264,0.93603516,0.18548194,-14.54085,78324,895940,6191,111568.32015991211,-1319.5237,-0.1688976,2.2007065,97.88522759138242
51981,643.88556,558170,0.99735093,0.93652344,0.22244403,-12.897411,78435,897050,6199,111579.25538682938,-1348.7246,-0.14622304,5.97123,40.416240726119476
52028,643.4442,558640,0.99735236,0.9317627,0.22952448,-13.397001,78520,897900,6206,111589.54648637772,-1363.1516,-0.16392404,5.989955,41.94279751820185
52078,662.77686,559140,0.997396,0.9217529,0.23405355,-13.317704,78618,898880,6214,111600.9100291729,-1381.8569,-0.15801254,5.240015,43.19285217316308
52128,651.9988,559640,0.9975171,0.9371338,0.18646908,-12.475748,78714,899840,6222,111612.14888477325,-1364.4556,-0.15392973,3.171647,45.273790308843175
52180,637.6111,560160,0.9974978,0.9331665,0.1892519,-11.8670635,78808,900780,6230,111623.46507382393,-1330.8696,-0.15635765,3.0635815,44.94249510075986
52233,621.99036,560690,0.99752426,0.9370117,0.18879274,-11.99096,78909,901790,6238,111634.6657640934,-1309.5312,-0.16284056,3.3049054,46.15965209436373
52277,628.468,561130,0.99751544,0.93530273,0.18497717,-7.6830387,78990,902600,6245,111645.38935232162,-1310.2623,-0.16024807,3.049712,44.394783541170725
52328,622.18335,561640,0.9975617,0.9364624,0.181017,-13.697971,79093,903630,6253,111656.73088407516,-1306.7032,-0.15876958,2.813124,45.82537273863134
52379,652.5862,562150,0.9975171,0.9326172,0.19097449,-12.989851,79185,904550,6261,111668.06470441818,-1370.1713,-0.16380729,3.167043,46.646161053619146
52431,623.94434,562670,0.9975326,0.94311523,0.18453553,-12.458393,79281,905510,6269,111679.45094656944,-1310.7727,-0.13661444,4.1761293,43.90071702120318
52480,632.7716,563160,0.99749804,0.9346924,0.19848779,-10.1697,79376,906460,6277,111690.7985022068,-1329.8601,-0.17747149,4.7006226,44.57481360840088
52527,623.2898,563630,0.99756527,0.9421997,0.16905302,-13.34155,79459,907290,6284,111700.81548810005,-1305.8135,-0.14561892,3.026296,43.69709605710215
52571,604.2036,564070,0.99755,0.9394531,0.17454535,-11.316082,79542,908120,6291,111710.83601093292,-1270.1721,-0.14355204,3.505075,41.92643975026138
52616,618.6966,564520,0.99756265,0.9375,0.17908348,-9.09342,79628,908980,6298,111721.23374915123,-1302.745,-0.14863186,3.5583386,43.0740501412639
52661,630.75793,564970,0.9975929,0.9384155,0.16827527,-7.891711,79716,909860,6305,111731.356777668,-1333.1038,-0.13486214,2.323543,45.19342148814873
52712,606.67114,565480,0.99759984,0.9429321,0.16398163,-10.328316,79809,910790,6313,111742.7304623127,-1278.1482,-0.13660374,2.9761279,44.984867540918
52763,613.9731,565990,0.99755716,0.9366455,0.18006785,-9.250654,79903,911730,6321,111754.05255246162,-1283.7722,-0.14000125,4.114216,45.56687379541275
52814,602.1579,566500,0.99753785,0.9393921,0.17445695,-7.5412493,80003,912730,6329,111765.62915205956,-1281.8837,-0.16257003,3.6955273,39.942322809484956
52860,614.8956,566960,0.9975853,0.946167,0.15903202,-6.4657393,80094,913640,6336,111776.05717635155,-1297.6698,-0.14426494,2.9652998,46.7956216658819
52903,615.16736,567390,0.9976034,0.9399414,0.17034215,-8.154912,80170,914400,6343,111786.08705019951,-1296.2158,-0.11397102,3.2336092,41.98706737643175
52955,626.2334,567910,0.997622,0.94525146,0.15514001,-8.121631,80262,915320,6351,111797.27746033669,-1311.7229,-0.13289261,2.4074574,46.885840547367046
53007,619.702,568430,0.9975977,0.93621826,0.16769087,-5.61725,80367,916370,6359,111808.44570374489,-1316.4719,-0.14387247,2.4714646,47.63071271259762
53057,595.83563,568930,0.99755955,0.9333496,0.18094547,-9.433707,80459,917290,6367,111819.51001620293,-1267.5227,-0.15136218,3.3895097,45.29876546793232
53108,621.96265,569440,0.99757767,0.94244385,0.17387362,-4.169583,80557,918270,6375,111830.4543094635,-1312.3517,-0.10984196,3.526905,43.5968596217124
53160,603.3027,569960,0.9975774,0.94451904,0.16777846,-4.720049,80645,919150,6383,111841.46042370796,-1282.2416,-0.14282377,3.333262,45.129932492252095
53212,633.77563,570480,0.997555,0.9390869,0.18221383,-6.413546,80739,920090,6391,111852.34602975845,-1351.4707,-0.1450081,4.3781343,46.428023325097655
53262,600.8505,570980,0.9975214,0.93756104,0.18002057,-7.9261317,80834,921040,6399,111863.62224388123,-1267.7485,-0.16093744,3.161679,46.48606502756239
53313,601.6821,571490,0.9976206,0.94348145,0.1608274,-3.1099062,80930,922000,6407,111874.70732426643,-1275.8423,-0.12558061,2.2032952,45.946557381707095
53359,582.3186,571950,0.99749684,0.9370117,0.19524899,-3.39411,81023,922930,6414,111885.52449059486,-1249.0771,-0.1395968,4.4846706,46.984482291167645
53409,590.4291,572450,0.9975691,0.93548584,0.1794874,-2.7885199,81113,923830,6422,111896.81367707253,-1266.9519,-0.14551929,2.9155881,46.07973281404924
53460,601.2086,572960,0.9976151,0.9437256,0.16467944,-1.771348,81205,924750,6430,111907.88508033752,-1298.6052,-0.12803465,2.8163607,46.28812830119314
53512,586.4373,573480,0.99751854,0.93377686,0.18739909,0.75019145,81301,925710,6438,111918.99299383163,-1249.084,-0.16691051,2.6202898,45.88981505462372
53564,584.71497,574000,0.9974921,0.93621826,0.18406475,2.1659615,81398,926680,6446,111930.24147415161,-1264.6707,-0.14627263,3.4750197,46.64662308459579
53608,579.60315,574440,0.9974978,0.9332886,0.20653023,-0.029026002,81480,927500,6453,111940.46850800514,-1251.7208,-0.1554535,4.896359,39.967205016144824
53660,592.2252,574960,0.99754405,0.934021,0.18560053,8.037327,81576,928460,6461,111951.67056846619,-1298.6493,-0.1580619,2.699954,50.59411127651081
53710,583.65027,575460,0.9974997,0.932251,0.19427237,6.6499386,81678,929480,6469,111962.7497549057,-1286.4211,-0.15860336,3.7936015,46.82709912165431
53764,594.9143,576000,0.9975023,0.9369507,0.1852954,1.9856312,81770,930400,6477,111973.59010577202,-1307.2311,-0.15287922,3.1652026,59.91386755873864
53825,602.3786,576610,0.99755096,0.9356079,0.1808358,2.1403112,81885,931550,6487,111984.06763195992,-1305.607,-0.1599143,2.613265,63.68060282667523
53889,594.63904,577250,0.9975283,0.9320679,0.18603751,4.8679695,82000,932700,6497,111994.51567554474,-1281.1833,-0.1719015,2.3240247,63.257047492604094
53974,583.7313,578100,0.9975717,0.93573,0.18253702,16.265745,82156,934260,6510,112005.54349374771,-1270.1562,-0.13831106,3.5177379,61.067612983480025
54036,596.28577,578720,0.9975815,0.93499756,0.17033157,17.77569,82269,935390,6520,112016.0168902874,-1295.907,-0.14875305,2.4904966,61.276141300005705
54101,564.605,579370,0.9975493,0.93640137,0.18022707,20.557772,82385,936550,6530,112026.42826747894,-1258.9414,-0.14312628,3.128385,62.875606596850545
54164,581.5772,580000,0.99755526,0.9343262,0.18085077,21.586779,82503,937730,6540,112036.76388335228,-1284.0872,-0.14165026,2.947832,63.067128252056634
54228,578.30524,580640,0.9975569,0.9321289,0.18132116,9.20922,82615,938850,6550,112047.42823672295,-1283.9193,-0.15884423,3.2995355,44.207529240801385
54273,586.83295,581090,0.9975221,0.9352417,0.19126672,10.782093,82701,939710,6557,112057.86072015762,-1274.1384,-0.13789645,4.456499,44.813954998641904
54319,574.78815,581550,0.99755216,0.9301758,0.18322712,11.980486,82791,940610,6564,112068.43985462189,-1252.7902,-0.14278427,2.760705,39.54466240404799
54362,592.9054,581980,0.9975202,0.93170166,0.192149,8.485627,82872,941420,6571,112078.59699440002,-1300.83,-0.15897764,3.739003,46.020215361246976
54414,579.68744,582500,0.99759245,0.93536377,0.16958976,4.7173867,82965,942350,6579,112089.94624447823,-1280.2798,-0.13276254,2.6625216,44.841705964796226
54459,581.1061,582950,0.9975805,0.9345093,0.1690351,2.9164858,83047,943170,6586,112099.97723436356,-1274.4153,-0.15315995,2.33013,43.45225213675421
54504,571.2614,583400,0.9975629,0.9366455,0.1760231,5.7669563,83131,944010,6593,112110.02337408066,-1264.4187,-0.14580679,3.1072006,45.05335465532358
54548,577.9623,583840,0.99757004,0.9316406,0.17786053,5.6973705,83215,944850,6600,112120.2515668869,-1268.8955,-0.12967493,3.0278788,41.62292071818895
54600,568.50287,584360,0.99759746,0.9394531,0.17072347,2.5069485,83318,945880,6608,112131.6178548336,-1255.0491,-0.13291408,3.2195292,45.682168302600644
54644,558.6742,584800,0.9975252,0.93640137,0.17812589,-0.73136973,83390,946600,6615,112141.80472159386,-1230.085,-0.1529156,3.7535613,44.68447439588211
54689,568.27905,585250,0.99758005,0.93927,0.16490719,0.34803686,83477,947470,6622,112151.83135962486,-1247.759,-0.15269017,2.720471,44.775114996297866
54740,544.20245,585760,0.99757004,0.9384155,0.16406997,3.05624,83567,948370,6630,112163.20981550217,-1206.3452,-0.1402528,2.1637697,45.13220880876458
54793,574.8015,586290,0.9976053,0.9390869,0.16812308,-0.6337246,83662,949320,6638,112174.54617381096,-1246.2014,-0.1362575,2.279377,45.503473504169186
54836,578.5228,586720,0.9975505,0.935791,0.16930708,2.3615172,83747,950170,6645,112184.68064641953,-1262.0408,-0.13489509,2.2953131,43.70160629402347
54880,569.24854,587160,0.9975474,0.9373779,0.1708422,1.1933315,83833,951030,6652,112195.48917102814,-1254.8965,-0.15590517,2.0726237,40.55348742630256
54932,559.3695,587680,0.997596,0.9399414,0.16215876,3.3374736,83933,952030,6660,112206.74108600616,-1226.9781,-0.129117,1.9612789,45.84001420784437
54984,564.5098,588200,0.9975598,0.9347534,0.18353043,7.2339234,84026,952960,6668,112218.06020236015,-1230.6908,-0.14354885,3.1479385,46.61579246973066
55035,563.04126,588710,0.9975672,0.939209,0.17415738,7.551176,84122,953920,6676,112229.35175156593,-1235.5039,-0.11647183,3.3428025,45.125562608155086
55086,574.56433,589220,0.9975407,0.9309082,0.18521789,7.2967396,84209,954790,6684,112240.5904636383,-1248.0935,-0.13945934,2.7707758,46.01680728738638
55136,593.3401,589720,0.9975436,0.9326172,0.18254851,4.509177,84304,955740,6692,112251.93278980255,-1265.3813,-0.15162404,2.7905362,47.225109461930046
55188,584.5194,590240,0.99754596,0.93322754,0.18445456,4.1299233,84400,956700,6700,112262.98708105087,-1242.7911,-0.15567693,3.0404596,46.80142254742551
55240,604.74084,590760,0.99757886,0.93273926,0.1768295,1.924997,84495,957650,6708,112273.98768162727,-1291.9078,-0.14542991,1.8504888,46.873805456444984
55290,600.2151,591260,0.9975238,0.9378662,0.18752508,-4.035782,84589,958590,6716,112285.1455450058,-1281.3975,-0.13566285,4.0259314,47.372974781634845
55343,597.9497,591790,0.99745655,0.9314575,0.20976366,3.9118614,84691,959610,6724,112296.22240543365,-1279.4756,-0.16952334,4.2276635,45.88163418229353
55393,590.6172,592290,0.9975655,0.9335327,0.18297383,-1.7553916,84778,960480,6732,112307.49964213371,-1275.2003,-0.14314406,2.310772,44.508636005416605
55438,610.6742,592740,0.99752355,0.9342041,0.1864852,-2.8067513,84863,961330,6739,112318.1581056118,-1292.8109,-0.1745637,2.5225823,39.71627270290056
55484,589.23395,593200,0.9975016,0.9364624,0.19476591,0.3759414,84949,962190,6746,112328.19182109833,-1265.6819,-0.16461012,3.5254748,48.526589293490865
55535,603.21497,593710,0.9974592,0.92871094,0.2067099,0.95239115,85054,963240,6754,112339.29918122292,-1286.2461,-0.15520382,3.6749315,44.92878974245848
55580,612.5314,594160,0.9974022,0.9351196,0.21750776,-7.471344,85130,964000,6761,112349.50170302391,-1322.155,-0.1594435,5.6950006,40.33236692677908
55625,611.8278,594610,0.99749374,0.9347534,0.19292602,-11.09927,85211,964810,6768,112359.79459810257,-1318.0305,-0.1758154,2.8223655,45.7613685956184
55681,591.38226,595170,0.9974711,0.9266968,0.20411706,-15.319147,85318,965880,6777,112370.29837632179,-1264.5853,-0.18760516,2.5479832,61.9438466893841
55744,593.7837,595800,0.9975066,0.93310547,0.19606146,-14.0908165,85434,967040,6787,112380.72621417046,-1296.0146,-0.15464553,3.3420224,54.50320032031629
55810,610.2498,596460,0.99752355,0.93566895,0.19274814,-14.580616,85552,968220,6797,112391.04589223862,-1322.3047,-0.15278034,3.0164747,61.56060659918675
55895,603.26935,597310,0.9975109,0.93914795,0.19419512,-11.6453285,85698,969680,6810,112402.07761716843,-1315.788,-0.13582224,3.9848785,60.45233634083768
55950,604.3495,597860,0.9974711,0.9316406,0.19322512,-12.438107,85802,970720,6819,112412.30184745789,-1313.9797,-0.17954704,3.055245,47.17337298841101
56016,575.24695,598520,0.99754715,0.9360962,0.17406374,-15.317113,85919,971890,6829,112422.69725823402,-1270.1921,-0.15856773,1.7691948,58.735257351823016
56080,581.4082,599160,0.9974892,0.92456055,0.1936491,-12.958654,86036,973060,6839,112433.09993076324,-1280.929,-0.1705058,1.8613822,61.113145012537466
56153,596.55597,599890,0.99754834,0.94104004,0.17473899,-10.834133,86181,974510,6851,112443.28386354446,-1305.2019,-0.14792596,2.8629022,63.63137740891414
56219,603.13934,600550,0.9975171,0.9359741,0.17741916,-11.385863,86292,975620,6861,112453.85027885437,-1312.2725,-0.15959352,2.2358756,62.82572050459896
56283,600.9508,601190,0.99759746,0.94073486,0.16080762,-13.288027,86408,976780,6871,112464.27822041512,-1304.645,-0.13403243,1.6982856,62.136887723474594
56348,595.8586,601840,0.99752736,0.93914795,0.18081969,-11.489208,86525,977950,6881,112474.5106959343,-1289.706,-0.15605983,2.871305,62.62448144493203
56412,602.54944,602480,0.9974787,0.92858887,0.19108248,-11.114351,86641,979110,6891,112484.89032387733,-1301.3274,-0.18383178,2.3209198,57.77074328471533
56487,612.7616,603230,0.99743414,0.93115234,0.19915879,-13.165899,86786,980560,6903,112494.8921084404,-1333.7471,-0.19358552,3.0606155,57.2041755237252
56547,611.11395,603830,0.99751806,0.93151855,0.19152173,-13.320575,86889,981590,6913,112505.24941062927,-1321.2482,-0.16582917,2.9336135,64.63004331855996
56615,615.20825,604510,0.9975579,0.9370117,0.18013965,-10.34568,87018,982880,6923,112515.84564375877,-1324.2059,-0.15163626,2.0489888,61.03945188172917
56674,619.2117,605100,0.9974091,0.92437744,0.21337548,-14.771616,87123,983930,6933,112526.1484386921,-1353.9562,-0.17108655,3.2995782,65.1381420804277
56739,606.6459,605750,0.9973242,0.92645264,0.23011686,-10.665514,87242,985120,6944,112536.79450464249,-1330.8195,-0.18115596,5.0858965,87.72277252313121
56820,615.62305,606560,0.99750805,0.92852783,0.19924736,-9.933895,87389,986590,6955,112547.20595264435,-1339.1001,-0.16282046,2.4331436,63.44282061099373
56884,621.0794,607200,0.9974055,0.93066406,0.22160022,-8.8454895,87505,987750,6965,112557.7281422615,-1371.2,-0.18024087,5.2723036,62.444843060593506
56947,598.3185,607830,0.9974656,0.9263916,0.20772554,-12.192086,87619,988890,6975,112568.14463376999,-1340.2178,-0.17434503,3.4999585,62.51201194557609
57015,610.11707,608510,0.99748826,0.93322754,0.19481668,-10.114855,87737,990070,6985,112578.8051147461,-1368.8816,-0.161913,3.3333988,61.65122052833905
57089,594.4899,609250,0.9975107,0.9312744,0.19474444,-7.9868145,87870,991400,6997,112588.93155360222,-1337.6971,-0.16436477,2.614962,60.51857296033806
57154,604.7169,609900,0.99755573,0.9326172,0.17308351,-10.539109,87993,992630,7007,112599.3902759552,-1359.1727,-0.16321605,1.9591936,59.319042809035366
57220,610.74176,610560,0.99756384,0.9319458,0.18184392,-8.060072,88105,993750,7017,112609.83352446556,-1388.2965,-0.14897057,2.1178467,61.0575842086456
57281,601.54694,611170,0.9975548,0.93640137,0.17152801,-6.9244866,88221,994910,7027,112620.38470745087,-1352.0197,-0.16240793,2.0525084,55.90648937792044
57346,616.77893,611820,0.9974108,0.9267578,0.21528485,-1.5146947,88340,996100,7037,112630.77878546715,-1389.1531,-0.15967712,4.232981,60.44550287663676
57422,594.2931,612580,0.9975858,0.93408203,0.17215239,-1.619469,88480,997500,7049,112640.97376441956,-1351.7899,-0.15028581,1.9847858,58.79062286394725
57488,601.5671,613240,0.997566,0.93481445,0.1723992,-7.2696943,88593,998630,7059,112651.41297268867,-1362.9248,-0.16063759,1.8112428,61.72529204692802
57544,602.6997,613800,0.9975457,0.930542,0.17555189,-3.7785823,88696,999660,7068,112661.50626182556,-1366.1553,-0.14393845,2.033598,51.760004134083125
57608,605.46985,614440,0.99745846,0.9413452,0.20541257,-4.798151,88814,1000840,7078,112672.05608487129,-1374.4045,-0.1269665,6.4460754,58.88416005952569
57672,623.6819,615080,0.9975269,0.94055176,0.19485337,-4.3596277,88927,1001970,7088,112682.56058645248,-1406.3038,-0.110595286,5.4083657,57.67157411859439
57737,583.9597,615730,0.9975631,0.9423828,0.1823864,-5.8518987,89044,1003140,7098,112692.87868142128,-1343.4379,-0.12167899,4.6593056,62.41133448452001
57811,613.9556,616470,0.9975591,0.940979,0.17665374,-5.5205235,89186,1004560,7110,112703.11631011963,-1386.2509,-0.12635896,3.553898,60.17492270090535
57876,632.0654,617120,0.99758935,0.9404907,0.16198476,-5.101613,89300,1005700,7120,112713.60510993004,-1406.8674,-0.14120723,1.9427482,60.16635817923531
57942,592.01154,617780,0.9975667,0.94018555,0.17968592,-2.9818807,89414,1006840,7130,112723.95446801186,-1343.9661,-0.14366192,3.3223155,63.022589581093655
58004,605.75397,618400,0.9975767,0.93621826,0.16705902,-5.230236,89530,1008000,7140,112734.45919418335,-1394.5671,-0.13970484,2.3820662,58.367156590312334
58068,606.61926,619040,0.997571,0.9376221,0.16386098,-2.8140113,89646,1009160,7150,112744.85903167725,-1366.2413,-0.15349588,1.723598,62.50754310972141
58127,612.0431,619630,0.99750614,0.9373779,0.18659739,-4.5363264,89750,1010200,7160,112754.89675807953,-1367.6726,-0.1469622,3.9162154,90.26453902736328
58196,626.1722,620320,0.9975531,0.93652344,0.16627774,-5.271159,89876,1011460,7170,112765.57836294174,-1383.9479,-0.14856385,1.840862,42.10850669294074
58241,624.1719,620770,0.99752474,0.9345703,0.17787126,-2.6358447,89965,1012350,7177,112775.69977045059,-1390.5494,-0.17149027,1.5250607,45.65856260520153
58286,621.32886,621220,0.99745107,0.9289551,0.20968662,-3.3800821,90051,1013210,7184,112786.32003259659,-1401.507,-0.1793385,4.4635715,38.58891557618982
58331,620.01056,621670,0.9975536,0.9350586,0.17493355,-2.8096576,90126,1013960,7191,112796.44972085953,-1379.803,-0.16290152,2.0416477,40.97451764373302
58382,614.961,622180,0.99748135,0.93481445,0.19105542,-1.5420547,90226,1014960,7199,112807.69169425964,-1385.9963,-0.17802371,3.0773506,46.4570300676082
58434,642.1337,622700,0.9975443,0.93200684,0.19044715,-1.8358526,90310,1015800,7207,112818.90393185616,-1419.9849,-0.16049875,2.4588156,47.113115513682764
58484,615.8927,623200,0.9974394,0.93188477,0.20591085,-0.47231925,90407,1016770,7215,112830.23411250114,-1375.5295,-0.1496497,3.587772,45.56704396537091
58530,629.596,623660,0.997468,0.9296875,0.20497464,-4.0764513,90490,1017600,7222,112840.28822469711,-1438.8252,-0.19705248,2.6925807,46.67797339324389
58580,641.4575,624160,0.997401,0.9302368,0.21741092,-2.6197195,90584,1018540,7230,112851.5527176857,-1450.4519,-0.16652013,3.9902642,44.90716552762965
58627,648.7328,624630,0.99745345,0.9316406,0.21292096,-0.6110169,90672,1019420,7237,112861.61378645897,-1435.6819,-0.16884187,3.699222,46.87636751247194
58676,652.4137,625120,0.9975369,0.93359375,0.1934385,-4.588312,90768,1020380,7245,112872.94285774231,-1448.0724,-0.16203055,2.226304,44.840282770509546
58727,640.35565,625630,0.9974685,0.93255615,0.19696893,-5.022453,90856,1021260,7253,112884.20708560944,-1442.9194,-0.17498939,2.7203932,45.41906770218841
58778,652.3754,626140,0.9975343,0.93255615,0.19414185,0.104014516,90953,1022230,7261,112895.50212478638,-1468.1045,-0.157049,2.2194316,44.29707663058626
58824,650.0713,626600,0.9975271,0.9310913,0.19221982,-0.7060137,91037,1023070,7268,112905.55734705925,-1473.919,-0.1712573,2.1634517,45.584020937351305
58870,641.5913,627060,0.99744844,0.93084717,0.20090422,5.804708,91120,1023900,7275,112915.92323684692,-1453.0874,-0.18839863,2.7938,44.13377871214454
58918,657.738,627540,0.99751854,0.9371338,0.17824873,-0.98175025,91219,1024890,7283,112927.10274910927,-1485.3618,-0.16074187,2.038889,43.92402736020374
58970,648.4376,628060,0.9975281,0.93585205,0.18931952,7.0249963,91308,1025780,7291,112938.07516527176,-1471.9526,-0.13933034,3.139639,46.8355471140185
59023,638.0813,628590,0.99757147,0.9416504,0.17126398,0.7745929,91405,1026750,7299,112948.91096568108,-1449.8678,-0.13465834,3.0011168,46.55441481858143
59074,662.6273,629100,0.9976051,0.94036865,0.16071226,1.1754711,91502,1027720,7307,112959.85011792183,-1493.3774,-0.14932787,1.8751023,47.652130012065896
59118,663.9695,629540,0.99758005,0.94158936,0.17010233,3.2108407,91585,1028550,7314,112970.03805541992,-1496.2854,-0.13916364,2.5573893,46.83017076623683
59169,658.1747,630050,0.9975343,0.93603516,0.18032937,1.5133488,91672,1029420,7322,112981.05081176758,-1496.8262,-0.14403692,3.0063467,46.80678413431703
59221,661.1075,630570,0.9974296,0.9351196,0.20018883,-0.42077646,91765,1030350,7330,112991.97307562828,-1492.0364,-0.17120111,4.3151217,48.71351002532804
59271,651.1033,631070,0.9975686,0.9376831,0.1727713,-1.3044463,91864,1031340,7338,113003.0733923912,-1470.0425,-0.14371061,2.4706068,46.89450636337639
59323,626.2123,631590,0.9975822,0.9343262,0.17194135,-1.2132243,91952,1032220,7346,113014.17535758018,-1420.1493,-0.15089813,2.4287944,44.66057306720878
59374,629.30225,632100,0.9976394,0.9447632,0.15717508,2.6286564,92046,1033160,7354,113025.05741071701,-1442.23,-0.13715856,2.5599976,47.3948637745376
59427,634.6287,632630,0.9975879,0.93847656,0.16686958,0.40394458,92141,1034110,7362,113036.67893242836,-1443.4033,-0.12790033,2.7055001,37.22230386443775
59476,630.6945,633120,0.99757504,0.9416504,0.165635,0.7543484,92237,1035070,7370,113047.85016584396,-1432.1853,-0.11890823,2.6563935,48.292552325463205
59528,631.16943,633640,0.99761295,0.9401245,0.15893364,2.2656875,92329,1035990,7378,113058.9461760521,-1443.1504,-0.13499561,1.9388074,46.331270046112856
59579,649.51843,634150,0.99760413,0.94055176,0.1630609,0.85657465,92432,1037020,7386,113070.12387919426,-1457.341,-0.15582085,2.1535606,45.840687423857986
59642,660.5863,634780,0.9975867,0.94226074,0.16553739,3.8159711,92542,1038120,7396,113080.68442797661,-1467.8075,-0.13190722,3.0966043,63.59801507528759
59708,626.5763,635440,0.9975238,0.94158936,0.18203613,5.646877,92657,1039270,7406,113090.92187857628,-1398.7272,-0.14450055,3.4863975,63.63626484551279
59773,645.9913,636090,0.9975562,0.934021,0.17261401,6.749242,92772,1040420,7416,113101.42988801003,-1440.9385,-0.14785461,1.9119968,63.820102436279264
59836,613.8293,636720,0.9975827,0.939209,0.16771932,6.85446,92891,1041610,7426,113111.63863658905,-1378.3899,-0.14488272,2.1819718,63.94860392955624
59913,644.17737,637490,0.9975617,0.9359741,0.1695116,3.0224855,93018,1042880,7439,113122.57721352577,-1437.3663,-0.13452518,1.9239751,64.04247812608403
59983,623.39703,638190,0.9975114,0.9286499,0.18975379,8.042169,93146,1044160,7449,113132.93869233131,-1391.0564,-0.15592569,2.6039314,63.57832767504113
60038,625.50696,638740,0.9974301,0.9328003,0.216606,5.470303,93251,1045210,7459,113143.18375229836,-1385.1593,-0.16456752,5.7287827,64.04136277479098
60104,651.15784,639400,0.99746776,0.9359131,0.19548279,6.1865034,93370,1046400,7469,113153.32013058662,-1427.581,-0.16566223,3.587441,67.53592743714881
60187,645.49066,640230,0.9975591,0.93304443,0.18494448,11.632187,93513,1047830,7481,113164.33797264099,-1441.4089,-0.13866192,2.4925952,59.05732754249025
60251,667.29285,640870,0.997488,0.9335327,0.1927971,11.860606,93628,1048980,7491,113174.71423149109,-1481.1746,-0.17342123,2.4150047,61.70839233629666
60311,650.3235,641470,0.997478,0.93084717,0.20443545,7.5719934,93732,1050020,7501,113185.03958392143,-1444.4446,-0.16498923,3.2052164,65.53304013368536
60384,648.0884,642200,0.9974747,0.92718506,0.20820922,6.419105,93869,1051390,7512,113195.6275331974,-1432.5706,-0.1829603,2.6492686,97.37427300879772
60463,686.9925,642990,0.9974601,0.9242554,0.21335098,7.404997,94003,1052730,7524,113206.44098806381,-1522.3666,-0.1882155,2.6480062,63.447274219345886
60526,640.515,643620,0.9973736,0.92407227,0.22121012,15.4529705,94118,1053880,7534,113217.10788655281,-1431.9401,-0.16679801,3.8578799,55.94729477203655
60564,702.1081,644000,0.9974029,0.9221802,0.21581292,9.983721,94205,1054750,7540,113227.5189127922,-1553.2401,-0.19334957,2.613597,45.64988172392272
60609,695.802,644450,0.9974065,0.9257202,0.22001627,6.089336,94288,1055580,7547,113237.5415301323,-1553.7847,-0.19370842,3.3150642,44.970925379065385
60660,667.6666,644960,0.99747634,0.9229126,0.21163446,2.8267603,94383,1056530,7555,113248.90021753311,-1507.0007,-0.16615674,2.4282346,45.66821794472868
60704,686.3937,645400,0.9974022,0.92492676,0.21551001,3.6754353,94463,1057330,7562,113258.94196462631,-1542.2802,-0.19408822,2.910513,44.30334939585244
60752,700.4387,645880,0.99744487,0.9304199,0.20986575,9.386444,94547,1058170,7569,113268.96235108376,-1570.7966,-0.16708958,3.2312615,45.783112901866865
60795,677.4454,646310,0.9975312,0.93292236,0.19212675,4.7434936,94631,1059010,7576,113279.03961992264,-1525.3271,-0.17141771,2.0598106,45.36658695325188
60840,688.2609,646760,0.9974923,0.9328003,0.20259161,10.995848,94719,1059890,7583,113289.64086675644,-1533.6736,-0.18452626,3.182602,36.75784612683862
60884,691.15906,647200,0.99747443,0.9246216,0.2058926,6.5694084,94798,1060680,7590,113299.73059391975,-1528.6647,-0.18306848,2.2650414,44.5400077884941
60935,689.30756,647710,0.99752283,0.9364624,0.19143003,3.8472347,94885,1061550,7598,113310.86611151695,-1529.2278,-0.18348442,3.243443,43.07846032498758
60987,702.7136,648230,0.99744177,0.93621826,0.20322789,4.394289,94980,1062500,7606,113322.04823994637,-1565.4307,-0.15479094,3.6360126,41.25138955331291
61039,685.16254,648750,0.9975147,0.9354248,0.18770501,7.670433,95071,1063410,7614,113333.42130851746,-1528.1268,-0.1693073,2.3068569,45.69468035396784
61083,735.1986,649190,0.99752235,0.93151855,0.18766528,5.756031,95153,1064230,7621,113343.60680174828,-1601.951,-0.19021563,1.8684491,44.83165565285241
61128,705.8134,649640,0.9974892,0.928772,0.20278975,8.43651,95241,1065110,7628,113353.64833474159,-1545.7206,-0.17832081,2.7197545,41.397300678816805
61171,712.611,650070,0.99747515,0.932251,0.20474093,4.5922203,95319,1065890,7635,113363.96568512917,-1562.5381,-0.16572554,3.3622947,44.08182832001611
61223,724.8121,650590,0.99750423,0.9336548,0.19206594,10.811065,95419,1066890,7643,113375.34276294708,-1606.8647,-0.1713317,2.5504909,44.52445668760566
61267,721.92126,651030,0.99745226,0.9291992,0.20904484,9.375328,95493,1067630,7650,113385.44241070747,-1587.9504,-0.17445147,3.6341882,43.730475349712066
61319,720.2893,651550,0.99749756,0.93548584,0.18230012,11.2914715,95586,1068560,7658,113396.76280546188,-1576.7893,-0.17472069,2.3501685,45.072841793057684
61364,719.3331,652000,0.9975209,0.93499756,0.19195831,5.7965193,95668,1069380,7665,113406.88738155365,-1601.1605,-0.15530422,3.4217875,43.68170850378991
61409,740.63574,652450,0.9975643,0.93188477,0.18850553,10.029482,95755,1070250,7672,113417.52721452713,-1599.8074,-0.15182349,2.340077,45.24030162734027
61455,741.22534,652910,0.99740934,0.9326172,0.21722724,8.178717,95835,1071050,7679,113427.60631346703,-1603.1335,-0.17681368,5.333994,45.82474690890257
61505,712.3769,653410,0.9974909,0.9345093,0.1905281,11.002138,95929,1071990,7687,113438.80812358856,-1558.3529,-0.16397704,3.1667345,47.075811332302735
61556,731.6688,653920,0.9975283,0.93084717,0.18680046,5.9229712,96024,1072940,7695,113449.94447541237,-1601.6206,-0.15695539,2.7506056,45.95566617241747
61601,733.39355,654370,0.99753547,0.94091797,0.18551841,4.80416,96106,1073760,7702,113460.11862659454,-1591.2034,-0.1476238,3.665161,44.285668846342425
61652,713.6897,654880,0.9975314,0.93536377,0.18911007,6.920844,96199,1074690,7710,113471.12683558464,-1545.532,-0.14423843,3.3658118,46.13854792773499
61703,718.1799,655390,0.9974687,0.93518066,0.19636118,8.041536,96293,1075630,7718,113482.2740457058,-1571.133,-0.17071104,3.5641823,45.504252576948225
61755,692.5342,655910,0.9975157,0.9364624,0.18617517,7.0408816,96385,1076550,7726,113493.63053107262,-1516.5082,-0.12841839,3.6157167,44.96762574321215
61807,723.0101,656430,0.9975395,0.93310547,0.18468526,7.328109,96478,1077480,7734,113504.85260748863,-1587.853,-0.15107958,2.5965056,45.18616395226386
61858,700.1014,656940,0.99758387,0.93670654,0.17397465,4.1984377,96569,1078390,7742,113516.25571966171,-1549.3145,-0.14732796,2.4186702,43.91012437977371
61902,740.9182,657380,0.9975133,0.93603516,0.17990571,2.0293922,96654,1079240,7749,113526.4290907383,-1624.1348,-0.14250009,3.3778834,46.19407899039001
61955,720.69214,657910,0.99751496,0.9317627,0.19596568,2.5363414,96747,1080170,7757,113537.57055258751,-1576.9321,-0.15530008,3.8921962,45.50284100925667
61998,685.9413,658340,0.997494,0.9352417,0.18776843,5.0907755,96831,1081010,7764,113548.02423667908,-1522.7303,-0.16193941,2.9818058,46.91498777819762
62044,729.37866,658800,0.9973891,0.9335327,0.24785778,4.364911,96913,1081830,7771,113558.06640219688,-1571.637,-0.12768196,9.265371,46.257195671215435
62094,700.20215,659300,0.9975302,0.9343262,0.18045373,3.7372255,97007,1082770,7779,113569.12460637093,-1533.3577,-0.15960729,2.424048,45.938560670080456
62145,726.839,659810,0.9973619,0.9265137,0.22898842,3.451644,97103,1083730,7787,113580.16008424759,-1587.2163,-0.1472905,5.9470243,43.81344271536955
62197,727.195,660330,0.9975219,0.9331665,0.18004747,6.967789,97194,1084640,7795,113591.36786055565,-1583.3788,-0.17282403,2.186641,44.292647286187915
62247,691.87744,660830,0.9975107,0.93481445,0.18182583,7.465903,97291,1085610,7803,113602.60033774376,-1529.1241,-0.15593079,2.8078077,46.003637303404986
62300,717.74304,661360,0.99753404,0.9349365,0.1786646,4.1334906,97381,1086510,7811,113613.73609757423,-1574.0085,-0.168665,2.3405488,44.07256433145218
62350,714.50085,661860,0.99751854,0.9312134,0.18414322,2.6103773,97475,1087450,7819,113624.84737467766,-1561.6466,-0.1746459,2.2862082,47.07942762204703
62402,698.89655,662380,0.9975636,0.9378052,0.17919499,-1.4128581,97568,1088380,7827,113635.89593935013,-1526.325,-0.14801438,2.835104,47.71593782673723
62452,729.5778,662880,0.99753904,0.9334717,0.19268255,-4.497367,97668,1089380,7835,113646.99643945694,-1578.7812,-0.1722063,3.724027,47.057432987952154
62504,691.0411,663400,0.99751806,0.93927,0.1885597,-7.0955467,97755,1090250,7843,113657.95277953148,-1527.899,-0.15864891,3.9777677,48.83012471683997
62549,703.2831,663850,0.9975374,0.93341064,0.18437485,-7.6696043,97845,1091150,7850,113668.33976984024,-1511.9277,-0.16457736,2.5985038,46.95220987314433
62600,690.20264,664360,0.9975405,0.93566895,0.18935612,-9.427394,97937,1092070,7858,113679.29318785667,-1526.9497,-0.15058479,4.0118704,46.350670062043676
62652,686.20776,664880,0.997509,0.9334717,0.19184572,-13.003767,98030,1093000,7866,113690.52722835541,-1544.4021,-0.15988192,4.1096764,46.42704367457142
62702,673.3706,665380,0.9975867,0.93481445,0.17441627,-12.5842,98120,1093900,7874,113702.04719138145,-1531.364,-0.14723878,2.635988,41.49776893928151
62753,667.9556,665890,0.99752903,0.94018555,0.17703822,-13.942888,98217,1094870,7882,113713.45806741714,-1496.8392,-0.15243858,3.9138455,45.14994917937687
62805,664.60925,666410,0.9975264,0.93566895,0.17414974,-16.698479,98310,1095800,7890,113724.50786089897,-1492.823,-0.16189447,2.5754986,46.24680368085582
62855,672.8607,666910,0.99757075,0.93914795,0.16724187,-14.119442,98397,1096670,7898,113735.74011540413,-1494.3148,-0.14939138,2.4938016,43.78832803696134
62907,669.57697,667430,0.9976156,0.94317627,0.1609708,-13.534754,98491,1097610,7906,113746.97951388359,-1481.513,-0.119592376,2.9868135,44.883258080761806
62952,664.9397,667880,0.99755764,0.9336548,0.17532536,-14.476925,98581,1098510,7913,113757.11332321167,-1455.4829,-0.14977288,2.9745822,44.941381510470514
62996,677.96875,668320,0.99757385,0.9395752,0.16145252,-11.721243,98657,1099270,7920,113767.2845518589,-1500.1886,-0.1531046,2.438716,44.90746603443165
63049,650.1524,668850,0.9976108,0.93188477,0.16904211,-10.184672,98749,1100190,7928,113778.66648197174,-1457.2576,-0.1364097,2.7260108,45.08532513663634
63093,658.5929,669290,0.997607,0.93499756,0.1548464,-12.438026,98827,1100970,7935,113788.9199476242,-1455.6333,-0.1251693,2.1141768,38.77260415800031
63137,650.1957,669730,0.99763227,0.9387207,0.15234965,-12.343495,98915,1101850,7942,113799.49050712585,-1426.2368,-0.12396322,2.2948122,40.54886852784149
63182,633.1832,670180,0.9976039,0.9376831,0.16808774,-9.93929,98989,1102590,7949,113809.61848592758,-1404.1003,-0.1263057,3.6280112,43.96712139219127
63227,659.82263,670630,0.9976213,0.9417114,0.14235055,-9.547846,99070,1103400,7956,113820.01538944244,-1454.5367,-0.13067237,1.6922058,38.36832327131655
63273,630.7333,671090,0.99764585,0.9417114,0.15374923,-11.253577,99153,1104230,7963,113830.26999521255,-1404.8953,-0.12016176,2.8878431,44.00073434147928
63316,662.56604,671520,0.99762034,0.94348145,0.15640464,-10.040043,99238,1105080,7970,113840.48191380501,-1450.228,-0.11909285,3.7445445,42.988328064595684
63362,656.67444,671980,0.99763346,0.9476929,0.15503791,-7.8608017,99316,1105860,7977,113850.63529539108,-1427.9889,-0.12632847,3.9251833,45.24495304770639
63407,653.84595,672430,0.9975772,0.9402466,0.16487682,-9.258434,99398,1106680,7984,113860.70964241028,-1442.4181,-0.13668075,3.9021087,45.079972122626856
63459,625.3348,672950,0.997591,0.9413452,0.15507448,-9.080259,99490,1107600,7992,113872.03524136543,-1378.4346,-0.1563982,2.587393,47.78160921586211
63502,642.4545,673380,0.99762845,0.942749,0.14450201,-9.205456,99575,1108450,7999,113882.2100827694,-1388.6354,-0.12969896,1.8674085,45.7777568587646
63554,630.22986,673900,0.99765587,0.9467163,0.15150581,-9.296909,99667,1109370,8007,113893.47641015053,-1364.5616,-0.13877934,3.4582572,48.09411154281799
63605,617.8999,674410,0.99762845,0.9463501,0.14446884,-8.5554905,99766,1110360,8015,113904.81021881104,-1331.9478,-0.1199384,2.763451,45.944622818624694
63654,634.0798,674900,0.9976673,0.9460449,0.14454293,-9.696471,99856,1111260,8023,113916.2482278347,-1375.3702,-0.11877917,2.6604998,36.58728465386581
63702,622.2417,675380,0.99763083,0.93621826,0.15388319,-10.983574,99939,1112090,8030,113926.34297037125,-1353.5168,-0.13162582,2.0526328,46.770207758438346
63729,625.6303,675650,0.997627,0.9406128,0.14759892,-8.478634,99989,1112590,8034,113939.22382283211,-1369.8176,-0.118509375,1.9833627,18.73949269734516
63747,647.65857,675830,0.9976356,0.94641113,0.14320423,-9.796424,100027,1112970,8037,113950.37971615791,-1401.4014,-0.11218715,2.5533028,18.37689986501198
63766,642.8478,676020,0.99764204,0.9440918,0.15873557,-10.132506,100064,1113340,8040,113960.5228536129,-1379.3055,-0.11827038,3.5622306,19.218834375576346
63792,629.5443,676280,0.99763083,0.9414673,0.15316737,-13.774983,100114,1113840,8044,113973.29815506935,-1364.029,-0.12717353,2.6578975,20.090650152796755
63818,620.2765,676540,0.99760675,0.9406738,0.15203953,-13.26701,100159,1114290,8048,113986.23235797882,-1337.7174,-0.1386323,1.9539546,20.803031695633877
63848,641.723,676840,0.99763227,0.94177246,0.15194389,-12.066719,100219,1114890,8053,113997.53595519066,-1389.8986,-0.13625194,2.5278187,34.137648114805366
63880,626.087,677160,0.9976256,0.94177246,0.14352292,-13.014736,100274,1115440,8058,114007.53189301491,-1336.4996,-0.13285618,1.8083491,31.873563682425452
63912,627.45496,677480,0.99760103,0.9387207,0.15636581,-11.891736,100329,1115990,8063,114017.95283031464,-1359.189,-0.13598907,2.5560737,32.73684564835516
63944,645.2023,677800,0.99760866,0.94226074,0.15473965,-12.92933,100389,1116590,8068,114028.08449673653,-1386.113,-0.13217615,2.5104928,32.136216575237
63976,625.78705,678120,0.99765253,0.94311523,0.1477646,-13.3574505,100443,1117130,8074,114038.68439412117,-1352.0461,-0.12892528,2.0987217,66.2494267491401
64053,642.5591,678890,0.997586,0.9367676,0.1665554,-14.900928,100586,1118560,8085,114049.04891705513,-1387.1721,-0.14450037,2.5314684,43.37131850943226
64097,609.8302,679330,0.9976461,0.94403076,0.15205958,-14.438461,100667,1119370,8092,114059.33182096481,-1319.331,-0.13284872,2.50132,41.733868546660744
64143,623.9658,679790,0.9975724,0.93634033,0.16564155,-15.472195,100748,1120180,8099,114069.55623841286,-1345.4958,-0.13783497,2.125196,43.61974198853102
64187,629.19714,680230,0.99763393,0.9373779,0.16216272,-15.35969,100833,1121030,8106,114080.13227629662,-1341.6743,-0.14172328,2.3445625,42.19479126632887
64232,641.08777,680680,0.9975953,0.9406128,0.16259104,-14.79243,100903,1121730,8113,114090.26017665863,-1384.3894,-0.14142597,2.2290828,42.416105499128484
64276,650.4039,681120,0.99764013,0.944397,0.1518553,-17.744076,100993,1122630,8120,114100.46185040474,-1379.1274,-0.13315147,2.320351,43.733603042570444
64322,651.61694,681580,0.9975846,0.9347534,0.16796196,-16.716537,101072,1123420,8127,114110.82748246193,-1384.6685,-0.14870399,2.2511575,39.33380154498121
64366,627.73035,682020,0.99757624,0.94189453,0.16750443,-18.8761,101152,1124220,8134,114122.22545695305,-1345.7312,-0.1418157,2.9112132,35.54400313233189
64412,632.1386,682480,0.9975898,0.9314575,0.17808825,-15.988019,101242,1125120,8141,114132.5111272335,-1372.7148,-0.1396671,2.2243595,57.03452746527547
64474,628.795,683100,0.9975486,0.9432373,0.17306818,-18.032152,101356,1126260,8151,114142.90020179749,-1343.4749,-0.14994907,3.4600363,63.801884711626954
64540,632.9472,683760,0.99758744,0.9371948,0.17172998,-18.739014,101467,1127370,8161,114153.18631601334,-1371.617,-0.14446533,2.848487,62.48484488742924
64600,634.5303,684360,0.99754167,0.9380493,0.16998103,-20.148336,101583,1128530,8171,114163.3882009983,-1375.0076,-0.1552471,2.534665,63.85025050301596
64661,634.98914,684970,0.99761105,0.9421997,0.15668046,-19.290407,101684,1129540,8181,114173.54121398926,-1372.843,-0.13694224,1.9488316,64.22255775378974
64731,643.0411,685670,0.99763227,0.9415283,0.15634371,-18.37543,101808,1130780,8191,114183.77968788147,-1404.7678,-0.12570621,2.6397672,62.66347041141165
64790,618.91095,686260,0.9976003,0.93414307,0.16288464,-18.103176,101911,1131810,8200,114194.78275227547,-1355.5669,-0.14151576,2.3611193,58.36701698921201
64852,628.25574,686880,0.9975929,0.9398804,0.18244696,-17.54126,102023,1132930,8210,114205.87379980087,-1372.9855,-0.11596988,4.6422787,49.5872473421033
64903,650.46387,687390,0.9976003,0.9420166,0.15785751,-18.39455,102120,1133900,8218,114216.3391149044,-1416.2123,-0.13545957,2.5568063,50.71771121778982
64961,620.3909,687970,0.99763155,0.9430542,0.1479755,-17.865862,102223,1134930,8227,114226.87755727768,-1363.5436,-0.1293831,2.1402695,53.790120797375295
65012,640.31525,688480,0.9976125,0.93927,0.1526551,-17.303799,102317,1135870,8235,114237.97696471214,-1397.8984,-0.12238996,1.8983921,44.40943599028482
65064,618.1221,689000,0.9975686,0.93530273,0.17445455,-21.139269,102413,1136830,8243,114248.53939557076,-1341.2134,-0.15565175,3.676,42.309746506045364
65109,638.8491,689450,0.9976213,0.94000244,0.15298104,-20.269978,102491,1137610,8250,114258.96652126312,-1395.7495,-0.12469663,2.1685352,43.795050573012894
65153,628.0896,689890,0.99767494,0.94451904,0.13972664,-20.020733,102571,1138410,8257,114269.00092983246,-1367.7781,-0.12044314,1.8900003,46.26572633025263
65205,613.3888,690410,0.9975939,0.94140625,0.1635551,-18.922604,102663,1139330,8265,114280.40583467484,-1353.9363,-0.13794376,3.2627363,43.70691448448609
65256,608.10864,690920,0.99767804,0.9492798,0.14697275,-19.307682,102755,1140250,8273,114290.65491080284,-1325.2294,-0.11565426,3.0460541,43.06388527396821
65300,600.1094,691360,0.99764013,0.94677734,0.14419821,-19.435852,102833,1141030,8280,114300.81844091415,-1310.0327,-0.11332242,2.669321,44.834770617929934
65351,615.2147,691870,0.9976444,0.9421997,0.15113066,-17.08898,102926,1141960,8288,114312.15665102005,-1354.7731,-0.13269651,2.042882,43.89152899098953
65403,632.5442,692390,0.99760413,0.94470215,0.15609086,-15.286039,103028,1142980,8296,114323.5734462738,-1380.2806,-0.12999979,3.2256956,40.5031406911965
65453,603.27576,692890,0.9975767,0.9400635,0.16599886,-19.067009,103109,1143790,8304,114334.8776113987,-1334.6917,-0.13592748,2.518041,46.70270210082206
65500,601.53265,693360,0.9975879,0.9411011,0.15296489,-18.00227,103189,1144590,8311,114344.95286297798,-1312.966,-0.11583696,2.5084171,44.26377594010999
65550,630.0825,693860,0.9975507,0.935791,0.16850004,-21.907326,103283,1145530,8319,114356.14341545105,-1366.134,-0.15084575,2.243732,45.26081319094134
65595,630.5093,694310,0.99757624,0.9425049,0.16064921,-22.051966,103365,1146350,8326,114366.20261240005,-1357.4254,-0.14865223,2.0239978,44.380610351187116
65647,639.1748,694830,0.9975743,0.9381714,0.16832945,-19.111382,103462,1147320,8334,114377.43845391273,-1371.2853,-0.12926683,2.6833766,46.10911369514015
65692,641.845,695280,0.99743366,0.9319458,0.20753312,-19.025558,103534,1148040,8341,114387.51703286171,-1358.8412,-0.15367022,5.847035,45.33789174559074
65742,641.2014,695780,0.99758697,0.93566895,0.17048348,-18.628778,103634,1149040,8349,114398.62977409363,-1385.7905,-0.14810893,2.4641862,45.425347109407156
65787,645.72546,696230,0.99743843,0.9349365,0.20299834,-14.434116,103718,1149880,8356,114408.94486284256,-1395.22,-0.17419642,5.1178784,43.595535588276036
65831,642.9572,696670,0.99757767,0.93859863,0.16809227,-13.112486,103790,1150600,8363,114419.14364409447,-1381.1985,-0.14429714,2.9432864,43.70610322981913
65883,644.90173,697190,0.99760056,0.93927,0.16062139,-14.5406,103885,1151550,8371,114430.10009384155,-1376.9076,-0.14389777,2.103926,46.87476312512093
65933,657.99023,697690,0.99755883,0.9404907,0.16702819,-11.286047,103980,1152500,8379,114440.50646877289,-1429.2693,-0.13757312,2.4978065,47.883513586311835
65985,642.50305,698210,0.9976094,0.9449463,0.15982291,-17.298584,104074,1153440,8387,114450.70070958138,-1382.4271,-0.13612396,2.737802,50.89621747333658
66043,668.1097,698790,0.99759626,0.94281006,0.1647417,-17.871336,104181,1154510,8396,114461.8038482666,-1421.4014,-0.14093237,2.540686,52.28874378276624
66093,648.9311,699290,0.99758077,0.9382324,0.17181319,-18.32328,104272,1155420,8404,114471.98335909843,-1398.5715,-0.15856516,2.7897396,49.77220837783315
66152,653.8507,699880,0.997612,0.9411011,0.15564394,-18.034233,104376,1156460,8413,114483.16264486313,-1403.2266,-0.12653065,2.053394,53.331021303167276
66209,650.99744,700450,0.99760985,0.939209,0.16107804,-19.322266,104480,1157500,8422,114494.34352445602,-1397.0056,-0.13807417,1.9090483,51.41134734522469
66261,645.6798,700970,0.99756384,0.93933105,0.16366233,-18.725437,104574,1158440,8430,114504.7459101677,-1393.634,-0.14963602,2.1944935,50.559015050621085
66305,657.23254,701410,0.997592,0.9351196,0.17251757,-15.001787,104660,1159300,8437,114514.75420093536,-1401.3889,-0.1480613,2.2741761,43.17842187627928
66357,658.07227,701930,0.9975562,0.93408203,0.17115112,-16.74445,104746,1160160,8445,114526.03143596649,-1413.7864,-0.15617564,1.9592794,45.857610426820905
66408,661.69916,702440,0.9975953,0.9364624,0.17498711,-15.701677,104839,1161090,8453,114536.51343178749,-1413.8907,-0.13178228,2.7154694,58.68837354107381
66459,656.88855,702950,0.9975164,0.9403076,0.19424242,-15.59934,104934,1162040,8461,114547.8505244255,-1407.258,-0.124415085,6.10314,44.07324452313679
66518,655.71533,703540,0.9975767,0.9338989,0.16814503,-18.443699,105032,1163020,8470,114558.07464432716,-1394.769,-0.13255793,2.001295,59.51642771227918
66568,665.45886,704040,0.99759936,0.94036865,0.15605402,-21.049965,105132,1164020,8478,114569.24749946594,-1424.1804,-0.1430608,2.1013317,42.227036615160365
66613,659.7499,704490,0.99762106,0.9458008,0.15547179,-18.027668,105208,1164780,8485,114579.29034137726,-1430.1389,-0.13668016,2.9952877,47.091907261546254
66663,667.6871,704990,0.9976182,0.94177246,0.15342268,-20.936422,105298,1165680,8493,114590.54725432396,-1427.344,-0.13770042,2.1874487,47.26255087227856
66713,637.4686,705490,0.99756026,0.93377686,0.1699977,-20.701595,105393,1166630,8501,114601.67104887962,-1368.0537,-0.15091199,2.3152997,43.7714914665834
66761,646.63934,705970,0.99762416,0.9415283,0.15058985,-20.665081,105476,1167460,8508,114611.67873501778,-1380.4519,-0.13406904,2.1689854,45.86763228859848
66810,651.31305,706460,0.9976053,0.9403076,0.16294989,-18.994514,105562,1168320,8516,114622.92244029045,-1393.3191,-0.1283943,3.2500381,44.61467848433839
66861,670.15436,706970,0.99763894,0.9442749,0.1455512,-19.161772,105653,1169230,8524,114634.43934702873,-1429.1477,-0.13226171,2.4410105,38.808843835709915
66907,663.242,707430,0.99763894,0.93896484,0.15353745,-21.409431,105731,1170010,8531,114644.60300397873,-1411.6655,-0.12151055,2.052474,44.522115728610856
66953,657.1699,707890,0.9975796,0.9401245,0.16097936,-19.033161,105817,1170870,8538,114654.73077106476,-1392.638,-0.14601341,2.5661635,45.705121379254216
66996,637.46313,708320,0.99759984,0.9417114,0.15533213,-19.127922,105890,1171600,8545,114665.00064134598,-1361.1572,-0.13273415,2.249315,44.399416929391926
67049,645.2899,708850,0.99756813,0.93652344,0.1652359,-16.219322,105983,1172530,8553,114675.54853224754,-1372.6536,-0.14362845,2.579676,56.608986691686056
67105,668.9242,709410,0.997571,0.9385376,0.17725207,-18.50851,106087,1173570,8562,114686.91541266441,-1402.777,-0.13202265,4.0881567,44.216478609479886
67149,664.8609,709850,0.9975555,0.9380493,0.16638845,-13.271725,106165,1174350,8569,114697.08079218864,-1405.9153,-0.13544053,2.7523954,44.13206634258105
67195,646.1223,710310,0.9976506,0.9454956,0.14337304,-13.763377,106248,1175180,8576,114707.29206633568,-1369.947,-0.12416269,1.6255611,44.962240391595515
67241,648.7843,710770,0.99759746,0.93878174,0.16614084,-13.863282,106331,1176010,8583,114717.45219540596,-1369.1791,-0.13283569,2.9849005,48.454280832364915
67291,666.60443,711270,0.9976013,0.93829346,0.16239263,-9.527172,106432,1177020,8591,114727.58367061615,-1415.3002,-0.13290936,2.56209,44.42610526371537
67337,643.44824,711730,0.99758935,0.94189453,0.16728966,-2.5440135,106512,1177820,8598,114737.62604951859,-1378.2041,-0.13749048,2.9551163,38.266322087172114
67381,632.7584,712170,0.9976151,0.93951416,0.16737266,5.0294585,106593,1178630,8605,114748.10008716583,-1349.2644,-0.12744288,2.8584933,40.25520830443434
67425,658.63086,712610,0.997596,0.94763184,0.16991429,-4.272842,106672,1179420,8612,114758.58184742928,-1407.9669,-0.13276699,4.1345773,43.77574579761871
67470,635.2482,713060,0.99760795,0.9394531,0.17369056,-1.0887259,106756,1180260,8619,114769.16092061996,-1370.4313,-0.13991454,2.4975672,43.756629215461196
67514,654.8297,713500,0.99760413,0.9411621,0.15855874,-2.9685578,106836,1181060,8626,114779.48679256439,-1395.7329,-0.145671,2.0281396,52.85177939698651
67573,645.07196,714090,0.99758005,0.93914795,0.16577616,-9.526767,106934,1182040,8635,114790.68042731285,-1386.6233,-0.14700454,2.6107988,49.77984156746475
67624,651.5744,714600,0.9975972,0.94262695,0.15474623,-8.321734,107027,1182970,8643,114801.01175236702,-1397.9626,-0.13878082,1.6379156,48.59291162163938
67675,651.923,715110,0.997571,0.9395752,0.1665029,-12.573233,107119,1183890,8651,114811.15149331093,-1397.4211,-0.14625049,2.0007935,50.34548986311924
67734,647.51807,715700,0.9976306,0.9425659,0.15021884,-11.642817,107221,1184910,8660,114822.2552189827,-1390.2844,-0.13784012,1.6715474,51.08327453062498
67790,635.3152,716260,0.9976039,0.9454956,0.15668139,-14.2057,107329,1185990,8669,114833.52062320709,-1376.8447,-0.14400415,2.0710807,49.5379692336765
67848,649.8967,716840,0.99758244,0.9388428,0.15908475,-14.3342285,107431,1187010,8678,114844.6566081047,-1409.7852,-0.15088609,2.0503442,49.158420838659346
67906,633.5397,717420,0.9975476,0.9351196,0.18700218,-18.442259,107532,1188020,8687,114855.75883197784,-1369.1755,-0.12667514,3.6256065,54.77058481708551
67963,640.34973,717990,0.9975033,0.93847656,0.20827183,-19.359459,107635,1189050,8696,114865.97176718712,-1386.352,-0.13857684,6.223502,61.404030445422364
68026,636.54126,718620,0.99761105,0.9421387,0.15755048,-19.887379,107746,1190160,8706,114877.01494526863,-1392.2922,-0.12845282,2.2116437,55.34286105416287
68085,633.51654,719210,0.9975023,0.94329834,0.18933053,-21.028048,107845,1191150,8715,114887.14820742607,-1379.4365,-0.13486439,5.0564337,57.154640369352464
68142,625.707,719780,0.99756837,0.9401245,0.15912321,-18.44769,107946,1192160,8724,114898.35301113129,-1360.6599,-0.13664669,2.0343118,42.84969262918218
68186,632.90564,720220,0.99756503,0.9390259,0.16244242,-15.982293,108027,1192970,8731,114908.42691850662,-1370.3146,-0.14105284,2.415823,45.0028015740853
68239,638.687,720750,0.9976318,0.94610596,0.14377305,-15.842707,108118,1193880,8739,114919.7256743908,-1378.0471,-0.120053954,1.8757607,44.213383422039406
68289,645.9487,721250,0.9976275,0.9446411,0.14883202,-19.886467,108216,1194860,8747,114930.52741241455,-1385.542,-0.13586155,2.0688052,50.93821066164436
68341,624.8002,721770,0.9975815,0.93725586,0.16029513,-14.014116,108305,1195750,8755,114940.93555831909,-1341.627,-0.13639359,2.2262962,52.39162445866049
68398,630.4596,722340,0.9976387,0.94854736,0.13564122,-17.56292,108407,1196770,8764,114952.03977560997,-1375.0635,-0.11275906,1.5519211,51.746963014483185
68457,630.6052,722930,0.99764895,0.9448242,0.1437682,-15.487764,108511,1197810,8773,114963.27769374847,-1376.0063,-0.12745373,1.6638687,51.60731635105258
68509,615.0548,723450,0.9976089,0.93811035,0.16464385,-15.296436,108606,1198760,8781,147950.82588768005,-1339.218,-0.13455512,3.0142345,0.001940668623634633
68613,638.71326,724490,0.99763775,0.9468384,0.14689696,-15.148445,108833,1201030,8798,147960.90784716606,-1378.6763,-0.12397037,2.6029906,85.59618477660561
68654,649.0944,724900,0.9976361,0.94122314,0.15719774,-14.570386,108917,1201870,8804,147972.0479876995,-1377.5023,-0.13508089,2.6090508,38.736018454611035
68700,636.0854,725360,0.9975829,0.94311523,0.14499858,-16.3339,108999,1202690,8811,147982.4990439415,-1365.5276,-0.13869995,1.8193339,47.46624153094128
68749,636.3701,725850,0.99770045,0.9492798,0.13058355,-14.40662,109090,1203600,8819,147993.22889637947,-1358.6829,-0.10410856,1.7714436,47.18150687038277
68802,649.2654,726380,0.9976437,0.9403076,0.14910632,-15.869945,109178,1204480,8827,148003.93403434753,-1385.838,-0.13579272,1.8545527,44.335984717667124
68859,637.81433,726950,0.997622,0.93963623,0.14802466,-14.013194,109280,1205500,8836,148015.003125906,-1376.9016,-0.1342817,1.8750802,45.997118191667845
68910,633.58344,727460,0.9976158,0.9436035,0.14296693,-12.564161,109373,1206430,8844,148025.09616708755,-1371.1997,-0.13218114,1.7636564,51.1970509511209
68961,642.6659,727970,0.9976015,0.9411011,0.15329972,-11.169535,109475,1207450,8852,148035.27004480362,-1386.2556,-0.13008644,2.3227897,44.651866406087684
69006,625.3842,728420,0.99765587,0.9465332,0.13920352,-11.2085495,109548,1208180,8859,148045.38712716103,-1341.332,-0.12698086,1.7390891,44.57637544956577
69057,633.22034,728930,0.9975848,0.94177246,0.15889892,-11.149483,109640,1209100,8867,148056.73079371452,-1356.0837,-0.1337017,2.85049,43.76583933960789
69115,643.60754,729510,0.9976425,0.94384766,0.1542058,-10.613852,109748,1210180,8876,148067.91044521332,-1371.3809,-0.11844878,2.827547,49.93655620934122
69175,639.4431,730110,0.99760747,0.94384766,0.15244812,-11.441233,109853,1211230,8885,148078.42362976074,-1367.3289,-0.1298501,2.2363214,55.70861188283727
69223,644.5655,730590,0.99756694,0.9378052,0.15900081,-11.877907,109950,1212200,8893,148089.14664125443,-1379.715,-0.1377703,2.0905743,36.60223115946525
69269,648.4441,731050,0.99761486,0.94873047,0.14508432,-10.481604,110045,1213150,8900,148100.62171697617,-1381.1063,-0.12291649,2.123571,39.48005226444965
69313,620.4922,731490,0.997591,0.9423828,0.15426962,-12.783243,110119,1213890,8907,148112.02096486092,-1344.7451,-0.13518384,1.9621572,39.23625348533863
69358,649.0471,731940,0.99757767,0.9401245,0.15904638,-10.214298,110203,1214730,8914,148123.5378358364,-1392.0753,-0.1433182,1.997619,38.09231739423931
69397,651.7632,732330,0.99758196,0.9367676,0.1644527,-9.402485,110275,1215450,8920,148133.6199376583,-1380.3345,-0.13993725,2.0599337,38.99315879565984
69447,645.3878,732830,0.99759746,0.94226074,0.15845123,-7.7625217,110369,1216390,8928,148144.73511362076,-1394.0967,-0.1329484,2.4692822,50.40458343222643
69493,648.9558,733290,0.9976599,0.9482422,0.14290246,-8.022629,110454,1217240,8935,148155.23972702026,-1385.8333,-0.10315879,2.0214741,37.37271336422904
69538,639.07214,733740,0.9976287,0.94592285,0.1458846,-7.362977,110545,1218150,8942,148165.58678984642,-1368.7917,-0.12418943,2.2085762,43.751822371504964
69582,644.4787,734180,0.9975958,0.9417114,0.15647794,-9.387194,110640,1219100,8949,148176.35116505623,-1374.4974,-0.14194953,2.4289284,35.22678393729096
69627,657.5995,734630,0.9975972,0.9345093,0.16792044,-5.919976,110716,1219860,8956,148186.66439056396,-1394.89,-0.14468914,2.2173223,41.57357434561631
69666,633.27893,735020,0.9976375,0.94366455,0.14939362,-6.3388777,110798,1220680,8962,148197.12295484543,-1356.1353,-0.12937772,1.7017939,34.35427686248151
69698,643.125,735340,0.99763393,0.942749,0.14955565,-9.649761,110893,1221630,8967,148208.63823604584,-1367.6204,-0.13483143,1.7794569,25.90365479891084
69730,623.3418,735660,0.99762416,0.95025635,0.14916755,-11.208,110967,1222370,8972,148218.72965478897,-1339.2356,-0.12809739,3.1190586,45.474550998122645
69775,647.1399,736110,0.9976487,0.94451904,0.14758292,-9.163246,111065,1223350,8979,148229.2892959118,-1375.6887,-0.12634163,1.8615797,43.96809360101408
69819,636.0378,736550,0.9976165,0.944458,0.16990706,-7.1979795,111145,1224150,8986,148239.96261835098,-1365.9664,-0.10968317,3.8121624,43.06517721049272
69857,649.081,736930,0.9975438,0.9352417,0.17327502,-10.765024,111251,1225210,8992,148252.47420597076,-1376.6418,-0.14606291,2.7331743,22.891160173550745
69896,645.61694,737320,0.9976218,0.9399414,0.15710449,-6.0182257,111333,1226030,8998,148262.7157073021,-1358.6924,-0.121103935,2.4473572,38.3957304552354
69929,658.3904,737650,0.9975879,0.9385376,0.16812994,-4.9565,111412,1226820,9003,148273.30711126328,-1408.5078,-0.13463059,2.9020004,21.12778140136609
69960,648.2346,737960,0.997627,0.93634033,0.1577824,-8.514689,111479,1227490,9008,148283.4927792549,-1382.3931,-0.13168378,2.1098337,36.906182275136096
69998,657.1842,738340,0.99761915,0.94085693,0.1509828,-10.1091,111551,1228210,9014,148293.79748129845,-1414.9819,-0.11659692,2.3682616,38.71875391697944
70037,653.89636,738730,0.99761295,0.94177246,0.14734946,-12.156788,111628,1228980,9020,148304.28011870384,-1397.1824,-0.13701728,2.1031928,37.46598896239199
70075,644.6396,739110,0.9976697,0.9463501,0.13214642,-12.779577,111707,1229770,9026,148315.28495287895,-1392.8984,-0.1184751,1.6076081,43.29814334534628
70106,661.8699,739420,0.9976182,0.94384766,0.16924167,-13.867361,111787,1230570,9031,148325.4156882763,-1406.6805,-0.117636725,4.66735,43.19368618750535
70146,661.4083,739820,0.99762416,0.94470215,0.14124973,-13.986412,111874,1231440,9037,148335.65598487854,-1398.4717,-0.1282726,1.8542619,40.468061364030724
70197,657.65625,740330,0.99768066,0.947937,0.14498085,-16.50351,111977,1232470,9045,148346.2605690956,-1406.0457,-0.115365684,3.4877868,48.86769108994236
70248,640.3613,740840,0.9976368,0.9467163,0.13617511,-15.546299,112065,1233350,9053,148357.52825832367,-1363.1205,-0.11568037,2.0472999,46.49459978702605
70300,644.3674,741360,0.9976013,0.9373779,0.15807638,-17.08994,112155,1234250,9061,148368.87743210793,-1378.939,-0.1257959,2.4892998,41.08662147429142
70344,652.3441,741800,0.99765086,0.946167,0.15369664,-19.29993,112243,1235130,9068,148379.82688689232,-1389.9454,-0.11291361,3.472032,51.524287114372264
70389,625.4999,742250,0.9976835,0.9423828,0.14258648,-19.675228,112325,1235950,9075,148390.41350483894,-1340.291,-0.117357574,2.0713797,46.926707681904816
70441,615.7329,742770,0.99765444,0.9470825,0.14304234,-18.534843,112415,1236850,9083,148401.65968990326,-1320.0068,-0.12427055,2.187307,46.9709006110485
70491,623.3263,743270,0.99757266,0.94122314,0.17498237,-17.316883,112507,1237770,9091,148412.89481139183,-1346.535,-0.118822575,4.9130187,46.790939584037474
70541,627.5951,743770,0.997679,0.94592285,0.1362747,-17.152012,112598,1238680,9099,148423.798017025,-1337.6622,-0.12212023,1.905699,45.98818205008589
70593,597.6865,744290,0.9976547,0.93670654,0.15735613,-18.821209,112688,1239580,9107,148434.7424390316,-1288.4686,-0.12832712,2.379262,46.78793016899994
70646,615.2489,744820,0.9976268,0.9416504,0.14616548,-14.92119,112786,1240560,9115,148445.79750037193,-1328.8702,-0.12531534,2.1973653,47.37365197495034
70697,618.9264,745330,0.99764466,0.9428711,0.14087765,-18.933361,112869,1241390,9123,148456.99450922012,-1331.7567,-0.13078432,1.5772934,42.43182814028348
70746,635.8873,745820,0.99765277,0.9468994,0.14208868,-21.43423,112972,1242420,9131,148467.35200452805,-1351.584,-0.10933429,2.758104,51.31866305393273
70805,636.38794,746410,0.9976175,0.9447632,0.16764933,-19.081532,113078,1243480,9140,148478.18390536308,-1338.8027,-0.13440719,4.557208,49.12011869249414
70863,617.38806,746990,0.99764156,0.9411621,0.15250488,-22.035828,113175,1244450,9149,148488.41245651245,-1324.1244,-0.12401992,2.8423772,44.914468981653755
70907,652.1654,747430,0.9975989,0.9388428,0.15286219,-20.377445,113263,1245330,9156,148498.443598032,-1395.6167,-0.13447465,1.9948133,45.23384460148753
70957,618.51025,747930,0.99760723,0.94091797,0.14742509,-20.222437,113352,1246220,9164,148509.55842137337,-1318.2595,-0.13780364,2.0860834,45.28535384378684
71010,627.8703,748460,0.99764013,0.9448242,0.14731035,-21.20892,113443,1247130,9172,148520.6957473755,-1330.2797,-0.11652116,2.1991518,42.897557575252975
71060,625.7728,748960,0.9975827,0.93865967,0.16698347,-20.60257,113525,1247950,9180,148531.77832508087,-1326.5621,-0.12568401,3.2777386,45.368419469269746
71112,631.6758,749480,0.99754715,0.9380493,0.17654996,-22.058378,113624,1248940,9188,148542.91251206398,-1346.9104,-0.14163396,4.117012,45.98593674034294
71165,625.9695,750010,0.99764323,0.94281006,0.1486432,-21.848766,113706,1249760,9196,148554.09749007225,-1349.0002,-0.14161882,2.327354,45.64506906220615
71214,644.8197,750500,0.9975765,0.9382324,0.16398075,-21.222662,113802,1250720,9204,148565.45254588127,-1389.0132,-0.14533834,2.811345,43.18806416409554
71259,635.6434,750950,0.9976151,0.9378052,0.16809805,-22.575218,113882,1251520,9211,148575.5007276535,-1349.6002,-0.13936004,2.5409284,45.42045870634442
71310,629.7214,751460,0.99757314,0.9359741,0.17951724,-18.930222,113973,1252430,9219,148586.90134382248,-1327.7645,-0.14626086,3.9010286,45.677582007996264
71362,635.9621,751980,0.99762297,0.94348145,0.16673832,-22.143068,114060,1253300,9227,148597.38954639435,-1342.4192,-0.13531916,3.7283835,60.87769689542076
71418,615.746,752540,0.9975505,0.9351196,0.17619371,-21.435219,114170,1254400,9236,148608.34876465797,-1306.4316,-0.1360525,3.0085502,50.663971991280306
71465,596.4436,753010,0.99745226,0.93670654,0.2121483,-23.924809,114244,1255140,9243,148618.79546260834,-1272.8635,-0.13964212,7.0971313,43.422997528418975
71514,634.2849,753500,0.9975784,0.9383545,0.16526192,-25.62906,114334,1256040,9251,148628.85530114174,-1344.9465,-0.14047489,2.3853889,61.05114086190368
71574,620.426,754100,0.9975333,0.9338989,0.18568742,-25.052338,114432,1257020,9260,148639.56339597702,-1310.8832,-0.14621337,3.4620767,52.16884225149174
71630,622.8071,754660,0.99759126,0.93792725,0.16227686,-24.201847,114535,1258050,9269,148650.64469385147,-1320.5121,-0.14895311,1.6355312,50.72234957821358
71682,602.371,755180,0.9975512,0.9416504,0.17826068,-25.862404,114633,1259030,9277,148660.74025583267,-1298.9806,-0.14031538,4.242448,39.151438443005354
71725,596.234,755610,0.9976101,0.9473877,0.15506284,-28.072903,114705,1259750,9284,148670.77592349052,-1294.0116,-0.12968127,3.0602713,45.18629325902483
71770,615.8043,756060,0.9975343,0.9355469,0.20091416,-25.111572,114784,1260540,9291,148680.84510493279,-1345.1843,-0.13815558,5.838025,45.769826595508874
71821,582.0648,756570,0.9975178,0.9394531,0.20904663,-25.128855,114874,1261440,9299,148691.78239631653,-1269.8184,-0.12501135,6.9996576,46.40092955544135
71874,577.71497,757100,0.9975908,0.9442749,0.18443312,-25.290154,114965,1262350,9307,148702.72266459465,-1264.4132,-0.12084158,5.758149,44.571483033110546
71918,553.2534,757540,0.9976015,0.9407959,0.16289058,-22.496075,115046,1263160,9314,148712.76361894608,-1222.5637,-0.13155375,2.6256516,50.38555739731779
71976,581.47705,758120,0.99764514,0.94366455,0.15313478,-21.725445,115155,1264250,9323,148723.9379711151,-1262.7361,-0.122008815,2.7018948,52.65310014987675
72033,573.80566,758690,0.99763393,0.9434204,0.14472565,-23.166224,115248,1265180,9332,148734.99081659317,-1254.8413,-0.12942088,1.8528224,46.69611334036466
72085,575.29926,759210,0.9975412,0.9380493,0.19195732,-23.716518,115341,1266110,9340,148745.00973057747,-1248.9878,-0.13054872,5.5875797,52.513981370171734
72137,566.97235,759730,0.9976063,0.94177246,0.15037009,-20.423573,115435,1267050,9348,148755.89490294456,-1249.252,-0.13082635,1.8007841,40.44847516280847
72182,564.87317,760180,0.9976623,0.9480591,0.14200285,-19.533098,115519,1267890,9355,148767.30305457115,-1236.4281,-0.11905539,2.03888,40.270752938109
72232,568.1155,760680,0.9976723,0.94866943,0.13229111,-18.148611,115612,1268820,9363,148777.76140141487,-1243.5302,-0.10397522,1.8146307,52.719912768317556
72289,555.4203,761250,0.99766207,0.94592285,0.13592792,-19.284584,115715,1269850,9372,148788.84775066376,-1207.1156,-0.11294149,1.741925,50.11909292689703
72346,555.26013,761820,0.9976189,0.9400635,0.15931974,-22.078747,115815,1270850,9381,148799.94499969482,-1215.1116,-0.13432732,3.2314587,49.250579315067036
72398,554.27734,762340,0.997663,0.9473877,0.13760842,-19.095976,115908,1271780,9389,148811.39805865288,-1208.6604,-0.11214189,2.267097,35.566259709373
72438,538.98254,762740,0.9976742,0.949646,0.12551484,-19.13633,115992,1272620,9395,148821.70478320122,-1187.6469,-0.11605153,1.2572019,40.043752314071014
72482,543.7183,763180,0.997586,0.9428711,0.17640764,-20.678265,116065,1273350,9402,148832.20393657684,-1190.4618,-0.11479081,5.3455544,44.9572855013482
72533,551.57556,763690,0.9976516,0.94659424,0.14234042,-19.087355,116154,1274240,9410,148842.89196276665,-1200.7192,-0.11427297,2.2823176,45.035841210908174
72577,531.9704,764130,0.99755216,0.93725586,0.18035242,-16.975622,116233,1275030,9417,148853.17096805573,-1139.8328,-0.13265209,5.0460544,41.48756487951108
72622,524.14966,764580,0.99757195,0.9394531,0.17940411,-16.886902,116318,1275880,9424,148863.22581481934,-1144.2263,-0.12523921,5.130055,45.8273676849788
72674,537.15125,765100,0.9976251,0.94677734,0.14282991,-16.307404,116406,1276760,9432,148874.34274673462,-1148.8091,-0.11645129,2.3243892,46.91023259439088
72725,538.24304,765610,0.99749994,0.93634033,0.20290121,-14.62092,116494,1277640,9440,148885.41369843483,-1158.4877,-0.14242125,6.516403,45.99398147838782
72769,559.0003,766050,0.99763465,0.94317627,0.1487091,-16.42089,116573,1278430,9447,148895.70762443542,-1195.354,-0.13091959,1.925214,45.4816394676979
72821,549.8441,766570,0.9976127,0.9423828,0.14799322,-14.415316,116662,1279320,9455,148907.1303808689,-1172.0701,-0.13654613,1.9709399,42.973848328115466
72866,551.60486,767020,0.9976301,0.9433594,0.14350149,-14.457504,116740,1280100,9462,148917.40824127197,-1161.8081,-0.1277595,1.4590607,49.37411420210364
72923,529.82227,767590,0.9976065,0.94311523,0.1481095,-12.87139,116844,1281140,9471,148928.32927131653,-1133.6998,-0.1357206,1.5474927,42.12892069728907
72968,530.07825,768040,0.9976175,0.9434204,0.15249702,-16.07919,116924,1281940,9478,148938.93864631653,-1140.0032,-0.13217983,1.854578,42.37782991337531
73026,539.0736,768620,0.9976065,0.9407959,0.15482074,-13.712606,117022,1282920,9487,148950.19433498383,-1140.001,-0.13864067,1.3754046,40.6266538910396
73076,525.2111,769120,0.9975817,0.9385376,0.16284315,-15.86548,117104,1283740,9495,148960.80075621605,-1123.332,-0.14194462,1.7892334,50.200552394955096
73127,557.36334,769630,0.9975307,0.9335327,0.18001151,-16.092552,117198,1284680,9503,148971.61004710197,-1166.116,-0.1576286,2.626296,43.14259282950383
73173,554.25415,770090,0.99758554,0.9423218,0.16015294,-15.954685,117278,1285480,9510,148981.8981668949,-1162.5815,-0.14911881,1.7809992,43.442653238121686
73218,535.0403,770540,0.99759054,0.935791,0.1688028,-14.338561,117364,1286340,9517,148992.15603280067,-1126.767,-0.14741397,1.5341325,39.03502232511268
73263,560.69,770990,0.9975245,0.9321289,0.18770039,-14.90697,117440,1287100,9524,149002.63770580292,-1189.973,-0.17082226,2.637272,41.33971273002573
73307,560.3277,771430,0.99754524,0.93530273,0.18362075,-18.357841,117521,1287910,9531,149012.9861240387,-1171.8938,-0.16688672,2.5035846,45.43960327189641
73351,561.0222,771870,0.9976306,0.94122314,0.15812218,-16.30059,117603,1288730,9538,149023.26717424393,-1193.019,-0.13626519,1.6020093,42.61359826050265
73403,562.0127,772390,0.9975414,0.93530273,0.17199592,-14.601704,117694,1289640,9546,149034.4291343689,-1169.8174,-0.1633577,1.7103078,50.491219186837604
73460,564.719,772960,0.99756217,0.9411011,0.16560714,-15.511612,117797,1290670,9555,149045.5375301838,-1182.3208,-0.14578494,2.0209394,51.54836005114981
73511,572.0296,773470,0.99760556,0.94317627,0.16778547,-14.857469,117889,1291590,9563,149055.73740291595,-1196.4009,-0.13824995,2.246584,50.78751995332101
73562,589.2135,773980,0.9976113,0.9439087,0.16205597,-16.892832,117986,1292560,9571,149065.97027230263,-1228.6404,-0.13400622,2.0520043,48.53912832780921
73614,580.67175,774500,0.997592,0.94470215,0.16283801,-16.81342,118077,1293470,9579,149076.14040899277,-1207.2836,-0.14980039,1.8062508,51.24243748923841
73666,577.90796,775020,0.99755216,0.9351196,0.18024108,-17.225496,118172,1294420,9587,149087.57110738754,-1222.7101,-0.15076333,2.418528,37.837169149978486
73705,592.9234,775410,0.99754405,0.9346924,0.18775688,-15.630333,118240,1295100,9593,149097.64286661148,-1246.5054,-0.16301575,2.1807518,39.3393065296675
73755,602.23773,775910,0.9974992,0.9355469,0.18478602,-16.717405,118329,1295990,9601,149108.23529791832,-1266.7493,-0.17115669,2.395279,52.88752698946783
73812,604.28174,776480,0.99756074,0.9364624,0.17216483,-17.724949,118433,1297030,9610,149119.38017487526,-1269.3711,-0.1422336,1.8704356,51.590088246989325
73870,634.55005,777060,0.9975929,0.93933105,0.1646961,-17.71913,118535,1298050,9619,149130.54521799088,-1312.648,-0.13792624,2.103964,52.62016473973709
73923,600.3231,777590,0.99753666,0.9371338,0.1708315,-18.378017,118630,1299000,9627,149140.9251115322,-1268.727,-0.16274211,1.5490389,57.21612454586437
73973,631.65625,778090,0.9975326,0.94281006,0.16622427,-19.05162,118721,1299910,9635,149151.88254523277,-1320.1943,-0.1414477,2.744299,42.9976445720962
74030,623.02606,778660,0.9975138,0.93499756,0.19469862,-19.092373,118822,1300920,9644,149162.65251898766,-1297.3055,-0.15241867,3.774067,56.81153231829642
74088,615.31165,779240,0.9975829,0.9378052,0.1700517,-19.159813,118921,1301910,9653,149172.6657807827,-1277.106,-0.13353251,1.9914408,52.240194532045926
74154,622.05554,779900,0.99755096,0.9314575,0.17698124,-19.54301,119030,1303000,9663,149183.67074108124,-1283.4817,-0.15169546,1.9461905,53.767764353636196
74209,635.2797,780450,0.99753356,0.9395752,0.17384474,-19.322899,119127,1303970,9672,149194.4090168476,-1311.0386,-0.14204726,2.3836827,41.80100801246265
74254,636.6466,780900,0.9974849,0.93688965,0.19277349,-17.912394,119215,1304850,9679,149204.85200548172,-1310.9396,-0.15421614,3.8133395,42.739163773185005
74305,639.82007,781410,0.99747777,0.93530273,0.19313674,-20.344982,119302,1305720,9687,149216.3145813942,-1336.0522,-0.15952319,3.8676524,41.878455569301714
74350,620.1815,781860,0.9975612,0.93756104,0.17000882,-17.098904,119373,1306430,9694,149226.43222236633,-1287.417,-0.15283227,2.026888,43.80394806817305
74395,655.71356,782310,0.9975414,0.9371948,0.18011194,-19.647297,119454,1307240,9701,149236.58782482147,-1349.9014,-0.15815192,2.691258,45.61057957714519
74446,620.8728,782820,0.9974692,0.93634033,0.19701031,-18.487839,119538,1308080,9709,149247.83533525467,-1302.917,-0.15311173,4.2257185,45.30044725751641
74498,642.21344,783340,0.9975612,0.9384155,0.17105024,-18.634806,119631,1309010,9717,149259.21208190918,-1322.0864,-0.14985514,1.909837,42.401492891421974
74548,643.7146,783840,0.9976089,0.9430542,0.16648048,-18.809395,119718,1309880,9725,149270.54095959663,-1346.2107,-0.13316578,2.2651086,46.65448712043923
74600,639.8435,784360,0.99746585,0.9356079,0.20041913,-11.419603,119808,1310780,9733,149281.8861758709,-1329.3704,-0.16073164,4.570532,45.5102546457476
74644,631.4948,784800,0.9974997,0.9379883,0.18947601,-9.188437,119884,1311540,9740,149292.03707933426,-1318.3125,-0.14308392,3.83075,45.25535739002116
74690,640.81104,785260,0.9975281,0.9373169,0.1736735,-8.940687,119962,1312320,9747,149302.45529294014,-1347.7783,-0.1577981,2.0901852,44.000467484195774
74734,631.17664,785700,0.99753857,0.9376221,0.17172757,-2.6458297,120049,1313190,9754,149312.96645855904,-1338.8906,-0.1605574,2.0065188,44.04252659799193
74779,619.62134,786150,0.99755263,0.93981934,0.17758855,-9.986359,120123,1313930,9761,149323.12527227402,-1308.8702,-0.14652327,2.7283473,42.93430591322754
74823,613.5138,786590,0.9976337,0.9447632,0.15716492,-1.0395131,120201,1314710,9768,149333.1817278862,-1311.71,-0.14091557,2.0167305,44.88068414274252
74869,634.6456,787050,0.9975796,0.9378662,0.17357115,7.697712,120276,1315460,9775,149343.31271529198,-1361.2507,-0.15658481,2.2220607,44.89068888740982
74919,622.1099,787550,0.99749255,0.9362793,0.18716174,5.6507883,120365,1316350,9783,149354.57166314125,-1329.2847,-0.15110525,3.5319972,45.3044917082128
74971,610.47217,788070,0.99757385,0.9376831,0.17791577,7.4264097,120456,1317260,9791,149365.79696941376,-1325.6973,-0.13656005,3.5231373,45.359626275233026
75023,618.0272,788590,0.9975591,0.9428711,0.17088005,-1.7774199,120547,1318170,9799,149377.04234457016,-1337.2395,-0.12920162,3.685388,45.40249748407994
75075,624.8878,789110,0.9976084,0.9418335,0.16492221,0.2900684,120632,1319020,9807,149388.21377325058,-1355.0936,-0.14403185,2.7087204,46.33811619698555
75118,618.4542,789540,0.9976399,0.94262695,0.14959943,-1.668848,120711,1319810,9814,149398.2723338604,-1330.6309,-0.12504499,2.0830984,46.09342129076814
75170,601.5815,790060,0.9976182,0.9466553,0.1670111,0.98816615,120798,1320680,9822,149409.61634373665,-1294.8386,-0.12109333,4.461698,45.78186356691848
75221,605.20654,790570,0.99759483,0.93640137,0.1737391,0.88011336,120885,1321550,9830,149421.13692760468,-1299.9688,-0.14270064,3.5232677,41.09049567971526
75272,612.3617,791080,0.9976151,0.9423828,0.15963528,2.7719297,120980,1322500,9838,149431.87304115295,-1336.4745,-0.111732416,2.728721,48.86226502020399
75323,602.4739,791590,0.9976604,0.9460449,0.13685806,-0.7962028,121069,1323390,9846,149442.6885728836,-1287.1416,-0.11548625,1.4702452,43.30524714770011
75368,600.1322,792040,0.99757314,0.9412842,0.17498684,2.7262952,121148,1324180,9853,149452.86966633797,-1266.2144,-0.12535661,4.5427027,42.992073462531685
75412,587.0659,792480,0.9976492,0.94555664,0.14532067,3.4723504,121233,1325030,9860,149463.6807091236,-1247.0674,-0.1259383,2.4251986,43.57007598597956
75459,590.99677,792950,0.9975743,0.94000244,0.16482703,3.0908685,121314,1325840,9867,149474.06011605263,-1263.9742,-0.1366989,3.6243904,43.99837601218548
75503,598.87463,793390,0.9976487,0.9456787,0.14486855,4.4278307,121395,1326650,9874,149484.50257992744,-1281.5579,-0.12606436,2.780859,44.60467778789356
75553,611.0153,793890,0.99761224,0.94555664,0.16009396,2.837538,121486,1327560,9882,149495.44314575195,-1295.2589,-0.13286008,3.9955318,46.572701245047966
75605,594.13855,794410,0.9976096,0.9492798,0.16063029,5.6262364,121579,1328490,9890,149506.02462267876,-1262.0769,-0.10642011,4.813016,49.95438932963328
75662,600.7362,794980,0.9976649,0.94836426,0.13810064,2.026805,121679,1329490,9899,149517.3320531845,-1273.1389,-0.120768175,2.4133787,47.443942770791544
75714,604.9676,795500,0.997586,0.9425049,0.17994714,3.6096883,121769,1330390,9907,149527.41700053215,-1287.7915,-0.101775765,5.6471796,48.89005743276593
75783,607.5349,796190,0.997648,0.94714355,0.14587888,4.2226877,121894,1331640,9918,149538.62945270538,-1275.4653,-0.121400945,2.7759342,49.54715854860767
75830,606.19763,796660,0.9976063,0.94732666,0.15313187,2.4659724,121975,1332450,9925,149549.37678480148,-1273.1622,-0.12510514,3.4428926,45.761836668869215
75879,595.2925,797150,0.99761367,0.94415283,0.15829813,3.642489,122060,1333300,9933,149560.78341388702,-1248.1771,-0.12760933,3.3439546,44.6653958788137
75926,603.2733,797620,0.9976342,0.9451294,0.15839618,2.4838045,122146,1334160,9940,149570.9240345955,-1260.7296,-0.111161605,3.4256134,45.395149617633585
75971,601.4559,798070,0.9976299,0.94189453,0.14270784,4.815752,122214,1334840,9947,149581.0752236843,-1259.2786,-0.1259804,1.5062877,46.089654170648615
76014,603.99603,798500,0.9974661,0.9380493,0.21218365,6.0163326,122301,1335710,9954,149591.49602627754,-1255.7703,-0.122523725,7.672777,42.20216790502559
76066,602.91626,799020,0.9976108,0.94195557,0.16424969,1.8229882,122379,1336490,9962,149602.68157458305,-1251.4167,-0.1294972,3.5651278,47.083985929290385
76118,596.90625,799540,0.99757385,0.94055176,0.17303532,-0.26716357,122466,1337360,9970,149613.79253983498,-1245.709,-0.13133878,3.856638,47.053514901320746
76168,591.33325,800040,0.99760914,0.94244385,0.15274036,-1.3924031,122558,1338280,9978,149624.830391407,-1238.6215,-0.13572034,1.9818972,43.711042386946
76219,603.8761,800550,0.99760103,0.9445801,0.15751985,-2.276389,122644,1339140,9986,149635.965777874,-1246.679,-0.1223457,3.1499178,46.28175972284267
76271,589.15906,801070,0.9975748,0.9383545,0.16493729,2.650097,122737,1340070,9994,149646.97822403908,-1236.1978,-0.14274427,2.3354669,46.954493042417184
76321,599.6365,801570,0.9975951,0.94091797,0.15667456,-1.2358365,122829,1340990,10002,149658.04947137833,-1236.8384,-0.13613807,2.1217318,44.78697812084714
76373,626.8163,802090,0.9976444,0.9484253,0.15301032,-0.80024815,122909,1341790,10010,149668.941644907,-1299.2618,-0.118661284,2.5736568,47.16050214732899
76425,583.0803,802610,0.9975865,0.9378052,0.15760541,-1.7040279,122997,1342670,10018,149679.82856750488,-1226.2129,-0.13765484,1.4664673,47.453336232483565
76474,598.43494,803100,0.9976604,0.94537354,0.14762144,-1.4255761,123089,1343590,10026,149690.69611239433,-1240.7781,-0.12998883,1.5057673,45.69471146767041
76527,609.79987,803630,0.99748063,0.9361572,0.18183376,-0.38795555,123179,1344490,10034,149701.81505036354,-1253.4165,-0.1623434,3.2193892,45.69374696259276
76578,588.9813,804140,0.9975517,0.9373169,0.1805436,-0.8331418,123258,1345280,10042,149712.90646362305,-1230.419,-0.155658,3.1226532,46.99134188600503
76630,616.3952,804660,0.99759483,0.9418335,0.16222155,4.7263207,123352,1346220,10050,149724.17292046547,-1284.2805,-0.14761081,2.1441116,43.24748552471975
76680,597.9918,805160,0.9975655,0.93981934,0.17585689,3.3834734,123437,1347070,10058,149735.01130223274,-1274.2511,-0.15811196,2.9249122,47.381487087955534
76731,621.86163,805670,0.9976165,0.9378662,0.16489065,3.6638227,123527,1347970,10066,149745.87890195847,-1317.6277,-0.13623473,1.8555509,47.03863212061888
76782,625.6459,806180,0.9975865,0.93963623,0.16585425,3.6192384,123616,1348860,10074,149756.84055256844,-1305.2714,-0.15788504,1.7943025,46.29109771115239
76828,616.7136,806640,0.99759126,0.9416504,0.15819183,-3.788099,123696,1349660,10081,149766.8979780674,-1307.3132,-0.14207521,1.4597824,43.63130565040174
76878,610.19434,807140,0.9975736,0.9406128,0.17667653,-7.019556,123778,1350480,10089,149778.03668522835,-1290.6948,-0.14574447,3.7674387,46.66830018913464
76930,610.3375,807660,0.9976027,0.9407959,0.15117511,-1.7544923,123865,1351350,10097,149789.2944047451,-1290.6704,-0.14490509,1.6543717,46.937711183058774
76980,602.96924,808160,0.9974799,0.9417114,0.21164891,-1.1334438,123951,1352210,10105,149800.08797764778,-1265.0721,-0.12787928,7.8726945,46.9207116743028
77031,604.4903,808670,0.997607,0.9411621,0.160808,-5.2187037,124037,1353070,10113,149811.1270122528,-1275.8137,-0.1373516,2.455947,46.170695834986674
77083,600.2467,809190,0.99759936,0.947876,0.14864331,-4.5072794,124125,1353950,10121,149822.16258907318,-1282.1162,-0.14497752,2.521101,46.656846848271776
77135,611.8783,809710,0.9976263,0.9470215,0.1519437,-2.203181,124214,1354840,10129,149832.98110294342,-1298.1154,-0.13365573,2.6901517,47.16154613921114
77186,619.67786,810220,0.9976666,0.944458,0.13676944,-3.7140424,124300,1355700,10137,149844.06047964096,-1305.344,-0.12327428,1.4641988,47.39580937959947
77237,583.12695,810730,0.99752927,0.9429321,0.17537849,-5.681527,124386,1356560,10145,149855.20644545555,-1246.0054,-0.12861909,4.4867105,47.090337651365616
77289,601.6024,811250,0.99765897,0.94854736,0.13613835,-3.3513427,124480,1357500,10153,149866.2980017662,-1285.2256,-0.12078737,2.005464,46.537183481898055
77338,624.54675,811740,0.9976988,0.9493408,0.13075069,-8.000249,124564,1358340,10161,149877.0972635746,-1315.4857,-0.11057923,1.7247505,46.64940356952876
77390,596.51263,812260,0.9975903,0.9421997,0.14924178,-4.8402815,124650,1359200,10169,149887.98801374435,-1265.5839,-0.14304048,2.32498,46.34002804202644
77443,590.8368,812790,0.9974983,0.9454346,0.24928468,-6.618908,124738,1360080,10177,149899.00571751595,-1245.935,-0.13322525,13.2220745,48.29124915874767
77501,600.7427,813370,0.9976802,0.9447632,0.13710034,-7.3667,124838,1361080,10186,149909.2865049839,-1272.7917,-0.11569983,2.0484135,62.703665040339715
77562,580.2836,813980,0.9976711,0.94470215,0.13022304,-9.184685,124945,1362150,10196,149919.63564658165,-1223.2228,-0.112818286,1.4968235,56.835529455505394
77629,592.64307,814650,0.99771905,0.95007324,0.13014789,-7.6652145,125052,1363220,10206,149929.71483659744,-1253.6912,-0.09832412,2.0960703,62.14868428424776
77693,580.41516,815290,0.99761033,0.94573975,0.17484438,-10.102818,125161,1364310,10216,149939.88825964928,-1228.4102,-0.12020695,5.6068373,59.60727370269714
77776,584.73517,816120,0.9975982,0.9468994,0.18414465,-8.764015,125290,1365600,10229,149950.80771160126,-1228.8801,-0.09283794,7.2782674,62.26595789345252
77836,569.31213,816720,0.9976661,0.9460449,0.14059076,-9.757572,125401,1366710,10239,149961.07191586494,-1200.3872,-0.12510426,2.8830616,62.00358205866279
77903,579.40625,817390,0.99770117,0.9524536,0.11753238,-9.723058,125511,1367810,10249,149971.20399141312,-1214.9557,-0.110393554,1.3682802,63.112130552440334
77965,554.3745,818010,0.9977431,0.94970703,0.12848127,-7.1392994,125620,1368900,10259,149981.4463953972,-1177.843,-0.102277644,2.308518,62.056502796566164
78031,570.3205,818670,0.997648,0.94366455,0.14573805,-8.239549,125727,1369970,10269,149991.69099283218,-1195.2045,-0.12178953,2.4575129,62.629741464791756
78097,563.08484,819330,0.997674,0.946228,0.12984535,-6.360476,125826,1370960,10279,150001.96436357498,-1180.2664,-0.11115924,1.4036564,61.32543122601079
78160,565.7862,819960,0.9976504,0.94317627,0.14271468,-7.959851,125926,1371960,10290,150012.4656097889,-1174.4844,-0.12287559,2.4925375,101.55419285106004
78240,566.7404,820760,0.99769664,0.9476929,0.13001926,-9.062973,126070,1373400,10302,150023.27747797966,-1170.4272,-0.116390176,1.6169109,63.411198488159215
78303,551.3434,821390,0.9976499,0.94415283,0.1420514,-7.1575727,126167,1374370,10312,150033.47924613953,-1143.8613,-0.12351885,2.1183019,65.02185744169395
78364,575.52295,822000,0.9976294,0.9454346,0.16380629,-5.176943,126276,1375460,10322,150043.61296749115,-1197.5435,-0.12103701,4.1981516,64.5237676422394
78429,579.79504,822650,0.99765825,0.9429321,0.14497918,-3.5241518,126382,1376520,10332,150053.9358382225,-1198.3792,-0.1247705,2.0919497,64.3252530016084
78492,570.8806,823280,0.9976685,0.9459839,0.13254692,-8.990913,126491,1377610,10342,150064.2446784973,-1184.1918,-0.11846185,1.7101703,65.84025398619401
78558,570.27704,823940,0.99762034,0.94085693,0.15712029,-5.8872795,126614,1378840,10352,150074.4146542549,-1175.2239,-0.1303963,2.7120252,61.50408865683556
78622,574.17523,824580,0.9976723,0.9486084,0.13575444,0.83817136,126709,1379790,10362,150084.57700824738,-1188.7518,-0.11645975,1.7419553,64.18906395341887
78685,576.4346,825210,0.9976549,0.9439697,0.14652774,-4.4352946,126811,1380810,10372,150094.7159678936,-1210.5403,-0.124252975,2.01924,65.92213374826376
78748,586.1614,825840,0.99764895,0.94470215,0.14277047,0.10937968,126920,1381900,10382,150104.8159763813,-1218.1664,-0.117349684,2.0282354,66.12940485238019
78825,592.9799,826610,0.997643,0.9458008,0.14291409,-4.6706004,127052,1383220,10394,150115.20688843727,-1223.065,-0.12555063,1.5567513,97.31860163955109
78900,581.3098,827360,0.99764633,0.9445801,0.138814,-8.653788,127171,1384410,10405,150126.21122455597,-1214.6895,-0.1212382,1.609227,63.56760791449533
78964,583.461,828000,0.99756265,0.9439697,0.17191736,-3.1662831,127281,1385510,10415,150136.52903723717,-1228.6696,-0.12923133,4.6109486,62.39228780707989
79027,580.71484,828630,0.99766374,0.9507446,0.1386705,-6.6271205,127387,1386570,10425,150146.8611342907,-1226.1301,-0.11740147,2.1638446,63.43346557133148
79094,583.6874,829300,0.9976342,0.942749,0.15253645,-9.905389,127494,1387640,10435,150157.06854581833,-1237.3921,-0.13209859,2.6897025,63.56292668141871
79160,557.36194,829960,0.9976492,0.94451904,0.1392148,-12.316745,127601,1388710,10445,150167.27274036407,-1197.3201,-0.12375318,1.9176018,62.124506153424946
79216,544.7748,830520,0.997633,0.93933105,0.15170912,-7.9514985,127698,1389680,10455,150177.39758229256,-1164.4382,-0.12735984,2.1255107,64.64118669781107
79280,556.88873,831160,0.9977031,0.95147705,0.12699342,-7.2218437,127805,1390750,10465,150187.75982022285,-1189.0706,-0.12184889,1.8163121,64.26160883207504
79343,540.09644,831790,0.9976783,0.9528198,0.120675966,-5.0173435,127916,1391860,10475,150197.89979290962,-1157.8611,-0.101441376,1.5081985,64.34724127267977
79413,549.7837,832490,0.9976764,0.9470825,0.13564399,-7.457324,128035,1393050,10485,150208.14503455162,-1176.3271,-0.10807316,2.3094535,63.66459357162661
79470,560.6238,833060,0.9976716,0.9477539,0.13451304,-4.823522,128123,1393930,10495,150218.29394602776,-1188.6217,-0.119972736,2.0154262,64.49425094319994
79533,530.4203,833690,0.99763465,0.9439697,0.15630773,-6.158342,128235,1395050,10505,150228.4398779869,-1137.6295,-0.121827394,3.4386292,64.42427235867773
79598,553.40906,834340,0.9976742,0.9451904,0.12804484,-3.7872248,128342,1396120,10515,150238.58976507187,-1174.7092,-0.114332646,1.1402725,64.28296862835535
79669,561.81287,835050,0.9976227,0.9430542,0.14338315,-5.3669753,128458,1397280,10525,150249.01370882988,-1192.1796,-0.12877187,1.9287105,63.28477096602853
79739,556.32056,835750,0.99768424,0.9463501,0.13237123,-5.614786,128580,1398500,10537,150259.3270087242,-1160.7295,-0.11056377,1.4500399,97.00255302726156
79812,568.19324,836480,0.99765706,0.9470215,0.14038973,-3.7432718,128685,1399550,10547,150269.3661646843,-1207.9258,-0.12744185,2.4589057,62.73986379020728
79875,548.7412,837110,0.99764895,0.94281006,0.1434291,-5.203859,128794,1400640,10557,150279.6730260849,-1161.2745,-0.13024406,2.245831,63.153928189540274
79939,557.079,837750,0.99764705,0.9425049,0.13548043,-4.232031,128902,1401720,10567,150289.97562384605,-1167.2068,-0.12743774,1.2375014,61.55058461892632
80004,571.8609,838400,0.99763465,0.9423828,0.13795832,-2.4195166,129007,1402770,10577,150300.20723080635,-1189.2782,-0.1250579,1.4140291,62.121774531909224
80068,546.5327,839040,0.99762416,0.94281006,0.15313043,-5.4365253,129114,1403840,10587,150310.5770699978,-1155.7584,-0.13008493,2.4018762,61.59091823738327
80129,543.6641,839650,0.99765134,0.94317627,0.13740677,-4.574781,129222,1404920,10597,150320.90244460106,-1135.5016,-0.12135798,1.4920986,63.30750174992406
80187,553.9675,840230,0.997607,0.9475708,0.15216124,-0.6802066,129317,1405870,10607,150331.1653702259,-1155.6855,-0.13554195,3.0192063,64.19279399537079
80257,557.9877,840930,0.9976237,0.94018555,0.14659925,0.81410205,129439,1407090,10617,150341.31801247597,-1168.3828,-0.13538781,1.5040637,63.738514751593904
80320,563.55554,841560,0.99756837,0.9434204,0.17746133,-1.592258,129535,1408050,10627,150351.4703578949,-1174.3057,-0.12974249,4.728402,63.998504673610206
80385,554.06726,842210,0.99764585,0.94140625,0.1511021,-1.5749705,129649,1409190,10637,150361.7662949562,-1164.824,-0.12991795,1.8398757,62.53465707276288
80449,576.72455,842850,0.99759936,0.94366455,0.17473294,-6.606617,129757,1410270,10647,150372.03720402718,-1199.0391,-0.1290451,4.3252625,62.5314522642178
80513,573.3923,843490,0.9976332,0.9437866,0.15169212,-13.499941,129861,1411310,10657,150382.40822577477,-1205.5881,-0.13890547,2.1191108,62.007649679954355
80578,577.78516,844140,0.99763846,0.9459839,0.15693663,-17.131893,129967,1412370,10667,150392.73844242096,-1197.652,-0.12736322,3.0457206,62.293108377548485
80640,575.9388,844760,0.9975598,0.9359131,0.17309833,-17.671295,130073,1413430,10677,150402.9510228634,-1194.5164,-0.14407681,3.2504191,62.94463573376154
80727,576.3414,845630,0.9976599,0.9476929,0.1365774,-18.098194,130198,1414680,10690,150413.90577483177,-1200.5575,-0.13040209,1.4903657,61.3254872664759
80790,592.2677,846260,0.997627,0.9429321,0.16097538,-16.856062,130307,1415770,10700,150424.3199183941,-1236.673,-0.13117236,3.2895725,61.231944436840884
80852,580.147,846880,0.99759054,0.9433594,0.16624469,-11.299491,130416,1416860,10710,150434.55819392204,-1201.4617,-0.124313615,3.5417776,61.15095684961995
80916,577.031,847520,0.99764776,0.9499512,0.14233956,-12.313882,130521,1417910,10720,150444.84704136848,-1211.1753,-0.117451064,2.8452797,61.96855672732889
80980,570.16705,848160,0.9975858,0.9376831,0.15930498,-11.716221,130628,1418980,10730,150455.23418927193,-1194.401,-0.14534995,2.351642,62.17996684327552
81045,554.8702,848810,0.99762774,0.9432373,0.14990938,-14.642418,130733,1420030,10740,150465.50374817848,-1165.6943,-0.117941536,2.5272658,61.56108660688875
81109,573.09625,849450,0.997622,0.94641113,0.15809572,-13.462635,130839,1421090,10750,150475.75682616234,-1210.7698,-0.12379877,3.5424962,63.71784792197826
81173,584.0276,850090,0.99762917,0.94866943,0.15454595,-16.05261,130944,1422140,10760,150486.0494747162,-1221.8889,-0.116788775,3.927724,62.14013852364902
81236,575.2484,850720,0.9975879,0.94311523,0.16085167,-18.16914,131054,1423240,10770,150496.19231390953,-1202.8392,-0.12392536,3.5099018,62.29059318151968
81301,587.3601,851370,0.99764466,0.9451294,0.13767682,-16.958801,131159,1424290,10780,150506.38077807426,-1229.6418,-0.118569985,1.6107848,62.24884748171276
81364,579.29767,852000,0.99766564,0.94470215,0.13736467,-17.07774,131264,1425340,10790,150516.76662373543,-1214.491,-0.1236947,1.3449652,60.79968109298133
81428,573.1511,852640,0.99763703,0.9475708,0.14819235,-14.951436,131373,1426430,10800,150526.86839413643,-1193.0172,-0.13847652,2.6667926,61.39911472524094
81493,582.7779,853290,0.997648,0.944397,0.13473684,-17.092304,131479,1427490,10810,150537.0385389328,-1211.2432,-0.120227784,1.4450862,60.84678653985731
81557,569.8434,853930,0.9976146,0.9459839,0.16135398,-17.353664,131586,1428560,10820,150547.29363131523,-1186.6357,-0.117512986,3.7044806,62.370093447520894
81621,575.96924,854570,0.99763155,0.94366455,0.14343283,-17.014147,131683,1429530,10830,150557.4715936184,-1192.1375,-0.13584532,1.5949306,62.549709499169765
81686,573.7874,855220,0.99757695,0.93811035,0.16191292,-14.467945,131791,1430610,10840,150567.68415021896,-1203.9092,-0.14390719,2.4127536,62.13667197443752
81747,580.5178,855830,0.99756503,0.9395752,0.15793923,-15.921419,131895,1431650,10850,150578.08919358253,-1213.4873,-0.13870135,2.2800949,62.82011878548523
81812,582.5164,856480,0.9976125,0.9398804,0.15471582,-11.428149,132006,1432760,10860,150588.23499441147,-1226.5522,-0.13926406,1.8865191,62.39955405553989
81877,576.6502,857130,0.9976213,0.942688,0.14320445,-10.686289,132114,1433840,10870,150598.39571237564,-1216.4469,-0.13339967,1.2401195,61.94474723004634
81941,596.4928,857770,0.9974599,0.9356079,0.1920428,0.031696588,132219,1434890,10880,150608.62672829628,-1243.9924,-0.15969816,4.616795,62.8135773597727
82005,571.9759,858410,0.99759483,0.93927,0.16300355,-4.1596246,132317,1435870,10890,150618.79084444046,-1227.2214,-0.12839556,2.746215,62.06838366513027
82071,583.1356,859070,0.9976287,0.94122314,0.15228325,-6.9104857,132425,1436950,10900,150628.9888625145,-1248.9338,-0.13781853,1.6458075,61.94094512535616
82129,582.26,859650,0.9976368,0.9463501,0.15231404,-8.16501,132517,1437870,10910,150639.342536211,-1253.2449,-0.13578355,1.775157,64.21306352737199
82208,601.9866,860440,0.99756193,0.9387207,0.18431625,-8.033347,132648,1439180,10922,150649.46685934067,-1280.8551,-0.12332097,4.268976,67.79707207867058
82275,587.4252,861110,0.99754477,0.93170166,0.16816996,-10.419261,132755,1440250,10932,150659.7740869522,-1250.7705,-0.15337792,1.451978,62.07709632264911
82338,602.57556,861740,0.99758506,0.9411011,0.15978557,-10.58811,132864,1441340,10942,150670.20821213722,-1292.2771,-0.1490871,1.8516321,62.93873240691503
82403,591.1444,862390,0.99764705,0.9436035,0.1514974,-12.725476,132969,1442390,10952,150680.46403098106,-1278.3278,-0.12962885,2.2738013,61.903806258376896
82452,586.24756,862880,0.9976213,0.94451904,0.148929,-14.751114,133065,1443350,10960,150691.01070785522,-1262.2439,-0.13609713,1.9932095,37.453479685845316
82509,572.605,863450,0.99759436,0.93981934,0.17075121,-12.282928,133167,1444370,10969,150702.36758613586,-1248.2057,-0.13988867,3.2076328,39.14967976320781
82566,572.0504,864020,0.9976475,0.94384766,0.1438639,-13.229243,133255,1445250,10978,150712.91787409782,-1251.2284,-0.120340034,1.6239566,52.28008765690719
82626,586.60516,864620,0.99766445,0.94659424,0.14354607,-12.041956,133350,1446200,10987,150722.96435403824,-1262.4656,-0.11000751,2.1841075,58.17727116585159
82684,571.1814,865200,0.99768066,0.94610596,0.1342977,-11.063321,133447,1447170,10996,150733.29599523544,-1243.4692,-0.119894356,1.4458563,56.433471223887466
82741,590.192,865770,0.9976804,0.94958496,0.12894237,-9.913214,133547,1448170,11005,150743.55865812302,-1267.9297,-0.11724488,1.4710497,54.090552632082705
82798,585.86096,866340,0.997669,0.94610596,0.1393848,-14.50182,133643,1449130,11014,150754.4469101429,-1255.325,-0.12144168,2.1370337,58.16777844037333
82862,578.5386,866980,0.9976733,0.944458,0.13082092,-8.993,133749,1450190,11024,150765.34533405304,-1241.5156,-0.12344271,1.2541134,60.71606908594125
82927,590.3937,867630,0.99769616,0.9536133,0.13658202,-4.922477,133854,1451240,11034,150775.9810988903,-1264.9747,-0.11190571,2.9416802,56.76575945789516
82990,574.7117,868260,0.9976623,0.94641113,0.1332451,-11.666169,133959,1452290,11044,150787.02346777916,-1236.8201,-0.11448926,2.0428975,57.893019032727665
83055,572.67596,868910,0.9976444,0.9475708,0.1548186,-9.57126,134064,1453340,11054,150797.9843916893,-1221.6028,-0.10173846,4.035593,58.13593174998094
83110,551.46924,869460,0.9977019,0.9515991,0.12283611,-10.615385,134160,1454300,11063,150808.24688649178,-1193.2745,-0.11048409,1.7022264,55.16591279100594
83177,553.2536,870130,0.9976468,0.94000244,0.15349568,-9.786046,134270,1455400,11073,150819.05980587006,-1202.1672,-0.121938504,2.3162131,59.345244882867206
83240,559.39703,870760,0.99766517,0.944397,0.14262888,-10.439964,134376,1456460,11083,150829.94597625732,-1197.916,-0.12417962,2.604895,61.77128451883327
83306,535.45886,871420,0.9976785,0.94732666,0.13884325,-7.069609,134482,1457520,11093,150840.21939730644,-1153.5823,-0.11249836,2.679629,62.57190062917945
83369,544.9331,872050,0.9976964,0.9472046,0.13773127,-9.784871,134588,1458580,11103,150850.58018875122,-1171.69,-0.10766979,2.4292111,61.74180338615041
83431,561.8081,872670,0.9976506,0.9413452,0.14048119,-5.5844383,134696,1459660,11113,150860.73858261108,-1203.9523,-0.12046312,1.8711684,62.30980922578682
83495,554.4512,873310,0.99765706,0.94403076,0.12882765,-3.3292081,134806,1460760,11123,150870.9266717434,-1179.2778,-0.11878194,1.3632901,61.06132030621256
83560,564.0317,873960,0.9976711,0.94366455,0.1343157,-6.5751767,134902,1461720,11133,150881.1710267067,-1189.9333,-0.11474065,1.5273712,61.811167876438205
83623,564.7877,874590,0.9976435,0.9465332,0.14652169,-5.447064,135010,1462800,11143,150891.33421707153,-1201.0037,-0.11779083,3.295497,63.05489161699166
83689,564.8014,875250,0.9976728,0.94525146,0.14496803,-4.7518873,135115,1463850,11153,150901.6431236267,-1195.0347,-0.12087813,2.8764162,57.40580479086966
83751,569.2828,875870,0.99766684,0.9453125,0.14450416,-4.2059417,135222,1464920,11163,150912.02541017532,-1198.8994,-0.12976567,2.6163568,61.04411583114663
83817,570.4845,876530,0.9975388,0.9451904,0.18858384,-7.2522154,135328,1465980,11173,150922.27810502052,-1196.2329,-0.10218959,6.9836807,60.60900299618196
83876,583.20996,877120,0.997699,0.9451294,0.13853186,-5.685751,135422,1466920,11183,150932.48432064056,-1234.1885,-0.10002999,2.4379275,65.11298813130517
83941,554.315,877770,0.9976151,0.9449463,0.1443506,-5.7839336,135541,1468110,11193,150942.81203842163,-1167.8624,-0.1096869,2.6450393,63.6574373202905
84008,545.3477,878440,0.99765706,0.9467163,0.1347397,-9.491212,135648,1469180,11203,150953.0627667904,-1154.8169,-0.11562143,1.6265165,61.56592945623181
84075,559.8762,879110,0.9976568,0.94573975,0.1427244,-10.01388,135750,1470200,11213,150963.44275808334,-1178.8999,-0.12097433,2.3851938,60.99021854289438
84137,553.54236,879730,0.9976418,0.9406738,0.15262526,-7.8910117,135858,1471280,11223,150973.89684939384,-1174.8027,-0.1260906,2.573769,62.35438863255886
84203,569.70636,880390,0.9976301,0.9404297,0.14522058,-7.5236983,135963,1472330,11233,150984.22904133797,-1202.018,-0.12469078,1.6058974,61.76261485489198
84267,546.2966,881030,0.9976342,0.9429321,0.13984254,-3.8995705,136070,1473400,11243,150994.50051689148,-1159.9204,-0.13123675,1.2186966,61.27895293489469
84330,571.0772,881660,0.99764156,0.94085693,0.14500602,1.7168362,136177,1474470,11253,151005.04086518288,-1215.036,-0.13314635,1.5338362,61.33753834517916
84393,565.0968,882290,0.9976299,0.9432373,0.14713332,2.1788352,136284,1475540,11263,151015.21340703964,-1208.0662,-0.11425164,2.1727185,61.70193855032009
84457,576.7881,882930,0.9976368,0.94659424,0.1436277,5.9117875,136390,1476600,11273,151025.3834617138,-1244.4373,-0.12570193,2.2155566,62.22499524217834
84520,555.3003,883560,0.9976268,0.9420166,0.15180671,1.790625,136492,1477620,11283,151035.8347094059,-1198.7041,-0.12190441,2.6209743,59.95632878977696
84584,551.99506,884200,0.99765205,0.9451294,0.1485341,3.89715,136596,1478660,11293,151046.17869758606,-1193.9901,-0.123282,3.3442545,61.45005164418985
84649,551.9412,884850,0.9976492,0.9456787,0.13856661,2.0107968,136702,1479720,11303,151056.41249585152,-1202.9741,-0.11946242,2.1679947,60.854649143568075
84715,540.3799,885510,0.99769473,0.9466553,0.12867871,1.2751164,136807,1480770,11313,151066.73109555244,-1158.769,-0.1104708,1.3227346,61.31503749111175
84778,539.86426,886140,0.9976456,0.9458618,0.1464441,-5.634267,136913,1481830,11323,151076.98179507256,-1177.9121,-0.120218165,3.117822,60.725244158342555
84840,570.35895,886760,0.9976425,0.9411621,0.1524941,-7.3242292,137020,1482900,11333,151087.29630970955,-1227.762,-0.13133347,2.6409726,59.67396531364264
84905,557.886,887410,0.99769783,0.9458008,0.13900775,-11.425199,137124,1483940,11343,151097.56842541695,-1193.916,-0.108945966,2.301774,61.75911925274894
84969,533.0733,888050,0.99768376,0.94921875,0.13357386,-11.924746,137224,1484940,11353,151108.06722021103,-1155.838,-0.10854,2.4057095,56.887345720873455
85033,545.3508,888690,0.9976857,0.9480591,0.13453034,-14.9629545,137328,1485980,11363,151118.3138203621,-1187.1721,-0.11197818,2.03574,61.58419229716551
85098,544.9107,889340,0.9976852,0.94799805,0.12757123,-17.704205,137431,1487010,11373,151129.15647864342,-1194.9802,-0.12416938,1.3883516,58.36029154550643
85162,552.4935,889980,0.9976642,0.9434204,0.14387283,-13.079753,137538,1488080,11383,151139.73865938187,-1209.6658,-0.11741835,2.5798664,62.54769820387856
85224,552.5335,890600,0.99760437,0.94226074,0.1656073,-15.225423,137643,1489130,11393,151150.05830979347,-1192.6252,-0.12744537,4.349006,62.03381551860723
85289,548.29663,891250,0.99767303,0.946167,0.1518058,-15.564376,137749,1490190,11403,151160.33668231964,-1199.7059,-0.10062834,4.0282836,61.97895856778249
85352,542.44556,891880,0.9976661,0.9494629,0.1304121,-16.56117,137853,1491230,11413,151170.76807141304,-1172.137,-0.10838094,2.0456953,62.30013465634781
85413,542.129,892490,0.99768376,0.9493408,0.13786706,-17.788073,137960,1492300,11423,151181.1211810112,-1175.4825,-0.10766589,3.0048819,62.292833719827414
85477,541.55707,893130,0.9977052,0.9515991,0.12345863,-17.18314,138054,1493240,11433,151191.32861304283,-1167.333,-0.1096881,1.6051989,64.67225591797056
85539,547.92944,893750,0.9976988,0.9482422,0.12104564,-19.631721,138160,1494300,11443,151201.5330169201,-1182.4812,-0.102057874,1.3277129,64.63648608885813
85608,544.8372,894440,0.99766135,0.9429321,0.1297865,-19.923561,138277,1495470,11453,151211.78266096115,-1180.4456,-0.11639002,1.3795968,63.71842265987378
85671,545.2687,895070,0.9976661,0.9446411,0.13689509,-18.862476,138384,1496540,11463,151221.9983935356,-1173.1598,-0.115516454,2.0003505,63.22864831048232
85734,563.71625,895700,0.99767494,0.946228,0.1337815,-20.61146,138488,1497580,11473,151232.26828241348,-1205.8257,-0.10972427,1.780093,63.159678765810185
85798,556.28564,896340,0.9976766,0.9437256,0.14553586,-19.90318,138590,1498600,11483,151242.6642112732,-1185.1558,-0.1211621,2.4321997,63.68413803018524
85865,554.43744,897010,0.9976382,0.9393921,0.14292139,-19.543465,138693,1499630,11493,151252.94576954842,-1180.8196,-0.12219219,2.2799835,62.42346775163113
85929,563.94824,897650,0.9977124,0.94750977,0.1324677,-20.297966,138797,1500670,11503,151263.32393193245,-1190.5854,-0.10461688,2.4912438,62.07659387890928
85993,555.969,898290,0.9976506,0.94573975,0.14214039,-20.71637,138902,1501720,11513,151273.63754034042,-1184.1875,-0.107310094,2.7055135,61.84967767072254
86057,565.406,898930,0.9976611,0.94592285,0.13102841,-20.000809,139005,1502750,11523,151283.92707014084,-1194.935,-0.12322908,1.2440109,63.3123096930985
86120,556.19604,899560,0.99768925,0.9456787,0.13399124,-18.517828,139108,1503780,11533,151294.25356435776,-1169.9148,-0.11500482,1.9159275,62.94097554067223
86183,550.94116,900190,0.99766326,0.9445801,0.14232484,-17.99672,139209,1504790,11543,151304.67208695412,-1168.8638,-0.114692576,2.520357,62.99584925329036
86247,552.429,900830,0.997648,0.94403076,0.14416587,-19.994026,139314,1505840,11553,151314.92080426216,-1166.2144,-0.12622866,2.0575345,62.14300123551934
86312,575.5494,901480,0.9976554,0.94384766,0.13924736,-17.751625,139418,1506880,11563,151325.1569159031,-1210.9083,-0.1187762,1.7533617,63.291246755396315
86377,558.6729,902130,0.99766326,0.94317627,0.13879421,-18.783123,139520,1507900,11573,151335.4927790165,-1168.5503,-0.12074925,1.9026866,63.12201444560137
86440,577.7623,902760,0.99763894,0.94659424,0.1394118,-19.397673,139623,1508930,11583,151345.9085433483,-1194.3396,-0.12036304,2.1968672,62.52019433666078
86507,573.6953,903430,0.9976256,0.9411621,0.1518659,-19.111305,139729,1509990,11593,151356.1188235283,-1191.9233,-0.13328665,2.3371148,62.22584627795331
86569,554.37305,904050,0.99761677,0.9389038,0.14477344,-20.083622,139832,1511020,11603,151366.5331132412,-1178.7925,-0.13205214,1.2517967,60.80594750403488
86632,595.1384,904680,0.9976797,0.9508667,0.13463944,-16.662483,139938,1512080,11613,151376.88273859024,-1246.5294,-0.116052866,1.848262,61.484295975257446
86697,574.0924,905330,0.997663,0.94415283,0.13310257,-17.306534,140042,1513120,11623,151387.12047028542,-1213.427,-0.114352174,1.1711957,62.047035796225984
86758,606.4785,905940,0.9976456,0.94158936,0.1458747,-13.423231,140146,1514160,11633,151397.43560433388,-1257.4291,-0.13456291,1.786288,62.49900024120869
86825,587.29236,906610,0.99766755,0.944397,0.13696031,-14.884062,140249,1515190,11643,151407.68285536766,-1221.5303,-0.11806697,1.6240244,63.24227852282347
86889,603.138,907250,0.9976332,0.9417114,0.14775935,-12.036919,140351,1516210,11653,151418.02597880363,-1273.2291,-0.12741329,2.0544853,62.325636298076866
86953,595.01135,907890,0.9976778,0.9473877,0.13459311,-10.205383,140455,1517250,11663,151428.2827014923,-1266.1765,-0.11018324,1.5511708,62.23847030441582
87014,591.4658,908500,0.9976442,0.93981934,0.14706177,-11.620695,140556,1518260,11673,151438.69690465927,-1245.4271,-0.12356648,1.7376968,62.987320196595846
87080,574.3958,909160,0.99763846,0.94799805,0.153606,-14.010448,140660,1519300,11683,151448.99963879585,-1215.6055,-0.12020202,3.594924,60.023414984060345
87142,603.7882,909780,0.9976952,0.94525146,0.13162974,-17.566555,140764,1520340,11693,151459.2777776718,-1262.79,-0.11645612,1.665005,62.97242575560448
87209,587.4021,910450,0.99762106,0.94281006,0.1501723,-17.33313,140869,1521390,11703,151469.5611116886,-1238.122,-0.14069328,2.5311913,63.44931379081558
87270,586.0161,911060,0.9976413,0.9482422,0.14265713,-17.434223,140973,1522430,11713,151479.85717964172,-1229.6296,-0.113804445,2.9963365,63.16171475052418
87332,586.9292,911680,0.9976349,0.9468994,0.15487973,-16.20784,141065,1523350,11723,151490.13213706017,-1232.2955,-0.10888393,3.7370582,64.04649676863205
87400,576.55426,912360,0.997674,0.9454346,0.12915201,-16.053661,141180,1524500,11733,151500.54794812202,-1205.9985,-0.12176087,1.5747179,62.95378807919685
87464,588.80206,913000,0.9977093,0.9495239,0.12212795,-19.510052,141283,1525530,11743,151510.86363077164,-1242.82,-0.09823209,1.2667241,63.062594513856084
87521,590.6456,913570,0.9976096,0.93829346,0.1467854,-19.349773,141376,1526460,11753,151521.07986450195,-1239.3882,-0.13439749,2.042406,64.14631457126218
87593,584.2115,914290,0.99769664,0.94903564,0.122065514,-22.562384,141490,1527600,11763,151531.38691449165,-1230.4081,-0.10890338,1.1396718,61.830359810230746
87658,590.8706,914940,0.99766374,0.94281006,0.13494548,-21.187996,141591,1528610,11773,151541.74785971642,-1259.0236,-0.11743503,1.4036913,61.66229513318123
87722,597.52216,915580,0.997643,0.9423828,0.13263404,-21.400059,141692,1529620,11783,151552.02817082405,-1271.0159,-0.129913,1.2355578,62.33518851233407
87783,570.5659,916190,0.9976697,0.9456787,0.12776273,-21.963417,141795,1530650,11793,151562.6049888134,-1212.3318,-0.11497183,1.2741458,52.94643412234928
87849,574.40674,916850,0.99766016,0.94158936,0.13976905,-23.900833,141899,1531690,11803,151573.03171014786,-1214.8757,-0.11932594,1.8267043,62.87037882363136
87912,595.9112,917480,0.99762535,0.9458008,0.14942113,-22.021421,142005,1532750,11813,151583.306153059,-1270.5989,-0.12128197,3.5094452,61.88829255370533
87975,582.66406,918110,0.99762464,0.94158936,0.1518322,-23.91653,142110,1533800,11823,151593.5113620758,-1230.5222,-0.13022949,2.6122901,62.81027041584781
88035,565.25555,918710,0.9976442,0.94281006,0.15485609,-24.821629,142203,1534730,11833,151603.72697496414,-1213.9098,-0.1263758,3.1917038,65.4680704835071
88102,580.83984,919380,0.9976597,0.94573975,0.13069043,-24.59171,142320,1535900,11843,151614.02989149094,-1240.943,-0.12590976,1.4973062,63.77190349192955
88167,571.145,920030,0.9976878,0.95166016,0.120668925,-25.58152,142423,1536930,11853,151624.37308359146,-1235.1926,-0.105890706,1.4537506,59.59707044935229
88231,584.7081,920670,0.9976468,0.94799805,0.15307602,-28.30634,142526,1537960,11863,151634.7432308197,-1248.7711,-0.12112842,3.7478786,63.37721365971593
88315,567.55054,921510,0.9976647,0.9437256,0.13400751,-26.607864,142650,1539200,11876,151645.7554087639,-1222.0305,-0.119960785,1.5364581,63.30466510737025
88375,592.1891,922110,0.9976351,0.94573975,0.15247358,-27.983192,142744,1540140,11886,151656.05950737,-1256.8533,-0.12609008,3.410715,64.63114814685512
88438,585.84125,922740,0.9976561,0.9473877,0.13963875,-27.089693,142848,1541180,11896,151666.438672781,-1258.0356,-0.12449842,2.5361474,64.52065037070437
88504,579.08374,923400,0.99761224,0.93756104,0.15307963,-26.066572,142952,1542220,11906,151676.7270667553,-1241.5728,-0.1285232,2.1990478,64.24670539787726
88566,577.8703,924020,0.9976561,0.93933105,0.14223078,-27.79555,143058,1543280,11916,151686.9423983097,-1232.5258,-0.123398125,1.5523472,64.45132634786683
88636,579.25354,924720,0.99764895,0.94366455,0.14399272,-28.666603,143173,1544430,11926,151697.41762828827,-1245.4368,-0.1379408,2.1372476,63.67043752701011
88700,583.7567,925360,0.99756527,0.9450073,0.17356949,-28.548244,143274,1545440,11936,151707.72414255142,-1234.009,-0.12252071,5.147953,63.0188611385328
88764,594.48975,926000,0.99762845,0.9454346,0.15913427,-28.879494,143379,1546490,11946,151717.99380779266,-1275.4326,-0.118589446,4.0229936,62.658848261201534
88830,579.2385,926660,0.9976461,0.94506836,0.1518113,-29.07908,143478,1547480,11956,151728.24550175667,-1251.924,-0.098291166,3.7652454,62.04801105066878
88893,562.2209,927290,0.9976449,0.9467163,0.1526929,-27.480925,143581,1548510,11966,151738.58926081657,-1230.7793,-0.116604805,3.3833508,62.510134083293764
88955,573.3971,927910,0.99765444,0.9458008,0.13940509,-29.032255,143686,1549560,11976,151748.85797715187,-1241.6702,-0.12111609,2.5977387,62.62269908308589
89019,575.0853,928550,0.9977069,0.9489746,0.12467997,-29.006893,143788,1550580,11986,151759.4077656269,-1242.6504,-0.112126246,1.6004965,62.744219248524516
89081,553.12476,929170,0.9976864,0.94525146,0.13204248,-29.142303,143890,1551600,11996,151769.75979566574,-1201.7881,-0.112124994,1.6487576,63.81834240199627
89141,586.3945,929770,0.99766827,0.94873047,0.12862462,-29.6649,143982,1552520,12006,151779.96171998978,-1273.599,-0.116755165,2.1458185,65.22915542803045
89212,546.9269,930480,0.99770474,0.94488525,0.13193062,-30.000843,144098,1553680,12016,151790.3070590496,-1176.8132,-0.11242231,1.7190077,62.2922844116512
89268,522.33276,931040,0.99767756,0.9397583,0.13857663,-27.616758,144192,1554620,12026,151800.57192254066,-1145.6548,-0.12507777,2.0715413,64.11112400806871
89340,540.59607,931760,0.9976988,0.9460449,0.13903049,-29.264524,144308,1555780,12036,151810.87682652473,-1167.8534,-0.101645395,3.0231304,63.99005281581022
89403,540.8729,932390,0.9977038,0.9501343,0.11831368,-26.394644,144407,1556770,12046,151821.29378199577,-1157.4753,-0.10840103,1.5318085,62.72520339185432
89467,551.96594,933030,0.9976661,0.9442749,0.13403976,-26.497498,144508,1557780,12056,151831.65371489525,-1184.1768,-0.110748,2.4558187,62.09967161385769
89530,544.759,933660,0.9976821,0.9463501,0.13373534,-25.65262,144611,1558810,12066,151841.9387600422,-1171.4413,-0.11110452,2.6317952,61.182400212241156
89593,552.9649,934290,0.99768925,0.9446411,0.12598622,-23.645409,144714,1559840,12076,151852.16964745522,-1180.4017,-0.123160675,1.2775607,62.48545577747687
89659,543.85,934950,0.9977236,0.95288086,0.11569544,-24.003088,144819,1560890,12086,151862.40442872047,-1160.8298,-0.105719134,1.6855627,61.76059702000765
89721,543.0541,935570,0.9976988,0.94555664,0.124421075,-24.5601,144925,1561950,12096,151872.80332946777,-1150.875,-0.113808945,1.4761761,59.76348363511687
89786,541.2983,936220,0.99769306,0.9483032,0.12720695,-24.031176,145028,1562980,12106,151883.10872220993,-1137.1565,-0.1018381,1.9882344,58.56437958319189
89851,553.86945,936870,0.99769926,0.9503784,0.1283566,-22.906466,145131,1564010,12116,151893.44024157524,-1161.6375,-0.112387896,2.2820885,63.19743269620811
89915,543.1767,937510,0.997679,0.9470215,0.12907918,-21.893215,145235,1565050,12126,151903.68633174896,-1140.074,-0.114254884,1.8833896,62.4222774378156
89977,556.25684,938130,0.99775386,0.9562378,0.11133287,-20.103825,145339,1566090,12136,151913.94889354706,-1161.2156,-0.088646725,1.6484263,63.076227327338124
90043,555.8237,938790,0.997663,0.95202637,0.15778941,-21.37191,145441,1567110,12146,151924.22717142105,-1159.5598,-0.11179887,5.4648404,62.893151760763935
90108,542.04065,939440,0.9977093,0.9470215,0.12500077,-21.05151,145540,1568100,12156,151934.64329838753,-1120.0038,-0.10500596,1.6437399,61.85197211222392
90173,553.94446,940090,0.9976573,0.93914795,0.14754261,-21.981205,145643,1569130,12166,151944.93537211418,-1160.1525,-0.12020601,2.3239765,61.38340374494494
90236,545.33466,940720,0.99765205,0.93756104,0.13913684,-18.57743,145746,1570160,12176,151955.38144874573,-1129.325,-0.13123636,1.5140885,61.8312000855019
90299,570.10034,941350,0.99769115,0.9439087,0.12892416,-18.490847,145847,1571170,12186,151965.6726038456,-1179.6204,-0.11815631,1.5554664,60.800107994271414
90362,561.541,941980,0.9976218,0.9423218,0.14944577,-15.515398,145952,1572220,12196,151975.94307661057,-1160.7158,-0.11932631,2.5678554,61.43394903349287
90428,570.9132,942640,0.99769807,0.9493408,0.129949,-18.92556,146055,1573250,12206,151986.2610025406,-1180.392,-0.111505345,2.0795305,61.63327169289561
90492,551.7804,943280,0.9976878,0.94329834,0.13574567,-22.463945,146158,1574280,12216,151996.61890292168,-1149.504,-0.11514242,1.7737832,62.26822554821972
90553,547.59094,943890,0.99766374,0.9454956,0.13114908,-19.143993,146264,1575340,12226,152006.8888669014,-1150.47,-0.12132485,1.268507,61.242519600607324
90618,564.7228,944540,0.99763894,0.942688,0.14309913,-18.941494,146364,1576340,12236,152017.30233693123,-1178.6033,-0.12435223,2.2869048,59.50142793431414
90684,555.3235,945200,0.9976742,0.9460449,0.13110541,-23.16459,146465,1577350,12246,152027.6757478714,-1173.4944,-0.11921102,1.3131714,61.71574136703003
90746,569.3905,945820,0.99768806,0.9421387,0.13962965,-18.989866,146568,1578380,12256,152037.96494221687,-1190.0255,-0.119648635,1.9281564,61.32601965600281
90812,554.9313,946480,0.99771047,0.94836426,0.12563376,-20.003258,146671,1579410,12266,152048.22590708733,-1172.2616,-0.11151038,1.6860784,61.15671068654377
90870,561.8372,947060,0.9976325,0.9425049,0.15405953,-14.428787,146761,1580310,12276,152058.63831043243,-1181.7817,-0.12117547,3.334269,64.28426175182129
90934,553.704,947700,0.99770594,0.94750977,0.12956129,-14.504425,146865,1581350,12286,152068.8785982132,-1161.5537,-0.10443142,2.1419575,64.01059135208091
91003,552.8096,948390,0.9977083,0.94403076,0.13649964,-14.871694,146980,1582500,12296,152079.2243001461,-1160.909,-0.11821622,2.2206938,60.936222684757766
91066,544.5159,949020,0.99767494,0.94732666,0.12944743,-15.114123,147082,1583520,12306,152089.57642650604,-1151.6205,-0.11497138,2.1612897,63.26387544224658
91131,563.27545,949670,0.9976964,0.9475708,0.13252804,-15.902563,147188,1584580,12316,152099.8656167984,-1181.8326,-0.11802398,2.0207133,62.59691002393013
91197,556.877,950330,0.99768853,0.95007324,0.1289667,-15.275217,147291,1585610,12326,152110.17353200912,-1161.9769,-0.11956388,2.099208,62.425529134150885
91261,577.0714,950970,0.99768305,0.9434204,0.13010816,-14.849891,147391,1586610,12336,152120.5200638771,-1195.7297,-0.109896086,1.7139493,61.10332381849884
91325,559.51794,951610,0.9977186,0.95196533,0.115669236,-13.552164,147492,1587620,12346,152130.84811019897,-1161.8907,-0.11066364,1.4399922,63.26326414651005
91387,567.7731,952230,0.997705,0.9460449,0.12364143,-14.810907,147595,1588650,12356,152141.11585521698,-1179.0336,-0.10210093,1.4453962,63.44947876188693
91452,564.4573,952880,0.9976759,0.9499512,0.123581454,-17.507727,147694,1589640,12366,152151.60333681107,-1172.6576,-0.110784404,1.720366,62.843649778613084
91516,564.59467,953520,0.9977031,0.94537354,0.12520124,-16.813324,147796,1590660,12376,152161.98608660698,-1179.4746,-0.107311584,1.4756136,61.81950949336115
91580,571.7173,954160,0.9977293,0.95111084,0.113879874,-19.04055,147898,1591680,12386,152172.3909356594,-1181.4053,-0.10509655,1.3931592,61.207497247280514
91646,574.78955,954820,0.99769115,0.9466553,0.121452086,-20.0526,148000,1592700,12396,152182.72251939774,-1183.439,-0.11000905,1.1615205,62.99896877456905
91707,551.97296,955430,0.997715,0.94763184,0.12323497,-18.313892,148103,1593730,12406,152193.04535484314,-1147.6941,-0.105481304,1.6000303,63.91961098957776
91774,570.5563,956100,0.99770284,0.95062256,0.12624076,-18.2645,148205,1594750,12416,152203.33929371834,-1167.0491,-0.10872467,1.9000022,61.18055955040507
91837,578.35144,956730,0.9976568,0.9437866,0.13373837,-17.871096,148307,1595770,12426,152213.7921476364,-1177.6345,-0.12526871,2.0137994,62.4737345910524
91899,564.2894,957350,0.99774885,0.9486084,0.11962944,-20.1609,148408,1596780,12436,152224.08829426765,-1159.77,-0.09921695,1.5607675,63.6674323616952
91963,573.37085,957990,0.9977064,0.9489136,0.12664911,-17.33653,148511,1597810,12446,152234.41667246819,-1174.3378,-0.1008834,1.6672354,60.39305103686167
92030,572.2012,958660,0.9976771,0.9425049,0.13564563,-16.509697,148611,1598810,12456,152244.7305715084,-1167.4285,-0.11395943,1.8967817,61.783298157103104
92091,570.04224,959270,0.99764967,0.94055176,0.14631818,-16.581785,148713,1599830,12466,152255.09452915192,-1165.2006,-0.1268508,2.1005492,61.75833776980619
92156,558.8021,959920,0.9977238,0.95318604,0.120260015,-13.33325,148817,1600870,12476,152265.3827137947,-1133.9197,-0.10008631,1.9037244,60.909136207423124
92221,565.91174,960570,0.9977045,0.947876,0.12670769,-17.217957,148918,1601880,12486,152275.76202368736,-1166.6866,-0.114789225,1.7544589,60.324512900077465
92285,564.19684,961210,0.9976826,0.95184326,0.119861275,-10.691109,149023,1602930,12496,152286.10922789574,-1166.343,-0.10986748,1.3541934,61.17798002132742
92347,568.89996,961830,0.9976804,0.94750977,0.121961676,-12.638762,149128,1603980,12506,152296.42731499672,-1178.2461,-0.11266747,1.3061092,61.80805102404992
92410,563.12964,962460,0.99765444,0.9425049,0.14111641,-12.833352,149228,1604980,12516,152306.76990509033,-1164.7383,-0.12258883,2.2734718,59.938630413497364
92476,557.55945,963120,0.99770355,0.9486084,0.12467286,-14.632462,149330,1606000,12526,152317.02904105186,-1164.3313,-0.10632371,1.8507624,60.54460300594472
92542,559.31006,963780,0.99764013,0.94329834,0.1388729,-16.5657,149432,1607020,12536,152327.28961706161,-1174.7238,-0.12468487,2.407033,60.5284663810359
92604,569.44885,964400,0.9976964,0.94976807,0.123741314,-19.780018,149536,1608060,12546,152337.54338765144,-1195.3142,-0.111985505,1.4970813,60.99393254153186
92666,559.51965,965020,0.9977145,0.94641113,0.12478246,-20.06793,149638,1609080,12556,152347.92885136604,-1160.049,-0.099440396,1.5821538,61.870276733809945
92732,563.4256,965680,0.9976189,0.9397583,0.1427933,-16.076881,149740,1610100,12566,152358.27424883842,-1183.4651,-0.124763675,2.306705,63.112798285552394
92795,558.85474,966310,0.9977007,0.9468994,0.13318577,-19.097336,149845,1611150,12576,152368.54286646843,-1179.146,-0.09787695,2.16664,61.05534832433849
92859,536.7083,966950,0.9976826,0.9480591,0.123446174,-18.155596,149948,1612180,12586,152378.89903354645,-1136.0005,-0.108872354,1.8575236,62.29777792940162
92925,544.1637,967610,0.9976735,0.9468994,0.13266188,-17.62389,150048,1613180,12596,152389.17957615852,-1150.208,-0.10934709,2.162911,63.312115569444856
92988,540.64166,968240,0.99767756,0.9470825,0.12217119,-17.04037,150150,1614200,12606,152399.45425915718,-1135.833,-0.110534005,1.1705576,62.97094851655444
93052,532.42993,968880,0.99769664,0.94903564,0.11400673,-21.01733,150251,1615210,12616,152409.8926270008,-1117.8478,-0.102739125,1.0327492,63.11097318184939
93117,531.25653,969530,0.997736,0.94921875,0.11568469,-20.929928,150351,1616210,12626,152420.24881577492,-1116.4441,-0.10119408,1.3121688,61.61602631418875
93181,523.2726,970170,0.99770045,0.95080566,0.12141436,-20.71119,150453,1617230,12636,152430.5500934124,-1104.7222,-0.10582764,1.913334,61.170702738941564
93244,539.13293,970800,0.997746,0.9547119,0.11738422,-20.751846,150554,1618240,12646,152440.8895099163,-1118.8529,-0.07958889,2.3557115,62.82357379601324
93307,531.5381,971430,0.9976928,0.9483032,0.12111019,-22.19532,150659,1619290,12656,152451.05279135704,-1115.5435,-0.112580836,1.2563283,62.19974882406099
93371,517.7994,972070,0.99771714,0.951416,0.116682336,-23.576515,150764,1620340,12666,152461.23973107338,-1085.1653,-0.11229799,1.2454886,62.88817153364787
93436,528.9649,972720,0.99767804,0.9434204,0.13700704,-22.069664,150866,1621360,12676,152471.7292459011,-1110.7356,-0.11346224,2.297876,62.00610277516886
93499,529.51306,973350,0.9976864,0.94573975,0.1305027,-19.036629,150968,1622380,12686,152482.1369047165,-1113.4413,-0.11735821,1.7640945,62.59107173752156
93564,515.656,974000,0.9977217,0.94628906,0.12628362,-23.504366,151073,1623430,12696,152492.37059736252,-1088.9137,-0.10834835,1.925981,61.676462830364336
93628,538.14453,974640,0.99767876,0.9454956,0.12892613,-22.189411,151175,1624450,12706,152502.74593877792,-1114.1658,-0.11380463,1.9954512,61.79057970047037
93692,532.2787,975280,0.99773,0.9527588,0.1101092,-24.258007,151276,1625460,12716,152513.0209183693,-1122.4279,-0.08905865,1.392617,62.05783701519962
93754,535.1764,975900,0.99769783,0.9508667,0.14416,-25.22828,151375,1626450,12726,152523.32949733734,-1119.5557,-0.10216792,3.8535047,62.56492957713652
93820,531.7056,976560,0.99770975,0.9501343,0.11507837,-26.431656,151479,1627490,12736,152533.56881427765,-1124.9487,-0.09725137,1.2053705,62.885976358558274
93883,513.92505,977190,0.9976752,0.94555664,0.1272339,-26.567429,151581,1628510,12746,152544.01280641556,-1094.9518,-0.12230483,1.5835965,62.818839792865624
93946,542.9603,977820,0.99768543,0.94958496,0.119209126,-29.467468,151686,1629560,12756,152554.22169923782,-1144.4941,-0.106414646,1.2507089,61.604006944452415
94013,528.6353,978490,0.99769807,0.95025635,0.12349085,-30.179283,151788,1630580,12766,152564.47099590302,-1117.3417,-0.09808729,1.9233546,63.02088805456456
94078,522.2268,979140,0.99766207,0.94488525,0.13097936,-25.974915,151889,1631590,12776,152574.72296237946,-1099.709,-0.11260232,1.8851397,62.06861329193506
94141,513.7693,979770,0.9977226,0.9489136,0.11582573,-28.530096,151990,1632600,12786,152584.98884749413,-1084.5007,-0.108012766,1.38868,62.62557720954051
94203,518.53503,980390,0.9977391,0.9515381,0.105761655,-27.043303,152093,1633630,12796,152595.2209894657,-1087.9729,-0.10024424,0.9534113,63.29649998196147
94268,512.78735,981040,0.9977288,0.94940186,0.117740944,-27.61739,152195,1634650,12806,152605.64205622673,-1088.7341,-0.09737331,1.9661903,62.93703540537797
94333,521.83777,981690,0.99771214,0.94854736,0.12117011,-28.06147,152294,1635640,12816,152615.98282575607,-1100.542,-0.09944619,1.7871122,62.987349756061846
94393,517.77594,982290,0.99773026,0.95233154,0.11698633,-25.825851,152393,1636630,12826,152626.35009765625,-1102.7212,-0.101663634,1.8130956,61.72852831169249
94457,535.6599,982930,0.9976938,0.9534302,0.11810599,-26.906502,152498,1637680,12836,152636.6306092739,-1120.866,-0.11034341,1.7354913,62.28225401353091
94524,525.31726,983600,0.9977107,0.94873047,0.11972441,-23.32452,152601,1638710,12846,152646.88598680496,-1112.8326,-0.11325781,1.1721344,61.4146089351029
94588,512.55585,984240,0.9977188,0.9503174,0.11647261,-19.179924,152702,1639720,12856,152657.13672184944,-1090.8745,-0.10289475,1.1492653,62.49293287576421
94652,505.29907,984880,0.9976871,0.9484253,0.11905206,-17.39724,152802,1640720,12866,152667.57988262177,-1076.6443,-0.10576909,1.2215657,57.82386858224219
94715,538.5152,985510,0.9976764,0.9449463,0.124712996,-20.55545,152902,1641720,12876,152677.94713759422,-1147.5782,-0.11402036,0.994055,63.07765022141231
94781,522.0182,986170,0.99768233,0.94714355,0.11922072,-19.834103,153002,1642720,12886,152688.33390808105,-1116.333,-0.104412824,1.0143836,62.55462168424482
94841,511.58554,986770,0.9977045,0.9517212,0.117377326,-20.712576,153105,1643750,12896,152698.64751267433,-1101.5697,-0.111500464,0.99628437,62.060950415133846
94907,520.5507,987430,0.99767375,0.946228,0.12872243,-19.713755,153206,1644760,12906,152708.94926023483,-1121.1572,-0.11557193,1.6161904,62.68351736984438
94973,539.6726,988090,0.99767923,0.9454346,0.12763216,-17.742712,153305,1645750,12916,152719.3358387947,-1155.2766,-0.11717433,1.3138999,58.39526808458799
95037,531.18115,988730,0.99769783,0.94921875,0.119012944,-20.140894,153405,1646750,12926,152729.63030219078,-1137.7794,-0.1126965,1.1237195,61.38798001906801
95100,523.88245,989360,0.99765253,0.9433594,0.13015783,-18.83133,153508,1647780,12936,152740.05213570595,-1135.5525,-0.12867099,1.2553338,61.228815894397435
95163,538.7312,989990,0.9976585,0.9421997,0.1411819,-19.894472,153611,1648810,12946,152750.41952085495,-1161.2761,-0.13297538,1.7011361,61.47162408151105
95228,540.7177,990640,0.9976876,0.94506836,0.1295281,-20.563095,153710,1649800,12956,152760.70967555046,-1154.6755,-0.11586264,1.2524747,60.83273547306048
95292,548.4927,991280,0.99771833,0.94921875,0.12689406,-21.704422,153813,1650830,12966,152771.1367919445,-1174.0145,-0.11033132,1.6577317,60.952923491932296
95354,538.9584,991900,0.9976909,0.94921875,0.13028964,-22.85329,153915,1651850,12976,152781.49723768234,-1166.4344,-0.11163116,2.5023532,61.02972373374366
95418,543.72046,992540,0.99775434,0.9494629,0.11451812,-21.566658,154016,1652860,12986,152791.84439182281,-1170.1282,-0.09746709,1.1679155,60.32327928326354
95483,550.2699,993190,0.99770427,0.9501953,0.1283773,-21.898449,154116,1653860,12996,152802.29410338402,-1185.7466,-0.097330704,2.3881338,57.27247407664068
95548,540.43286,993840,0.99769425,0.94781494,0.12841962,-23.689224,154217,1654870,13006,152812.72986268997,-1170.1434,-0.10867318,1.9189491,56.529686484892835
95613,557.761,994490,0.99766254,0.9448242,0.13502625,-22.617014,154318,1655880,13016,152823.04491782188,-1198.1979,-0.11408743,1.8731562,60.810024807847356
95677,546.6035,995130,0.9976969,0.9525757,0.11501889,-20.272896,154417,1656870,13026,152833.33683919907,-1183.1697,-0.105353355,0.9025933,60.71573949421693
95740,535.65857,995760,0.99774027,0.9525757,0.11620198,-20.700016,154519,1657890,13036,152843.67819571495,-1150.6321,-0.09269372,1.6884075,63.218031244517135
95803,538.6343,996390,0.99767923,0.94677734,0.124276936,-22.238277,154620,1658900,13046,152853.96756768227,-1157.115,-0.110920236,1.1171901,63.64210360106508
95866,549.9642,997020,0.99769926,0.9519043,0.11806968,-20.873528,154721,1659910,13056,152864.34230399132,-1193.3081,-0.10204339,1.6217229,62.091426570278834
95930,556.04193,997660,0.99767613,0.9439697,0.13794786,-20.216377,154823,1660930,13066,152874.75767564774,-1193.5627,-0.110743165,2.2367082,63.980794949331
95996,566.37573,998320,0.9977274,0.9492798,0.11586948,-20.8227,154926,1661960,13076,152885.03508090973,-1202.5322,-0.09784424,1.5039309,62.203265657209805
96060,554.9606,998960,0.99773383,0.95129395,0.118863836,-19.779465,155027,1662970,13086,152895.2558479309,-1185.0859,-0.09969884,1.936978,62.4264872878646
96125,554.03613,999610,0.99773264,0.9495239,0.11781703,-20.733871,155126,1663960,13096,152905.57243347168,-1174.6315,-0.09685244,1.5139077,62.151749245722364
96189,538.0361,1000250,0.9976733,0.94647217,0.12127658,-19.858517,155227,1664970,13106,152915.81364130974,-1141.172,-0.116474725,1.0941188,61.32906005752838
96250,554.4866,1000860,0.99761534,0.9404297,0.17469862,-20.046673,155331,1666010,13116,152926.05247163773,-1176.5273,-0.118623346,5.727054,62.07841707069738
96316,573.4081,1001520,0.9976876,0.9460449,0.12517613,-22.183891,155432,1667020,13126,152936.45096755028,-1205.0083,-0.10978347,1.3520942,62.229986394204566
96380,550.3815,1002160,0.99767876,0.944397,0.1253803,-23.730364,155534,1668040,13136,152946.70967125893,-1161.7268,-0.11616473,0.93924904,62.31177632191341
96441,565.05237,1002770,0.99769497,0.9456177,0.13243687,-23.870758,155638,1669080,13146,152956.9761493206,-1188.8213,-0.10365063,1.9790328,63.25436442237589
96508,556.2384,1003440,0.99766135,0.946228,0.13772818,-23.40454,155735,1670050,13156,152967.3305258751,-1167.416,-0.11308281,2.8707113,61.08751360007574
96572,564.8574,1004080,0.99768734,0.9453125,0.13374461,-24.511974,155837,1671070,13166,152977.62444996834,-1205.5774,-0.109850824,1.7960838,62.595391964690045
96637,558.87256,1004730,0.9976866,0.9472046,0.12377306,-25.563057,155934,1672040,13176,152987.91851449013,-1180.6917,-0.113799766,1.3586701,62.302361421086054
96701,556.31384,1005370,0.99765134,0.94451904,0.14010203,-27.623459,156036,1673060,13186,152998.34370732307,-1188.1145,-0.11575872,2.2016077,59.31587075532673
96764,575.1054,1006000,0.9977138,0.9555054,0.11315434,-29.896593,156139,1674090,13196,153008.69373178482,-1221.4829,-0.10170028,1.0515804,62.08530884170916
96829,583.0908,1006650,0.9976852,0.944397,0.13119456,-26.09888,156239,1675090,13206,153018.97226166725,-1234.4181,-0.11521654,1.3376377,62.08387292989543
96892,582.0773,1007280,0.99771786,0.9522705,0.12322561,-27.030699,156342,1676120,13216,153029.29697489738,-1243.5531,-0.09234904,1.8465784,62.454083117638504
96954,573.42786,1007900,0.9976618,0.9440918,0.13710357,-26.418629,156444,1677140,13226,153039.58645534515,-1206.1996,-0.11569883,1.8619244,62.436317320672806
97020,553.09485,1008560,0.99769545,0.9491577,0.12570944,-25.933136,156546,1678160,13236,153049.88749933243,-1183.7672,-0.10986145,1.5822008,62.11803691277109
97084,572.36584,1009200,0.99769306,0.94885254,0.12983856,-26.490135,156646,1679160,13246,153060.29307675362,-1205.3333,-0.11279873,2.013723,57.143252239234265
97148,562.2749,1009840,0.99766994,0.9467163,0.13110867,-26.10468,156749,1680190,13256,153070.86139845848,-1197.0183,-0.12309496,1.9731545,61.178886317567645
97212,571.9718,1010480,0.9977429,0.95092773,0.12309763,-27.404621,156851,1681210,13266,153081.1294298172,-1209.656,-0.10279791,1.7870464,61.04544851903609
97277,589.2111,1011130,0.99772906,0.95129395,0.113775566,-27.771948,156950,1682200,13276,153091.517557621,-1227.7407,-0.107435666,1.3380979,62.37313680799999
97339,576.2238,1011750,0.9977174,0.9492798,0.12153803,-26.893564,157051,1683210,13286,153101.8641769886,-1229.5817,-0.10256715,1.4448152,59.0832338471399
97402,567.3584,1012380,0.9977112,0.9472046,0.12603983,-27.398891,157151,1684210,13296,153112.1433737278,-1194.4229,-0.10363807,1.695822,61.22810363700271
97466,579.41016,1013020,0.9976506,0.9492798,0.13619502,-27.92757,157251,1685210,13306,153122.4888651371,-1208.289,-0.11302468,2.3355942,62.84197261210391
97531,589.62305,1013670,0.9976647,0.9473877,0.124784544,-26.382347,157348,1686180,13316,153133.04730582237,-1226.912,-0.11547751,1.1182953,62.688860511888294
97594,589.32166,1014300,0.99766374,0.9420166,0.13940704,-25.039635,157447,1687170,13326,153143.5972483158,-1242.4844,-0.11212714,1.8719487,53.81144945970137
97658,583.1188,1014940,0.99764085,0.9442749,0.12927341,-24.421896,157550,1688200,13336,153153.93605422974,-1228.2427,-0.12594,0.9562496,63.946379800377386
97717,613.1707,1015530,0.99767995,0.9500122,0.12220329,-22.44492,157639,1689090,13346,153164.1921594143,-1285.978,-0.1064191,1.3306319,64.35532489152861
97782,594.09106,1016180,0.99768496,0.9472656,0.13273966,-21.97693,157741,1690110,13356,153174.42048192024,-1245.6108,-0.1100214,1.2463803,65.22660359345284
97845,607.61487,1016810,0.9976585,0.9432373,0.13591379,-23.9425,157841,1691110,13366,153184.70152688026,-1288.124,-0.12435866,1.1843464,65.67490177589957
97913,602.94946,1017490,0.9976444,0.94470215,0.1352505,-22.783817,157954,1692240,13376,153195.09023070335,-1282.6528,-0.13510528,1.3844526,61.547127087201495
97973,610.5867,1018090,0.9976456,0.940979,0.14603195,-27.735615,158042,1693120,13386,153205.42499804497,-1292.3988,-0.12248562,1.6165558,64.47292086682047
98039,605.5945,1018750,0.9976573,0.94525146,0.14171076,-25.925571,158147,1694170,13396,153215.66818284988,-1286.2102,-0.121724844,2.181236,65.11529415417576
98102,588.03345,1019380,0.9975877,0.93585205,0.15899727,-28.306974,158245,1695150,13406,153225.93994784355,-1261.4963,-0.13868201,1.5021244,65.26103055047848
98166,617.5148,1020020,0.9976678,0.946228,0.14053735,-25.584167,158347,1696170,13416,153236.21577715874,-1331.2473,-0.12032629,1.8279922,64.8931365232655
98233,611.2645,1020690,0.9976773,0.94976807,0.1281921,-25.261076,158460,1697300,13426,153246.600151062,-1307.6931,-0.11317934,1.2128208,63.15902490075649
98293,613.3812,1021290,0.99765086,0.9423218,0.13614051,-26.21484,158546,1698160,13436,153256.94902324677,-1333.8156,-0.12955657,1.4376323,64.10487739292867
98362,613.56433,1021980,0.9976852,0.9499512,0.1324134,-24.538326,158656,1699260,13446,153267.3832976818,-1333.3304,-0.110995576,1.9675034,62.97421330752764
98427,619.73956,1022630,0.99762726,0.94085693,0.14546326,-24.866447,158756,1700260,13456,153277.7307100296,-1339.2302,-0.135419,1.6819662,62.37458613166689
98491,616.4144,1023270,0.9976649,0.947876,0.129922,-21.438137,158855,1701250,13466,153288.0450000763,-1352.1672,-0.119659275,1.4410284,61.57289150449911
98555,599.01733,1023910,0.99766874,0.9453125,0.12916699,-25.848713,158954,1702240,13476,153298.32530140877,-1318.4517,-0.122900724,1.2065029,62.310243133373426
98618,590.24475,1024540,0.99766207,0.94818115,0.14826351,-24.547272,159054,1703240,13486,153308.69266414642,-1301.6072,-0.121689476,3.482033,62.293224023629314
98684,596.67847,1025200,0.9976485,0.9435425,0.14428702,-25.775389,159150,1704200,13496,153318.97732567787,-1310.7717,-0.12614928,1.7548463,61.83178401905568
98744,627.77625,1025800,0.997643,0.94104004,0.1410219,-23.808146,159243,1705130,13506,153329.48229503632,-1362.8708,-0.12482826,1.5429237,64.31273904455968
98815,616.4907,1026510,0.9976964,0.9519043,0.121262126,-22.457348,159352,1706220,13516,153339.81132674217,-1343.9707,-0.1123354,1.7148081,61.06083417098915
98875,601.3482,1027110,0.99770355,0.9517212,0.12392192,-23.939224,159451,1707210,13526,153350.12460255623,-1323.013,-0.1020882,1.7522552,61.96415094818713
98939,602.29016,1027750,0.99769783,0.94940186,0.118437774,-22.50843,159549,1708190,13536,153360.43032979965,-1331.2719,-0.104292825,1.1041822,61.93281361862039
99004,617.0777,1028400,0.99766064,0.9458618,0.1313388,-23.722408,159652,1709220,13546,153370.85525870323,-1340.6521,-0.11135766,2.0237978,60.94261412460483
99067,607.66187,1029030,0.99770594,0.9517822,0.118255936,-25.371243,159752,1710220,13556,153381.25236654282,-1317.2161,-0.105357304,1.5415149,61.19817587865576
99131,614.4897,1029670,0.9976742,0.94421387,0.12732022,-22.624952,159852,1711220,13566,153391.77680659294,-1332.9554,-0.11589986,1.3897462,61.05902859364192
99197,605.11584,1030330,0.99766445,0.944397,0.13182011,-21.235348,159950,1712200,13576,153402.15581798553,-1303.3188,-0.103199005,2.452435,60.57232291705215
99260,584.59515,1030960,0.99769807,0.9489136,0.11893955,-21.119026,160051,1713210,13586,153412.46228647232,-1254.117,-0.0973715,1.4025283,61.44359552290085
99322,611.17773,1031580,0.99771214,0.94763184,0.12550606,-22.37527,160151,1714210,13596,153422.80308771133,-1306.3625,-0.093479276,2.1317415,61.95874471175563
99388,604.31616,1032240,0.99771357,0.95288086,0.114618994,-22.083225,160250,1715200,13606,153433.09315133095,-1287.8496,-0.101665914,1.5787096,62.33589780863921
99453,612.0305,1032890,0.9976828,0.947876,0.1290542,-21.316528,160349,1716190,13616,153443.48886299133,-1286.74,-0.11847174,2.0392559,60.46614410755966
99516,609.75476,1033520,0.99770045,0.95196533,0.11108415,-17.279911,160449,1717190,13626,153454.01532912254,-1290.6688,-0.09968723,1.324254,58.12993920116972
99574,609.9258,1034100,0.99771905,0.951416,0.11451458,-18.629766,160540,1718100,13636,153464.27007365227,-1273.1924,-0.101231664,1.3280256,65.21799856753155
99639,620.3486,1034750,0.9976628,0.9454346,0.15735018,-18.95486,160641,1719110,13646,153474.55218958855,-1290.564,-0.10587089,4.2004886,65.19104135004373
99707,592.67896,1035430,0.9976957,0.94903564,0.12712745,-19.46277,160755,1720250,13656,153484.81480503082,-1236.7832,-0.10933405,1.9465911,63.732461583352546
99765,622.53955,1036010,0.99769545,0.94903564,0.122664556,-19.469515,160843,1721130,13666,153495.09999775887,-1294.4618,-0.111433305,1.2091466,64.05092855614059
99834,618.9618,1036700,0.9977038,0.95147705,0.11705517,-21.35934,160953,1722230,13676,153505.49588155746,-1286.815,-0.10730237,1.1872773,61.48070507496953
99898,620.0337,1037340,0.99768806,0.9525757,0.12096902,-16.13294,161051,1723210,13686,153515.82866811752,-1284.2559,-0.10341823,1.7035525,63.55170055287885
99963,605.1782,1037990,0.9977002,0.9472656,0.11903782,-18.54795,161152,1724220,13696,153526.22080659866,-1250.3396,-0.10676785,1.0980753,63.74537135323237
100026,602.04266,1038620,0.99772716,0.9530029,0.11118989,-20.699675,161255,1725250,13706,153536.48908352852,-1240.26,-0.09740782,1.2839856,63.867234607091135
100089,622.9735,1039250,0.9977627,0.9557495,0.10723148,-16.673214,161354,1726240,13716,153546.77871727943,-1274.0383,-0.09376181,1.3402368,62.80931514131633
100152,606.92346,1039880,0.9976835,0.9440918,0.12997884,-19.217299,161454,1727240,13726,153557.0469892025,-1260.0897,-0.11750882,1.8623648,63.35965165291616
100216,595.4733,1040520,0.9976988,0.9480591,0.13348144,-20.60117,161541,1728110,13736,153567.46423244476,-1227.9617,-0.10015656,2.4435024,64.93979371517113
100282,602.5995,1041180,0.99771166,0.9527588,0.12303192,-20.814426,161651,1729210,13746,153577.7784488201,-1263.3245,-0.11029084,2.4151397,62.612080062902365
100346,611.4673,1041820,0.99768114,0.951355,0.11216813,-21.65554,161750,1730200,13756,153588.28967642784,-1265.9016,-0.11035745,1.1244528,62.40360126297133
100412,615.5884,1042480,0.99767494,0.94818115,0.124574706,-19.049488,161849,1731190,13766,153598.62115740776,-1275.7369,-0.11321729,1.6040967,62.33993676258333
100476,602.301,1043120,0.99772096,0.9473877,0.11959283,-18.65372,161946,1732160,13776,153608.92679214478,-1252.4141,-0.11063249,1.3781478,61.10029184965122
100540,607.165,1043760,0.9976957,0.94628906,0.12595719,-19.219757,162045,1733150,13786,153619.2546491623,-1267.1034,-0.10818319,1.9092882,61.88073119347415
102271,589.1332,1061070,0.9973452,0.89746094,0.24990973,-22.437084,163354,1746240,13891,153727.48994374275,-1224.9269,-0.21824034,2.5231273,0.0
102329,579.1251,1061650,0.99734473,0.89556885,0.24471475,-23.011513,163445,1747150,13892,153750.32001924515,-1195.959,-0.23440886,1.6239887,2.803319682113372
102329,611.67236,1061650,0.9973757,0.89367676,0.24609202,-18.691608,163531,1748010,13895,153761.99115681648,-1276.1583,-0.21256106,2.061753,17.170027598900752
102329,598.2379,1061650,0.99732876,0.897583,0.23463735,-19.15513,163608,1748780,13898,153773.42179441452,-1257.4121,-0.21563403,1.468406,16.631052951693235
102350,625.53125,1061860,0.9974034,0.89959717,0.23617984,-20.62168,163681,1749510,13901,153787.4534521103,-1302.7426,-0.21142226,1.8624032,12.765944729904437
102371,621.9287,1062070,0.99739695,0.9026489,0.22113915,-23.825754,163742,1750120,13904,153801.0312142372,-1284.9299,-0.20470515,1.1415,14.46714481342947
102388,621.5927,1062240,0.9974086,0.9147339,0.21977934,-23.4819,163808,1750780,13907,153813.87413764,-1305.6586,-0.18673047,3.1740835,14.753571016557707
102406,617.6974,1062420,0.99748373,0.9165039,0.19922437,-19.328762,163872,1751420,13910,153828.0854871273,-1289.0271,-0.18304783,1.8864038,11.951407827013488
102419,622.24634,1062550,0.9974904,0.91534424,0.20718098,-18.840202,163930,1752000,13912,153840.21671962738,-1295.2954,-0.19056006,1.6436384,10.360033706572048
102435,621.9248,1062710,0.9974892,0.91534424,0.20313239,-19.674938,163979,1752490,13914,153851.6692018509,-1313.9769,-0.18176216,1.548977,12.657394636510336
102451,619.9236,1062870,0.99746823,0.9185791,0.18961301,-18.040016,164042,1753120,13917,153864.17599225044,-1310.3789,-0.18349372,1.316643,15.393184036876372
102471,631.88794,1063070,0.99745655,0.9164429,0.2026448,-13.136457,164110,1753800,13920,153878.0080115795,-1336.9333,-0.18370135,2.119143,13.928490591286472
102489,624.5882,1063250,0.9975519,0.9248047,0.1815152,-11.774065,164180,1754500,13923,153891.53525471687,-1323.633,-0.16030964,1.5667738,14.189166184198307
102510,624.45087,1063460,0.9975171,0.92633057,0.18047719,-11.185347,164234,1755040,13926,153904.4609568119,-1311.5632,-0.16097483,1.765917,15.035915126860539
102529,639.43823,1063650,0.9974549,0.9203491,0.19763714,-13.863774,164308,1755780,13929,153919.14129447937,-1348.4143,-0.16387871,2.553411,12.564398947107637
102548,637.53986,1063840,0.9975054,0.92126465,0.18860592,-15.318889,164374,1756440,13932,153934.99477767944,-1349.9779,-0.17078926,1.5977709,9.97602302328488
102560,613.92554,1063960,0.9975672,0.9301758,0.17196447,-17.528282,164431,1757010,13934,153946.2159795761,-1299.989,-0.15270698,1.7372336,13.252028232965358
102580,646.0945,1064160,0.9975581,0.9277344,0.17783144,-15.213942,164496,1757660,13937,153960.72625994682,-1354.4426,-0.16802278,1.845221,11.958803887309665
102598,639.9501,1064340,0.9975922,0.9307251,0.16761585,-15.4327755,164555,1758250,13940,153974.0506594181,-1343.5728,-0.14815047,1.4834659,14.79144508373668
102618,637.0602,1064540,0.99754906,0.92803955,0.1667484,-15.553172,164622,1758920,13943,153986.88422966003,-1346.867,-0.15624957,1.4968088,15.820669638681592
102636,648.5495,1064720,0.99755406,0.9250488,0.17514142,-12.620055,164688,1759580,13946,153999.56024575233,-1357.7087,-0.15106857,1.7022913,14.45488745712503
102657,648.0916,1064930,0.9975884,0.9334717,0.16392018,-12.8654995,164748,1760180,13949,154011.88953185081,-1368.7449,-0.1509407,1.4426773,16.08881097275003
102676,641.62,1065120,0.99758816,0.93652344,0.16143976,-14.114807,164809,1760790,13952,154024.8958787918,-1357.9445,-0.15074897,2.241712,14.338027989966628
102697,638.29565,1065330,0.99754953,0.9338379,0.17165296,-13.18697,164873,1761430,13955,154038.2416059971,-1339.777,-0.13998556,3.028449,15.711429233984038
102716,639.1604,1065520,0.9975512,0.93048096,0.17666072,-15.978223,164938,1762080,13958,154051.00539565086,-1353.4482,-0.1651049,3.1870365,15.367863789553569
102735,627.86,1065710,0.99764514,0.9388428,0.14112198,-19.832182,165001,1762710,13961,154063.77903699875,-1344.8982,-0.13245189,1.1180439,15.100134645708978
102750,650.55786,1065860,0.99760437,0.93395996,0.15581565,-19.742184,165052,1763220,13963,154075.68969368935,-1386.3735,-0.13790686,1.4395483,10.091084291151732
102767,627.84265,1066030,0.9976177,0.9375,0.14864114,-19.45309,165122,1763920,13966,154090.78312206268,-1319.3826,-0.13745292,1.2538786,10.996635777056518
102781,659.55835,1066170,0.99764776,0.93927,0.15205151,-20.287691,165168,1764380,13968,154101.2163116932,-1390.0065,-0.11296556,2.2964487,13.142183362705138
102800,645.45886,1066360,0.997597,0.9360962,0.1494243,-22.407253,165240,1765100,13971,154117.48329257965,-1369.4408,-0.1344986,1.0970504,10.219344483662915
102819,644.8871,1066550,0.99759173,0.93707275,0.142956,-21.047274,165305,1765750,13974,154131.13765192032,-1360.4435,-0.13455084,1.072843,15.47553401412077
102838,626.40674,1066740,0.9976113,0.94018555,0.14872397,-22.81911,165369,1766390,13977,154144.2994427681,-1336.0657,-0.14213331,1.9052898,14.406525830886185
102857,627.438,1066930,0.99764943,0.94451904,0.14528912,-23.90907,165429,1766990,13980,154157.21800994873,-1327.9197,-0.11842878,2.2383766,15.327816695303552
102875,652.33923,1067110,0.99761415,0.94226074,0.1479947,-22.284298,165490,1767600,13983,154171.28322839737,-1383.6866,-0.14452374,2.2220948,15.77835816127408
102894,644.0781,1067300,0.99768066,0.94781494,0.13454527,-20.307648,165559,1768290,13986,154183.96710395813,-1378.4246,-0.10541109,2.434276,16.431013518232497
102915,623.02277,1067510,0.99767923,0.94311523,0.13573955,-21.441082,165616,1768860,13989,154195.86845445633,-1339.834,-0.108776666,1.5663843,15.9452089490941
102934,645.66345,1067700,0.99767494,0.94989014,0.120402426,-20.179565,165670,1769400,13992,154207.6320297718,-1366.3398,-0.112116635,1.1568303,16.72990800264552
102952,620.9571,1067880,0.9976628,0.94317627,0.13540491,-21.011894,165731,1770010,13995,154219.3643295765,-1334.2584,-0.1234238,1.397872,16.436092099269946
102971,639.58777,1068070,0.9976649,0.94451904,0.1331747,-20.71999,165786,1770560,13998,154230.9287905693,-1366.9619,-0.12306695,1.4146092,16.486426351213993
102992,640.03064,1068280,0.99770665,0.9472656,0.12810415,-21.04258,165849,1771190,14001,154243.21952843666,-1362.7361,-0.10631258,1.8165787,15.636094780197137
103012,646.6631,1068480,0.99767685,0.9456177,0.12648138,-17.687263,165902,1771720,14004,154255.02836346626,-1386.3179,-0.12331723,1.2772194,16.64167372790465
103029,634.6542,1068650,0.99770665,0.9528198,0.12363925,-18.870445,165958,1772280,14007,154267.16411614418,-1362.1377,-0.10842124,1.9529126,16.011924086781754
103050,620.83026,1068860,0.99766994,0.9448242,0.12994264,-18.630363,166021,1772910,14010,154279.3732190132,-1335.3586,-0.11129562,1.6720891,15.848866654598558
103071,627.14966,1069070,0.99766755,0.9460449,0.14430171,-20.870491,166078,1773480,14013,154291.36521482468,-1325.8257,-0.10992279,2.8050153,15.667731083392566
103088,623.75165,1069240,0.99771,0.9517212,0.11784772,-17.657324,166136,1774060,14016,154303.16852855682,-1337.3584,-0.096409716,1.6635869,16.636435364613014
103110,632.21326,1069460,0.99770355,0.94903564,0.11993635,-20.309927,166189,1774590,14019,154315.45661187172,-1349.2968,-0.10311517,1.2447802,16.406901968262584
103126,626.94666,1069620,0.99771357,0.94903564,0.12642905,-17.843212,166246,1775160,14022,154327.2269999981,-1348.7423,-0.09498784,2.2376394,16.65047156975654
103145,630.782,1069810,0.9977188,0.95306396,0.10804111,-20.418995,166307,1775770,14025,154339.79069519043,-1345.3857,-0.099196866,1.2224418,15.061622796693996
103167,649.9432,1070030,0.99770427,0.9525757,0.11525626,-21.340006,166368,1776380,14028,154351.92758631706,-1377.1919,-0.098818004,1.379611,16.285121363032648
103184,634.6352,1070200,0.99772334,0.9491577,0.12134005,-18.471249,166421,1776910,14031,154363.60312843323,-1342.4563,-0.112849176,1.32825,16.293381985274525
103204,645.25,1070400,0.99765253,0.94311523,0.12798949,-16.364397,166480,1777500,14034,154375.88081145287,-1368.1145,-0.11476983,1.2722192,14.755935098732422
103223,626.8133,1070590,0.99769235,0.94921875,0.11933596,-16.743065,166539,1778090,14037,154388.32794713974,-1334.9434,-0.10280371,1.5032117,15.490155442567245
103243,632.9006,1070790,0.99770904,0.9492798,0.12939243,-18.125645,166590,1778600,14040,154400.37218546867,-1350.6497,-0.09588386,2.50314,16.279499800202206
103263,634.3218,1070990,0.99767375,0.94281006,0.124636725,-16.559824,166650,1779200,14043,154412.57943749428,-1343.603,-0.10946104,1.1372032,15.704749456622501
103280,606.5714,1071160,0.9977312,0.953125,0.120198235,-17.405201,166704,1779740,14046,154424.4036040306,-1292.397,-0.097546,2.3204377,16.598432211842223
103299,616.029,1071350,0.99766827,0.9449463,0.12269565,-17.001396,166766,1780360,14049,154436.51576280594,-1309.5769,-0.11215832,1.3641833,16.41940434060944
103317,621.0873,1071530,0.9976988,0.95007324,0.11326513,-15.943616,166822,1780920,14052,154448.9826695919,-1319.865,-0.11325644,1.138386,16.024821581747823
103338,639.2106,1071740,0.99769545,0.95092773,0.11788235,-14.753177,166876,1781460,14055,154460.60993146896,-1341.1641,-0.11965072,1.8402143,16.381836285783542
103358,617.40857,1071940,0.99772596,0.9477539,0.11751178,-15.308774,166933,1782030,14058,154473.96982693672,-1315.0303,-0.09879933,1.407028,14.296323209315796
103387,623.39075,1072230,0.9977038,0.9483032,0.12101194,-10.855234,167028,1782980,14063,154486.01317930222,-1323.6776,-0.09894058,1.523129,28.160741767585392
103419,630.6205,1072550,0.9977195,0.9500122,0.11739619,-14.122925,167121,1783910,14068,154497.4796512127,-1328.2102,-0.10438435,1.4653349,28.686173252714887
103451,608.976,1072870,0.99774814,0.9530029,0.112268224,-12.389772,167208,1784780,14073,154508.98287200928,-1286.6233,-0.091762915,1.4458178,27.024722039021807
103482,610.2698,1073180,0.9977462,0.95166016,0.119590946,-10.490079,167307,1785770,14078,154520.38788700104,-1290.5017,-0.09324397,1.9285009,27.831211276413995
103516,618.8449,1073520,0.9977429,0.95318604,0.10945857,-11.617479,167398,1786680,14083,154531.77650141716,-1317.8444,-0.09948701,1.0667051,28.10856010405914
103548,619.50366,1073840,0.9976909,0.9486084,0.11402635,-8.293918,167495,1787650,14088,154543.21654629707,-1293.9609,-0.10970707,1.002976,27.142723556125034
103579,616.8159,1074150,0.99769807,0.95202637,0.111589395,-7.834985,167588,1788580,14093,154554.59337043762,-1289.8882,-0.10468978,1.2092681,28.312661281221292
103612,612.47534,1074480,0.99771523,0.9472046,0.12031196,-8.304192,167677,1789470,14098,154565.82855176926,-1284.4458,-0.09378823,1.385115,28.393540455398043
103644,635.27014,1074800,0.99768543,0.94836426,0.11856681,-11.131557,167778,1790480,14103,154577.68477654457,-1324.8004,-0.11478317,1.4059329,26.34522307108806
103677,625.6019,1075130,0.99772215,0.9489136,0.12856342,-9.299843,167873,1791430,14108,154589.06231832504,-1306.0754,-0.11771023,2.5998247,28.501648980600734
103708,602.618,1075440,0.997658,0.94189453,0.12764362,-13.586201,167962,1792320,14113,154600.51772761345,-1270.5776,-0.10999389,0.9851732,27.485423693688176
103740,613.6863,1075760,0.9976995,0.94714355,0.13010728,-12.706612,168060,1793300,14118,154612.13308238983,-1286.6477,-0.11497132,2.1923494,27.623301684613608
103771,638.8341,1076070,0.9977045,0.9545288,0.1128359,-10.911907,168150,1794200,14123,154623.30128717422,-1334.0021,-0.10110028,1.4867425,28.52343319820849
103804,619.1481,1076400,0.9976866,0.95043945,0.115251884,-13.134785,168241,1795110,14128,154635.02494859695,-1290.041,-0.11526189,1.2353616,24.4896114904239
103836,611.58105,1076720,0.9977021,0.95098877,0.111974515,-12.46657,168333,1796030,14133,154646.61012291908,-1269.741,-0.09796555,1.1979233,27.924105150120614
103868,610.521,1077040,0.9976399,0.94470215,0.14318174,-7.3113995,168428,1796980,14138,154657.808934927,-1282.2048,-0.1059224,3.1541767,28.582724344749863
103900,624.0527,1077360,0.99770474,0.9470825,0.12637553,-7.133729,168521,1797910,14143,154669.15984773636,-1286.852,-0.10452103,1.6423209,28.61976552163988
103932,627.33325,1077680,0.99769425,0.9505005,0.12333466,-5.546882,168609,1798790,14148,154680.5217423439,-1313.7222,-0.10514844,1.9854051,28.058128680117807
103964,610.21155,1078000,0.99767613,0.9499512,0.11896731,-6.0481467,168698,1799680,14153,154691.78916597366,-1261.6523,-0.10948758,1.3214271,28.852998235620685
103996,638.0438,1078320,0.9977176,0.95111084,0.113080814,-8.0167465,168789,1800590,14158,154703.02129936218,-1328.7178,-0.102958985,1.1703194,28.78594024725186
104027,631.4441,1078630,0.99771357,0.95062256,0.11448635,-6.3690157,168880,1801500,14163,154714.44112563133,-1320.8905,-0.10462153,1.1728108,28.990037556795258
104061,643.7737,1078970,0.9976826,0.9451294,0.12588948,-8.693204,168971,1802410,14168,154725.98686265945,-1331.9929,-0.11995481,1.2010243,28.88404137232293
104092,636.6682,1079280,0.9977212,0.95147705,0.11257495,-7.000843,169060,1803300,14173,154737.24341249466,-1318.991,-0.10081828,1.1224525,28.953312694059456
104124,624.13074,1079600,0.9977021,0.951355,0.1207288,-5.8428226,169151,1804210,14178,154748.6733930111,-1278.7587,-0.11114459,1.4504635,28.326075752747286
104156,617.5543,1079920,0.9976971,0.9508667,0.12250112,-7.8353486,169241,1805110,14183,154760.00063753128,-1301.2233,-0.10534921,1.8154161,28.169725574543474
104187,645.4115,1080230,0.9976795,0.9466553,0.122109585,-9.534659,169335,1806050,14188,154771.34673666954,-1339.2566,-0.10932876,1.1510723,27.50493758054301
104220,639.391,1080560,0.9977317,0.94989014,0.11771105,-9.605021,169428,1806980,14193,154782.9385790825,-1320.0254,-0.10329606,1.1147535,27.108999635329106
104251,626.13916,1080870,0.9977021,0.947876,0.12407945,-8.610633,169519,1807890,14198,154794.28302502632,-1301.346,-0.1021813,1.9147187,27.951568121594505
104283,650.31067,1081190,0.9976933,0.9486084,0.118116036,-9.516869,169605,1808750,14203,154805.76037454605,-1348.3801,-0.10412295,1.3088989,28.55635886006243
104315,625.26587,1081510,0.9977138,0.94677734,0.12584378,-10.538453,169700,1809700,14208,154816.99752926826,-1294.5444,-0.10173011,1.458338,28.361288615756777
104348,651.7975,1081840,0.9976957,0.9483032,0.120984234,-9.866043,169793,1810630,14213,154828.22477269173,-1356.46,-0.10809481,1.404495,28.495985027783632
104378,641.4498,1082140,0.9976351,0.9425049,0.13319868,-9.677231,169877,1811470,14218,154839.52387022972,-1327.306,-0.114827,1.4693409,28.747445815169986
104412,632.7079,1082480,0.99762607,0.944458,0.13486636,-12.619812,169977,1812470,14223,154851.04097914696,-1308.156,-0.12236458,1.7688973,28.981608718122956
104444,641.9923,1082800,0.9976902,0.94976807,0.12552093,-10.374944,170062,1813320,14228,154862.22888541222,-1326.4343,-0.09869327,2.1117127,28.95765103778539
104476,665.13605,1083120,0.9976692,0.9483032,0.12657228,-13.368652,170151,1814210,14233,154873.6687207222,-1383.2717,-0.12382681,1.6103911,28.02507140020404
104508,632.6361,1083440,0.99764776,0.94763184,0.13461137,-12.949638,170246,1815160,14238,154885.05623936653,-1309.7191,-0.13055268,2.565614,28.84712869278298
104541,636.47595,1083770,0.99769115,0.944458,0.13109657,-13.164803,170339,1816090,14243,154896.25479245186,-1333.3372,-0.110780105,1.696544,29.642120439109224
104573,623.5676,1084090,0.9976628,0.94525146,0.12639248,-11.592873,170427,1816970,14248,154907.7799704075,-1311.0383,-0.113432765,1.5092864,27.76495621339329
104605,639.7237,1084410,0.99766755,0.94659424,0.12697174,-10.730566,170523,1817930,14253,154919.232152462,-1314.7375,-0.11007373,1.4311297,28.368041302808816
104637,640.68726,1084730,0.997633,0.94781494,0.1262288,-14.406065,170616,1818860,14258,154930.45787119865,-1326.0574,-0.10656527,1.6581168,28.683644414667544
104667,622.71954,1085030,0.9976845,0.94647217,0.12686609,-15.210664,170712,1819820,14263,154942.2021138668,-1296.4482,-0.11628869,1.2374101,27.834405915543897
104699,630.2521,1085350,0.99771047,0.9468994,0.11901569,-17.009119,170800,1820700,14268,154953.45682883263,-1321.9673,-0.11456347,0.8980693,27.736093075158603
104732,654.4019,1085680,0.9977081,0.9492798,0.12743321,-16.882643,170893,1821630,14273,154964.78342199326,-1357.148,-0.10239448,1.9122862,26.608064231550777
104764,642.6233,1086000,0.9976902,0.9527588,0.121247455,-10.685267,170986,1822560,14278,154976.23483181,-1339.6097,-0.10239727,1.9901145,27.959897636961184
104796,645.21204,1086320,0.9977033,0.9491577,0.12135376,-12.312803,171077,1823470,14283,154987.41300439835,-1337.5785,-0.10460497,1.5369236,28.941466176811158
104828,656.4831,1086640,0.99769163,0.94799805,0.122747615,-10.419623,171168,1824380,14288,154998.69722557068,-1356.0994,-0.115431026,1.0798182,28.182626173036105
104859,643.4006,1086950,0.99769306,0.9493408,0.12458043,-14.0510025,171262,1825320,14293,155010.1316022873,-1340.3286,-0.11657812,1.7180963,27.523578921486852
104891,652.3772,1087270,0.9976988,0.95233154,0.11409976,-14.658108,171353,1826230,14298,155021.3460006714,-1352.839,-0.11223674,1.1136947,27.720757895293403
104925,650.9307,1087610,0.99770164,0.9489136,0.12199247,-16.81604,171446,1827160,14303,155032.67394566536,-1358.8518,-0.10555798,1.4055176,27.778029053180965
104956,665.38556,1087920,0.99768543,0.947876,0.12221525,-17.27206,171540,1828100,14308,155044.17111849785,-1382.1804,-0.11295783,1.361881,28.355620400082564
104987,647.00616,1088230,0.9977362,0.9520874,0.118702956,-19.694347,171633,1829030,14313,155055.46173357964,-1343.8307,-0.09725644,1.2329867,27.754802373445926
105020,642.7289,1088560,0.99766135,0.9459839,0.13001107,-20.991245,171723,1829930,14318,155066.80868411064,-1329.4197,-0.1239274,1.6559933,28.774273451767492
105053,647.9557,1088890,0.99771047,0.94866943,0.12119855,-20.822998,171812,1830820,14323,155077.89093661308,-1340.582,-0.11059326,1.2899928,28.849243065328025
105084,657.0032,1089200,0.9976671,0.9450073,0.12897795,-22.349676,171902,1831720,14328,155089.290276289,-1363.2295,-0.112648115,1.2823133,28.273217603293414
105116,640.8179,1089520,0.9977143,0.94732666,0.123988986,-18.697414,171993,1832630,14333,155100.63553619385,-1341.9697,-0.10333162,1.4266727,27.752495326948207
105148,657.09,1089840,0.99769044,0.9440918,0.12771949,-22.457207,172086,1833560,14338,155112.14724826813,-1368.848,-0.1026741,1.2231233,27.948887778068496
105180,647.6376,1090160,0.9976566,0.9495239,0.15124881,-20.707705,172175,1834450,14343,155123.36912441254,-1350.9459,-0.094510496,4.0532975,27.498544429176324
105212,662.9987,1090480,0.9976933,0.9468384,0.12059595,-19.335922,172263,1835330,14348,155134.726238966,-1382.3721,-0.10807006,1.0080206,28.663169595426456
105243,660.7084,1090790,0.9976742,0.9484863,0.12103954,-21.329731,172354,1836240,14353,155145.95704507828,-1387.3738,-0.10962805,1.352048,27.404155142158654
105276,662.2323,1091120,0.9976585,0.94610596,0.13934767,-22.318712,172445,1837150,14358,155157.1643228531,-1380.3689,-0.10181528,2.5790794,27.984282916673834
105307,669.25134,1091430,0.99769545,0.95202637,0.123157136,-23.55231,172535,1838050,14363,155168.4288804531,-1386.4819,-0.10512437,1.5378186,26.326836674637885
105341,678.23193,1091770,0.997736,0.94903564,0.11852358,-22.794743,172626,1838960,14368,155180.00763463974,-1402.6743,-0.10740521,1.2355683,27.496491024103882
105371,671.2371,1092070,0.99769187,0.9470825,0.1293751,-24.848055,172716,1839860,14373,155191.17130756378,-1395.5933,-0.11247788,1.6792738,28.186147645245015
105403,667.6111,1092390,0.99768496,0.9484253,0.13237248,-27.386738,172801,1840710,14378,155202.44799518585,-1398.845,-0.10686524,2.2970452,28.074400302711666
105435,647.5215,1092710,0.9977088,0.9475708,0.1265445,-26.000336,172892,1841620,14383,155213.79487800598,-1347.3118,-0.10746387,1.35728,28.125311679284714
105469,663.6343,1093050,0.9976604,0.9486084,0.1302759,-27.371822,172982,1842520,14388,155224.9696764946,-1396.887,-0.112419255,1.9219786,28.608897684051133
105500,669.4315,1093360,0.99767923,0.94659424,0.12964892,-27.416521,173072,1843420,14393,155236.51518917084,-1393.7527,-0.12524788,1.3250623,27.778100915976754
105532,687.6218,1093680,0.99766684,0.94696045,0.13032979,-29.007893,173168,1844380,14398,155248.37268567085,-1432.7719,-0.11897609,1.5300729,28.46268530111325
105564,658.8506,1094000,0.9976752,0.94976807,0.12785041,-28.667324,173262,1845320,14403,155259.82524561882,-1373.9924,-0.11647785,1.8868327,27.323621632075568
105597,672.5813,1094330,0.997668,0.947876,0.12647504,-27.742252,173359,1846290,14408,155271.13957095146,-1401.5234,-0.11286415,1.3646479,29.544595219866842
105628,659.27094,1094640,0.997689,0.9491577,0.13075796,-31.483612,173445,1847150,14413,155282.37440681458,-1383.1772,-0.113486186,2.0189886,28.41206188862334
105661,655.33325,1094970,0.99766445,0.9440918,0.13847516,-30.380592,173533,1848030,14418,155293.69631648064,-1367.7288,-0.106157295,2.0139878,27.763905174584902
105692,662.11365,1095280,0.9976661,0.9416504,0.13824642,-30.2384,173623,1848930,14423,155305.2761490345,-1384.5277,-0.12243674,1.4723412,26.60817764302311
105725,669.7616,1095610,0.99767375,0.9428711,0.13855031,-30.045198,173714,1849840,14428,155316.41309714317,-1389.1091,-0.12616204,1.8336118,29.07420904822811
105756,676.36743,1095920,0.9976778,0.94421387,0.13364229,-29.907486,173800,1850700,14433,155327.84996414185,-1405.342,-0.12229735,1.7408905,28.439209947831962
105787,680.29297,1096230,0.99765515,0.9454346,0.13968125,-29.595676,173892,1851620,14438,155339.1218650341,-1411.9438,-0.120995104,2.341656,28.149272106057147
105819,673.2018,1096550,0.99768925,0.94537354,0.13040203,-29.474092,173981,1852510,14443,155350.37408280373,-1402.0623,-0.10919617,1.6915503,27.830114821383603
105851,669.9009,1096870,0.9976914,0.95062256,0.12630124,-29.141125,174075,1853450,14448,155361.8184568882,-1386.7377,-0.11806187,1.7610519,28.272833458985478
105884,678.61,1097200,0.99766636,0.9500122,0.13155591,-27.381248,174165,1854350,14453,155373.3353304863,-1415.3931,-0.104876816,2.4990897,28.781696401144124
105915,659.31506,1097510,0.997736,0.95166016,0.117921814,-28.655666,174254,1855240,14458,155384.67071795464,-1360.335,-0.0958829,1.1843656,28.28817160516699
105948,668.0532,1097840,0.9976883,0.94866943,0.122003414,-28.572971,174344,1856140,14463,155396.19660043716,-1409.7698,-0.10209438,1.4732705,29.596786681000026
105980,682.1303,1098160,0.9976609,0.94836426,0.13057,-25.442833,174438,1857080,14468,155407.40407443047,-1425.2323,-0.12295061,1.8460892,28.825416965683708
106012,680.12134,1098480,0.9976485,0.94421387,0.13597897,-25.721073,174526,1857960,14473,155418.7604215145,-1417.8792,-0.11285905,2.1681862,27.470797303141552
106044,685.1408,1098800,0.99766254,0.94799805,0.1295095,-26.52895,174616,1858860,14478,155429.885815382,-1432.0114,-0.118132375,2.1472993,28.813674855510563
106076,676.73334,1099120,0.9977131,0.9539795,0.12013991,-25.081242,174705,1859750,14483,155441.3402929306,-1400.8232,-0.108892485,1.825805,28.27693749389029
106108,688.18396,1099440,0.9977107,0.9472656,0.124497436,-24.927822,174795,1860650,14488,155452.93399095535,-1429.8307,-0.1164605,1.5378495,26.932884671744645
106141,692.37134,1099770,0.9976804,0.9458008,0.1261916,-24.848686,174887,1861570,14493,155464.1091480255,-1436.4128,-0.11014001,1.2106903,28.382957756426876
106171,684.0851,1100070,0.9977026,0.95233154,0.11990057,-24.876604,174977,1862470,14498,155475.4042646885,-1428.7961,-0.10344958,1.5069927,27.91303057518516
106203,695.1435,1100390,0.9977181,0.9522705,0.11541334,-29.796684,175065,1863350,14503,155486.80725860596,-1438.2297,-0.10735448,1.5064166,27.637291371930996
106235,676.0143,1100710,0.99770784,0.9530029,0.11362277,-27.940365,175156,1864260,14508,155498.26102900505,-1414.0076,-0.108340524,1.2305971,27.57881331013622
106269,704.5583,1101050,0.9976969,0.94903564,0.12198845,-29.954517,175246,1865160,14513,155509.87375736237,-1459.8682,-0.10628532,1.4078257,28.472974188478922
106300,677.96875,1101360,0.9976907,0.94525146,0.12498286,-28.485994,175337,1866070,14518,155521.20352458954,-1414.1338,-0.10573323,1.1892471,27.548390453629427
106333,693.03687,1101690,0.99769783,0.94696045,0.124213636,-27.285847,175429,1866990,14523,155532.44221568108,-1437.2753,-0.10037579,1.5464481,28.778971740080873
106364,680.90405,1102000,0.997689,0.9484863,0.1201737,-29.86494,175520,1867900,14528,155544.225222826,-1408.665,-0.113347396,1.1182497,27.865773640217746
106396,705.07855,1102320,0.9977083,0.9481201,0.12704603,-28.286755,175617,1868870,14533,155555.73290848732,-1456.2249,-0.10669892,1.8591963,26.895238247912488
106428,706.6317,1102640,0.99764466,0.9465332,0.14371154,-29.447617,175713,1869830,14538,155567.44970989227,-1456.9805,-0.10560533,3.0534744,26.23917859932182
106460,700.7657,1102960,0.9977348,0.9501953,0.12274115,-30.540825,175805,1870750,14543,155579.06202602386,-1462.3413,-0.09234202,1.7682925,27.93530770881434
106492,679.87646,1103280,0.99767923,0.9487915,0.12717043,-31.221739,175902,1871720,14548,155590.6702120304,-1402.3502,-0.112849474,1.8908334,27.81254293978499
106525,680.77277,1103610,0.9977114,0.9490967,0.12405481,-31.863955,175997,1872670,14553,155602.12786364555,-1415.534,-0.102543205,1.487835,27.857595505515366
106555,699.07275,1103910,0.9976847,0.9473877,0.13553995,-31.325726,176094,1873640,14558,155613.682639122,-1449.2783,-0.11043294,2.3742554,27.236840124022866
106587,679.6542,1104230,0.99772334,0.95025635,0.11342105,-29.034035,176192,1874620,14563,155625.223849535,-1410.9141,-0.0979476,1.115022,27.55727630045413
106619,666.43884,1104550,0.9977119,0.95129395,0.1178216,-28.747042,176280,1875500,14568,155637.04811930656,-1385.9294,-0.10311642,1.410548,27.367091748698478
106651,670.91565,1104870,0.9977231,0.9472046,0.11990006,-28.660881,176384,1876540,14573,155648.48903799057,-1392.4178,-0.10989401,1.1034784,27.205189626746265
106683,694.11554,1105190,0.99766946,0.9454346,0.15046735,-29.366587,176470,1877400,14578,155660.04768919945,-1444.2698,-0.12024757,3.358036,27.797615354186384
106715,673.34717,1105510,0.9976928,0.9519043,0.12127489,-29.6205,176569,1878390,14583,155671.60907506943,-1397.7092,-0.10304438,1.5602136,27.708963016517068
106747,699.7578,1105830,0.9977069,0.9526367,0.111472376,-29.372524,176664,1879340,14588,155683.12000012398,-1458.8213,-0.09739477,1.1696625,27.618322398237765
106780,692.7081,1106160,0.9976752,0.94592285,0.13576314,-28.03891,176754,1880240,14593,155694.9062051773,-1439.5869,-0.114490315,1.9128044,26.987279852494385
106811,678.09503,1106470,0.9976673,0.9470215,0.124958165,-26.959232,176854,1881240,14598,155706.51720762253,-1413.5618,-0.117183425,1.5083709,27.825951964487
106843,708.02075,1106790,0.99765086,0.9463501,0.12019598,-23.76236,176949,1882190,14603,155718.1927242279,-1467.6382,-0.111830294,1.0590148,26.348178760754802
106875,675.83167,1107110,0.9976659,0.9447632,0.12710455,-24.393604,177038,1883080,14608,155729.7339015007,-1406.0453,-0.11870843,1.1491668,28.19662849000108
106907,674.56274,1107430,0.99767065,0.9454346,0.14240065,-26.062202,177136,1884060,14613,155741.2925505638,-1396.1823,-0.11777432,2.3617435,27.363872369493148
106941,688.3335,1107770,0.99767065,0.94628906,0.13104153,-23.876884,177227,1884970,14618,155752.94409036636,-1442.424,-0.11949456,1.8919067,27.94580063617229
106972,677.93994,1108080,0.9977274,0.9523926,0.11370415,-20.52214,177316,1885860,14623,155764.3715918064,-1412.4285,-0.09775798,1.2902505,28.65646535881344
107005,697.0277,1108410,0.99773335,0.9524536,0.13018784,-19.895117,177403,1886730,14628,155775.88399124146,-1451.243,-0.09366585,2.611909,27.45513621430997
107036,692.01514,1108720,0.99768734,0.9484253,0.1301948,-18.402687,177500,1887700,14633,155787.53210997581,-1444.9387,-0.10576883,2.4447834,27.14588561563267
107068,665.955,1109040,0.9976511,0.94421387,0.12541114,-20.929527,177585,1888550,14638,155798.80624437332,-1397.3099,-0.12133987,1.2505169,28.17798450100641
107099,651.8638,1109350,0.99770284,0.9525757,0.11416156,-21.373356,177675,1889450,14643,155810.31956982613,-1351.3345,-0.10548824,1.5064809,27.906086590588615
107132,684.7672,1109680,0.99769664,0.95111084,0.120921105,-19.188469,177766,1890360,14648,155821.71361851692,-1432.9473,-0.11152646,1.4775078,28.85278734961638
107164,681.1817,1110000,0.9977417,0.95458984,0.1142026,-20.936275,177856,1891260,14653,155833.34133815765,-1415.9519,-0.09944807,1.6306245,27.801778374523348
107198,700.218,1110340,0.9977231,0.94903564,0.12228783,-20.629997,177950,1892200,14658,155845.18498969078,-1437.6267,-0.106319994,1.7682728,28.371783189994073
107230,686.39417,1110660,0.99773026,0.95269775,0.113366075,-21.1036,178040,1893100,14663,155856.762663126,-1423.2673,-0.10159604,1.4219226,27.790570426539265
107262,672.57025,1110980,0.9976342,0.9430542,0.1254861,-19.438457,178136,1894060,14668,155868.34635782242,-1400.396,-0.12508217,0.9448051,26.74141212467224
107293,670.0785,1111290,0.9976835,0.94677734,0.1338892,-21.17559,178231,1895010,14673,155879.7982070446,-1410.0339,-0.10166956,2.5487843,28.494611737358966
107326,658.01575,1111620,0.9977312,0.95129395,0.116748676,-16.720253,178321,1895910,14678,155891.22996377945,-1371.19,-0.09482804,1.3638903,28.199418773710015
107357,650.29517,1111930,0.9977219,0.95373535,0.11206952,-21.818224,178417,1896870,14683,155902.8494632244,-1357.1195,-0.09614629,1.3946271,27.24994584230294
107389,664.30145,1112250,0.99768376,0.9454346,0.12498367,-21.495995,178510,1897800,14688,155914.22259259224,-1383.7195,-0.10200228,1.9208336,28.26280175821103
107422,662.20447,1112580,0.9977176,0.9480591,0.11663331,-20.789099,178602,1898720,14693,155925.63985919952,-1382.2042,-0.09787656,1.2219502,29.076063941560932
107453,680.79224,1112890,0.997704,0.9493408,0.11945729,-21.76844,178695,1899650,14698,155937.02761983871,-1408.317,-0.11096911,1.4027917,28.287229623397486
107485,672.83435,1113210,0.997699,0.9495239,0.12507258,-20.898773,178784,1900540,14703,155948.2457294464,-1417.0803,-0.101073086,1.7898352,28.825562448388762
107517,675.8058,1113530,0.99772644,0.9528198,0.11336049,-18.840303,178874,1901440,14708,155959.70637202263,-1424.0277,-0.097701415,1.3682182,28.868606149900117
107549,680.26245,1113850,0.9976752,0.94799805,0.12194601,-17.939013,178965,1902350,14713,155971.11194109917,-1429.96,-0.12018952,1.5886354,28.82670469341791
107582,655.7501,1114180,0.997689,0.9466553,0.1219362,-20.07279,179055,1903250,14718,155982.59870886803,-1374.093,-0.112354934,1.2384996,29.33221381539624
107613,659.2787,1114490,0.9977133,0.9475708,0.124579355,-18.887215,179134,1904040,14723,155994.0376443863,-1385.4221,-0.096269496,1.7875745,28.364767961090877
107646,643.2695,1114820,0.9977095,0.95007324,0.118853465,-18.388468,179234,1905040,14728,156005.36907601357,-1344.1565,-0.10209158,1.543913,29.76633145156014
107677,655.4692,1115130,0.99770355,0.9472656,0.12419155,-16.491695,179324,1905940,14733,156016.87819051743,-1361.5753,-0.10569695,1.6580977,28.45317288881017
107709,672.57336,1115450,0.99770045,0.9495239,0.113685444,-17.843784,179414,1906840,14738,156028.30534768105,-1398.9252,-0.11772537,1.1349151,27.330657169669298
107741,647.18536,1115770,0.9977107,0.9486084,0.121537864,-20.143963,179502,1907720,14743,156039.84138727188,-1364.1799,-0.11406705,1.4105501,27.854389760733962
107773,652.87103,1116090,0.99769425,0.9489136,0.11776668,-18.411076,179599,1908690,14748,156051.38970208168,-1361.513,-0.09870712,1.1411344,27.63686171554471
107805,656.5349,1116410,0.9976561,0.942688,0.13028269,-15.626146,179685,1909550,14753,156062.70979332924,-1388.1443,-0.11216043,1.5976198,28.672195126327917
107837,636.57776,1116730,0.9976938,0.95092773,0.11742192,-12.019428,179772,1910420,14758,156073.96359086037,-1336.4448,-0.09528587,1.7696714,28.425859710437628
107869,651.6449,1117050,0.9977176,0.95025635,0.1189037,-10.630281,179859,1911290,14763,156085.49398827553,-1351.2595,-0.1061289,1.6628067,28.28928358210528
107900,642.1727,1117360,0.99766254,0.9458008,0.123999156,-15.403376,179950,1912200,14768,156097.1570441723,-1343.2736,-0.10903539,1.7938958,26.753325360885487
107933,650.1725,1117690,0.997638,0.9451904,0.12869301,-16.551434,180039,1913090,14773,156108.59371995926,-1357.645,-0.12137428,1.6872213,27.618035405060574
107966,642.1704,1118020,0.9976828,0.9495239,0.12024446,-16.332748,180133,1914030,14778,156120.18744063377,-1345.1641,-0.111374214,1.6874256,27.14844709447332
107998,635.766,1118340,0.99766517,0.9466553,0.13416561,-15.102728,180222,1914920,14783,156131.50576901436,-1340.2329,-0.119276136,2.066301,28.763855081893293
108030,643.13745,1118660,0.9976797,0.9501953,0.12962395,-15.094166,180320,1915900,14788,156143.35740232468,-1357.453,-0.105446294,2.404289,22.869908198477766
108061,653.0581,1118970,0.99769545,0.9506836,0.11625102,-19.503365,180412,1916820,14793,156154.94667816162,-1380.5793,-0.09791594,1.3798041,27.037063381150585
108092,629.11633,1119280,0.99768114,0.95007324,0.13785714,-18.116386,180509,1917790,14798,156166.7288160324,-1319.6509,-0.114694566,3.4166203,27.352365239124286
108124,650.057,1119600,0.9976995,0.9477539,0.12162328,-20.266464,180600,1918700,14803,156178.39870262146,-1364.1838,-0.111267135,1.5050378,27.203408611153506
108157,644.09155,1119930,0.9976933,0.9472656,0.118121564,-18.138533,180696,1919660,14808,156189.9456641674,-1367.7068,-0.1131204,1.0293915,27.337033732947162
108188,640.93933,1120240,0.9976549,0.94921875,0.15723841,-18.829449,180783,1920530,14813,156201.4093899727,-1354.8746,-0.11434835,5.2581673,27.709803949095843
108221,660.16125,1120570,0.9976847,0.9484253,0.11567195,-18.413898,180879,1921490,14818,156213.06567931175,-1388.3928,-0.109842524,1.1466851,27.675672822315853
108252,646.0954,1120880,0.997684,0.9487915,0.1172055,-18.867401,180978,1922480,14823,156224.715613842,-1358.2578,-0.10147044,1.2336006,26.381660759750442
108284,642.03735,1121200,0.99769664,0.94854736,0.120233685,-18.509396,181070,1923400,14828,156236.3627319336,-1351.9872,-0.11120399,1.521858,27.806276758970483
108316,644.72974,1121520,0.997684,0.94873047,0.1183004,-20.453033,181162,1924320,14833,156247.986338377,-1371.0674,-0.092634656,1.1813428,27.293348165776447
108348,610.96545,1121840,0.99771667,0.951355,0.1138881,-20.502956,181262,1925320,14838,156259.58708500862,-1307.6113,-0.09981842,1.1549488,27.481948515827828
108380,628.02704,1122160,0.9977274,0.95166016,0.12050013,-17.838526,181353,1926230,14843,156271.0260975361,-1341.9209,-0.09638951,1.9265077,28.07694619236841
108414,612.12695,1122500,0.99773383,0.9534912,0.108292975,-18.35992,181440,1927100,14848,156282.5446395874,-1312.497,-0.10068812,1.0244114,28.038264460125276
108445,630.0363,1122810,0.99765325,0.9437866,0.13186061,-15.830048,181532,1928020,14853,156294.11983060837,-1336.8723,-0.11513939,1.7287273,26.26645580606722
108477,623.23694,1123130,0.99769545,0.94970703,0.109928064,-18.75021,181626,1928960,14858,156305.4682557583,-1321.183,-0.09863353,0.8543736,28.484926842457565
108509,619.3874,1123450,0.9976952,0.95147705,0.10903229,-19.536736,181714,1929840,14863,156316.91473340988,-1310.342,-0.092967704,1.0730039,27.571657942957625
108541,616.86707,1123770,0.9977317,0.9537964,0.109541684,-18.548286,181797,1930670,14868,156328.30841445923,-1314.5862,-0.10200194,1.422629,27.989289984442138
108573,646.52734,1124090,0.9976976,0.95251465,0.1204096,-22.48567,181888,1931580,14873,156339.66444921494,-1379.1189,-0.09921102,2.5073245,28.91533514629938
108605,630.2749,1124410,0.9977231,0.94903564,0.11205454,-18.644577,181982,1932520,14878,156351.1829814911,-1344.2288,-0.10000311,0.94912946,28.288687336951853
108637,635.66345,1124730,0.99768853,0.94921875,0.12629314,-19.66937,182068,1933380,14883,156362.826233387,-1352.407,-0.09845655,2.2907915,28.588818647501483
108669,618.75586,1125050,0.99769664,0.9454956,0.12323725,-18.90506,182158,1934280,14888,156374.2412059307,-1324.0513,-0.112095475,1.7525368,27.417010763942937
108701,618.5469,1125370,0.9977219,0.94873047,0.11389624,-18.95605,182251,1935210,14893,156385.74024558067,-1317.1951,-0.1109702,1.107729,28.374338314641054
108733,644.18506,1125690,0.99770117,0.9505005,0.11165674,-21.9515,182338,1936080,14898,156397.10555577278,-1354.2484,-0.10156031,1.0509622,28.1589722787198
108766,623.9657,1126020,0.99769926,0.9490967,0.11477868,-21.927376,182425,1936950,14903,156408.60130882263,-1348.8152,-0.101344824,1.1058815,27.45424327833187
108797,610.1185,1126330,0.9977133,0.9506836,0.12098992,-22.610294,182518,1937880,14908,156420.21000242233,-1303.5403,-0.09624258,2.3659031,27.2524107938998
108830,625.9164,1126660,0.9977195,0.95007324,0.114960596,-22.589447,182606,1938760,14913,156431.69454860687,-1332.3582,-0.10903826,1.5233212,28.27859374084807
108861,625.34174,1126970,0.9976795,0.9451904,0.12221893,-19.357502,182701,1939710,14918,156443.5951807499,-1334.3794,-0.117890984,1.3136029,23.9651105508087
108894,609.01636,1127300,0.9977274,0.949646,0.11078863,-23.05597,182794,1940640,14923,156455.1493973732,-1305.4443,-0.10309319,1.1090078,27.964528909409708
108925,615.94006,1127610,0.99765944,0.9447632,0.14231996,-23.077282,182886,1941560,14928,156466.6803331375,-1307.0009,-0.12671965,2.9273236,27.80104126210827
108958,623.5924,1127940,0.99773026,0.9501953,0.120320395,-20.481863,182979,1942490,14933,156478.40175127983,-1320.178,-0.098827735,2.1746912,26.86009141631245
108989,602.6687,1128250,0.99773407,0.95092773,0.11385684,-20.65423,183074,1943440,14938,156490.04214930534,-1281.2538,-0.09455416,1.3366807,25.923965510614384
109022,614.46497,1128580,0.9977486,0.95251465,0.10995266,-19.865488,183169,1944390,14943,156501.70085644722,-1311.033,-0.08606736,1.3374683,27.487326268535366
109053,642.56445,1128890,0.9977486,0.9570923,0.11506031,-20.837385,183259,1945290,14948,156513.3768544197,-1363.9243,-0.08616345,2.585712,27.440578498566868
109084,619.7236,1129200,0.9977081,0.95477295,0.1029737,-22.527084,183357,1946270,14953,156525.0439593792,-1320.5428,-0.095997885,1.0411718,27.339132999535785
109117,613.0792,1129530,0.99769926,0.94384766,0.13481781,-23.145998,183448,1947180,14958,156536.76141738892,-1296.8317,-0.116093814,2.166449,27.67539034260577
109150,617.2605,1129860,0.99768186,0.9508667,0.11277727,-19.273787,183540,1948100,14963,156548.532651186,-1320.311,-0.104517676,0.9691025,27.44018579172522
109181,629.7451,1130170,0.9977274,0.95391846,0.113312304,-20.659107,183637,1949070,14968,156560.3694677353,-1334.4272,-0.095947236,1.4414053,26.95319659438528
109214,620.1201,1130500,0.99770045,0.94696045,0.12694097,-20.89846,183726,1949960,14973,156572.16867661476,-1319.3467,-0.11551024,1.5507308,26.24272112413504
109245,611.443,1130810,0.99768186,0.9451904,0.1275441,-23.870535,183825,1950950,14978,156583.7485063076,-1314.1471,-0.11026448,1.2202072,27.534818225477913
109277,633.9712,1131130,0.9977007,0.94763184,0.13188004,-23.086637,183911,1951810,14983,156595.40626955032,-1341.9612,-0.10104423,2.3956237,26.875756193798267
109309,637.6495,1131450,0.99771905,0.949646,0.12065669,-21.190735,184011,1952810,14988,156607.24265313148,-1359.4026,-0.106682226,1.3469219,25.9853055275661
109341,632.8507,1131770,0.9977038,0.9492798,0.120295785,-18.45086,184094,1953640,14993,156619.11378097534,-1359.2166,-0.11556105,1.4213845,26.42076058905396
109373,630.18146,1132090,0.9976828,0.9470215,0.13343911,-17.97792,184194,1954640,14998,156630.78683710098,-1332.1846,-0.117011614,2.285615,28.167736231190894
109405,617.84766,1132410,0.9977479,0.95166016,0.11676599,-19.091564,184278,1955480,15003,156642.30199551582,-1329.8104,-0.09004783,1.5421026,28.323215522279586
109436,643.1127,1132720,0.9977274,0.9515381,0.11827729,-17.111687,184366,1956360,15008,156653.68214178085,-1372.3815,-0.09445295,1.5699623,27.82261219406424
109469,639.6306,1133050,0.9977541,0.95184326,0.1138931,-17.19096,184450,1957200,15013,156665.13486599922,-1380.8411,-0.098812774,1.5288593,28.94386591314731
109501,631.0928,1133370,0.9977031,0.9456787,0.11792426,-18.83197,184540,1958100,15018,156676.44979405403,-1342.2019,-0.10922828,1.075469,30.08053278989338
109533,660.1129,1133690,0.99766374,0.9472046,0.12879062,-18.354115,184632,1959020,15023,156688.10947942734,-1388.7639,-0.10991964,2.0918927,27.64018265235127
109566,653.15656,1134020,0.997668,0.9470825,0.13903168,-17.74324,184723,1959930,15028,156699.5642232895,-1391.7852,-0.09631026,3.274751,28.274384989590732
109597,621.11395,1134330,0.99769306,0.9501953,0.11471025,-19.893772,184814,1960840,15033,156711.09428596497,-1332.2029,-0.10568128,1.2207155,28.333574270601826
109630,637.2792,1134660,0.9976628,0.9468384,0.12018071,-20.469189,184901,1961710,15038,156722.49520111084,-1362.3419,-0.12778163,1.1699486,28.39401198187508
109661,634.9765,1134970,0.99772215,0.9512329,0.11422878,-20.315659,184988,1962580,15043,156733.8558063507,-1350.8611,-0.10314749,1.1148536,28.745232444754656
109694,620.895,1135300,0.99769926,0.9440918,0.12527798,-21.21437,185086,1963560,15048,156745.71541070938,-1314.6199,-0.10313242,1.2451439,24.293276321057498
109725,631.5385,1135610,0.9977205,0.9503174,0.115011886,-19.96164,185176,1964460,15053,156757.36200213432,-1352.2527,-0.100420035,1.2525063,27.583789697068468
109758,636.5821,1135940,0.99773574,0.951355,0.119618796,-20.104965,185271,1965410,15058,156769.0544614792,-1360.7725,-0.09858397,2.0156164,26.95760051200625
109789,624.02344,1136250,0.9977207,0.9475708,0.11251466,-20.294304,185360,1966300,15063,156780.54582881927,-1334.2142,-0.107477255,0.9453992,28.03687343671209
109822,623.5845,1136580,0.99768066,0.9458008,0.12581447,-17.226088,185451,1967210,15068,156792.05157089233,-1324.9214,-0.11170359,1.5178342,27.45941075632501
109852,638.8233,1136880,0.99772763,0.95214844,0.1074099,-18.131317,185542,1968120,15073,156803.39383769035,-1360.855,-0.0996139,1.1076651,26.23233738538794
109884,626.20013,1137200,0.9977026,0.9500122,0.13259481,-17.840542,185631,1969010,15078,156814.8073861599,-1338.1624,-0.10213782,2.990966,28.0003404658708
109916,616.6992,1137520,0.9976673,0.9465332,0.12161399,-18.381826,185715,1969850,15083,156826.37109303474,-1319.9618,-0.1110286,1.292072,27.682556837394813
109950,636.46985,1137860,0.99772096,0.9500122,0.111184984,-18.7146,185803,1970730,15088,156838.0321495533,-1360.0447,-0.103145555,1.0979383,26.20859008793949
109980,624.1073,1138160,0.99769163,0.9500122,0.13128325,-19.235756,185892,1971620,15093,156849.26093626022,-1324.0576,-0.114204764,2.9936354,27.467053201075043
110012,616.0037,1138480,0.997731,0.95495605,0.10964401,-16.854141,185980,1972500,15098,156860.7674806118,-1310.1423,-0.09486396,1.317998,27.216333158539143
110044,628.60767,1138800,0.9976957,0.95062256,0.12200709,-14.730605,186076,1973460,15103,156872.3330731392,-1338.154,-0.10295248,2.10212,27.457747964211446
110077,640.19055,1139130,0.9977119,0.9543457,0.10639419,-16.042616,186164,1974340,15108,156883.7559504509,-1347.0939,-0.09756569,1.0818368,27.952514076719932
110109,627.958,1139450,0.9976771,0.9437866,0.1177439,-15.941777,186254,1975240,15113,156895.4568707943,-1329.4331,-0.11440715,0.9239804,27.451595699586267
110141,628.839,1139770,0.99769783,0.94836426,0.12230326,-15.68042,186338,1976080,15118,156906.940223217,-1323.4196,-0.10099335,1.7862657,27.797480062550566
110173,644.3977,1140090,0.9976795,0.95251465,0.11747502,-15.136535,186426,1976960,15123,156918.4871263504,-1350.4868,-0.10798065,1.7315738,27.31513873881171
110205,628.55475,1140410,0.9977076,0.95129395,0.11526825,-16.677338,186508,1977780,15128,156929.86539196968,-1321.6912,-0.10861569,1.3401349,27.724422589156227
110237,659.3296,1140730,0.99768305,0.94403076,0.12002413,-13.721588,186603,1978730,15133,156941.36021590233,-1383.7628,-0.10719159,0.9634916,28.266697498990947
110269,609.05566,1141050,0.99769306,0.94970703,0.11538403,-12.591263,186688,1979580,15138,156952.88466143608,-1290.3081,-0.1076546,1.230137,26.890539506842156
110301,632.8173,1141370,0.9977176,0.9537964,0.10935881,-12.649697,186774,1980440,15143,156964.61750221252,-1325.6807,-0.093354255,1.1226392,26.56211468251581
110332,623.06226,1141680,0.9977038,0.95043945,0.11633434,-9.115246,186865,1981350,15148,156975.99300265312,-1307.627,-0.10204242,1.4079474,28.642332791256663
110364,620.6325,1142000,0.99775743,0.9495239,0.111597314,-11.665732,186954,1982240,15153,156987.52698254585,-1296.4021,-0.093117505,1.1782491,27.42965141967505
110396,606.2276,1142320,0.99771595,0.9498291,0.12758933,-9.030245,187043,1983130,15158,156999.05671477318,-1262.583,-0.10406454,2.505301,26.398140337344127
110428,629.8575,1142640,0.99771905,0.94836426,0.12008679,-9.012811,187132,1984020,15163,157010.5269048214,-1313.4299,-0.10027343,1.6768041,28.24061741574198
110460,637.92285,1142960,0.99772024,0.95147705,0.1163692,-8.262434,187218,1984880,15168,157022.29151153564,-1328.9464,-0.098824635,1.6119325,25.746324775569466
110493,635.7096,1143290,0.99773955,0.95129395,0.11640099,-7.004707,187310,1985800,15173,157033.8123524189,-1326.0679,-0.074906334,1.9453338,28.385214736875053
110525,624.96674,1143610,0.997699,0.946167,0.11982363,-9.707933,187394,1986640,15178,157045.14877295494,-1308.7452,-0.105780184,1.1244147,28.234213306129412
110557,627.7953,1143930,0.99773645,0.953125,0.11432017,-9.915552,187491,1987610,15183,157057.21055531502,-1297.8226,-0.09915657,1.6845667,27.00619309855536
110588,615.0585,1144240,0.9976883,0.94744873,0.11626405,-9.243328,187580,1988500,15188,157068.89903354645,-1284.8965,-0.104117244,1.2349633,26.766047186974834
110621,620.0679,1144570,0.9976976,0.95196533,0.12395384,-8.150534,187677,1989470,15193,157080.597053051,-1278.9084,-0.111468166,2.533057,27.458882685655936
110653,633.46484,1144890,0.99772954,0.9470215,0.12832323,-7.4188843,187768,1990380,15198,157092.41671776772,-1298.4104,-0.08669096,2.251062,26.967707622665515
110684,653.459,1145200,0.9976764,0.94537354,0.124610335,-8.116425,187866,1991360,15203,157104.28133106232,-1325.4056,-0.09836287,1.6982478,24.754076298326897
110711,625.619,1145470,0.9977641,0.9543457,0.11590364,-8.054344,187935,1992050,15207,157114.57797431946,-1285.3159,-0.08781997,2.1930802,26.186786238495774
110743,605.85394,1145790,0.99772596,0.9503784,0.10748397,-4.842556,188032,1993020,15212,157126.52837491035,-1240.1338,-0.09647561,0.8979427,28.40190411518223
110775,613.2357,1146110,0.99771404,0.94525146,0.11622447,-2.6499643,188127,1993970,15217,157138.53037500381,-1258.125,-0.10196962,1.1610674,26.498796260648955
110807,606.959,1146430,0.99770975,0.9477539,0.12785563,-5.9505367,188215,1994850,15222,157150.31446743011,-1258.0674,-0.10379462,2.4600482,27.184829385065996
110839,625.45593,1146750,0.997699,0.9530029,0.12360571,-5.0815372,188307,1995770,15227,157162.15106868744,-1295.243,-0.10639179,2.9406638,27.833935475482154
110863,606.89185,1146990,0.99767256,0.9446411,0.11633775,-10.071657,188381,1996510,15231,157172.63448548317,-1256.9543,-0.10831206,0.8246179,24.716655177027153
110895,604.45166,1147310,0.99773145,0.9501343,0.11812969,-7.1379175,188471,1997410,15236,157184.8754014969,-1241.7974,-0.09306531,1.9658206,26.815464445632532
110927,590.4801,1147630,0.99774384,0.9526367,0.11025722,-6.51936,188564,1998340,15241,157196.74891018867,-1224.4485,-0.09003223,1.3543512,26.21910868563212
110959,612.7529,1147950,0.9977536,0.9540405,0.11224787,-6.988059,188660,1999300,15246,157208.7624657154,-1254.5464,-0.085951746,2.0045981,26.16149960831155
110993,619.5575,1148290,0.997699,0.9458618,0.11896577,-5.59956,188748,2000180,15251,157220.67123436928,-1275.4094,-0.10125076,1.1109868,25.344379908526804
111023,600.2483,1148590,0.9976866,0.951416,0.1191012,-6.5005174,188843,2001130,15256,157232.5138232708,-1229.8746,-0.10066992,2.190013,25.56565648677133
111056,611.2007,1148920,0.9977064,0.94525146,0.116754234,-4.542202,188935,2002050,15261,157244.32864117622,-1246.141,-0.1079907,0.99550545,26.83153580457387
111089,585.4629,1149250,0.9977493,0.95184326,0.1106986,-10.28933,189025,2002950,15266,157256.13087677956,-1207.2552,-0.0915021,1.373578,27.21082369279348
111120,597.1292,1149560,0.99770904,0.9492798,0.121614024,-6.8153954,189122,2003920,15271,157268.14722561836,-1214.9695,-0.09812494,1.8754009,26.643085687595104
111153,606.4371,1149890,0.9977188,0.9495239,0.111937135,-8.339081,189217,2004870,15276,157279.86629605293,-1234.6672,-0.11044392,1.1767521,27.427235571082434
111184,609.91394,1150200,0.99775624,0.9544678,0.10811306,-9.763512,189299,2005690,15281,157291.725979805,-1255.2992,-0.0913934,1.5773275,27.029769902721792
111217,608.33105,1150530,0.9977026,0.9450073,0.13023223,-7.8414497,189395,2006650,15286,157303.647408247,-1236.7075,-0.11445026,2.3134117,26.89334400509423
111249,623.81464,1150850,0.997705,0.94781494,0.11787118,-8.553816,189486,2007560,15291,157315.4448056221,-1286.3977,-0.10544842,1.2427671,26.975420337403463
111280,611.6552,1151160,0.9976983,0.95196533,0.12240775,-9.213661,189583,2008530,15296,157327.4636514187,-1250.7039,-0.10035365,2.1807008,26.732589314790033
111312,613.3787,1151480,0.99769855,0.949646,0.1143367,-10.642125,189662,2009320,15301,157339.33161211014,-1253.3914,-0.10041949,1.0269271,26.863040108206526
111337,617.6546,1151730,0.9976561,0.942688,0.14071658,-10.087992,189737,2010070,15305,157349.3767054081,-1259.2722,-0.12518895,2.2818174,22.501476233817463
111369,609.56995,1152050,0.9977009,0.95184326,0.11163898,-6.302256,189832,2011020,15310,157360.91645169258,-1254.8938,-0.106685,1.0008382,27.028558787758083
111403,596.9422,1152390,0.99766207,0.94348145,0.1317489,-8.602428,189923,2011930,15315,157372.5005259514,-1230.204,-0.11254147,1.8032969,27.93280778585567
111434,607.5031,1152700,0.997679,0.9433594,0.1252341,-9.176142,190009,2012790,15320,157384.1249268055,-1231.4371,-0.11973423,1.0764234,27.635151758610213
111467,599.36145,1153030,0.9977031,0.949646,0.117057994,-8.78374,190100,2013700,15325,157395.5317940712,-1233.1241,-0.106703356,0.97281116,28.47512468420548
111498,608.31604,1153340,0.9976659,0.94677734,0.12570654,-9.659454,190194,2014640,15330,157407.31473326683,-1242.1965,-0.12352502,1.5315945,27.22798017488725
111531,600.54395,1153670,0.9977169,0.95043945,0.1240243,-8.374937,190282,2015520,15335,157419.13324451447,-1229.2356,-0.1007624,1.8873725,27.917431477946426
111562,613.4785,1153980,0.9976952,0.94750977,0.12174092,-7.2290554,190374,2016440,15340,157430.6489226818,-1254.8049,-0.10788748,1.1567088,27.993560245885313
111593,592.12933,1154290,0.9977226,0.95288086,0.11193141,-5.4321833,190458,2017280,15345,157442.19042277336,-1239.7993,-0.11215739,0.97163177,27.410286158673976
111625,598.595,1154610,0.9976888,0.951416,0.110204145,-4.5346055,190549,2018190,15350,157453.72468161583,-1224.3008,-0.10385637,0.91799533,27.206634460860865
111657,597.8646,1154930,0.9976959,0.9517822,0.11889477,-2.061625,190636,2019060,15355,157465.34026813507,-1227.8723,-0.10938596,1.5394914,26.633082988301545
111689,631.53357,1155250,0.99767184,0.94763184,0.12355386,2.4174516,190723,2019930,15360,157476.9290714264,-1300.6692,-0.11773701,1.2997613,25.72750693132468
111721,615.85474,1155570,0.99769545,0.9503784,0.11713316,-6.711189,190814,2020840,15365,157488.52441477776,-1276.1322,-0.10037517,1.1528635,26.43126023042179
111753,597.69763,1155890,0.9977045,0.9466553,0.12168835,-4.641606,190898,2021680,15370,157500.15581274033,-1235.795,-0.098921075,1.035964,25.477430490633914
111784,615.96497,1156200,0.9976969,0.9480591,0.12019205,-2.3565392,190985,2022550,15375,157511.53228235245,-1266.3132,-0.11697322,1.0975798,28.42317792475735
111816,610.6003,1156520,0.99771667,0.9466553,0.11626871,-0.26911223,191071,2023410,15380,157522.9197769165,-1265.9008,-0.1071862,1.0220513,27.28560514609288
111849,614.0311,1156850,0.9977205,0.95147705,0.122063264,-4.6496944,191156,2024260,15385,157534.44872379303,-1262.7432,-0.09554742,1.906445,27.943490817757553
111882,625.1599,1157180,0.9976876,0.9511719,0.120896935,3.1000304,191242,2025120,15390,157546.1296980381,-1290.8049,-0.097490475,2.0512385,25.895755760031687
111913,614.47107,1157490,0.9976609,0.9468384,0.12350297,-5.9683642,191333,2026030,15395,157557.77726078033,-1269.1462,-0.11099472,1.249033,27.795070940550428
111945,627.5412,1157810,0.99773216,0.94641113,0.11940118,-6.410755,191426,2026960,15400,157569.49485135078,-1300.6245,-0.10619757,0.95007485,28.61989367898414
111978,611.8411,1158140,0.9976969,0.9492798,0.12636335,-3.4793472,191510,2027800,15405,157580.8409934044,-1266.8944,-0.10815765,2.1483483,28.971271072898453
112009,626.43005,1158450,0.99770546,0.95098877,0.11216363,1.1753292,191599,2028690,15410,157592.4778907299,-1304.0217,-0.102759615,1.1391329,27.774419144849194
112042,626.51416,1158780,0.9977083,0.9468994,0.121208236,-2.5989027,191690,2029600,15415,157604.24498820305,-1292.148,-0.10321311,1.5378323,27.577640323293824
112072,591.2078,1159080,0.99769664,0.9512329,0.12548023,-7.635329,191772,2030420,15420,157615.93566298485,-1232.8773,-0.098955214,2.3900232,26.38931684487589
112105,611.2207,1159410,0.99768543,0.9503784,0.12130069,-4.949183,191863,2031330,15425,157627.62516212463,-1286.9768,-0.099532396,1.5892451,27.188945810897902
112137,625.03174,1159730,0.9976816,0.944397,0.13138169,-11.422385,191951,2032210,15430,157639.18374466896,-1304.5881,-0.11210165,1.5904031,27.301792536834498
112169,613.39746,1160050,0.9977088,0.949646,0.1227426,-9.394206,192037,2033070,15435,157651.07195019722,-1275.8088,-0.110157475,1.3759816,23.396099869325113
112201,630.0401,1160370,0.9976628,0.942749,0.1252924,-11.171568,192132,2034020,15440,157662.99592351913,-1330.8047,-0.11611481,1.1337168,25.372273431611756
112233,633.38416,1160690,0.9976857,0.946228,0.121337965,-8.06797,192223,2034930,15445,157674.66141605377,-1327.2351,-0.11267165,1.2580538,27.703197996386262
112266,623.3949,1161020,0.9976845,0.94488525,0.13014957,-18.852617,192314,2035840,15450,157686.43390607834,-1305.1793,-0.11739841,1.6876087,28.082062859315837
112297,647.43567,1161330,0.99767494,0.94506836,0.14132676,-16.441996,192399,2036690,15455,157698.04223322868,-1356.2583,-0.11344084,2.3649743,26.605616889282523
112330,636.6333,1161660,0.9977076,0.94763184,0.12070328,-15.407404,192488,2037580,15460,157709.46760869026,-1333.956,-0.09591713,1.275121,28.073278730837078
112361,634.19653,1161970,0.9977124,0.95422363,0.11168277,-15.747524,192575,2038450,15465,157721.07469248772,-1331.439,-0.100329146,1.0860577,28.33817161648232
112395,643.64215,1162310,0.9976537,0.9456787,0.13307276,-10.236722,192665,2039350,15470,157732.64234375954,-1351.0249,-0.116803855,1.8588436,28.4978183045422
112425,634.92834,1162610,0.99767137,0.9489136,0.13345441,-12.521377,192752,2040220,15475,157744.34023332596,-1328.1824,-0.12221318,2.4291573,27.631698347824162
112457,644.65894,1162930,0.99772525,0.95007324,0.11524102,-15.111008,192838,2041080,15480,157755.92255568504,-1352.0957,-0.101060554,0.9430947,27.78040934676952
112489,639.9623,1163250,0.99767065,0.94451904,0.12470369,-15.891481,192922,2041920,15485,157767.4588444233,-1333.824,-0.10782851,1.4354086,27.702065863591745
112522,637.2228,1163580,0.99768233,0.94940186,0.12049353,-15.51441,193010,2042800,15490,157778.98250699043,-1331.9946,-0.10626081,1.2401868,27.216071015235237
112553,669.4263,1163890,0.99768496,0.94537354,0.13258557,-16.982536,193095,2043650,15495,157790.43186831474,-1408.4221,-0.11762494,1.8424405,27.94658617780343
112585,653.80615,1164210,0.99767876,0.9476929,0.12133298,-17.748697,193183,2044530,15500,157802.28916621208,-1382.2466,-0.10946185,1.1742387,26.1269665147921
112617,673.00134,1164530,0.99769783,0.9515381,0.11819859,-12.895489,193269,2045390,15505,157813.89706802368,-1416.585,-0.10283981,1.3567398,27.294957800593558
112649,641.52686,1164850,0.99768114,0.9468994,0.12929913,-13.82727,193356,2046260,15510,157825.37987303734,-1341.523,-0.1115819,1.6198789,28.635079291304994
112681,664.8276,1165170,0.99769235,0.9477539,0.12097943,-18.07623,193440,2047100,15515,157836.92053866386,-1392.2501,-0.11791864,1.4220498,28.082350763955603
112715,666.0552,1165510,0.9977007,0.9484253,0.11638728,-12.183062,193520,2047900,15520,157848.3282778263,-1384.6848,-0.1020761,1.1577905,27.789077291568816
112745,677.1393,1165810,0.9977243,0.9489136,0.11973329,-14.70605,193614,2048840,15525,157859.8941078186,-1404.9246,-0.09506809,1.4049597,27.969855312627608
112777,657.7152,1166130,0.9976945,0.94750977,0.11821548,-17.365448,193701,2049710,15530,157871.70109319687,-1367.526,-0.09905188,0.98634726,27.173208245108835
112809,674.32007,1166450,0.99770904,0.9487915,0.11766487,-15.797373,193788,2050580,15535,157883.2616019249,-1401.4553,-0.10216993,1.2370434,28.39484094536831
112842,664.6534,1166780,0.9976802,0.94799805,0.133419,-15.682318,193879,2051490,15540,157894.99722862244,-1388.9634,-0.115116395,2.6582146,27.19084612023999
112874,658.6287,1167100,0.9976647,0.94384766,0.13433477,-16.664528,193967,2052370,15545,157906.45879554749,-1367.9434,-0.122237965,2.2045858,28.948332541780815
112907,680.8895,1167430,0.9976871,0.9470825,0.123064324,-17.20364,194054,2053240,15550,157917.9874277115,-1408.8903,-0.108982265,1.2832899,27.913300511461347
112938,666.4254,1167740,0.99773335,0.95532227,0.10648237,-15.62936,194139,2054090,15555,157929.6939356327,-1380.1959,-0.09799807,1.0362186,28.570972299077283
112969,667.9807,1168050,0.99773765,0.9532471,0.11765053,-14.093346,194224,2054940,15560,157941.3403954506,-1394.0442,-0.07969014,2.1079435,26.135979300390186
113002,662.2412,1168380,0.99767065,0.9484863,0.11998592,-16.908497,194322,2055920,15565,157953.3872613907,-1381.459,-0.11188166,1.2048213,23.934963989056996
113033,680.72595,1168690,0.997689,0.95288086,0.1333831,-14.7518,194412,2056820,15570,157965.33807992935,-1434.9614,-0.09818007,3.548159,27.18566083015095
113066,648.75287,1169020,0.99775267,0.9524536,0.11317587,-16.047766,194506,2057760,15575,157977.19694519043,-1351.8933,-0.094542354,1.5004653,27.15640091676155
113097,678.9263,1169330,0.997689,0.9475708,0.12286424,-17.431839,194599,2058690,15580,157989.00632548332,-1405.4436,-0.10595819,1.4865565,27.005437798514535
113130,675.39453,1169660,0.9976742,0.9499512,0.1234565,-18.75587,194687,2059570,15585,158000.8201892376,-1402.7764,-0.104379535,1.8382459,27.31905839857984
113162,667.51404,1169980,0.9976771,0.9448242,0.12881637,-12.679787,194783,2060530,15590,158012.75513148308,-1389.2771,-0.10441045,1.4419613,25.795443208367843
113194,689.7917,1170300,0.9976976,0.94958496,0.1169497,-9.385138,194872,2061420,15595,158024.40061807632,-1433.3961,-0.10737991,1.1090825,27.588016501703418
113225,671.83215,1170610,0.9977026,0.94885254,0.1190932,-14.652147,194960,2062300,15600,158036.23966097832,-1417.0582,-0.10244167,1.2421302,27.56066585741005
113257,664.7913,1170930,0.9977119,0.9492798,0.12266379,-15.403594,195058,2063280,15605,158048.08125853539,-1388.5778,-0.11285696,1.3729029,27.10234863737314
113289,662.28845,1171250,0.9976828,0.9472046,0.12578365,-14.812366,195148,2064180,15610,158060.0226471424,-1393.2177,-0.119713455,1.5239458,27.43758579501352
113321,657.5432,1171570,0.9976945,0.9512329,0.12645067,-12.8514,195240,2065100,15615,158071.86093568802,-1376.3396,-0.103126235,1.891036,26.06940168234201
113353,655.1719,1171890,0.9976976,0.94836426,0.11971055,-11.000763,195333,2066030,15620,158083.75827598572,-1366.9341,-0.109328195,1.0061907,27.30723612298637
113385,680.7178,1172210,0.99765253,0.93951416,0.14601296,-4.3252583,195423,2066930,15625,158095.65509867668,-1412.0333,-0.11560382,2.3722982,27.637390963066743
113419,690.6001,1172550,0.99765253,0.9490967,0.14557803,-8.378071,195507,2067770,15630,158107.5766670704,-1433.3022,-0.10768895,3.5806649,27.104598115833024
113450,688.80505,1172860,0.99771786,0.9490967,0.1194597,-6.677463,195601,2068710,15635,158119.25473761559,-1434.163,-0.105317056,1.0849018,28.08446322446566
113482,690.35175,1173180,0.9976747,0.95092773,0.1244402,-8.96714,195693,2069630,15640,158130.9460041523,-1457.969,-0.10762667,2.0598538,28.060190566665717
113514,687.1863,1173500,0.9977126,0.9501953,0.11913342,-4.9576244,195780,2070500,15645,158142.7784833908,-1442.2312,-0.10133004,1.1723166,26.029746402522264
113546,666.55927,1173820,0.99766946,0.9430542,0.13110739,-4.311814,195872,2071420,15650,158154.34508299828,-1399.6632,-0.11262314,1.250778,28.356033755702146
113578,662.98376,1174140,0.99770594,0.95196533,0.12292689,-3.4281256,195955,2072250,15655,158166.05009746552,-1411.1619,-0.10400221,1.8593452,28.453703702722237
113609,667.95233,1174450,0.9977112,0.94970703,0.114654996,-6.098998,196038,2073080,15660,158177.5754415989,-1415.6708,-0.097125605,1.117986,27.796717272653094
113641,683.5371,1174770,0.99766684,0.9439087,0.12573195,-5.8170776,196124,2073940,15665,158189.13963603973,-1433.7864,-0.11337623,1.1438262,27.55101432124817
113673,686.62854,1175090,0.9976392,0.94244385,0.14389369,-6.5106864,196212,2074820,15670,158200.87460684776,-1445.6782,-0.12081595,2.6067111,28.289796373040012
113705,687.1779,1175410,0.9977248,0.9511719,0.11544837,-9.840991,196305,2075750,15675,158212.68804740906,-1441.8018,-0.09577243,1.399935,27.348926411151673
113738,695.9955,1175740,0.99771786,0.9534912,0.111972824,-4.364041,196385,2076550,15680,158224.33109927177,-1465.2244,-0.09974684,1.3982015,28.010104844544625
113771,669.6941,1176070,0.99768996,0.94873047,0.11701778,-4.763481,196479,2077490,15685,158235.932939291,-1413.2313,-0.11661844,1.1045158,28.61792262390409
113801,673.5974,1176370,0.9976802,0.9476929,0.14635244,-6.002099,196566,2078360,15690,158247.46984767914,-1421.517,-0.100912765,3.8029578,27.76953461655638
113833,674.5217,1176690,0.99774694,0.95043945,0.11875084,-3.2422218,196663,2079330,15695,158259.6384689808,-1425.5908,-0.09514526,1.5602736,26.55064682937241
113864,687.7521,1177000,0.997735,0.95599365,0.10541749,-5.4646297,196749,2080190,15700,158271.31053495407,-1450.6486,-0.0886766,1.038653,27.383160907152437
113898,679.2349,1177340,0.9976976,0.9465332,0.11729575,-12.745393,196833,2081030,15705,158283.13650417328,-1431.428,-0.09469464,1.0800333,26.363510884757076
113929,675.64014,1177650,0.9977219,0.9545288,0.10259065,-15.555834,196923,2081930,15710,158294.7191414833,-1437.1187,-0.09395164,1.1323478,28.478622954005886
113963,672.03577,1177990,0.99770665,0.951355,0.11594267,-16.339027,197015,2082850,15715,158306.2307794094,-1411.5255,-0.092953295,1.6609468,28.940598749767396
113994,660.1502,1178300,0.9977472,0.95703125,0.09842007,-17.895107,197100,2083700,15720,158317.75213575363,-1390.8483,-0.08522645,0.94545037,29.0600390526596
114026,675.9929,1178620,0.9977157,0.95166016,0.115195915,-14.341572,197187,2084570,15725,158329.37620949745,-1428.3883,-0.09709476,1.7742186,28.411863413295883
114058,679.9968,1178940,0.99772716,0.9491577,0.109832734,-20.48471,197277,2085470,15730,158341.19064307213,-1421.1398,-0.10217199,0.9968598,27.73840026164066
114091,671.7183,1179270,0.99772406,0.951355,0.108081415,-21.414635,197366,2086360,15735,158352.8464269638,-1403.7722,-0.101470426,1.1448762,28.020870494705548
114123,674.09094,1179590,0.9977124,0.95428467,0.13617602,-21.444557,197447,2087170,15740,158364.5832004547,-1403.8594,-0.0930595,4.2900743,27.995726522468086
114155,672.99615,1179910,0.99771667,0.95196533,0.11237422,-20.653954,197539,2088090,15745,158376.10449171066,-1389.7535,-0.09702647,1.452465,29.34949981238044
114185,667.65656,1180210,0.99770904,0.9517212,0.10966168,-19.57697,197625,2088950,15750,158387.71288442612,-1397.0752,-0.09920682,0.991307,27.739572631395767
114217,645.32544,1180530,0.99773073,0.9486084,0.11316475,-20.731663,197711,2089810,15755,158399.41995120049,-1352.3882,-0.097538546,1.2865267,26.2286310814735
114251,696.5591,1180870,0.9977095,0.9501343,0.11330862,-20.727861,197796,2090660,15760,158411.19195222855,-1448.3568,-0.10315266,1.2909415,27.985992588027727
114281,658.83936,1181170,0.99775434,0.9529419,0.10683198,-21.332535,197889,2091590,15765,158422.68299603462,-1371.2019,-0.089846954,1.1606426,27.65585047455354
114314,672.51587,1181500,0.9977298,0.9527588,0.10541646,-15.558428,197977,2092470,15770,158434.74220752716,-1389.9885,-0.1011817,0.9002639,28.33228536722035
114345,662.59033,1181810,0.997751,0.954834,0.101786226,-15.964147,198062,2093320,15775,158446.37682509422,-1379.0558,-0.09564637,0.9967238,27.45398776331611
114377,653.7629,1182130,0.9977257,0.95428467,0.11216008,-14.896069,198151,2094210,15780,158457.91151428223,-1382.6714,-0.093223,1.7516576,26.809208365924924
114409,671.86304,1182450,0.99775124,0.95111084,0.11255427,-13.0504265,198237,2095070,15785,158469.7937104702,-1384.3608,-0.094886035,1.627247,26.465940152283284
114441,655.4963,1182770,0.9977057,0.94866943,0.11694373,-14.895251,198317,2095870,15790,158481.3358001709,-1366.7823,-0.09334263,1.3991297,27.421788861727244
114473,644.3403,1183090,0.9976952,0.94854736,0.111481294,-15.82015,198415,2096850,15795,158493.16591095924,-1336.3503,-0.099032,0.9404176,26.46882642431103
114505,661.6973,1183410,0.9977181,0.95269775,0.13233785,-12.304321,198502,2097720,15800,158504.66020345688,-1363.3684,-0.10537828,3.2111723,27.942798528429293
114537,648.5498,1183730,0.9977019,0.9483032,0.11446288,-10.991642,198586,2098560,15805,158516.32505846024,-1330.9766,-0.099582836,1.1870418,26.949819518288418
114569,649.8966,1184050,0.9977014,0.94989014,0.13514768,-11.893249,198675,2099450,15810,158527.93871665,-1342.8794,-0.10412709,3.489629,27.324703572742056
114601,644.88,1184370,0.99774647,0.95495605,0.10714988,-9.017191,198756,2100260,15815,158539.79698181152,-1326.4717,-0.093494505,1.7123287,27.92315821216779
114635,665.0897,1184710,0.9977391,0.95422363,0.10159174,-11.684114,198842,2101120,15820,158551.29459929466,-1357.7067,-0.08976093,1.0207179,27.594363392996378
114666,639.0238,1185020,0.9977577,0.95562744,0.109334245,-11.055899,198935,2102050,15825,158563.58421063423,-1326.3986,-0.07874872,1.8534807,26.569457730992852
114697,655.5377,1185330,0.997704,0.9508667,0.11228425,-12.871973,199031,2103010,15830,158575.23992228508,-1352.8234,-0.09709841,1.5656741,27.181011447628027
114730,648.8165,1185660,0.99768424,0.9450073,0.12440943,-15.326859,199121,2103910,15835,158587.19351434708,-1332.635,-0.10791698,1.4446862,25.72146963643327
114761,639.9958,1185970,0.9977281,0.95825195,0.102942646,-15.853889,199216,2104860,15840,158599.38706350327,-1321.5952,-0.08879033,1.5162294,25.86839755169262
114794,635.24396,1186300,0.99773073,0.9525757,0.11283756,-18.637323,199307,2105770,15845,158611.17388558388,-1300.427,-0.08931867,1.5900705,27.092632554442286
114825,646.81555,1186610,0.99773645,0.95214844,0.108150825,-13.97666,199398,2106680,15850,158622.97708940506,-1335.1321,-0.100564614,1.277029,26.11354154607935
114858,654.7825,1186940,0.9976742,0.9486084,0.12865251,-16.746147,199490,2107600,15855,158634.80737829208,-1346.0071,-0.11199248,2.2682776,27.116248285760232
114889,663.458,1187250,0.99773073,0.9519043,0.12155837,-15.894981,199579,2108490,15860,158646.5901272297,-1372.5309,-0.09809998,2.1698394,25.941214188047223
114922,657.6342,1187580,0.99772525,0.9505005,0.112849146,-15.633095,199674,2109440,15865,158658.52940702438,-1349.8151,-0.10481641,1.2426741,25.557696972974497
114953,639.4293,1187890,0.99772453,0.953125,0.10580974,-16.589167,199772,2110420,15870,158670.5176575184,-1326.5023,-0.101132765,0.8828053,27.225599718286745
114985,656.8496,1188210,0.9976988,0.95184326,0.12409129,-16.8548,199864,2111340,15875,158682.38829255104,-1340.5873,-0.108366996,2.0979576,26.380545914759242
115017,657.82666,1188530,0.997704,0.9493408,0.12023151,-14.121403,199955,2112250,15880,158694.2930212021,-1351.6055,-0.09813647,1.372896,26.98257602120687
115050,648.304,1188860,0.99769354,0.9463501,0.1288529,-20.461111,200037,2113070,15885,158706.04277348518,-1318.684,-0.10981672,1.9133252,27.16236384563818
115081,666.3464,1189170,0.9977162,0.94866943,0.11944623,-18.4335,200134,2114040,15890,158717.94396829605,-1357.937,-0.10723764,1.3685427,26.77016589825629
115114,667.4267,1189500,0.99769306,0.94970703,0.11651948,-20.004692,200229,2114990,15895,158729.9924917221,-1373.5349,-0.10878949,1.2602521,25.4248780827855
115145,676.1554,1189810,0.9976616,0.9480591,0.12303326,-17.568645,200317,2115870,15900,158741.8372824192,-1393.1333,-0.11230318,1.4219946,27.219716640021772
115177,653.81177,1190130,0.99770665,0.9503174,0.12875733,-17.919722,200405,2116750,15905,158753.5036828518,-1340.5051,-0.10035725,2.3378584,27.303089357595564
115209,670.1176,1190450,0.99769187,0.94854736,0.122330785,-16.474255,200488,2117580,15910,158765.15892601013,-1377.8303,-0.10660061,1.7488935,27.859977889322902
115241,663.5177,1190770,0.99769926,0.9489136,0.119933404,-19.244007,200578,2118480,15915,158776.83605766296,-1349.6355,-0.11073989,1.440218,27.787325436039833
115273,667.43744,1191090,0.9977267,0.9527588,0.11262542,-18.620907,200663,2119330,15920,158788.46498036385,-1385.563,-0.1052748,1.326421,26.63821557056056
115305,663.79895,1191410,0.99769545,0.94866943,0.12142779,-14.011355,200751,2120210,15925,158800.3171479702,-1359.8802,-0.12031293,1.296094,26.01424527902359
115337,660.8226,1191730,0.99770737,0.9482422,0.12087835,-17.645502,200842,2121120,15930,158812.01868343353,-1371.113,-0.09814769,1.400279,27.159046815040966
115369,662.94214,1192050,0.997715,0.95062256,0.11482258,-19.124184,200928,2121980,15935,158823.69607949257,-1368.0153,-0.10739822,1.3177254,26.267936311603826
115401,648.8425,1192370,0.9976764,0.94470215,0.12388158,-19.405243,201013,2122830,15940,158835.35974526405,-1335.5292,-0.10950394,1.2555585,27.629061934034137
115433,651.2289,1192690,0.9977169,0.94781494,0.12298384,-17.449251,201092,2123620,15945,158846.84821605682,-1335.551,-0.10494436,1.3742748,27.999984145173467
115466,649.9203,1193020,0.997731,0.95355225,0.11264105,-19.077559,201192,2124620,15950,158858.9418616295,-1343.4694,-0.09966616,1.4313576,23.05814721678796
115497,655.6765,1193330,0.9977405,0.95318604,0.111649975,-17.782043,201279,2125490,15955,158870.73193764687,-1327.012,-0.09223649,1.6691407,27.468447281975486
115530,651.2283,1193660,0.99768686,0.94659424,0.12419798,-13.149233,201369,2126390,15960,158882.42115044594,-1351.8503,-0.11246593,1.3073342,27.284701016861224
115561,661.1991,1193970,0.9976764,0.9472046,0.11993401,-15.621446,201447,2127170,15965,158894.1100769043,-1362.1826,-0.10881075,1.3417877,27.47213553313363
115594,646.63904,1194300,0.9977534,0.95336914,0.11052641,-17.222092,201540,2128100,15970,158905.63976836205,-1342.3445,-0.09016974,1.4337928,27.616884650743994
115627,662.8275,1194630,0.9976773,0.94592285,0.12405966,-14.266659,201620,2128900,15975,158917.25201702118,-1374.152,-0.11445771,1.4418877,27.03401646641578
115657,658.74994,1194930,0.9977255,0.95196533,0.110323116,-16.317284,201709,2129790,15980,158929.03142881393,-1363.5969,-0.10216147,1.0522783,26.609739127159216
115689,663.5855,1195250,0.9977436,0.9517822,0.1100827,-17.1596,201796,2130660,15985,158940.64147806168,-1374.4332,-0.09212892,1.1450405,27.867662696741355
115722,664.6891,1195580,0.997704,0.9506836,0.11323348,-17.995674,201883,2131530,15990,158952.37606048584,-1386.4873,-0.10430264,1.2219565,26.84093934478962
115754,668.4808,1195900,0.9977257,0.9547119,0.1041248,-16.703888,201971,2132410,15995,158964.0398118496,-1374.7715,-0.09945625,1.1689018,27.830524539205946
115785,656.97076,1196210,0.9977205,0.9538574,0.10337751,-13.635217,202057,2133270,16000,158975.58292627335,-1371.89,-0.09804326,0.88693404,27.571926981021125
115818,630.1985,1196540,0.9977186,0.9510498,0.11450826,-15.2039795,202145,2134150,16005,158987.2969558239,-1314.8407,-0.100941285,1.6389711,27.000703192934473
115850,671.4027,1196860,0.9977219,0.9528198,0.10773046,-15.129858,202228,2134980,16010,158998.92779541016,-1383.4722,-0.10257757,1.0992022,27.522040971666296
115882,649.9885,1197180,0.99771214,0.9494629,0.12442297,-16.97667,202315,2135850,16015,159010.69724082947,-1357.385,-0.09914775,2.5032008,26.821854766050695
115914,633.8977,1197500,0.99770856,0.9487915,0.11678043,-16.778908,202401,2136710,16020,159022.40844535828,-1318.8835,-0.09423142,1.5558703,27.815249074208204
115945,654.1345,1197810,0.9977343,0.95184326,0.110595636,-16.82791,202489,2137590,16025,159033.95713186264,-1354.0431,-0.09899013,1.3442897,27.375604154545673
115977,648.315,1198130,0.9977257,0.9505615,0.11205132,-17.265009,202574,2138440,16030,159045.62591814995,-1353.186,-0.096660525,1.246532,27.843445492815235
116009,651.7168,1198450,0.99774647,0.95410156,0.1029349,-18.184162,202660,2139300,16035,159057.19799923897,-1349.887,-0.083139926,1.0667626,27.589369012515327
116042,625.00085,1198780,0.9977219,0.9503174,0.104788154,-18.630442,202748,2140180,16040,159068.97881937027,-1298.3447,-0.09631934,0.9899633,27.17434707930045
116075,631.7794,1199110,0.99773455,0.949646,0.11565539,-17.365822,202835,2141050,16045,159080.53779625893,-1301.3606,-0.09349845,1.8750242,28.576036388542736
116106,647.2979,1199420,0.9977422,0.95910645,0.094413124,-19.231752,202922,2141920,16050,159092.13093185425,-1321.5398,-0.090945095,1.0729358,27.49161365620174
116139,656.5616,1199750,0.99775887,0.9520874,0.10731389,-17.292023,203008,2142780,16055,159103.7882502079,-1352.3715,-0.09159425,1.3099073,27.086284758116815
116170,646.3621,1200060,0.997736,0.9524536,0.11335137,-17.608606,203092,2143620,16060,159115.3595840931,-1338.9192,-0.09987929,1.9907857,27.889206785698924
116203,621.957,1200390,0.99770355,0.94799805,0.121635094,-16.829445,203178,2144480,16065,159127.20366072655,-1287.1895,-0.09057713,2.0876758,27.14579777069806
116234,632.3883,1200700,0.9977052,0.95007324,0.10513097,-17.317556,203265,2145350,16070,159138.93721055984,-1303.7671,-0.09806623,0.89609337,27.82697020595769
116267,649.1395,1201030,0.997735,0.95062256,0.10651093,-17.888407,203357,2146270,16075,159150.44659423828,-1336.8761,-0.09331979,0.89551467,28.14151382814411
116298,643.0423,1201340,0.99773884,0.9476929,0.12575185,-18.339417,203448,2147180,16080,159162.7184920311,-1341.4519,-0.088356055,2.5183103,26.72917679831537
116331,649.05426,1201670,0.9977381,0.94958496,0.11607175,-18.770794,203536,2148060,16085,159174.4466738701,-1338.4268,-0.08742649,1.7602489,26.91089010248146
116362,645.8076,1201980,0.99769616,0.94866943,0.107326806,-18.534557,203629,2148990,16090,159186.22864341736,-1328.8589,-0.09984832,0.92705387,26.55728462898418
116395,607.35596,1202310,0.997731,0.94989014,0.10243564,-18.535624,203715,2149850,16095,159198.33716201782,-1260.2422,-0.091200575,0.9865248,26.8504139358848
116426,649.1914,1202620,0.99773645,0.95318604,0.1091751,-19.379478,203810,2150800,16100,159210.0239956379,-1329.6697,-0.08523084,1.9415276,27.787733894921995
116457,638.49634,1202930,0.99773383,0.9495239,0.1077977,-18.84484,203899,2151690,16105,159221.8612086773,-1308.9312,-0.097882316,1.2596095,25.686772619220545
116489,601.9519,1203250,0.99777055,0.95422363,0.09905271,-19.400696,203989,2152590,16110,159233.41519141197,-1247.5753,-0.08717248,0.94594824,27.624745786084688
116522,637.5623,1203580,0.997751,0.9527588,0.118348524,-20.961494,204079,2153490,16115,159245.0299396515,-1313.9779,-0.08702044,2.5728593,28.71372506987884
116554,631.8277,1203900,0.9977138,0.95166016,0.104670174,-21.372528,204164,2154340,16120,159256.8935801983,-1295.2799,-0.08969706,0.8866839,27.74973827824039
116586,604.9562,1204220,0.99776125,0.9550171,0.102344505,-20.827686,204255,2155250,16125,159268.90628147125,-1267.5664,-0.09413839,1.1428895,27.11319719134682
116618,615.3655,1204540,0.99773717,0.9483032,0.10780672,-20.767885,204344,2156140,16130,159280.5501897335,-1261.1199,-0.09775283,1.012702,27.602898579635927
116650,607.76965,1204860,0.9977441,0.95043945,0.106414944,-20.784376,204429,2156990,16135,159292.52717351913,-1256.2219,-0.09040432,1.131506,27.50879068513871
116681,614.9768,1205170,0.997731,0.9489746,0.116290264,-21.052082,204517,2157870,16140,159304.13723039627,-1263.9768,-0.09651946,1.9264784,26.695800362473925
116714,622.9994,1205500,0.9977331,0.9538574,0.109465845,-21.234455,204600,2158700,16145,159315.99066972733,-1279.9155,-0.095019266,1.6371462,26.414034902658344
116745,617.9972,1205810,0.9977181,0.9470825,0.12293728,-21.316965,204689,2159590,16150,159327.70693850517,-1271.3508,-0.09493908,2.424852,27.01456943618661
116777,615.28064,1206130,0.997731,0.9499512,0.10831544,-23.204342,204774,2160440,16155,159339.27675533295,-1249.8344,-0.09979406,1.1497762,27.823235095598125
116809,604.523,1206450,0.997731,0.9517212,0.103683054,-23.458689,204863,2161330,16160,159350.89376807213,-1255.6045,-0.0923026,1.1571872,27.817105343059605
116842,614.93036,1206780,0.9977498,0.953125,0.109161675,-23.217258,204947,2162170,16165,159362.45652127266,-1257.0348,-0.07783225,1.8951527,28.36489084763472
116875,625.9938,1207110,0.99772143,0.95111084,0.11345764,-23.170097,205028,2162980,16170,159374.17302036285,-1275.4706,-0.09141841,1.371882,28.019723948230062
116906,608.5753,1207420,0.99773383,0.9546509,0.10148029,-23.538425,205116,2163860,16175,159385.9701216221,-1265.2599,-0.09908441,0.82288814,27.973726094819863
116939,615.4758,1207750,0.9977279,0.95166016,0.105504856,-24.135324,205203,2164730,16180,159397.78193235397,-1266.8728,-0.090159744,0.9278792,25.997382785110233
116969,616.05164,1208050,0.99769306,0.9498291,0.11705424,-24.56312,205292,2165620,16185,159409.4425587654,-1260.0823,-0.106650725,1.4800214,27.324411523759732
117001,605.1688,1208370,0.9977131,0.9484863,0.117447875,-24.402847,205382,2166520,16190,159421.1239850521,-1252.1008,-0.1022683,1.7082014,27.633735016160614
117033,609.0364,1208690,0.9977274,0.9519043,0.11200092,-23.500862,205464,2167340,16195,159432.8618657589,-1253.7743,-0.09172713,1.7170393,26.393361943341016
117066,606.6199,1209020,0.9977195,0.9512329,0.107397385,-23.931164,205548,2168180,16200,159444.46150445938,-1239.6062,-0.095530346,1.0429114,27.184826632021057
117098,615.9276,1209340,0.9977212,0.9515991,0.103639595,-26.141132,205633,2169030,16205,159456.14117503166,-1265.8735,-0.0966911,0.9011934,28.300360423483625
117124,608.1457,1209600,0.99769735,0.9503784,0.1222398,-26.394703,205706,2169760,16209,159466.21150565147,-1246.2634,-0.100749254,2.371414,27.17994085599835
117155,612.266,1209910,0.9977188,0.947876,0.11871131,-25.126898,205798,2170680,16214,159477.94223165512,-1260.0015,-0.09733951,1.6432433,26.69764032585517
117187,620.1096,1210230,0.99767876,0.9490967,0.11361109,-25.34232,205886,2171560,16219,159489.87143063545,-1267.0435,-0.10268232,1.2264874,27.035791707674935
117220,628.19165,1210560,0.99772286,0.95562744,0.11399335,-28.816227,205978,2172480,16224,159501.79013371468,-1282.5522,-0.09466098,1.9474144,26.749379758436376
117251,610.911,1210870,0.9977157,0.9505615,0.115472704,-27.291576,206072,2173420,16229,159513.63746333122,-1263.541,-0.102310814,1.6775048,26.621548507000124
117283,626.53827,1211190,0.99770355,0.95080566,0.10948816,-25.688885,206164,2174340,16234,159525.62902784348,-1281.5576,-0.09702974,0.87783825,26.875511333179684
117315,638.0835,1211510,0.9977207,0.94873047,0.11291311,-28.255566,206254,2175240,16239,159537.61151576042,-1326.7068,-0.102827884,1.1844655,27.199800426040145
117348,614.75854,1211840,0.997715,0.9494629,0.114514634,-23.523811,206344,2176140,16244,159549.5977244377,-1282.0188,-0.09059376,1.2711363,25.738642310618243
117379,602.37067,1212150,0.99767447,0.94158936,0.12205769,-19.526688,206430,2177000,16249,159561.54672265053,-1247.9736,-0.11251517,1.1830082,26.77845520892367
117412,631.6244,1212480,0.9976721,0.944397,0.13013804,-14.079129,206524,2177940,16254,159573.37285637856,-1307.2069,-0.10407056,2.029928,26.82679226822849
117443,640.84174,1212790,0.99770474,0.94885254,0.112417504,-19.851635,206613,2178830,16259,159585.41927433014,-1326.7284,-0.10518385,1.0153513,26.58388221370123
117475,614.17444,1213110,0.9977155,0.94836426,0.11629547,-16.70198,206700,2179700,16264,159597.50988197327,-1275.2795,-0.10265765,1.1491383,26.991293240066803
117507,631.97314,1213430,0.99773645,0.9522705,0.11601412,-8.992672,206788,2180580,16269,159609.33198189735,-1318.7498,-0.09300193,1.754494,26.26026057029087
117539,618.7596,1213750,0.9976909,0.95080566,0.12474324,-12.299523,206877,2181470,16274,159621.43086385727,-1278.2529,-0.114803284,2.4320774,26.62765654899769
117571,615.23865,1214070,0.99771047,0.95318604,0.10941541,-10.561219,206964,2182340,16279,159633.1394929886,-1271.7389,-0.10017307,1.0723712,27.129430108598388
117603,630.424,1214390,0.9977398,0.9489136,0.11049555,-14.936186,207045,2183150,16284,159644.8920094967,-1279.3673,-0.09624854,1.0278232,26.025075202436028
117635,616.2857,1214710,0.9977071,0.9519043,0.11379494,-12.915606,207135,2184050,16289,159656.55384469032,-1286.9185,-0.10348323,1.422985,27.60585932044668
117666,630.9352,1215020,0.9977267,0.95092773,0.11431751,-15.866819,207215,2184850,16294,159668.38606524467,-1305.4342,-0.08652803,1.6833415,26.879526534218705
117700,625.8932,1215360,0.99773765,0.9524536,0.118476674,-15.437044,207305,2185750,16299,159680.3333132267,-1302.6294,-0.09332656,2.1605673,27.402734011049684
117730,627.9973,1215660,0.9976764,0.9482422,0.11703999,-16.277674,207395,2186650,16304,159691.8064918518,-1304.633,-0.10486093,1.1848899,28.348915538465842
117764,617.20374,1216000,0.9977164,0.95318604,0.12581472,-18.953234,207476,2187460,16309,159703.5117251873,-1281.351,-0.10410847,2.9621563,27.308683482280287
117794,603.97253,1216300,0.9977298,0.9503784,0.108463146,-17.88191,207563,2188330,16314,159715.2239882946,-1259.7063,-0.098963864,0.9261937,27.194518049952688
117828,641.9346,1216640,0.9977417,0.951416,0.11291932,-23.068047,207648,2189180,16319,159727.09509205818,-1315.2402,-0.0991797,1.6072791,27.27125154650445
117859,630.2269,1216950,0.9977069,0.9489746,0.114860624,-20.777008,207733,2190030,16324,159738.82863497734,-1296.4082,-0.10674968,1.3650422,27.142855293896858
117890,654.17725,1217260,0.9977169,0.94854736,0.11389964,-16.51113,207824,2190940,16329,159750.58698558807,-1337.261,-0.09881863,1.1688604,27.55952836721609
117922,642.58856,1217580,0.99772096,0.9487915,0.123455234,-17.534996,207907,2191770,16334,159762.66099739075,-1347.0994,-0.10093011,2.2251544,22.72706311235482
117954,623.2209,1217900,0.9977398,0.95318604,0.11044371,-17.2541,207997,2192670,16339,159774.31970453262,-1283.9304,-0.10001992,1.6094015,26.800089255272574
117986,629.5939,1218220,0.99770737,0.9517212,0.11177946,-19.951038,208080,2193500,16344,159786.17808270454,-1304.4745,-0.09835845,1.3726642,26.073934317711274
118018,614.0845,1218540,0.997705,0.95233154,0.107535824,-20.709099,208169,2194390,16349,159797.95319128036,-1284.0518,-0.10507454,1.1955855,26.966819019785145
118050,628.61884,1218860,0.9977217,0.954895,0.10262106,-21.87832,208255,2195250,16354,159809.7632613182,-1300.2776,-0.09448944,0.9828118,25.91786820284097
118083,650.066,1219190,0.99772644,0.95440674,0.10743179,-21.686419,208338,2196080,16359,159821.3573498726,-1349.282,-0.09379938,1.1387984,27.13354622873813
118116,625.6362,1219520,0.99774003,0.9508667,0.10833283,-22.87537,208427,2196970,16364,159833.09570384026,-1303.3762,-0.09748086,0.90537167,27.29239357550337
118147,640.01685,1219830,0.99770355,0.9508667,0.11625306,-21.374357,208512,2197820,16369,159844.84249806404,-1324.8496,-0.09934531,1.4767268,26.23207847397939
118180,647.2776,1220160,0.9977031,0.94744873,0.11979757,-23.635605,208603,2198730,16374,159856.86259818077,-1339.0696,-0.09280527,1.5585492,27.487219312074718
118211,633.4621,1220470,0.9977329,0.95147705,0.11027058,-23.564491,208691,2199610,16379,159868.59221625328,-1311.1172,-0.095051974,1.1691837,27.299066005080576
118243,648.23895,1220790,0.9977546,0.9556885,0.10076824,-21.367449,208778,2200480,16384,159880.32522177696,-1334.5159,-0.08867726,1.0155715,27.35314007013462
118276,628.9265,1221120,0.9976742,0.94818115,0.111647606,-20.712107,208862,2201320,16389,159892.0320122242,-1318.9294,-0.10647291,0.94247514,28.303735304351495
118308,642.7855,1221440,0.99777484,0.95214844,0.107725695,-20.313606,208950,2202200,16394,159903.82518839836,-1317.9268,-0.083472975,1.3749142,27.341633607759274
118340,627.33453,1221760,0.9977262,0.95111084,0.10671765,-23.303553,209035,2203050,16399,159915.68016195297,-1304.6982,-0.092620775,0.98420066,26.87282354124819
118371,654.63477,1222070,0.99768543,0.9468994,0.12553068,-21.820454,209119,2203890,16404,159927.63317751884,-1352.3988,-0.10519842,2.1765065,27.221612971758265
118403,618.0439,1222390,0.99773574,0.9534912,0.1074734,-22.335796,209203,2204730,16409,159939.1786851883,-1311.2695,-0.08283569,1.2413447,27.69704671267924
118434,652.0882,1222700,0.99773407,0.9540405,0.110098824,-21.242397,209287,2205570,16414,159950.86112642288,-1359.0332,-0.091251895,1.6089988,28.153071651325583
118467,652.66016,1223030,0.99771094,0.951355,0.108328,-21.115105,209372,2206420,16419,159962.43107414246,-1340.7703,-0.10734181,0.9427613,27.914194531245936
118499,616.4313,1223350,0.99775434,0.95721436,0.101064175,-21.202957,209460,2207300,16424,159974.10107851028,-1285.3804,-0.09015651,1.2708262,26.58432714289506
118532,636.3722,1223680,0.99771786,0.94873047,0.11085471,-21.451097,209544,2208140,16429,159985.8976290226,-1320.6688,-0.10258494,1.0184639,26.760403701739065
118563,640.9059,1223990,0.9977212,0.9525757,0.109826475,-20.946438,209630,2209000,16434,159997.7133524418,-1326.4424,-0.09519273,1.4398822,27.368570573598628
118596,623.8855,1224320,0.9976928,0.95214844,0.11365245,-20.510307,209712,2209820,16439,160009.62660598755,-1297.3862,-0.10367668,1.3494285,27.800799405613734
118628,617.5999,1224640,0.9977298,0.9552002,0.10257629,-21.225012,209802,2210720,16444,160021.26036071777,-1285.5525,-0.09484756,0.8214942,27.776586126931132
118659,639.59625,1224950,0.99769926,0.9500122,0.10843675,-20.821743,209887,2211570,16449,160032.84866309166,-1333.5715,-0.10563576,0.9337301,27.88739882543485
118691,646.0803,1225270,0.9976938,0.9458618,0.13052967,-21.018196,209970,2212400,16454,160044.70462465286,-1354.177,-0.10732624,1.9216645,28.323750463998664
118723,617.1899,1225590,0.9977393,0.95526123,0.10380405,-22.346382,210056,2213260,16459,160056.49825549126,-1297.5021,-0.09261638,0.9754652,26.567950931398418
118755,634.0414,1225910,0.9977305,0.95092773,0.117461555,-20.118652,210146,2214160,16464,160068.7972521782,-1315.5674,-0.097845286,1.9243854,26.80280533588945
118787,631.4287,1226230,0.9976826,0.9470215,0.11675332,-21.652561,210234,2215040,16469,160080.6794784069,-1332.2134,-0.10730745,1.3134258,26.893403280341424
118819,624.68567,1226550,0.9977479,0.95318604,0.11640166,-20.092842,210327,2215970,16474,160092.58919930458,-1302.2544,-0.09645609,2.2410893,26.528102584972352
118851,635.71185,1226870,0.997694,0.94592285,0.13081548,-21.356712,210414,2216840,16479,160104.5162346363,-1334.8928,-0.11129241,2.0802567,26.483416162004218
118883,642.40796,1227190,0.99770474,0.94750977,0.11695714,-19.275484,210503,2217730,16484,160116.56441497803,-1349.4512,-0.109019324,1.0308237,25.572376031559994
118916,636.6084,1227520,0.9977062,0.95098877,0.113510996,-6.318654,210597,2218670,16489,160128.53941130638,-1330.1631,-0.10549841,1.302052,26.876025276546706
118947,633.55225,1227830,0.9976716,0.9454346,0.121630415,-13.274235,210687,2219570,16494,160140.4196908474,-1324.9448,-0.105259016,1.2070215,26.093460378610427
118980,624.019,1228160,0.99772525,0.9477539,0.12959528,-16.454868,210777,2220470,16499,160152.31621527672,-1323.7711,-0.1042562,2.432846,27.02268981989199
119011,634.85504,1228470,0.9976971,0.94610596,0.12009072,-19.021996,210866,2221360,16504,160164.37406373024,-1347.968,-0.108364925,1.2157797,27.31149529813926
119044,640.59766,1228800,0.99770355,0.9490967,0.11306828,-21.442894,210955,2222250,16509,160176.2812550068,-1361.1309,-0.10632881,1.1267681,26.93866602975105
119075,626.6223,1229110,0.9976833,0.94641113,0.11817512,-18.044287,211045,2223150,16514,160188.37996578217,-1320.6381,-0.11040989,0.96272326,26.99658926454068
119108,637.71954,1229440,0.99765706,0.94677734,0.13621408,-19.710537,211131,2224010,16519,160200.22158527374,-1351.5408,-0.12430196,2.824965,27.37058259012236
119139,611.9609,1229750,0.9977386,0.95092773,0.108433574,-18.356792,211224,2224940,16524,160212.31552553177,-1301.1648,-0.10120109,1.079824,26.507457545777093
119172,614.75085,1230080,0.99771,0.95196533,0.12075356,-18.89579,211310,2225800,16529,160224.38642191887,-1304.305,-0.0934299,2.3702598,26.548947855021538
119202,619.15234,1230380,0.9977193,0.9511719,0.11047362,-17.022753,211401,2226710,16534,160236.48078155518,-1316.9358,-0.10388811,1.0767403,26.507682657654456
119235,630.36066,1230710,0.99771094,0.9511719,0.11380666,-16.949474,211489,2227590,16539,160248.56826615334,-1327.9116,-0.10235148,1.5065396,26.898264739960503
119266,628.4923,1231020,0.9977305,0.94866943,0.11551198,-15.781342,211577,2228470,16544,160260.6433649063,-1338.7502,-0.0915952,1.4549769,27.117631638257357
119300,622.6029,1231360,0.99771523,0.9472046,0.11534547,-16.241215,211661,2229310,16549,160272.44625663757,-1318.2717,-0.103330776,1.2213117,27.143632023839558
119332,612.6809,1231680,0.9977431,0.9489136,0.117905244,-14.354027,211750,2230200,16554,160284.35516381264,-1307.4556,-0.09817321,1.7984613,28.122621482530604
119365,614.3895,1232010,0.99770594,0.94854736,0.11256824,-13.5683155,211837,2231070,16559,160296.10635972023,-1293.7144,-0.09600284,1.2295609,27.07675498299302
119396,618.0827,1232320,0.9977064,0.95080566,0.10897359,-16.491383,211923,2231930,16564,160308.10947704315,-1310.7307,-0.10075195,1.1342235,26.38499029958735
119429,613.6104,1232650,0.9977021,0.94836426,0.115605414,-15.481072,212005,2232750,16569,160320.0839049816,-1304.9915,-0.10507402,1.2381327,26.41453654613953
119459,602.9385,1232950,0.9977133,0.9515381,0.106228985,-16.023256,212096,2233660,16574,160331.98011922836,-1284.941,-0.08955979,0.92790735,27.076910662233526
119492,613.454,1233280,0.9977429,0.954834,0.104445525,-18.401127,212184,2234540,16579,160344.0603208542,-1300.2493,-0.08673963,1.3165064,26.68505505252653
119522,624.5675,1233580,0.9977155,0.9505615,0.11125609,-15.307421,212268,2235380,16584,160355.73444199562,-1340.1067,-0.0995376,1.312309,27.525811370965293
119556,644.6979,1233920,0.99774575,0.9534912,0.10436921,-15.216168,212358,2236280,16589,160367.89986491203,-1356.919,-0.094293796,1.3457787,26.83746154746719
119589,628.0164,1234250,0.9977374,0.9511719,0.10778928,-12.111134,212445,2237150,16594,160379.74296689034,-1324.6436,-0.09942396,1.0357413,28.01869447624487
119620,605.30634,1234560,0.99771476,0.9523926,0.10639438,-15.029167,212534,2238040,16599,160391.73553681374,-1276.2666,-0.098563515,0.97502995,27.938270406111968
119651,609.07526,1234870,0.9977224,0.95147705,0.12872021,-15.845822,212624,2238940,16604,160403.6598086357,-1284.9565,-0.09657085,3.2581258,28.003457198186023
119683,610.0308,1235190,0.99770975,0.95440674,0.103684805,-12.242216,212713,2239830,16609,160415.6232931614,-1294.7014,-0.10058536,0.8780954,27.34838307741759
119716,594.1865,1235520,0.9977431,0.9533081,0.10481092,-14.092909,212797,2240670,16614,160427.30001664162,-1262.8589,-0.091323026,1.2424762,27.690246893407867
119746,620.7666,1235820,0.9977422,0.9506836,0.111719064,-13.72917,212879,2241490,16619,160438.97311282158,-1307.805,-0.09646554,1.2764752,27.003264508917344
119779,605.9672,1236150,0.99770474,0.94781494,0.11964015,-16.75093,212964,2242340,16624,160450.96749329567,-1282.4078,-0.094185784,1.5569065,25.893872297177634
119811,616.6102,1236470,0.9977522,0.9524536,0.10118118,-17.913904,213057,2243270,16629,160462.92221927643,-1308.9198,-0.08085943,0.91539395,26.956309232782576
119842,615.0674,1236780,0.9977431,0.95318604,0.105336875,-16.06324,213147,2244170,16634,160474.8181335926,-1296.2139,-0.100901395,1.0793312,27.223597916351434
119875,607.54297,1237110,0.99773645,0.95166016,0.10772289,-11.890738,213219,2244890,16639,160486.54479432106,-1274.0305,-0.092215165,1.2121133,27.58058998021837
119907,607.07324,1237430,0.99772143,0.95202637,0.1138773,-12.9253645,213309,2245790,16644,160498.19714307785,-1280.488,-0.09111196,1.8884845,26.732509448753657
119939,607.8586,1237750,0.9977288,0.9492798,0.11127985,-11.9333725,213397,2246670,16649,160509.93665719032,-1284.6213,-0.10268462,1.579061,27.59231267047618
119971,609.84985,1238070,0.9977133,0.95098877,0.10745947,-9.097388,213487,2247570,16654,160522.2915263176,-1298.8862,-0.09566741,1.0179863,25.249587138182125
120003,604.4448,1238390,0.9977143,0.94799805,0.10929915,-11.969389,213565,2248350,16659,160534.0030515194,-1289.7522,-0.09684815,1.1281173,26.750880549775577
120036,599.88245,1238720,0.99773145,0.95318604,0.10778795,-12.29588,213652,2249220,16664,160545.78312277794,-1272.4784,-0.09610989,1.3108715,27.255263612124757
120067,622.2757,1239030,0.9977367,0.9557495,0.10689486,-14.862971,213737,2250070,16669,160557.37092137337,-1311.4451,-0.09746443,1.6346151,28.112339833715062
120099,629.3067,1239350,0.9977112,0.95233154,0.11669374,-15.159784,213820,2250900,16674,160569.10867977142,-1322.4766,-0.09409641,2.168671,26.809395791640608
120132,621.00726,1239680,0.9977083,0.9527588,0.10499432,-11.983791,213903,2251730,16679,160581.10750317574,-1297.4854,-0.1074591,0.89777905,27.46048381354871
120163,606.2052,1239990,0.99774337,0.95422363,0.100991204,-13.5981045,213989,2252590,16684,160592.89465355873,-1278.5984,-0.09366539,0.9379814,28.20895789339284
120196,602.7609,1240320,0.9976971,0.94958496,0.112248555,-14.968853,214077,2253470,16689,160604.7227807045,-1266.7106,-0.10977976,1.0317383,27.558317411199045
120227,615.0735,1240630,0.9976883,0.9472046,0.12458211,-11.51635,214161,2254310,16694,160616.46511220932,-1282.4578,-0.108816914,2.2072291,27.562210957160286
120259,612.7925,1240950,0.99773645,0.95391846,0.1046386,-15.036663,214240,2255100,16699,160628.2487103939,-1301.1299,-0.09573261,1.4475747,26.631627090589344
120291,610.4463,1241270,0.9977257,0.9500122,0.10881972,-12.10927,214324,2255940,16704,160640.0958287716,-1273.3447,-0.09368767,1.1274097,26.131664190943887
120323,610.2471,1241590,0.99772334,0.9534302,0.10789128,-10.69294,214415,2256850,16709,160652.07573509216,-1284.342,-0.0993905,1.620739,27.50800419205962
120355,624.16895,1241910,0.9977126,0.951355,0.10784507,-9.953577,214505,2257750,16714,160663.82169532776,-1314.0995,-0.09741096,1.2261627,27.092960686786487
120380,596.31616,1242160,0.99768615,0.9454346,0.122597426,-12.67951,214572,2258420,16718,160673.98985123634,-1266.2013,-0.10099695,1.5249913,25.883967395522955
120412,624.4315,1242480,0.99770284,0.94970703,0.11130652,-15.867187,214668,2259380,16723,160685.85330605507,-1294.2817,-0.10781184,1.187966,26.934127765086764
120446,614.6025,1242820,0.99770665,0.9460449,0.12585269,-16.146183,214758,2260280,16728,160697.74267840385,-1301.1296,-0.09935821,1.9187791,26.883809481460382
120470,635.45526,1243060,0.9977236,0.9508667,0.10796805,-10.553903,214828,2260980,16732,160708.06192302704,-1340.3823,-0.102587685,0.9790632,23.638094679551074
120496,619.5573,1243320,0.9977286,0.9522705,0.12457998,-15.166031,214904,2261740,16736,160718.80378079414,-1303.8868,-0.089461364,2.737593,24.768191582307697
120528,621.9084,1243640,0.99769926,0.951416,0.11238459,-17.777925,214985,2262550,16741,160730.98668932915,-1300.2964,-0.106578805,0.9692347,26.75938465930801
120560,609.8307,1243960,0.9977343,0.9520874,0.12056098,-17.142895,215083,2263530,16746,160743.34794402122,-1275.986,-0.0947882,2.217011,26.179806351587565
120592,609.5277,1244280,0.9977319,0.95391846,0.09921266,-14.475505,215168,2264380,16751,160755.3634572029,-1278.0167,-0.09112574,0.7985738,26.58134192696404
120625,600.3177,1244610,0.9977217,0.9494629,0.11438384,-14.087284,215255,2265250,16756,160767.62058329582,-1259.374,-0.09565884,1.1832073,26.301505758279347
120656,625.35205,1244920,0.9977081,0.9480591,0.11414037,-17.913233,215346,2266160,16761,160780.1085164547,-1310.9758,-0.1021782,1.105226,25.146343442064726
120689,609.5851,1245250,0.99771,0.95062256,0.11916504,-19.592808,215435,2267050,16766,160792.22104406357,-1276.7448,-0.105508715,1.4109335,26.30662475802621
120720,614.4769,1245560,0.997704,0.94940186,0.11650239,-19.485352,215527,2267970,16771,160804.3094203472,-1294.0857,-0.09668511,1.2468045,25.303620400055465
120753,611.38086,1245890,0.9977281,0.9520874,0.11587186,-19.084059,215612,2268820,16776,160816.42353343964,-1282.5857,-0.10543699,1.8855792,26.281528258946558
120784,611.4175,1246200,0.99774027,0.9500122,0.11445223,-23.459263,215707,2269770,16781,160828.75937128067,-1286.6604,-0.09965141,1.4064429,25.949146004987686
120817,607.334,1246530,0.99774337,0.95428467,0.10325702,-13.469511,215794,2270640,16786,160841.03975963593,-1292.801,-0.08968052,1.001719,25.465012431052436
120847,606.0024,1246830,0.9977331,0.9562988,0.09642844,-18.120983,215887,2271570,16791,160853.31814432144,-1283.1372,-0.09111485,0.7802373,26.013194040935716
120881,627.8634,1247170,0.99772835,0.9501343,0.115260944,-18.97995,215974,2272440,16796,160865.4203827381,-1333.4579,-0.09663227,1.6941223,26.450897891341768
120911,616.4038,1247470,0.9977243,0.95214844,0.10701905,-20.971481,216062,2273320,16801,160877.61079192162,-1284.4819,-0.10031399,1.2205318,25.735856328521024
120945,597.0414,1247810,0.9977634,0.95391846,0.10956974,-22.12672,216154,2274240,16806,160889.82391405106,-1265.5024,-0.10398701,1.6761938,26.985030815066477
120976,609.50726,1248120,0.9977174,0.9508667,0.10577801,-22.188236,216239,2275090,16811,160901.69958424568,-1292.2252,-0.096036226,0.803307,26.72946424659553
121003,613.17017,1248390,0.9977379,0.9561157,0.1068061,-22.597218,216310,2275800,16815,160911.71543383598,-1285.1934,-0.09187034,1.4080708,26.86346217085347
121034,600.9903,1248700,0.9977119,0.951355,0.12252904,-21.6666,216393,2276630,16820,160923.5352575779,-1256.8098,-0.09122508,3.0634062,27.42741492340649
121067,605.58417,1249030,0.9977257,0.9526367,0.09992351,-23.948635,216477,2277470,16825,160935.33763432503,-1276.0807,-0.093146846,0.91861427,27.771643372708198
121098,610.3535,1249340,0.9977124,0.94940186,0.10916469,-23.958813,216558,2278280,16830,160947.23850297928,-1279.606,-0.107511826,1.0203364,27.900993243945535
121130,635.2416,1249660,0.9977362,0.9468994,0.11840233,-25.670261,216647,2279170,16835,160959.05089640617,-1319.1881,-0.09736131,1.5997769,27.45654312751931
121162,634.0261,1249980,0.997746,0.9550781,0.109723344,-22.655003,216732,2280020,16840,160971.37636113167,-1325.1772,-0.09495633,1.8897984,24.952447047889823
121194,614.54333,1250300,0.9977498,0.953125,0.10068802,-25.020367,216821,2280910,16845,160983.47598981857,-1292.5938,-0.091836035,1.0335642,26.469721661885686
121226,617.7434,1250620,0.99770546,0.9517212,0.111845836,-22.068022,216908,2281780,16850,160995.39523601532,-1289.6001,-0.09918184,1.5736022,26.904133709112923
121258,617.3484,1250940,0.99770784,0.95233154,0.10405816,-25.419628,217000,2282700,16855,161007.58841347694,-1286.7794,-0.09985748,1.0475924,26.711523893158066
121290,615.6636,1251260,0.9977522,0.9561157,0.11412709,-23.870018,217092,2283620,16860,161019.6575498581,-1296.2278,-0.08453768,2.509445,26.660378138040407
121321,612.77466,1251570,0.9977329,0.9536133,0.09851408,-23.724676,217177,2284470,16865,161031.55347704887,-1277.2451,-0.09086934,0.8356726,27.073147549739833
121353,606.902,1251890,0.9977424,0.954834,0.1035672,-23.156693,217271,2285410,16870,161043.73867940903,-1266.8966,-0.085523576,1.3273244,26.613788761620928
121385,602.6314,1252210,0.99772453,0.94885254,0.11130109,-23.532574,217360,2286300,16875,161055.74035692215,-1268.3798,-0.10492063,1.2817676,26.75579995405069
121417,603.319,1252530,0.9977727,0.9579468,0.10287085,-25.035313,217450,2287200,16880,161067.85304641724,-1262.8538,-0.0806838,1.6071751,26.11331545786773
121450,605.8341,1252860,0.9977009,0.94799805,0.10785811,-22.305443,217539,2288090,16885,161079.89768481255,-1265.3417,-0.10467067,1.008187,26.997151291704412
121482,599.5979,1253180,0.997731,0.9519043,0.10652892,-24.227509,217629,2288990,16890,161091.84931731224,-1246.8494,-0.08612524,1.1735878,26.887073082613444
121515,608.55725,1253510,0.9977541,0.9525757,0.106372364,-23.00816,217713,2289830,16895,161103.92372345924,-1269.6338,-0.09196706,1.3181983,25.691694447804895
121546,609.94165,1253820,0.9977479,0.9515381,0.11580086,-21.955421,217805,2290750,16900,161116.03630137444,-1270.2216,-0.09244792,1.8856676,27.049285167915684
121579,610.33826,1254150,0.997715,0.9526367,0.103522085,-22.687859,217887,2291570,16905,161127.95747876167,-1284.6235,-0.09685227,0.987102,27.333996770656206
121610,610.88403,1254460,0.9977312,0.9536743,0.10138122,-23.659454,217968,2292380,16910,161139.71263432503,-1263.1873,-0.101170436,1.0372822,27.53950185938899
121643,608.367,1254790,0.9977281,0.9505005,0.1105264,-21.031925,218054,2293240,16915,161151.36913204193,-1260.8057,-0.09518786,1.5225188,27.542115556336245
121673,621.60144,1255090,0.99769425,0.95147705,0.113958985,-22.591644,218138,2294080,16920,161163.1581134796,-1293.9065,-0.1115594,1.3654566,26.516656217151816
121707,598.66406,1255430,0.9977472,0.95318604,0.112460464,-24.736814,218218,2294880,16925,161175.04180693626,-1253.5739,-0.098724246,1.8186333,27.24159985711212
121738,611.8849,1255740,0.99774766,0.95513916,0.10537514,-22.897877,218307,2295770,16930,161186.9469692707,-1271.7874,-0.080495164,1.7972138,27.491337736760148
121770,613.50085,1256060,0.9977279,0.9510498,0.1192596,-23.76545,218389,2296590,16935,161198.70616889,-1275.0698,-0.08854036,2.0549035,27.313949163895526
121801,595.6471,1256370,0.99773574,0.95147705,0.10941243,-23.850328,218475,2297450,16940,161210.608823061,-1244.9525,-0.09039514,1.3366233,26.441921892566004
121835,606.8097,1256710,0.9977517,0.95355225,0.10488957,-22.477257,218556,2298260,16945,161222.2769665718,-1266.1124,-0.096028075,1.314136,27.5360384157011
121866,599.26373,1257020,0.9977126,0.9506836,0.13034803,-23.091,218642,2299120,16950,161233.95295643806,-1248.4409,-0.10113342,3.0907302,27.14547110233573
121898,614.90674,1257340,0.9977076,0.94958496,0.11177656,-23.189062,218724,2299940,16955,161246.07362008095,-1283.0754,-0.10610983,1.4892802,26.8455053218885
121930,612.51135,1257660,0.9977224,0.94781494,0.10952781,-24.425398,218811,2300810,16960,161257.87197375298,-1274.1267,-0.092563555,0.8596719,27.57819847125594
121961,604.75903,1257970,0.9977069,0.95080566,0.10808399,-24.10563,218895,2301650,16965,161269.99592614174,-1255.5874,-0.10225041,1.0470827,23.839852873184295
121993,596.0415,1258290,0.9977391,0.95648193,0.10869781,-22.770193,218990,2302600,16970,161281.9105131626,-1242.5566,-0.08764365,1.9411772,27.566150896526086
122026,601.79803,1258620,0.99774075,0.9517822,0.10449992,-21.25932,219076,2303460,16975,161293.7355275154,-1255.0531,-0.09487119,0.99059975,27.73826267951152
122057,603.7992,1258930,0.9977124,0.9493408,0.11200677,-22.670292,219168,2304380,16980,161305.75611758232,-1258.9829,-0.09652811,1.3565593,28.124686965594137
122089,598.73804,1259250,0.99773765,0.9522705,0.10194986,-19.725925,219255,2305250,16985,161317.85249614716,-1242.3965,-0.08994527,1.0177107,27.313579527370614
122122,612.1433,1259580,0.9977498,0.95562744,0.10299613,-19.73682,219342,2306120,16990,161329.4468100071,-1277.2003,-0.08468394,1.2733045,27.617651809632925
122154,607.20764,1259900,0.9977133,0.9528198,0.108746484,-21.843967,219421,2306910,16995,161341.12493491173,-1262.1631,-0.10339853,1.368109,27.60669684559045
122185,599.82117,1260210,0.9977274,0.95233154,0.10969834,-20.678333,219508,2307780,17000,161352.949883461,-1250.3416,-0.094512925,1.4394053,26.89809763180707
122217,603.25574,1260530,0.997761,0.95892334,0.10174228,-19.754765,219591,2308610,17005,161364.87443900108,-1259.8977,-0.096219644,1.5743833,26.554405302424026
122249,610.2233,1260850,0.9977162,0.95526123,0.10215299,-19.203161,219675,2309450,17010,161376.96422815323,-1268.0055,-0.10118129,0.9664554,27.505165861703766
122282,610.7825,1261180,0.9976771,0.9493408,0.11348288,-18.865553,219757,2310270,17015,161388.682908535,-1274.3958,-0.10867299,1.1565756,26.61177830042593
122313,606.25867,1261490,0.9977665,0.95526123,0.106100015,-3.351728,219845,2311150,17020,161400.50833058357,-1253.6836,-0.08815895,1.554599,27.295077143148244
122346,612.84454,1261820,0.997715,0.94750977,0.115808696,-17.57412,219932,2312020,17025,161412.4449119568,-1266.3018,-0.10261753,1.4202509,26.558025578609485
122377,605.0768,1262130,0.9977157,0.9498291,0.11475362,-15.612047,220006,2312760,17030,161424.31986570358,-1262.8525,-0.102455586,1.1014348,25.386488114659137
122410,614.4158,1262460,0.99773335,0.951355,0.10950468,-18.181671,220097,2313670,17035,161436.2405948639,-1271.9424,-0.09713293,1.1641951,27.119179516772572
122441,618.6635,1262770,0.9977021,0.9495239,0.112541944,-18.079664,220177,2314470,17040,161448.27933335304,-1273.2992,-0.10490784,0.9569575,27.283239560431966
122473,630.2796,1263090,0.9977665,0.95721436,0.10349042,-15.002357,220266,2315360,17045,161459.96540045738,-1317.5697,-0.09219898,1.3917285,27.350489660914008
122506,612.8729,1263420,0.99772406,0.9530029,0.11838449,-21.640472,220345,2316150,17050,161471.64392113686,-1271.4027,-0.09609185,2.2715175,26.91748254104374
122536,627.75757,1263720,0.99771166,0.9467163,0.118442655,-21.665497,220432,2317020,17055,161483.57046675682,-1311.0698,-0.09824554,1.4760399,25.398430765964317
122569,622.8778,1264050,0.99778175,0.9589844,0.10313752,-19.785973,220517,2317870,17060,161495.41989898682,-1289.3682,-0.088317946,1.8843455,27.18781952103091
122602,618.1592,1264380,0.99772143,0.95373535,0.10570537,-16.90521,220601,2318710,17065,161507.49761343002,-1275.1301,-0.096790366,1.076709,25.388192833984665
122633,613.8989,1264690,0.9977207,0.94873047,0.119541675,-17.25334,220684,2319540,17070,161519.30601119995,-1268.5269,-0.09829606,1.793006,26.646756637555985
122666,639.7387,1265020,0.9977262,0.9538574,0.10311274,-14.042988,220765,2320350,17075,161531.0388686657,-1337.7076,-0.09745127,0.8901162,27.331344504172673
122698,617.73285,1265340,0.99773526,0.954895,0.10471363,-16.027622,220850,2321200,17080,161542.97052288055,-1293.7463,-0.1006626,1.2121685,27.038158150922897
122731,622.74,1265670,0.9977381,0.949646,0.11567192,-18.978563,220934,2322040,17085,161554.8202972412,-1297.4653,-0.09653993,1.5268209,27.281961261073192
122761,621.9756,1265970,0.99769425,0.9508667,0.118892044,-18.78858,221019,2322890,17090,161566.73130130768,-1302.1691,-0.10325911,1.8506988,26.558172722462594
122787,596.93866,1266230,0.99772453,0.95269775,0.10776003,-16.532993,221087,2323570,17094,161576.94188952446,-1245.8582,-0.09504184,1.0813832,26.317137065840527
122819,635.2455,1266550,0.9977493,0.95422363,0.104104444,-15.655814,221177,2324470,17099,161588.89109301567,-1324.0728,-0.09538989,1.0844283,26.52958389238397
122851,644.956,1266870,0.99774384,0.95196533,0.107969895,-16.654596,221265,2325350,17104,161600.7109336853,-1327.5175,-0.094585344,1.274473,27.66753172971485
122882,622.25415,1267180,0.9977319,0.9503174,0.11044605,-17.840887,221354,2326240,17109,161612.67321181297,-1302.1022,-0.0994046,1.306187,26.84130703499328
122914,659.07513,1267500,0.9977093,0.9517212,0.11123946,-13.217907,221434,2327040,17114,161624.39809322357,-1358.2405,-0.104253694,1.2297007,26.767883500497494
122948,642.733,1267840,0.99774027,0.95147705,0.106809005,-8.385962,221522,2327920,17119,161636.33173894882,-1322.6206,-0.09123285,0.9933092,27.834293354818072
122979,623.9293,1268150,0.9977248,0.95233154,0.105046615,-13.676828,221610,2328800,17124,161648.32563638687,-1306.7712,-0.10283784,0.88858485,27.178771282880174
123012,641.1415,1268480,0.99768615,0.949646,0.115296505,-16.084919,221693,2329630,17129,161660.20791888237,-1330.9612,-0.11202189,1.4252988,26.861521330074087
123043,642.66907,1268790,0.99773335,0.9505615,0.11650176,-17.828861,221775,2330450,17134,161672.1863076687,-1325.4972,-0.10005307,1.8709016,27.391512813840887
123076,617.64685,1269120,0.99770164,0.95202637,0.10953763,-14.258162,221865,2331350,17139,161683.96431183815,-1281.4519,-0.09949122,1.2732768,27.14118396572331
123107,619.2687,1269430,0.99775386,0.95129395,0.10655154,-15.945987,221940,2332100,17144,161695.98046159744,-1288.1255,-0.091850385,1.1161811,27.49092949876645
123140,622.91785,1269760,0.99770427,0.9482422,0.122799024,-14.16609,222029,2332990,17149,161707.89021873474,-1302.4761,-0.114833236,2.0064976,26.955459275821354
123171,629.48486,1270070,0.99773526,0.9537964,0.101431,-14.920489,222119,2333890,17154,161719.9330470562,-1306.7261,-0.09971361,0.90497935,27.059327501225773
123204,626.31396,1270400,0.9977217,0.9538574,0.10535425,-13.349282,222196,2334660,17159,161731.85442185402,-1300.261,-0.099371426,1.2461979,27.0023301019314
123235,625.34283,1270710,0.99768996,0.94750977,0.11498115,-14.193001,222283,2335530,17164,161743.66746592522,-1293.6964,-0.106625944,1.0763497,26.147236838811402
123268,621.19354,1271040,0.99770474,0.9472656,0.10858481,-15.949146,222366,2336360,17169,161755.4371395111,-1292.3971,-0.10673191,0.8901239,28.29951906660188
123299,642.03406,1271350,0.9977367,0.9503174,0.10786636,-16.500462,222455,2337250,17174,161767.4161016941,-1330.0496,-0.091437384,0.98940146,27.232850085106634
123332,641.6478,1271680,0.9977374,0.9512329,0.117479876,-15.756878,222528,2337980,17179,161779.2849392891,-1342.51,-0.10550164,1.96914,27.001819464975902
123363,620.34875,1271990,0.99772644,0.9507446,0.10712697,-15.225438,222619,2338890,17184,161791.136292696,-1295.084,-0.10026595,0.91816926,27.642268961646785
123395,623.78467,1272310,0.9977248,0.9520874,0.118255876,-15.473205,222707,2339770,17189,161802.9485347271,-1292.8972,-0.101828225,2.054978,26.750488675046117
123427,614.3602,1272630,0.9977155,0.9510498,0.10603586,-16.87751,222788,2340580,17194,161814.96947455406,-1275.1189,-0.094093084,0.7786236,27.28872568419424
123459,644.77594,1272950,0.9977462,0.9530029,0.11659457,-18.609123,222872,2341420,17199,161826.829788208,-1329.9495,-0.095904626,2.1914332,26.86130091990806
123491,621.3158,1273270,0.9976928,0.9456177,0.113768116,-17.811153,222956,2342260,17204,161838.84650921822,-1298.6486,-0.10188609,0.97329944,26.51437755694381
123523,630.10736,1273590,0.99774075,0.9475708,0.12854603,-16.675976,223040,2343100,17209,161850.88810372353,-1313.0464,-0.09808697,2.432791,27.234433250108836
123555,660.208,1273910,0.9977143,0.9520874,0.109586254,-19.708,223120,2343900,17214,161862.69132971764,-1355.1533,-0.097902045,1.2410579,27.200955271890532
123586,637.0958,1274220,0.99771166,0.9481201,0.13134634,-18.651104,223215,2344850,17219,161874.9141149521,-1313.8264,-0.10486518,2.702808,26.68253517797554
123619,641.1858,1274550,0.9976988,0.94940186,0.1140839,-20.455263,223296,2345660,17224,161886.80959057808,-1326.0085,-0.09702879,1.5772028,27.411545721198088
123651,626.3462,1274870,0.99770117,0.954895,0.10751076,-21.360497,223382,2346520,17229,161898.8806362152,-1308.2969,-0.10182004,1.2582272,25.506238226064504
123683,625.64954,1275190,0.99773073,0.95214844,0.10700395,-19.556847,223475,2347450,17234,161910.94318151474,-1292.3833,-0.09451284,1.0168023,26.38074295027474
123715,663.1683,1275510,0.99773645,0.95092773,0.11533566,-18.354,223554,2348240,17239,161922.743380785,-1363.6299,-0.092565686,1.5680999,26.6931271591455
123748,641.21027,1275840,0.9976735,0.9477539,0.116467245,-18.250881,223641,2349110,17244,161934.5103814602,-1330.7131,-0.1090567,0.9945887,27.132901717071537
123779,630.7801,1276150,0.9977422,0.95599365,0.10707997,-17.24762,223724,2349940,17249,161946.30229210854,-1313.3276,-0.092954084,1.6810559,27.858960122114894
123810,649.09424,1276460,0.99772716,0.9493408,0.11439459,-16.775654,223804,2350740,17254,161958.23230051994,-1339.0554,-0.10456375,1.10412,26.644661850548946
123843,646.08905,1276790,0.9976716,0.9472046,0.11300667,-17.461393,223888,2351580,17259,161970.45073652267,-1334.9858,-0.10216339,0.8667829,27.45274675803283
123875,626.5094,1277110,0.9976871,0.94659424,0.11498855,-14.96641,223968,2352380,17264,161982.49715971947,-1299.8247,-0.104016244,0.84657085,26.455637174367126
123908,648.1672,1277440,0.9976721,0.9473877,0.11918644,-16.697788,224059,2353290,17269,161994.38419270515,-1344.72,-0.105960615,1.3636918,26.242369650621765
123939,645.2283,1277750,0.9977381,0.9500122,0.12003818,-17.38723,224142,2354120,17274,162006.1744775772,-1347.5776,-0.09719868,1.7286385,26.860475757870187
123972,642.23303,1278080,0.99769855,0.95196533,0.11806199,-23.255035,224229,2354990,17279,162018.16937041283,-1344.6293,-0.11989305,1.7829276,26.243039254264296
124003,651.64014,1278390,0.9976876,0.94854736,0.11258172,-17.909273,224311,2355810,17284,162030.3981051445,-1355.6749,-0.10771091,0.8773644,24.79546498749768
124036,644.14795,1278720,0.9976859,0.9556885,0.12663609,-19.308285,224399,2356690,17289,162042.22775506973,-1334.5459,-0.11165592,3.2096925,25.90052309444511
124068,623.0244,1279040,0.9976859,0.95129395,0.10955978,-20.970535,224483,2357530,17294,162053.9935233593,-1308.2944,-0.10371272,0.88659173,27.434349810028934
124101,659.95386,1279370,0.9976878,0.95043945,0.11755309,-20.455576,224561,2358310,17299,162065.635106802,-1368.186,-0.10838566,1.369348,28.28625491716984
124132,661.3815,1279680,0.99769545,0.9512329,0.11682836,-23.30849,224648,2359180,17304,162077.54966783524,-1378.2368,-0.10319,1.5294878,26.039018059030145
124164,665.3324,1280000,0.99767756,0.94732666,0.119103365,-24.241318,224738,2360080,17309,162089.5959932804,-1382.0083,-0.111726426,0.9338689,24.74870621191609
124196,655.33466,1280320,0.9976704,0.9492798,0.12071755,-22.376715,224817,2360870,17314,162101.39628982544,-1375.0583,-0.11347597,1.3104697,28.425697163566372
124228,645.25305,1280640,0.9977188,0.9499512,0.11684215,-20.929476,224901,2361710,17319,162113.49392294884,-1353.261,-0.09818812,1.2770052,27.260098994708443
124260,665.9875,1280960,0.99769783,0.94866943,0.11970219,-21.321114,224987,2362570,17324,162125.22018814087,-1395.042,-0.10374315,0.92983603,27.908755828978105
124292,668.53674,1281280,0.99769115,0.9501343,0.11907144,-20.853367,225067,2363370,17329,162137.01908874512,-1385.2495,-0.10742491,1.3558991,27.29376443244247
124323,667.87195,1281590,0.9977064,0.9503174,0.11582713,-21.571888,225152,2364220,17334,162149.12348628044,-1405.7068,-0.10419682,1.0108429,26.17396327158628
124355,668.08014,1281910,0.99774003,0.9499512,0.12374422,-22.587456,225239,2365090,17339,162161.16140174866,-1407.4435,-0.1019637,1.8182411,27.399906174861805
124387,657.20984,1282230,0.99770164,0.94958496,0.12822801,-22.075417,225325,2365950,17344,162173.56881260872,-1391.9056,-0.10866505,2.274816,22.563283879141665
124419,666.4607,1282550,0.99776745,0.95532227,0.11718371,-20.544662,225413,2366830,17349,162185.73578453064,-1389.7595,-0.092764825,2.0807877,26.900919881924167
124451,652.0312,1282870,0.9976742,0.9491577,0.12146025,-21.255445,225501,2367710,17354,162197.75851535797,-1367.9624,-0.11102939,1.5970187,26.941496799915452
124483,679.316,1283190,0.9976764,0.9483032,0.12598361,-18.203974,225592,2368620,17359,162209.8724884987,-1417.8401,-0.11694486,1.7711583,25.756255573468266
124516,647.78937,1283520,0.9977131,0.95098877,0.11765354,-18.74593,225678,2369480,17364,162222.14619493484,-1373.461,-0.1067359,1.1989107,26.72386012006627
124547,680.0786,1283830,0.99768686,0.94555664,0.13007711,-18.57432,225765,2370350,17369,162234.2445962429,-1437.5103,-0.106663376,1.7017512,26.39505403929138
124579,676.35156,1284150,0.99770236,0.9477539,0.12036818,-16.270079,225852,2371220,17374,162246.3039844036,-1416.7328,-0.10182439,1.2246971,27.238017464122407
124612,675.8587,1284480,0.9976845,0.95025635,0.12247761,-17.199797,225939,2372090,17379,162258.27800059319,-1422.198,-0.10128343,1.6307464,27.19991893792469
124643,672.2575,1284790,0.9977143,0.95043945,0.11756076,-17.1694,226025,2372950,17384,162270.22812461853,-1413.793,-0.11057043,1.5100713,26.76277554340999
124675,669.91956,1285110,0.9977248,0.9553833,0.109613776,-14.644016,226114,2373840,17389,162282.415869236,-1417.7079,-0.097506724,1.219636,26.664795477040116
124707,653.6592,1285430,0.9977052,0.9475708,0.13151605,-16.637066,226196,2374660,17394,162294.67699170113,-1388.1586,-0.11363168,2.6650324,26.901847283432655
124740,659.04584,1285760,0.99774957,0.9534302,0.10535975,-13.471991,226286,2375560,17399,162306.67574214935,-1389.27,-0.092160575,0.8832358,27.06588098594716
124771,660.2407,1286070,0.997761,0.95440674,0.113217786,-16.669577,226372,2376420,17404,162318.8138141632,-1404.1531,-0.09436037,1.4623901,26.44719211071358
124803,674.9199,1286390,0.9977026,0.95043945,0.11881622,-14.508757,226452,2377220,17409,162330.80251216888,-1423.5981,-0.10036552,1.9321625,26.55273211208877
124835,651.5622,1286710,0.99773407,0.95617676,0.10551866,-16.569614,226542,2378120,17414,162343.1149711609,-1382.3148,-0.0901897,1.3358229,25.302678279728088
124867,639.6377,1287030,0.997705,0.95147705,0.11568031,-14.1001625,226627,2378970,17419,162355.36787962914,-1362.9312,-0.104416095,1.5592706,26.666281493770164
124900,667.13794,1287360,0.9977095,0.9534302,0.10906911,-16.807062,226714,2379840,17424,162367.4907977581,-1404.3715,-0.09363222,1.3007752,26.435458779278402
124932,655.03345,1287680,0.9977286,0.9489746,0.115868166,-16.596615,226797,2380670,17429,162379.5286772251,-1378.1406,-0.0967997,1.4813333,26.987524040757442
124964,652.9508,1288000,0.99773955,0.9526367,0.10800657,-16.556192,226882,2381520,17434,162391.3993704319,-1382.2295,-0.084561296,1.3215166,27.253976864592328
124995,671.2562,1288310,0.9976685,0.9451294,0.116392784,-15.749151,226963,2382330,17439,162403.376206398,-1432.587,-0.10205995,1.018795,27.65077684917958
125028,663.77997,1288640,0.9977071,0.9536133,0.1104911,-16.919788,227053,2383230,17444,162415.62714266777,-1411.7482,-0.09425882,1.3846732,26.411074814345024
125059,658.2689,1288950,0.997731,0.9533081,0.10627659,-13.50976,227136,2384060,17449,162427.88068556786,-1388.2455,-0.09219642,1.1180967,26.09358466444233
125091,656.2532,1289270,0.9976623,0.9534302,0.120262474,-14.229711,227218,2384880,17454,162439.6461443901,-1377.3933,-0.10278031,2.2547288,27.137839183238714
125123,664.12726,1289590,0.9977243,0.9484863,0.122777246,-15.1424265,227304,2385740,17459,162451.7145359516,-1412.2377,-0.111780286,2.0449374,26.82104274513683
125159,657.3865,1289950,0.997694,0.94750977,0.11114003,-15.625555,227386,2386560,17464,162463.81304430962,-1369.6157,-0.104697086,0.84297216,26.78778147530286
125187,652.67365,1290230,0.99773145,0.9511719,0.11672867,-14.048473,227476,2387460,17469,162476.21878790855,-1374.7814,-0.092743926,2.1925719,21.611271027348174
125221,656.69006,1290570,0.99773574,0.95336914,0.1070091,-15.19696,227557,2388270,17474,162488.50686883926,-1385.0459,-0.093664706,1.3569417,24.95403365765264
125251,642.81433,1290870,0.99769545,0.9503784,0.10913081,-14.247978,227646,2389160,17479,162500.54189562798,-1366.2883,-0.10474311,0.95385706,26.326299628057736
125283,651.08844,1291190,0.9977293,0.95233154,0.11380831,-16.611916,227736,2390060,17484,162512.74652338028,-1361.3231,-0.09434301,1.8303268,25.72472582444331
125315,652.5612,1291510,0.99773836,0.9555664,0.10060844,-14.894781,227825,2390950,17489,162525.02759504318,-1379.1489,-0.09111956,1.0222812,26.297225989513063
125348,640.8929,1291840,0.99771786,0.95184326,0.11158253,-15.060958,227916,2391860,17494,162537.20761561394,-1344.7986,-0.10345358,1.4244746,25.280650293674512
125379,656.66833,1292150,0.9977281,0.94903564,0.109509096,-14.521281,228000,2392700,17499,162549.397711277,-1372.2201,-0.09305941,1.0182304,25.260093880985906
125412,638.6183,1292480,0.9977615,0.9538574,0.11232129,-9.775061,228094,2393640,17504,162561.48230409622,-1338.7588,-0.09478535,1.6834935,26.566446931921288
125443,634.9233,1292790,0.9977133,0.9489136,0.11035746,-15.433359,228177,2394470,17509,162573.61443829536,-1335.4663,-0.09607954,1.2491035,25.146251572252808
125475,617.1278,1293110,0.9976654,0.9454956,0.11811444,-11.555757,228266,2395360,17514,162585.73549890518,-1304.7244,-0.111542866,1.1271172,26.51669288844911
125507,653.36896,1293430,0.99768734,0.9517212,0.11171126,-15.0955105,228357,2396270,17519,162597.76894927025,-1371.7814,-0.10478436,1.2205806,26.49207785234078
125539,646.88544,1293750,0.9976845,0.947937,0.117860064,-14.22677,228442,2397120,17524,162609.85599255562,-1352.1833,-0.10306151,1.5194542,26.534220273736885
125571,636.6325,1294070,0.9977212,0.95355225,0.103972875,-12.169137,228527,2397970,17529,162622.24199604988,-1333.6284,-0.09579569,1.1097422,25.448004998677998
125603,658.859,1294390,0.9977205,0.9503174,0.11659502,-12.6249695,228617,2398870,17534,162634.30403470993,-1360.4883,-0.10808873,1.6677628,25.42132419650247
125635,662.5636,1294710,0.9976926,0.9450073,0.113807686,-11.77923,228698,2399680,17539,162646.42157578468,-1383.9012,-0.108801804,0.8891898,26.335690772708173
125667,649.54034,1295030,0.99773836,0.9534302,0.12251512,-11.913723,228782,2400520,17544,162658.4346728325,-1362.4858,-0.09221306,2.638584,26.101541421097604
125700,651.1208,1295360,0.9977226,0.9541626,0.11161427,-12.161923,228871,2401410,17549,162670.4432682991,-1364.2744,-0.10060694,1.5584922,26.054116297822496
125732,659.6192,1295680,0.9977081,0.95092773,0.112700306,-10.338413,228967,2402370,17554,162682.69483304024,-1378.0599,-0.09753887,1.3691194,25.97702730256559
125764,639.633,1296000,0.9976971,0.9476929,0.1361084,-10.246632,229050,2403200,17559,162694.87709856033,-1335.0342,-0.116760336,2.8778942,26.613253136632775
125795,647.2213,1296310,0.9977462,0.9508667,0.117652886,-12.770601,229138,2404080,17564,162706.91290283203,-1362.4772,-0.09127597,1.889513,25.447368114203776
125828,637.53015,1296640,0.997694,0.95269775,0.12183227,-10.363182,229222,2404920,17569,162718.813444376,-1331.9421,-0.10386015,2.5087337,26.204532355784774
125859,644.09204,1296950,0.997766,0.9550171,0.10680028,-12.978609,229309,2405790,17574,162730.5727109909,-1340.6188,-0.08204058,1.6634694,27.143983350923023
125891,637.8596,1297270,0.9977565,0.95410156,0.10723701,-17.048002,229398,2406680,17579,162742.47414445877,-1329.9115,-0.08751954,1.1291535,27.39734736033766
125923,662.4173,1297590,0.99770594,0.95202637,0.11779228,-15.070534,229486,2407560,17584,162754.44086050987,-1372.156,-0.08422835,2.020928,27.005763822126752
125955,645.6489,1297910,0.99770665,0.94903564,0.114808165,-16.00359,229572,2408420,17589,162766.3503844738,-1349.666,-0.11331301,1.3032889,27.281348496263487
125987,648.19836,1298230,0.9977009,0.9495239,0.1213144,-12.924301,229667,2409370,17594,162778.6035785675,-1344.2003,-0.09321193,1.8941932,23.86378459147201
126019,639.6053,1298550,0.99773407,0.9537964,0.105516076,-15.020023,229756,2410260,17599,162790.45452141762,-1332.0065,-0.09240117,0.8312597,27.472658490365983
126051,654.3094,1298870,0.99768615,0.9451294,0.12284827,-17.934975,229839,2411090,17604,162802.2792789936,-1352.2825,-0.11992687,1.2577645,27.524326794058894
126083,632.2097,1299190,0.99767566,0.9439087,0.12372961,-16.036036,229921,2411910,17609,162814.276232481,-1320.3376,-0.11549081,1.116387,25.787738838909597
126115,641.5247,1299510,0.99768233,0.9487915,0.113293305,-13.462656,230003,2412730,17614,162825.95342421532,-1336.8931,-0.108773425,0.98466384,27.319803539157064
126148,640.40845,1299840,0.997653,0.947876,0.1296288,-18.84462,230086,2413560,17619,162837.62406635284,-1339.6755,-0.10996996,2.1786437,26.962078987854305
126179,632.017,1300150,0.99772406,0.95251465,0.117795825,-15.660486,230164,2414340,17624,162849.51409435272,-1309.5396,-0.10012603,1.9879887,25.94443096706401
126212,654.5559,1300480,0.99770975,0.94970703,0.117379494,-17.603153,230250,2415200,17629,162861.2434091568,-1358.5552,-0.10138922,1.803634,27.572323467737505
126243,644.64453,1300790,0.99770427,0.949646,0.11128105,-19.120289,230331,2416010,17634,162873.1321156025,-1346.113,-0.104209065,0.8955517,26.78382837625231
126275,630.53674,1301110,0.9977348,0.9539795,0.1017829,-18.835466,230419,2416890,17639,162885.28016734123,-1321.0625,-0.09599629,0.9221289,26.892347142359238
126307,644.985,1301430,0.9977274,0.9537964,0.10924554,-16.508121,230501,2417710,17644,162897.03239631653,-1345.0233,-0.103183545,1.3337437,27.269204243641116
126339,623.3801,1301750,0.9977021,0.9489746,0.11166005,-18.730715,230582,2418520,17649,162909.02752375603,-1305.571,-0.103349745,0.8303602,26.880377092692406
126371,651.66156,1302070,0.99771404,0.9486084,0.11881392,-18.635853,230663,2419330,17654,162920.82891774178,-1353.1643,-0.094459824,1.4964881,27.534612046606945
126403,640.26355,1302390,0.9977567,0.9559326,0.10284222,-19.916828,230749,2420190,17659,162932.7110567093,-1345.1421,-0.09093787,1.2686182,26.904678410283847
126435,638.52637,1302710,0.9977255,0.9468384,0.115329385,-19.021433,230828,2420980,17664,162944.91337633133,-1328.9602,-0.10052241,1.0299021,26.460219052606792
126467,644.1836,1303030,0.99770284,0.9495239,0.115699,-19.292946,230908,2421780,17669,162956.86969685555,-1331.0383,-0.100745365,1.6337982,27.145020916804118
126500,635.0776,1303360,0.9977319,0.9515381,0.108686864,-18.667706,230993,2422630,17674,162968.6992509365,-1334.1906,-0.09311804,1.3051128,27.007358734403525
126532,630.3479,1303680,0.99767923,0.9465332,0.11977534,-19.262024,231078,2423480,17679,162980.73655700684,-1314.1217,-0.120544985,1.4303463,26.70561377541138
126564,656.21014,1304000,0.9977207,0.9500122,0.10935535,-17.681496,231157,2424270,17684,162992.5853447914,-1349.9066,-0.09651778,1.1584594,26.8773169487461
126595,650.56116,1304310,0.99776554,0.95251465,0.10620259,-22.063118,231240,2425100,17689,163004.5712826252,-1366.9312,-0.0868771,1.1797292,27.316306179416543
126628,645.3491,1304640,0.99772906,0.94989014,0.1140563,-18.38903,231327,2425970,17694,163016.90881109238,-1341.3152,-0.0903222,1.368145,25.502773012737542
126659,643.4972,1304950,0.9977205,0.9536743,0.109685585,-17.343376,231407,2426770,17699,163028.9160027504,-1341.8102,-0.09671222,1.4922543,26.735478123875485
126691,631.6198,1305270,0.99772835,0.9533081,0.10397636,-17.475163,231485,2427550,17704,163040.9388039112,-1317.5544,-0.09162798,1.0599444,27.123002026782547
126723,664.182,1305590,0.99773955,0.9537964,0.12076532,-14.857838,231571,2428410,17709,163052.82078385353,-1376.9905,-0.0875596,2.877991,26.805928840058744
126755,639.96765,1305910,0.99776244,0.9547119,0.10055607,-12.320804,231651,2429210,17714,163064.7844605446,-1333.7429,-0.08480148,1.215702,27.135839292943945
126787,651.10785,1306230,0.99772716,0.94744873,0.11874254,-15.36695,231735,2430050,17719,163076.87734913826,-1352.5317,-0.09982784,1.9486713,26.324484676054492
126819,631.1095,1306550,0.99776244,0.9536743,0.09877219,-18.578857,231824,2430940,17724,163089.25630044937,-1320.8848,-0.087546304,0.996585,26.054776328809776
126851,621.87665,1306870,0.9977634,0.95080566,0.10732814,-17.274574,231905,2431750,17729,163101.09917521477,-1297.8123,-0.0962911,1.1647986,26.808616653362336
126883,610.7577,1307190,0.9977133,0.95184326,0.11090985,-17.65681,231990,2432600,17734,163113.08241057396,-1277.2258,-0.0946831,1.3599374,26.860072602672425
126915,620.19775,1307510,0.9977646,0.9537964,0.10242205,-18.486774,232072,2433420,17739,163125.17738938332,-1286.5118,-0.07923885,1.380945,26.811200567635204
126948,619.77136,1307840,0.99775743,0.9539795,0.11254898,-12.727745,232153,2434230,17744,163137.11094903946,-1296.6268,-0.09270517,2.164416,26.212052690203425
126979,638.0957,1308150,0.99772024,0.9536133,0.10346918,-14.139158,232238,2435080,17749,163149.20406484604,-1322.4043,-0.09272653,1.0553268,26.6543715289476
127012,618.60046,1308480,0.9977088,0.95025635,0.107070625,-13.8080435,232316,2435860,17754,163161.0078766346,-1287.6411,-0.09517219,0.8927529,27.083724065008496
127043,613.69354,1308790,0.9976852,0.946228,0.12583123,-12.072454,232401,2436710,17759,163172.9684226513,-1266.7944,-0.101129256,2.0838783,26.7017884751642
127076,635.9406,1309120,0.99774337,0.95233154,0.11006364,-14.264465,232479,2437490,17764,163185.00571131706,-1322.3054,-0.089803144,1.5220113,27.464917383876294
127108,631.01965,1309440,0.9977262,0.95373535,0.11087766,-11.986195,232562,2438320,17769,163196.73482584953,-1312.4691,-0.09760041,1.7350986,27.34152221235812
127140,646.76514,1309760,0.997746,0.9522095,0.10621515,-14.711109,232642,2439120,17774,163208.91551470757,-1325.4346,-0.08433464,1.3694339,26.810236562095252
127171,649.406,1310070,0.99773836,0.9540405,0.104185104,-12.705214,232728,2439980,17779,163220.81635451317,-1342.1226,-0.09494255,1.1529255,27.27248727993888
127204,631.5729,1310400,0.9977031,0.94976807,0.11348757,-11.252802,232811,2440810,17784,163232.77188110352,-1316.0697,-0.10468961,1.0487936,26.416694090212708
127235,630.66595,1310710,0.9977112,0.9537964,0.107326284,-6.196639,232888,2441580,17789,163244.97336816788,-1301.2788,-0.09568676,1.6195444,27.100285575456198
127268,639.17944,1311040,0.99772453,0.9501953,0.111367375,-13.138236,232973,2442430,17794,163256.8630273342,-1317.3065,-0.09990749,1.0895624,27.610237725249828
127299,637.48,1311350,0.99769545,0.95092773,0.10945462,-13.108858,233053,2443230,17799,163268.97407865524,-1319.2286,-0.09909854,1.1973939,25.194343997405063
127332,636.822,1311680,0.9977145,0.9498291,0.11073394,-9.845083,233137,2444070,17804,163281.02624297142,-1313.9891,-0.09655635,1.1610692,27.05014105228684
127363,648.09436,1311990,0.99772954,0.9517212,0.11692383,-5.3484507,233220,2444900,17809,163292.90037345886,-1336.7554,-0.086245194,1.7610073,26.92943163631771
127397,641.573,1312330,0.9977317,0.9498291,0.11240509,-8.301331,233304,2445740,17814,163304.91335988045,-1331.5704,-0.093588784,1.1866398,27.69262073661926
127421,651.67554,1312570,0.9976995,0.9505615,0.11789663,-5.074264,233373,2446430,17818,163315.17924189568,-1343.5061,-0.102177694,1.3793894,20.49430842715583
127449,661.41754,1312850,0.9977431,0.951355,0.12129608,-4.9889717,233450,2447200,17822,163330.63471102715,-1358.8044,-0.109197624,2.281972,10.3250668704021
127467,636.16046,1313030,0.99769735,0.9475708,0.12130036,1.0967865,233513,2447830,17825,163343.9976835251,-1313.6794,-0.10864214,1.1702206,16.026232743477905
127487,660.4481,1313230,0.99771357,0.9520874,0.11675371,-11.750462,233561,2448310,17828,163355.34318494797,-1368.0685,-0.10434076,1.2591889,16.73234612232971
127506,639.4044,1313420,0.9977205,0.9493408,0.11722566,0.6929761,233614,2448840,17831,163366.933488369,-1328.2776,-0.10775027,1.2489587,16.206202605835347
127526,641.2163,1313620,0.99770594,0.94940186,0.1202427,-10.137421,233662,2449320,17834,163378.5709323883,-1331.0481,-0.10331851,1.3145714,16.320746151132155
127543,657.65295,1313790,0.99770117,0.9532471,0.10961277,-7.485575,233719,2449890,17837,163390.80189609528,-1357.8528,-0.101508334,0.9890009,16.411947591418492
127562,647.9419,1313980,0.9977057,0.9507446,0.11501586,-2.0130267,233777,2450470,17840,163402.77602219582,-1343.7837,-0.11512281,1.4757756,16.322993012869684
127582,641.7577,1314180,0.99769807,0.9467163,0.1343453,-8.987282,233829,2450990,17843,163414.84586715698,-1324.2424,-0.09920661,2.3078032,16.390199344808337
127600,648.9633,1314360,0.9977243,0.9537964,0.11202364,-3.4640727,233886,2451560,17846,163426.7821149826,-1342.648,-0.1027378,1.141736,16.389816063879113
127620,657.7284,1314560,0.9977193,0.95062256,0.11790122,-8.909513,233938,2452080,17849,163438.56073093414,-1361.129,-0.101984106,1.3310257,16.342276524230435
127639,634.5243,1314750,0.99766994,0.94329834,0.12511215,-4.1939983,233990,2452600,17852,163449.9048857689,-1311.9778,-0.11542184,0.9057971,17.338795753615443
127658,643.36346,1314940,0.9976709,0.94592285,0.124629974,-1.4640119,234043,2453130,17855,163461.24019479752,-1321.5967,-0.11255461,1.1790035,16.620426170939805
127678,664.9756,1315140,0.9976828,0.9484253,0.122800246,-8.943506,234100,2453700,17858,163473.33818554878,-1371.1075,-0.108657196,1.3552517,16.434238576605793
127698,661.01904,1315340,0.9976926,0.946167,0.12289017,-12.6352005,234153,2454230,17861,163485.31981682777,-1358.9604,-0.10986711,1.067177,15.931380192823767
127715,660.81836,1315510,0.9977114,0.9510498,0.11375689,-8.658856,234207,2454770,17864,163497.02235722542,-1371.684,-0.10165875,1.2306473,16.811377770340442
127734,640.8722,1315700,0.99766517,0.9425659,0.1339918,-13.633405,234268,2455380,17867,163508.3342010975,-1317.0632,-0.11750575,1.2849673,16.82225443206916
127755,647.72,1315910,0.9977386,0.9562988,0.10769759,-5.5545163,234322,2455920,17870,163519.77465176582,-1330.5994,-0.088271424,1.3230846,16.868838039509217
127773,635.53564,1316090,0.99770236,0.94989014,0.11524466,-9.874421,234378,2456480,17873,163531.51001381874,-1310.5464,-0.109877095,1.0430584,15.588916722102415
127786,644.8389,1316220,0.99768734,0.94885254,0.12781806,-7.9242077,234424,2456940,17875,163541.59664583206,-1339.925,-0.10815832,2.1267285,11.905478022968861
127806,663.8979,1316420,0.9976826,0.9472046,0.12928247,-11.979808,234481,2457510,17878,163554.48106956482,-1376.0215,-0.12187214,1.8921762,15.840384943684661
127827,677.68274,1316630,0.9976318,0.9423218,0.13655892,-13.392964,234537,2458070,17881,163566.24999380112,-1408.1672,-0.119064644,1.7049961,15.287158506837793
127838,659.1926,1316740,0.99770355,0.9468384,0.117019296,-16.936802,234588,2458580,17883,163576.4044532776,-1356.8662,-0.10373007,0.7989553,14.830258017377949
127855,659.0676,1316910,0.99772835,0.9539795,0.11195472,-15.0541525,234641,2459110,17886,163588.03835058212,-1376.2443,-0.10223366,0.9958004,16.94602381624553
127876,669.7192,1317120,0.99767566,0.9480591,0.12348291,-15.282632,234696,2459660,17889,163599.03426980972,-1371.0791,-0.10638613,1.3379409,17.07007989255664
127896,660.32623,1317320,0.9976988,0.9505005,0.12352849,-16.553513,234746,2460160,17892,163610.22764778137,-1378.7551,-0.104363814,1.5346441,17.570893248012734
127915,668.9132,1317510,0.9977243,0.951355,0.108528525,-12.676079,234803,2460730,17895,163621.37167572975,-1383.2585,-0.09438337,0.95487225,17.80296734409373
127935,645.40076,1317710,0.99771833,0.95025635,0.12156856,-17.048903,234851,2461210,17898,163632.510222435,-1360.8455,-0.10216017,1.8447447,17.00525756679938
127954,650.4297,1317900,0.9977238,0.95184326,0.12227125,-18.52388,234907,2461770,17901,163643.76910758018,-1357.9316,-0.105135106,1.9669949,17.4412717088025
127972,666.51807,1318080,0.9976814,0.9487915,0.12778124,-15.608417,234961,2462310,17904,163655.02831602097,-1380.146,-0.115637004,1.7422061,16.526953507705784
127992,670.552,1318280,0.9976697,0.9456787,0.122595154,-13.464691,235014,2462840,17907,163667.1405031681,-1388.0125,-0.11617723,0.9823198,14.718595904208852
128012,672.24133,1318480,0.9976516,0.94641113,0.1255955,-9.420822,235066,2463360,17910,163678.96232318878,-1394.2148,-0.11665507,1.5002215,16.412786488802627
128030,666.81824,1318660,0.9977,0.94647217,0.1269577,-15.371311,235126,2463960,17913,163691.46403360367,-1387.8044,-0.10687762,1.602573,16.353007736619276
128048,679.59235,1318840,0.99771523,0.94989014,0.12226241,-15.58941,235178,2464480,17916,163703.62577486038,-1411.7448,-0.10424249,1.6281347,16.61571128629719
128067,660.87854,1319030,0.9977007,0.94940186,0.12772696,-14.275626,235234,2465040,17919,163715.341275692,-1359.2144,-0.11255449,1.9096335,16.850878562455865
128086,657.50824,1319220,0.99769473,0.94836426,0.12781571,-14.624496,235293,2465630,17922,163727.76737833023,-1380.7415,-0.10671468,1.6996913,15.436989144985995
128106,675.4232,1319420,0.9977069,0.94976807,0.11781408,-13.703621,235348,2466180,17925,163739.63057637215,-1413.2234,-0.10374841,1.365959,16.051992016922927
128125,649.519,1319610,0.99770856,0.94989014,0.12488929,-10.994747,235406,2466760,17928,163751.4590935707,-1352.1628,-0.10218637,1.6903229,15.858572505812663
128146,669.14746,1319820,0.99769735,0.94537354,0.12291188,-13.232821,235466,2467360,17931,163763.89294838905,-1404.2802,-0.11212711,1.0092063,15.708111155434695
128158,660.8888,1319940,0.9976933,0.94885254,0.12083983,-11.469221,235513,2467830,17933,163774.65535259247,-1381.9966,-0.113810524,1.400051,12.21875009957148
128171,670.1741,1320070,0.99770546,0.9476929,0.12937012,-13.841234,235550,2468200,17935,163784.66605377197,-1398.3374,-0.10883488,1.991096,13.16916452001007
128189,670.17395,1320250,0.99774146,0.95513916,0.111480854,-12.2747345,235609,2468790,17938,163796.4149708748,-1406.368,-0.09172482,1.4600906,15.993766353238593
128208,666.73755,1320440,0.9976578,0.9475708,0.1229281,-10.918961,235671,2469410,17941,163808.7803146839,-1395.0461,-0.12211189,1.3202016,15.58505657835914
128228,682.2452,1320640,0.99768686,0.94610596,0.11762774,-11.384979,235722,2469920,17944,163820.66079831123,-1426.6484,-0.11363948,0.8805494,15.518818302109402
128247,670.32947,1320830,0.9976959,0.9505005,0.13723367,-12.18502,235775,2470450,17947,163832.6202402115,-1402.1802,-0.10483338,3.3633828,16.20493859356814
128267,675.17053,1321030,0.99769664,0.9459839,0.12134054,-11.96158,235831,2471010,17950,163844.0526163578,-1409.435,-0.10961668,1.0844219,15.749448343410906
128286,654.03455,1321220,0.9977186,0.9522705,0.11621334,-11.866034,235887,2471570,17953,163855.5243897438,-1366.3402,-0.1077342,1.5507336,16.266037473115198
128306,686.5628,1321420,0.997684,0.95129395,0.11498392,-8.407745,235941,2472110,17956,163867.3834824562,-1426.6083,-0.10491644,0.9081648,15.800996838216692
128323,685.21326,1321590,0.9977112,0.9519043,0.11796695,-10.015669,235993,2472630,17959,163878.59011507034,-1421.5293,-0.104325324,1.5602577,16.575689799399512
128343,670.89325,1321790,0.99766755,0.9440918,0.12878907,-14.055835,236045,2473150,17962,163889.81253433228,-1396.021,-0.11679541,1.504354,16.2535509681332
128362,666.3629,1321980,0.99770856,0.94921875,0.115660354,-5.0195565,236094,2473640,17965,163900.91790556908,-1382.5867,-0.10811554,1.0275676,17.23487407780081
128382,686.1456,1322180,0.9977217,0.9530029,0.11285214,-11.695108,236148,2474180,17968,163912.21418309212,-1433.5969,-0.0981889,1.3952012,16.7004887358448
128402,659.42926,1322380,0.99764156,0.9454956,0.1514898,-9.692491,236201,2474710,17971,163923.77335476875,-1368.5522,-0.11332243,3.8140247,15.626668358749997
128423,683.4366,1322590,0.99767184,0.9480591,0.11762089,-3.566424,236254,2475240,17974,163935.50321364403,-1431.2678,-0.105619065,1.0459096,16.620757537716056
128440,687.93146,1322760,0.9977038,0.9470825,0.11915246,-9.980471,236306,2475760,17977,163946.93025827408,-1424.7112,-0.10888436,0.9115342,16.940580369218008
128458,676.55505,1322940,0.9977064,0.949646,0.11154026,-11.245762,236357,2476270,17980,163958.5433974266,-1414.6731,-0.101421386,0.84965265,16.101653032655285
128479,681.8748,1323150,0.99771714,0.9498291,0.11186923,-11.046927,236414,2476840,17983,163970.31089544296,-1414.9622,-0.10194402,1.06304,16.38287707696793
128498,687.9186,1323340,0.99769616,0.9465332,0.1245797,-9.036472,236463,2477330,17986,163981.8671348095,-1437.1499,-0.09907662,1.7173501,15.244679775662483
128518,675.6421,1323540,0.9977026,0.94781494,0.12831113,-8.597273,236520,2477900,17989,163994.04606866837,-1406.2283,-0.103979185,2.1011026,15.728769639468513
128535,668.8357,1323710,0.99769545,0.95062256,0.11814451,-8.531844,236583,2478530,17992,164005.8117518425,-1388.6119,-0.09735074,1.583384,16.262708621659407
128555,689.72864,1323910,0.99770975,0.9503784,0.11517826,-7.7596264,236640,2479100,17995,164017.35375905037,-1429.358,-0.10151549,1.4169332,17.554840578762363
128573,689.5887,1324090,0.9977405,0.9532471,0.10948115,-6.6264563,236692,2479620,17998,164029.35296797752,-1416.1637,-0.09346716,1.3238345,16.45623406894141
128596,664.3571,1324320,0.99772406,0.9484863,0.114387706,-9.01791,236748,2480180,18001,164041.2412929535,-1391.9989,-0.10588585,1.1026329,16.066469529272723
128613,680.53723,1324490,0.9976995,0.95043945,0.11316139,-9.231379,236817,2480870,18004,164056.4626545906,-1408.5049,-0.10940059,1.1692454,9.96578430386905
128627,693.84515,1324630,0.99768686,0.9472046,0.12692428,-0.43251246,236859,2481290,18006,164067.07932186127,-1427.6865,-0.10633607,2.166495,13.094371607815468
128643,670.7007,1324790,0.9977305,0.95355225,0.107122466,0.22264606,236915,2481850,18009,164079.64084148407,-1384.6504,-0.0947383,1.1650883,15.744530290199526
128664,685.84216,1325000,0.9977205,0.9519043,0.11512195,-4.5645638,236977,2482470,18012,164092.08315992355,-1412.2573,-0.108510256,1.4880484,15.458001194324138
128683,700.8611,1325190,0.99767876,0.9480591,0.11819708,-2.9470103,237039,2483090,18015,164106.62800383568,-1436.1757,-0.10879302,1.328361,13.139252590792774
128701,679.40485,1325370,0.997746,0.95428467,0.103143856,-4.5436325,237102,2483720,18018,164120.4849975109,-1410.0034,-0.10597144,1.0948056,15.590251246924685
128723,685.49023,1325590,0.9977367,0.95214844,0.11075218,-8.116495,237154,2484240,18021,164132.48097801208,-1421.999,-0.102695316,1.359823,15.30200428068902
128742,668.2314,1325780,0.9977124,0.9505005,0.110391125,1.10965,237209,2484790,18024,164144.2860043049,-1381.8413,-0.10185346,1.2625766,15.316264534692976
128760,688.0178,1325960,0.9977226,0.9484863,0.11829614,-3.290175,237267,2485370,18027,164157.3100399971,-1423.6553,-0.09937483,1.7098598,14.787487471683553
128778,675.16797,1326140,0.9977503,0.9492798,0.11831298,-5.049162,237329,2485990,18030,164169.41047239304,-1407.4608,-0.08675757,2.1409533,16.063436208127108
128797,679.189,1326330,0.9977536,0.9507446,0.11472303,-10.162031,237389,2486590,18033,164181.35451507568,-1397.6985,-0.09019838,1.5378586,16.858035529583262
128817,692.7811,1326530,0.9977286,0.9537964,0.10312345,-12.591673,237443,2487130,18036,164193.70940971375,-1425.9696,-0.09174946,1.0068798,15.857742465288595
128839,686.5532,1326750,0.997731,0.9522705,0.10512677,-12.992361,237501,2487710,18039,164206.30015349388,-1413.4143,-0.08340143,0.9888221,14.598436726990744
128855,664.6961,1326910,0.9977362,0.95111084,0.12348913,-7.1277733,237559,2488290,18042,164218.0424864292,-1386.9398,-0.089223936,2.382364,17.140771769225267
128873,675.79205,1327090,0.9977386,0.954895,0.102506906,-11.932388,237611,2488810,18045,164229.8756620884,-1385.5774,-0.09264392,1.1957327,16.124418900801068
128893,678.3123,1327290,0.9977355,0.9517822,0.10899271,-10.20856,237669,2489390,18048,164242.45067191124,-1397.5077,-0.10991777,1.1899042,15.004878233105993
128913,670.82416,1327490,0.99771595,0.9491577,0.11168598,-8.37374,237723,2489930,18051,164254.4304394722,-1381.3564,-0.10297136,0.99340916,15.476902735901938
128932,691.58484,1327680,0.9977603,0.9569702,0.09600631,-9.774211,237786,2490560,18054,164266.70640587807,-1427.9785,-0.08858805,0.93437773,15.978930598336673
128951,684.57837,1327870,0.9977486,0.95544434,0.1006033,-9.388412,237842,2491120,18057,164278.65724372864,-1414.3381,-0.09311709,0.9179659,15.917086490585907
128971,693.48236,1328070,0.99773,0.9545288,0.103671566,-5.213437,237902,2491720,18060,164292.06952548027,-1417.3325,-0.08812176,1.247886,13.719835541139478
128991,685.51776,1328270,0.99771404,0.95233154,0.12658483,-10.018291,237963,2492330,18063,164304.8664302826,-1405.3027,-0.09583345,3.2645826,14.983054249409339
129010,666.9489,1328460,0.99774003,0.95184326,0.1035745,-10.586056,238026,2492960,18066,164319.384319067,-1380.4319,-0.0983089,0.8579699,12.239776371797845
129023,678.01184,1328590,0.9977255,0.951355,0.11850311,-10.182664,238065,2493350,18068,164329.79474401474,-1400.623,-0.094967164,2.0603328,13.57755624938292
129041,673.16504,1328770,0.99776006,0.95184326,0.103616595,-10.02766,238130,2494000,18071,164341.99972987175,-1397.2329,-0.08853741,1.0775928,16.599353922718077
129060,687.6104,1328960,0.9977398,0.951416,0.10464712,-10.919081,238186,2494560,18074,164353.5636768341,-1412.5387,-0.095407054,1.1330192,16.520387983362156
129078,685.4447,1329140,0.99769616,0.9454346,0.11604919,-11.431639,238243,2495130,18077,164365.251932621,-1425.383,-0.10841688,1.2357533,16.426092865537083
129098,664.701,1329340,0.99776053,0.95526123,0.10121353,-11.271918,238296,2495660,18080,164377.6253721714,-1379.7534,-0.078022115,1.1694778,15.2631323498139
129119,672.3998,1329550,0.9977343,0.9533081,0.11306943,-9.080863,238354,2496240,18083,164390.51223754883,-1382.8174,-0.08700209,1.7034302,14.145609285376425
129137,694.58264,1329730,0.9977255,0.9503784,0.10602902,-11.1027355,238418,2496880,18086,164402.3227880001,-1428.1812,-0.09164113,1.0455372,17.403277141052953
129156,679.69104,1329920,0.99774003,0.95043945,0.107054316,-9.5885315,238473,2497430,18089,164414.4539079666,-1399.171,-0.09376417,1.0769607,16.45013790797572
129175,665.76385,1330110,0.99773955,0.95391846,0.10536586,-8.580595,238527,2497970,18092,164426.2956507206,-1388.8584,-0.09848763,1.4826503,16.296238627984522
129195,679.52466,1330310,0.99775314,0.9538574,0.106590234,-11.960337,238583,2498530,18095,164439.12933897972,-1398.4209,-0.09211055,1.4500849,15.33381434631598
129214,700.3193,1330500,0.9977548,0.9522095,0.10885858,-11.383406,238646,2499160,18098,164451.4532506466,-1449.0796,-0.09069358,1.5722951,14.696486519971963
129226,664.7307,1330620,0.9977274,0.95184326,0.13242936,-8.990587,238689,2499590,18100,164461.77029395103,-1368.9602,-0.09780367,3.4501207,11.54185109762523
129241,644.266,1330770,0.99770594,0.947876,0.108152166,-11.609844,238732,2500020,18102,164472.01720142365,-1339.3967,-0.09826487,0.8596747,13.037164707675341
129254,646.037,1330900,0.9977007,0.9477539,0.11399284,-10.979953,238777,2500470,18104,164482.45969462395,-1337.2745,-0.10663201,1.2536125,12.144762005416283
129272,662.74835,1331080,0.9977257,0.9491577,0.113099344,-13.140191,238834,2501040,18107,164495.92102980614,-1361.198,-0.10273389,1.6194289,15.071599788913181
129290,680.24225,1331260,0.9977145,0.94714355,0.11748388,-12.311564,238892,2501620,18110,164508.36087608337,-1389.2543,-0.110762686,1.6645415,15.699395582923326
129308,670.51587,1331440,0.9977069,0.9454346,0.11494754,-11.003554,238941,2502110,18113,164520.5252072811,-1380.6505,-0.107718274,1.0415773,15.636794295723908
129331,681.6812,1331670,0.9977236,0.9489746,0.10937564,-9.865912,238997,2502670,18116,164533.3684976101,-1391.7579,-0.09964496,1.0015674,15.07391368583925
129350,678.6704,1331860,0.9977102,0.9491577,0.118394546,-10.993354,239055,2503250,18119,164545.91710042953,-1394.7029,-0.10732865,2.0233388,15.013582645203808
129368,679.31067,1332040,0.9977195,0.94641113,0.11690215,-11.69816,239106,2503760,18122,164557.88029646873,-1393.4956,-0.09670742,1.2985294,16.694706586373496
129386,685.3998,1332220,0.9977269,0.9499512,0.116175205,-13.817562,239164,2504340,18125,164569.50304293633,-1419.1487,-0.09634365,1.8829787,16.7777654718192
129405,669.5718,1332410,0.9976945,0.94555664,0.11807146,-15.978117,239220,2504900,18128,164581.3817820549,-1364.6531,-0.10296395,1.5659232,16.251698044829027
129425,652.6029,1332610,0.99774146,0.9562378,0.10094303,-15.904171,239271,2505410,18131,164594.08397722244,-1351.508,-0.1056955,1.101624,13.417236432362218
129444,652.9449,1332800,0.99775624,0.9523926,0.10253232,-16.868553,239324,2505940,18134,164605.6623084545,-1337.6777,-0.095492065,1.0969045,16.410334259542964
129466,668.853,1333020,0.99775577,0.95373535,0.10762886,-14.606469,239379,2506490,18137,164617.76052594185,-1379.1406,-0.09015593,1.4548631,14.995991225040266
129482,671.02704,1333180,0.99775624,0.9540405,0.10755068,-16.697357,239441,2507110,18140,164630.46502804756,-1378.6819,-0.09471576,1.5761005,14.786708747033822
129501,653.8584,1333370,0.997731,0.94958496,0.11284256,-18.39315,239493,2507630,18143,164641.99227452278,-1353.9846,-0.08982193,1.3475837,17.446328494371443
129521,657.1577,1333570,0.99774194,0.9536133,0.108330436,-17.344181,239550,2508200,18146,164654.31005072594,-1348.6941,-0.094783455,1.4382286,14.54133016745456
129540,673.7903,1333760,0.9977486,0.95336914,0.10623393,-16.97902,239607,2508770,18149,164667.18764424324,-1378.8801,-0.087189786,1.0577443,15.51840740659806
129558,659.78516,1333940,0.9977381,0.9527588,0.10682008,-18.718124,239662,2509320,18152,164678.9090399742,-1365.3635,-0.104330584,1.3608501,16.979458328146553
129578,673.6766,1334140,0.9977236,0.9526367,0.118016824,-20.201939,239715,2509850,18155,164690.9114394188,-1383.0128,-0.09528295,2.3274875,16.73109151776518
129597,660.5416,1334330,0.9977608,0.95306396,0.10632736,-18.78462,239766,2510360,18158,164702.67135763168,-1362.485,-0.09045085,1.3888671,15.616480121694721
129617,671.5464,1334530,0.9977491,0.953125,0.10296367,-21.957191,239819,2510890,18161,164714.6264743805,-1379.5195,-0.08849904,1.076604,16.353098393173056
129636,653.1815,1334720,0.99771,0.9498291,0.11410863,-20.68434,239871,2511410,18164,164727.29494190216,-1353.9719,-0.09870206,1.841665,16.7716813451561
129655,675.8429,1334910,0.99771,0.9503174,0.11561026,-16.603601,239925,2511950,18167,164739.89175748825,-1386.506,-0.09246853,1.7596146,15.87003707091527
129676,662.5652,1335120,0.9977517,0.9544678,0.10684532,-14.261599,239977,2512470,18170,164751.41532349586,-1357.4056,-0.09356515,1.5414705,17.410981154972614
129694,668.1793,1335300,0.99775195,0.95495605,0.10767484,-16.367907,240026,2512960,18173,164762.9465560913,-1378.4207,-0.09067076,1.857506,16.828214957191204
129714,664.0332,1335500,0.99772906,0.9517212,0.10699037,-7.340662,240081,2513510,18176,164774.5526058674,-1380.8246,-0.097059116,0.96002233,17.03408251186787
129732,663.1406,1335680,0.9977343,0.9553833,0.10714017,-12.041522,240133,2514030,18179,164786.7789504528,-1366.9631,-0.10007118,1.4239457,15.582161594232343
129751,664.4264,1335870,0.99775815,0.9517822,0.10468592,-11.372851,240188,2514580,18182,164798.87037158012,-1364.4728,-0.099371985,0.92835104,16.382372161750528
129771,670.6251,1336070,0.9977281,0.9501343,0.113599166,-10.995801,240245,2515150,18185,164810.481777668,-1373.3484,-0.09510597,1.3663931,17.025289363149277
129790,674.41656,1336260,0.9977164,0.9536133,0.1070967,-14.155,240298,2515680,18188,164822.47578382492,-1390.5017,-0.10191192,1.2165171,15.140989796636662
129809,659.81445,1336450,0.9977243,0.9517212,0.107224375,-7.2579546,240350,2516200,18191,164834.10919046402,-1360.1893,-0.10172451,0.96761894,16.343907349835373
129830,674.8082,1336660,0.99773407,0.9534912,0.10430202,-4.637122,240403,2516730,18194,164846.29971027374,-1396.8135,-0.094917975,0.9495878,15.460857346813452
129848,693.68085,1336840,0.99775076,0.9524536,0.107480735,-5.3843822,240452,2517220,18197,164858.55989289284,-1421.197,-0.08771747,1.2145711,15.753491132261143
129867,680.36707,1337030,0.997715,0.9519043,0.1207142,-10.09753,240507,2517770,18200,164870.40469622612,-1396.666,-0.09945984,2.3143253,16.50092553416381
129886,683.7435,1337220,0.9977193,0.9512329,0.11032513,-8.052674,240559,2518290,18203,164881.5922410488,-1408.7781,-0.09304641,1.2437427,16.72767802700291
129905,675.94995,1337410,0.997736,0.95440674,0.107586294,-11.647231,240612,2518820,18206,164893.15271019936,-1392.5656,-0.095488764,1.7539876,16.45402097806725
129923,676.0078,1337590,0.9977484,0.9540405,0.11349583,-1.0636239,240669,2519390,18209,164905.23830080032,-1384.0267,-0.08223537,1.9740634,16.659013014345028
129944,649.2621,1337800,0.99774694,0.95373535,0.10043061,-2.8908012,240728,2519980,18212,164916.989590168,-1355.6914,-0.09685901,0.8434442,15.670627764509513
129964,652.8263,1338000,0.99774337,0.9539795,0.10050947,1.9279937,240785,2520550,18215,164930.53508329391,-1357.1935,-0.08855929,0.9177375,13.56081180342047
129976,662.06323,1338120,0.99775815,0.95758057,0.10104745,-3.1374161,240824,2520940,18217,164940.5702497959,-1361.6416,-0.07881774,1.4324703,13.60094071218982
129994,654.90656,1338300,0.997689,0.9465332,0.12375561,-1.6893507,240885,2521550,18220,164953.81172299385,-1342.2891,-0.11334527,1.8326038,16.997025786730443
130013,671.76215,1338490,0.99772716,0.9557495,0.10225499,-5.827212,240939,2522090,18223,164964.91553401947,-1389.7278,-0.09227896,1.029259,17.672680794999685
130033,667.9872,1338690,0.99771667,0.9520874,0.108628795,-2.7633934,240994,2522640,18226,164976.92953419685,-1379.512,-0.10199134,1.2488284,16.179661657078793
130054,656.3982,1338900,0.997735,0.956604,0.10323368,-2.1643047,241043,2523130,18229,164988.62814569473,-1367.4543,-0.0891059,1.2930827,15.48329985598511
130072,677.5301,1339080,0.99773526,0.95025635,0.11091702,-3.5886252,241100,2523700,18232,165000.65997600555,-1400.4847,-0.09962876,1.335987,17.304588475299674
130091,649.96967,1339270,0.99776864,0.9557495,0.105112195,-3.1149611,241154,2524240,18235,165013.96604704857,-1352.1691,-0.08533482,1.5128294,15.681618727501908
130106,654.9127,1339420,0.9977,0.947876,0.11731047,-0.526116,241196,2524660,18237,165024.50021481514,-1353.6641,-0.10479078,1.4408743,11.965675706155759
130116,668.7752,1339520,0.9977498,0.94989014,0.110605754,-2.8702037,241241,2525110,18239,165034.70111751556,-1397.0612,-0.09286837,1.2200412,12.724296228185324
130131,660.02924,1339670,0.9977176,0.9500122,0.11137881,-0.20163071,241283,2525530,18241,165044.83780813217,-1379.5411,-0.089043915,1.2443476,12.628518117295252
130147,647.75195,1339830,0.9977157,0.95306396,0.10717146,-3.2003832,241340,2526100,18244,165057.98614001274,-1340.4666,-0.10525453,1.0903702,15.990843294171864
130167,666.0093,1340030,0.9977133,0.95355225,0.10353162,-8.20289,241398,2526680,18247,165070.4660255909,-1388.418,-0.114897855,1.151237,15.604471683426857
130187,649.9577,1340230,0.9977112,0.9530029,0.122908324,-1.4247844,241452,2527220,18250,165082.3973786831,-1347.9387,-0.08912644,2.64598,16.477237591375513
130205,657.11285,1340410,0.997746,0.9486084,0.112728775,-0.54273665,241511,2527810,18253,165094.7588341236,-1358.605,-0.09281246,1.32873,16.321642241348908
130225,648.46204,1340610,0.99773574,0.9541626,0.10554959,-4.9330773,241569,2528390,18256,165106.5902349949,-1355.931,-0.10144769,0.9466033,15.830979552838617
130245,651.2437,1340810,0.99774337,0.95355225,0.105385244,-6.0455103,241629,2528990,18259,165119.2882695198,-1364.1807,-0.09515981,1.221422,13.768974002235161
130264,666.16504,1341000,0.99768305,0.94836426,0.13922974,-3.8344426,241677,2529470,18262,165131.26295351982,-1369.4585,-0.109451905,3.335675,14.632871161395604
130283,664.54175,1341190,0.99774957,0.95532227,0.10138017,0.9914268,241734,2530040,18265,165142.86872768402,-1374.0266,-0.09536578,0.85178125,16.790660071636108
130297,658.1936,1341330,0.9977448,0.9555054,0.10189584,-4.1370387,241775,2530450,18267,165152.8777794838,-1360.0725,-0.097603135,1.0179548,12.371371027264717
130315,655.6674,1341510,0.9977367,0.94763184,0.11664976,0.17016983,241830,2531000,18270,165167.44004750252,-1367.963,-0.09223437,1.3427455,12.721660994411502
130334,691.3185,1341700,0.997761,0.95391846,0.1053862,-2.0998778,241883,2531530,18273,165180.8224515915,-1427.5212,-0.08991581,1.1742953,14.412840810742999
130353,651.6227,1341890,0.9977045,0.947876,0.12113203,2.0896597,241937,2532070,18276,165194.4454433918,-1365.8145,-0.10631676,1.4757608,14.121439279097896
130369,682.40344,1342050,0.99768376,0.9466553,0.121566765,-1.3872511,241978,2532480,18278,165204.46550369263,-1418.4683,-0.12123229,1.2523751,13.47699207964794
130386,669.1946,1342220,0.99772024,0.949646,0.11573647,3.1321015,242032,2533020,18281,165218.0700120926,-1393.5806,-0.100872874,1.5028397,13.826337661837307
130404,645.2826,1342400,0.9976969,0.94885254,0.11632195,0.40561628,242089,2533590,18284,165231.77305865288,-1352.5576,-0.09770195,1.3697762,14.800793844124117
130425,652.4194,1342610,0.9977076,0.9456177,0.121893205,2.4386687,242141,2534110,18287,165245.44583582878,-1355.0171,-0.09877665,1.5133598,13.365899996539467
130445,644.8818,1342810,0.9977443,0.9511719,0.11154948,2.9066133,242197,2534670,18290,165259.54578399658,-1349.1508,-0.102396235,1.4498146,13.399692117344435
130462,672.21155,1342980,0.9977181,0.9491577,0.11857134,-2.6398582,242260,2535300,18293,165273.3877580166,-1407.1418,-0.102504134,1.3843573,14.053547939592175
130480,655.3831,1343160,0.9977033,0.9492798,0.12055449,-3.131202,242315,2535850,18296,165287.27931714058,-1376.0726,-0.10665879,1.6103127,13.931029235780018
130500,674.13257,1343360,0.99773073,0.947937,0.11593702,0.08771539,242376,2536460,18299,165301.3537054062,-1391.8313,-0.1031775,1.2266753,13.612678362625294
130521,669.4026,1343570,0.9977169,0.95111084,0.110894665,-5.0244865,242424,2536940,18302,165315.5357322693,-1392.9188,-0.10211952,1.0116848,12.622977527907603
130541,667.8968,1343770,0.9977286,0.9492798,0.12581614,-5.896368,242486,2537560,18305,165329.7195944786,-1391.7808,-0.09153457,2.3348618,13.65009868317846
130559,649.98535,1343950,0.99772334,0.94958496,0.113406576,-5.600098,242541,2538110,18308,165343.27883076668,-1352.2068,-0.09932041,1.0452645,14.755141039472319
130578,672.5905,1344140,0.9977453,0.9534302,0.107165,-5.9311056,242597,2538670,18311,165357.38293623924,-1392.8151,-0.0974659,1.0223818,14.325539575640065
130596,648.14136,1344320,0.9977374,0.9533081,0.110575266,-8.694038,242652,2539220,18314,165371.32761478424,-1345.2141,-0.09826426,1.3207731,13.562029272431092
130617,663.06995,1344530,0.9977181,0.947937,0.11816184,-7.558958,242706,2539760,18317,165385.570622921,-1383.3142,-0.09519965,1.3999598,13.186384625998986
130637,654.8087,1344730,0.99772,0.9484863,0.11726059,-7.834366,242763,2540330,18320,165399.90239477158,-1357.1628,-0.101798706,1.5304747,13.55506996931071
130655,669.33545,1344910,0.99773216,0.9501343,0.115854695,-8.566835,242823,2540930,18323,165413.79800462723,-1392.9618,-0.10700186,1.3297209,14.116823795507267
130674,652.17596,1345100,0.9977002,0.9493408,0.12279179,-11.193222,242877,2541470,18326,165427.47223424911,-1349.1083,-0.10931413,2.3617706,15.415217909887556
130692,652.69006,1345280,0.9977293,0.95288086,0.112046614,-8.962492,242931,2542010,18329,165441.4322435856,-1353.7861,-0.099261895,1.3837152,13.705521640912217
130712,654.24133,1345480,0.9976773,0.9446411,0.12235461,-10.116869,242987,2542570,18332,165455.6844584942,-1362.5664,-0.113989666,1.5731235,12.807161597445166
130733,665.8948,1345690,0.9977689,0.9555054,0.103827275,-10.495514,243044,2543140,18335,165471.08642458916,-1390.9827,-0.07950842,1.510972,11.629148309891463
130756,646.0708,1345920,0.99775934,0.95526123,0.097823836,-8.320994,243110,2543800,18339,165481.79103398323,-1351.0508,-0.085552484,0.9493438,26.885877413988325
130789,661.17346,1346250,0.9977274,0.9555054,0.111706875,-8.624924,243199,2544690,18344,165494.02662467957,-1370.8818,-0.100847766,1.7902749,26.541209375758857
130813,647.14856,1346490,0.9977219,0.94903564,0.11153199,-8.05237,243269,2545390,18348,165504.06438708305,-1369.5352,-0.095314994,1.2505472,26.616538466724997
130846,638.0167,1346820,0.99775195,0.9510498,0.11535158,-3.5482793,243355,2546250,18353,165516.20274329185,-1309.3989,-0.105650745,1.750822,25.84486885365225
130869,631.85583,1347050,0.9977317,0.9505005,0.11106204,-4.2242103,243427,2546970,18357,165526.24919342995,-1313.0938,-0.096245594,1.3770877,25.34870939324206
130903,646.4079,1347390,0.99775314,0.95513916,0.09987457,-4.832221,243513,2547830,18362,165538.32811903954,-1360.4103,-0.09630448,0.97181255,26.061697287543424
130933,661.0974,1347690,0.9976895,0.94750977,0.12022208,-2.9110882,243597,2548670,18367,165550.4525976181,-1374.6891,-0.11095635,1.5735197,26.023246042885376
130965,640.13855,1348010,0.9977603,0.95599365,0.097779304,-3.5079181,243683,2549530,18372,165562.54715657234,-1327.1965,-0.08748716,1.0490001,26.24130759079134
130998,631.79974,1348340,0.99774265,0.95288086,0.111983426,-4.008079,243765,2550350,18377,165574.4314904213,-1314.1443,-0.09222752,1.891391,27.09050808984868
131030,642.65857,1348660,0.9977515,0.9522095,0.10655877,-3.603414,243847,2551170,18382,165586.8823299408,-1345.6394,-0.0940576,1.1470206,23.41043564607015
131062,653.2489,1348980,0.9977243,0.95129395,0.11067124,-2.870995,243935,2552050,18387,165598.83929634094,-1370.3965,-0.09865044,1.2983029,26.305678649783605
131094,630.3072,1349300,0.9976866,0.9490967,0.12215859,-1.9616984,244017,2552870,18392,165610.64090371132,-1304.9684,-0.1047032,2.135395,27.568990502278865
131126,634.9696,1349620,0.9977417,0.954895,0.10361998,-0.09926063,244095,2553650,18397,165622.5997285843,-1310.3589,-0.09258187,1.4690061,27.159838211880274
131158,641.2914,1349940,0.99774003,0.9534912,0.1037959,-0.20100093,244177,2554470,18402,165634.45877313614,-1321.781,-0.096260965,0.99059844,26.28406818150218
131191,641.77124,1350270,0.9977169,0.95233154,0.10792832,-0.73768485,244255,2555250,18407,165646.38471794128,-1325.4147,-0.1041944,1.339318,25.477493360971433
131221,647.408,1350570,0.9977579,0.9552002,0.10635784,4.2836432,244341,2556110,18412,165658.46439623833,-1319.6571,-0.08512963,1.8304603,26.259443664841108
131253,619.62024,1350890,0.9977126,0.9515991,0.10970339,4.070664,244418,2556880,18417,165670.3442788124,-1296.4388,-0.09514207,1.4827712,27.122059314898763
131286,639.04443,1351220,0.99773383,0.9558716,0.102404766,4.3161964,244501,2557710,18422,165682.08312177658,-1317.2618,-0.09363136,1.1933353,27.457469915589662
131318,619.8103,1351540,0.99773765,0.94921875,0.11094852,-4.6994762,244584,2558540,18427,165693.97998857498,-1282.723,-0.1013158,1.52596,26.80457442923733
131350,633.7657,1351860,0.9977436,0.95202637,0.10067561,-5.9674654,244666,2559360,18432,165705.82629799843,-1299.3158,-0.09309189,0.9016423,26.996203732868626
131383,638.83795,1352190,0.99776936,0.9572754,0.09837876,-3.1707401,244749,2560190,18437,165717.83459091187,-1307.6682,-0.08717412,1.2583537,28.23887352296746
131415,641.405,1352510,0.9977541,0.9552002,0.10554991,1.4596732,244831,2561010,18442,165729.6159245968,-1310.071,-0.094848305,1.876625,28.570278977893846
131448,633.7046,1352840,0.9977157,0.95025635,0.10909624,3.926846,244916,2561860,18447,165741.5155005455,-1305.2925,-0.10086408,1.2885522,27.430881928410155
131479,623.1551,1353150,0.99768114,0.9491577,0.11550456,-10.278924,244994,2562640,18452,165753.49987602234,-1284.873,-0.106553555,1.193378,26.22631453273499
131512,637.36,1353480,0.99773955,0.9473877,0.114926934,-3.3244412,245075,2563450,18457,165765.30093169212,-1303.3921,-0.09201042,1.4157152,27.675821197806805
131543,623.2495,1353790,0.99773026,0.9489746,0.12056965,-6.0542917,245154,2564240,18462,165777.23405337334,-1277.4896,-0.09411789,2.345142,26.273456263947978
131576,624.8857,1354120,0.99773145,0.95251465,0.10392527,-11.215599,245236,2565060,18467,165789.20852565765,-1267.9417,-0.09606966,0.83737457,27.699544627627574
131606,629.6681,1354420,0.99773574,0.9527588,0.10078834,-10.1575,245315,2565850,18472,165801.48055243492,-1284.8455,-0.091787614,1.0122277,22.618025685257145
131639,643.2605,1354750,0.9977422,0.9505615,0.103814825,-11.208558,245402,2566720,18477,165813.37512779236,-1316.0028,-0.091207124,0.8775091,26.183343077634675
131670,631.1009,1355060,0.9977441,0.9501953,0.111328796,-11.028411,245492,2567620,18482,165825.2200448513,-1288.8328,-0.098858535,1.4337482,27.282884619313265
131702,611.7103,1355380,0.99775815,0.95410156,0.10261862,-17.211369,245574,2568440,18487,165836.99583125114,-1254.7551,-0.08948803,1.224504,27.289180648914844
133037,639.4209,1368730,0.99730206,0.8903198,0.25269103,2.908878,246590,2578600,18531,165965.52897572517,-1307.3735,-0.23798844,2.1121998,0.0
133112,640.9242,1369480,0.9973018,0.89019775,0.24870875,0.49256635,246659,2579290,18532,165979.82886838913,-1303.6993,-0.23305234,1.9600654,4.475558069139806
133139,671.6587,1369750,0.99736834,0.895874,0.23526944,-15.274387,246734,2580040,18536,165990.10689878464,-1366.9292,-0.21833593,1.4945455,26.047995534775545
133139,692.749,1369750,0.9974427,0.9066162,0.22118357,-18.218664,246865,2581350,18541,166001.65640974045,-1420.4341,-0.20232943,1.8030268,27.298366412637595
133158,679.343,1369940,0.99744344,0.9094238,0.20735267,-15.732374,246971,2582410,18546,166013.82618236542,-1404.5863,-0.18459536,1.1187165,25.418394672993028
133184,685.11615,1370200,0.9975352,0.9248047,0.18040878,-7.224066,247050,2583200,18550,166024.00849986076,-1414.5659,-0.16134486,1.2946061,25.810098915388288
133210,702.9402,1370460,0.9974873,0.9211426,0.18461487,-7.2485914,247123,2583930,18554,166034.06459617615,-1469.4741,-0.1744712,1.2399597,25.07927385845984
133241,688.1346,1370770,0.997504,0.92144775,0.19017059,-10.019799,247215,2584850,18559,166046.34168982506,-1439.8364,-0.16799995,1.7417122,25.92886345542824
133267,705.8242,1371030,0.99751973,0.9197998,0.19078702,-10.45001,247289,2585590,18563,166056.60609149933,-1474.669,-0.16435155,1.6427171,26.29455989024353
133293,694.1482,1371290,0.99758077,0.9281616,0.17112678,-17.118458,247363,2586330,18567,166066.67562747002,-1457.3108,-0.14855959,1.3054047,25.811203294166834
133325,717.9843,1371610,0.9975426,0.9289551,0.16871542,-16.404568,247462,2587320,18572,166078.9587495327,-1484.6208,-0.14969376,1.492676,26.617963681392933
133349,726.25793,1371850,0.9975796,0.927124,0.17237452,-13.878283,247529,2587990,18576,166089.2494044304,-1514.3431,-0.15371346,1.3718289,24.883153706687686
133376,705.97485,1372120,0.9975939,0.9293823,0.16565263,-13.144132,247608,2588780,18580,166100.16817426682,-1475.2971,-0.14620346,1.4163778,25.03133455060562
133402,709.6592,1372380,0.9975798,0.93084717,0.16647056,-13.228604,247679,2589490,18584,166110.53459477425,-1486.1847,-0.14392248,1.7237952,22.64557655496943
133428,724.6221,1372640,0.9975493,0.935791,0.15947682,-17.886005,247761,2590310,18588,166120.9987282753,-1509.3936,-0.15337713,1.6699724,24.629218744910688
133460,718.7561,1372960,0.9975345,0.9326782,0.15946162,-15.467888,247852,2591220,18593,166133.3102529049,-1521.0669,-0.13789183,1.6765122,26.755733283364
133492,729.77466,1373280,0.99760914,0.93707275,0.1478734,-18.734978,247942,2592120,18598,166145.67523169518,-1520.9169,-0.13388565,1.3987856,26.186257445001733
133516,723.7065,1373520,0.9976425,0.94348145,0.145128,-9.303173,248005,2592750,18602,166155.77350211143,-1508.8115,-0.1249367,2.2599263,24.993569102792588
133550,742.9498,1373860,0.9975798,0.9343872,0.14833349,-17.602182,248098,2593680,18607,166168.20323729515,-1552.1333,-0.14255494,1.1125546,25.207886509627127
133574,741.9959,1374100,0.99760675,0.93688965,0.15201546,-16.95946,248170,2594400,18611,166178.2235941887,-1558.3591,-0.1332513,1.9668562,24.76129409561726
133594,717.82635,1374300,0.9976783,0.9453125,0.13008428,-17.670086,248235,2595050,18614,166188.67197871208,-1515.0859,-0.120604165,1.118706,18.681961023886785
133620,717.1035,1374560,0.9976928,0.947937,0.12869306,-17.19157,248308,2595780,18618,166198.9228594303,-1506.5669,-0.11181587,1.3467821,24.83138635281128
133652,712.2875,1374880,0.997632,0.9385376,0.1467778,-17.418652,248402,2596720,18623,166211.3629283905,-1501.7781,-0.13383165,1.6235341,26.02075879848828
133677,720.2788,1375130,0.99765325,0.93969727,0.1369398,-17.218058,248482,2597520,18627,166221.52057552338,-1527.6633,-0.123347625,1.3929517,25.240199769915755
133702,731.11194,1375380,0.9976828,0.9430542,0.12931877,-18.271576,248551,2598210,18631,166231.522687912,-1548.1368,-0.11829019,1.2579252,25.323433090770536
133728,720.5508,1375640,0.9976821,0.942688,0.13184446,-16.627869,248629,2598990,18635,166241.87059998512,-1525.2539,-0.10486053,1.563745,23.723952591945793
133753,718.83484,1375890,0.9976747,0.94525146,0.124561295,-16.69862,248699,2599690,18639,166252.779399395,-1512.9822,-0.111438535,1.243688,25.318780290216385
133779,728.4457,1376150,0.99767804,0.9481201,0.12461916,-18.146008,248778,2600480,18643,166263.07073545456,-1545.4159,-0.11797914,1.6997114,25.556348971359533
133804,737.3877,1376400,0.9976897,0.94903564,0.1397427,-16.821701,248851,2601210,18647,166273.56846308708,-1555.3479,-0.10644015,3.1239333,26.241107502186306
133831,721.31476,1376670,0.99765205,0.9448242,0.12045533,-14.868499,248928,2601980,18651,166284.44793057442,-1520.1797,-0.11670727,1.0603178,24.212337605290365
133855,718.29193,1376910,0.99769473,0.9499512,0.11932878,-10.911062,248998,2602680,18655,166294.9392824173,-1517.3523,-0.11008218,1.1528707,24.024576293864456
133882,720.824,1377180,0.9976859,0.9486084,0.12278069,-12.799495,249082,2603520,18659,166305.24163627625,-1541.7864,-0.112513855,1.8385129,25.29111142391066
133906,725.8013,1377420,0.9977157,0.9538574,0.10487259,-16.783672,249155,2604250,18663,166315.74298882484,-1545.0288,-0.09856789,1.0832163,23.84070402851128
133939,713.34094,1377750,0.99773765,0.9539795,0.11304712,-15.648625,249246,2605160,18668,166328.12780737877,-1503.0315,-0.09407112,1.2208478,25.22710615929039
133971,706.77014,1378070,0.9977081,0.9481201,0.116051614,-11.426627,249339,2606090,18673,166340.5714776516,-1508.3092,-0.1117779,1.0348707,25.87598806661435
133996,734.48987,1378320,0.9977069,0.9505005,0.11670977,-6.7217307,249411,2606810,18677,166350.65981674194,-1544.9163,-0.10009487,1.5184639,25.488304417012582
134024,730.6408,1378600,0.99770045,0.95025635,0.12225515,-8.9726715,249488,2607580,18681,166360.670409441,-1527.8514,-0.11009374,1.4979132,24.94849068091554
134048,726.1783,1378840,0.99766254,0.9483032,0.11867046,-10.482054,249556,2608260,18685,166370.73497629166,-1523.6216,-0.11275339,1.3029546,25.978193780437966
134072,732.0436,1379080,0.997704,0.94873047,0.12130653,-8.143446,249635,2609050,18689,166380.99599409103,-1528.2379,-0.108160004,1.5940149,24.81522825145636
134099,703.44586,1379350,0.99772525,0.9530029,0.10938553,-3.7587113,249713,2609830,18693,166391.15151000023,-1478.4142,-0.09855078,1.0669166,25.275192125877936
134125,697.60394,1379610,0.9977045,0.9503784,0.11949814,-3.2229462,249786,2610560,18697,166401.534160614,-1472.116,-0.09731124,1.6400622,24.287051680796655
134149,734.4198,1379850,0.9976618,0.944458,0.1358906,-4.1463637,249859,2611290,18701,166412.57080316544,-1531.9341,-0.11264396,2.18436,23.214595866427853
134177,725.97974,1380130,0.9977057,0.9530029,0.11153422,-3.9228115,249939,2612090,18705,166423.49625205994,-1534.8727,-0.109681554,1.3495498,24.610580840259647
134202,716.3906,1380380,0.99772906,0.9507446,0.11560276,-6.6898265,250022,2612920,18709,166435.746240139,-1521.2028,-0.100774705,1.3518376,17.58297103267184
134229,728.62494,1380650,0.9976673,0.94433594,0.13174507,-11.085429,250106,2613760,18713,166447.86376452446,-1527.6602,-0.102409974,1.8007784,22.173751348608018
134253,705.4396,1380890,0.9976952,0.9515991,0.1110475,-10.608885,250177,2614470,18717,166458.44905257225,-1505.9238,-0.10150945,0.8068437,24.680322717875065
134279,724.9572,1381150,0.99769735,0.9512329,0.12553732,-3.2109547,250248,2615180,18721,166469.1345024109,-1531.8687,-0.10000243,2.6479714,24.332219643786736
134306,723.90137,1381420,0.9976709,0.94647217,0.1236879,-6.688625,250326,2615960,18725,166479.6206188202,-1524.7639,-0.114638194,1.3554635,25.55413748613819
134332,715.3518,1381680,0.9976692,0.9439087,0.1297417,-8.747645,250394,2616640,18729,166490.20889496803,-1503.4204,-0.11622818,1.4779973,23.095298714233255
134357,734.3088,1381930,0.9977052,0.95288086,0.11078635,-5.3879757,250468,2617380,18733,166500.68411540985,-1537.2847,-0.10163008,1.2095776,24.70667060104936
134383,714.9811,1382190,0.9976969,0.94696045,0.12907667,-5.6654825,250548,2618180,18737,166511.50731873512,-1498.1136,-0.104789965,2.144648,23.241456797509578
134409,718.21155,1382450,0.99766755,0.94641113,0.1260837,-8.601694,250628,2618980,18741,166522.01937747002,-1523.5474,-0.110786155,1.393256,23.88268920572077
134434,695.7032,1382700,0.99769115,0.9463501,0.12698956,-4.944315,250692,2619620,18745,166532.5212776661,-1473.4084,-0.1032612,1.6527783,23.5685909055869
134462,732.00604,1382980,0.99767494,0.9470215,0.120049536,-2.3337247,250772,2620420,18749,166543.13835382462,-1537.5608,-0.1213887,1.0646485,23.751026560917186
134486,725.6979,1383220,0.99770784,0.9508667,0.118778646,-9.658463,250839,2621090,18753,166553.5829386711,-1530.1216,-0.10606474,1.1827301,24.899407344373518
134511,716.38403,1383470,0.99768996,0.95080566,0.13814089,-6.334323,250911,2621810,18757,166563.97530198097,-1518.9845,-0.09817594,3.3088264,25.056112678622565
134531,727.64154,1383670,0.99769187,0.9470825,0.124734044,-10.498577,250980,2622500,18760,166574.7915751934,-1540.6655,-0.11450532,1.2065939,14.266728346349561
134555,727.3428,1383910,0.99770427,0.9499512,0.12686409,-9.355886,251070,2623400,18764,166587.53295087814,-1531.9807,-0.114140734,1.8472131,22.13498678425576
134582,718.91547,1384180,0.9977238,0.9494629,0.12139988,-8.278789,251142,2624120,18768,166598.15499138832,-1513.9891,-0.09553553,1.4701679,24.4454160608483
134609,712.3547,1384450,0.9976864,0.9480591,0.12087824,-11.621523,251221,2624910,18772,166610.71956157684,-1504.6812,-0.111956395,1.1468186,17.96645495509816
134634,712.83813,1384700,0.9976804,0.946167,0.12408115,-6.930572,251306,2625760,18776,166623.6085858345,-1512.1624,-0.108628266,1.2216663,20.861136879708923
134658,739.2737,1384940,0.9976895,0.9468384,0.12914428,-8.615234,251382,2626520,18780,166636.67530107498,-1552.7313,-0.1221851,1.7956928,18.818889032995305
134685,750.0397,1385210,0.9977195,0.9522095,0.11529197,-7.3707623,251470,2627400,18784,166648.2955172062,-1583.0378,-0.10373908,1.4033535,25.281628871197224
134711,733.10205,1385470,0.99767256,0.9456177,0.13054982,-8.642534,251538,2628080,18788,166658.6352519989,-1554.6062,-0.11917851,1.6701757,23.70583217145354
134735,736.6029,1385710,0.99770856,0.951355,0.11872171,-8.402896,251617,2628870,18792,166669.48212385178,-1541.0466,-0.11478439,1.5690866,23.598648795366344
134762,753.0697,1385980,0.9976957,0.9463501,0.12339543,-6.9984517,251693,2629630,18796,166680.1398179531,-1566.133,-0.11316115,1.1135103,26.354658773356604
134786,737.0895,1386220,0.9976957,0.9489136,0.12420218,-9.269852,251762,2630320,18800,166690.3418045044,-1544.9125,-0.11728813,1.9021393,24.705165311313912
134813,730.6299,1386490,0.9977095,0.9472046,0.124291964,-8.188702,251836,2631060,18804,166700.39909744263,-1526.944,-0.10470785,1.4280858,25.184759003652154
134839,742.34753,1386750,0.9976902,0.94940186,0.12230072,-7.727687,251909,2631790,18808,166710.8074119091,-1542.0657,-0.1102979,1.5569052,25.202615881277936
134863,748.5679,1386990,0.99768496,0.9406738,0.14096367,-8.601946,251985,2632550,18812,166720.85450267792,-1564.0901,-0.104947336,2.0020046,24.964319037940474
134889,721.0082,1387250,0.99764633,0.9439087,0.14241084,-6.5969353,252060,2633300,18816,166731.02822184563,-1499.4147,-0.11581425,2.259463,25.42670597623902
134914,732.53894,1387500,0.9976866,0.95092773,0.12516089,-13.2729845,252132,2634020,18820,166741.24443125725,-1533.4414,-0.110011786,1.8168169,24.12733595960589
134940,724.943,1387760,0.9976778,0.94744873,0.12328659,-12.251157,252204,2634740,18824,166751.31385087967,-1500.8716,-0.11723263,1.0736566,24.363181276881388
134966,721.3604,1388020,0.9977009,0.949646,0.12429257,-12.144728,252282,2635520,18828,166761.32400465012,-1529.4639,-0.11217061,1.7600396,25.514371847183778
134992,724.2157,1388280,0.99771,0.9515381,0.1245606,-8.828374,252349,2636190,18832,166771.50675702095,-1519.8328,-0.104214095,1.9811957,25.832714081271263
135016,727.15845,1388520,0.9977193,0.9526367,0.12196483,-13.091976,252430,2637000,18836,166782.21881055832,-1530.932,-0.10847309,1.9928743,23.269872590003025
135042,719.3738,1388780,0.9976795,0.9493408,0.12676585,-7.1892195,252514,2637840,18840,166795.08123874664,-1504.3015,-0.117659524,1.8427069,16.381029538649944
135068,722.8608,1389040,0.9977069,0.9495239,0.12106559,-12.441078,252595,2638650,18844,166806.67755675316,-1524.459,-0.10557835,1.2352514,24.77115829457045
135093,726.6282,1389290,0.997653,0.9437866,0.12902635,-9.622712,252669,2639390,18848,166816.97559452057,-1524.4856,-0.1164467,1.3576615,24.78306657510576
135119,743.75903,1389550,0.9976795,0.94555664,0.14012024,-12.397048,252752,2640220,18852,166827.4988811016,-1551.3379,-0.108530864,2.506164,22.612780329007876
135145,725.0898,1389810,0.99766374,0.94555664,0.12629461,-10.887159,252827,2640970,18856,166838.48769664764,-1520.3347,-0.12101393,1.3645239,23.117991163789743
135164,717.7997,1390000,0.9977007,0.9468384,0.12721387,-13.7205105,252892,2641620,18859,166849.1699807644,-1503.5356,-0.11223297,1.3343201,20.94522719448742
135190,729.1804,1390260,0.99765635,0.94470215,0.1286115,-7.807358,252967,2642370,18863,166859.89575266838,-1534.1007,-0.121019065,1.1215538,23.858528724043055
135216,720.5183,1390520,0.9977021,0.9503784,0.114965856,-12.169764,253054,2643240,18867,166871.06534051895,-1504.197,-0.10290417,1.1465294,25.356692541120072
135241,711.7134,1390770,0.9977002,0.94854736,0.12228066,-12.817858,253132,2644020,18871,166881.86072349548,-1488.1252,-0.108141236,1.1683854,24.650741366791223
135266,722.6592,1391020,0.9976866,0.9468994,0.13153327,-15.413019,253208,2644780,18875,166892.01247310638,-1507.1318,-0.106873676,2.0647545,25.192343665272137
135292,721.037,1391280,0.9977007,0.94854736,0.11996674,-12.704795,253283,2645530,18879,166902.29943680763,-1509.1077,-0.1081911,1.2211308,24.300852617324164
135318,723.33984,1391540,0.99771214,0.94525146,0.14093715,-10.977806,253362,2646320,18883,166912.8906059265,-1521.8069,-0.11226058,2.766633,25.601748166245176
135343,729.5708,1391790,0.99767065,0.9477539,0.13269189,-11.486288,253436,2647060,18887,166923.10277843475,-1540.6827,-0.10918783,2.7488372,25.73836590634735
135369,721.4761,1392050,0.9977083,0.9475708,0.12167781,-13.419344,253514,2647840,18891,166933.29449629784,-1509.8384,-0.10244947,1.2612146,25.173372865187947
135394,720.36224,1392300,0.9976809,0.94903564,0.11374689,-15.830901,253589,2648590,18895,166943.59578728676,-1522.9806,-0.11060476,1.0205404,25.60547724585175
135421,719.07947,1392570,0.9976969,0.94940186,0.11752628,-17.28391,253671,2649410,18899,166953.76928782463,-1500.3064,-0.103569835,1.2375766,25.677565851052485
135446,726.3419,1392820,0.9976542,0.9442749,0.13295496,-10.710138,253747,2650170,18903,166963.98762726784,-1516.1835,-0.10181263,2.1257,24.666620170164332
135470,692.6504,1393060,0.99772024,0.9538574,0.103691444,-13.727852,253826,2650960,18907,166974.6789135933,-1446.2228,-0.09500639,1.0989118,25.56002102805318
135498,724.7987,1393340,0.99770975,0.94836426,0.12059893,-13.663832,253899,2651690,18911,166984.67671608925,-1516.6323,-0.10568318,1.676426,26.07121961159208
135523,732.48254,1393590,0.9977181,0.9536133,0.10787931,-8.18771,253977,2652470,18915,166994.77880096436,-1525.7095,-0.09602295,1.1196668,26.046896074191633
135548,724.56714,1393840,0.99779224,0.9578247,0.107799776,-9.093655,254048,2653180,18919,167005.1128373146,-1507.0232,-0.0944045,2.0401993,23.90199623869313
135573,719.6008,1394090,0.997689,0.9498291,0.11890727,-10.295776,254123,2653930,18923,167015.23098945618,-1508.0864,-0.107662246,1.5773022,24.694060942853678
135600,715.88385,1394360,0.9977417,0.95233154,0.10589281,-8.860582,254204,2654740,18927,167025.37171077728,-1482.5555,-0.09255338,1.2645047,24.846813432945652
135626,732.2592,1394620,0.9977448,0.9501343,0.11162074,-9.377318,254276,2655460,18931,167035.66310596466,-1519.2483,-0.097764164,1.3174964,24.856442079546404
135649,715.4109,1394850,0.9977217,0.953125,0.11479811,-7.54303,254346,2656160,18935,167045.99875879288,-1482.8047,-0.101148084,1.6000468,24.954931434133353
135677,729.18787,1395130,0.99768376,0.94506836,0.122565486,-10.388406,254428,2656980,18939,167056.19308042526,-1524.2328,-0.111989036,1.4156575,25.92206542602898
135702,725.12805,1395380,0.9977205,0.949646,0.12691563,-11.693947,254497,2657670,18943,167066.32410264015,-1501.2407,-0.0933671,2.882793,24.97877977469958
135728,728.5548,1395640,0.99771166,0.9510498,0.11377294,-10.550423,254574,2658440,18947,167077.22576904297,-1526.6008,-0.10379176,1.4008385,21.355661637346024
135753,732.0237,1395890,0.99772835,0.9505615,0.11049566,-10.607704,254654,2659240,18951,167090.15724039078,-1516.8098,-0.10454114,1.6610038,20.619243447456984
135778,712.1278,1396140,0.9977417,0.9533081,0.10626419,-7.9466105,254726,2659960,18955,167100.68200612068,-1471.9958,-0.08472935,1.5130444,24.902114498417152
135804,718.74365,1396400,0.9977248,0.95080566,0.10966801,-10.500531,254805,2660750,18959,167111.86819911003,-1494.561,-0.098029986,1.4814653,23.860418279039532
135831,713.0408,1396670,0.9977143,0.9515381,0.103198394,-6.374621,254877,2661470,18963,167122.089138031,-1462.2203,-0.0938663,0.95640135,25.005652636318
135856,730.7129,1396920,0.99771833,0.95458984,0.107376695,-7.0355134,254947,2662170,18967,167132.1985092163,-1505.2192,-0.08740209,1.926259,25.402632099424352
135880,727.9676,1397160,0.9977381,0.9534912,0.099930644,-7.995796,255018,2662880,18971,167142.7873184681,-1497.116,-0.09738427,0.9236208,25.320774479426852
135907,702.391,1397430,0.9977238,0.9467163,0.11255751,-7.2444615,255089,2663590,18975,167152.98454213142,-1442.5254,-0.10013342,1.320217,25.65213721736684
135932,726.9732,1397680,0.997705,0.94744873,0.110085145,-6.2814054,255165,2664350,18979,167163.12733078003,-1480.4307,-0.108758196,1.0350349,24.441756813332436
135958,731.25616,1397940,0.99774027,0.9476929,0.12523113,-8.583172,255238,2665080,18983,167173.47380709648,-1490.2216,-0.09563541,2.472579,25.848885649966423
135983,722.0388,1398190,0.99772143,0.94976807,0.10774525,-7.549368,255321,2665910,18987,167184.30477023125,-1481.5546,-0.099230126,1.4740412,24.419413343774195
136009,711.92053,1398450,0.997736,0.9523926,0.1075317,-8.14062,255392,2666620,18991,167194.50259423256,-1466.3278,-0.08712971,1.5316616,25.09417542400657
136035,710.1127,1398710,0.99774814,0.9489746,0.108645596,-9.279536,255466,2667360,18995,167204.932574749,-1438.6531,-0.08921656,1.0497073,23.112865604728867
136060,716.1135,1398960,0.9977515,0.9562378,0.100393794,-5.039924,255553,2668230,18999,167215.29740285873,-1473.4185,-0.09464261,1.1288812,25.409857893030487
136086,733.8473,1399220,0.9977279,0.9524536,0.10625548,-6.288894,255626,2668960,19003,167225.64097929,-1503.5557,-0.098216474,1.2300167,24.43652136534046
136111,696.91785,1399470,0.9977448,0.9522705,0.10724215,-5.854416,255702,2669720,19007,167236.07458519936,-1440.2675,-0.09350901,1.7744585,25.47232693797311
136138,713.64575,1399740,0.99773,0.94958496,0.11517653,-6.716176,255781,2670510,19011,167246.4144501686,-1462.3513,-0.10146472,1.6763989,25.12637872619721
136164,712.7521,1400000,0.9977324,0.95147705,0.10964082,-5.121433,255861,2671310,19015,167256.52983903885,-1449.6447,-0.09711317,1.5583898,25.589259878852193
136187,704.3429,1400230,0.99771404,0.9490967,0.107734784,-5.8597565,255930,2672000,19019,167267.0301527977,-1443.643,-0.099837594,1.1275277,23.398952974142343
136214,712.608,1400500,0.99774766,0.9552002,0.09737946,-0.67462546,256009,2672790,19023,167277.35091114044,-1445.753,-0.08842081,1.1744213,25.067226763630277
136239,704.2459,1400750,0.9977455,0.95196533,0.105463706,-6.488822,256081,2673510,19027,167287.3515098095,-1452.281,-0.091392756,1.4444246,25.191660409468074
136265,691.8799,1401010,0.9977405,0.95318604,0.11549418,-7.678024,256160,2674300,19031,167298.44538402557,-1422.3853,-0.08184331,2.5450993,21.941841365583144
136292,729.5663,1401280,0.9977479,0.9517822,0.105158135,-6.997408,256230,2675000,19035,167309.41058564186,-1471.772,-0.09338162,1.1256948,22.29372791009539
136317,722.95984,1401530,0.9977312,0.95092773,0.10396978,-4.9215183,256308,2675780,19039,167319.98095059395,-1462.0302,-0.10053936,1.1609945,24.918439186663377
136343,705.55286,1401790,0.99777675,0.95373535,0.10660903,-3.529301,256383,2676530,19043,167330.53501057625,-1435.665,-0.08354671,1.9328028,24.824088614359802
136367,713.9353,1402030,0.9977505,0.9499512,0.109495476,-5.8976135,256451,2677210,19047,167340.88584375381,-1454.6227,-0.09121363,1.1734607,24.948752699249052
136393,697.03796,1402290,0.9977124,0.95007324,0.10533662,-6.355883,256519,2677890,19051,167351.1083137989,-1417.4614,-0.09655759,1.0388772,24.87909476524568
136418,724.844,1402540,0.99771047,0.9505615,0.11310193,-4.8144274,256602,2678720,19055,167361.41309523582,-1479.655,-0.10393336,1.4779122,22.743900648378208
136444,729.1393,1402800,0.99773645,0.9534912,0.10683395,-5.0416594,256681,2679510,19059,167372.45623135567,-1481.092,-0.10055317,1.4870733,25.31157039529584
136469,714.63513,1403050,0.9977679,0.9540405,0.11045191,-3.9734614,256747,2680170,19063,167382.90686678886,-1455.3003,-0.095643595,2.112131,25.228927065418407
136496,708.54236,1403320,0.9977298,0.9517212,0.1077885,-4.92208,256818,2680880,19067,167393.26531291008,-1443.6008,-0.09546773,1.3133258,25.214315067611746
136520,701.84735,1403560,0.9977243,0.94885254,0.12105644,-6.2411137,256893,2681630,19071,167403.4589293003,-1432.7822,-0.09271553,2.6627655,25.103672797581613
136547,674.0439,1403830,0.9976895,0.9456787,0.11186887,-0.40819523,256966,2682360,19075,167413.71112155914,-1382.952,-0.09673363,1.0222118,23.683954493286787
136573,696.5171,1404090,0.99769735,0.9465332,0.1173871,-0.39740878,257033,2683030,19079,167424.11041617393,-1427.2493,-0.10513861,1.3334831,25.137303372701478
136598,684.8596,1404340,0.9977555,0.95532227,0.099688515,-1.2164612,257113,2683830,19083,167434.6336324215,-1393.3344,-0.07973215,1.2522782,24.981762278929207
136625,706.02545,1404610,0.99774075,0.9526367,0.10499692,-0.74193656,257187,2684570,19087,167444.65422582626,-1445.6675,-0.09599535,1.3728259,25.774895245707256
136648,693.46826,1404840,0.99771357,0.947876,0.10797355,-2.0888467,257262,2685320,19091,167455.2006943226,-1403.4204,-0.09676123,1.1637412,23.17270822706358
136674,716.33435,1405100,0.9977386,0.9493408,0.11617871,-5.430789,257336,2686060,19095,167465.98174357414,-1462.2592,-0.08288442,2.0379128,24.359944509495538
136701,706.1798,1405370,0.99769783,0.9470215,0.11338841,-3.5518234,257410,2686800,19099,167477.33272361755,-1430.1042,-0.09443092,1.2601407,19.183158096939046
136727,693.97455,1405630,0.9977484,0.95562744,0.09669484,-5.727849,257488,2687580,19103,167487.76813054085,-1418.7485,-0.09509821,1.0323923,24.863021917878765
136751,684.3884,1405870,0.9976959,0.94525146,0.11399025,-4.7716827,257562,2688320,19107,167498.71385884285,-1390.9807,-0.098957986,1.1635046,20.86211450793285
136777,674.3532,1406130,0.9977312,0.9524536,0.111317545,-3.7682137,257639,2689090,19111,167509.87662267685,-1366.7616,-0.092925474,1.6425858,26.29976379386883
136802,705.1813,1406380,0.9977231,0.9472046,0.108573034,-14.104692,257716,2689860,19115,167520.34768867493,-1424.5359,-0.09786068,0.94797534,24.006363171161542
136828,681.9614,1406640,0.9977143,0.95007324,0.1079977,-7.1990156,257785,2690550,19119,167530.40706658363,-1394.3494,-0.09759579,1.284934,25.327251192860697
136854,717.30664,1406900,0.99772334,0.9505615,0.10864317,-8.6393175,257865,2691350,19123,167540.61963248253,-1450.0208,-0.102652445,1.1628897,25.3680677491214
136880,695.6935,1407160,0.99772,0.95129395,0.113492,-10.386138,257930,2692000,19127,167550.6390171051,-1415.1777,-0.1014718,1.6957384,25.38157692192773
136904,692.00146,1407400,0.99772096,0.951416,0.10767338,-8.749453,258009,2692790,19131,167561.02863264084,-1406.4266,-0.09623034,1.2182115,24.472806134970668
136931,701.19995,1407670,0.9977193,0.95410156,0.10909496,-7.6274424,258085,2693550,19135,167571.4453406334,-1434.4081,-0.100124925,1.4889526,23.989821937528173
136956,709.33044,1407920,0.9977267,0.9522705,0.10634005,-10.443291,258152,2694220,19139,167581.66227579117,-1434.8223,-0.097132154,1.2516506,25.073679793862542
136982,686.0724,1408180,0.99775743,0.95513916,0.10445537,-10.348871,258231,2695010,19143,167591.70763087273,-1391.8403,-0.0916586,1.3854568,25.525726372019133
137008,697.2831,1408440,0.99772453,0.95062256,0.10881049,-10.355747,258301,2695710,19147,167601.9864177704,-1424.0823,-0.09670472,0.9894734,25.300629708309263
137035,695.8905,1408710,0.9977069,0.94885254,0.11682883,-16.097343,258372,2696420,19151,167612.24175429344,-1420.6025,-0.104802504,1.731079,25.424601152158168
137058,697.08246,1408940,0.99769545,0.9482422,0.11764172,-9.849185,258447,2697170,19155,167622.66715621948,-1404.7817,-0.10367427,1.2608693,23.205962280077124
137084,694.4523,1409200,0.99774194,0.9484863,0.11282854,-15.275317,258521,2697910,19159,167633.57409405708,-1412.5339,-0.09689378,1.4424195,23.047519958499336
137110,691.69714,1409460,0.99769306,0.9481201,0.1140072,-16.015324,258592,2698620,19163,167644.26372504234,-1407.8926,-0.1005948,1.2143662,24.58022097483598
137135,707.57153,1409710,0.9977355,0.95184326,0.10974991,-14.464287,258663,2699330,19167,167654.595443964,-1441.3152,-0.09904158,1.2355318,24.084696591747793
137162,699.22034,1409980,0.9976456,0.94421387,0.12123856,-15.568907,258737,2700070,19171,167664.977339983,-1420.9287,-0.113678895,1.0695266,24.10032815750483
137187,708.4382,1410230,0.99769497,0.94781494,0.1180992,-14.223957,258809,2700790,19175,167675.56453204155,-1429.0424,-0.10071021,1.376331,23.020167428158523
137212,715.9769,1410480,0.99767566,0.94641113,0.13204709,-15.490764,258880,2701500,19179,167685.8255894184,-1435.2776,-0.1053008,2.6489756,25.085184538652435
137238,684.5398,1410740,0.9977422,0.95373535,0.10120775,-18.17759,258956,2702260,19183,167696.32495331764,-1397.0598,-0.09271351,0.7562182,25.27370718854435
137264,715.54266,1411000,0.99775743,0.9511719,0.10828154,-15.637339,259030,2703000,19187,167706.62492084503,-1476.7678,-0.08646631,1.0594013,25.390911254406404
137296,714.8501,1411320,0.99771285,0.94958496,0.11798391,-16.111866,259124,2703940,19192,167719.17678260803,-1447.8163,-0.10077074,1.4072456,25.015978290042643
137321,709.42786,1411570,0.9977112,0.9498291,0.10866799,-15.665358,259197,2704670,19196,167731.0128159523,-1446.0356,-0.10297546,0.9304907,21.934522658253552
137346,718.41144,1411820,0.99770904,0.9498291,0.11972672,-14.522673,259271,2705410,19200,167742.2030544281,-1460.5265,-0.100100756,1.5064486,22.462332739856027
137373,695.5608,1412090,0.9977002,0.94903564,0.11958196,-14.572056,259346,2706160,19204,167753.68583202362,-1422.4985,-0.10944311,1.5281478,21.359945604582073
137398,712.34894,1412340,0.9976678,0.9417114,0.12652543,-16.01273,259422,2706920,19208,167765.2428367138,-1445.2135,-0.11064641,0.9882032,18.02812324691432
137425,713.8008,1412610,0.99768925,0.9448242,0.122414626,-15.944945,259513,2707830,19212,167778.41781067848,-1458.5559,-0.10996777,1.2148404,15.084459624814075
137449,722.6727,1412850,0.9976833,0.9425659,0.127577,-17.527742,259591,2708610,19216,167791.41846179962,-1461.1797,-0.10841282,1.3024006,17.319404280863502
137473,731.54,1413090,0.9976933,0.94573975,0.12747021,-14.644999,259668,2709380,19220,167803.27755975723,-1498.4668,-0.11849874,1.6098139,22.146763984052807
137502,723.49854,1413380,0.9977081,0.9492798,0.11540544,-15.359125,259749,2710190,19224,167814.76278543472,-1473.8086,-0.10336976,0.9811926,22.349538410609867
137528,724.6964,1413640,0.9976952,0.95111084,0.12366204,-15.312446,259821,2710910,19228,167825.05841565132,-1495.021,-0.096820556,2.2315784,23.89131280108846
137552,730.13257,1413880,0.99769425,0.94714355,0.12347627,-14.711365,259902,2711720,19232,167835.3267917633,-1498.9424,-0.10386443,1.2316837,25.58906717100848
137577,755.82275,1414130,0.99769187,0.9533081,0.12444974,-15.61812,259978,2712480,19236,167845.50152611732,-1533.2977,-0.10086423,2.3095605,25.210197098167413
137604,759.2313,1414400,0.9976859,0.94647217,0.12737975,-15.729073,260041,2713110,19240,167855.59811329842,-1534.4395,-0.10902694,1.4141483,25.02194546775303
137628,719.14813,1414640,0.9976983,0.9492798,0.11794378,-15.814537,260116,2713860,19244,167866.24618196487,-1466.4863,-0.11499679,1.4070436,21.618838699825993
137653,722.7025,1414890,0.99767566,0.94732666,0.12161103,-14.631238,260187,2714570,19248,167876.45070815086,-1469.5859,-0.109486535,1.1084685,24.76361719877272
137680,717.34076,1415160,0.9976835,0.9473877,0.12471765,-16.698507,260262,2715320,19252,167886.74687194824,-1465.2681,-0.117061615,1.6448112,24.737223008955738
137705,732.33746,1415410,0.99772024,0.951416,0.116746426,-16.83785,260331,2716010,19256,167897.29767894745,-1496.6472,-0.09869644,1.4180913,24.95000721725844
137732,705.1857,1415680,0.99769545,0.94799805,0.1293315,-18.54367,260412,2716820,19260,167910.0011627674,-1443.1094,-0.109981276,2.187202,18.82152935017016
137757,727.3494,1415930,0.99769616,0.9505615,0.11643934,-18.004902,260489,2717590,19264,167920.76760458946,-1488.2236,-0.09516245,1.4100521,25.665810838318812
137781,731.9994,1416170,0.997715,0.947876,0.1136785,-19.073029,260561,2718310,19268,167931.07719492912,-1490.8835,-0.10037789,0.94581944,24.293318093190216
137808,718.9204,1416440,0.9977019,0.94763184,0.11797081,-19.076763,260636,2719060,19272,167941.3096795082,-1476.8159,-0.10447158,1.2769506,25.08133126530002
137834,728.1264,1416700,0.9977155,0.9476929,0.124690324,-19.291744,260713,2719830,19276,167951.47908473015,-1493.1914,-0.10765976,2.0176995,24.981715780803047
137859,724.72046,1416950,0.9976945,0.9475708,0.1269775,-19.115921,260778,2720480,19280,167961.97512984276,-1491.1276,-0.110669486,2.1753101,23.691732545078292
137884,729.75446,1417200,0.99770284,0.9487915,0.12056282,-19.292065,260850,2721200,19284,167972.06006097794,-1507.3109,-0.10377824,1.2188336,25.422152384726147
137910,716.8129,1417460,0.9976845,0.9466553,0.13408208,-18.943117,260923,2721930,19288,167982.24616360664,-1470.189,-0.11408889,2.511442,25.15421847245227
137937,723.04285,1417730,0.99765134,0.9406128,0.13153398,-18.600157,260994,2722640,19292,167992.42346191406,-1484.3188,-0.116597146,1.2972245,24.954077733026264
137962,726.23004,1417980,0.9976661,0.9466553,0.12453783,-18.089073,261071,2723410,19296,168002.77771496773,-1511.4282,-0.114028,1.6990945,25.40288691606155
137986,721.1709,1418220,0.99771285,0.9534302,0.11543898,-21.294395,261138,2724080,19300,168012.8307273388,-1488.6602,-0.10043942,1.4941133,25.683904471174248
138012,714.6885,1418480,0.997689,0.9451294,0.122267544,-20.05933,261212,2724820,19304,168023.19330525398,-1486.3546,-0.11377886,1.1382318,24.91743532463622
138036,725.5676,1418720,0.99771404,0.94873047,0.12138352,-20.057743,261284,2725540,19308,168033.56926608086,-1499.6095,-0.101662345,1.486331,24.914364101695465
138064,740.7846,1419000,0.9977045,0.9493408,0.118024826,-22.22366,261370,2726400,19312,168045.2031595707,-1519.1755,-0.10677527,1.2555063,23.644072296207355
138088,745.0281,1419240,0.9977007,0.94329834,0.13193986,-21.345442,261433,2727030,19316,168055.5451643467,-1529.0786,-0.10499254,1.9374458,23.54895496015059
138114,733.2614,1419500,0.9977033,0.947876,0.12639864,-19.850288,261508,2727780,19320,168065.82450985909,-1508.7098,-0.10717514,1.7465174,24.9558408756521
138141,733.00037,1419770,0.99768233,0.9520874,0.11051278,-21.948181,261588,2728580,19324,168076.07417106628,-1506.1189,-0.10354246,1.0837499,24.589089968426794
138166,728.0237,1420020,0.9976988,0.9482422,0.11624791,-19.639915,261663,2729330,19328,168087.01293373108,-1505.578,-0.10203378,1.0605657,23.349328003941373
138192,729.2632,1420280,0.99768424,0.9493408,0.13780776,-20.010933,261740,2730100,19332,168097.39352345467,-1512.5651,-0.100027636,3.095559,25.255202952473898
138218,731.1704,1420540,0.99770474,0.954895,0.11396037,-20.090763,261818,2730880,19336,168107.5861606598,-1520.8901,-0.09812592,1.6345407,25.88974412564165
138243,729.2792,1420790,0.9976797,0.9472656,0.12550911,-19.239855,261889,2731590,19340,168117.95028972626,-1517.9587,-0.11066334,1.8193336,24.66672670193555
138269,723.02673,1421050,0.9977317,0.9546509,0.12781471,-19.568636,261961,2732310,19344,168128.0741443634,-1496.1965,-0.09573664,2.7183564,26.127147065605225
138294,724.4542,1421300,0.9977131,0.94866943,0.116329975,-17.037125,262039,2733090,19348,168138.21350431442,-1519.28,-0.10707788,1.2281077,25.13752935406862
138319,723.8364,1421550,0.99769354,0.94628906,0.12583674,-19.631767,262109,2733790,19352,168148.32340550423,-1513.2412,-0.10564065,1.6683406,25.477135487809417
138345,702.55396,1421810,0.99774504,0.9546509,0.11088844,-19.169472,262183,2734530,19356,168158.68605422974,-1461.6835,-0.097742066,1.4616258,23.625726390728108
138371,711.7403,1422070,0.99769163,0.9500122,0.12867148,-19.266815,262254,2735240,19360,168168.83796167374,-1494.7004,-0.10702956,2.4913602,25.044358859531272
138398,699.5366,1422340,0.99770665,0.95306396,0.11237688,-17.072147,262339,2736090,19364,168180.37518572807,-1465.1152,-0.10817934,1.2760649,24.758610620354627
138418,743.3922,1422540,0.99774337,0.95306396,0.10850148,-19.751402,262393,2736630,19367,168190.55454587936,-1537.7583,-0.103797205,1.2703698,15.272770761582175
138441,741.23535,1422770,0.9977367,0.95288086,0.107252136,-16.626976,262480,2737500,19371,168201.96613788605,-1536.8438,-0.09253307,1.1759148,24.16833778911967
138466,720.8274,1423020,0.9977219,0.9489136,0.115888834,-20.03166,262549,2738190,19375,168212.9812014103,-1508.2556,-0.104280934,1.1488632,24.431279265425534
138493,714.9136,1423290,0.9977186,0.94854736,0.11185627,-19.905952,262618,2738880,19379,168224.1518599987,-1483.9556,-0.097996555,1.0620677,20.741217942090813
138519,723.5663,1423550,0.997746,0.9525757,0.1092112,-19.945576,262699,2739690,19383,168234.90549373627,-1501.1941,-0.084973276,1.1530774,23.881206158331057
138543,713.2168,1423790,0.99773526,0.95202637,0.108743444,-19.591768,262766,2740360,19387,168245.6437458992,-1474.721,-0.09525779,0.9979677,23.971732095016968
138569,738.261,1424050,0.9977145,0.95043945,0.11167437,-17.814194,262838,2741080,19391,168256.21499228477,-1529.6633,-0.109899886,1.0921977,22.78323772399037
138596,724.5302,1424320,0.99770284,0.9487915,0.109652504,-17.972544,262911,2741810,19395,168267.00898480415,-1499.0525,-0.10162926,1.0827168,25.004625431002683
138619,721.2135,1424550,0.9976883,0.947876,0.118903585,-14.576439,262991,2742610,19399,168277.2204697132,-1497.2982,-0.114010975,1.3179853,24.65653781775659
138647,728.475,1424830,0.9977133,0.95007324,0.10711278,-17.025105,263065,2743350,19403,168287.44575285912,-1503.892,-0.08954045,0.8571845,25.762193005893426
138671,715.6871,1425070,0.99773574,0.95373535,0.10711528,-17.178629,263130,2744000,19407,168297.98182535172,-1477.851,-0.09196088,1.4020478,24.906502169381557
138698,724.42334,1425340,0.99773836,0.9544678,0.10623371,-14.701703,263202,2744720,19411,168308.11115098,-1484.5856,-0.09219317,1.4280976,26.020947973799085
138723,714.93884,1425590,0.9977355,0.95129395,0.11758491,-15.4174795,263280,2745500,19415,168318.2500925064,-1466.5697,-0.0968914,2.3810468,25.34699561160199
138748,702.5281,1425840,0.9977813,0.9559326,0.098711744,-17.290047,263346,2746160,19419,168328.5865497589,-1447.962,-0.08289582,1.0474482,25.457187879578747
138773,726.5956,1426090,0.99773455,0.95373535,0.107492015,-15.310473,263422,2746920,19423,168338.81960964203,-1495.8445,-0.10633987,1.0543431,24.079759858547405
138801,707.2771,1426370,0.9977598,0.95129395,0.10506496,-15.485603,263501,2747710,19427,168349.63938307762,-1450.0754,-0.09140648,1.1584055,24.326823776891228
138826,694.1393,1426620,0.9977174,0.9484253,0.10757406,-14.4522,263570,2748400,19431,168360.37273430824,-1434.0186,-0.10233858,0.98705083,24.37108888425661
138850,722.5155,1426860,0.9977157,0.95166016,0.11413704,-14.81925,263641,2749110,19435,168370.513982296,-1456.0564,-0.102119334,1.8381531,25.200637893730253
138877,706.1915,1427130,0.9977739,0.95288086,0.104155935,-16.112654,263716,2749860,19439,168380.74675798416,-1454.9653,-0.08806932,1.3084476,24.5394933099404
138902,708.397,1427380,0.99773884,0.95526123,0.09935461,-13.306857,263801,2750710,19443,168392.12344908714,-1450.9431,-0.08703567,1.1281931,23.76955713175822
138927,695.7791,1427630,0.9977484,0.95391846,0.101839185,-12.898949,263870,2751400,19447,168402.42298555374,-1418.6487,-0.09146328,0.9585842,24.86047981797568
138954,730.7221,1427900,0.99773836,0.9515381,0.112613395,-13.352716,263947,2752170,19451,168412.7608447075,-1472.0938,-0.10092679,1.1743422,24.978654260131165
138978,699.1226,1428140,0.99774194,0.9515991,0.111836314,-13.000662,264021,2752910,19455,168423.47674560547,-1430.9338,-0.0961016,1.5606899,24.037751119456946
139005,724.8036,1428410,0.99772716,0.9538574,0.10460084,-11.2814045,264101,2753710,19459,168433.6490623951,-1473.1941,-0.09758586,1.224127,25.428791877957163
139029,718.2646,1428650,0.9976926,0.94610596,0.113250524,-14.960242,264167,2754370,19463,168443.89629387856,-1468.085,-0.106889285,1.0103575,25.0238861716451
139055,726.8009,1428910,0.9977298,0.95062256,0.11101134,-11.540606,264238,2755080,19467,168453.96757483482,-1469.6099,-0.096078165,1.0758011,25.057939391133292
139080,721.1867,1429160,0.9977298,0.94836426,0.11412628,-12.40354,264317,2755870,19471,168464.11514234543,-1470.3015,-0.100929916,1.1737723,25.05656640821239
139107,730.96875,1429430,0.99775267,0.9556885,0.102636255,-12.077753,264395,2756650,19475,168474.690918684,-1488.8289,-0.08939703,1.0434997,24.17093835775125
139132,733.71545,1429680,0.9977181,0.95251465,0.11061923,-12.564277,264469,2757390,19479,168485.33241820335,-1487.3127,-0.10270266,1.3907368,23.23406605895047
139159,722.6118,1429950,0.9977212,0.9512329,0.111620754,-13.593459,264541,2758110,19483,168495.8913655281,-1478.6362,-0.091035396,1.4248558,25.63069594189055
139183,735.4587,1430190,0.99769616,0.94970703,0.1187339,-13.403622,264614,2758840,19487,168506.5786049366,-1510.3608,-0.121537,1.775392,23.838480989546376
139210,703.1288,1430460,0.9977517,0.9539795,0.11899205,-13.243992,264686,2759560,19491,168517.13562083244,-1443.5076,-0.084577754,2.8403487,24.314867465243573
139235,715.1293,1430710,0.9977157,0.9539795,0.10734548,-13.359957,264758,2760280,19495,168527.57666516304,-1458.6951,-0.0986948,1.3340125,24.293406034991822
139260,724.347,1430960,0.9977205,0.9512329,0.10646774,-13.264282,264836,2761060,19499,168537.9488182068,-1492.5535,-0.0977976,0.8746002,25.280314594750468
139286,724.9579,1431220,0.99773765,0.9520874,0.10962125,-13.997928,264907,2761770,19503,168548.13107919693,-1487.5503,-0.10494806,1.2851907,25.462348162622966
139311,727.88904,1431470,0.99772143,0.95269775,0.1115409,-13.386454,264976,2762460,19507,168558.72975969315,-1474.6035,-0.100595,1.2404563,25.207540904726017
139337,721.9286,1431730,0.9976876,0.94781494,0.111604795,-13.805447,265046,2763160,19511,168568.89485502243,-1482.363,-0.09983587,1.2256169,25.10691298245975
139364,702.50574,1432000,0.9977186,0.9523926,0.10677967,-16.330952,265116,2763860,19515,168579.48215651512,-1437.5469,-0.09355202,1.1167898,23.73332430336554
139388,721.5199,1432240,0.99773,0.951355,0.10897003,-18.252455,265193,2764630,19519,168590.20926094055,-1483.242,-0.09297506,1.0562779,24.37213771889127
139414,726.4311,1432500,0.9976723,0.9484253,0.108550325,-17.175102,265265,2765350,19523,168600.92283773422,-1492.8492,-0.10851938,0.94726,23.63781159330828
139439,733.2997,1432750,0.9977329,0.9536743,0.10472128,-16.280405,265335,2766050,19527,168611.43851065636,-1486.321,-0.09953372,1.2614536,23.59709502219803
139466,725.8318,1433020,0.9977238,0.94885254,0.11130236,-18.601133,265415,2766850,19531,168622.38580965996,-1478.1753,-0.09741159,1.0181644,23.964560703436575
139490,726.85425,1433260,0.997735,0.9526367,0.114859045,-15.939473,265495,2767650,19535,168635.4320142269,-1495.669,-0.09478466,1.9040118,19.042401272976704
139516,721.4544,1433520,0.9977286,0.9550781,0.09939316,-18.339043,265577,2768470,19539,168648.65378284454,-1483.365,-0.086204916,1.0434532,19.133008305223264
139543,721.69763,1433790,0.9977002,0.9489746,0.11317014,-18.41948,265652,2769220,19543,168660.26357984543,-1478.2994,-0.107450835,1.2877183,21.51079909435791
139566,714.3225,1434020,0.9977205,0.94866943,0.114987224,-17.852646,265728,2769980,19547,168672.56514644623,-1459.2812,-0.110442206,1.5464742,21.578985294625983
139593,710.2768,1434290,0.9976816,0.9477539,0.113852695,-16.300924,265808,2770780,19551,168683.57532215118,-1451.6733,-0.10788642,1.3923558,25.45919910286197
139620,735.7352,1434560,0.9977193,0.9503784,0.116587326,-20.529045,265885,2771550,19555,168695.01206588745,-1497.5428,-0.103046976,1.4773628,23.392770427496085
139644,714.31274,1434800,0.99770594,0.95062256,0.11564869,-17.801384,265959,2772290,19559,168705.89239645004,-1469.6661,-0.10442504,1.5916113,23.946382887769992
139671,720.59814,1435070,0.9977257,0.95196533,0.11241158,-18.525768,266038,2773080,19563,168716.69873404503,-1474.4026,-0.09529114,1.8470739,23.553841761201557
139695,717.5942,1435310,0.9977298,0.95111084,0.10922888,-18.538507,266109,2773790,19567,168727.54687929153,-1462.0415,-0.09773767,0.9859277,23.39985452861623
139721,719.0665,1435570,0.99773693,0.9522095,0.10888632,-18.720379,266197,2774670,19571,168740.23151159286,-1457.793,-0.097630754,1.1364055,18.569575831859343
139740,706.71924,1435760,0.9977088,0.9493408,0.11396626,-17.887558,266259,2775290,19574,168750.4342031479,-1447.2515,-0.09834319,1.3948593,19.772492861960636
139759,731.4369,1435950,0.99775624,0.9536133,0.104977846,-20.08252,266333,2776030,19577,168760.53645968437,-1484.3406,-0.09135626,1.063413,19.357476937610308
139786,725.38586,1436220,0.99771523,0.9501953,0.11144368,-17.564888,266414,2776840,19581,168773.2962322235,-1482.7847,-0.099227175,1.1278381,20.894624516992387
139810,735.7442,1436460,0.9977431,0.954895,0.0986086,-18.002144,266487,2777570,19585,168783.8909626007,-1493.9103,-0.09462929,0.9559546,24.051548095980955
139837,692.4128,1436730,0.9977708,0.9550781,0.098345384,-18.431656,266565,2778350,19589,168794.2764661312,-1426.5309,-0.084600285,0.9607586,25.42648921624485
139862,716.1796,1436980,0.9977002,0.95111084,0.11218998,-18.534742,266632,2779020,19593,168804.64321827888,-1468.2983,-0.087636165,1.5999802,23.94472318284314
139887,705.65405,1437230,0.9977355,0.9536743,0.10088738,-17.099442,266701,2779710,19597,168814.9415667057,-1436.0188,-0.094514266,0.7924541,24.549576690054884
139912,712.9989,1437480,0.99773526,0.9505005,0.11084661,-17.871452,266775,2780450,19601,168825.69232964516,-1455.912,-0.10143392,1.5634472,23.179539556609107
139938,721.6699,1437740,0.99777126,0.95428467,0.10238061,-15.969629,266853,2781230,19605,168836.6646733284,-1477.4799,-0.08339091,1.4763212,23.27855380533704
139965,704.87,1438010,0.99771976,0.9454346,0.110131904,-18.641964,266922,2781920,19609,168847.56323719025,-1429.8876,-0.109887004,0.96312726,23.017840157070008
139989,699.62195,1438250,0.9977391,0.9525757,0.110001445,-17.817635,267002,2782720,19613,168857.84695506096,-1433.0371,-0.09935583,1.4809475,25.033561524581266
140015,698.8529,1438510,0.99773765,0.95202637,0.10575141,-20.52213,267075,2783450,19617,168868.0631725788,-1448.0328,-0.09366001,1.4843416,25.224614694159996
140041,715.2625,1438770,0.9977031,0.9498291,0.11993709,-19.642185,267144,2784140,19621,168878.41450166702,-1461.6781,-0.09788567,2.441678,24.149197860433375
140067,720.37067,1439030,0.99775887,0.95684814,0.09447071,-17.96122,267225,2784950,19625,168888.93584942818,-1472.9678,-0.08395904,0.86043644,24.577783629439416
140093,733.1969,1439290,0.9977164,0.94854736,0.10948856,-17.564133,267290,2785600,19629,168899.18543052673,-1471.0594,-0.10762265,1.0888033,24.212274272237195
140117,704.92725,1439530,0.9977033,0.94573975,0.11192793,-18.599579,267371,2786410,19633,168909.4679529667,-1446.9109,-0.09738073,1.0117921,24.604305313030558
140143,722.32043,1439790,0.99773216,0.95092773,0.11170389,-18.930624,267438,2787080,19637,168919.75505375862,-1453.6885,-0.10140428,1.5974592,24.659887869286784
140169,727.9008,1440050,0.99770355,0.94976807,0.110929295,-17.575386,267512,2787820,19641,168930.28784751892,-1477.9543,-0.10263051,1.2040496,23.213194629466816
140196,723.90015,1440320,0.9976952,0.9491577,0.112093985,-8.026409,267581,2788510,19645,168940.43242383003,-1469.5818,-0.10052435,1.3450832,25.316363801664757
140220,727.69165,1440560,0.99775743,0.95288086,0.09995485,-9.519951,267659,2789290,19649,168950.98878240585,-1472.5371,-0.09106793,0.8101603,24.820907243372634
140245,739.10596,1440810,0.99774456,0.9537964,0.102972396,-10.001961,267730,2790000,19653,168961.1458377838,-1505.6447,-0.08964979,1.0243657,24.662409502336235
140271,719.88367,1441070,0.99775696,0.95721436,0.09502581,-8.706491,267809,2790790,19657,168972.22041082382,-1476.3296,-0.10102414,1.0472457,23.2699573125501
140298,741.16077,1441340,0.99776363,0.9550781,0.100975074,-10.396499,267885,2791550,19661,168983.31168150902,-1505.0775,-0.080281526,1.8095789,23.978173097399267
140323,714.20984,1441590,0.9977386,0.9534302,0.09944804,-12.154591,267954,2792240,19665,168994.2084028721,-1465.5928,-0.088264726,0.9034313,23.88770275947504
140348,708.91187,1441840,0.9977591,0.956604,0.09852361,-21.12526,268027,2792970,19669,169004.69713449478,-1446.6494,-0.083753146,1.2576561,24.960217329773158
140374,720.1136,1442100,0.9977455,0.9543457,0.10200041,-20.61525,268106,2793760,19673,169016.35090374947,-1463.8043,-0.0869279,1.1778129,20.07905014402048
140400,710.5619,1442360,0.9977379,0.9515381,0.107535854,-19.82071,268178,2794480,19677,169027.2021894455,-1441.627,-0.102379166,1.2146385,21.165780525811865
140426,702.1913,1442620,0.99772,0.9537964,0.09851785,-20.020947,268255,2795250,19681,169037.79766440392,-1428.8395,-0.09581086,0.82974553,25.22722707069006
140450,708.34894,1442860,0.9977703,0.9580078,0.09780769,-18.851665,268324,2795940,19685,169048.38026428223,-1441.8877,-0.08357003,1.1213524,22.876275552488366
140477,732.2091,1443130,0.9977112,0.9526367,0.1105816,-18.727219,268391,2796610,19689,169058.8180525303,-1489.7551,-0.09612477,1.6837273,24.748450660283318
140496,728.92676,1443320,0.9977155,0.9487915,0.110256694,-17.554178,268456,2797260,19692,169069.08720970154,-1480.2849,-0.09020929,1.0513014,19.87234783800905
140513,718.1925,1443490,0.99768853,0.9421997,0.12809752,-18.967422,268523,2797930,19695,169079.35793852806,-1454.433,-0.11016673,1.8005244,17.701868685309996
140541,732.5282,1443770,0.99774504,0.9550171,0.10248363,-19.698387,268607,2798770,19699,169091.15189743042,-1474.4822,-0.09409339,1.0070655,23.60320342148487
140566,734.66235,1444020,0.99767995,0.95062256,0.114384204,-20.07322,268672,2799420,19703,169101.44440937042,-1491.6405,-0.09157246,1.4216745,25.4081526680621
140591,731.4607,1444270,0.9976866,0.9458618,0.1150749,-18.511269,268743,2800130,19707,169111.62542891502,-1481.0492,-0.10828102,0.84225374,25.630196709647272
140617,711.2833,1444530,0.99772286,0.9555664,0.10899747,-15.997978,268822,2800920,19711,169122.14880514145,-1440.306,-0.092677124,1.8052479,24.24674360648867
140643,728.6356,1444790,0.997679,0.9522095,0.108163446,-21.838902,268898,2801680,19715,169132.34839725494,-1485.1758,-0.10236096,1.0721648,24.7384609032806
140668,740.76184,1445040,0.99771404,0.9515991,0.113391146,-20.60638,268975,2802450,19719,169144.09739160538,-1497.3015,-0.1099988,1.3018539,22.947182801802363
140694,731.0525,1445300,0.9976759,0.9458008,0.119233534,-18.029097,269043,2803130,19723,169155.1216173172,-1488.2382,-0.098444015,1.0754569,24.476144382153812
140719,745.9665,1445550,0.9976859,0.94781494,0.11579599,-20.763111,269116,2803860,19727,169165.28635072708,-1533.8398,-0.10997449,1.0731978,24.57256173109323
140745,735.7739,1445810,0.99772286,0.9519043,0.10975789,-18.56287,269191,2804610,19731,169175.63883590698,-1505.3448,-0.097051404,1.0042193,24.687770021307404
140771,746.7339,1446070,0.99772644,0.95202637,0.11754372,-19.215631,269267,2805370,19735,169187.44958114624,-1506.427,-0.09422125,1.9611515,18.877889758824615
140798,727.4934,1446340,0.9976785,0.9451294,0.11652292,-19.801937,269337,2806070,19739,169198.40875601768,-1497.1526,-0.104963206,0.9373227,24.875242302342542
140823,722.79156,1446590,0.99766684,0.9508667,0.111402825,-19.384953,269410,2806800,19743,169208.8229663372,-1483.5143,-0.11198416,1.20719,25.021765874558334
140847,747.76483,1446830,0.9976852,0.9501953,0.1142718,-19.172867,269485,2807550,19747,169219.17625808716,-1533.5857,-0.11227868,1.1187345,25.3096039051596
140873,732.0314,1447090,0.9976871,0.9470215,0.13706541,-17.052948,269557,2808270,19751,169229.41904306412,-1482.2786,-0.11810205,2.800962,25.076895841774103
140900,736.77655,1447360,0.9977319,0.9515991,0.10866756,-20.530333,269627,2808970,19755,169239.69878721237,-1516.2805,-0.10208128,0.9518662,25.311525048028027
140925,725.9981,1447610,0.99766684,0.9475708,0.118330374,-19.035276,269699,2809690,19759,169249.92019963264,-1502.8306,-0.109229505,0.9392271,24.919697598008323
140949,727.77014,1447850,0.9976938,0.94866943,0.11542968,-17.126293,269771,2810410,19763,169260.4094555378,-1485.5597,-0.106081344,1.0946172,24.341301215281163
140977,708.2512,1448130,0.997699,0.9473877,0.12018155,-17.345325,269841,2811110,19767,169270.57427048683,-1458.6755,-0.10521053,1.2832654,25.17534185267918
141002,734.7709,1448380,0.99772644,0.9499512,0.11545674,-18.384077,269918,2811880,19771,169281.07485961914,-1517.9602,-0.095704556,1.4177818,24.734198326220888
141028,755.37305,1448640,0.99772835,0.9527588,0.10757344,-16.68162,269991,2812610,19775,169291.79621577263,-1537.6431,-0.08898248,1.2601545,21.03841723593122
141052,761.0589,1448880,0.99773145,0.95422363,0.107849374,-19.083786,270062,2813320,19779,169302.0664308071,-1547.2932,-0.09879249,1.2259985,24.724033338773623
141077,727.4907,1449130,0.997694,0.94940186,0.12404683,-19.492432,270145,2814150,19783,169312.38326883316,-1493.5153,-0.109011814,1.6745858,24.38333312289893
141105,774.605,1449410,0.9976983,0.9511719,0.12943843,-18.665829,270221,2814910,19787,169322.78995490074,-1563.1785,-0.11285741,2.8773189,25.795299437238977
141128,723.3796,1449640,0.9976959,0.9481201,0.117424466,-20.460674,270300,2815700,19791,169333.1940293312,-1492.3899,-0.1071123,1.2491891,24.32396694334696
141156,744.3792,1449920,0.99769664,0.9491577,0.11403546,-18.588318,270372,2816420,19795,169343.72888755798,-1542.1611,-0.10492595,1.1307956,23.491365350647204
141180,719.96594,1450160,0.99772024,0.95495605,0.10477053,-21.377638,270448,2817180,19799,169353.97786092758,-1478.6272,-0.102688335,0.9411089,24.994886315757128
141205,728.82587,1450410,0.99773717,0.95391846,0.10801881,-20.39319,270523,2817930,19803,169364.12249541283,-1510.8472,-0.09690976,1.1270287,24.747122789439942
141233,728.25134,1450690,0.9976728,0.9468994,0.12211385,-20.236996,270595,2818650,19807,169374.29163217545,-1499.1567,-0.124190345,1.3710761,26.14094751145049
141256,741.1121,1450920,0.99773884,0.9503174,0.110474244,-20.543766,270668,2819380,19811,169385.1883327961,-1537.1663,-0.10425535,1.093843,22.681325114044366
141282,731.93445,1451180,0.9976742,0.9439087,0.1249892,-20.51551,270746,2820160,19815,169395.50521302223,-1524.4216,-0.11418729,0.9871466,25.092310587191882
141314,717.8004,1451500,0.9976921,0.94714355,0.12119062,-18.904465,270833,2821030,19820,169408.1238901615,-1502.8817,-0.10866704,1.4813702,22.795275615291366
141341,711.304,1451770,0.9977009,0.9482422,0.11990155,-20.15128,270909,2821790,19824,169418.52860283852,-1463.8042,-0.10677287,1.1950262,25.338458879480097
141366,741.24817,1452020,0.99770355,0.95214844,0.11231409,-19.465847,270977,2822470,19828,169428.75168943405,-1537.4458,-0.09539134,1.334347,24.65991052317303
141391,733.9651,1452270,0.99773693,0.95440674,0.10509044,-19.410828,271058,2823280,19832,169439.2482111454,-1507.4963,-0.097678326,1.1724274,22.57990421799818
141417,731.3549,1452530,0.9976928,0.9494629,0.11549182,-21.005598,271126,2823960,19836,169449.38020062447,-1513.9697,-0.101561636,1.3807691,26.051572583157494
141442,705.48944,1452780,0.9977381,0.9538574,0.105804026,-20.765444,271195,2824650,19840,169459.56818413734,-1467.4779,-0.088578835,0.8348526,24.651513314834283
141469,747.9248,1453050,0.99767876,0.9487915,0.13405533,-19.5432,271262,2825320,19844,169469.69746255875,-1552.3457,-0.1076841,2.2413363,25.218242481207422
141494,707.7135,1453300,0.99769425,0.9498291,0.11528877,-19.186813,271335,2826050,19848,169480.26444292068,-1476.8818,-0.10715087,1.2166232,25.290787361025036
141520,739.5665,1453560,0.99771667,0.9472656,0.11819092,-21.14225,271407,2826770,19852,169490.51908016205,-1536.4075,-0.10245889,1.2434697,23.687603542364414
141546,724.7819,1453820,0.9976852,0.9468384,0.13006902,-20.057789,271479,2827490,19856,169502.23352980614,-1512.4742,-0.12376414,2.1498477,22.227198705362166
141577,707.9033,1454130,0.99771094,0.9525757,0.10893835,-18.555925,271576,2828460,19861,169514.1821756363,-1488.3754,-0.098258466,0.7409593,26.378630157070678
141610,722.5015,1454460,0.99772,0.9503784,0.117145084,-20.57827,271671,2829410,19866,169526.1792371273,-1502.1168,-0.10432008,1.3449738,26.671005531018732
141641,707.02313,1454770,0.9977174,0.9503174,0.11543436,-20.460026,271761,2830310,19871,169538.05167984962,-1477.9095,-0.094295144,1.3924508,27.05149585896705
141674,706.6929,1455100,0.9976971,0.94537354,0.12507439,-18.996542,271853,2831230,19876,169550.11062836647,-1496.9058,-0.104867,1.7123283,26.961374896711096
141705,710.4743,1455410,0.99772596,0.95355225,0.10742338,-19.28603,271948,2832180,19881,169561.8906095028,-1492.0771,-0.10589236,1.0873499,26.055615956782123
141738,702.23157,1455740,0.99770164,0.95166016,0.119253054,-17.489513,272031,2833010,19886,169573.7763478756,-1483.6355,-0.09988865,1.9461734,27.489291037913418
141769,739.6349,1456050,0.99766946,0.9484863,0.12061506,-19.14109,272127,2833970,19891,169585.617821455,-1540.405,-0.11284885,1.5014248,27.34776175299227
141802,731.0925,1456380,0.99771,0.94744873,0.12323651,-19.155054,272222,2834920,19896,169597.78509402275,-1532.4849,-0.11167206,1.8668315,26.61498673987267
141832,709.8832,1456680,0.9976957,0.9486084,0.12155631,-17.25223,272312,2835820,19901,169610.02277612686,-1487.0918,-0.11028432,1.483554,24.77509291278584
141866,720.239,1457020,0.99770737,0.94763184,0.11683457,-17.451714,272405,2836750,19906,169621.93422865868,-1504.6611,-0.09519014,1.1719167,25.644829342063908
141896,724.03577,1457320,0.99770117,0.94525146,0.12594032,-16.849415,272496,2837660,19911,169633.6586046219,-1502.6985,-0.11174278,1.7343974,26.976642961041186
141930,719.93024,1457660,0.99774146,0.95318604,0.11194617,-16.465178,272584,2838540,19916,169645.48733735085,-1492.8966,-0.08932496,2.167473,27.614012445444068
141961,713.7472,1457970,0.99772644,0.95196533,0.109611064,-16.213625,272674,2839440,19921,169657.2600250244,-1469.0916,-0.09122285,0.8688289,27.245349110542637
141993,725.5425,1458290,0.99769664,0.95111084,0.11352618,-15.350554,272762,2840320,19926,169669.21965694427,-1504.3225,-0.11218062,1.0258783,25.001134495509007
142025,723.6417,1458610,0.99773455,0.9505005,0.113012,-15.10988,272854,2841240,19931,169681.11836647987,-1509.5435,-0.09632307,1.2627178,26.76822516802222
142057,731.4701,1458930,0.9977875,0.9567871,0.099518694,-14.349211,272946,2842160,19936,169692.91431736946,-1510.6038,-0.086616255,1.104821,27.553732021357686
142089,723.4794,1459250,0.99769235,0.95080566,0.1196626,-15.668728,273036,2843060,19941,169704.72495436668,-1488.0876,-0.10679817,1.4717152,28.263090404990074
142115,739.3697,1459510,0.9977169,0.9472046,0.12066962,-14.128155,273124,2843940,19945,169717.3214123249,-1535.324,-0.110108815,1.443921,17.33762212722093
142139,721.62646,1459750,0.99772024,0.94866943,0.11761166,-13.380018,273197,2844670,19949,169729.27221870422,-1469.8872,-0.10758973,1.4368634,21.342041177702452
142167,720.71387,1460030,0.99769855,0.94836426,0.124983534,-9.571516,273277,2845470,19953,169740.96343278885,-1487.7089,-0.102399476,1.8083279,20.674079753360925
142191,729.2742,1460270,0.9977107,0.94506836,0.12259129,-8.668922,273355,2846250,19957,169752.9180943966,-1502.48,-0.10393288,1.1535623,24.160913471521386
142217,721.16345,1460530,0.9977076,0.9495239,0.11355201,-11.521182,273427,2846970,19961,169763.21239495277,-1491.8441,-0.10065288,1.0933106,25.733480453670037
142243,713.25543,1460790,0.9977021,0.9522095,0.108645216,-9.491232,273503,2847730,19965,169775.1152305603,-1466.6002,-0.10292366,0.8634614,23.786286996459022
142268,728.99066,1461040,0.99771404,0.9490967,0.11959725,-9.965729,273583,2848530,19969,169787.0127644539,-1480.5146,-0.09606538,1.5084724,20.953217037523707
142294,702.5817,1461300,0.9976876,0.94366455,0.11894456,-6.902931,273659,2849290,19973,169797.75024342537,-1447.0764,-0.11203034,0.9830773,25.05542977640516
142319,727.7887,1461550,0.9976809,0.9484863,0.1274969,-11.198105,273730,2850000,19977,169808.51494312286,-1501.8193,-0.104165286,2.1596344,24.95062872577592
142345,729.2943,1461810,0.997725,0.95043945,0.13278052,-9.916365,273805,2850750,19981,169818.87130141258,-1500.0198,-0.10769219,2.7026353,24.70887884279782
142371,716.31775,1462070,0.99770904,0.94989014,0.11366458,-10.157913,273880,2851500,19985,169829.21371150017,-1477.0142,-0.10454252,0.9800847,24.817474297568253
142397,723.07166,1462330,0.99772763,0.95080566,0.11539216,-11.281741,273948,2852180,19989,169839.69539880753,-1466.4935,-0.10909334,1.3159945,24.511112275833757
142422,717.9422,1462580,0.9977248,0.95251465,0.1092647,-9.858963,274021,2852910,19993,169849.89704823494,-1465.858,-0.09850143,1.3180683,24.97540526639767
142447,723.3414,1462830,0.99768734,0.9484863,0.11992468,-8.751106,274090,2853600,19997,169860.13418650627,-1485.9663,-0.10481343,1.4258091,24.786217654634164
142473,719.35785,1463090,0.99771786,0.95288086,0.114008054,-10.56615,274172,2854420,20001,169870.7199485302,-1471.0024,-0.1040058,1.8393841,24.352077268986783
142500,715.36053,1463360,0.997689,0.954895,0.10981028,-13.293406,274234,2855040,20005,169881.21036577225,-1470.9042,-0.09922354,1.4709269,24.10949077134432
142523,743.52435,1463590,0.99770594,0.9456177,0.12635702,-10.00659,274303,2855730,20009,169891.3917310238,-1496.7786,-0.10343836,1.3827715,24.599563571208897
142550,748.3827,1463860,0.9977186,0.94989014,0.11400807,-12.496233,274382,2856520,20013,169901.9517571926,-1506.3923,-0.094817966,1.1913415,25.880458679216197
142575,739.38245,1464110,0.9977522,0.95458984,0.10694048,-10.748587,274457,2857270,20017,169912.03543758392,-1500.7112,-0.092956886,1.3085262,25.578570200042023
142602,751.8052,1464380,0.9976871,0.9486084,0.117529035,-12.465125,274526,2857960,20021,169922.3003821373,-1530.3484,-0.113828205,1.2926917,24.41325268080587
142627,744.09814,1464630,0.99772143,0.9494629,0.11573236,-11.270642,274588,2858580,20025,169932.6020784378,-1508.9778,-0.0964483,0.9842807,24.27736499850864
142651,746.508,1464870,0.997664,0.9458618,0.1315291,-12.340052,274666,2859360,20029,169943.08337259293,-1506.4895,-0.11385387,2.3542078,25.147839365503764
142678,725.9129,1465140,0.99772525,0.9510498,0.111754954,-13.52478,274738,2860080,20033,169953.77514624596,-1462.6461,-0.09811193,0.7985308,24.869317233781747
142703,733.89343,1465390,0.9977329,0.9482422,0.11662887,-12.80874,274808,2860780,20037,169964.05598211288,-1489.7339,-0.10029355,1.2507229,23.619521120269162
142731,735.08704,1465670,0.99774766,0.9532471,0.10648234,-9.843743,274883,2861530,20041,169974.20220565796,-1481.9858,-0.09288842,1.1305268,25.959459851512936
142756,733.655,1465920,0.99775743,0.95880127,0.10205679,-13.361719,274952,2862220,20045,169984.56375336647,-1488.2219,-0.08569126,1.2902385,23.94174611633492
142780,732.49866,1466160,0.9977319,0.9522705,0.1164386,-11.749771,275025,2862950,20049,169995.1799337864,-1488.8004,-0.097469285,1.9025179,21.26579878176694
142800,743.0073,1466360,0.99771357,0.9534912,0.10896742,-12.402425,275091,2863610,20052,170006.3941476345,-1497.4114,-0.10454987,1.3333001,18.61599973924399
142819,736.493,1466550,0.99768925,0.9507446,0.110960804,-13.123449,275166,2864360,20055,170017.83641910553,-1482.7141,-0.110247664,0.8187643,13.454560217794745
142844,748.56946,1466800,0.9977124,0.954895,0.11878323,-11.841112,275242,2865120,20059,170031.0009241104,-1507.5569,-0.10158669,2.0736449,19.6287853361044
142865,738.52234,1467010,0.9977176,0.9480591,0.118405126,-13.498396,275305,2865750,20062,170041.48855733871,-1503.8317,-0.110451564,1.2589136,20.040219678688114
142882,735.4407,1467180,0.99771786,0.9533081,0.11449619,-12.28621,275382,2866520,20065,170051.82408070564,-1486.4233,-0.09580185,1.7197973,19.104320436488873
142903,731.06946,1467390,0.99773717,0.9522705,0.10852879,-12.674574,275440,2867100,20068,170061.98441910744,-1470.1815,-0.09475128,0.87258583,20.194280026071556
142929,743.1571,1467650,0.9977021,0.95080566,0.11601494,-12.200771,275522,2867920,20072,170074.84704947472,-1508.7354,-0.09886247,1.4859104,20.3601909509388
142954,723.75,1467900,0.997689,0.9499512,0.11550633,-11.0330715,275598,2868680,20076,170086.44795918465,-1455.1929,-0.11065541,1.095278,21.744555952028968
142979,745.08777,1468150,0.9977248,0.949646,0.11498323,-7.372883,275673,2869430,20080,170097.38378477097,-1503.9314,-0.09551963,1.1446668,25.5244327078835
143004,746.1787,1468400,0.9977298,0.95129395,0.114218086,-9.827444,275746,2870160,20084,170108.5750887394,-1495.4783,-0.10189284,1.2865306,24.173478532751997
143030,750.57367,1468660,0.9976759,0.9468994,0.11871788,-9.451652,275818,2870880,20088,170120.18848109245,-1507.1268,-0.106546134,1.1058586,23.488619149621293
143056,759.73376,1468920,0.99771714,0.951416,0.12606165,-8.864651,275905,2871750,20092,170131.87547683716,-1530.0685,-0.09841034,2.6224225,19.01138124229624
143080,751.85895,1469160,0.99769807,0.9495239,0.11582823,-8.978762,275978,2872480,20096,170144.42123675346,-1519.4181,-0.10491136,1.2095802,22.899121537157278
143108,749.8767,1469440,0.99771166,0.9506836,0.1129577,-11.357282,276060,2873300,20100,170157.18407940865,-1520.8232,-0.099774316,1.0866678,18.843884924559653
143132,758.90027,1469680,0.9977305,0.95306396,0.108891234,-11.905267,276136,2874060,20104,170170.26636266708,-1512.5533,-0.09386012,1.2978574,17.774499861908257
143159,768.2626,1469950,0.9977007,0.9505005,0.11505713,-8.670632,276216,2874860,20108,170183.3941025734,-1547.7239,-0.09810686,1.2717292,17.021625261726818
143183,755.6022,1470190,0.9976692,0.9470215,0.12349126,-12.562183,276295,2875650,20112,170195.9503800869,-1530.0544,-0.12322242,1.3258693,20.24004630769357
143209,753.88477,1470450,0.99768996,0.9494629,0.122821845,-15.210962,276381,2876510,20116,170206.90454769135,-1523.5896,-0.11002082,1.6986814,24.788538569759115
143235,770.3954,1470710,0.99772334,0.95147705,0.110695034,-12.892429,276453,2877230,20120,170217.5774052143,-1538.3401,-0.0944252,1.0495253,22.04901578193808
143260,749.8389,1470960,0.9976871,0.9473877,0.12171233,-11.076229,276532,2878020,20124,170228.1758468151,-1525.4178,-0.113235295,1.3670053,24.695626222370933
143285,761.66016,1471210,0.9976702,0.94732666,0.12345105,-11.000777,276606,2878760,20128,170238.6301085949,-1536.7681,-0.107681304,1.7146121,24.983743259864088
143311,788.05054,1471470,0.9977031,0.9522095,0.12384091,-12.133701,276674,2879440,20132,170249.0459754467,-1577.2915,-0.113036826,2.2573633,24.732486870433352
143337,776.93005,1471730,0.9977093,0.9515991,0.11351074,-10.168246,276752,2880220,20136,170259.74162578583,-1563.8845,-0.09328714,1.4259435,24.83618342707199
143363,753.00555,1471990,0.9977007,0.95111084,0.10642909,-11.49092,276827,2880970,20140,170271.07868123055,-1527.6165,-0.10308484,0.91585356,20.118782269929316
143388,739.91174,1472240,0.99772453,0.9545288,0.11674038,-9.79655,276919,2881890,20144,170283.78799319267,-1507.9354,-0.092471376,1.9908139,19.4104427259682
143414,753.64746,1472500,0.9977367,0.9510498,0.11250056,-10.259079,276989,2882590,20148,170295.652477026,-1513.0637,-0.100238636,1.4290912,23.91643468383647
143439,732.62476,1472750,0.99767613,0.94506836,0.12375858,-10.76569,277065,2883350,20152,170306.28884983063,-1500.28,-0.11505537,1.4119431,24.66034548586039
143466,753.053,1473020,0.99769926,0.949646,0.12592721,-7.084959,277135,2884050,20156,170317.12747573853,-1527.4131,-0.09990978,2.361767,21.16311563799706
143492,757.67456,1473280,0.99769735,0.9501343,0.106953725,-7.697439,277212,2884820,20160,170328.47340035439,-1542.5809,-0.10491677,0.8177344,22.004008233527106
143516,767.00354,1473520,0.9977553,0.9555054,0.09833369,-8.641676,277290,2885600,20164,170340.77267313004,-1558.8506,-0.09007922,0.86958325,18.5840914604225
143536,755.6146,1473720,0.9977293,0.9550171,0.10683428,-8.96525,277347,2886170,20167,170351.0984170437,-1548.609,-0.1042129,0.9562296,20.0278559333826
143562,755.76807,1473980,0.9977429,0.9523926,0.11721355,-7.363229,277429,2886990,20171,170362.63271927834,-1546.0947,-0.09898414,2.2237315,24.95181849075938
143586,753.1978,1474220,0.9976933,0.94921875,0.116554186,-10.0149555,277495,2887650,20175,170372.99393486977,-1524.1709,-0.10253711,1.1829398,25.806195879879372
143612,769.4988,1474480,0.99773073,0.951355,0.11072019,-3.3975976,277578,2888480,20179,170383.52885723114,-1563.8463,-0.10189755,1.0225594,23.277185206163615
143638,745.6554,1474740,0.9977088,0.94525146,0.12781459,-6.4569,277646,2889160,20183,170394.53930044174,-1511.3735,-0.10372916,2.0120864,22.89336622697139
143663,758.36804,1474990,0.99772954,0.95428467,0.106435746,-4.9145384,277726,2889960,20187,170406.44783329964,-1545.0933,-0.09105131,1.196836,21.30308588882369
143682,731.5657,1475180,0.99771357,0.95043945,0.112125546,-4.9121933,277786,2890560,20190,170417.4287352562,-1484.2418,-0.10252573,0.9270118,19.32426388706618
143709,756.40955,1475450,0.9977126,0.9510498,0.11283308,-5.034443,277866,2891360,20194,170429.54761719704,-1521.373,-0.098348096,1.6019459,21.451445823474085
143735,733.23615,1475710,0.9977193,0.9476929,0.12739831,-6.169484,277934,2892040,20198,170440.0728521347,-1478.6102,-0.0987881,2.1148825,23.467665583426673
143758,756.52026,1475940,0.99773145,0.9552002,0.103986695,-6.4821033,278011,2892810,20202,170452.38584327698,-1519.9393,-0.09237605,1.105057,18.388628779266615
143786,752.7268,1476220,0.99773955,0.95373535,0.104866296,-5.3350744,278093,2893630,20206,170464.54826664925,-1525.1636,-0.09205801,1.0770564,19.76559480949227
143814,730.552,1476500,0.9977279,0.9546509,0.10784687,-6.6847906,278162,2894320,20210,170477.61277246475,-1494.3423,-0.09316862,1.2054029,16.157973773606848
143830,747.2123,1476660,0.9977348,0.94921875,0.11605111,-8.803877,278227,2894970,20213,170487.70456266403,-1530.2034,-0.10656837,1.3432105,21.277640415265022
143856,766.9269,1476920,0.99768305,0.94763184,0.13092235,-6.2397146,278304,2895740,20217,170500.0447320938,-1543.9893,-0.09376257,2.3812222,21.764081118059003
143881,755.3878,1477170,0.997731,0.95288086,0.10615529,-3.2410302,278384,2896540,20221,170511.09715294838,-1528.363,-0.09784159,1.0893322,22.36594586289653
144623,740.2337,1484590,0.9974494,0.90289307,0.21841913,5.385256,277735,2890050,20174,170367.9351041317,-1489.5415,-0.17687696,3.694047,0.0
144628,704.6529,1484640,0.99746513,0.9082031,0.19916886,5.9629617,277736,2890060,20174,170367.9351041317,-1417.4163,-0.1727453,2.4154663,0.0
