actor_episodes,actor_steps,delta_dist,episode_length,episode_return,evaluator_episodes,evaluator_steps,final_dist,init_dist,min_dist,steps_per_second,success,success_1000
4,600,0.07911605,150,0.0,1,150,0.6667613,0.7458773,0.6048608,22.005215743036324,0.0,nan
8,1200,0.08410227,150,0.0,2,300,0.5708402,0.65494245,0.26434183,48.57183973180344,0.0,0.0
12,1800,0.36172357,150,0.0,3,450,0.34489968,0.70662326,0.34204146,58.946068958810166,0.0,0.0
16,2400,0.31887144,150,0.0,4,600,0.3598631,0.67873454,0.30754,54.779884152991194,0.0,0.0
20,3000,-0.03350836,150,0.0,5,750,0.7184421,0.6849337,0.48088667,60.12246089169739,0.0,0.0
24,3600,0.13616627,150,0.0,6,900,0.58007765,0.7162439,0.4872067,61.84623433275935,0.0,0.0
28,4200,0.20499009,150,0.0,7,1050,0.5321616,0.7371517,0.5321616,60.492436782004845,0.0,0.0
32,4800,0.14921439,150,0.0,8,1200,0.6110564,0.7602708,0.5330804,54.98830872993905,0.0,0.0
36,5400,0.049836457,150,0.0,9,1350,0.64156437,0.6914008,0.35960177,66.71192272284526,0.0,0.0
40,6000,0.10842496,150,0.0,10,1500,0.59012824,0.6985532,0.35642642,65.25653887227946,0.0,0.0
44,6600,-0.0004220605,150,0.0,11,1650,0.75739634,0.7569743,0.51295257,59.81641655753568,0.0,0.0
48,7200,0.42615044,150,0.0,12,1800,0.23278867,0.6589391,0.23035893,75.47374607318443,0.0,0.0
52,7800,0.26762137,150,0.0,13,1950,0.42509297,0.69271433,0.34534568,78.58135647245618,0.0,0.0
56,8400,0.36477903,150,0.0,14,2100,0.3318952,0.6966742,0.3288449,72.55569552065923,0.0,0.0
60,9000,0.11899394,150,0.0,15,2250,0.5680528,0.68704677,0.3231189,74.96174440052764,0.0,0.0
65,9750,0.24750629,150,0.0,16,2400,0.39141163,0.6389179,0.32368755,74.72724039867317,0.0,0.0
69,10350,0.09460336,150,0.0,17,2550,0.58836573,0.6829691,0.42536741,41.51348612127447,0.0,0.0
73,10950,0.013224781,150,0.0,18,2700,0.6553425,0.6685673,0.31959188,29.662055292362464,0.0,0.0
78,11700,0.28249046,150,0.0,19,2850,0.45198616,0.7344766,0.45004523,39.564610785017926,0.0,0.0
82,12300,0.08869982,150,0.0,20,3000,0.62710714,0.71580696,0.5016219,28.499226961838854,0.0,0.0
86,12900,-0.12050736,150,0.0,21,3150,0.8257494,0.70524204,0.70524204,63.57083992302939,0.0,0.0
91,13650,-0.12148684,150,0.0,22,3300,0.8463185,0.72483164,0.72483164,60.65889236271099,0.0,0.0
95,14250,0.09456259,150,0.0,23,3450,0.6293316,0.7238942,0.6293316,45.80629397369449,0.0,0.0
99,14850,0.28747863,150,0.0,24,3600,0.4091938,0.69667244,0.3713944,38.939101208825704,0.0,0.0
103,15450,0.29944405,150,0.0,25,3750,0.45149824,0.7509423,0.42905134,41.245058130273016,0.0,0.0
106,15900,0.31638727,150,0.0,26,3900,0.3815243,0.69791156,0.35831514,51.836170027122414,0.0,0.0
106,15900,0.083624125,150,0.0,27,4050,0.59750015,0.68112427,0.351421,93.65874572473827,0.0,0.0
106,15900,0.1428793,150,0.0,29,4350,0.5350059,0.67788523,0.34060368,231.5908894308195,0.0,0.0
107,16050,0.17452708,150,0.0,31,4650,0.4909996,0.6655267,0.3119503,207.3294599048746,0.0,0.0
109,16350,0.045396805,150,0.0,32,4800,0.6813795,0.7267763,0.43834677,70.67547647725304,0.0,0.0
109,16350,0.18601978,150,0.0,33,4950,0.53378505,0.7198048,0.41153124,139.57840216831124,0.0,0.0
109,16350,0.09202999,150,0.0,35,5250,0.5803031,0.67233306,0.34512153,212.56613702984427,0.0,0.0
109,16350,0.13673025,150,0.0,37,5550,0.5402096,0.67693985,0.34139574,252.3846028871091,0.0,0.0
109,16350,0.08590704,150,0.0,39,5850,0.6208854,0.7067924,0.39462435,267.29295325622576,0.0,0.0
109,16350,0.10152632,150,0.0,41,6150,0.6308429,0.73236924,0.4340446,245.05565643747386,0.0,0.0
109,16350,0.080067515,150,0.0,43,6450,0.686622,0.76668954,0.48640576,239.61207822418845,0.0,0.0
109,16350,0.04700768,150,0.0,45,6750,0.6807493,0.727757,0.44516957,239.34408268356373,0.0,0.0
109,16350,0.13577616,150,0.0,47,7050,0.53275883,0.668535,0.31740117,232.73570967224043,0.0,0.0
109,16350,0.09414494,150,0.0,49,7350,0.5984446,0.6925895,0.38075903,232.69628511828148,0.0,0.0
110,16500,0.1151796,150,0.0,51,7650,0.55009705,0.66527665,0.31787938,75.59444758113499,0.0,0.0
110,16500,0.14408123,150,0.0,52,7800,0.53948814,0.6835694,0.33628842,126.26072967833241,0.0,0.0
110,16500,0.22322288,150,0.0,54,8100,0.4676613,0.6908842,0.32241774,163.61634838212038,0.0,0.0
110,16500,0.16262966,150,0.0,56,8400,0.5601863,0.722816,0.39548695,173.19191224037547,0.0,0.0
110,16500,0.10183334,150,0.0,58,8700,0.6847732,0.78660655,0.53412473,177.87025770234632,0.0,0.0
110,16500,0.10963774,150,0.0,60,9000,0.5860309,0.69566864,0.395737,140.7854007326755,0.0,0.0
110,16500,0.14959294,150,0.0,61,9150,0.5239951,0.67358804,0.32577518,147.73874656833473,0.0,0.0
110,16500,0.18883863,150,0.0,63,9450,0.4924095,0.6812481,0.33021724,140.61991655949393,0.0,0.0
111,16650,0.20743847,150,0.0,65,9750,0.5317774,0.73921585,0.41296363,116.7647863968026,0.0,0.0
113,16950,0.218034,150,0.0,66,9900,0.46938893,0.68742293,0.32150027,40.72325630392843,0.0,0.0
113,16950,0.18621528,150,0.0,67,10050,0.52953345,0.7157487,0.38350302,123.70916551424853,0.0,0.0
114,17100,0.06101638,150,0.0,69,10350,0.6580698,0.71908617,0.45439184,89.41814199697413,0.0,0.0
114,17100,0.19786888,150,0.0,71,10650,0.51802635,0.71589524,0.36931637,184.83162621533924,0.0,0.0
114,17100,0.124824286,150,0.0,73,10950,0.5654943,0.6903186,0.3739579,195.0485865505285,0.0,0.0
114,17100,0.103871405,150,0.0,75,11250,0.6111363,0.7150077,0.43335494,195.22198491398103,0.0,0.0
114,17100,0.14052057,150,0.0,77,11550,0.51258373,0.6531043,0.31890598,191.6582461144876,0.0,0.0
114,17100,0.19036531,150,0.0,79,11850,0.54601014,0.73637545,0.4608956,201.52327872003076,0.0,0.0
114,17100,0.15593892,150,0.0,81,12150,0.5087765,0.6647154,0.31889278,194.40304422186483,0.0,0.0
115,17250,0.24657974,150,0.0,83,12450,0.40939948,0.6559792,0.29141513,134.6643684129528,0.0,0.0
117,17550,0.3249863,150,0.0,84,12600,0.37572625,0.70071256,0.30834177,63.85960553032213,0.0,0.0
118,17700,0.21353611,150,0.0,85,12750,0.45001468,0.6635508,0.32918772,75.77335977199544,0.0,0.0
118,17700,0.21602899,150,0.0,86,12900,0.51049405,0.72652304,0.51049405,139.70628499482052,0.0,0.0
118,17700,0.23524383,150,0.0,88,13200,0.45427176,0.6895156,0.4437593,233.35603299016793,0.0,0.0
118,17700,0.17607084,150,0.0,90,13500,0.4934033,0.6694741,0.3839854,246.87992836252891,0.0,0.0
118,17700,0.38591835,150,0.0,92,13800,0.29456028,0.68047863,0.28315392,224.3056068059036,0.0,0.0
118,17700,0.0039902925,150,0.0,94,14100,0.6720795,0.6760698,0.668938,235.83122889864566,0.0,0.0
118,17700,0.17319697,150,0.0,96,14400,0.47746426,0.65066123,0.34289336,239.76366069822532,0.0,0.0
118,17700,-0.10536128,150,0.0,98,14700,0.8246231,0.7192618,0.7153965,239.1032169992308,0.0,0.0
119,17850,-0.101281345,150,0.0,100,15000,0.8035719,0.70229053,0.69315904,172.4878395428293,0.0,0.0
121,18150,0.2614964,150,0.0,101,15150,0.4000657,0.6615621,0.3898886,61.96893267801332,0.0,0.0
122,18300,0.32178095,150,0.0,103,15450,0.34763065,0.6694116,0.34436584,99.88922641552271,0.0,0.0
122,18300,-0.12264985,150,0.0,105,15750,0.8155731,0.69292325,0.6898637,220.98817512684562,0.0,0.0
122,18300,-0.07730812,150,0.0,107,16050,0.89066046,0.81335235,0.79218477,226.20371672042407,0.0,0.0
122,18300,-0.13676995,150,0.0,109,16350,0.78944165,0.6526717,0.64609885,206.44524495015287,0.0,0.0
122,18300,-0.16249573,150,0.0,111,16650,0.8632776,0.7007819,0.7007819,233.43031992217328,0.0,0.0
122,18300,-0.10096598,150,0.0,113,16950,0.8742933,0.77332735,0.7554134,240.33472522040546,0.0,0.0
122,18300,-0.0786742,150,0.0,115,17250,0.9139297,0.8352555,0.8103366,238.67996895222876,0.0,0.0
124,18600,-0.15980542,150,0.0,117,17550,0.8318041,0.6719987,0.6719987,84.3438647603734,0.0,0.0
125,18750,-0.1280232,150,0.0,118,17700,0.8486688,0.7206456,0.71028215,75.93961674939233,0.0,0.0
126,18900,-0.18849689,150,0.0,119,17850,0.8935464,0.7050495,0.7050495,91.3782961557667,0.0,0.0
126,18900,-0.12724167,150,0.0,121,18150,0.8556423,0.72840065,0.71571875,220.89708402574453,0.0,0.0
126,18900,-0.11950421,150,0.0,123,18450,0.8097581,0.6902539,0.67892855,226.69846677041696,0.0,0.0
126,18900,-0.08766073,150,0.0,125,18750,0.80567443,0.7180137,0.7148252,238.72271545146094,0.0,0.0
126,18900,-0.09766346,150,0.0,127,19050,0.8763836,0.77872014,0.75697196,242.67639821965346,0.0,0.0
126,18900,-0.104326606,150,0.0,129,19350,0.84215695,0.73783034,0.7202371,247.9177560636146,0.0,0.0
126,18900,-0.13905722,150,0.0,131,19650,0.8208177,0.6817605,0.6739182,240.00961342216848,0.0,0.0
126,18900,-0.15124226,150,0.0,133,19950,0.7900203,0.63877803,0.5394389,211.66092836077783,0.0,0.0
128,19200,-0.16534007,150,0.0,134,20100,0.88407075,0.7187307,0.71680707,74.09547011646313,0.0,0.0
129,19350,-0.18692946,150,0.0,135,20250,0.83271116,0.6457817,0.6435496,58.99513004290457,0.0,0.0
130,19500,-0.21372944,150,0.0,136,20400,0.90752566,0.6937962,0.6937962,92.89376549501435,0.0,0.0
130,19500,-0.16651863,150,0.0,138,20700,0.8664569,0.6999383,0.694261,201.8541904087227,0.0,0.0
130,19500,-0.15017188,150,0.0,140,21000,0.8621885,0.71201664,0.70728123,197.85112333933142,0.0,0.0
130,19500,-0.17894077,150,0.0,142,21300,0.84009254,0.66115177,0.6584004,206.53375405257415,0.0,0.0
130,19500,-0.10099852,150,0.0,144,21600,0.85918367,0.75818515,0.7394434,203.84130884434146,0.0,0.0
130,19500,-0.2172932,150,0.0,146,21900,0.8806534,0.6633602,0.6633602,233.5367243382492,0.0,0.0
130,19500,-0.13979644,150,0.0,148,22200,0.85037345,0.710577,0.70052016,248.1409903464335,0.0,0.0
130,19500,-0.20023686,150,0.0,150,22500,0.88953626,0.6892994,0.6892994,222.4868342322692,0.0,0.0
132,19800,-0.2048229,150,0.0,152,22800,0.83860266,0.63377976,0.23130135,115.22673901744045,0.0,0.0
133,19950,-0.14040416,150,0.0,153,22950,0.82538855,0.6849844,0.6635273,57.27311780502279,0.0,0.0
134,20100,-0.13875198,150,0.0,155,23250,0.88861763,0.74986565,0.74483746,120.36712468927502,0.0,0.0
134,20100,-0.1755184,150,0.0,157,23550,0.8943065,0.7187881,0.7179878,227.40701061155798,0.0,0.0
134,20100,-0.14215332,150,0.0,159,23850,0.8545087,0.7123554,0.70069885,233.29900787433692,0.0,0.0
134,20100,-0.09949112,150,0.0,161,24150,0.8448319,0.74534076,0.7216756,226.19233115809917,0.0,0.0
134,20100,-0.18190205,150,0.0,163,24450,0.8924592,0.71055716,0.71055716,222.13953843095618,0.0,0.0
134,20100,-0.18929577,150,0.0,165,24750,0.8621153,0.67281955,0.67281955,240.14712382540267,0.0,0.0
134,20100,-0.2012732,150,0.0,167,25050,0.90582603,0.7045528,0.7045528,253.1835187906021,0.0,0.0
134,20100,-0.1646151,150,0.0,169,25350,0.8443664,0.6797513,0.6753088,207.78906463386562,0.0,0.0
137,20550,-0.13247526,150,0.0,171,25650,0.8540291,0.72155386,0.7138805,77.12773638961455,0.0,0.0
138,20700,-0.15476835,150,0.0,172,25800,0.8545173,0.69974893,0.68864685,79.23667277449688,0.0,0.0
138,20700,-0.16141808,150,0.0,173,25950,0.8515892,0.6901711,0.6842462,116.58003322039978,0.0,0.0
138,20700,-0.17192471,150,0.0,175,26250,0.85249454,0.6805698,0.6781406,236.75445251255374,0.0,0.0
138,20700,-0.1996392,150,0.0,177,26550,0.8865818,0.6869426,0.6869426,220.17135796092217,0.0,0.0
138,20700,-0.009579241,150,0.0,179,26850,0.7062714,0.69669217,0.4086365,229.75051727550462,0.0,0.0
138,20700,-0.1338796,150,0.0,181,27150,0.8246328,0.6907532,0.68213695,227.844316581779,0.0,0.0
138,20700,-0.16131186,150,0.0,183,27450,0.8898356,0.72852373,0.72631556,247.94755605510176,0.0,0.0
138,20700,-0.18730897,150,0.0,185,27750,0.86510503,0.67779607,0.67779607,254.3107006073345,0.0,0.0
138,20700,-0.18199104,150,0.0,187,28050,0.86006147,0.6780704,0.67674184,234.8278464514116,0.0,0.0
141,21150,-0.1918621,150,0.0,189,28350,0.88083905,0.68897694,0.6882592,65.54686985591778,0.0,0.0
142,21300,-0.14826316,150,0.0,191,28650,0.8944533,0.74619013,0.7444042,191.36466790097208,0.0,0.0
142,21300,-0.15046418,150,0.0,192,28800,0.7953961,0.6449319,0.51979816,110.35189195664753,0.0,0.0
142,21300,-0.0957942,150,0.0,194,29100,0.8827461,0.7869519,0.76539874,215.99948913695044,0.0,0.0
142,21300,-0.16801697,150,0.0,196,29400,0.8763442,0.70832723,0.7063457,240.98916757319932,0.0,0.0
-0.12480587,150,0.0,1,150,0.7936315,0.6688256,0.6688256,23.610880363059557,0.0,nan
-0.10802078,150,0.0,2,300,0.773117,0.6650962,0.6650962,131.2964348433103,0.0,0.0
-0.12273246,150,0.0,3,450,0.7981706,0.67543817,0.67543817,118.64652066149834,0.0,0.0
-0.07318658,150,0.0,4,600,0.77096426,0.6977777,0.6977777,125.02396566114224,0.0,0.0
-0.06762785,150,0.0,5,750,0.75256157,0.6849337,0.6842652,124.50446717197053,0.0,0.0
-0.11414462,150,0.0,6,900,0.83038855,0.7162439,0.7162439,117.03050887561197,0.0,0.0
-0.11860716,150,0.0,7,1050,0.85575885,0.7371517,0.7371517,131.030834479501,0.0,0.0
-0.119990826,150,0.0,8,1200,0.8802616,0.7602708,0.7602708,119.19912180619336,0.0,0.0
-0.07290125,150,0.0,9,1350,0.7643021,0.6914008,0.69122225,109.84101355777382,0.0,0.0
-0.06316,150,0.0,10,1500,0.7185892,0.6554292,0.65443045,133.6869444855848,0.0,0.0
-0.060026884,150,0.0,11,1650,0.7596819,0.699655,0.69813186,131.2572367753993,0.0,0.0
-0.06423271,150,0.0,12,1800,0.7356704,0.6714377,0.67044,129.10174597917532,0.0,0.0
-0.066661,150,0.0,13,1950,0.73651046,0.66984946,0.6689192,126.09093521788643,0.0,0.0
-0.11774576,150,0.0,14,2100,0.7882001,0.6704543,0.6704543,125.84281169791274,0.0,0.0
-0.096128404,150,0.0,15,2250,0.8402374,0.744109,0.744109,129.6811961878017,0.0,0.0
-0.10534316,150,0.0,16,2400,0.80452526,0.6991821,0.6991821,65.82853239798233,0.0,0.0
-0.11120367,150,0.0,17,2550,0.8611968,0.74999315,0.74999315,51.183351248784064,0.0,0.0
-0.05419278,150,0.0,18,2700,0.7709397,0.7167469,0.71429354,46.890203415395554,0.0,0.0
-0.06778437,150,0.0,19,2850,0.7841674,0.71638304,0.7162712,72.22294160593997,0.0,0.0
-0.07686341,150,0.0,20,3000,0.7292438,0.6523804,0.6523804,70.3035550280719,0.0,0.0
0.15985203,150,0.0,21,3150,0.53222865,0.6920807,0.50980866,44.572944773653724,0.0,0.0
0.2828897,150,0.0,22,3300,0.4329627,0.7158524,0.3925875,76.02235772578761,0.0,0.0
0.26274398,150,0.0,23,3450,0.41942462,0.6821686,0.35214952,83.15209094971415,0.0,0.0
0.29033563,150,0.0,24,3600,0.4129559,0.70329154,0.36746645,97.90045128043295,0.0,0.0
0.22278517,150,0.0,25,3750,0.5281571,0.7509423,0.4708426,43.05857869218174,0.0,0.0
-0.083127975,150,0.0,26,3900,0.78103954,0.69791156,0.36181456,46.422642395432476,0.0,0.0
-0.28343117,150,0.0,28,4200,0.96455544,0.68112427,0.68112427,224.38208454429414,0.0,0.0
-0.28914118,150,0.0,30,4500,0.9670264,0.67788523,0.67788523,196.70315515130446,0.0,0.0
-0.2707867,150,0.0,32,4800,0.9363134,0.6655267,0.6655267,171.61145139050845,0.0,0.0
-0.21453196,150,0.0,34,5100,0.94130826,0.7267763,0.7267763,226.57363811779246,0.0,0.0
-0.32320935,150,0.0,36,5400,0.97176594,0.6485566,0.6485566,216.51149585488483,0.0,0.0
-0.31147808,150,0.0,38,5700,1.0020633,0.6905852,0.6905852,215.1617323727052,0.0,0.0
-0.19928545,150,0.0,40,6000,0.94671047,0.747425,0.7474115,91.87579514774414,0.0,0.0
-0.3060729,150,0.0,42,6300,1.0128653,0.7067924,0.7067924,231.5398362446379,0.0,0.0
-0.3161468,150,0.0,44,6600,1.048516,0.73236924,0.73236924,219.34747895936908,0.0,0.0
-0.3042016,150,0.0,46,6900,1.0708911,0.76668954,0.76668954,229.65298302749832,0.0,0.0
-0.18729997,150,0.0,48,7200,0.91505694,0.727757,0.727757,253.1899378480053,0.0,0.0
-0.2776491,150,0.0,50,7500,0.9461841,0.668535,0.668535,260.97883822849235,0.0,0.0
-0.14041197,150,0.0,52,7800,0.8330015,0.6925895,0.6925895,258.4143275450693,0.0,0.0
-0.24750769,150,0.0,54,8100,0.91278434,0.66527665,0.66527665,249.11635634638404,0.0,0.0
-0.2599054,150,0.0,56,8400,0.94347477,0.6835694,0.6835694,118.5135622357373,0.0,0.0
-0.297889,150,0.0,57,8550,1.0042744,0.7063854,0.7063854,100.4263059860818,0.0,0.0
-0.22576934,150,0.0,59,8850,0.9028687,0.67709935,0.426689,106.35186137766644,0.0,0.0
-0.018008173,150,0.0,61,9150,0.7136768,0.69566864,0.3836151,253.2459910655848,0.0,0.0
0.018245757,150,0.0,63,9450,0.7259923,0.7442381,0.43127087,239.8802172834686,0.0,0.0
-0.027906775,150,0.0,65,9750,0.77388346,0.7459767,0.46337053,240.09259552538916,0.0,0.0
-0.1067844,150,0.0,67,10050,0.80083305,0.69404864,0.40961003,226.4839998545654,0.0,0.0
-0.027108133,150,0.0,69,10350,0.7230587,0.69595057,0.3576398,235.60875977138133,0.0,0.0
-0.05673468,150,0.0,71,10650,0.7724834,0.7157487,0.47234297,222.59128995588478,0.0,0.0
-0.012020588,150,0.0,73,10950,0.662299,0.6502784,0.32623112,88.46396019283773,0.0,0.0
-0.03131026,150,0.0,74,11100,0.7298193,0.69850904,0.5532682,90.55547895065163,0.0,0.0
-0.06591946,150,0.0,75,11250,0.75623804,0.6903186,0.6903186,136.2598673495554,0.0,0.0
-0.00082081556,150,0.0,76,11400,0.71582854,0.7150077,0.70499253,130.3028332339892,0.0,0.0
-0.003787458,150,0.0,78,11700,0.65689176,0.6531043,0.64109164,218.6900957355915,0.0,0.0
-0.10790408,150,0.0,80,12000,0.8442795,0.73637545,0.4104928,238.00233256400838,0.0,0.0
-0.10532582,150,0.0,82,12300,0.7700412,0.6647154,0.65478635,232.6666824453859,0.0,0.0
-0.13403285,150,0.0,84,12600,0.79001206,0.6559792,0.6540611,265.07897651792115,0.0,0.0
-0.091869235,150,0.0,86,12900,0.7925818,0.70071256,0.70023745,256.94535314254347,0.0,0.0
0.022700906,150,0.0,88,13200,0.71583116,0.73853207,0.7149973,258.0416749550377,0.0,0.0
-0.045651138,150,0.0,90,13500,0.7004051,0.654754,0.64860815,242.74718503510917,0.0,0.0
-0.09347844,150,0.0,92,13800,0.80378795,0.7103095,0.6929729,67.79343670032495,0.0,0.0
-0.15254837,150,0.0,93,13950,0.833027,0.68047863,0.68047863,70.4519696510747,0.0,0.0
0.19822115,150,0.0,94,14100,0.47784865,0.6760698,0.37962046,136.2334600725876,0.0,0.0
0.03031826,150,0.0,96,14400,0.62034297,0.65066123,0.62034297,243.6940267722507,0.0,0.0
0.17696589,150,0.0,98,14700,0.54229593,0.7192618,0.42407125,258.666338851779,0.0,0.0
0.16199213,150,0.0,100,15000,0.5402984,0.70229053,0.48073334,257.06430227688287,0.0,0.0
0.16816238,150,0.0,102,15300,0.4933997,0.6615621,0.43309638,242.98813186915046,0.0,0.0
0.18835807,150,0.0,104,15600,0.58598137,0.77433944,0.49741274,243.83390266418937,0.0,0.0
0.15362096,150,0.0,106,15900,0.51579064,0.6694116,0.46083936,223.87292369443614,0.0,0.0
-0.054822266,150,0.0,108,16200,0.76587903,0.71105677,0.49867788,227.03518447482026,0.0,0.0
0.17083794,150,0.0,109,16350,0.5220853,0.69292325,0.41712436,84.09851284344253,0.0,0.0
0.15960348,150,0.0,111,16650,0.49306822,0.6526717,0.40692848,185.89020951685345,0.0,0.0
0.12907135,150,0.0,112,16800,0.5717105,0.7007819,0.44867593,112.91545379443626,0.0,0.0
-0.08544582,150,0.0,114,17100,0.8587732,0.77332735,0.5116371,261.0826988292591,0.0,0.0
-0.054340363,150,0.0,116,17400,0.88959587,0.8352555,0.6018347,250.12358175180364,0.0,0.0
0.14605469,150,0.0,118,17700,0.525944,0.6719987,0.49561468,261.9322714139404,0.0,0.0
-0.06012398,150,0.0,120,18000,0.76500756,0.7048836,0.44043362,255.70523562316063,0.0,0.0
0.14158976,150,0.0,122,18300,0.52892494,0.6705147,0.5221873,245.49781600431413,0.0,0.0
-0.012981355,150,0.0,124,18600,0.71062326,0.6976419,0.48252118,235.76521270544114,0.0,0.0
0.2012263,150,0.0,126,18900,0.52717435,0.72840065,0.4584622,232.00911005823593,0.0,0.0
0.20818606,150,0.0,127,19050,0.48206785,0.6902539,0.47291806,60.891123606119216,0.0,0.0
0.035960495,150,0.0,129,19350,0.74275964,0.77872014,0.4773126,96.38154951792802,0.0,0.0
-0.052407682,150,0.0,131,19650,0.77076477,0.7183571,0.63873506,240.12494294058646,0.0,0.0
0.120018065,150,0.0,133,19950,0.53995234,0.6599704,0.3898541,231.53634260920447,0.0,0.0
-0.07646614,150,0.0,135,20250,0.79519683,0.7187307,0.44129425,239.03081568150378,0.0,0.0
-0.15389264,150,0.0,137,20550,0.88035953,0.7264669,0.46820694,227.78789129537506,0.0,0.0
-0.08955568,150,0.0,139,20850,0.7795255,0.68996984,0.6855392,230.29716466938956,0.0,0.0
-0.082962215,150,0.0,141,21150,0.77438205,0.69141984,0.69141984,222.77927364561012,0.0,0.0
-0.12414241,150,0.0,143,21450,0.8240807,0.6999383,0.6971304,229.17130943825225,0.0,0.0
-0.10960722,150,0.0,145,21750,0.82162386,0.71201664,0.4204674,202.87741945469884,0.0,0.0
-0.32680815,150,0.0,146,21900,0.9879599,0.66115177,0.66115177,51.912024448618084,0.0,0.0
-0.082895935,150,0.0,148,22200,0.80170393,0.718808,0.718808,244.3618872800815,0.0,0.0
-0.06770128,150,0.0,150,22500,0.78652346,0.7188222,0.7150374,269.8817342215778,0.0,0.0
-0.2999339,150,0.0,152,22800,0.99862194,0.69868803,0.69868803,242.9885072564913,0.0,0.0
-0.3277384,150,0.0,154,23100,0.9704318,0.6426934,0.6426934,230.20042926652212,0.0,0.0
-0.29635763,150,0.0,156,23400,0.981342,0.6849844,0.6849844,243.38029215123532,0.0,0.0
-0.3390146,150,0.0,158,23700,1.0398691,0.7008545,0.7008545,241.6708536343648,0.0,0.0
-0.1182971,150,0.0,160,24000,0.8162855,0.6979884,0.4981048,256.45058334101014,0.0,0.0
0.15239465,150,0.0,162,24300,0.56639344,0.7187881,0.56636465,243.31638118737214,0.0,0.0
-0.18946075,150,0.0,163,24450,0.91867656,0.7292158,0.7290397,125.86992703034323,0.0,0.0
-0.16125703,150,0.0,164,24600,0.89498895,0.7337319,0.7337319,65.22441752212866,0.0,0.0
-0.14404964,150,0.0,165,24750,0.8546068,0.71055716,0.66928506,126.79558127962959,0.0,0.0
-0.333463,150,0.0,166,24900,1.0062826,0.67281955,0.67281955,90.89269487203566,0.0,0.0
-0.10790467,150,0.0,167,25050,0.8124575,0.7045528,0.45986882,140.26540366353547,0.0,0.0
-0.11817038,150,0.0,169,25350,0.79792166,0.6797513,0.66704124,258.24832403197763,0.0,0.0
-0.08556664,150,0.0,171,25650,0.7933849,0.70781827,0.4531217,256.1267293713035,0.0,0.0
-0.104981124,150,0.0,173,25950,0.7837671,0.678786,0.43294993,257.7013363371051,0.0,0.0
-0.06134808,150,0.0,175,26250,0.761097,0.69974893,0.45271298,251.41255964671322,0.0,0.0
-0.26334554,150,0.0,177,26550,0.95351666,0.6901711,0.6901711,237.00426621963967,0.0,0.0
-0.12698948,150,0.0,179,26850,0.8075593,0.6805698,0.5835193,238.5830310021695,0.0,0.0
-0.09210485,150,0.0,181,27150,0.88429165,0.7921868,0.5621604,80.95907481460931,0.0,0.0
-0.11632484,150,0.0,182,27300,0.8313593,0.7150345,0.45603815,141.60604412089413,0.0,0.0
-0.10549706,150,0.0,183,27450,0.7770084,0.67151135,0.41466713,115.11402982977313,0.0,0.0
-0.11509645,150,0.0,185,27750,0.8306593,0.7155628,0.46280742,225.52858800515764,0.0,0.0
-0.1315543,150,0.0,187,28050,0.8755234,0.7439691,0.5094076,242.86947377848327,0.0,0.0
-0.08329064,150,0.0,189,28350,0.77762395,0.6943333,0.6943333,235.62031887893156,0.0,0.0
-0.09435052,150,0.0,191,28650,0.78332746,0.68897694,0.40639433,243.97479071109368,0.0,0.0
-0.1639933,150,0.0,193,28950,0.85637945,0.69238615,0.4507641,247.92918668885034,0.0,0.0
-0.15588796,150,0.0,195,29250,0.9020781,0.74619013,0.517689,230.69219509476358,0.0,0.0
-0.10609752,150,0.0,197,29550,0.75102943,0.6449319,0.5391113,224.55988061461628,0.0,0.0
-0.090245366,150,0.0,199,29850,0.87719727,0.7869519,0.53876036,86.40594225436006,0.0,0.0
-0.0865227,150,0.0,200,30000,0.82291067,0.73638797,0.46309978,62.170343683897535,0.0,0.0
-0.13512182,150,0.0,202,30300,0.81691855,0.6817967,0.42891812,237.31492587982348,0.0,0.0
-0.12633312,150,0.0,204,30600,0.81010354,0.6837704,0.43475816,269.91056401684983,0.0,0.0
-0.14317799,150,0.0,206,30900,0.81278896,0.669611,0.4833999,248.5900422623808,0.0,0.0
-0.12849241,150,0.0,208,31200,0.83971417,0.71122175,0.46169952,238.14737721877196,0.0,0.0
-0.111148894,150,0.0,210,31500,0.76941043,0.65826154,0.40556315,245.82673811835636,0.0,0.0
-0.13784117,150,0.0,212,31800,0.84458435,0.7067432,0.4608019,235.43524484463748,0.0,0.0
-0.1132682,150,0.0,214,32100,0.76246595,0.64919776,0.43109116,233.3332715211255,0.0,0.0
-0.12367505,150,0.0,216,32400,0.7859251,0.66225004,0.5039734,201.21172425085967,0.0,0.0
-0.111682475,150,0.0,217,32550,0.7780688,0.6663863,0.39764002,50.27934541372682,0.0,0.0
-0.09154928,150,0.0,218,32700,0.8497338,0.75818455,0.4943955,145.01778649885685,0.0,0.0
-0.09274989,150,0.0,219,32850,0.75493944,0.66218954,0.46211886,128.30852833993524,0.0,0.0
-0.13415605,150,0.0,221,33150,0.7831066,0.6489506,0.5564775,233.57383271667777,0.0,0.0
-0.09797078,150,0.0,223,33450,0.7858586,0.6878878,0.41976154,247.34221724594516,0.0,0.0
-0.1165576,150,0.0,225,33750,0.8347282,0.7181706,0.46136433,258.0688773689465,0.0,0.0
-0.12730634,150,0.0,227,34050,0.82543206,0.6981257,0.4451829,262.0907082226614,0.0,0.0
-0.12776035,150,0.0,229,34350,0.77906156,0.6513012,0.45691404,257.74367117388385,0.0,0.0
-0.14525825,150,0.0,231,34650,0.8368002,0.69154197,0.46102226,266.66734483679414,0.0,0.0
-0.12989122,150,0.0,233,34950,0.8116533,0.6817621,0.44829866,237.58036779050033,0.0,0.0
-0.13234669,150,0.0,234,35100,0.7809063,0.64855963,0.5203008,80.64473167605958,0.0,0.0
-0.14609826,150,0.0,235,35250,0.89869654,0.7525983,0.5233723,95.10157339295885,0.0,0.0
-0.0885607,150,0.0,236,35400,0.78221214,0.69365144,0.409287,107.02081166620908,0.0,0.0
-0.13112533,150,0.0,238,35700,0.8449671,0.7138418,0.46169317,234.63290127112512,0.0,0.0
-0.078935325,150,0.0,240,36000,0.7990778,0.7201425,0.44799674,234.43801741892426,0.0,0.0
-0.071826994,150,0.0,242,36300,0.8035187,0.7316917,0.45287365,250.37043463242466,0.0,0.0
-0.11805731,150,0.0,244,36600,0.82398456,0.70592725,0.44594824,263.22861155820794,0.0,0.0
-0.15452862,150,0.0,246,36900,0.8366955,0.6821669,0.5018723,261.8874594095534,0.0,0.0
-0.11606634,150,0.0,248,37200,0.82024145,0.7041751,0.43972182,262.92279924158686,0.0,0.0
-0.10649359,150,0.0,250,37500,0.8433798,0.7368862,0.51278293,257.1189318751648,0.0,0.0
-0.1291967,150,0.0,252,37800,0.8850155,0.7558188,0.52218586,160.8754920078215,0.0,0.0
-0.13490444,150,0.0,253,37950,0.82023984,0.6853354,0.45844,56.892793477850994,0.0,0.0
-0.07962674,150,0.0,255,38250,0.78360397,0.7039772,0.4896529,233.81723662997564,0.0,0.0
-0.10766506,150,0.0,256,38400,0.77391523,0.66625017,0.4063464,113.30538513654912,0.0,0.0
-0.104926765,150,0.0,258,38700,0.76523125,0.6603045,0.5766487,243.28627278105822,0.0,0.0
-0.08195716,150,0.0,260,39000,0.778034,0.6960768,0.42228583,237.842807543883,0.0,0.0
-0.14744556,150,0.0,262,39300,0.8647327,0.7172871,0.48006678,236.29287075217263,0.0,0.0
-0.07837331,150,0.0,264,39600,0.8023686,0.72399527,0.44575977,249.80964860035735,0.0,0.0
-0.11421907,150,0.0,266,39900,0.8310162,0.7167971,0.46886212,258.2234154025609,0.0,0.0
-0.14218795,150,0.0,268,40200,0.8124941,0.67030615,0.4752565,264.4889146356741,0.0,0.0
-0.09928805,150,0.0,270,40500,0.74317604,0.643888,0.421926,119.45268774699055,0.0,0.0
-0.12643814,150,0.0,271,40650,0.802826,0.67638785,0.42538732,77.22106785645508,0.0,0.0
-0.12158543,150,0.0,272,40800,0.8323764,0.710791,0.45749098,107.404555835566,0.0,0.0
-0.120818496,150,0.0,273,40950,0.82140577,0.7005873,0.46513113,120.78483140016738,0.0,0.0
-0.1180352,150,0.0,275,41250,0.80167717,0.68364197,0.42654365,248.4721315515409,0.0,0.0
-0.122286916,150,0.0,277,41550,0.81286037,0.69057345,0.46473444,238.13583924970882,0.0,0.0
-0.11663377,150,0.0,279,41850,0.80347806,0.6868443,0.42546645,234.968958783135,0.0,0.0
-0.107320726,150,0.0,281,42150,0.82492924,0.7176085,0.4553586,237.88417532657076,0.0,0.0
-0.1145004,150,0.0,283,42450,0.89627624,0.78177583,0.55269426,232.2484904573129,0.0,0.0
-0.12943727,150,0.0,285,42750,0.78680927,0.657372,0.63163257,238.28907888686805,0.0,0.0
-0.14524257,150,0.0,287,43050,0.8868764,0.74163383,0.5212506,171.652982169137,0.0,0.0
-0.15925682,150,0.0,288,43200,0.86148804,0.7022312,0.5315196,89.49729806315197,0.0,0.0
-0.09800869,150,0.0,289,43350,0.79809326,0.70008457,0.42918548,93.22133951622654,0.0,0.0
-0.13813567,150,0.0,290,43500,0.84706694,0.70893127,0.48787075,140.620702310496,0.0,0.0
-0.12081599,150,0.0,292,43800,0.83664864,0.71583265,0.5018512,229.0712636345961,0.0,0.0
-0.17145169,150,0.0,294,44100,0.8521588,0.6807071,0.6807071,237.68241870705754,0.0,0.0
-0.082324564,150,0.0,296,44400,0.7806848,0.69836026,0.5432885,250.78920524598163,0.0,0.0
-0.11280084,150,0.0,298,44700,0.7512178,0.63841695,0.63841695,260.4502054969184,0.0,0.0
-0.08535838,150,0.0,300,45000,0.8440978,0.7587394,0.50724775,244.3865665884733,0.0,0.0
-0.10662496,150,0.0,302,45300,0.8554748,0.74884987,0.50413895,234.83345613512526,0.0,0.0
-0.0968799,150,0.0,304,45600,0.88018817,0.78330827,0.5495468,235.67742515508405,0.0,0.0
-0.10230076,150,0.0,306,45900,0.81256235,0.7102616,0.5584524,81.46246310597964,0.0,0.0
-0.0825659,150,0.0,307,46050,0.89013004,0.80756414,0.57338125,94.51495454417078,0.0,0.0
-0.13216728,150,0.0,308,46200,0.87545377,0.7432865,0.5209972,144.08837329352622,0.0,0.0
-0.100658715,150,0.0,309,46350,0.8117168,0.7110581,0.45284387,136.5326814845936,0.0,0.0
-0.14042199,150,0.0,311,46650,0.86373854,0.72331655,0.53547055,252.99872846288775,0.0,0.0
-0.10565907,150,0.0,313,46950,0.80814725,0.7024882,0.45096564,244.29025060941942,0.0,0.0
-0.08562529,150,0.0,315,47250,0.7748005,0.6891752,0.46657783,269.0917240724472,0.0,0.0
-0.13671166,150,0.0,317,47550,0.8783636,0.74165195,0.5412476,220.64731849294532,0.0,0.0
-0.06366438,150,0.0,319,47850,0.7447297,0.6810653,0.4364869,229.40511772249425,0.0,0.0
-0.083030045,150,0.0,321,48150,0.7306903,0.64766026,0.5399728,235.70523807650594,0.0,0.0
-0.06625056,150,0.0,323,48450,0.73204356,0.665793,0.5346422,131.89933860137714,0.0,0.0
-0.08617616,150,0.0,324,48600,0.80226874,0.7160926,0.45661578,68.22287995497682,0.0,0.0
-0.12503618,150,0.0,325,48750,0.7807187,0.6556825,0.6556825,127.09275240001236,0.0,0.0
-0.106328964,150,0.0,326,48900,0.78111774,0.6747888,0.42335728,106.32907028212259,0.0,0.0
-0.12929225,150,0.0,328,49200,0.80262375,0.6733315,0.551226,232.96046068841102,0.0,0.0
-0.12636435,150,0.0,330,49500,0.87582844,0.7494641,0.52446276,258.7604909471239,0.0,0.0
-0.1171875,150,0.0,332,49800,0.82602316,0.70883566,0.47301024,237.6202083775542,0.0,0.0
-0.06864071,150,0.0,334,50100,0.8139301,0.7452894,0.4898446,231.4816511381736,0.0,0.0
-0.1563068,150,0.0,336,50400,0.89575416,0.73944736,0.5371866,237.42785882463048,0.0,0.0
-0.1408251,150,0.0,338,50700,0.89006317,0.7492381,0.53334415,219.79668795185017,0.0,0.0
-0.102060914,150,0.0,340,51000,0.80481964,0.7027587,0.44022396,228.70511973704635,0.0,0.0
-0.10780722,150,0.0,342,51300,0.7692304,0.6614232,0.6243958,97.04506769602153,0.0,0.0
-0.09231293,150,0.0,343,51450,0.8338166,0.74150366,0.48941243,52.28532036669373,0.0,0.0
-0.14247942,150,0.0,344,51600,0.8957521,0.75327265,0.54020876,131.30887574063294,0.0,0.0
-0.16578221,150,0.0,346,51900,0.8605741,0.6947919,0.6947919,270.52125422296024,0.0,0.0
-0.12561047,150,0.0,348,52200,0.850224,0.72461355,0.5041414,260.68416865552905,0.0,0.0
-0.086064816,150,0.0,350,52500,0.8740001,0.78793526,0.5633528,253.88122399732055,0.0,0.0
-0.11370963,150,0.0,352,52800,0.7589333,0.6452237,0.6452237,227.27844486485841,0.0,0.0
-0.15414965,150,0.0,354,53100,0.8747196,0.72056997,0.60508424,235.02803246745484,0.0,0.0
-0.12951821,150,0.0,356,53400,0.78860545,0.65908724,0.65908724,236.2776961158026,0.0,0.0
-0.12293041,150,0.0,358,53700,0.8329601,0.7100297,0.68371254,233.52701568092075,0.0,0.0
-0.08188188,150,0.0,359,53850,0.80758226,0.7257004,0.5015692,138.09272020307444,0.0,0.0
-0.07462907,150,0.0,360,54000,0.753823,0.6791939,0.6541304,88.43630475210533,0.0,0.0
-0.15439886,150,0.0,361,54150,0.8857398,0.73134094,0.54487526,89.4971325581081,0.0,0.0
-0.124063015,150,0.0,362,54300,0.85632396,0.73226094,0.50373656,97.78930737205816,0.0,0.0
-0.114314735,150,0.0,364,54600,0.8227848,0.70847005,0.505073,248.66776150019862,0.0,0.0
-0.08698946,150,0.0,366,54900,0.83346176,0.7464723,0.5472658,240.6639410483022,0.0,0.0
-0.07226902,150,0.0,368,55200,0.7882969,0.71602786,0.45266983,234.17361983992782,0.0,0.0
-0.10562539,150,0.0,370,55500,0.8412758,0.7356504,0.5640522,233.03613594752454,0.0,0.0
-0.12685966,150,0.0,372,55800,0.79177547,0.6649158,0.6649158,233.38615765388792,0.0,0.0
-0.11509991,150,0.0,374,56100,0.824105,0.7090051,0.55250293,263.00127457123784,0.0,0.0
-0.08413619,150,0.0,376,56400,0.8322218,0.7480856,0.52565306,205.74352695564818,0.0,0.0
-0.13273263,150,0.0,377,56550,0.8440154,0.7112828,0.59409004,82.27742470317344,0.0,0.0
-0.07614559,150,0.0,378,56700,0.84036446,0.76421887,0.5502809,79.29327601172261,0.0,0.0
-0.13340169,150,0.0,379,56850,0.8136945,0.6802928,0.67659026,103.02627364388866,0.0,0.0
-0.13986665,150,0.0,381,57150,0.8107709,0.6709043,0.6709043,241.70427775190976,0.0,0.0
-0.13898474,150,0.0,383,57450,0.8231083,0.6841236,0.6841236,246.1388230323232,0.0,0.0
-0.1267839,150,0.0,385,57750,0.845115,0.7183311,0.53522503,224.49385496628554,0.0,0.0
-0.08982152,150,0.0,387,58050,0.7688255,0.67900395,0.4909672,229.7897052469412,0.0,0.0
-0.08419734,150,0.0,389,58350,0.77307296,0.6888756,0.5321879,230.77563015777878,0.0,0.0
-0.09541154,150,0.0,391,58650,0.7710737,0.67566216,0.61360323,250.60160339942666,0.0,0.0
-0.08319968,150,0.0,393,58950,0.751165,0.6679653,0.661897,243.97091174756366,0.0,0.0
-0.121316314,150,0.0,395,59250,0.78200674,0.6606904,0.6606904,88.14471553918912,0.0,0.0
-0.08756006,150,0.0,396,59400,0.78893495,0.7013749,0.5578739,128.97196031780848,0.0,0.0
-0.14204961,150,0.0,398,59700,0.87778044,0.7357308,0.607486,110.16309119287948,0.0,0.0
-0.06197822,150,0.0,400,60000,0.7595266,0.6975484,0.4679899,240.75133769748808,0.0,0.0
-0.08088493,150,0.0,402,60300,0.8033321,0.72244716,0.5227527,228.83505538236253,0.0,0.0
-0.07367927,150,0.0,404,60600,0.7178121,0.64413285,0.63358766,234.1885254078553,0.0,0.0
-0.08631843,150,0.0,406,60900,0.7559644,0.66964597,0.5289644,248.52287540390435,0.0,0.0
-0.14561355,150,0.0,408,61200,0.87876385,0.7331503,0.57183564,230.19461761960673,0.0,0.0
-0.1154356,150,0.0,410,61500,0.88213265,0.76669705,0.5907106,211.61308724177573,0.0,0.0
-0.0724141,150,0.0,412,61800,0.7565681,0.684154,0.6130814,119.56333185608287,0.0,0.0
-0.14382964,150,0.0,413,61950,0.8551475,0.71131784,0.6324687,71.23821062494515,0.0,0.0
-0.13639247,150,0.0,414,62100,0.8009619,0.66456944,0.66456944,75.18916933761481,0.0,0.0
-0.058047593,150,0.0,415,62250,0.8071282,0.7490806,0.5280432,113.36424511930312,0.0,0.0
-0.12821305,150,0.0,417,62550,0.8499629,0.72174984,0.58158827,243.27658322290463,0.0,0.0
-0.11359334,150,0.0,419,62850,0.8296905,0.7160972,0.62013966,243.97233086625423,0.0,0.0
-0.12328547,150,0.0,421,63150,0.8594733,0.7361878,0.5522934,237.23116880766324,0.0,0.0
-0.12866998,150,0.0,423,63450,0.8269878,0.6983178,0.564847,210.79729276955035,0.0,0.0
-0.12494892,150,0.0,425,63750,0.813909,0.6889601,0.5043151,203.94498455206832,0.0,0.0
-0.099957824,150,0.0,427,64050,0.80243236,0.70247453,0.5180736,202.77979310933875,0.0,0.0
-0.090301216,150,0.0,429,64350,0.8286364,0.7383352,0.5268052,182.5126612426439,0.0,0.0
-0.13277745,150,0.0,430,64500,0.8560041,0.72322667,0.52643794,148.63994034987746,0.0,0.0
-0.13354236,150,0.0,431,64650,0.81518173,0.6816394,0.5048891,62.7908494683774,0.0,0.0
-0.13882095,150,0.0,432,64800,0.8217617,0.6829408,0.50687724,80.23742741564298,0.0,0.0
-0.12749207,150,0.0,434,65100,0.8829099,0.7554178,0.6195488,316.53834485236075,0.0,0.0
-0.09956151,150,0.0,437,65550,0.8050471,0.7054856,0.52808523,360.9995019474543,0.0,0.0
-0.109812915,150,0.0,440,66000,0.8031627,0.6933498,0.6138682,354.87927871826287,0.0,0.0
-0.0677672,150,0.0,443,66450,0.7776416,0.7098744,0.48039493,319.4386492243093,0.0,0.0
-0.12759417,150,0.0,446,66900,0.81733745,0.6897433,0.5900856,348.7768195256513,0.0,0.0
-0.08956784,150,0.0,449,67350,0.819931,0.73036313,0.5127485,107.4055092932919,0.0,0.0
-0.08608091,150,0.0,450,67500,0.7885723,0.7024914,0.47686058,126.99408756284905,0.0,0.0
-0.12058103,150,0.0,451,67650,0.82523125,0.7046502,0.58385974,135.67122630696738,0.0,0.0
-0.06837422,150,0.0,453,67950,0.8001603,0.7317861,0.65784925,282.54745833501744,0.0,0.0
-0.14701557,150,0.0,456,68400,0.86444825,0.7174327,0.6570023,320.7488185002218,0.0,0.0
-0.12752277,150,0.0,459,68850,0.87983936,0.7523166,0.73834085,348.2042849655391,0.0,0.0
-0.124080956,150,0.0,462,69300,0.82836074,0.7042798,0.4931904,371.11100493540096,0.0,0.0
-0.11061239,150,0.0,465,69750,0.83782613,0.72721374,0.6725172,327.1883653988668,0.0,0.0
-0.14238346,150,0.0,467,70050,0.8128882,0.67050475,0.51913804,119.08173457202673,0.0,0.0
-0.111349344,150,0.0,468,70200,0.8135712,0.7022219,0.60126853,108.47171483058277,0.0,0.0
-0.06962484,150,0.0,470,70500,0.7531781,0.6835533,0.44567606,337.09315066291254,0.0,0.0
-0.10208541,150,0.0,473,70950,0.8423039,0.74021846,0.5364142,353.3362612083887,0.0,0.0
-0.15136462,150,0.0,476,71400,0.8179932,0.6666286,0.6554941,344.7286260181935,0.0,0.0
-0.1724158,150,0.0,479,71850,0.91022396,0.73780817,0.73780817,333.5280318713272,0.0,0.0
-0.12561381,150,0.0,482,72300,0.83758354,0.71196973,0.71196973,354.19719432649987,0.0,0.0
-0.120797515,150,0.0,485,72750,0.80778325,0.68698573,0.5648028,363.94588006217464,0.0,0.0
-0.11857045,150,0.0,486,72900,0.80131346,0.682743,0.49031758,138.53185374157525,0.0,0.0
-0.11594677,150,0.0,487,73050,0.75242907,0.6364823,0.5699707,71.30323597575163,0.0,0.0
-0.106756866,150,0.0,489,73350,0.7634804,0.65672356,0.63200426,319.8883852985053,0.0,0.0
-0.12782729,150,0.0,492,73800,0.82431954,0.69649225,0.69649225,362.97015102756205,0.0,0.0
-0.13959473,150,0.0,495,74250,0.84681153,0.7072168,0.7072168,345.6010335968412,0.0,0.0
-0.27846903,150,0.0,498,74700,1.068289,0.78982,0.7891027,334.55261682968563,0.0,0.0
-0.14117694,150,0.0,501,75150,0.85999966,0.7188227,0.7188227,322.87968715118205,0.0,0.0
-0.06509793,150,0.0,504,75600,0.8154097,0.7503118,0.7437698,118.10467284035325,0.0,0.0
-0.1123541,150,0.0,505,75750,0.79451156,0.68215746,0.68215746,124.51760101206017,0.0,0.0
-0.23376787,150,0.0,506,75900,0.94538265,0.7116148,0.7116148,131.48030111843153,0.0,0.0
-0.18793869,150,0.0,508,76200,0.8904799,0.70254123,0.70254123,329.17362532491177,0.0,0.0
-0.108999014,150,0.0,511,76650,0.80167854,0.6926795,0.6926795,335.0689688228966,0.0,0.0
-0.10881984,150,0.0,514,77100,0.76559055,0.6567707,0.6567707,351.1080504005277,0.0,0.0
-0.14899957,150,0.0,517,77550,0.87964755,0.730648,0.730648,351.34844135681817,0.0,0.0
-0.13638413,150,0.0,520,78000,0.88962466,0.7532405,0.7532405,326.2211796621981,0.0,0.0
-0.25198174,150,0.0,522,78300,0.92077124,0.6687895,0.6687895,111.49317187045614,0.0,0.0
-0.17356151,150,0.0,523,78450,0.86535484,0.6917933,0.6910238,94.59642610503728,0.0,0.0
-0.13416576,150,0.0,525,78750,0.8655704,0.73140466,0.7292542,336.5934143538581,0.0,0.0
-0.08347261,150,0.0,528,79200,0.8956494,0.81217676,0.7895471,307.47654873181835,0.0,0.0
-0.1279453,150,0.0,531,79650,0.81433123,0.6863859,0.6238171,345.0769085631668,0.0,0.0
-0.098257124,150,0.0,534,80100,0.80668247,0.70842534,0.70842534,365.38656095171336,0.0,0.0
-0.11184651,150,0.0,537,80550,0.8144095,0.702563,0.702563,333.0596065194697,0.0,0.0
-0.09583008,150,0.0,540,81000,0.8816823,0.7858522,0.76615953,312.7491596500804,0.0,0.0
-0.1327166,150,0.0,541,81150,0.8425476,0.709831,0.64547,121.31466175504197,0.0,0.0
-0.08701402,150,0.0,542,81300,0.78444254,0.6974285,0.6242298,89.03411566633547,0.0,0.0
-0.06817818,150,0.0,544,81600,0.8202893,0.75211114,0.7451159,348.9329227711175,0.0,0.0
-0.18449956,150,0.0,547,82050,0.86520225,0.6807027,0.6807027,364.42948704952835,0.0,0.0
-0.034111023,150,0.0,550,82500,0.81783956,0.78372854,0.7712936,360.2334734616895,0.0,0.0
-0.09316826,150,0.0,553,82950,0.75086045,0.6576922,0.44507578,342.5310397957267,0.0,0.0
-0.29416162,150,0.0,556,83400,0.9900433,0.69588166,0.69588166,347.20618888391596,0.0,0.0
-0.0945248,150,0.0,559,83850,0.81549776,0.72097296,0.72097296,109.24870607577431,0.0,0.0
-0.12180728,150,0.0,560,84000,0.7897629,0.66795564,0.5878132,117.00896110975448,0.0,0.0
-0.087546885,150,0.0,561,84150,0.8711677,0.78362083,0.777482,144.02405308931066,0.0,0.0
-0.30835056,150,0.0,563,84450,1.0266907,0.71834016,0.71834016,334.6259279864436,0.0,0.0
-0.12183946,150,0.0,566,84900,0.787896,0.6660565,0.6660565,352.5004370217973,0.0,0.0
-0.15895718,150,0.0,569,85350,0.8471513,0.6881941,0.6694878,365.7521297660309,0.0,0.0
-0.089732945,150,0.0,572,85800,0.79433054,0.7045976,0.7045976,357.434972116298,0.0,0.0
-0.09769648,150,0.0,575,86250,0.80733407,0.7096376,0.7096376,317.0094934715692,0.0,0.0
-0.06571537,150,0.0,577,86550,0.73208255,0.6663672,0.4435043,96.51904613386472,0.0,0.0
-0.039551437,150,0.0,578,86700,0.7932961,0.75374466,0.7393763,106.67301470068358,0.0,0.0
-0.04968947,150,0.0,580,87000,0.76922107,0.7195316,0.70956105,329.51653984001456,0.0,0.0
-0.19419044,150,0.0,583,87450,0.92080224,0.7266118,0.69919693,320.28541058316125,0.0,0.0
-0.27700955,150,0.0,586,87900,0.9997442,0.72273463,0.72273463,356.1533471232979,0.0,0.0
-0.097147286,150,0.0,589,88350,0.75559795,0.65845066,0.35708612,362.21784923479754,0.0,0.0
-0.08879453,150,0.0,592,88800,0.73453707,0.64574254,0.37984714,327.41244264452644,0.0,0.0
-0.16905528,150,0.0,595,89250,0.85770816,0.6886529,0.4829487,211.565125456996,0.0,0.0
-0.23556447,150,0.0,596,89400,0.9281574,0.6925929,0.6925929,101.19608936265078,0.0,0.0
-0.1180495,150,0.0,597,89550,0.76915324,0.65110373,0.39524075,118.33458819218883,0.0,0.0
-0.048168063,150,0.0,599,89850,0.82865787,0.7804898,0.76805145,360.4704167540419,0.0,0.0
-0.055065513,150,0.0,602,90300,0.8016299,0.7465644,0.74074215,335.9883622195093,0.0,0.0
-0.08120972,150,0.0,605,90750,0.78575474,0.704545,0.42164904,329.5262048885344,0.0,0.0
-0.11610353,150,0.0,608,91200,0.7777125,0.661609,0.38552105,356.9810815442072,0.0,0.0
-0.15951413,150,0.0,611,91650,0.84759724,0.6880831,0.47780335,367.1823148959813,0.0,0.0
-0.09466088,150,0.0,613,91950,0.77121943,0.67655855,0.50833994,103.46605059683957,0.0,0.0
-0.13485992,150,0.0,614,92100,0.87781984,0.7429599,0.7429599,118.29800852187847,0.0,0.0
-0.112888575,150,0.0,615,92250,0.88422894,0.77134037,0.77134037,140.75878498467003,0.0,0.0
-0.23064017,150,0.0,617,92550,0.96541214,0.73477197,0.73477197,306.7517051496519,0.0,0.0
-0.18894935,150,0.0,620,93000,0.90302587,0.7140765,0.7140765,339.80502190127953,0.0,0.0
-0.09541172,150,0.0,623,93450,0.83030874,0.734897,0.48154363,337.02579552357616,0.0,0.0
-0.0968737,150,0.0,626,93900,0.80192286,0.70504916,0.70504916,328.70205796147394,0.0,0.0
-0.09894431,150,0.0,629,94350,0.8128843,0.71393996,0.71236914,301.8398373800416,0.0,0.0
-0.081420064,150,0.0,631,94650,0.7884082,0.70698816,0.602526,129.04502526563996,0.0,0.0
-0.12294954,150,0.0,632,94800,0.8503254,0.72737586,0.6007615,109.31389004142889,0.0,0.0
-0.13844466,150,0.0,633,94950,0.813972,0.67552733,0.41848674,144.16718606782769,0.0,0.0
-0.0444144,150,0.0,636,95400,0.7851606,0.7407462,0.7312538,340.26134027615905,0.0,0.0
-0.1516763,150,0.0,639,95850,0.82787406,0.67619777,0.43685788,321.35844422912,0.0,0.0
-0.1409154,150,0.0,642,96300,0.8518686,0.71095324,0.51645035,371.4626810682896,0.0,0.0
-0.12711477,150,0.0,645,96750,0.8204957,0.69338095,0.69338095,353.4210146397035,0.0,0.0
-0.13302022,150,0.0,648,97200,0.8552643,0.7222441,0.5596311,341.8987127150366,0.0,0.0
-0.12757766,150,0.0,650,97500,0.8513466,0.72376895,0.72376895,98.94886832780512,0.0,0.0
-0.12275946,150,0.0,651,97650,0.7968661,0.67410666,0.38306025,125.41629970788154,0.0,0.0
-0.12977141,150,0.0,652,97800,0.77215767,0.64238626,0.37070456,148.9275790050768,0.0,0.0
-0.15040326,150,0.0,655,98250,0.84324855,0.6928453,0.57186157,362.1638455317079,0.0,0.0
-0.08141464,150,0.0,658,98700,0.7827362,0.70132154,0.70132154,339.11323814847134,0.0,0.0
-0.18019056,150,0.0,661,99150,0.88186467,0.7016741,0.7016741,334.8070302783896,0.0,0.0
-0.055021524,150,0.0,664,99600,0.7814337,0.7264122,0.5464612,359.56149364655,0.0,0.0
-0.12224966,150,0.0,667,100050,0.7810524,0.65880275,0.39629313,159.3541394752966,0.0,0.0
-0.13496053,150,0.0,668,100200,0.7914002,0.65643966,0.37574983,96.87401839595275,0.0,0.0
-0.118238926,150,0.0,669,100350,0.839809,0.7215701,0.7215701,117.6229875980401,0.0,0.0
-0.117605925,150,0.0,672,100800,0.85301036,0.73540443,0.73540443,365.16261066248614,0.0,0.0
-0.1419769,150,0.0,675,101250,0.81753594,0.67555904,0.66220254,368.58723155454504,0.0,0.0
-0.091358185,150,0.0,678,101700,0.7625531,0.6711949,0.58320475,333.6651180551136,0.0,0.0
-0.077563524,150,0.0,681,102150,0.7816692,0.7041057,0.7041057,342.767855488955,0.0,0.0
-0.16870868,150,0.0,684,102600,0.88019514,0.71148646,0.70981604,239.57375640873323,0.0,0.0
-0.10230428,150,0.0,685,102750,0.7514679,0.6491636,0.3879746,128.13274168307498,0.0,0.0
-0.113496125,150,0.0,686,102900,0.825853,0.71235687,0.71235687,121.1039117905391,0.0,0.0
-0.14187807,150,0.0,687,103050,0.8342187,0.6923406,0.6923406,120.94713718632872,0.0,0.0
-0.1998986,150,0.0,690,103500,0.90334326,0.70344466,0.70344466,354.5077427083533,0.0,0.0
-0.12605733,150,0.0,693,103950,0.81766284,0.6916055,0.43057397,333.5959417821566,0.0,0.0
-0.06435382,150,0.0,696,104400,0.82071406,0.75636023,0.7411498,331.722172894289,0.0,0.0
-0.078856826,150,0.0,699,104850,0.8255462,0.7466894,0.7451693,360.06874634076826,0.0,0.0
-0.062276423,150,0.0,702,105300,0.8085801,0.7463037,0.74228585,359.73028187979327,0.0,0.0
-0.106277525,150,0.0,704,105600,0.8137421,0.7074646,0.7074646,115.14051120438567,0.0,0.0
-0.15223366,150,0.0,705,105750,0.8723174,0.7200837,0.7200837,121.67510749509593,0.0,0.0
-0.099873126,150,0.0,706,105900,0.83623254,0.7363594,0.7363594,123.98005663927059,0.0,0.0
-0.30814874,150,0.0,708,106200,0.99106824,0.6829195,0.6829195,331.6803762883908,0.0,0.0
-0.1332866,150,0.0,711,106650,0.7998954,0.6666088,0.39415112,350.91241211789935,0.0,0.0
-0.09854138,150,0.0,714,107100,0.8198418,0.7213004,0.7213004,360.82827917860305,0.0,0.0
-0.27109295,150,0.0,717,107550,0.98966193,0.718569,0.718569,346.6668723778709,0.0,0.0
-0.31695932,150,0.0,720,108000,1.0466813,0.72972196,0.72972196,307.85705233190566,0.0,0.0
-0.07761681,150,0.0,722,108300,0.7593095,0.68169266,0.68169266,129.83542576576917,0.0,0.0
-0.0027953982,150,0.0,723,108450,0.68447983,0.68168443,0.3315509,95.23026465162266,0.0,0.0
-0.056521,150,0.0,724,108600,0.75734997,0.70082897,0.5077041,130.6354055882403,0.0,0.0
0.011471391,150,0.0,727,109050,0.7228482,0.73431957,0.7160065,309.67528536199995,0.0,0.0
0.18315053,150,0.0,730,109500,0.5179798,0.70113033,0.3936295,343.31458181792385,0.0,0.0
0.032434583,150,0.0,733,109950,0.7053113,0.7377459,0.7030472,335.41462634448015,0.0,0.0
-0.06990582,150,0.0,736,110400,0.7570376,0.68713176,0.39923197,323.2282048700091,0.0,0.0
-0.095716834,150,0.0,739,110850,0.7822183,0.68650144,0.42923918,168.8360975523358,0.0,0.0
-0.11268669,150,0.0,740,111000,0.824916,0.7122293,0.45328507,91.7167991684713,0.0,0.0
-0.0052235723,150,0.0,741,111150,0.6554938,0.6502702,0.2682989,121.83750405950336,0.0,0.0
-0.07505417,150,0.0,744,111600,0.78504926,0.7099951,0.44948298,311.34631810547296,0.0,0.0
-0.021309376,150,0.0,747,112050,0.68258536,0.661276,0.32154378,344.019116255926,0.0,0.0
-0.03650272,150,0.0,750,112500,0.7851796,0.7486769,0.44691685,343.7090130349748,0.0,0.0
-0.0857268,150,0.0,753,112950,0.7971807,0.7114539,0.42748803,310.088608630593,0.0,0.0
-0.0354324,150,0.0,756,113400,0.70181173,0.66637933,0.3298829,222.52334716502247,0.0,0.0
-0.03927958,150,0.0,757,113550,0.7254231,0.6861435,0.372342,99.05689430729439,0.0,0.0
-0.005294919,150,0.0,758,113700,0.6772625,0.67196757,0.3059481,110.85330418806942,0.0,0.0
-0.026127398,150,0.0,759,113850,0.6983686,0.6722412,0.32648212,141.85089487425765,0.0,0.0
0.031266034,150,0.0,762,114300,0.68583137,0.7170974,0.3770997,338.4204425342847,0.0,0.0
-0.025138497,150,0.0,765,114750,0.663616,0.6384775,0.25856727,316.3281046527179,0.0,0.0
0.023745358,150,0.0,768,115200,0.6807322,0.70447755,0.44509536,345.7544963786614,0.0,0.0
-0.08167273,150,0.0,771,115650,0.75234085,0.6706681,0.3703336,349.5620373472548,0.0,0.0
-0.03431332,150,0.0,773,115950,0.8254744,0.79116106,0.78089595,253.4508471517348,0.0,0.0
-0.020753026,150,0.0,774,116100,0.6816566,0.6609036,0.3014159,135.481820350905,0.0,0.0
-0.034372866,150,0.0,775,116250,0.7390484,0.70467556,0.3694948,102.63622703230205,0.0,0.0
-0.083159745,150,0.0,776,116400,0.7755532,0.6923935,0.3991018,114.40666685578495,0.0,0.0
-0.065113366,150,0.0,779,116850,0.76344067,0.6983273,0.6493111,333.6313224810699,0.0,0.0
-0.12741345,150,0.0,781,117150,0.83891815,0.7115047,0.41352785,270.90611981269177,0.0,0.0
-0.033495426,150,0.0,783,117450,0.6894451,0.65594965,0.30687106,274.2083684368118,0.0,0.0
-0.04302275,150,0.0,785,117750,0.71604866,0.6730259,0.33601347,303.97457447368765,0.0,0.0
-0.045271575,150,0.0,787,118050,0.72398627,0.6787147,0.35426915,273.5952136701588,0.0,0.0
0.04489857,150,0.0,790,118500,0.68033975,0.7252383,0.4186976,312.0681410995351,0.0,0.0
-0.07662952,150,0.0,792,118800,0.7733994,0.6967699,0.3683382,266.2007891090261,0.0,0.0
0.18906987,150,0.0,793,118950,0.5832191,0.772289,0.48855555,74.1823990695506,0.0,0.0
0.111914694,150,0.0,794,119100,0.6237731,0.7356878,0.48715383,61.35111278230096,0.0,0.0
-0.090788126,150,0.0,795,119250,0.73568094,0.6448928,0.27492362,107.5318269257886,0.0,0.0
0.15410239,150,0.0,797,119550,0.55885166,0.71295404,0.43239316,267.42952163722504,0.0,0.0
0.03911984,150,0.0,799,119850,0.6423946,0.68151444,0.37489125,257.9315479362872,0.0,0.0
-0.10055804,150,0.0,801,120150,0.75654894,0.6559909,0.3227834,214.33796988856665,0.0,0.0
-0.086832345,150,0.0,803,120450,0.75520724,0.6683749,0.33229613,228.05392861570314,0.0,0.0
-0.096773446,150,0.0,805,120750,0.8272584,0.73048496,0.4435182,212.1271564782094,0.0,0.0
-0.1325205,150,0.0,807,121050,0.7829155,0.650395,0.33037925,189.35487968063316,0.0,0.0
-0.13798839,150,0.0,809,121350,0.8652473,0.7272589,0.46818727,246.77670072756783,0.0,0.0
-0.09425807,150,0.0,811,121650,0.8002199,0.7059618,0.42200303,240.15784911118263,0.0,0.0
274,41100,0.13300854,10,0.0,806,120760,0.5853449,0.71835345,409,564.4676020145416,0.5853449,1.6751590087547672,0.0,nan
278,41140,0.010033548,10,0.0,813,120830,0.66330767,0.6733412,409,564.4676020145416,0.66330767,53.09057400497198,0.0,0.0
304,41400,-0.031984627,10,0.0,819,120890,0.7034223,0.6714377,409,564.4676020145416,0.6714377,55.44867337361025,0.0,0.0
329,41650,0.08838421,10,0.0,825,120950,0.6197728,0.708157,409,564.4676020145416,0.6197728,56.66500493790133,0.0,0.0
353,41890,0.07990843,10,0.0,831,121010,0.616764,0.69667244,409,564.4676020145416,0.616764,60.291835030265915,0.0,0.0
381,42170,-0.024112046,10,0.0,838,121080,0.69264704,0.668535,409,564.4676020145416,0.668535,50.9324677627161,0.0,0.0
410,42460,0.106131196,10,0.0,844,121140,0.59137577,0.69750696,409,564.4676020145416,0.59137577,54.163242430738315,0.0,0.0
436,42720,0.11670613,10,0.0,849,121190,0.63274324,0.7494494,409,564.4676020145416,0.63274324,34.460041901162555,0.0,0.0
455,42910,0.12096262,10,0.0,853,121230,0.65236473,0.77332735,409,564.4676020145416,0.65236473,40.53944286952832,0.0,0.0
474,43100,-0.02245307,10,0.0,859,121290,0.66823477,0.6457817,409,564.4676020145416,0.6457817,43.890092273434085,0.0,0.0
501,43370,0.10616189,10,0.0,864,121340,0.6270799,0.7332418,409,564.4676020145416,0.6270799,39.7781160348057,0.0,0.0
517,43530,-0.009214163,10,0.0,869,121390,0.70590633,0.69669217,409,564.4676020145416,0.69669217,58.06599163267962,0.0,0.0
542,43780,-0.028822064,10,0.0,875,121450,0.69843304,0.669611,409,564.4676020145416,0.669611,48.65138485165535,0.0,0.0
571,44070,0.08236402,10,0.0,882,121520,0.6214833,0.70384735,409,564.4676020145416,0.6214833,54.84442259311369,0.0,0.0
604,44400,0.13654089,10,0.0,888,121580,0.6016817,0.7382226,409,564.4676020145416,0.6016817,48.46956368998368,0.0,0.0
630,44660,0.04922545,10,0.0,895,121650,0.6597058,0.70893127,409,564.4676020145416,0.6597058,56.74166286747845,0.0,0.0
656,44920,-0.019869864,10,0.0,901,121710,0.6718346,0.6519647,409,564.4676020145416,0.6519647,52.88506590610492,0.0,0.0
681,45170,0.12129253,10,0.0,907,121770,0.641889,0.7631815,409,564.4676020145416,0.641889,61.52784541992571,0.0,0.0
708,45440,0.08407408,10,0.0,913,121830,0.64150864,0.7255827,409,564.4676020145416,0.64150864,62.41551673593781,0.0,0.0
734,45700,-0.0042545795,10,0.0,919,121890,0.6722199,0.6679653,409,564.4676020145416,0.6679653,63.95042904974782,0.0,0.0
761,45970,-0.008832991,10,0.0,926,121960,0.676797,0.667964,409,564.4676020145416,0.667964,55.85784316989595,0.0,0.0
789,46250,0.10900998,10,0.0,933,122030,0.5934814,0.7024914,409,564.4676020145416,0.5934814,73.63660144488628,0.0,0.0
816,46520,0.1150251,10,0.0,940,122100,0.62278306,0.73780817,409,564.4676020145416,0.62278306,78.91951695875183,0.0,0.0
844,46800,0.09842098,10,0.0,946,122160,0.6518908,0.7503118,409,564.4676020145416,0.6518908,54.218063880641004,0.0,0.0
871,47070,0.11882645,10,0.0,953,122230,0.59862703,0.7174535,409,564.4676020145416,0.59862703,58.335162259857775,0.0,0.0
900,47360,0.13094729,10,0.0,960,122300,0.65267354,0.78362083,409,564.4676020145416,0.65267354,70.92292890128157,0.0,0.0
921,47570,-0.03045237,10,0.0,967,122370,0.69994384,0.66949147,409,564.4676020145416,0.66949147,74.89815196758578,0.0,0.0
950,47860,0.08067775,10,0.0,974,122440,0.6813698,0.7620475,409,564.4676020145416,0.6813698,78.45862608214176,0.0,0.0
978,48140,0.06679374,10,0.0,981,122510,0.6569752,0.72376895,409,564.4676020145416,0.6569752,62.636235885841266,0.0,0.0
1007,48430,0.11061275,10,0.0,989,122590,0.592839,0.70345175,409,564.4676020145416,0.592839,67.5265562664417,0.0,0.0
1028,48640,-0.032001495,10,0.0,997,122670,0.6986103,0.6666088,409,564.4676020145416,0.6666088,66.3914118470164,0.0,0.0
1057,48930,0.05838287,10,0.0,1003,122730,0.6287489,0.68713176,409,564.4676020145416,0.6287489,53.833241992019296,0.0,0.0
1082,49180,-0.018962324,10,0.0,1010,122800,0.6574398,0.6384775,409,564.4676020145416,0.6384775,63.31550543818732,0.0,0.0
1124,49600,0.105404794,10,0.0,1018,122880,0.6003017,0.7057065,409,564.4676020145416,0.6003017,69.77690974243971,0.0,0.0
1146,49820,-0.02850622,10,0.0,1026,122960,0.6870405,0.6585343,409,564.4676020145416,0.6585343,74.88344274616996,0.0,0.0
1175,50110,-0.014398873,10,0.0,1032,123020,0.68229187,0.667893,409,564.4676020145416,0.667893,13.216946085764011,0.0,0.0
1196,50320,-0.030672193,10,0.0,1034,123040,0.7054015,0.6747293,409,564.4676020145416,0.6747293,7.1623542253204855,0.0,0.0
1203,50390,0.10751557,10,0.0,1036,123060,0.6107624,0.718278,409,564.4676020145416,0.6107624,16.70575546044241,0.0,0.0
1235,50710,-0.029125571,10,0.0,1043,123130,0.70305,0.67392445,409,564.4676020145416,0.67392445,45.099073138212084,0.0,0.0
1241,50770,0.119876385,10,0.0,1049,123190,0.6209145,0.7407909,409,564.4676020145416,0.6209145,38.68652443281863,0.0,0.0
1268,51040,0.11819732,10,0.0,1055,123250,0.57461345,0.6928108,409,564.4676020145416,0.57461345,44.547037050804796,0.0,0.0
1284,51200,0.06608415,10,0.0,1060,123300,0.6507452,0.71682936,409,564.4676020145416,0.6507452,27.93146963888173,0.0,0.0
1300,51360,0.07302904,10,0.0,1063,123330,0.616872,0.68990105,409,564.4676020145416,0.616872,21.18798706989963,0.0,0.0
1322,51580,0.08130574,10,0.0,1065,123350,0.6784731,0.75977886,410,564.4676020145416,0.6784731,16.1109446613413,0.0,0.0
1333,51690,0.065018594,10,0.0,1071,123410,0.6310828,0.69610137,410,564.4676020145416,0.6310828,49.45151002458248,0.0,0.0
1354,51900,0.115380645,10,0.0,1082,123520,0.63243866,0.7478193,410,564.4676020145416,0.63243866,225.10325876948178,0.0,0.0
1354,51900,0.13875037,10,0.0,1107,123770,0.60609305,0.7448434,410,564.4676020145416,0.60609305,252.9599720159943,0.0,0.0
1354,51900,0.123889446,10,0.0,1130,124000,0.6510279,0.77491736,410,564.4676020145416,0.6510279,246.7556977961854,0.0,0.0
1354,51900,0.058756292,10,0.0,1149,124190,0.62639356,0.68514985,410,564.4676020145416,0.62639356,144.18172318015564,0.0,0.0
1359,51950,-0.015566945,10,0.0,1157,124270,0.6621537,0.6465868,411,572.1085102558136,0.6465868,55.62619360862369,0.0,0.0
1361,51970,-0.020840466,10,0.0,1168,124380,0.7151527,0.6943122,411,572.1085102558136,0.6943122,51.02677555807251,0.0,0.0
1367,52030,0.08539909,10,0.0,1173,124430,0.70888317,0.79428226,412,573.7613296508789,0.70888317,124.39214197589446,0.0,0.0
1367,52030,-0.034236312,10,0.0,1182,124520,0.7091817,0.6749454,413,575.5517463684082,0.6749454,22.72889546874814,0.0,0.0
1373,52090,0.028244197,10,0.0,1192,124620,0.724462,0.75270617,413,575.5517463684082,0.724462,156.8233789735805,0.0,0.0
1380,52160,-0.016142368,10,0.0,1196,124660,0.695284,0.67914164,414,577.178032875061,0.67914164,46.85797276312409,0.0,0.0
1383,52190,-0.01769644,10,0.0,1206,124760,0.71489847,0.697202,415,578.9612226486206,0.697202,32.56626723988667,0.0,0.0
1387,52230,-0.03679359,10,0.0,1210,124800,0.7235841,0.6867905,415,578.9612226486206,0.6867905,127.34323101678963,0.0,0.0
1394,52300,-0.00839752,10,0.0,1219,124890,0.7492371,0.7408396,416,580.8644208908081,0.7408396,20.852566534205625,0.0,0.0
1394,52300,-0.026070893,10,0.0,1229,124990,0.70364106,0.67757016,416,580.8644208908081,0.67757016,141.06182189965628,0.0,0.0
1399,52350,-0.02499336,10,0.0,1234,125040,0.7388864,0.71389306,417,582.6437797546387,0.71389306,83.46192648957995,0.0,0.0
1406,52420,-0.013571501,10,0.0,1245,125150,0.6631971,0.6496256,418,584.2636411190033,0.6496256,21.640995000848758,0.0,0.0
1406,52420,-0.03087455,10,0.0,1254,125240,0.76163644,0.7307619,419,585.8465251922607,0.7307619,118.77977775008779,0.0,0.0
1414,52500,-0.023982048,10,0.0,1262,125320,0.7058714,0.68188936,419,585.8465251922607,0.68188936,140.93100458983784,0.0,0.0
1418,52540,-0.023306191,10,0.0,1271,125410,0.6921158,0.6688096,420,587.4606719017029,0.6688096,23.92997025801302,0.0,0.0
1418,52540,-0.023039222,10,0.0,1281,125510,0.7502903,0.72725105,420,587.4606719017029,0.72725105,148.54455305284034,0.0,0.0
1425,52610,-0.032672584,10,0.0,1286,125560,0.7333283,0.7006557,421,589.0350744724274,0.7006557,128.85686987136754,0.0,0.0
1431,52670,-0.032767296,10,0.0,1297,125670,0.7492344,0.7164671,422,590.6240630149841,0.7164671,32.289236392582175,0.0,0.0
1437,52730,-0.019678831,10,0.0,1309,125790,0.6875677,0.6678889,423,592.1901116371155,0.6678889,25.807956938169994,0.0,0.0
1437,52730,-0.023536146,10,0.0,1318,125880,0.7248666,0.7013305,423,592.1901116371155,0.7013305,145.5198470660482,0.0,0.0
1444,52800,-0.021229684,10,0.0,1323,125930,0.7108466,0.6896169,424,593.7864239215851,0.6896169,30.482192756461735,0.0,0.0
1451,52870,-0.026404083,10,0.0,1335,126050,0.70578027,0.6793762,425,595.3682804107666,0.6793762,21.886655795447133,0.0,0.0
1458,52940,-0.0140628815,10,0.0,1347,126170,0.73764724,0.72358435,426,596.9271857738495,0.72358435,25.568710166087033,0.0,0.0
1458,52940,-0.01336205,10,0.0,1358,126280,0.6959994,0.68263733,426,596.9271857738495,0.68263733,152.77736698514227,0.0,0.0
1463,52990,-0.014293253,10,0.0,1364,126340,0.74021244,0.7259192,427,598.5503187179565,0.7259192,162.0749030094131,0.0,0.0
1469,53050,-0.033191085,10,0.0,1374,126440,0.69965935,0.66646826,428,600.1031992435455,0.66646826,27.032121680845577,0.0,0.0
1469,53050,-0.011317551,10,0.0,1384,126540,0.75965667,0.7483391,428,600.1031992435455,0.7483391,111.13889234829475,0.0,0.0
1477,53130,-0.019068837,10,0.0,1391,126610,0.76192087,0.74285203,429,601.8770687580109,0.74285203,129.75217707382717,0.0,0.0
1482,53180,-0.020554721,10,0.0,1399,126690,0.700858,0.6803033,430,603.5217709541321,0.6803033,23.49772518841916,0.0,0.0
1482,53180,-0.025705636,10,0.0,1409,126790,0.706752,0.68104637,430,603.5217709541321,0.68104637,147.4541568230397,0.0,0.0
1489,53250,-0.016735315,10,0.0,1415,126850,0.8051263,0.788391,431,605.1162114143372,0.788391,142.91082179692052,0.0,0.0
1495,53310,-0.008150935,10,0.0,1425,126950,0.6930651,0.6849142,432,606.6698818206787,0.6849142,22.737803982242596,0.0,0.0
1495,53310,-0.034180224,10,0.0,1437,127070,0.7274242,0.693244,432,606.6698818206787,0.693244,140.87798848605766,0.0,0.0
1501,53370,-0.027386546,10,0.0,1442,127120,0.7376116,0.71022505,433,608.2313463687897,0.71022505,129.1803157512181,0.0,0.0
1508,53440,-0.032158017,10,0.0,1452,127220,0.6937057,0.66154766,434,609.89311170578,0.66154766,38.190481480233714,0.0,0.0
1508,53440,-0.02889353,10,0.0,1464,127340,0.72392005,0.6950265,434,609.89311170578,0.6950265,23.979221800872544,0.0,0.0
1515,53510,-0.007013738,10,0.0,1474,127440,0.76377636,0.7567626,435,611.4366369247437,0.7567626,132.50805605752342,0.0,0.0
1520,53560,-0.020923138,10,0.0,1481,127510,0.76357245,0.7426493,436,613.0382354259491,0.7426493,136.081941736233,0.0,0.0
1522,53580,-0.0065045357,10,0.0,1490,127600,0.72087747,0.71437293,436,613.0382354259491,0.71437293,41.361946020359966,0.0,0.0
1533,53690,-0.03138566,10,0.0,1503,127730,0.7160939,0.68470824,438,616.1895740032196,0.68470824,19.3785185701963,0.0,0.0
1533,53690,-0.023891807,10,0.0,1512,127820,0.7648372,0.7409454,439,617.8380148410797,0.7409454,128.52361764390446,0.0,0.0
1541,53770,-0.010247588,10,0.0,1518,127880,0.6873889,0.6771413,439,617.8380148410797,0.6771413,131.82339334204968,0.0,0.0
1546,53820,-0.015122294,10,0.0,1528,127980,0.72108734,0.70596504,440,619.5015037059784,0.70596504,16.24957286944178,0.0,0.0
1551,53870,-0.005175948,10,0.0,1540,128100,0.74031854,0.7351426,441,621.1844856739044,0.7351426,46.36183262977664,0.0,0.0
1553,53890,-0.017528534,10,0.0,1548,128180,0.66559684,0.6480683,441,621.1844856739044,0.6480683,140.03231794447188,0.0,0.0
1559,53950,-0.026844203,10,0.0,1555,128250,0.74640894,0.71956474,442,622.768878698349,0.71956474,68.76471841954259,0.0,0.0
1559,53950,-0.011792123,10,0.0,1566,128360,0.72675246,0.71496034,442,622.768878698349,0.71496034,38.714591500206296,0.0,0.0
1565,54010,-0.034180522,10,0.0,1573,128430,0.77129126,0.73711073,443,624.3098049163818,0.73711073,138.0004869478242,0.0,0.0
1568,54040,-0.030651867,10,0.0,1579,128490,0.75594664,0.72529477,444,625.9007883071899,0.72529477,15.79112350180621,0.0,0.0
1572,54080,-0.027482092,10,0.0,1590,128600,0.76495445,0.73747236,444,625.9007883071899,0.73747236,100.96659966539485,0.0,0.0
1579,54150,-0.01688391,10,0.0,1594,128640,0.6904654,0.6735815,445,627.7433693408966,0.6735815,125.37376249461954,0.0,0.0
1579,54150,-0.01287818,10,0.0,1604,128740,0.7655473,0.7526691,445,627.7433693408966,0.7526691,23.746191203562688,0.0,0.0
1586,54220,-0.031340122,10,0.0,1614,128840,0.7051084,0.6737683,446,629.4800164699554,0.6737683,131.0617607999375,0.0,0.0
1591,54270,-0.036875665,10,0.0,1619,128890,0.7556999,0.7188242,447,631.2603545188904,0.7188242,67.18744643735313,0.0,0.0
1591,54270,-0.009496629,10,0.0,1630,129000,0.7645607,0.7550641,448,633.0309345722198,0.7550641,72.57108648033248,0.0,0.0
1597,54330,-0.028148293,10,0.0,1633,129030,0.7226989,0.69455063,448,633.0309345722198,0.69455063,99.30026089879873,0.0,0.0
1605,54410,-0.025427759,10,0.0,1643,129130,0.7212669,0.69583917,449,634.8690659999847,0.69583917,19.126187205991524,0.0,0.0
1605,54410,-0.012673914,10,0.0,1655,129250,0.737357,0.7246831,450,636.5654003620148,0.7246831,110.26412574562222,0.0,0.0
1611,54470,-0.029098213,10,0.0,1660,129300,0.7314922,0.702394,450,636.5654003620148,0.702394,133.7060083647863,0.0,0.0
1617,54530,-0.025549889,10,0.0,1670,129400,0.6731682,0.6476183,451,638.2187588214874,0.6476183,32.67739681149687,0.0,0.0
1623,54590,-0.023208976,10,0.0,1682,129520,0.6816666,0.65845764,452,639.7800192832947,0.65845764,26.456893968782623,0.0,0.0
1623,54590,-0.026363134,10,0.0,1691,129610,0.718242,0.69187886,452,639.7800192832947,0.69187886,143.47201745894378,0.0,0.0
1630,54660,-0.031703234,10,0.0,1696,129660,0.70419943,0.6724962,453,641.3253438472748,0.6724962,45.458727031133826,0.0,0.0
1636,54720,-0.030720294,10,0.0,1707,129770,0.73306787,0.7023476,454,642.966894865036,0.7023476,23.01995027524245,0.0,0.0
1636,54720,-0.024576783,10,0.0,1718,129880,0.71489143,0.69031465,455,644.535858631134,0.69031465,116.89843059763265,0.0,0.0
1643,54790,-0.019486308,10,0.0,1723,129930,0.70791906,0.68843275,455,644.535858631134,0.68843275,147.01999383079556,0.0,0.0
1650,54860,-0.03566897,10,0.0,1732,130020,0.7735818,0.73791283,456,646.107809305191,0.73791283,48.79599887849467,0.0,0.0
1655,54910,-0.011310816,10,0.0,1745,130150,0.8002796,0.7889688,457,647.6726980209351,0.7889688,20.543657250444983,0.0,0.0
1655,54910,-0.024670959,10,0.0,1757,130270,0.7008436,0.6761726,458,649.226530790329,0.6761726,128.09538352533013,0.0,0.0
1661,54970,-0.01587832,10,0.0,1762,130320,0.71160156,0.69572324,458,649.226530790329,0.69572324,140.46893262735563,0.0,0.0
1668,55040,-0.023054123,10,0.0,1772,130420,0.7452761,0.722222,459,650.8167636394501,0.722222,24.019401963675723,0.0,0.0
1674,55100,-0.011969924,10,0.0,1784,130540,0.67311406,0.66114414,460,652.3853483200073,0.66114414,23.162878902930053,0.0,0.0
1674,55100,-0.0333184,10,0.0,1793,130630,0.72769606,0.69437766,460,652.3853483200073,0.69437766,148.80700484634323,0.0,0.0
1681,55170,-0.025860965,10,0.0,1798,130680,0.73026633,0.70440537,461,653.9910764694214,0.70440537,40.697493220001846,0.0,0.0
1687,55230,-0.0062125325,10,0.0,1810,130800,0.74397594,0.7377634,462,655.7871873378754,0.7377634,24.501643255292823,0.0,0.0
1687,55230,-0.023899674,10,0.0,1819,130890,0.6932503,0.6693506,462,655.7871873378754,0.6693506,125.72589903689071,0.0,0.0
1694,55300,-0.0042220354,10,0.0,1824,130940,0.7840381,0.7798161,463,657.3950684070587,0.7798161,35.95249197684944,0.0,0.0
1700,55360,-0.01853615,10,0.0,1835,131050,0.7674056,0.7488695,464,659.1094167232513,0.7488695,21.835666501809094,0.0,0.0
1700,55360,-0.020560205,10,0.0,1845,131150,0.6901976,0.6696374,464,659.1094167232513,0.6696374,142.10416829009645,0.0,0.0
1707,55430,-0.015447855,10,0.0,1850,131200,0.78085124,0.7654034,465,660.6997323036194,0.7654034,69.02806509957655,0.0,0.0
1714,55500,-0.015176177,10,0.0,1861,131310,0.6800832,0.66490704,466,662.314825296402,0.66490704,21.67000941342286,0.0,0.0
1719,55550,-0.033655882,10,0.0,1874,131440,0.81028664,0.77663076,467,663.8961806297302,0.77663076,22.68280125811741,0.0,0.0
1719,55550,-0.033540785,10,0.0,1885,131550,0.7126989,0.6791581,468,665.4536287784576,0.6791581,141.40566053638554,0.0,0.0
1725,55610,-0.011956096,10,0.0,1890,131600,0.68727785,0.67532176,468,665.4536287784576,0.67532176,101.81857022520325,0.0,0.0
1731,55670,-0.025391817,10,0.0,1899,131690,0.69136924,0.6659774,469,667.116840839386,0.6659774,18.39711913398571,0.0,0.0
1731,55670,-0.011661947,10,0.0,1907,131770,0.7153285,0.70366657,469,667.116840839386,0.70366657,117.71931843377857,0.0,0.0
1739,55750,-0.024201334,10,0.0,1912,131820,0.7018183,0.67761695,470,668.9024739265442,0.67761695,55.12286092408868,0.0,0.0
1745,55810,-0.028850257,10,0.0,1923,131930,0.7425169,0.7136666,471,670.7466061115265,0.7136666,19.14726438565657,0.0,0.0
1745,55810,-0.026084602,10,0.0,1935,132050,0.71315265,0.68706805,471,670.7466061115265,0.68706805,131.75465380000125,0.0,0.0
1751,55870,-0.012244403,10,0.0,1939,132090,0.7017861,0.6895417,472,672.3636531829834,0.6895417,143.0638829103238,0.0,0.0
1758,55940,-0.026502907,10,0.0,1949,132190,0.7054682,0.6789653,473,674.0833294391632,0.6789653,17.643074585592366,0.0,0.0
1758,55940,-0.015671253,10,0.0,1961,132310,0.7702762,0.75460494,474,675.8103497028351,0.75460494,111.64862778502409,0.0,0.0
1763,55990,-0.025583506,10,0.0,1964,132340,0.7089175,0.683334,474,675.8103497028351,0.683334,78.9432831550933,0.0,0.0
1771,56070,-0.008752346,10,0.0,1974,132440,0.7698656,0.7611132,475,677.6425907611847,0.7611132,23.978933912353458,0.0,0.0
1771,56070,-0.0051419735,10,0.0,1981,132510,0.6980641,0.6929221,475,677.6425907611847,0.6929221,131.37498355582562,0.0,0.0
1778,56140,-0.0134836435,10,0.0,1987,132570,0.7558637,0.7423801,476,679.4454965591431,0.7423801,25.21442733012154,0.0,0.0
1778,56140,-0.00919807,10,0.0,1999,132690,0.7002822,0.69108415,477,681.2061424255371,0.69108415,113.25885901455193,0.0,0.0
1783,56190,-0.033481956,10,0.0,2002,132720,0.7115892,0.67810726,477,681.2061424255371,0.67810726,53.53312137761855,0.0,0.0
1789,56250,-0.025290787,10,0.0,2013,132830,0.71617275,0.69088197,478,683.0712811946869,0.69088197,20.292070458793006,0.0,0.0
1789,56250,-0.030925155,10,0.0,2022,132920,0.67167664,0.6407515,478,683.0712811946869,0.6407515,122.98352714883036,0.0,0.0
1795,56310,-0.031986177,10,0.0,2027,132970,0.7331902,0.701204,479,684.8775868415833,0.701204,19.8508407835639,0.0,0.0
1799,56350,-0.020250559,10,0.0,2036,133060,0.7110575,0.6908069,480,686.8710305690765,0.6908069,59.270463714663215,0.0,0.0
274,41100,-0.019715786,10,0.0,806,120760,0.6631563,0.6434405,409,564.4676020145416,0.6434405,2.902362576103648,0.0,nan
278,41140,0.06512725,10,0.0,818,120880,0.6359425,0.7010698,409,564.4676020145416,0.6359425,133.93229150035444,0.0,0.0
338,41740,0.0885452,10,0.0,831,121010,0.61474633,0.70329154,409,564.4676020145416,0.61474633,85.42875241103853,0.0,0.0
385,42210,0.100545645,10,0.0,839,121090,0.6684366,0.76898223,409,564.4676020145416,0.6684366,55.516120877128195,0.0,0.0
409,42450,-0.01958847,10,0.0,845,121150,0.6726928,0.6531043,409,564.4676020145416,0.6531043,46.0080338201451,0.0,0.0
452,42880,0.032762825,10,0.0,851,121210,0.6366488,0.6694116,409,564.4676020145416,0.6366488,45.09359414191304,0.0,0.0
483,43190,0.12409693,10,0.0,857,121270,0.6137334,0.73783034,409,564.4676020145416,0.6137334,53.60516535368665,0.0,0.0
502,43380,0.107366145,10,0.0,864,121340,0.62587565,0.7332418,409,564.4676020145416,0.62587565,63.81139728311555,0.0,0.0
535,43710,0.08818406,10,0.0,871,121410,0.58988637,0.6780704,409,564.4676020145416,0.58988637,51.15454039866915,0.0,0.0
555,43910,0.060182333,10,0.0,877,121470,0.6676822,0.7278645,409,564.4676020145416,0.6676822,58.530045059565424,0.0,0.0
581,44170,0.09711999,10,0.0,883,121530,0.6167218,0.7138418,409,564.4676020145416,0.6167218,57.31137057710308,0.0,0.0
609,44450,0.11947435,10,0.0,889,121590,0.59732276,0.7167971,409,564.4676020145416,0.59732276,58.67726903270664,0.0,0.0
635,44710,0.0372352,10,0.0,895,121650,0.7102381,0.7474733,409,564.4676020145416,0.7102381,50.83647452663934,0.0,0.0
663,44990,0.046782732,10,0.0,901,121710,0.6008775,0.64766026,409,564.4676020145416,0.6008775,73.94101366240635,0.0,0.0
682,45180,0.120556116,10,0.0,907,121770,0.6426254,0.7631815,409,564.4676020145416,0.6426254,49.29250288811507,0.0,0.0
708,45440,0.014247477,10,0.0,914,121840,0.6506683,0.6649158,409,564.4676020145416,0.6506683,62.274564302661545,0.0,0.0
736,45720,0.102496445,10,0.0,921,121910,0.59505194,0.6975484,409,564.4676020145416,0.59505194,63.56653011613615,0.0,0.0
766,46020,0.06960338,10,0.0,928,121980,0.612036,0.6816394,409,564.4676020145416,0.612036,63.611165877524776,0.0,0.0
788,46240,0.077474475,10,0.0,935,122050,0.6748421,0.7523166,409,564.4676020145416,0.6748421,62.61930995356892,0.0,0.0
817,46530,-0.026307106,10,0.0,942,122120,0.6627894,0.6364823,409,564.4676020145416,0.6364823,69.5351397233385,0.0,0.0
845,46810,0.053736567,10,0.0,948,122180,0.62782276,0.6815593,409,564.4676020145416,0.62782276,56.533789093300946,0.0,0.0
879,47150,0.07570994,10,0.0,955,122250,0.6217186,0.6974285,409,564.4676020145416,0.6217186,41.4370521561216,0.0,0.0
892,47280,-0.031466067,10,0.0,960,122300,0.7114786,0.6800125,409,564.4676020145416,0.6800125,38.668512983528814,0.0,0.0
915,47510,0.13434213,10,0.0,966,122360,0.6082405,0.7425826,409,564.4676020145416,0.6082405,53.287663923283525,0.0,0.0
939,47750,0.090334475,10,0.0,973,122430,0.6810059,0.77134037,409,564.4676020145416,0.6810059,67.18034388589459,0.0,0.0
966,48020,0.077582955,10,0.0,979,122490,0.6464795,0.72406244,409,564.4676020145416,0.6464795,46.9295905762724,0.0,0.0
990,48260,0.082226336,10,0.0,986,122560,0.62301403,0.70524037,409,564.4676020145416,0.62301403,59.61993270855869,0.0,0.0
1017,48530,0.081546724,10,0.0,992,122620,0.66282046,0.7443672,409,564.4676020145416,0.66282046,60.8967168391755,0.0,0.0
1043,48790,-0.007571459,10,0.0,999,122690,0.6731679,0.6655964,409,564.4676020145416,0.6655964,45.8873314632556,0.0,0.0
1070,49060,0.010184705,10,0.0,1005,122750,0.6510913,0.661276,409,564.4676020145416,0.6510913,55.796836546008436,0.0,0.0
1094,49300,0.1323058,10,0.0,1011,122810,0.59061885,0.72292465,409,564.4676020145416,0.59061885,60.4197673849097,0.0,0.0
274,41100,0.1258716,10,0.0,806,120760,0.6200057,0.7458773,409,564.4676020145416,0.6200057,1.5472544440039437,0.0,nan
278,41140,0.12466079,10,0.0,813,120830,0.66280776,0.78746855,409,564.4676020145416,0.66280776,56.134820874108655,0.0,0.0
307,41430,0.09027833,10,0.0,819,120890,0.61188006,0.7021584,409,564.4676020145416,0.61188006,54.40866324464352,0.0,0.0
333,41690,0.11043024,10,0.0,825,120950,0.6240464,0.7344766,409,564.4676020145416,0.6240464,56.24012282360198,0.0,0.0
361,41970,0.092927694,10,0.0,831,121010,0.6359703,0.728898,409,564.4676020145416,0.6359703,52.172827067201546,0.0,0.0
388,42240,-0.024112046,10,0.0,837,121070,0.69264704,0.668535,409,564.4676020145416,0.668535,49.112019746425176,0.0,0.0
416,42520,0.06587809,10,0.0,844,121140,0.6576505,0.72352856,409,564.4676020145416,0.6576505,53.821705744672116,0.0,0.0
444,42800,0.055722,10,0.0,850,121200,0.6308911,0.6866131,409,564.4676020145416,0.6308911,55.77057271721556,0.0,0.0
471,43070,0.08634156,10,0.0,857,121270,0.6323891,0.7187307,409,564.4676020145416,0.6323891,60.641036577167135,0.0,0.0
499,43350,0.08073628,10,0.0,864,121340,0.6298209,0.71055716,409,564.4676020145416,0.6298209,82.65648217122092,0.0,0.0
529,43650,0.059681177,10,0.0,872,121420,0.6316338,0.691315,409,564.4676020145416,0.6316338,74.42158885850809,0.0,0.0
560,43960,0.09331769,10,0.0,879,121490,0.66762936,0.76094705,409,564.4676020145416,0.66762936,74.92611541429675,0.0,0.0
589,44250,0.06858355,10,0.0,887,121570,0.6353937,0.7039772,409,564.4676020145416,0.6353937,88.87216388246162,0.0,0.0
619,44550,-0.028204381,10,0.0,894,121640,0.6855764,0.657372,409,564.4676020145416,0.657372,61.67785728360641,0.0,0.0
648,44840,0.100806355,10,0.0,901,121710,0.6016818,0.7024882,409,564.4676020145416,0.6016818,65.34038721577278,0.0,0.0
676,45120,0.12559706,10,0.0,909,121790,0.559328,0.6849251,409,564.4676020145416,0.559328,77.22325735537798,0.0,0.0
706,45420,0.13817304,10,0.0,916,121860,0.5964644,0.73463744,409,564.4676020145416,0.5964644,59.89723670117815,0.0,0.0
734,45700,0.06771523,10,0.0,924,121940,0.60193074,0.66964597,409,564.4676020145416,0.60193074,67.02982243338656,0.0,0.0
762,45980,0.04842812,10,0.0,931,122010,0.63451266,0.6829408,409,564.4676020145416,0.63451266,68.58559414464723,0.0,0.0
789,46250,0.077474475,10,0.0,938,122080,0.6748421,0.7523166,409,564.4676020145416,0.6748421,52.03767184896522,0.0,0.0
813,46490,0.07977939,10,0.0,945,122150,0.6300692,0.7098486,409,564.4676020145416,0.6300692,63.18540423525442,0.0,0.0
839,46750,0.106503665,10,0.0,952,122220,0.6282249,0.7347286,409,564.4676020145416,0.6282249,64.57066850583773,0.0,0.0
866,47020,0.105457604,10,0.0,959,122290,0.5885315,0.6939891,409,564.4676020145416,0.5885315,72.9023242232311,0.0,0.0
896,47320,0.11648989,10,0.0,965,122350,0.5989977,0.7154876,409,564.4676020145416,0.5989977,60.56205717025021,0.0,0.0
922,47580,-0.0126879215,10,0.0,972,122420,0.68488777,0.67219985,409,564.4676020145416,0.67219985,60.26272875260595,0.0,0.0
948,47840,0.11008781,10,0.0,979,122490,0.61723155,0.72731936,409,564.4676020145416,0.61723155,72.24944059834876,0.0,0.0
977,48130,0.10778308,10,0.0,985,122550,0.6145621,0.7223452,409,564.4676020145416,0.6145621,52.98728599438078,0.0,0.0
1001,48370,0.116613984,10,0.0,992,122620,0.5874917,0.7041057,409,564.4676020145416,0.5874917,56.458679388018275,0.0,0.0
1027,48630,-0.018905222,10,0.0,999,122690,0.6843013,0.6653961,409,564.4676020145416,0.6653961,87.84600208184543,0.0,0.0
1055,48910,0.06870133,10,0.0,1005,122750,0.61843044,0.68713176,409,564.4676020145416,0.61843044,60.551915100645466,0.0,0.0
1083,49190,-0.027417481,10,0.0,1012,122820,0.67875165,0.65133417,409,564.4676020145416,0.65133417,61.308044014640366,0.0,0.0
1313,51490,-0.019715786,10,0.0,1064,123340,0.6631563,0.6434405,410,564.4676020145416,0.6434405,1.7295153976122954,0.0,nan
1317,51530,0.11328697,10,0.0,1072,123420,0.63492054,0.7482075,410,564.4676020145416,0.63492054,52.6066103429592,0.0,0.0
1350,51860,0.086979985,10,0.0,1077,123470,0.68109906,0.76807904,410,564.4676020145416,0.68109906,53.32282379444359,0.0,0.0
1372,52080,0.12538213,10,0.0,1082,123520,0.60759914,0.73298126,410,564.4676020145416,0.60759914,54.952565249803804,0.0,0.0
1402,52380,0.092927694,10,0.0,1088,123580,0.6359703,0.728898,410,564.4676020145416,0.6359703,53.90956086300458,0.0,0.0
1428,52640,0.10326415,10,0.0,1094,123640,0.58466315,0.6879273,410,564.4676020145416,0.58466315,58.69615535860976,0.0,0.0
1454,52900,0.07603085,10,0.0,1100,123700,0.62897533,0.7050062,410,564.4676020145416,0.62897533,53.55896102635742,0.0,0.0
1475,53110,0.0981797,10,0.0,1106,123760,0.610776,0.7089557,410,564.4676020145416,0.610776,61.8963039044676,0.0,0.0
1514,53500,0.047383904,10,0.0,1113,123830,0.64871603,0.69609994,410,564.4676020145416,0.64871603,54.26836179390903,0.0,0.0
1538,53740,-0.01507467,10,0.0,1119,123890,0.70005906,0.6849844,410,564.4676020145416,0.6849844,62.93114235601081,0.0,0.0
1565,54010,0.050718725,10,0.0,1126,123960,0.677805,0.72852373,410,564.4676020145416,0.677805,56.98248397908348,0.0,0.0
1592,54280,-0.023022592,10,0.0,1133,124030,0.68527263,0.66225004,410,564.4676020145416,0.66225004,59.38307804047214,0.0,0.0
1620,54560,0.13025606,10,0.0,1140,124100,0.6242968,0.75455284,410,564.4676020145416,0.6242968,50.902056444517264,0.0,0.0
1653,54890,0.1268236,10,0.0,1147,124170,0.5839674,0.710791,410,564.4676020145416,0.5839674,71.0581028150116,0.0,0.0
1681,55170,0.09728646,10,0.0,1154,124240,0.6860218,0.78330827,410,564.4676020145416,0.6860218,60.82562554201073,0.0,0.0
1709,55450,0.10167515,10,0.0,1161,124310,0.64361423,0.7452894,410,564.4676020145416,0.64361423,48.31624225026322,0.0,0.0
1736,55720,0.10440576,10,0.0,1168,124380,0.6269352,0.73134094,410,564.4676020145416,0.6269352,68.70783268217968,0.0,0.0
1764,56000,0.11169988,10,0.0,1175,124450,0.66850084,0.7802007,410,564.4676020145416,0.66850084,45.06379814944539,0.0,0.0
1794,56300,0.103205085,10,0.0,1182,124520,0.63298273,0.7361878,410,564.4676020145416,0.63298273,64.64540848960493,0.0,0.0
1822,56580,0.11619079,10,0.0,1189,124590,0.5863006,0.7024914,410,564.4676020145416,0.5863006,65.42294098011874,0.0,0.0
1849,56850,0.1112265,10,0.0,1196,124660,0.60742885,0.71865535,410,564.4676020145416,0.60742885,65.18157518493193,0.0,0.0
1878,57140,0.10965788,10,0.0,1203,124730,0.62296027,0.73261815,410,564.4676020145416,0.62296027,70.88002136048007,0.0,0.0
1906,57420,0.10312253,10,0.0,1210,124800,0.6053028,0.70842534,410,564.4676020145416,0.6053028,64.31314582569856,0.0,0.0
1936,57720,-0.031466067,10,0.0,1217,124870,0.7114786,0.6800125,410,564.4676020145416,0.6800125,75.41080989726606,0.0,0.0
1965,58010,0.100783765,10,0.0,1225,124950,0.59180915,0.6925929,410,564.4676020145416,0.59180915,53.88580480466206,0.0,0.0
1993,58290,-0.031642377,10,0.0,1232,125020,0.68514866,0.6535063,410,564.4676020145416,0.6535063,57.78766707127043,0.0,0.0
2022,58580,-0.032745183,10,0.0,1239,125090,0.7107705,0.6780253,410,564.4676020145416,0.6780253,77.71187178655796,0.0,0.0
2052,58880,0.122235715,10,0.0,1247,125170,0.6046094,0.7268451,410,564.4676020145416,0.6046094,59.55999233188728,0.0,0.0
2080,59160,0.12745422,10,0.0,1254,125240,0.59111476,0.718569,410,564.4676020145416,0.59111476,67.18195797027165,0.0,0.0
2109,59450,0.04559672,10,0.0,1261,125310,0.65112746,0.6967242,410,564.4676020145416,0.65112746,59.83315263908702,0.0,0.0
2152,59880,-0.034116566,10,0.0,1269,125390,0.71334225,0.6792257,410,564.4676020145416,0.6792257,61.10511532499621,0.0,0.0
2356,61920,0.067294955,10,0.0,1319,125890,0.6570603,0.7243553,411,564.4676020145416,0.6570603,3.057643185780788,0.0,nan
2360,61960,0.13098681,10,0.0,1327,125970,0.6301149,0.7611017,411,564.4676020145416,0.6301149,54.26091996253499,0.0,0.0
2388,62240,0.1230706,10,0.0,1333,126030,0.5827742,0.7058448,411,564.4676020145416,0.5827742,34.74752294794048,0.0,0.0
2416,62520,0.12538213,10,0.0,1339,126090,0.60759914,0.73298126,411,564.4676020145416,0.60759914,45.32417838320901,0.0,0.0
2438,62740,-0.00797838,10,0.0,1344,126140,0.7265004,0.718522,411,564.4676020145416,0.718522,39.86458050179729,0.0,0.0
2464,63000,-0.02896154,10,0.0,1350,126200,0.7059014,0.67693985,411,564.4676020145416,0.67693985,49.036629835352215,0.0,0.0
2486,63220,0.06270152,10,0.0,1356,126260,0.6765143,0.73921585,411,564.4676020145416,0.6765143,59.157608197403405,0.0,0.0
2510,63460,0.08609694,10,0.0,1363,126330,0.5815016,0.66759855,411,564.4676020145416,0.5815016,57.87769565769356,0.0,0.0
2544,63800,0.105273485,10,0.0,1370,126400,0.599776,0.7050495,411,564.4676020145416,0.599776,44.19178307347695,0.0,0.0
2564,64000,0.096201,10,0.0,1376,126460,0.622607,0.718808,411,564.4676020145416,0.622607,45.37006809343782,0.0,0.0
2588,64240,-0.030923128,10,0.0,1381,126510,0.6948091,0.66388595,411,564.4676020145416,0.66388595,55.96494505318553,0.0,0.0
2612,64480,-0.022710264,10,0.0,1387,126570,0.6676422,0.6449319,411,564.4676020145416,0.6449319,61.30463887841397,0.0,0.0
2639,64750,0.05687499,10,0.0,1393,126630,0.6240762,0.6809512,411,564.4676020145416,0.6240762,62.27169812441262,0.0,0.0
2665,65010,-0.029543638,10,0.0,1399,126690,0.7117105,0.6821669,411,564.4676020145416,0.6821669,51.1968126984282,0.0,0.0
2693,65290,0.1268236,10,0.0,1405,126750,0.5839674,0.710791,411,564.4676020145416,0.5839674,49.4990151660882,0.0,0.0
2712,65480,0.08414924,10,0.0,1411,126810,0.69574064,0.7798899,411,564.4676020145416,0.69574064,53.59427449166436,0.0,0.0
2738,65740,0.14626664,10,0.0,1417,126870,0.56982595,0.7160926,411,564.4676020145416,0.56982595,62.52055545949427,0.0,0.0
2765,66010,0.09441513,10,0.0,1423,126930,0.6301984,0.72461355,411,564.4676020145416,0.6301984,55.271117202118965,0.0,0.0
2791,66270,0.03744644,10,0.0,1429,126990,0.67383635,0.7112828,411,564.4676020145416,0.67383635,61.413971031808785,0.0,0.0
2818,66540,0.058172524,10,0.0,1436,127060,0.6398938,0.6980663,411,564.4676020145416,0.6398938,55.074149064962825,0.0,0.0
2846,66820,0.11301482,10,0.0,1443,127130,0.59545404,0.70846885,411,564.4676020145416,0.59545404,53.91316419314784,0.0,0.0
2866,67020,0.113787115,10,0.0,1449,127190,0.5769136,0.6907007,411,564.4676020145416,0.5769136,59.21557056151888,0.0,0.0
2893,67290,0.086087584,10,0.0,1456,127260,0.6219232,0.7080108,411,564.4676020145416,0.6219232,72.79427129433898,0.0,0.0
2921,67570,0.07965702,10,0.0,1463,127330,0.65099096,0.730648,411,564.4676020145416,0.65099096,59.960858147237985,0.0,0.0
2950,67860,0.07229167,10,0.0,1470,127400,0.68881285,0.7611045,411,564.4676020145416,0.68881285,65.26636831589497,0.0,0.0
2978,68140,-0.022305667,10,0.0,1477,127470,0.69778824,0.6754826,411,564.4676020145416,0.6754826,62.45287710599394,0.0,0.0
3004,68400,0.104270935,10,0.0,1484,127540,0.64229345,0.7465644,411,564.4676020145416,0.64229345,60.1541751343475,0.0,0.0
3039,68750,0.086586475,10,0.0,1491,127610,0.5960628,0.68264925,411,564.4676020145416,0.5960628,64.23671212736141,0.0,0.0
3067,69030,0.12659824,10,0.0,1498,127680,0.578267,0.7048652,411,564.4676020145416,0.578267,65.99954366999472,0.0,0.0
3088,69240,-0.013258576,10,0.0,1505,127750,0.71430784,0.70104927,411,564.4676020145416,0.70104927,73.44949443652526,0.0,0.0
3122,69580,0.07414502,10,0.0,1512,127820,0.6642522,0.73839724,411,564.4676020145416,0.6642522,58.40437012374869,0.0,0.0
3394,72300,0.097114325,10,0.0,1578,128480,0.6541268,0.75124115,412,564.4676020145416,0.6541268,2.7306453334999987,0.0,nan
3398,72340,-0.023278415,10,0.0,1583,128530,0.67226124,0.6489828,412,564.4676020145416,0.6489828,31.85507825345964,0.0,0.0
3416,72520,-0.025889933,10,0.0,1588,128580,0.71729076,0.6914008,412,564.4676020145416,0.6914008,48.7197643407395,0.0,0.0
3440,72760,-0.005882144,10,0.0,1593,128630,0.7025564,0.6966742,412,564.4676020145416,0.6966742,57.569307379153024,0.0,0.0
3460,72960,0.12384069,10,0.0,1598,128680,0.6488214,0.7726621,412,564.4676020145416,0.6488214,49.578471689482065,0.0,0.0
3480,73160,0.12292731,10,0.0,1603,128730,0.61537653,0.73830384,412,564.4676020145416,0.61537653,50.127209190039345,0.0,0.0
3500,73360,-0.017861187,10,0.0,1609,128790,0.69019425,0.67233306,412,564.4676020145416,0.67233306,50.46258832418359,0.0,0.0
3515,73510,0.07301718,10,0.0,1614,128840,0.60057086,0.67358804,412,564.4676020145416,0.60057086,51.410045682249134,0.0,0.0
3538,73740,0.10500568,10,0.0,1620,128900,0.6335264,0.73853207,412,564.4676020145416,0.6335264,66.40696890149871,0.0,0.0
3568,74040,0.04696566,10,0.0,1626,128960,0.6892708,0.73623645,412,564.4676020145416,0.6892708,88.34893826765219,0.0,0.0
3587,74230,0.07136816,10,0.0,1632,129020,0.6186017,0.68996984,412,564.4676020145416,0.6186017,60.75839640748923,0.0,0.0
3613,74490,0.076692104,10,0.0,1639,129090,0.6570398,0.7337319,412,564.4676020145416,0.6570398,61.83507419228813,0.0,0.0
3639,74750,-0.036390424,10,0.0,1646,129160,0.7287766,0.69238615,412,564.4676020145416,0.69238615,61.91064788915343,0.0,0.0
3664,75000,0.081026256,10,0.0,1653,129230,0.6253344,0.70636064,412,564.4676020145416,0.6253344,56.00410186292942,0.0,0.0
3695,75310,0.13025606,10,0.0,1659,129290,0.6242968,0.75455284,412,564.4676020145416,0.6242968,44.519045531594664,0.0,0.0
3721,75570,0.025865495,10,0.0,1665,129350,0.6812892,0.7071547,412,564.4676020145416,0.6812892,62.53323234913498,0.0,0.0
3747,75830,-0.02498269,10,0.0,1672,129420,0.66339964,0.63841695,412,564.4676020145416,0.63841695,53.58934423611333,0.0,0.0
3774,76100,0.14626664,10,0.0,1678,129480,0.56982595,0.7160926,412,564.4676020145416,0.56982595,53.56600631404722,0.0,0.0
3810,76460,0.10659778,10,0.0,1685,129550,0.6813375,0.78793526,412,564.4676020145416,0.6813375,49.227244612566004,0.0,0.0
3834,76700,0.08087015,10,0.0,1691,129610,0.6365386,0.7174088,412,564.4676020145416,0.6365386,48.36599588791987,0.0,0.0
3858,76940,0.08304793,10,0.0,1697,129670,0.59664845,0.6796964,412,564.4676020145416,0.59664845,54.72613472822236,0.0,0.0
3889,77250,0.036745608,10,0.0,1703,129730,0.6657289,0.70247453,412,564.4676020145416,0.6657289,54.3556394748335,0.0,0.0
3902,77380,0.04738033,10,0.0,1709,129790,0.6531911,0.7005714,412,564.4676020145416,0.6531911,57.90422336101785,0.0,0.0
3920,77560,0.09519082,10,0.0,1715,129850,0.5752206,0.6704114,412,564.4676020145416,0.5752206,66.22578292022851,0.0,0.0
3944,77800,0.06452072,10,0.0,1721,129910,0.61987394,0.68439466,412,564.4676020145416,0.61987394,62.33574147255658,0.0,0.0
3981,78170,0.11863768,10,0.0,1727,129970,0.6753455,0.79398316,412,564.4676020145416,0.6753455,60.85651439615096,0.0,0.0
4008,78440,0.028262377,10,0.0,1734,130040,0.6676193,0.69588166,412,564.4676020145416,0.6676193,65.77247259286905,0.0,0.0
4044,78800,0.101626456,10,0.0,1741,130110,0.56488556,0.666512,412,564.4676020145416,0.56488556,73.20221650159256,0.0,0.0
4073,79090,0.102167964,10,0.0,1748,130180,0.64079195,0.7429599,412,564.4676020145416,0.64079195,65.0546968909707,0.0,0.0
4102,79380,0.066369414,10,0.0,1755,130250,0.62701154,0.69338095,412,564.4676020145416,0.62701154,66.33890809706226,0.0,0.0
4128,79640,0.10947168,10,0.0,1761,130310,0.60798335,0.717455,412,564.4676020145416,0.60798335,84.40211452822557,0.0,0.0
4149,79850,-0.022451103,10,0.0,1768,130380,0.721294,0.6988429,412,564.4676020145416,0.6988429,77.57575757575758,0.0,0.0
4177,80130,0.012591183,10,0.0,1775,130450,0.6704473,0.6830385,412,564.4676020145416,0.6704473,73.30161936951895,0.0,0.0
4203,80390,0.095085025,10,0.0,1781,130510,0.6163689,0.7114539,412,564.4676020145416,0.6163689,51.88594331803506,0.0,0.0
4224,80600,0.022164166,10,0.0,1787,130570,0.66196805,0.6841322,412,564.4676020145416,0.66196805,40.1394539171411,0.0,0.0
4249,80850,0.10275626,10,0.0,1793,130630,0.5787582,0.68151444,412,564.4676020145416,0.5787582,60.65559403900245,0.0,0.0
4274,81100,-0.0063640475,10,0.0,1799,130690,0.7055792,0.6992152,412,564.4676020145416,0.6992152,67.50862306232587,0.0,0.0
4298,81340,0.08222103,10,0.0,1805,130750,0.6114423,0.69366336,412,564.4676020145416,0.6114423,37.12210375203453,0.0,0.0
4314,81500,0.017317057,10,0.0,1807,130770,0.66756284,0.6848799,412,564.4676020145416,0.66756284,8.664615872781093,0.0,0.0
4321,81570,0.046739697,10,0.0,1809,130790,0.6916814,0.7384211,412,564.4676020145416,0.6916814,8.201199118464324,0.0,0.0
4329,81650,0.112935364,10,0.0,1811,130810,0.5730127,0.6859481,412,564.4676020145416,0.5730127,8.034032406945391,0.0,0.0
4337,81730,0.10058403,10,0.0,1813,130830,0.6022895,0.7028735,412,564.4676020145416,0.6022895,16.00824399161861,0.0,0.0
4351,81870,0.11059427,10,0.0,1818,130880,0.6068362,0.7174305,412,564.4676020145416,0.6068362,50.0311807409422,0.0,0.0
4371,82070,-0.03011477,10,0.0,1823,130930,0.7130968,0.682982,412,564.4676020145416,0.682982,46.54576446487348,0.0,0.0
4391,82270,-0.028393269,10,0.0,1828,130980,0.6822335,0.65384024,412,564.4676020145416,0.65384024,48.26959040570447,0.0,0.0
4411,82470,0.096776485,10,0.0,1833,131030,0.6369051,0.73368156,412,564.4676020145416,0.6369051,53.40953254128943,0.0,0.0
4431,82670,0.07336551,10,0.0,1837,131070,0.61653554,0.68990105,412,564.4676020145416,0.61653554,30.536786734861032,0.0,0.0
4445,82810,0.11108017,10,0.0,1841,131110,0.6310642,0.74214435,413,564.4676020145416,0.6310642,16.111093185586036,0.0,0.0
4458,82940,0.06805396,10,0.0,1844,131140,0.6055005,0.6735545,413,564.4676020145416,0.6055005,52.879865250587514,0.0,0.0
4472,83080,0.110515356,10,0.0,1849,131190,0.5548824,0.66539776,413,564.4676020145416,0.5548824,56.100057915032096,0.0,0.0
4492,83280,0.0010285378,10,0.0,1854,131240,0.66235423,0.66338277,413,564.4676020145416,0.66235423,42.75757174167899,0.0,0.0
4515,83510,0.036919713,10,0.0,1859,131290,0.6203372,0.6572569,413,564.4676020145416,0.6203372,49.55937418396609,0.0,0.0
4515,83510,-0.008721292,10,0.0,1880,131500,0.66616637,0.6574451,413,564.4676020145416,0.6574451,159.69844539462912,0.0,0.0
4515,83510,0.13159233,10,0.0,1896,131660,0.6663302,0.79792255,413,564.4676020145416,0.6663302,150.51366151593663,0.0,0.0
4525,83610,0.06353152,10,0.0,1901,131710,0.61670506,0.6802366,414,572.125650882721,0.61670506,70.75984560153319,0.0,0.0
4533,83690,0.017234266,10,0.0,1911,131810,0.68265945,0.6998937,415,573.8026840686798,0.68265945,25.424693140619155,0.0,0.0
4533,83690,0.050905168,10,0.0,1924,131940,0.6800122,0.7309174,415,573.8026840686798,0.6800122,118.33374242129288,0.0,0.0
4537,83730,-0.028918207,10,0.0,1928,131980,0.74419636,0.71527815,416,575.3829369544983,0.71527815,43.53222749700569,0.0,0.0
4546,83820,-0.021344662,10,0.0,1937,132070,0.6971432,0.67579854,417,577.1129710674286,0.67579854,20.23285879124908,0.0,0.0
4546,83820,-0.016121507,10,0.0,1946,132160,0.6795501,0.6634286,417,577.1129710674286,0.6634286,130.44910552113657,0.0,0.0
4552,83880,-0.016733944,10,0.0,1951,132210,0.7150498,0.69831586,418,578.9773137569427,0.69831586,91.26384960181035,0.0,0.0
4557,83930,-0.018170774,10,0.0,1964,132340,0.78466225,0.7664915,419,580.7354125976562,0.7664915,30.924512498672865,0.0,0.0
4557,83930,-0.023387074,10,0.0,1968,132380,0.7099986,0.68661153,419,580.7354125976562,0.68661153,112.5890930175126,0.0,0.0
4565,84010,-0.0073283315,10,0.0,1977,132470,0.7091179,0.70178956,420,582.7032315731049,0.70178956,25.55582635483588,0.0,0.0
4565,84010,-0.028905809,10,0.0,1988,132580,0.7401229,0.7112171,420,582.7032315731049,0.7112171,131.30342228177162,0.0,0.0
4569,84050,-0.027200282,10,0.0,1992,132620,0.7119,0.6846997,421,584.5029978752136,0.6846997,24.76761523576246,0.0,0.0
4578,84140,-0.018581986,10,0.0,2002,132720,0.698237,0.679655,422,586.2195272445679,0.679655,24.18313737609491,0.0,0.0
4578,84140,-0.022633612,10,0.0,2012,132820,0.6990071,0.6763735,422,586.2195272445679,0.6763735,129.84576901882843,0.0,0.0
4584,84200,-0.016210794,10,0.0,2018,132880,0.78345585,0.76724505,423,587.8953657150269,0.76724505,141.11782518000135,0.0,0.0
4589,84250,-0.020679116,10,0.0,2029,132990,0.7016352,0.68095607,424,589.5594873428345,0.68095607,15.042896404850534,0.0,0.0
4589,84250,-0.005471885,10,0.0,2037,133070,0.7223807,0.7169088,424,589.5594873428345,0.7169088,107.50325510821312,0.0,0.0
4595,84310,-0.027486145,10,0.0,2044,133140,0.7566061,0.72911996,425,591.4651536941528,0.72911996,108.04269875942794,0.0,0.0
4595,84310,-0.016924381,10,0.0,2056,133260,0.71328175,0.69635737,426,593.3686282634735,0.69635737,111.41374162598085,0.0,0.0
4595,84310,-0.029233873,10,0.0,2068,133380,0.7213833,0.6921494,426,593.3686282634735,0.6921494,142.67262170004184,0.0,0.0
4595,84310,-0.021389425,10,0.0,2081,133510,0.7287812,0.7073918,427,594.9830167293549,0.7073918,126.39879938884553,0.0,0.0
4595,84310,-0.018990457,10,0.0,2094,133640,0.7713482,0.7523577,428,596.4730055332184,0.7523577,140.32184031100078,0.0,0.0
4595,84310,-0.033260226,10,0.0,2107,133770,0.7391025,0.70584226,428,596.4730055332184,0.70584226,138.04227197030036,0.0,0.0
4595,84310,-0.01364702,10,0.0,2121,133910,0.6907653,0.6771183,429,597.9513282775879,0.6771183,149.43312871195414,0.0,0.0
4595,84310,-0.026278257,10,0.0,2136,134060,0.7131024,0.68682414,430,599.3699188232422,0.68682414,119.46929172434616,0.0,0.0
4595,84310,-0.025903046,10,0.0,2149,134190,0.6839326,0.65802956,430,599.3699188232422,0.65802956,118.86628936770778,0.0,0.0
4595,84310,-0.03652382,10,0.0,2160,134300,0.73208135,0.69555753,431,600.9190180301666,0.69555753,104.34812030262245,0.0,0.0
4595,84310,-0.029996872,10,0.0,2170,134400,0.7214689,0.69147205,431,600.9190180301666,0.69147205,89.01399842103923,0.0,0.0
4595,84310,-0.012213886,10,0.0,2179,134490,0.6748063,0.6625924,432,602.8739123344421,0.6625924,98.66350514687895,0.0,0.0
4595,84310,-0.012903988,10,0.0,2190,134600,0.7159753,0.7030713,433,604.7873022556305,0.7030713,104.02617082964407,0.0,0.0
4603,84390,-0.026454687,10,0.0,2192,134620,0.7255754,0.6991207,433,604.7873022556305,0.6991207,15.915662966056257,0.0,0.0
4603,84390,-0.024096608,10,0.0,2198,134680,0.6820269,0.6579303,433,604.7873022556305,0.6579303,84.48593010373654,0.0,0.0
4609,84450,-0.034568906,10,0.0,2205,134750,0.7735416,0.7389727,434,607.6542253494263,0.7389727,10.784080005183387,0.0,0.0
4609,84450,-0.019165397,10,0.0,2212,134820,0.7263371,0.7071717,434,607.6542253494263,0.7071717,92.26869053511521,0.0,0.0
4615,84510,-0.016162157,10,0.0,2218,134880,0.75384766,0.7376855,435,610.5298035144806,0.7376855,12.029378925791798,0.0,0.0
4615,84510,-0.023070037,10,0.0,2224,134940,0.7283274,0.70525736,435,610.5298035144806,0.70525736,71.97383458543399,0.0,0.0
4615,84510,-0.015412211,10,0.0,2232,135020,0.72553736,0.71012515,436,613.4888124465942,0.71012515,55.161138020418925,0.0,0.0
4621,84570,-0.011349976,10,0.0,2234,135040,0.7506108,0.73926085,436,613.4888124465942,0.73926085,26.08294197245881,0.0,0.0
4621,84570,-0.03502053,10,0.0,2244,135140,0.7264779,0.6914574,437,615.6896262168884,0.6914574,95.62674983812572,0.0,0.0
4629,84650,-0.018740475,10,0.0,2248,135180,0.7675566,0.74881613,437,615.6896262168884,0.74881613,88.5782468944952,0.0,0.0
4634,84700,-0.009806335,10,0.0,2258,135280,0.747637,0.73783064,438,617.8744070529938,0.73783064,24.59428239038629,0.0,0.0
4634,84700,-0.015475035,10,0.0,2263,135330,0.74547637,0.73000133,438,617.8744070529938,0.73000133,114.35382774010792,0.0,0.0
4640,84760,-0.006488323,10,0.0,2271,135410,0.72086126,0.71437293,439,620.007034778595,0.71437293,32.52003473514452,0.0,0.0
4642,84780,-0.007555425,10,0.0,2279,135490,0.71777964,0.7102242,439,620.007034778595,0.7102242,104.50645830011163,0.0,0.0
4647,84830,-0.0310722,10,0.0,2286,135560,0.73428667,0.70321447,440,622.258707523346,0.70321447,17.143013624724368,0.0,0.0
4647,84830,-0.03504038,10,0.0,2295,135650,0.77223283,0.73719245,440,622.258707523346,0.73719245,127.529082672018,0.0,0.0
4653,84890,-0.034665763,10,0.0,2301,135710,0.71860945,0.6839437,441,624.3434450626373,0.6839437,17.035895857051816,0.0,0.0
4655,84910,-0.024478614,10,0.0,2309,135790,0.7231536,0.698675,441,624.3434450626373,0.698675,112.09291759870223,0.0,0.0
4661,84970,-0.033042848,10,0.0,2315,135850,0.71767884,0.684636,442,626.5240671634674,0.684636,78.18615306896622,0.0,0.0
4663,84990,-0.010190308,10,0.0,2327,135970,0.6718845,0.66169417,443,628.5959794521332,0.66169417,48.74643348174698,0.0,0.0
4665,85010,-0.0264498,10,0.0,2330,136000,0.71863735,0.69218755,443,628.5959794521332,0.69218755,85.5304891850722,0.0,0.0
4673,85090,-0.013723433,10,0.0,2340,136100,0.75189376,0.7381703,444,630.4164862632751,0.7381703,19.102232804454495,0.0,0.0
4673,85090,-0.022947192,10,0.0,2349,136190,0.7244159,0.7014687,444,630.4164862632751,0.7014687,119.99736791662018,0.0,0.0
4678,85140,-0.008816004,10,0.0,2354,136240,0.7336003,0.7247843,445,632.3202004432678,0.7247843,26.838718924788566,0.0,0.0
4678,85140,-0.0122666955,10,0.0,2365,136350,0.78489864,0.77263194,446,634.2572357654572,0.77263194,88.57712451427606,0.0,0.0
4685,85210,-0.013268411,10,0.0,2367,136370,0.7784293,0.7651609,446,634.2572357654572,0.7651609,15.71059245691512,0.0,0.0
4685,85210,-0.018328607,10,0.0,2376,136460,0.7414934,0.7231648,447,636.4741356372833,0.7231648,84.9314158664847,0.0,0.0
4693,85290,-0.018158793,10,0.0,2380,136500,0.72028506,0.70212626,447,636.4741356372833,0.70212626,79.98932027355356,0.0,0.0
4693,85290,-0.026110947,10,0.0,2390,136600,0.68105584,0.6549449,447,636.4741356372833,0.6549449,62.966570387139775,0.0,0.0
4698,85340,-0.03134048,10,0.0,2395,136650,0.70510876,0.6737683,448,638.9114906787872,0.6737683,25.621549374412805,0.0,0.0
4706,85420,-0.025496602,10,0.0,2406,136760,0.75444824,0.72895163,449,640.8005955219269,0.72895163,23.980962988289402,0.0,0.0
4706,85420,-0.013102889,10,0.0,2417,136870,0.6910223,0.6779194,449,640.8005955219269,0.6779194,146.99165565652567,0.0,0.0
4711,85470,-0.031634986,10,0.0,2421,136910,0.77100426,0.7393693,450,642.4632678031921,0.7393693,102.57103519785188,0.0,0.0
4717,85530,-0.031518817,10,0.0,2433,137030,0.77593243,0.7444136,451,644.110643863678,0.7444136,18.956680751324363,0.0,0.0
4719,85550,-0.021491647,10,0.0,2439,137090,0.67297643,0.6514848,451,644.110643863678,0.6514848,127.27985579636699,0.0,0.0
4726,85620,-0.02837807,10,0.0,2446,137160,0.76270443,0.73432636,452,646.1318717002869,0.73432636,25.24926271356324,0.0,0.0
4726,85620,-0.012707591,10,0.0,2458,137280,0.7331535,0.72044593,452,646.1318717002869,0.72044593,113.27109365927694,0.0,0.0
4730,85660,-0.03277588,10,0.0,2461,137310,0.7711039,0.73832804,453,648.0104932785034,0.73832804,26.311406868197185,0.0,0.0
4730,85660,-0.024588943,10,0.0,2471,137410,0.7100291,0.6854402,453,648.0104932785034,0.6854402,105.26840996990757,0.0,0.0
4737,85730,-0.026278555,10,0.0,2475,137450,0.6910865,0.6648079,454,650.0172803401947,0.6648079,24.08631394699787,0.0,0.0
4737,85730,-0.015869796,10,0.0,2486,137560,0.74922603,0.73335624,455,652.2916345596313,0.73335624,101.2097476696178,0.0,0.0
4743,85790,-0.02893114,10,0.0,2489,137590,0.7706318,0.74170065,455,652.2916345596313,0.74170065,31.14891354315119,0.0,0.0
4743,85790,-0.02180165,10,0.0,2499,137690,0.69432384,0.6725222,455,652.2916345596313,0.6725222,96.4886563881719,0.0,0.0
4750,85860,-0.017205417,10,0.0,2503,137730,0.70034415,0.6831387,456,654.4982194900513,0.6831387,20.050414005781406,0.0,0.0
4750,85860,-0.02083826,10,0.0,2514,137840,0.6912902,0.67045194,457,656.8316769599915,0.67045194,104.12352911970608,0.0,0.0
4757,85930,-0.023025215,10,0.0,2518,137880,0.72206646,0.69904125,457,656.8316769599915,0.69904125,111.66200332778702,0.0,0.0
4757,85930,-0.03456074,10,0.0,2529,137990,0.7440961,0.70953536,458,658.8656904697418,0.70953536,22.60206701776187,0.0,0.0
4762,85980,-0.013109744,10,0.0,2532,138020,0.718301,0.70519125,458,658.8656904697418,0.70519125,62.35538805759353,0.0,0.0
4764,86000,-0.021764457,10,0.0,2541,138110,0.6668937,0.64512926,458,658.8656904697418,0.64512926,20.3842398575831,0.0,0.0
4770,86060,-0.01616168,10,0.0,2550,138200,0.7451988,0.7290371,459,661.221022605896,0.7290371,118.55985934403894,0.0,0.0
4770,86060,-0.03719288,10,0.0,2556,138260,0.7238647,0.6866718,459,661.221022605896,0.6866718,37.63223037797283,0.0,0.0
4775,86110,-0.019048274,10,0.0,2567,138370,0.7084394,0.68939114,460,663.3204011917114,0.68939114,114.46961344060784,0.0,0.0
4775,86110,-0.03227943,10,0.0,2570,138400,0.75947475,0.7271953,461,665.3579967021942,0.7271953,14.132728170240869,0.0,0.0
4781,86170,-0.009040654,10,0.0,2578,138480,0.72957736,0.7205367,461,665.3579967021942,0.7205367,113.41320895017914,0.0,0.0
4781,86170,-0.026794553,10,0.0,2584,138540,0.672176,0.64538145,462,667.5489451885223,0.64538145,55.82520550278973,0.0,0.0
4789,86250,-0.011114836,10,0.0,2594,138640,0.8002373,0.78912246,462,667.5489451885223,0.78912246,96.74125090241466,0.0,0.0
4793,86290,-0.01585269,10,0.0,2598,138680,0.66237724,0.64652455,463,669.641001701355,0.64652455,15.634805758887317,0.0,0.0
4793,86290,-0.025683522,10,0.0,2607,138770,0.7195306,0.69384706,463,669.641001701355,0.69384706,100.10487098768232,0.0,0.0
4801,86370,-0.02971685,10,0.0,2611,138810,0.72579634,0.6960795,464,672.147314786911,0.6960795,34.17744582444464,0.0,0.0
4801,86370,-0.027358234,10,0.0,2621,138910,0.6961831,0.66882485,464,672.147314786911,0.66882485,106.70330033758945,0.0,0.0
4807,86430,-0.03198129,10,0.0,2624,138940,0.7150975,0.6831162,465,674.4104137420654,0.6831162,30.79403047316143,0.0,0.0
4807,86430,-0.0152109265,10,0.0,2633,139030,0.7303038,0.7150929,465,674.4104137420654,0.7150929,110.13239086025176,0.0,0.0
4814,86500,-0.015448213,10,0.0,2638,139080,0.7808516,0.7654034,466,676.7088179588318,0.7654034,20.47975000305172,0.0,0.0
4814,86500,-0.028836012,10,0.0,2646,139160,0.722289,0.693453,466,676.7088179588318,0.693453,103.23881537492123,0.0,0.0
4821,86570,-0.02370274,10,0.0,2651,139210,0.78481686,0.7611141,467,679.334193944931,0.7611141,33.48863353283468,0.0,0.0
4821,86570,-0.03036052,10,0.0,2660,139300,0.76894134,0.7385808,467,679.334193944931,0.7385808,93.12191114762106,0.0,0.0
4826,86620,-0.025042474,10,0.0,2665,139350,0.7202972,0.69525474,468,681.4700706005096,0.69525474,27.91304857077448,0.0,0.0
4826,86620,-0.030453086,10,0.0,2676,139460,0.7453542,0.7149011,468,681.4700706005096,0.7149011,20.557461881513497,0.0,0.0
4834,86700,-0.02371347,10,0.0,2685,139550,0.7364696,0.71275616,469,683.2583482265472,0.71275616,125.94940167860307,0.0,0.0
4836,86720,-0.0045149922,10,0.0,2690,139600,0.7319733,0.7274583,470,685.1410531997681,0.7274583,49.20616522406305,0.0,0.0
4845,86810,-0.024067521,10,0.0,2703,139730,0.7058137,0.6817462,471,686.9792964458466,0.6817462,27.80824706042253,0.0,0.0
4845,86810,-0.024707437,10,0.0,2711,139810,0.7468721,0.7221647,471,686.9792964458466,0.7221647,146.12110380674673,0.0,0.0
4853,86890,-0.012063205,10,0.0,2718,139880,0.72113645,0.70907325,472,688.605190038681,0.70907325,143.0277816614436,0.0,0.0
4859,86950,-0.01283741,10,0.0,2728,139980,0.7203682,0.7075308,473,690.1555535793304,0.7075308,23.474211300720686,0.0,0.0
4859,86950,-0.02518648,10,0.0,2737,140070,0.7505224,0.7253359,473,690.1555535793304,0.7253359,112.40021653026332,0.0,0.0
4865,87010,-0.026332617,10,0.0,2742,140120,0.7553003,0.72896767,474,691.8708651065826,0.72896767,41.97384880502289,0.0,0.0
4871,87070,-0.011850476,10,0.0,2754,140240,0.76841813,0.75656766,475,693.7126486301422,0.75656766,21.274284986789496,0.0,0.0
4871,87070,-0.025327623,10,0.0,2764,140340,0.7239508,0.6986232,475,693.7126486301422,0.6986232,156.23687876688345,0.0,0.0
4878,87140,-0.019665956,10,0.0,2768,140380,0.67793494,0.658269,476,695.3410654067993,0.658269,36.86000803233322,0.0,0.0
4886,87220,-0.013082683,10,0.0,2779,140490,0.7203727,0.70729,477,696.9773225784302,0.70729,26.374891213031294,0.0,0.0
4886,87220,-0.019293487,10,0.0,2792,140620,0.6955443,0.6762508,478,698.5320119857788,0.6762508,135.59537703063123,0.0,0.0
4890,87260,-0.020797908,10,0.0,2795,140650,0.6903111,0.66951317,478,698.5320119857788,0.66951317,32.46744782091405,0.0,0.0
4890,87260,-0.009011328,10,0.0,2804,140740,0.76509136,0.75608003,478,698.5320119857788,0.75608003,77.75437035389207,0.0,0.0
4898,87340,-0.018739343,10,0.0,2812,140820,0.71055233,0.691813,479,700.4383144378662,0.691813,123.50391185157048,0.0,0.0
4898,87340,-0.023168623,10,0.0,2819,140890,0.7205556,0.697387,479,700.4383144378662,0.697387,25.26120018742765,0.0,0.0
4902,87380,-0.014049232,10,0.0,2829,140990,0.74988717,0.73583794,480,702.3141090869904,0.73583794,88.25338711476107,0.0,0.0
4909,87450,-0.019632757,10,0.0,2832,141020,0.71579736,0.6961646,481,704.2472012042999,0.6961646,11.034857255760981,0.0,0.0
4909,87450,-0.02641809,10,0.0,2843,141130,0.7109666,0.6845485,482,706.6191425323486,0.6845485,110.57808055216486,0.0,0.0
4916,87520,-0.032332122,10,0.0,2847,141170,0.7217441,0.689412,482,706.6191425323486,0.689412,110.8492807476102,0.0,0.0
4923,87590,-0.026533127,10,0.0,2857,141270,0.7164164,0.6898833,483,708.3250451087952,0.6898833,19.93143778221089,0.0,0.0
4923,87590,-0.032797992,10,0.0,2869,141390,0.76367366,0.7308757,483,708.3250451087952,0.7308757,130.85527095747668,0.0,0.0
4929,87650,-0.017686605,10,0.0,2875,141450,0.71111757,0.69343096,484,709.982629776001,0.69343096,132.08659012036202,0.0,0.0
4935,87710,-0.029270291,10,0.0,2883,141530,0.70704913,0.67777884,485,711.5914351940155,0.67777884,16.951333315281243,0.0,0.0
4935,87710,-0.035933793,10,0.0,2894,141640,0.77440125,0.73846745,486,713.1909391880035,0.73846745,113.41075566539492,0.0,0.0
4942,87780,-0.02745223,10,0.0,2900,141700,0.73209095,0.7046387,486,713.1909391880035,0.7046387,149.62770587479844,0.0,0.0
4948,87840,-0.012290657,10,0.0,2909,141790,0.6857231,0.67343247,487,714.7649698257446,0.67343247,22.487419431282163,0.0,0.0
4948,87840,-0.017899096,10,0.0,2921,141910,0.73967975,0.72178066,488,716.3391873836517,0.72178066,112.52354801756678,0.0,0.0
3394,72300,0.14275211,10,0.0,1578,128480,0.5940656,0.7368177,412,564.4676020145416,0.5940656,1.639522560603213,0.0,nan
3406,72420,0.12716085,10,0.0,1586,128560,0.60999084,0.7371517,412,564.4676020145416,0.60999084,57.723566270631515,0.0,0.0
3439,72750,-0.033510745,10,0.0,1592,128620,0.7033602,0.66984946,412,564.4676020145416,0.66984946,52.50881029969416,0.0,0.0
3458,72940,-0.003302753,10,0.0,1598,128680,0.6827641,0.67946136,412,564.4676020145416,0.67946136,50.792519000402045,0.0,0.0
3486,73220,0.11963332,10,0.0,1604,128740,0.6027381,0.7223714,412,564.4676020145416,0.6027381,52.40633078567564,0.0,0.0
3511,73470,0.10564506,10,0.0,1610,128800,0.6633372,0.76898223,412,564.4676020145416,0.6633372,52.75409493791089,0.0,0.0
3544,73800,-0.009913027,10,0.0,1617,128870,0.66589224,0.6559792,412,564.4676020145416,0.6559792,67.54286744908082,0.0,0.0
3564,74000,-0.023438334,10,0.0,1623,128930,0.66672206,0.6432837,412,564.4676020145416,0.6432837,60.197860647891005,0.0,0.0
3591,74270,0.042482674,10,0.0,1630,129000,0.6839842,0.7264669,412,564.4676020145416,0.6839842,60.086785733216246,0.0,0.0
3617,74530,0.08222288,10,0.0,1637,129070,0.6283343,0.71055716,412,564.4676020145416,0.6283343,60.755140056955625,0.0,0.0
3650,74860,-0.00611341,10,0.0,1644,129140,0.65909415,0.65298074,412,564.4676020145416,0.65298074,53.89231312839292,0.0,0.0
3678,75140,0.11579198,10,0.0,1650,129200,0.5764033,0.6921953,412,564.4676020145416,0.5764033,52.63526181446725,0.0,0.0
3705,75410,0.15933889,10,0.0,1657,129270,0.5691875,0.7285264,412,564.4676020145416,0.5691875,54.11914380791032,0.0,0.0
3726,75620,0.086443245,10,0.0,1663,129330,0.6620764,0.74851966,412,564.4676020145416,0.6620764,62.81324224026645,0.0,0.0
3762,75980,0.013187766,10,0.0,1670,129400,0.68090284,0.6940906,412,564.4676020145416,0.68090284,62.97224257419796,0.0,0.0
3790,76260,-0.019997299,10,0.0,1677,129470,0.6719172,0.6519199,412,564.4676020145416,0.6519199,63.365341036131035,0.0,0.0
3812,76480,0.1124264,10,0.0,1683,129530,0.5667675,0.6791939,412,564.4676020145416,0.5667675,64.67631035594064,0.0,0.0
3839,76750,0.08916491,10,0.0,1689,129590,0.61265653,0.70182145,412,564.4676020145416,0.61265653,65.54685619805781,0.0,0.0
3879,77150,0.10920781,10,0.0,1696,129660,0.6398728,0.7490806,412,564.4676020145416,0.6398728,61.30499729599369,0.0,0.0
3905,77410,0.10732931,10,0.0,1702,129720,0.6025451,0.7098744,412,564.4676020145416,0.6025451,51.643114565774944,0.0,0.0
3930,77660,0.12979239,10,0.0,1708,129780,0.5724295,0.7022219,412,564.4676020145416,0.5724295,72.53594540656269,0.0,0.0
3957,77930,0.0264979,10,0.0,1714,129840,0.6685232,0.6950211,412,564.4676020145416,0.6685232,63.92713383640169,0.0,0.0
3976,78120,0.04387045,10,0.0,1721,129910,0.6209828,0.6648533,412,564.4676020145416,0.6209828,62.52186019610824,0.0,0.0
4004,78400,0.06586778,10,0.0,1728,129980,0.5991426,0.6650104,412,564.4676020145416,0.5991426,81.19589752325938,0.0,0.0
4031,78670,-0.02379483,10,0.0,1735,130050,0.6562174,0.63242257,412,564.4676020145416,0.63242257,66.01626835226271,0.0,0.0
4060,78960,0.14539075,10,0.0,1742,130120,0.58407605,0.7294668,412,564.4676020145416,0.58407605,66.90888671937314,0.0,0.0
4095,79310,0.08473903,10,0.0,1749,130190,0.5865812,0.6713202,412,564.4676020145416,0.5865812,61.283857827079245,0.0,0.0
4109,79450,0.13308042,10,0.0,1755,130250,0.59333175,0.7264122,412,564.4676020145416,0.59333175,52.2335770059403,0.0,0.0
4135,79710,0.11321491,10,0.0,1761,130310,0.605289,0.7185039,412,564.4676020145416,0.605289,52.35380317694902,0.0,0.0
4159,79950,0.12830657,10,0.0,1767,130370,0.5776192,0.70592576,412,564.4676020145416,0.5776192,60.65050690258013,0.0,0.0
4183,80190,0.09738934,10,0.0,1773,130430,0.5917509,0.68914026,412,564.4676020145416,0.5917509,54.780528070047126,0.0,0.0
4210,80460,0.09952104,10,0.0,1780,130500,0.62019235,0.7197134,412,564.4676020145416,0.62019235,78.63499247266067,0.0,0.0
4238,80740,-0.01641351,10,0.0,1787,130570,0.6613063,0.6448928,412,564.4676020145416,0.6448928,50.27531953199635,0.0,0.0
4266,81020,0.1292888,10,0.0,1794,130640,0.57111883,0.7004076,412,564.4676020145416,0.57111883,65.19586096910027,0.0,0.0
4298,81340,0.08582425,10,0.0,1800,130700,0.6078391,0.69366336,412,564.4676020145416,0.6078391,16.905501709169865,0.0,0.0
4312,81480,0.055033326,10,0.0,1802,130720,0.6298466,0.6848799,412,564.4676020145416,0.6298466,13.235234348276641,0.0,0.0
4320,81560,0.016831517,10,0.0,1803,130730,0.6578978,0.6747293,412,564.4676020145416,0.6578978,8.474454221261377,0.0,0.0
4325,81610,0.071567774,10,0.0,1804,130740,0.62427753,0.6958453,412,564.4676020145416,0.62427753,7.038991238316188,0.0,0.0
4332,81680,0.09686148,10,0.0,1806,130760,0.5723509,0.6692124,412,564.4676020145416,0.5723509,16.246457239162357,0.0,0.0
4346,81820,0.11361647,10,0.0,1811,130810,0.6438158,0.7574323,412,564.4676020145416,0.6438158,56.02078255120508,0.0,0.0
4369,82050,0.11055857,10,0.0,1817,130870,0.62657243,0.737131,412,564.4676020145416,0.62657243,52.23917180634297,0.0,0.0
4393,82290,0.08456993,10,0.0,1822,130920,0.5954157,0.67998564,412,564.4676020145416,0.5954157,43.08669001301547,0.0,0.0
4408,82440,0.056859255,10,0.0,1827,130970,0.6272312,0.68409044,412,564.4676020145416,0.6272312,41.28910318377537,0.0,0.0
4426,82620,0.14828253,10,0.0,1831,131010,0.6023023,0.75058484,412,564.4676020145416,0.6023023,23.06979895967918,0.0,0.0
4440,82760,0.09451985,10,0.0,1834,131040,0.58085114,0.675371,413,564.4676020145416,0.58085114,29.404823331463824,0.0,0.0
4456,82920,0.0055016875,10,0.0,1837,131070,0.7060485,0.7115502,413,564.4676020145416,0.7060485,15.11618327097849,0.0,0.0
4471,83070,0.12486321,10,0.0,1842,131120,0.55092484,0.67578804,413,564.4676020145416,0.55092484,42.436405652111446,0.0,0.0
4486,83220,0.11815989,10,0.0,1847,131170,0.578063,0.6962229,413,564.4676020145416,0.578063,44.25687810086967,0.0,0.0
4510,83460,0.09126425,10,0.0,1852,131220,0.60041547,0.6916797,413,564.4676020145416,0.60041547,45.7668113188812,0.0,0.0
4514,83500,0.087780535,10,0.0,1870,131400,0.6502721,0.7380526,413,564.4676020145416,0.6502721,243.2721620304851,0.0,0.0
4514,83500,-0.009315968,10,0.0,1890,131600,0.6828444,0.67352843,413,564.4676020145416,0.67352843,157.79034290766134,0.0,0.0
4514,83500,0.0040460825,10,0.0,1904,131740,0.6452737,0.64931977,414,572.6078159809113,0.6452737,136.46936331927742,0.0,0.0
4514,83500,0.09623724,10,0.0,1918,131880,0.60590357,0.7021408,414,572.6078159809113,0.60590357,126.75595957642281,0.0,0.0
4514,83500,0.002347529,10,0.0,1931,132010,0.68881124,0.6911588,415,574.106109380722,0.68881124,139.58447177063746,0.0,0.0
4514,83500,-0.013338268,10,0.0,1943,132130,0.76604444,0.75270617,416,575.5969336032867,0.75270617,79.75857380556216,0.0,0.0
4514,83500,-0.0081368685,10,0.0,1956,132260,0.7195998,0.7114629,416,575.5969336032867,0.7114629,126.35995818433238,0.0,0.0
4514,83500,-0.011580229,10,0.0,1970,132400,0.70026064,0.6886804,417,577.2309000492096,0.6886804,124.32319316123792,0.0,0.0
4514,83500,-0.013534546,10,0.0,1983,132530,0.70033926,0.6868047,418,578.7214398384094,0.6868047,115.59428629697916,0.0,0.0
4514,83500,-0.029739976,10,0.0,1997,132670,0.70944405,0.67970407,418,578.7214398384094,0.67970407,126.24813756859015,0.0,0.0
4514,83500,-0.024992943,10,0.0,2011,132810,0.738886,0.71389306,419,580.1983745098114,0.71389306,133.86389894231567,0.0,0.0
4521,83570,-0.0073284507,10,0.0,2021,132910,0.709118,0.70178956,420,581.6364979743958,0.70178956,31.21500474070502,0.0,0.0
4521,83570,-0.03536278,10,0.0,2033,133030,0.7153135,0.6799507,420,581.6364979743958,0.6799507,134.99834241518155,0.0,0.0
4525,83610,-0.02843815,10,0.0,2037,133070,0.71186924,0.6834311,421,583.2150127887726,0.6834311,22.08130427137504,0.0,0.0
4525,83610,-0.027856708,10,0.0,2045,133150,0.71293014,0.68507344,421,583.2150127887726,0.68507344,98.71807605495238,0.0,0.0
4533,83690,-0.020456553,10,0.0,2051,133210,0.68018943,0.6597329,422,585.3537232875824,0.6597329,99.17065858352761,0.0,0.0
4538,83740,-0.012245119,10,0.0,2062,133320,0.7991906,0.78694546,423,587.0124111175537,0.78694546,21.286507088644214,0.0,0.0
4538,83740,-0.020684898,10,0.0,2072,133420,0.70164096,0.68095607,424,588.7200465202332,0.68095607,113.54553674396443,0.0,0.0
4546,83820,-0.030747712,10,0.0,2080,133500,0.76228833,0.7315406,424,588.7200465202332,0.7315406,120.58904369526591,0.0,0.0
4550,83860,-0.019678652,10,0.0,2088,133580,0.68756753,0.6678889,425,590.3819878101349,0.6678889,15.607508178091312,0.0,0.0
4550,83860,-0.018104315,10,0.0,2099,133690,0.72023475,0.70213044,425,590.3819878101349,0.70213044,107.16403800802777,0.0,0.0
4557,83930,-0.025408208,10,0.0,2103,133730,0.6771772,0.651769,426,592.134756565094,0.651769,64.20377173646828,0.0,0.0
4565,84010,-0.014268398,10,0.0,2113,133830,0.742157,0.7278886,427,593.9961340427399,0.7278886,24.281852859394874,0.0,0.0
4569,84050,-0.02041161,10,0.0,2127,133970,0.76501,0.7445984,428,595.4878752231598,0.7445984,22.04755071252477,0.0,0.0
4569,84050,-0.017725289,10,0.0,2134,134040,0.77376926,0.756044,428,595.4878752231598,0.756044,129.88839202764805,0.0,0.0
4578,84140,-0.015802503,10,0.0,2140,134100,0.7905906,0.7747881,429,597.1764621734619,0.7747881,56.68453302844292,0.0,0.0
4580,84160,-0.0066251755,10,0.0,2151,134210,0.7234763,0.7168511,430,598.9401116371155,0.7168511,35.67446560223728,0.0,0.0
4583,84190,-0.020376325,10,0.0,2157,134270,0.6867746,0.6663983,430,598.9401116371155,0.6663983,127.03929633690537,0.0,0.0
4589,84250,-0.0053136945,10,0.0,2166,134360,0.7020638,0.6967501,431,600.7259604930878,0.6967501,21.57892353979824,0.0,0.0
4589,84250,-0.0153262615,10,0.0,2175,134450,0.73524296,0.7199167,431,600.7259604930878,0.7199167,138.1773377917607,0.0,0.0
4595,84310,-0.012081623,10,0.0,2183,134530,0.73922724,0.7271456,432,602.4045400619507,0.7271456,152.34121377436682,0.0,0.0
4601,84370,-0.0074402094,10,0.0,2194,134640,0.76955116,0.76211095,433,604.1454486846924,0.76211095,18.189334034140042,0.0,0.0
4601,84370,-0.008150041,10,0.0,2204,134740,0.6930642,0.6849142,433,604.1454486846924,0.6849142,118.64840017312245,0.0,0.0
4609,84450,-0.007526815,10,0.0,2209,134790,0.7341767,0.7266499,434,605.8847167491913,0.7266499,159.73372026155738,0.0,0.0
4615,84510,-0.008230805,10,0.0,2218,134880,0.7642806,0.7560498,435,607.5435013771057,0.7560498,21.442088064667185,0.0,0.0
4615,84510,-0.016937256,10,0.0,2229,134990,0.71640176,0.6994645,435,607.5435013771057,0.6994645,129.662327384467,0.0,0.0
4621,84570,-0.011349916,10,0.0,2233,135030,0.75061077,0.73926085,436,609.1670677661896,0.73926085,47.026511881350196,0.0,0.0
4627,84630,-0.034531236,10,0.0,2243,135130,0.75658756,0.7220563,437,610.945339679718,0.7220563,43.980618053815206,0.0,0.0
4629,84650,-0.035695076,10,0.0,2252,135220,0.7480715,0.7123764,437,610.945339679718,0.7123764,129.11350945347758,0.0,0.0
4634,84700,-0.0096187,10,0.0,2258,135280,0.7400654,0.7304467,438,612.6560754776001,0.7304467,13.149681690411084,0.0,0.0
4636,84720,-0.028537214,10,0.0,2266,135360,0.7642554,0.7357182,438,612.6560754776001,0.7357182,100.72824557274531,0.0,0.0
4642,84780,-0.0043498278,10,0.0,2273,135430,0.7449964,0.7406466,439,615.2749388217926,0.7406466,19.473953501761073,0.0,0.0
4642,84780,-0.03469932,10,0.0,2283,135530,0.72285074,0.6881514,439,615.2749388217926,0.6881514,127.67387989053839,0.0,0.0
4647,84830,-0.02644229,10,0.0,2288,135580,0.7238577,0.6974154,440,617.3715620040894,0.6974154,89.05444369423884,0.0,0.0
4653,84890,-0.03263557,10,0.0,2300,135700,0.747363,0.7147274,441,619.0139470100403,0.7147274,28.141475475280707,0.0,0.0
4653,84890,-0.0128337145,10,0.0,2308,135780,0.69227535,0.67944163,441,619.0139470100403,0.67944163,143.49312350325008,0.0,0.0
4661,84970,-0.029942334,10,0.0,2316,135860,0.7018767,0.67193437,442,620.5667989253998,0.67193437,130.32223986378366,0.0,0.0
4665,85010,-0.008083522,10,0.0,2326,135960,0.7535267,0.74544317,443,622.1326971054077,0.74544317,20.097673170544716,0.0,0.0
4665,85010,-0.018171012,10,0.0,2335,136050,0.75863373,0.7404627,443,622.1326971054077,0.7404627,144.30424865047118,0.0,0.0
4673,85090,-0.02983743,10,0.0,2340,136100,0.66928256,0.6394451,444,623.783139705658,0.6394451,137.23379750811432,0.0,0.0
4679,85150,-0.02779293,10,0.0,2350,136200,0.70311856,0.67532563,445,625.416720867157,0.67532563,20.67208485093422,0.0,0.0
4679,85150,-0.030652344,10,0.0,2361,136310,0.7559471,0.72529477,445,625.416720867157,0.72529477,137.2180837316426,0.0,0.0
4685,85210,-0.022626579,10,0.0,2365,136350,0.72379583,0.70116925,446,627.0489730834961,0.70116925,124.56725371981824,0.0,0.0
4692,85280,-0.0339275,10,0.0,2375,136450,0.69247556,0.65854806,447,628.6590192317963,0.65854806,23.415618883433954,0.0,0.0
4692,85280,-0.027580738,10,0.0,2385,136550,0.6776641,0.65008336,448,630.3098142147064,0.65008336,124.00745055139994,0.0,0.0
4699,85350,-0.014492691,10,0.0,2388,136580,0.7855701,0.7710774,448,630.3098142147064,0.7710774,46.78438135096005,0.0,0.0
4706,85420,-0.024882913,10,0.0,2400,136700,0.75571096,0.73082805,449,632.2533807754517,0.73082805,16.968862331168214,0.0,0.0
4706,85420,-0.02435416,10,0.0,2410,136800,0.7315182,0.70716405,449,632.2533807754517,0.70716405,128.63319501820177,0.0,0.0
4711,85470,-0.028147757,10,0.0,2414,136840,0.7226984,0.69455063,450,634.1602566242218,0.69455063,33.52878918203358,0.0,0.0
4711,85470,-0.011356473,10,0.0,2425,136950,0.6889296,0.67757314,451,636.1311824321747,0.67757314,104.01172464928965,0.0,0.0
4717,85530,-0.020994246,10,0.0,2428,136980,0.69634974,0.6753555,451,636.1311824321747,0.6753555,39.99096121043503,0.0,0.0
4717,85530,-0.019646943,10,0.0,2438,137080,0.769518,0.7498711,452,638.2157785892487,0.7498711,77.60202335292671,0.0,0.0
4725,85610,-0.014786124,10,0.0,2441,137110,0.73443407,0.71964794,452,638.2157785892487,0.71964794,61.42575330428733,0.0,0.0
4725,85610,-0.017928958,10,0.0,2452,137220,0.727647,0.70971805,453,640.5137226581573,0.70971805,96.86189289615467,0.0,0.0
4730,85660,-0.017336428,10,0.0,2455,137250,0.7146269,0.6972905,453,640.5137226581573,0.6972905,55.45167896413089,0.0,0.0
4737,85730,-0.015675843,10,0.0,2465,137350,0.6883095,0.67263365,454,642.3674857616425,0.67263365,27.100904461051574,0.0,0.0
4737,85730,-0.0357216,10,0.0,2475,137450,0.70552343,0.66980183,454,642.3674857616425,0.66980183,120.90641530101901,0.0,0.0
4743,85790,-0.024886608,10,0.0,2479,137490,0.684163,0.65927637,455,643.9649896621704,0.65927637,35.16737669881585,0.0,0.0
4743,85790,-0.031483233,10,0.0,2490,137600,0.68711716,0.6556339,456,645.7844789028168,0.6556339,138.19281673481356,0.0,0.0
4750,85860,-0.031420946,10,0.0,2495,137650,0.7576233,0.72620237,456,645.7844789028168,0.72620237,116.46250645578688,0.0,0.0
4756,85920,-0.032823563,10,0.0,2504,137740,0.6871825,0.6543589,457,647.5138900279999,0.6543589,20.427674034187817,0.0,0.0
4762,85980,-0.03036654,10,0.0,2517,137870,0.71622956,0.685863,458,649.1408500671387,0.685863,21.340942383123053,0.0,0.0
4762,85980,-0.020899534,10,0.0,2524,137940,0.6864215,0.665522,458,649.1408500671387,0.665522,111.3460103904792,0.0,0.0
4770,86060,-0.013109744,10,0.0,2530,138000,0.718301,0.70519125,459,650.9357900619507,0.70519125,18.62151299260299,0.0,0.0
4770,86060,-0.010900736,10,0.0,2541,138110,0.7110275,0.70012677,460,652.7381508350372,0.70012677,109.97299380692932,0.0,0.0
4776,86120,-0.015294373,10,0.0,2548,138180,0.7642157,0.74892133,460,652.7381508350372,0.74892133,122.52260252564054,0.0,0.0
4781,86170,-0.028355896,10,0.0,2556,138260,0.71425,0.68589413,461,654.3494246006012,0.68589413,20.7442357806691,0.0,0.0
4781,86170,-0.03227961,10,0.0,2565,138350,0.75947493,0.7271953,461,654.3494246006012,0.7271953,149.43419350931134,0.0,0.0
4788,86240,-0.035628676,10,0.0,2571,138410,0.74679136,0.7111627,462,656.0863299369812,0.7111627,120.44498814015863,0.0,0.0
4788,86240,-0.025864065,10,0.0,2582,138520,0.73026943,0.70440537,462,656.0863299369812,0.70440537,109.4952722564207,0.0,0.0
4793,86290,-0.012260437,10,0.0,2585,138550,0.7672413,0.75498086,463,658.0578072071075,0.75498086,28.40226172337904,0.0,0.0
4801,86370,-0.020757139,10,0.0,2596,138660,0.7855133,0.76475614,464,659.8066763877869,0.76475614,22.629760996543734,0.0,0.0
4801,86370,-0.03315574,10,0.0,2606,138760,0.7793377,0.74618196,465,661.3885447978973,0.74618196,140.101544545989,0.0,0.0
4808,86440,-0.030303478,10,0.0,2612,138820,0.76274335,0.7324399,465,661.3885447978973,0.7324399,124.74323018127203,0.0,0.0
4814,86500,-0.017772973,10,0.0,2621,138910,0.69737756,0.6796046,466,662.9716444015503,0.6796046,25.910710281309132,0.0,0.0
4815,86510,-0.021012425,10,0.0,2633,139030,0.76201814,0.7410057,467,664.5016441345215,0.7410057,70.86193905030935,0.0,0.0
4820,86560,-0.028836131,10,0.0,2641,139110,0.72228914,0.693453,467,664.5016441345215,0.693453,168.61049136305712,0.0,0.0
4826,86620,-0.026314974,10,0.0,2649,139190,0.73528945,0.7089745,468,665.9984657764435,0.7089745,33.808318952001954,0.0,0.0
4834,86700,-0.022233069,10,0.0,2660,139300,0.7219962,0.6997631,469,667.5722165107727,0.6997631,20.157025011834307,0.0,0.0
4834,86700,-0.012328625,10,0.0,2671,139410,0.76790124,0.7555726,470,669.142138004303,0.7555726,125.5445105944823,0.0,0.0
4841,86770,-0.02371347,10,0.0,2679,139490,0.7364696,0.71275616,470,669.142138004303,0.71275616,147.0364865243851,0.0,0.0
4845,86810,-0.021686137,10,0.0,2687,139570,0.7316162,0.70993006,471,670.6434061527252,0.70993006,30.282121703069002,0.0,0.0
4845,86810,-0.026137292,10,0.0,2698,139680,0.7000866,0.6739493,472,672.3949484825134,0.6739493,114.35632199577398,0.0,0.0
4852,86880,-0.02124703,10,0.0,2702,139720,0.7279279,0.7066809,472,672.3949484825134,0.7066809,101.72621285285693,0.0,0.0
4857,86930,-0.01131022,10,0.0,2714,139840,0.7361289,0.7248187,473,674.309877872467,0.7248187,19.658425630779284,0.0,0.0
4857,86930,-0.0037893653,10,0.0,2725,139950,0.68144596,0.6776566,474,675.9366209506989,0.6776566,123.0582181029753,0.0,0.0
4865,87010,-0.02518642,10,0.0,2731,140010,0.7505223,0.7253359,474,675.9366209506989,0.7253359,143.22949890383077,0.0,0.0
4871,87070,-0.00832814,10,0.0,2740,140100,0.7393961,0.73106796,475,677.4921081066132,0.73106796,34.48296160369502,0.0,0.0
4878,87140,-0.010720015,10,0.0,2752,140220,0.6966507,0.68593067,476,679.0972445011139,0.68593067,21.217913014885355,0.0,0.0
4878,87140,-0.02110678,10,0.0,2761,140310,0.7353822,0.7142754,476,679.0972445011139,0.7142754,111.71940591105712,0.0,0.0
4884,87200,-0.0071510673,10,0.0,2768,140380,0.72927094,0.72211987,477,680.794974565506,0.72211987,125.0739236490073,0.0,0.0
4889,87250,-0.023044765,10,0.0,2778,140480,0.73788035,0.7148356,478,682.5831215381622,0.7148356,20.832235672295035,0.0,0.0
4889,87250,-0.033482432,10,0.0,2785,140550,0.7115897,0.67810726,478,682.5831215381622,0.67810726,112.69406343619437,0.0,0.0
4898,87340,-0.02529341,10,0.0,2791,140610,0.7161754,0.69088197,479,684.36399269104,0.69088197,92.10194159833816,0.0,0.0
4903,87390,-0.025031209,10,0.0,2802,140720,0.70791,0.6828788,480,686.1318454742432,0.6828788,17.4379612783918,0.0,0.0
4903,87390,0.10270822,10,0.0,2813,140830,0.572206,0.67491424,480,686.1318454742432,0.572206,132.9941815299247,0.0,0.0
4909,87450,-0.03478867,10,0.0,2817,140870,0.73399085,0.6992022,481,687.9087455272675,0.6992022,26.630586128844854,0.0,0.0
4909,87450,0.043251812,10,0.0,2827,140970,0.6465718,0.6898236,482,689.8329498767853,0.6465718,88.33982038450522,0.0,0.0
4916,87520,-0.015062392,10,0.0,2832,141020,0.7308941,0.7158317,482,689.8329498767853,0.7158317,121.07114506989808,0.0,0.0
4921,87570,0.27202126,10,0.0,2842,141120,0.41519132,0.6872126,483,691.6202223300934,0.41519132,25.868154748688802,0.0,0.0
4921,87570,-0.01183337,10,0.0,2847,141170,0.7937762,0.78194284,483,691.6202223300934,0.78194284,114.998135596938,0.0,0.0
4929,87650,0.09839505,10,0.0,2854,141240,0.59204656,0.6904416,484,693.5858294963837,0.59204656,17.276813058577495,0.0,0.0
4929,87650,-0.0327999,10,0.0,2863,141330,0.7636756,0.7308757,484,693.5858294963837,0.7308757,118.25233795049776,0.0,0.0
4935,87710,0.18983486,10,0.0,2868,141380,0.46349093,0.6533258,485,695.4650573730469,0.46349093,30.50398472147677,0.0,0.0
4942,87780,-0.01822126,10,0.0,2880,141500,0.74985725,0.731636,486,697.2286293506622,0.731636,21.524793286639788,0.0,0.0
4942,87780,-0.023095965,10,0.0,2891,141610,0.70803195,0.684936,486,697.2286293506622,0.684936,146.1969926174824,0.0,0.0
4948,87840,-0.031183064,10,0.0,2897,141670,0.7863226,0.7551395,487,698.8843734264374,0.7551395,139.34148148394235,0.0,0.0
4953,87890,-0.031165183,10,0.0,2907,141770,0.7190033,0.68783814,488,700.5474104881287,0.68783814,18.719991716312258,0.0,0.0
4953,87890,-0.031383097,10,0.0,2915,141850,0.72844386,0.69706076,488,700.5474104881287,0.69706076,140.83068637392302,0.0,0.0
4962,87980,-0.004298985,10,0.0,2920,141900,0.77093476,0.7666358,489,702.251638174057,0.7666358,102.90447310055153,0.0,0.0
4963,87990,-0.022194982,10,0.0,2931,142010,0.73713714,0.71494216,490,704.2187180519104,0.71494216,86.46926275555958,0.0,0.0
4967,88030,-0.013943315,10,0.0,2933,142030,0.76330143,0.7493581,490,704.2187180519104,0.7493581,48.70595995113499,0.0,0.0
4973,88090,0.19619673,10,0.0,2945,142150,0.50166035,0.6978571,491,706.3200209140778,0.50166035,31.596962270959345,0.0,0.0
4973,88090,-0.027299881,10,0.0,2951,142210,0.6964568,0.6691569,491,706.3200209140778,0.6691569,140.34390799674762,0.0,0.0
4981,88170,-0.01597035,10,0.0,2959,142290,0.69624776,0.6802774,492,708.0848801136017,0.6802774,128.58232473727452,0.0,0.0
4985,88210,-0.02085048,10,0.0,2971,142410,0.7315091,0.7106586,493,709.6602807044983,0.7106586,19.387027903001627,0.0,0.0
4985,88210,-0.015367746,10,0.0,2980,142500,0.7219354,0.70656765,493,709.6602807044983,0.70656765,128.69239714405816,0.0,0.0
4993,88290,-0.029478967,10,0.0,2984,142540,0.72251105,0.6930321,494,711.3625133037567,0.6930321,32.93266331658292,0.0,0.0
4996,88320,-0.022864223,10,0.0,2995,142650,0.7112975,0.6884333,495,713.1350281238556,0.6884333,45.771506083327786,0.0,0.0
5000,88360,-0.023171842,10,0.0,3002,142720,0.7451068,0.721935,495,713.1350281238556,0.721935,131.077734650891,0.0,0.0
5006,88420,0.027519822,10,0.0,3010,142800,0.6781112,0.705631,496,714.8078842163086,0.67771417,28.63707898386021,0.0,0.0
5006,88420,-0.0112528205,10,0.0,3019,142890,0.7188511,0.70759827,497,716.751669883728,0.70759827,102.91810825002821,0.0,0.0
5012,88480,0.26813865,10,0.0,3024,142940,0.44440597,0.7125446,497,716.751669883728,0.44440597,99.14206022786367,0.0,0.0
5012,88480,-0.0054228306,10,0.0,3035,143050,0.7498979,0.74447507,497,716.751669883728,0.74447507,139.8744755921057,0.0,0.0
5017,88530,0.07293397,10,0.0,3038,143080,0.68542814,0.7583621,498,719.0500099658966,0.68542814,21.70685041110126,0.0,0.0
5017,88530,-0.012993574,10,0.0,3048,143180,0.7353912,0.7223976,499,720.9294335842133,0.7223976,106.60810508550398,0.0,0.0
5026,88620,-0.03298503,10,0.0,3050,143200,0.7102281,0.67724305,499,720.9294335842133,0.67724305,15.552869248191563,0.0,0.0
5026,88620,0.3040824,10,0.0,3059,143290,0.36143702,0.6655194,499,720.9294335842133,0.36143702,111.81828845641162,0.0,0.0
5033,88690,0.25561908,10,0.0,3065,143350,0.46961662,0.7252357,500,723.4971272945404,0.46961662,99.5474881152142,0.0,0.0
5037,88730,0.19370335,10,0.0,3077,143470,0.52291214,0.7166155,501,725.2656500339508,0.52291214,23.367155870586316,0.0,0.0
5037,88730,-0.030142963,10,0.0,3087,143570,0.7216003,0.69145733,501,725.2656500339508,0.69145733,143.94668112664263,0.0,0.0
5044,88800,-0.031954944,10,0.0,3093,143630,0.78646827,0.7545133,502,726.8832955360413,0.7545133,147.19283530968264,0.0,0.0
5050,88860,0.26296347,10,0.0,3102,143720,0.38599384,0.6489573,503,728.4681785106659,0.38599384,17.421208389319588,0.0,0.0
5050,88860,0.24280646,10,0.0,3112,143820,0.47428843,0.7170949,503,728.4681785106659,0.47428843,134.10400780138443,0.0,0.0
5057,88930,0.20131072,10,0.0,3117,143870,0.4776077,0.6789184,504,730.22425365448,0.4776077,74.13836744794429,0.0,0.0
5058,88940,-0.025731146,10,0.0,3127,143970,0.7233744,0.6976433,505,732.0165703296661,0.6976433,45.15442253035914,0.0,0.0
5064,89000,-0.009239495,10,0.0,3131,144010,0.7601668,0.7509273,505,732.0165703296661,0.7509273,110.83375613055978,0.0,0.0
5070,89060,-0.008674383,10,0.0,3141,144110,0.7590947,0.75042033,506,734.0238432884216,0.75042033,22.45499823060586,0.0,0.0
5070,89060,0.23010075,10,0.0,3151,144210,0.44197273,0.6720735,507,735.7229707241058,0.44197273,120.26229846629373,0.0,0.0
5076,89120,-0.024600625,10,0.0,3159,144290,0.71881634,0.6942157,507,735.7229707241058,0.6942157,128.28304639448,0.0,0.0
5081,89170,0.3012724,10,0.0,3168,144380,0.33543253,0.6367049,508,737.4076271057129,0.33543253,21.75424874704298,0.0,0.0
5081,89170,-0.020306587,10,0.0,3175,144450,0.7335429,0.71323633,508,737.4076271057129,0.71323633,102.7408809992137,0.0,0.0
5089,89250,-0.0057691336,10,0.0,3180,144500,0.7505227,0.74475354,509,739.2566494941711,0.74475354,12.083908218507553,0.0,0.0
5089,89250,-0.006050706,10,0.0,3189,144590,0.73902494,0.73297423,510,741.2977919578552,0.73297423,92.93806129390363,0.0,0.0
5097,89330,-0.019640386,10,0.0,3195,144650,0.73646003,0.71681964,510,741.2977919578552,0.71681964,121.80103787638991,0.0,0.0
5101,89370,-0.021920085,10,0.0,3206,144760,0.7529102,0.7309901,511,743.1392061710358,0.7309901,18.365549531940122,0.0,0.0
5101,89370,0.26644096,10,0.0,3215,144850,0.391323,0.65776396,511,743.1392061710358,0.391323,130.86466130224926,0.0,0.0
5109,89450,-0.032546878,10,0.0,3222,144920,0.71294343,0.68039656,512,744.9316234588623,0.68039656,124.07678358542307,0.0,0.0
5114,89500,0.18303323,10,0.0,3233,145030,0.5101997,0.69323295,513,746.7768893241882,0.5101997,19.75085773914747,0.0,0.0
5114,89500,0.23512879,10,0.0,3240,145100,0.44884178,0.6839706,513,746.7768893241882,0.44884178,120.12143012612695,0.0,0.0
5121,89570,0.2672583,10,0.0,3247,145170,0.39323235,0.66049063,514,748.6975200176239,0.39323235,43.52730325663162,0.0,0.0
5128,89640,-0.012915373,10,0.0,3258,145280,0.74965256,0.7367372,515,750.3169903755188,0.7367372,24.28636611040984,0.0,0.0
5128,89640,-0.017517269,10,0.0,3270,145400,0.7286625,0.7111452,516,751.9740200042725,0.7111452,93.7771288928438,0.0,0.0
5134,89700,-0.017555773,10,0.0,3274,145440,0.71654016,0.6989844,516,751.9740200042725,0.6989844,116.35169285823265,0.0,0.0
5140,89760,-0.03219664,10,0.0,3284,145540,0.7370264,0.70482975,517,753.6279139518738,0.70482975,24.68063722504768,0.0,0.0
5140,89760,0.26091623,10,0.0,3295,145650,0.42341387,0.6843301,517,753.6279139518738,0.42341387,120.71537527269797,0.0,0.0
5145,89810,-0.01613468,10,0.0,3299,145690,0.7069093,0.6907746,518,755.5668811798096,0.6907746,15.163761453793468,0.0,0.0
5145,89810,-0.023246408,10,0.0,3307,145770,0.7181224,0.694876,518,755.5668811798096,0.694876,118.94887894411453,0.0,0.0
5153,89890,0.20373094,10,0.0,3312,145820,0.48976874,0.6934997,519,757.6900537014008,0.48976874,22.831449811738565,0.0,0.0
5161,89970,0.03148824,10,0.0,3323,145930,0.6445446,0.67603284,520,759.564285993576,0.644029,21.129420156832005,0.0,0.0
5161,89970,-0.021104574,10,0.0,3332,146020,0.734507,0.71340245,520,759.564285993576,0.71340245,57.320612742183904,0.0,0.0
5165,90010,0.27646694,10,0.0,3339,146090,0.41091922,0.68738616,521,761.7367904186249,0.41091922,11.460529616244902,0.0,0.0
5166,90020,-0.0329569,10,0.0,3344,146140,0.7486822,0.7157253,521,761.7367904186249,0.7157253,77.27419111171704,0.0,0.0
5170,90060,-0.029620826,10,0.0,3351,146210,0.79099476,0.76137394,522,764.7241859436035,0.76137394,34.862906610921094,0.0,0.0
5173,90090,-0.009919226,10,0.0,3353,146230,0.71571106,0.70579183,522,764.7241859436035,0.70579183,34.99058559516808,0.0,0.0
5173,90090,-0.01900673,10,0.0,3361,146310,0.7171965,0.6981898,522,764.7241859436035,0.6981898,68.92665282974839,0.0,0.0
5178,90140,-0.023854434,10,0.0,3366,146360,0.73841786,0.7145634,523,767.7426044940948,0.7145634,16.80542222065515,0.0,0.0
5179,90150,-0.03309095,10,0.0,3369,146390,0.76089233,0.7278014,523,767.7426044940948,0.7278014,77.37911542562809,0.0,0.0
5179,90150,-0.023982346,10,0.0,3375,146450,0.7646033,0.740621,523,767.7426044940948,0.740621,58.146812138688254,0.0,0.0
5185,90210,0.26286948,10,0.0,3380,146500,0.43847334,0.7013428,524,771.2084362506866,0.43847334,10.689071484164552,0.0,0.0
5186,90220,0.22694796,10,0.0,3384,146540,0.42772675,0.6546747,524,771.2084362506866,0.42772675,74.90791673215128,0.0,0.0
5186,90220,0.26001313,10,0.0,3391,146610,0.39771035,0.6577235,525,774.4266192913055,0.39771035,69.54413261837729,0.0,0.0
5192,90280,-0.023560226,10,0.0,3394,146640,0.732439,0.70887876,525,774.4266192913055,0.70887876,20.620304660863837,0.0,0.0
5192,90280,-0.01781708,10,0.0,3401,146710,0.75892854,0.74111146,525,774.4266192913055,0.74111146,82.85879663926637,0.0,0.0
5198,90340,0.1785348,10,0.0,3407,146770,0.5095188,0.6880536,526,777.5161299705505,0.5095188,14.879760805847031,0.0,0.0
5200,90360,-0.033290207,10,0.0,3409,146790,0.74652076,0.71323055,526,777.5161299705505,0.71323055,28.303403450146703,0.0,0.0
5200,90360,0.08711988,10,0.0,3416,146860,0.59273034,0.6798502,526,777.5161299705505,0.59273034,75.28087386970209,0.0,0.0
5205,90410,-0.014720321,10,0.0,3421,146910,0.7170617,0.7023414,527,780.7906033992767,0.7023414,15.175299268932111,0.0,0.0
5205,90410,-0.021558344,10,0.0,3429,146990,0.74029386,0.7187355,527,780.7906033992767,0.7187355,90.66021096316791,0.0,0.0
5209,90450,-0.028962672,10,0.0,3436,147060,0.71545994,0.6864973,528,783.6689503192902,0.6864973,13.732685187095093,0.0,0.0
5209,90450,-0.016722381,10,0.0,3443,147130,0.7580488,0.7413264,528,783.6689503192902,0.7413264,107.56501133530975,0.0,0.0
5217,90530,0.11482924,10,0.0,3450,147200,0.5603219,0.67515117,529,785.7931649684906,0.5603219,25.33442459568428,0.0,0.0
5217,90530,-0.025199592,10,0.0,3458,147280,0.75413495,0.72893536,529,785.7931649684906,0.72893536,102.83357809906515,0.0,0.0
5224,90600,-0.033305705,10,0.0,3461,147310,0.74370575,0.71040004,530,787.9798667430878,0.71040004,14.90338375385971,0.0,0.0
5224,90600,0.28631335,10,0.0,3470,147400,0.37237668,0.65869004,530,787.9798667430878,0.37237668,103.02630738621012,0.0,0.0
5229,90650,0.24602538,10,0.0,3476,147460,0.42870337,0.67472875,531,790.353194475174,0.42870337,15.077596904463709,0.0,0.0
5229,90650,0.15234178,10,0.0,3482,147520,0.5469875,0.69932926,531,790.353194475174,0.5469875,107.96566147985122,0.0,0.0
5237,90730,-0.031059623,10,0.0,3489,147590,0.7681895,0.73712987,532,792.8659875392914,0.73712987,18.111223524402824,0.0,0.0
5237,90730,-0.013155341,10,0.0,3498,147680,0.73134464,0.7181893,532,792.8659875392914,0.7181893,109.25824912930561,0.0,0.0
5242,90780,-0.031377852,10,0.0,3503,147730,0.7063464,0.67496854,533,795.037930727005,0.67496854,17.701324253445684,0.0,0.0
5242,90780,0.15249538,10,0.0,3511,147810,0.5344025,0.6868979,533,795.037930727005,0.5344025,108.51004822319267,0.0,0.0
5250,90860,-0.022981822,10,0.0,3516,147860,0.70947546,0.68649364,534,797.5969908237457,0.68649364,25.119819562453323,0.0,0.0
5250,90860,0.20266974,10,0.0,3525,147950,0.46722174,0.6698915,534,797.5969908237457,0.46722174,54.11628093010293,0.0,0.0
5255,90910,-0.012591958,10,0.0,3530,148000,0.7257515,0.71315956,535,800.1570265293121,0.71315956,19.03374228256751,0.0,0.0
5255,90910,-0.016928077,10,0.0,3536,148060,0.74059975,0.7236717,535,800.1570265293121,0.7236717,100.59416768796483,0.0,0.0
5262,90980,0.18949974,10,0.0,3545,148150,0.5387682,0.7282679,536,802.5803256034851,0.5387682,16.254957228222978,0.0,0.0
5262,90980,-0.008279085,10,0.0,3552,148220,0.7793657,0.77108663,536,802.5803256034851,0.77108663,93.5082677700764,0.0,0.0
5268,91040,-0.034430385,10,0.0,3559,148290,0.7670376,0.7326072,537,804.6387045383453,0.7326072,45.94332533710142,0.0,0.0
5268,91040,0.21904793,10,0.0,3569,148390,0.46646824,0.6855162,537,804.6387045383453,0.46646824,110.91728877923136,0.0,0.0
5273,91090,-0.035053432,10,0.0,3575,148450,0.74504143,0.709988,538,806.926778793335,0.709988,10.859618661862614,0.0,0.0
5273,91090,0.19802552,10,0.0,3582,148520,0.53272825,0.7307538,538,806.926778793335,0.53272825,92.19608162081009,0.0,0.0
5281,91170,-0.012062669,10,0.0,3589,148590,0.7143422,0.7022795,539,809.5161068439484,0.7022795,23.617866516358156,0.0,0.0
5281,91170,-0.012950838,10,0.0,3600,148700,0.78704804,0.7740972,540,811.4881598949432,0.7740972,37.32932239819508,0.0,0.0
5287,91230,-0.016999781,10,0.0,3605,148750,0.7440168,0.72701705,540,811.4881598949432,0.72701705,130.5733729321155,0.0,0.0
5293,91290,-0.032163322,10,0.0,3613,148830,0.729575,0.69741166,541,813.3297572135925,0.69741166,18.009923203593136,0.0,0.0
5293,91290,0.28345042,10,0.0,3619,148890,0.363698,0.64714843,541,813.3297572135925,0.363698,95.88624335600389,0.0,0.0
5301,91370,-0.020678878,10,0.0,3626,148960,0.76783943,0.74716055,542,815.5438935756683,0.74716055,22.533097453149434,0.0,0.0
5301,91370,-0.022548556,10,0.0,3636,149060,0.7734153,0.7508668,542,815.5438935756683,0.7508668,121.76320312137118,0.0,0.0
5306,91420,-0.022310078,10,0.0,3639,149090,0.74339914,0.72108907,543,817.6908354759216,0.72108907,15.736911714219787,0.0,0.0
5306,91420,0.20255384,10,0.0,3647,149170,0.48560867,0.6881625,543,817.6908354759216,0.48560867,112.69648581185834,0.0,0.0
5314,91500,-0.026987791,10,0.0,3652,149220,0.7173032,0.6903154,544,819.8889119625092,0.6903154,25.693102998352796,0.0,0.0
5314,91500,-0.0065954924,10,0.0,3661,149310,0.772817,0.7662215,544,819.8889119625092,0.7662215,79.07857699044301,0.0,0.0
5319,91550,0.11004323,10,0.0,3666,149360,0.5542026,0.66424584,545,822.4553124904633,0.5542026,13.03987755714948,0.0,0.0
5319,91550,0.25114605,10,0.0,3674,149440,0.47125378,0.72239983,545,822.4553124904633,0.47125378,99.71433462028567,0.0,0.0
5326,91620,0.25590986,10,0.0,3680,149500,0.42300057,0.67891043,546,825.1005272865295,0.42300057,17.06097412159029,0.0,0.0
5326,91620,-0.010934293,10,0.0,3684,149540,0.7632025,0.7522682,546,825.1005272865295,0.7522682,82.62912573925446,0.0,0.0
5332,91680,0.26838994,10,0.0,3692,149620,0.41419905,0.682589,547,827.5975189208984,0.41419905,30.78980325023968,0.0,0.0
5332,91680,0.25999662,10,0.0,3703,149730,0.4391723,0.6991689,547,827.5975189208984,0.4391723,123.78383961799192,0.0,0.0
5337,91730,-0.027173996,10,0.0,3708,149780,0.7318369,0.7046629,548,829.2966349124908,0.7046629,26.16677646683037,0.0,0.0
5345,91810,-0.02410394,10,0.0,3720,149900,0.7193977,0.6952938,549,831.0033795833588,0.6952938,16.453393472391173,0.0,0.0
5345,91810,0.19418561,10,0.0,3731,150010,0.50726706,0.7014527,550,832.7611720561981,0.50726706,127.73414706939293,0.0,0.0
5351,91870,-0.022892833,10,0.0,3735,150050,0.7724638,0.74957097,550,832.7611720561981,0.74957097,118.48851925510758,0.0,0.0
5357,91930,0.2827182,10,0.0,3745,150150,0.37436464,0.65708286,551,834.4378132820129,0.37436464,23.20029072935122,0.0,0.0
5357,91930,-0.0121895075,10,0.0,3752,150220,0.75436985,0.74218035,551,834.4378132820129,0.74218035,113.42609043682376,0.0,0.0
5365,92010,-0.013679087,10,0.0,3758,150280,0.7009997,0.6873206,552,836.1785097122192,0.6873206,44.44799569328655,0.0,0.0
5365,92010,0.21365947,10,0.0,3769,150390,0.5056089,0.7192684,552,836.1785097122192,0.5056089,83.66804108493267,0.0,0.0
5370,92060,0.2710023,10,0.0,3772,150420,0.39991492,0.6709172,553,837.842791557312,0.39991492,90.77047598024576,0.0,0.0
5370,92060,-0.02685535,10,0.0,3782,150520,0.72694653,0.7000912,553,837.842791557312,0.7000912,23.834143658213375,0.0,0.0
5378,92140,0.24667135,10,0.0,3793,150630,0.42555687,0.6722282,554,839.6464755535126,0.42555687,117.54644485610432,0.0,0.0
5383,92190,0.26972708,10,0.0,3797,150670,0.4411951,0.7109222,555,841.3064978122711,0.4411951,109.58452864301651,0.0,0.0
5383,92190,-0.033628583,10,0.0,3807,150770,0.79404813,0.76041955,556,842.9872682094574,0.76041955,25.365112616807735,0.0,0.0
5389,92250,-0.017277777,10,0.0,3813,150830,0.7262272,0.70894945,556,842.9872682094574,0.70894945,130.57621842068397,0.0,0.0
5395,92310,0.3028283,10,0.0,3821,150910,0.34395176,0.6467801,557,844.7069659233093,0.34395176,133.67916139457355,0.0,0.0
5395,92310,0.13946569,10,0.0,3833,151030,0.5518908,0.6913565,558,846.3076882362366,0.5518908,19.76850747745922,0.0,0.0
5401,92370,0.21203789,10,0.0,3842,151120,0.45461324,0.6666511,558,846.3076882362366,0.45461324,126.41556179114914,0.0,0.0
5409,92450,0.030624926,10,0.0,3847,151170,0.65166235,0.6822873,559,848.0110890865326,0.65147114,80.75939910427874,0.0,0.0
5409,92450,0.22184768,10,0.0,3858,151280,0.49578556,0.71763325,559,848.0110890865326,0.49578556,24.53343066444864,0.0,0.0
5415,92510,0.2645814,10,0.0,3863,151330,0.43610004,0.70068145,560,849.900548696518,0.43610004,102.45202641966624,0.0,0.0
5421,92570,-0.022386193,10,0.0,3872,151420,0.75301856,0.73063236,561,852.2189438343048,0.73063236,14.2788073804577,0.0,0.0
5421,92570,0.2515021,10,0.0,3877,151470,0.42622572,0.6777278,561,852.2189438343048,0.42622572,128.6525283880031,0.0,0.0
5428,92640,0.1072821,10,0.0,3885,151550,0.6062021,0.7134842,562,854.6213293075562,0.6062021,16.926808361576267,0.0,0.0
5428,92640,-0.032405198,10,0.0,3892,151620,0.73523015,0.70282495,562,854.6213293075562,0.70282495,101.52970993268153,0.0,0.0
5428,92640,0.27404323,10,0.0,3900,151700,0.41068563,0.68472886,562,854.6213293075562,0.41068563,32.05245400531112,0.0,0.0
5434,92700,-0.031140983,10,0.0,3902,151720,0.7293753,0.6982343,563,856.9047224521637,0.6982343,31.433736131637403,0.0,0.0
5434,92700,0.21064034,10,0.0,3910,151800,0.4479212,0.6585615,563,856.9047224521637,0.4479212,81.48171748058296,0.0,0.0
5442,92780,-0.010834813,10,0.0,3914,151840,0.82767755,0.81684273,564,859.5369970798492,0.81684273,15.70668009788814,0.0,0.0
5442,92780,0.16030961,10,0.0,3922,151920,0.50480944,0.66511905,564,859.5369970798492,0.50480944,88.84844325254092,0.0,0.0
5448,92840,0.27198803,10,0.0,3928,151980,0.3965736,0.66856164,565,862.4054434299469,0.3965736,12.479990764166992,0.0,0.0
5448,92840,-0.013752699,10,0.0,3936,152060,0.7979475,0.7841948,565,862.4054434299469,0.7841948,87.36968404212772,0.0,0.0
5451,92870,-0.022580028,10,0.0,3944,152140,0.70435184,0.6817718,566,865.2019805908203,0.6817718,38.81038236652149,0.0,0.0
5453,92890,0.25387985,10,0.0,3946,152160,0.4189149,0.67279476,566,865.2019805908203,0.4189149,36.27493612995069,0.0,0.0
5453,92890,-0.006216109,10,0.0,3955,152250,0.76460785,0.75839174,566,865.2019805908203,0.75839174,102.24972086923029,0.0,0.0
5461,92970,-0.019581199,10,0.0,3961,152310,0.7512144,0.7316332,567,868.3094370365143,0.7316332,134.42506522059625,0.0,0.0
5461,92970,0.261297,10,0.0,3972,152420,0.41705793,0.6783549,567,868.3094370365143,0.41705793,29.481068186019506,0.0,0.0
5465,93010,0.3004188,10,0.0,3977,152470,0.35755014,0.65796894,568,870.2651190757751,0.35755014,122.04061324309461,0.0,0.0
5465,93010,0.28293884,10,0.0,3986,152560,0.38687414,0.669813,568,870.2651190757751,0.38687414,18.129275620657925,0.0,0.0
5473,93090,0.3150837,10,0.0,3994,152640,0.32694516,0.64202887,569,872.3303663730621,0.32694516,120.5911239405196,0.0,0.0
5473,93090,0.28377846,10,0.0,4001,152710,0.38867232,0.6724508,570,874.44273686409,0.38867232,33.86066788030952,0.0,0.0
5480,93160,0.27619508,10,0.0,4011,152810,0.37149754,0.6476926,570,874.44273686409,0.37149754,109.81405748456588,0.0,0.0
5485,93210,0.27941066,10,0.0,4015,152850,0.38011628,0.65952694,571,876.5665435791016,0.38011628,30.499260115691,0.0,0.0
5485,93210,0.10431433,10,0.0,4025,152950,0.57079494,0.67510927,572,878.6523418426514,0.57079494,105.83498609660212,0.0,0.0
5492,93280,0.0031591654,10,0.0,4029,152990,0.69404095,0.6972001,572,878.6523418426514,0.68760014,83.17015133728862,0.0,0.0
5498,93340,0.28703645,10,0.0,4040,153100,0.35789868,0.64493513,573,880.719801902771,0.35789868,17.77612018736046,0.0,0.0
5498,93340,-0.0048499107,10,0.0,4044,153140,0.7640307,0.7591808,573,880.719801902771,0.7591808,86.45393477055502,0.0,0.0
5506,93420,0.28422153,10,0.0,4053,153230,0.36919916,0.6534207,574,883.1046781539917,0.36919916,18.272991957242382,0.0,0.0
5506,93420,0.23651022,10,0.0,4062,153320,0.45069242,0.68720263,574,883.1046781539917,0.45069242,97.18463046334291,0.0,0.0
5512,93480,-0.019037604,10,0.0,4067,153370,0.78556955,0.76653194,575,885.2646090984344,0.76653194,22.36778419265831,0.0,0.0
5512,93480,0.29911545,10,0.0,4078,153480,0.35202315,0.6511386,575,885.2646090984344,0.35202315,99.92052677218628,0.0,0.0
5517,93530,-0.016755521,10,0.0,4081,153510,0.71970034,0.7029448,576,887.3589699268341,0.7029448,11.887218481952944,0.0,0.0
5517,93530,0.29035234,10,0.0,4089,153590,0.38552278,0.6758751,576,887.3589699268341,0.38552278,104.33047029881524,0.0,0.0
5525,93610,0.21052039,10,0.0,4094,153640,0.4869783,0.6974987,577,889.6562442779541,0.4869783,35.35907428998241,0.0,0.0
5525,93610,0.3025548,10,0.0,4104,153740,0.3601256,0.6626804,577,889.6562442779541,0.3601256,118.44836545195761,0.0,0.0
5529,93650,0.2796,10,0.0,4109,153790,0.36842248,0.6480225,578,891.8527529239655,0.36842248,19.80087261040051,0.0,0.0
5529,93650,-0.013502359,10,0.0,4119,153890,0.7386629,0.72516054,578,891.8527529239655,0.72516054,116.38656185050655,0.0,0.0
5537,93730,0.26482192,10,0.0,4123,153930,0.39850143,0.66332334,579,894.1150314807892,0.39850143,30.95843131697394,0.0,0.0
5537,93730,0.23620012,10,0.0,4133,154030,0.43582454,0.67202467,580,896.2399880886078,0.43582454,98.28273100274394,0.0,0.0
5544,93800,0.29136792,10,0.0,4136,154060,0.37623653,0.66760445,580,896.2399880886078,0.37623653,45.02751482021432,0.0,0.0
5545,93810,-0.029179513,10,0.0,4146,154160,0.73831403,0.7091345,581,898.3482236862183,0.7091345,76.4521761954584,0.0,0.0
5550,93860,0.24534494,10,0.0,4149,154190,0.43956232,0.68490726,581,898.3482236862183,0.43956232,62.313237260436786,0.0,0.0
5551,93870,0.12814248,10,0.0,4159,154290,0.55414695,0.6822894,582,900.5564701557159,0.55414695,53.51263145942125,0.0,0.0
5556,93920,0.087736845,10,0.0,4163,154330,0.6163794,0.7041162,582,900.5564701557159,0.6163794,91.20034790171776,0.0,0.0
5556,93920,0.24799404,10,0.0,4172,154420,0.4133648,0.66135883,582,900.5564701557159,0.4133648,120.78524879554676,0.0,0.0
5562,93980,0.29853618,10,0.0,4175,154450,0.36451697,0.66305315,583,902.9205434322357,0.36451697,12.673883871037923,0.0,0.0
5562,93980,0.29625976,10,0.0,4182,154520,0.3835854,0.67984515,583,902.9205434322357,0.3835854,105.90927914187886,0.0,0.0
5570,94060,-0.022028923,10,0.0,4188,154580,0.706818,0.68478906,584,905.5115911960602,0.68478906,22.361141988291372,0.0,0.0
5570,94060,0.24686235,10,0.0,4199,154690,0.43314868,0.68001103,584,905.5115911960602,0.43314868,111.761379835914,0.0,0.0
5576,94120,-0.027323961,10,0.0,4203,154730,0.7221125,0.6947885,585,907.6293497085571,0.6947885,101.31340384982354,0.0,0.0
5576,94120,0.26884452,10,0.0,4213,154830,0.42270634,0.69155085,585,907.6293497085571,0.42270634,28.265523009055904,0.0,0.0
5581,94170,0.25674573,10,0.0,4219,154890,0.43272188,0.6894676,586,909.5065984725952,0.43272188,107.54019004056181,0.0,0.0
5581,94170,-0.028553665,10,0.0,4226,154960,0.72240657,0.6938529,586,909.5065984725952,0.6938529,16.449025052159318,0.0,0.0
5588,94240,0.1532014,10,0.0,4237,155070,0.51071405,0.66391546,587,911.4995510578156,0.51071405,121.56134432349089,0.0,0.0
5593,94290,0.28831097,10,0.0,4240,155100,0.40426013,0.6925711,588,913.4618346691132,0.40426013,21.408270118691423,0.0,0.0
5593,94290,-0.009256959,10,0.0,4249,155190,0.7366497,0.72739273,588,913.4618346691132,0.72739273,118.41291888992406,0.0,0.0
5601,94370,-0.011740029,10,0.0,4253,155230,0.7302901,0.7185501,589,915.9531862735748,0.7185501,24.75029622670903,0.0,0.0
5607,94430,-0.028838098,10,0.0,4264,155340,0.7537569,0.7249188,590,917.6947627067566,0.7249188,27.255190554818018,0.0,0.0
5607,94430,0.05399573,10,0.0,4272,155420,0.6872601,0.7412558,590,917.6947627067566,0.6872601,129.4925950052948,0.0,0.0
5614,94500,-0.027728915,10,0.0,4278,155480,0.72190225,0.69417334,591,919.3482935428619,0.69417334,42.68199335088385,0.0,0.0
5618,94540,0.26667473,10,0.0,4289,155590,0.4042842,0.67095894,592,921.0111932754517,0.4042842,38.08820858548067,0.0,0.0
5620,94560,0.2545674,10,0.0,4294,155640,0.41945586,0.6740233,592,921.0111932754517,0.41945586,111.2662583131942,0.0,0.0
5622,94580,0.21385822,10,0.0,4304,155740,0.46951482,0.68337303,593,923.2516624927521,0.46951482,39.54118952470108,0.0,0.0
5626,94620,0.1348753,10,0.0,4307,155770,0.55878973,0.693665,593,923.2516624927521,0.55878973,66.80679041645297,0.0,0.0
5626,94620,-0.031612217,10,0.0,4318,155880,0.7055418,0.6739296,594,925.5193235874176,0.6739296,26.195293807579098,0.0,0.0
5634,94700,0.29725605,10,0.0,4326,155960,0.36966294,0.666919,594,925.5193235874176,0.36966294,138.49535080304312,0.0,0.0
5641,94770,-0.027543426,10,0.0,4333,156030,0.74162257,0.71407914,595,927.2762327194214,0.71407914,119.18074151530995,0.0,0.0
5641,94770,-0.010350347,10,0.0,4346,156160,0.7461576,0.73580724,595,927.2762327194214,0.73580724,22.535603565460807,0.0,0.0
5645,94810,-0.018936217,10,0.0,4350,156200,0.75088793,0.7319517,596,928.9783568382263,0.7319517,98.34518204498134,0.0,0.0
5645,94810,0.25669223,10,0.0,4359,156290,0.45941395,0.7161062,596,928.9783568382263,0.45941395,22.003206338814326,0.0,0.0
5652,94880,0.27630094,10,0.0,4367,156370,0.38752046,0.6638214,597,931.2170112133026,0.38752046,117.83937471553715,0.0,0.0
5652,94880,0.25137705,10,0.0,4373,156430,0.4778092,0.72918624,597,931.2170112133026,0.4778092,17.91296229624628,0.0,0.0
5659,94950,0.2947905,10,0.0,4378,156480,0.34488612,0.63967663,598,933.2880253791809,0.34488612,120.36238101660673,0.0,0.0
5659,94950,0.27566582,10,0.0,4385,156550,0.38284433,0.65851015,599,935.650776386261,0.38284433,22.087467192430353,0.0,0.0
5665,95010,0.26384163,10,0.0,4391,156610,0.41837507,0.6822167,599,935.650776386261,0.41837507,125.46564602347,0.0,0.0
5672,95080,0.28765818,10,0.0,4399,156690,0.358546,0.6462042,600,937.7253270149231,0.358546,22.517492203467356,0.0,0.0
5672,95080,-0.021120548,10,0.0,4406,156760,0.73881227,0.7176917,600,937.7253270149231,0.7176917,92.4554013274346,0.0,0.0
5672,95080,0.20112503,10,0.0,4413,156830,0.51173025,0.7128553,601,940.1273107528687,0.51173025,22.185628520800826,0.0,0.0
5678,95140,0.28635618,10,0.0,4424,156940,0.37804648,0.66440266,601,940.1273107528687,0.37804648,126.4838001495742,0.0,0.0
5684,95200,0.2674719,10,0.0,4427,156970,0.41630638,0.6837783,602,941.9497792720795,0.41630638,75.6970244959763,0.0,0.0
5684,95200,-0.011484504,10,0.0,4438,157080,0.7785038,0.7670193,602,941.9497792720795,0.7670193,22.48875777653028,0.0,0.0
5690,95260,-0.028350115,10,0.0,4441,157110,0.7308398,0.7024897,603,943.8421881198883,0.7024897,110.81355135125138,0.0,0.0
5690,95260,0.2671641,10,0.0,4451,157210,0.4140538,0.6812179,604,945.9991292953491,0.4140538,19.41030096743665,0.0,0.0
5698,95340,0.28419283,10,0.0,4459,157290,0.3610604,0.64525324,604,945.9991292953491,0.3610604,118.97789679117687,0.0,0.0
5705,95410,0.2992082,10,0.0,4465,157350,0.37679628,0.67600447,605,947.8554019927979,0.37679628,81.05044899158057,0.0,0.0
5705,95410,0.07033503,10,0.0,4477,157470,0.65086985,0.7212049,605,947.8554019927979,0.65086985,68.66700064503665,0.0,0.0
5709,95450,0.24374545,10,0.0,4482,157520,0.48227727,0.7260227,606,949.6850197315216,0.48227727,132.0624685138539,0.0,0.0
5710,95460,0.26139587,10,0.0,4491,157610,0.42574036,0.68713623,607,951.5372712612152,0.42574036,20.118572979942364,0.0,0.0
5716,95520,-0.027598083,10,0.0,4499,157690,0.7769928,0.7493947,607,951.5372712612152,0.7493947,84.65201139913941,0.0,0.0
5723,95590,0.23635629,10,0.0,4504,157740,0.46253547,0.69889176,608,953.5466632843018,0.46253547,34.686545341473135,0.0,0.0
5723,95590,0.26712006,10,0.0,4516,157860,0.39335227,0.66047233,608,953.5466632843018,0.39335227,39.104776236013876,0.0,0.0
5729,95650,0.27010655,10,0.0,4521,157910,0.40836453,0.6784711,609,955.4998602867126,0.40836453,131.8739585101901,0.0,0.0
5730,95660,0.23206195,10,0.0,4529,157990,0.4728565,0.70491844,610,957.3857138156891,0.4728565,25.93661881251793,0.0,0.0
5736,95720,-0.011625767,10,0.0,4538,158080,0.73331666,0.7216909,610,957.3857138156891,0.7216909,135.96768651249036,0.0,0.0
5742,95780,0.27912763,10,0.0,4543,158130,0.3943095,0.6734371,611,959.2297668457031,0.3943095,18.60845136909056,0.0,0.0
5742,95780,0.25620067,10,0.0,4553,158230,0.45216823,0.7083689,611,959.2297668457031,0.45216823,121.437807444982,0.0,0.0
5748,95840,0.30276456,10,0.0,4556,158260,0.33338538,0.63614994,612,961.151937007904,0.33338538,14.007258266238175,0.0,0.0
5748,95840,-0.015714407,10,0.0,4567,158370,0.7502786,0.7345642,612,961.151937007904,0.7345642,130.33681888099937,0.0,0.0
5754,95900,-0.034208894,10,0.0,4570,158400,0.7847198,0.75051093,613,963.1942961215973,0.75051093,30.405559305028877,0.0,0.0
5762,95980,0.24989048,10,0.0,4582,158520,0.46532467,0.71521515,614,964.9753262996674,0.46532467,26.34614720235377,0.0,0.0
5762,95980,0.25206485,10,0.0,4591,158610,0.43312672,0.6851916,614,964.9753262996674,0.43312672,120.50243055954584,0.0,0.0
5769,96050,0.2548816,10,0.0,4596,158660,0.4288765,0.6837581,615,966.6288843154907,0.4288765,60.37289145614214,0.0,0.0
5769,96050,0.27821308,10,0.0,4607,158770,0.38549352,0.6637066,615,966.6288843154907,0.38549352,115.40694922902519,0.0,0.0
5773,96090,-0.01350373,10,0.0,4611,158810,0.7949899,0.78148615,616,968.6891553401947,0.78148615,68.84180498861747,0.0,0.0
5780,96160,0.27632836,10,0.0,4622,158920,0.4309974,0.70732576,617,970.4806396961212,0.4309974,21.7339130696124,0.0,0.0
5780,96160,0.24611714,10,0.0,4632,159020,0.46148673,0.7076039,617,970.4806396961212,0.46148673,140.77727320021884,0.0,0.0
5786,96220,0.29418167,10,0.0,4636,159060,0.37884107,0.67302275,618,972.1182706356049,0.37884107,45.81865691370243,0.0,0.0
5793,96290,-0.010361254,10,0.0,4647,159170,0.80149937,0.7911381,619,973.7535126209259,0.7911381,23.248604575109056,0.0,0.0
5793,96290,0.26379994,10,0.0,4657,159270,0.4230186,0.68681854,619,973.7535126209259,0.4230186,154.63784038874184,0.0,0.0
5800,96360,0.26349476,10,0.0,4663,159330,0.4393879,0.70288265,620,975.2952013015747,0.4393879,143.8001069680056,0.0,0.0
5806,96420,0.23222297,10,0.0,4672,159420,0.4849218,0.7171448,621,976.8791079521179,0.4849218,19.905425235250455,0.0,0.0
5806,96420,0.24456686,10,0.0,4683,159530,0.50614226,0.7507091,621,976.8791079521179,0.50614226,131.74016967306056,0.0,0.0
5812,96480,0.25559106,10,0.0,4687,159570,0.43256924,0.6881603,622,978.5988616943359,0.43256924,62.2352005507876,0.0,0.0
5819,96550,0.13844025,10,0.0,4698,159680,0.55364573,0.692086,623,980.3094334602356,0.55364573,22.710791934083915,0.0,0.0
5819,96550,0.2423386,10,0.0,4705,159750,0.44749206,0.68983066,623,980.3094334602356,0.44749206,132.22691950000788,0.0,0.0
5826,96620,0.23475772,10,0.0,4711,159810,0.45517474,0.68993247,624,982.2217168807983,0.45517474,16.44859930367153,0.0,0.0
5826,96620,0.27496946,10,0.0,4721,159910,0.38260925,0.6575787,624,982.2217168807983,0.38260925,125.12466811849289,0.0,0.0
5832,96680,0.285266,10,0.0,4726,159960,0.39250317,0.6777692,625,984.040337562561,0.39250317,116.23561362912054,0.0,0.0
5837,96730,0.2690425,10,0.0,4737,160070,0.43840814,0.7074506,626,985.7329139709473,0.43840814,29.81305993170646,0.0,0.0
5837,96730,0.27122363,10,0.0,4745,160150,0.38932154,0.6605452,626,985.7329139709473,0.38932154,141.28562622319086,0.0,0.0
5844,96800,0.23367587,10,0.0,4751,160210,0.43814,0.6718159,627,987.3408017158508,0.43814,69.49746404007165,0.0,0.0
5848,96840,0.24205309,10,0.0,4762,160320,0.48715067,0.72920376,628,988.9516541957855,0.48715067,32.09353431785141,0.0,0.0
5850,96860,0.25915426,10,0.0,4767,160370,0.41319287,0.6723471,628,988.9516541957855,0.41319287,146.18629210741858,0.0,0.0
5857,96930,-0.008559763,10,0.0,4776,160460,0.7707637,0.76220393,629,990.880931854248,0.76220393,27.323138819366363,0.0,0.0
5864,97000,0.28184465,10,0.0,4788,160580,0.38093892,0.66278356,630,992.5393621921539,0.38093892,23.44095420235555,0.0,0.0
5864,97000,0.28616428,10,0.0,4797,160670,0.36303133,0.6491956,630,992.5393621921539,0.36303133,123.94918274530201,0.0,0.0
5870,97060,0.21038198,10,0.0,4802,160720,0.49502927,0.70541126,631,994.3079845905304,0.49502927,33.08906735669544,0.0,0.0
5876,97120,0.17976421,10,0.0,4814,160840,0.5415645,0.72132874,632,996.0122466087341,0.5415645,21.79588392168601,0.0,0.0
5876,97120,0.23255366,10,0.0,4824,160940,0.4650246,0.69757825,632,996.0122466087341,0.4650246,115.35997183594438,0.0,0.0
5881,97170,-0.023943663,10,0.0,4829,160990,0.77445203,0.75050837,633,997.7711493968964,0.75050837,20.97097475465638,0.0,0.0
5889,97250,-0.009535551,10,0.0,4840,161100,0.7575884,0.74805284,634,999.7035613059998,0.74805284,18.06924663940249,0.0,0.0
5889,97250,-0.032702267,10,0.0,4850,161200,0.74826664,0.71556437,634,999.7035613059998,0.71556437,151.94276295531526,0.0,0.0
5896,97320,0.26357353,10,0.0,4856,161260,0.4034497,0.66702324,635,1001.4381906986237,0.4034497,136.64720600500416,0.0,0.0
5901,97370,-0.021531224,10,0.0,4866,161360,0.7146117,0.6930805,636,1003.0785210132599,0.6930805,22.846311138321827,0.0,0.0
5901,97370,0.2716566,10,0.0,4873,161430,0.40647236,0.67812896,636,1003.0785210132599,0.40647236,102.74843157092778,0.0,0.0
5908,97440,-0.015369475,10,0.0,4880,161500,0.7589326,0.7435631,637,1004.9558370113373,0.7435631,31.369484654822315,0.0,0.0
5912,97480,0.17036021,10,0.0,4891,161610,0.50533694,0.67569715,638,1006.7285060882568,0.50533694,32.757712031065246,0.0,0.0
5914,97500,0.08804953,10,0.0,4899,161690,0.62680644,0.71485597,638,1006.7285060882568,0.62680644,148.05742545598312,0.0,0.0
5921,97570,-0.030996442,10,0.0,4905,161750,0.77286935,0.7418729,639,1008.3997161388397,0.7418729,32.81170621804826,0.0,0.0
5928,97640,0.30269033,10,0.0,4917,161870,0.3583808,0.6610711,640,1010.030632019043,0.3583808,23.05416401458562,0.0,0.0
5929,97650,0.04686469,10,0.0,4928,161980,0.72936225,0.77622694,641,1011.6561105251312,0.72936225,123.31509515507352,0.0,0.0
5934,97700,-0.026237786,10,0.0,4931,162010,0.7758558,0.749618,641,1011.6561105251312,0.749618,58.129002662320474,0.0,0.0
5941,97770,0.2627127,10,0.0,4942,162120,0.39458898,0.65730166,642,1013.5581970214844,0.39458898,28.314122214444016,0.0,0.0
5941,97770,-0.008333981,10,0.0,4952,162220,0.7470715,0.7387375,642,1013.5581970214844,0.7387375,134.1022927464039,0.0,0.0
5946,97820,0.295484,10,0.0,4957,162270,0.36004996,0.65553397,643,1015.2891142368317,0.36004996,36.99127672390756,0.0,0.0
5946,97820,0.24417475,10,0.0,4969,162390,0.42611268,0.67028743,644,1017.2038044929504,0.42611268,85.74818764285217,0.0,0.0
5952,97880,0.20842597,10,0.0,4972,162420,0.49355385,0.7019798,644,1017.2038044929504,0.49355385,36.66372084444573,0.0,0.0
5960,97960,-0.019152522,10,0.0,4982,162520,0.7758278,0.7566753,645,1019.0226790904999,0.7566753,19.68707609437471,0.0,0.0
5960,97960,0.06979352,10,0.0,4994,162640,0.6855142,0.75530773,645,1019.0226790904999,0.6855142,112.68861347168078,0.0,0.0
5965,98010,0.27933654,10,0.0,4999,162690,0.37198249,0.651319,646,1020.6134057044983,0.37198249,147.20626686835575,0.0,0.0
5965,98010,-0.02468276,10,0.0,5009,162790,0.76844716,0.7437644,646,1020.6134057044983,0.7437644,18.438689426877037,0.0,0.0
5972,98080,-0.020134807,10,0.0,5016,162860,0.7436557,0.7235209,647,1022.4159038066864,0.7235209,101.29285132958363,0.0,0.0
5972,98080,0.17326152,10,0.0,5023,162930,0.55216473,0.72542626,647,1022.4159038066864,0.55216473,20.34408798253077,0.0,0.0
5978,98140,0.20631436,10,0.0,5030,163000,0.4823906,0.68870497,648,1024.745998620987,0.4823906,127.46707187357545,0.0,0.0
5985,98210,-0.029222906,10,0.0,5037,163070,0.7819866,0.7527637,649,1026.7322170734406,0.7527637,21.59690147604174,0.0,0.0
5985,98210,0.265219,10,0.0,5047,163170,0.39477018,0.6599892,649,1026.7322170734406,0.39477018,107.59729615330349,0.0,0.0
5992,98280,0.24339902,10,0.0,5052,163220,0.45785427,0.7012533,650,1028.9914679527283,0.45785427,33.0003170759149,0.0,0.0
5992,98280,0.20153129,10,0.0,5062,163320,0.47342056,0.67495185,650,1028.9914679527283,0.47342056,94.70391929300091,0.0,0.0
5998,98340,-0.02966243,10,0.0,5066,163360,0.7637233,0.7340609,651,1031.132656097412,0.7340609,14.471156218161193,0.0,0.0
5998,98340,-0.01844412,10,0.0,5074,163440,0.7401729,0.7217288,651,1031.132656097412,0.7217288,147.6462098437753,0.0,0.0
6005,98410,0.2985275,10,0.0,5080,163500,0.3603653,0.6588928,652,1033.466720342636,0.3603653,33.59958984875673,0.0,0.0
6005,98410,0.2536617,10,0.0,5090,163600,0.4655785,0.7192402,652,1033.466720342636,0.4655785,100.45322820916898,0.0,0.0
6010,98460,-0.0086862445,10,0.0,5094,163640,0.76421773,0.7555315,653,1035.5261459350586,0.7555315,31.206643839999046,0.0,0.0
6010,98460,0.29463816,10,0.0,5104,163740,0.36929888,0.66393703,653,1035.5261459350586,0.36929888,99.44222503040663,0.0,0.0
6016,98520,0.27645904,10,0.0,5107,163770,0.4026757,0.6791347,654,1037.6658399105072,0.4026757,12.606846097315755,0.0,0.0
6018,98540,-0.015128672,10,0.0,5116,163860,0.7312886,0.71615994,654,1037.6658399105072,0.71615994,110.29660114390902,0.0,0.0
6025,98610,-0.01767546,10,0.0,5123,163930,0.7666951,0.7490196,655,1039.9237580299377,0.7490196,137.12298000189617,0.0,0.0
6026,98620,-0.03147942,10,0.0,5134,164040,0.7287434,0.69726396,656,1041.7149639129639,0.69726396,19.812751420425023,0.0,0.0
6029,98650,0.22204706,10,0.0,5142,164120,0.46900567,0.69105273,656,1041.7149639129639,0.46900567,121.28259920365267,0.0,0.0
6032,98680,0.25767407,10,0.0,5148,164180,0.43045464,0.6881287,657,1043.7346923351288,0.43045464,17.47063966480796,0.0,0.0
6036,98720,-0.022196949,10,0.0,5158,164280,0.7736556,0.75145864,657,1043.7346923351288,0.75145864,105.57790525862698,0.0,0.0
6042,98780,0.29448998,10,0.0,5162,164320,0.3508973,0.6453873,658,1045.9319596290588,0.3508973,20.71183501261187,0.0,0.0
6042,98780,-0.0058499575,10,0.0,5172,164420,0.72500145,0.7191515,658,1045.9319596290588,0.7191515,131.14494937809155,0.0,0.0
6048,98840,0.18246812,10,0.0,5177,164470,0.50984716,0.6923153,659,1048.0789215564728,0.50984716,29.578741520705382,0.0,0.0
6048,98840,0.24848717,10,0.0,5188,164580,0.47550786,0.72399503,659,1048.0789215564728,0.47550786,19.350080042812525,0.0,0.0
6056,98920,0.002261281,10,0.0,5200,164700,0.7295878,0.7318491,660,1049.7515544891357,0.7295878,109.45212664629484,0.0,0.0
6062,98980,-0.013876796,10,0.0,5204,164740,0.7400762,0.7261994,661,1051.387170791626,0.7261994,137.41183870840922,0.0,0.0
6062,98980,0.0740813,10,0.0,5214,164840,0.5939394,0.6680207,661,1051.387170791626,0.5939394,27.003492687888905,0.0,0.0
6069,99050,0.2820256,10,0.0,5223,164930,0.39718387,0.6792095,662,1053.0817081928253,0.39718387,107.67187359611854,0.0,0.0
6070,99060,-0.024376929,10,0.0,5227,164970,0.72896063,0.7045837,663,1055.0775377750397,0.7045837,14.835041974749716,0.0,0.0
6074,99100,-0.010818839,10,0.0,5238,165080,0.7018248,0.69100595,663,1055.0775377750397,0.6802405,112.64140251746299,0.0,0.0
6081,99170,0.27846098,10,0.0,5241,165110,0.4073462,0.68580717,664,1056.9196219444275,0.4073462,42.661285401011426,0.0,0.0
6081,99170,-0.03258556,10,0.0,5252,165220,0.74143314,0.7088476,664,1056.9196219444275,0.7088476,26.013914016414745,0.0,0.0
6088,99240,0.27495876,10,0.0,5262,165320,0.40278903,0.6777478,665,1058.7643167972565,0.40278903,131.69590937064342,0.0,0.0
6093,99290,0.2503004,10,0.0,5266,165360,0.43116158,0.681462,666,1060.4296684265137,0.43116158,43.65515138205273,0.0,0.0
6093,99290,0.004045129,10,0.0,5277,165470,0.658794,0.6628391,667,1062.081702709198,0.6506117,22.77507846352668,0.0,0.0
6100,99360,-0.027898848,10,0.0,5284,165540,0.7137265,0.6858277,667,1062.081702709198,0.6858277,128.65726397673663,0.0,0.0
6107,99430,-0.015818,10,0.0,5290,165600,0.72816277,0.71234477,668,1063.8635330200195,0.71234477,17.067715342210562,0.0,0.0
6107,99430,-0.030892253,10,0.0,5299,165690,0.7320709,0.70117867,668,1063.8635330200195,0.70117867,123.40289566826621,0.0,0.0
6112,99480,0.2469916,10,0.0,5304,165740,0.43664387,0.6836355,669,1066.069350719452,0.43664387,16.694544615066192,0.0,0.0
6112,99480,-0.0318197,10,0.0,5311,165810,0.7328661,0.7010464,669,1066.069350719452,0.7010464,110.8677401960266,0.0,0.0
6120,99560,-0.015378416,10,0.0,5316,165860,0.7288608,0.7134824,670,1068.1395375728607,0.7134824,19.828093341287946,0.0,0.0
6120,99560,0.22834474,10,0.0,5328,165980,0.46107793,0.68942267,671,1069.92090010643,0.46107793,147.23933961237506,0.0,0.0
6126,99620,0.25601408,10,0.0,5331,166010,0.41996744,0.6759815,671,1069.92090010643,0.41996744,85.0321432264055,0.0,0.0
6133,99690,0.20632222,10,0.0,5342,166120,0.48731318,0.6936354,672,1071.7980349063873,0.48731318,17.734008309941277,0.0,0.0
6133,99690,-0.015445828,10,0.0,5353,166230,0.70955145,0.6941056,672,1071.7980349063873,0.6941056,130.49780963759457,0.0,0.0
6138,99740,-0.01693374,10,0.0,5357,166270,0.7048574,0.68792367,673,1073.583734035492,0.68792367,127.17295663273815,0.0,0.0
6144,99800,-0.028370917,10,0.0,5368,166380,0.69505054,0.6666796,674,1075.3136639595032,0.6666796,20.53729986887243,0.0,0.0
6144,99800,-0.011392355,10,0.0,5376,166460,0.6922394,0.68084705,674,1075.3136639595032,0.68084705,134.48195815137584,0.0,0.0
6152,99880,-0.016741574,10,0.0,5382,166520,0.7481483,0.73140675,675,1077.023901462555,0.73140675,90.56800637428177,0.0,0.0
6157,99930,0.27287638,10,0.0,5393,166630,0.4033875,0.67626387,676,1078.6805081367493,0.4033875,20.450133618333773,0.0,0.0
6157,99930,0.2835271,10,0.0,5402,166720,0.3707973,0.6543244,676,1078.6805081367493,0.3707973,135.8531829577182,0.0,0.0
6164,100000,-0.029824555,10,0.0,5407,166770,0.7381094,0.70828485,677,1080.37469124794,0.70828485,58.687531832250336,0.0,0.0
6171,100070,-0.030663908,10,0.0,5418,166880,0.72889566,0.69823176,678,1082.0164568424225,0.69823176,39.15913852404835,0.0,0.0
6171,100070,-0.019428313,10,0.0,5428,166980,0.7284026,0.7089743,678,1082.0164568424225,0.7089743,150.1531852435248,0.0,0.0
6176,100120,-0.021299839,10,0.0,5432,167020,0.72540736,0.7041075,679,1083.6313383579254,0.7041075,21.25347928290668,0.0,0.0
6184,100200,0.14320719,10,0.0,5443,167130,0.5474717,0.6906789,680,1085.2840979099274,0.5474717,24.639055771048447,0.0,0.0
6184,100200,-0.020562828,10,0.0,5455,167250,0.7203906,0.6998278,681,1086.8715109825134,0.6998278,121.82792544462227,0.0,0.0
6189,100250,0.23459274,10,0.0,5459,167290,0.4479763,0.682569,681,1086.8715109825134,0.4479763,129.75057152314398,0.0,0.0
6197,100330,0.24708515,10,0.0,5469,167390,0.47607803,0.7231632,682,1088.5837700366974,0.47607803,19.50471655339343,0.0,0.0
6197,100330,-0.027618825,10,0.0,5480,167500,0.7706361,0.74301726,682,1088.5837700366974,0.74301726,133.74779175887602,0.0,0.0
6202,100380,0.28641716,10,0.0,5485,167550,0.39263788,0.67905504,683,1090.4663772583008,0.39263788,106.12983135334827,0.0,0.0
6208,100440,-0.01698786,10,0.0,5495,167650,0.7182958,0.70130795,684,1092.0914058685303,0.70130795,24.73567068675729,0.0,0.0
6208,100440,0.28647462,10,0.0,5504,167740,0.35503837,0.641513,684,1092.0914058685303,0.35503837,142.53201980487373,0.0,0.0
6215,100510,0.027452528,10,0.0,5509,167790,0.68192816,0.7093807,685,1093.7413983345032,0.6808081,82.8553593299356,0.0,0.0
5287,91230,0.2244904,10,0.0,3600,148700,0.46374798,0.6882384,540,811.4881598949432,0.46374798,1.831537248361463,0.0,nan
5302,91380,-0.019438386,10,0.0,3611,148810,0.69671583,0.67727745,540,811.4881598949432,0.67727745,77.70496115959857,0.0,0.0
5356,91920,0.08711183,10,0.0,3618,148880,0.5858129,0.67292476,540,811.4881598949432,0.5858129,44.20743314031312,0.0,0.0
5380,92160,0.25984436,10,0.0,3625,148950,0.45867765,0.718522,540,811.4881598949432,0.45867765,57.528247696430874,0.0,0.0
5400,92360,-0.021896243,10,0.0,3631,149010,0.72868866,0.7067924,540,811.4881598949432,0.7067924,55.601416845186336,0.0,0.0
5418,92540,-0.013303697,10,0.0,3636,149060,0.7592804,0.7459767,540,811.4881598949432,0.7459767,54.54635779245015,0.0,0.0
5442,92780,-0.022147655,10,0.0,3642,149120,0.7486707,0.72652304,540,811.4881598949432,0.72652304,49.2258580158746,0.0,0.0
5466,93020,0.19461873,10,0.0,3648,149180,0.49551418,0.6901329,540,811.4881598949432,0.49551418,52.22798340381234,0.0,0.0
5493,93290,-0.0034682155,10,0.0,3654,149240,0.73647594,0.7330077,540,811.4881598949432,0.7330077,55.77576416833113,0.0,0.0
5519,93550,0.18726242,10,0.0,3660,149300,0.4705574,0.6578198,540,811.4881598949432,0.4705574,57.61485734694158,0.0,0.0
5543,93790,0.22662747,10,0.0,3666,149360,0.51138,0.7380075,540,811.4881598949432,0.51138,62.06216716507133,0.0,0.0
5569,94050,0.08808881,10,0.0,3673,149430,0.6041065,0.6921953,540,811.4881598949432,0.6041065,58.586947260204134,0.0,0.0
5597,94330,0.25212324,10,0.0,3679,149490,0.43004364,0.6821669,540,811.4881598949432,0.43004364,52.55440502801696,0.0,0.0
5621,94570,-0.020013988,10,0.0,3685,149550,0.7799478,0.7599338,540,811.4881598949432,0.7599338,53.4199402157785,0.0,0.0
5639,94750,0.24304345,10,0.0,3691,149610,0.43766364,0.6807071,540,811.4881598949432,0.43766364,45.415804940586916,0.0,0.0
5660,94960,-0.021497667,10,0.0,3696,149660,0.72398585,0.7024882,540,811.4881598949432,0.7024882,50.83967874173036,0.0,0.0
5682,95180,0.2618635,10,0.0,3702,149720,0.46394387,0.72580737,540,811.4881598949432,0.46394387,66.60850094093172,0.0,0.0
5709,95450,-0.01944834,10,0.0,3708,149780,0.7517093,0.73226094,540,811.4881598949432,0.73226094,60.904233074671254,0.0,0.0
5733,95690,-0.016572297,10,0.0,3714,149840,0.69557625,0.67900395,540,811.4881598949432,0.67900395,32.45503709154613,0.0,0.0
5755,95910,0.015651107,10,0.0,3719,149890,0.70935,0.7250011,540,811.4881598949432,0.70874023,61.05254883922684,0.0,0.0
5778,96140,0.2381222,10,0.0,3725,149950,0.4448186,0.6829408,540,811.4881598949432,0.4448186,57.217707556036956,0.0,0.0
5803,96390,0.25047275,10,0.0,3731,150010,0.42473057,0.6752033,540,811.4881598949432,0.42473057,49.35950272198986,0.0,0.0
5824,96600,-0.027153969,10,0.0,3737,150070,0.7391237,0.71196973,540,811.4881598949432,0.71196973,61.10235578106722,0.0,0.0
5849,96850,-0.02579242,10,0.0,3743,150130,0.7374072,0.7116148,540,811.4881598949432,0.7116148,55.40479955193262,0.0,0.0
5874,97100,0.26085028,10,0.0,3749,150190,0.42553565,0.6863859,540,811.4881598949432,0.42553565,60.37523787040849,0.0,0.0
5898,97340,0.26356357,10,0.0,3756,150260,0.44287562,0.7064392,540,811.4881598949432,0.44287562,50.9770996448634,0.0,0.0
5922,97580,0.08843571,10,0.0,3762,150320,0.6381761,0.7266118,540,811.4881598949432,0.6381761,54.551891424372286,0.0,0.0
5947,97830,0.2627089,10,0.0,3769,150390,0.4316185,0.6943274,540,811.4881598949432,0.4316185,71.51352503388718,0.0,0.0
5974,98100,-0.030580938,10,0.0,3775,150450,0.7265415,0.6959606,540,811.4881598949432,0.6959606,69.30190905155463,0.0,0.0
6002,98380,0.27374196,10,0.0,3782,150520,0.3826977,0.65643966,540,811.4881598949432,0.3826977,64.39529767232631,0.0,0.0
6030,98660,-0.014518559,10,0.0,3789,150590,0.7118737,0.69735515,540,811.4881598949432,0.69735515,61.248687571097506,0.0,0.0
6060,98960,0.28544638,10,0.0,3796,150660,0.40280047,0.68824685,540,811.4881598949432,0.40280047,59.599515735746316,0.0,0.0
6082,99180,-0.03353095,10,0.0,3802,150720,0.7840601,0.75052917,540,811.4881598949432,0.75052917,50.29159577312628,0.0,0.0
6104,99400,-0.025613666,10,0.0,3806,150760,0.72130084,0.6956872,540,811.4881598949432,0.6956872,40.942687320693494,0.0,0.0
6124,99600,-0.033516765,10,0.0,3812,150820,0.75806093,0.72454417,540,811.4881598949432,0.72454417,57.39709231038711,0.0,0.0
6150,99860,0.19526184,10,0.0,3818,150880,0.4967081,0.69196993,540,811.4881598949432,0.4967081,49.37606317417751,0.0,0.0
6173,100090,-0.013032079,10,0.0,3823,150930,0.6981808,0.6851487,540,811.4881598949432,0.6851487,44.442626650716235,0.0,0.0
6193,100290,0.25198713,10,0.0,3827,150970,0.44763723,0.69962436,540,811.4881598949432,0.44763723,25.0944053224523,0.0,0.0
6204,100400,0.24993768,10,0.0,3829,150990,0.43494222,0.6848799,540,811.4881598949432,0.43494222,10.618633617109293,0.0,0.0
6208,100440,-0.028505743,10,0.0,3830,151000,0.7013718,0.67286605,540,811.4881598949432,0.67286605,8.955284045974812,0.0,0.0
6213,100490,-0.021243036,10,0.0,3831,151010,0.71708834,0.6958453,540,811.4881598949432,0.6958453,8.792863412536741,0.0,0.0
6218,100540,-0.032372892,10,0.0,3832,151020,0.76155686,0.729184,540,811.4881598949432,0.729184,7.23588518100133,0.0,0.0
6221,100570,0.30006245,10,0.0,3834,151040,0.33796623,0.6380287,540,811.4881598949432,0.33796623,15.209053118318872,0.0,0.0
6229,100650,0.3149914,10,0.0,3836,151060,0.32912266,0.6441141,540,811.4881598949432,0.32912266,31.432087182123528,0.0,0.0
6245,100810,-0.021337092,10,0.0,3841,151110,0.7370943,0.7157572,540,811.4881598949432,0.7157572,26.461918167055092,0.0,0.0
6264,101000,-0.026768684,10,0.0,3845,151150,0.7407512,0.7139825,540,811.4881598949432,0.7139825,28.954290191530415,0.0,0.0
6273,101090,0.2784014,10,0.0,3848,151180,0.3838289,0.6622303,540,811.4881598949432,0.3838289,33.614157635286375,0.0,0.0
6286,101220,0.28694555,10,0.0,3852,151220,0.40469185,0.6916374,540,811.4881598949432,0.40469185,35.231330596117274,0.0,0.0
6302,101380,0.24978566,10,0.0,3856,151260,0.43011028,0.67989594,540,811.4881598949432,0.43011028,26.37301721541496,0.0,0.0
6316,101520,-0.016842604,10,0.0,3859,151290,0.7607213,0.7438787,540,811.4881598949432,0.7438787,21.180807559495374,0.0,0.0
6326,101620,0.2884978,10,0.0,3862,151320,0.35621488,0.6447127,541,811.4881598949432,0.35621488,15.457817111971126,0.0,0.0
6336,101720,-0.023616135,10,0.0,3864,151340,0.7296107,0.70599455,541,811.4881598949432,0.70599455,15.369684852686715,0.0,0.0
6346,101820,0.26211256,10,0.0,3868,151380,0.42478532,0.6868979,541,811.4881598949432,0.42478532,35.97457089238602,0.0,0.0
6362,101980,0.25077763,10,0.0,3872,151420,0.41413173,0.66490936,541,811.4881598949432,0.41413173,47.36126323681851,0.0,0.0
6377,102130,0.02592069,10,0.0,3876,151460,0.6829665,0.70888716,541,811.4881598949432,0.68277836,30.309979093845005,0.0,0.0
6393,102290,0.18497968,10,0.0,3880,151500,0.53016984,0.7151495,541,811.4881598949432,0.53016984,38.045782249491126,0.0,0.0
6405,102410,0.20786849,10,0.0,3884,151540,0.4883944,0.6962629,541,811.4881598949432,0.4883944,52.301511197124,0.0,0.0
6405,102410,0.20974618,10,0.0,3897,151670,0.5372834,0.7470296,541,811.4881598949432,0.5372834,98.89427520513063,0.0,0.0
6405,102410,0.2544064,10,0.0,3908,151780,0.41912204,0.67352843,542,821.607218503952,0.41912204,90.70863962040949,0.0,0.0
6420,102560,0.2775524,10,0.0,3910,151800,0.38521186,0.66276425,542,821.607218503952,0.38521186,17.904214698405855,0.0,0.0
6420,102560,-0.031721175,10,0.0,3919,151890,0.75213313,0.72041196,543,824.0163884162903,0.72041196,97.49094078679761,0.0,0.0
6426,102620,-0.019794405,10,0.0,3925,151950,0.74768203,0.72788763,543,824.0163884162903,0.72788763,108.6902914005105,0.0,0.0
6430,102660,0.23241165,10,0.0,3937,152070,0.45874712,0.6911588,544,826.0253047943115,0.45874712,13.250479086674092,0.0,0.0
6432,102680,-0.024813354,10,0.0,3941,152110,0.75438595,0.7295726,544,826.0253047943115,0.7295726,89.19420556136814,0.0,0.0
6439,102750,-0.02822733,10,0.0,3949,152190,0.7435055,0.71527815,545,828.3626081943512,0.71527815,15.348969801608634,0.0,0.0
6439,102750,-0.015185952,10,0.0,3955,152250,0.7716973,0.75651133,545,828.3626081943512,0.75651133,85.94814796600028,0.0,0.0
6439,102750,-0.014318764,10,0.0,3964,152340,0.75811684,0.7437981,546,831.4456691741943,0.7437981,77.16727932383255,0.0,0.0
6444,102800,-0.014800906,10,0.0,3967,152370,0.7262749,0.711474,546,831.4456691741943,0.711474,63.57905650910491,0.0,0.0
6444,102800,0.27190575,10,0.0,3977,152470,0.37549445,0.6474002,546,831.4456691741943,0.37549445,95.60778574831491,0.0,0.0
6450,102860,-0.014906108,10,0.0,3981,152510,0.73401034,0.71910423,547,833.8191339969635,0.71910423,13.392797215368606,0.0,0.0
6450,102860,-0.013314664,10,0.0,3985,152550,0.74409336,0.7307787,547,833.8191339969635,0.7307787,109.76462768045472,0.0,0.0
6450,102860,-0.026167035,10,0.0,3994,152640,0.7174549,0.6912879,548,836.646956205368,0.6912879,101.26032688732768,0.0,0.0
6450,102860,0.19263047,10,0.0,4004,152740,0.4717697,0.66440016,548,836.646956205368,0.4717697,95.34437647615086,0.0,0.0
6450,102860,0.2118681,10,0.0,4015,152850,0.4680826,0.6799507,549,838.6235144138336,0.4680826,126.51546640524847,0.0,0.0
6450,102860,0.11920416,10,0.0,4027,152970,0.5702849,0.68948907,549,838.6235144138336,0.5702849,124.38291979158326,0.0,0.0
6450,102860,0.20494214,10,0.0,4038,153080,0.47471288,0.679655,550,840.3706121444702,0.47471288,112.18045997608915,0.0,0.0
6450,102860,-0.009664595,10,0.0,4050,153200,0.7848301,0.7751655,550,840.3706121444702,0.7751655,110.56758659049989,0.0,0.0
6450,102860,-0.031128347,10,0.0,4062,153320,0.696659,0.6655307,551,842.090532541275,0.6655307,102.37200765415707,0.0,0.0
6450,102860,-0.020721853,10,0.0,4074,153440,0.7230233,0.70230144,552,843.8170320987701,0.70230144,105.79494319672297,0.0,0.0
6450,102860,-0.016694784,10,0.0,4086,153560,0.7641256,0.7474308,552,843.8170320987701,0.7474308,114.28496692134145,0.0,0.0
6450,102860,-0.008972585,10,0.0,4098,153680,0.7285557,0.7195831,553,845.5793890953064,0.7195831,105.51283470350879,0.0,0.0
6450,102860,-0.0034959316,10,0.0,4110,153800,0.7573177,0.7538218,554,847.2887916564941,0.7538218,102.98507389392373,0.0,0.0
6450,102860,-0.01808685,10,0.0,4122,153920,0.6817161,0.66362923,554,847.2887916564941,0.66362923,117.92584761845853,0.0,0.0
6458,102940,-0.03557098,10,0.0,4131,154010,0.7632963,0.7277253,555,849.0146753787994,0.7277253,20.151272527408118,0.0,0.0
6458,102940,-0.009297192,10,0.0,4142,154120,0.7841741,0.7748769,555,849.0146753787994,0.7748769,106.61596378268595,0.0,0.0
6463,102990,-0.018874407,10,0.0,4145,154150,0.7712321,0.7523577,556,850.949122428894,0.7523577,11.959737897132038,0.0,0.0
6463,102990,-0.014659286,10,0.0,4155,154250,0.73757446,0.7229152,556,850.949122428894,0.7229152,114.31954275497216,0.0,0.0
6471,103070,-0.030550718,10,0.0,4160,154300,0.75108206,0.72053134,557,852.9888889789581,0.72053134,77.30865926936262,0.0,0.0
6473,103090,-0.017592192,10,0.0,4171,154410,0.67942494,0.66183275,558,855.0357811450958,0.66183275,55.144385251721,0.0,0.0
6476,103120,-0.010595262,10,0.0,4176,154460,0.71198845,0.7013932,558,855.0357811450958,0.7013932,131.6533317429776,0.0,0.0
6482,103180,-0.009910941,10,0.0,4187,154570,0.77947915,0.7695682,559,857.0312926769257,0.7695682,16.870313136009756,0.0,0.0
6482,103180,-0.03129798,10,0.0,4194,154640,0.75128174,0.71998376,559,857.0312926769257,0.71998376,123.8580431020736,0.0,0.0
6488,103240,-0.0002489686,10,0.0,4201,154710,0.6628414,0.6625924,560,859.0587298870087,0.65974,87.23231146790899,0.0,0.0
6488,103240,-0.0082684755,10,0.0,4213,154830,0.7486191,0.7403506,560,859.0587298870087,0.7403506,132.2223343084838,0.0,0.0
6494,103300,-0.012979686,10,0.0,4216,154860,0.6802651,0.66728544,561,861.0625030994415,0.66728544,24.119278843278604,0.0,0.0
6494,103300,-0.008152604,10,0.0,4226,154960,0.6930668,0.6849142,562,863.1878116130829,0.6849142,87.7284088508495,0.0,0.0
6502,103380,-0.032077372,10,0.0,4230,155000,0.7181545,0.6860771,562,863.1878116130829,0.6860771,21.104637501037796,0.0,0.0
6502,103380,-0.03322041,10,0.0,4238,155080,0.78137285,0.74815243,562,863.1878116130829,0.74815243,85.18895995352928,0.0,0.0
6509,103450,0.2101734,10,0.0,4243,155130,0.43189403,0.64206743,563,865.7913084030151,0.43189403,26.097385846212045,0.0,0.0
6509,103450,-0.010613024,10,0.0,4253,155230,0.73444563,0.7238326,563,865.7913084030151,0.7238326,107.45120342261333,0.0,0.0
6509,103450,-0.021855295,10,0.0,4257,155270,0.74005,0.7181947,563,865.7913084030151,0.7181947,17.301935250736125,0.0,0.0
6514,103500,0.014845669,10,0.0,4263,155330,0.6375186,0.65236425,564,867.9735403060913,0.6365935,94.18333206088015,0.0,0.0
6514,103500,-0.026249826,10,0.0,4270,155400,0.7373734,0.7111236,564,867.9735403060913,0.7111236,17.41154649737372,0.0,0.0
6522,103580,-0.014674187,10,0.0,4277,155470,0.74081063,0.72613645,565,870.2699658870697,0.72613645,105.73973372863111,0.0,0.0
6522,103580,-0.009620845,10,0.0,4284,155540,0.74006754,0.7304467,565,870.2699658870697,0.7304467,14.479144156117634,0.0,0.0
6527,103630,-0.022810996,10,0.0,4289,155590,0.7163764,0.6935654,566,872.5342812538147,0.6935654,105.20873415022638,0.0,0.0
6527,103630,-0.02943629,10,0.0,4297,155670,0.76197684,0.73254055,567,874.8777043819427,0.73254055,14.10204649774128,0.0,0.0
6535,103710,0.0836612,10,0.0,4306,155760,0.58489096,0.66855216,567,874.8777043819427,0.58489096,93.89195820163147,0.0,0.0
6535,103710,0.020184577,10,0.0,4311,155810,0.66548014,0.6856647,567,874.8777043819427,0.66548014,15.396602641166591,0.0,0.0
6540,103760,0.14551616,10,0.0,4321,155910,0.52000016,0.6655163,568,877.3059356212616,0.52000016,96.79661951808285,0.0,0.0
6546,103820,-0.021788418,10,0.0,4326,155960,0.7856062,0.7638178,569,879.381031036377,0.7638178,20.573595796894367,0.0,0.0
6548,103840,-0.016378403,10,0.0,4334,156040,0.76843977,0.75206137,570,881.5081057548523,0.75206137,101.43002585141602,0.0,0.0
6554,103900,-0.029941797,10,0.0,4338,156080,0.70187616,0.67193437,570,881.5081057548523,0.67193437,80.14629364589524,0.0,0.0
6554,103900,-0.0080836415,10,0.0,4348,156180,0.7535268,0.74544317,570,881.5081057548523,0.74544317,104.16464470112577,0.0,0.0
6558,103940,-0.0049003363,10,0.0,4352,156220,0.7466938,0.74179345,571,883.920562505722,0.74179345,20.215296095993043,0.0,0.0
6558,103940,-0.025123417,10,0.0,4361,156310,0.6943961,0.66927266,571,883.920562505722,0.66927266,79.34545688433694,0.0,0.0
6566,104020,-0.027096093,10,0.0,4366,156360,0.7688773,0.74178123,572,886.2728021144867,0.74178123,26.909074578413353,0.0,0.0
6566,104020,0.09182519,10,0.0,4375,156450,0.58663124,0.6784564,572,886.2728021144867,0.58663124,92.58622212019002,0.0,0.0
6566,104020,-0.034154892,10,0.0,4379,156490,0.7712656,0.73711073,572,886.2728021144867,0.73711073,15.832174505176603,0.0,0.0
6572,104080,-0.0103830695,10,0.0,4386,156560,0.69533825,0.6849552,573,888.7212665081024,0.6849552,97.3660153629372,0.0,0.0
6578,104140,-0.022626638,10,0.0,4393,156630,0.7237959,0.70116925,574,891.0044112205505,0.70116925,18.322923137544766,0.0,0.0
6578,104140,-0.01367408,10,0.0,4400,156700,0.78054696,0.7668729,574,891.0044112205505,0.7668729,83.24889297318326,0.0,0.0
6586,104220,-0.010284066,10,0.0,4406,156760,0.7501001,0.739816,575,893.3427286148071,0.739816,23.148791123518052,0.0,0.0
6586,104220,-0.019730806,10,0.0,4416,156860,0.7133747,0.69364387,575,893.3427286148071,0.69364387,89.53521484545942,0.0,0.0
6591,104270,0.121116936,10,0.0,4419,156890,0.53198266,0.6530996,576,895.5978784561157,0.53198266,12.512903555895122,0.0,0.0
6592,104280,-0.024881542,10,0.0,4422,156920,0.7557096,0.73082805,576,895.5978784561157,0.73082805,47.98672852394872,0.0,0.0
6592,104280,-0.015344977,10,0.0,4431,157010,0.69448656,0.6791416,577,898.684463262558,0.6791416,80.46950572589016,0.0,0.0
6599,104350,-0.031820476,10,0.0,4434,157040,0.73156637,0.6997459,577,898.684463262558,0.6997459,29.987309581158982,0.0,0.0
6599,104350,0.056362092,10,0.0,4443,157130,0.5981359,0.654498,577,898.684463262558,0.5981359,91.77024531554949,0.0,0.0
6604,104400,-0.017572403,10,0.0,4450,157200,0.71341157,0.69583917,578,901.7834947109222,0.69583917,12.735169870419778,0.0,0.0
6604,104400,-0.014092267,10,0.0,4456,157260,0.7515882,0.73749596,578,901.7834947109222,0.73749596,77.1427257695781,0.0,0.0
6604,104400,-0.029564023,10,0.0,4464,157340,0.7382374,0.70867336,579,904.8727250099182,0.70867336,78.84785947525044,0.0,0.0
6612,104480,-0.022433817,10,0.0,4467,157370,0.7077109,0.6852771,579,904.8727250099182,0.6852771,17.40406878797787,0.0,0.0
6612,104480,-0.02268815,10,0.0,4477,157470,0.72735727,0.7046691,580,907.2572116851807,0.7046691,96.54573620570991,0.0,0.0
6619,104550,-0.021073401,10,0.0,4480,157500,0.71193534,0.69086194,580,907.2572116851807,0.69086194,32.198118458072166,0.0,0.0
6619,104550,-0.014435768,10,0.0,4491,157610,0.7251206,0.71068484,580,907.2572116851807,0.71068484,95.50285645326187,0.0,0.0
6624,104600,-0.03366685,10,0.0,4494,157640,0.7260258,0.692359,581,909.5888240337372,0.692359,14.450470588154229,0.0,0.0
6624,104600,0.18197638,10,0.0,4503,157730,0.48782545,0.66980183,581,909.5888240337372,0.48782545,110.1029022638498,0.0,0.0
6630,104660,-0.00791806,10,0.0,4509,157790,0.7258936,0.71797556,582,911.9513621330261,0.71797556,28.394705184264488,0.0,0.0
6630,104660,-0.014864504,10,0.0,4518,157880,0.7113225,0.696458,582,911.9513621330261,0.696458,104.71205025015229,0.0,0.0
6636,104720,-0.008468866,10,0.0,4522,157920,0.7786042,0.77013534,583,914.3157937526703,0.77013534,18.9285092149074,0.0,0.0
6636,104720,-0.019119382,10,0.0,4531,158010,0.75089425,0.73177487,583,914.3157937526703,0.73177487,93.50409858906879,0.0,0.0
6643,104790,-0.010955572,10,0.0,4535,158050,0.7744223,0.7634667,584,916.681990146637,0.7634667,17.014907451129297,0.0,0.0
6643,104790,-0.03565961,10,0.0,4543,158130,0.77357244,0.73791283,584,916.681990146637,0.73791283,90.75535264142982,0.0,0.0
6650,104860,-0.029867113,10,0.0,4548,158180,0.7303071,0.70044,585,919.3095111846924,0.70044,16.73306079916317,0.0,0.0
6650,104860,0.054816186,10,0.0,4557,158270,0.630033,0.6848492,585,919.3095111846924,0.630033,102.6958523088977,0.0,0.0
6655,104910,0.0311144,10,0.0,4562,158320,0.666372,0.6974864,586,921.4345381259918,0.666372,11.5398439675257,0.0,0.0
6655,104910,-0.025096476,10,0.0,4570,158400,0.72428924,0.69919276,586,921.4345381259918,0.69919276,76.74341671911823,0.0,0.0
6663,104990,-0.028864682,10,0.0,4575,158450,0.71455896,0.6856943,587,923.9539518356323,0.6856943,11.786073265621246,0.0,0.0
6663,104990,-0.023054123,10,0.0,4582,158520,0.7452761,0.722222,587,923.9539518356323,0.722222,71.13100961742295,0.0,0.0
6667,105030,-0.017709672,10,0.0,4589,158590,0.745413,0.72770333,588,927.023060798645,0.72770333,11.587979654817062,0.0,0.0
6668,105040,-0.03224677,10,0.0,4594,158640,0.7594421,0.7271953,588,927.023060798645,0.7271953,89.53750845890944,0.0,0.0
6668,105040,-0.025898874,10,0.0,4602,158720,0.7361464,0.7102475,589,930.0043902397156,0.7102475,23.065840668057994,0.0,0.0
6674,105100,-0.03404504,10,0.0,4605,158750,0.73488873,0.7008437,589,930.0043902397156,0.7008437,73.39666851574134,0.0,0.0
6674,105100,-0.012081683,10,0.0,4615,158850,0.71588653,0.70380485,589,930.0043902397156,0.70380485,36.29986325792325,0.0,0.0
6682,105180,-0.016541779,10,0.0,4623,158930,0.7074967,0.6909549,590,932.3002161979675,0.6909549,97.70100163056138,0.0,0.0
6682,105180,-0.014321983,10,0.0,4630,159000,0.775823,0.761501,590,932.3002161979675,0.761501,18.414007680288563,0.0,0.0
6686,105220,-0.03208208,10,0.0,4635,159050,0.77826405,0.74618196,591,934.3381235599518,0.74618196,97.94123484811335,0.0,0.0
6694,105300,0.22806638,10,0.0,4643,159130,0.42552108,0.65358746,592,936.5820157527924,0.42552108,16.63697957179344,0.0,0.0
6694,105300,0.15425205,10,0.0,4653,159230,0.52758247,0.6818345,592,936.5820157527924,0.52758247,105.26629639575653,0.0,0.0
6700,105360,-0.028535187,10,0.0,4657,159270,0.74251837,0.7139832,593,938.8029866218567,0.7139832,18.953451275446803,0.0,0.0
6700,105360,0.16195136,10,0.0,4666,159360,0.52847654,0.6904279,593,938.8029866218567,0.52847654,99.9614863963088,0.0,0.0
6707,105430,-0.010442078,10,0.0,4670,159400,0.73235065,0.72190857,594,941.092363357544,0.72190857,16.84179417558687,0.0,0.0
6707,105430,-0.02327466,10,0.0,4679,159490,0.732774,0.70949936,594,941.092363357544,0.70949936,82.68434571931547,0.0,0.0
6714,105500,-0.025289178,10,0.0,4684,159540,0.7232335,0.69794434,595,943.5612680912018,0.69794434,35.503488299257306,0.0,0.0
6714,105500,-0.004464686,10,0.0,4694,159640,0.7587433,0.7542786,595,943.5612680912018,0.7542786,102.13941482302232,0.0,0.0
6719,105550,0.16253537,10,0.0,4697,159670,0.49951327,0.66204864,596,945.7519636154175,0.49951327,19.135200879954706,0.0,0.0
6719,105550,-0.0282256,10,0.0,4705,159750,0.7573633,0.7291377,596,945.7519636154175,0.7291377,86.93975184376023,0.0,0.0
6727,105630,-0.0044308305,10,0.0,4710,159800,0.717187,0.71275616,597,948.1169190406799,0.7104238,18.928500672648674,0.0,0.0
6727,105630,-0.02149278,10,0.0,4719,159890,0.73142284,0.70993006,597,948.1169190406799,0.70993006,83.20166311918162,0.0,0.0
6732,105680,-0.0028009415,10,0.0,4723,159930,0.7647595,0.76195854,598,950.4255213737488,0.76195854,15.630342728374096,0.0,0.0
6732,105680,-0.016622305,10,0.0,4732,160020,0.69839764,0.68177533,598,950.4255213737488,0.68177533,102.45853343951379,0.0,0.0
6738,105740,-0.02470696,10,0.0,4737,160070,0.74687165,0.7221647,599,952.6504597663879,0.7221647,18.845028175633356,0.0,0.0
6738,105740,-0.029975355,10,0.0,4745,160150,0.7686091,0.73863375,599,952.6504597663879,0.73863375,124.54801907578646,0.0,0.0
6746,105820,-0.014670134,10,0.0,4751,160210,0.76979387,0.75512373,600,954.9390575885773,0.75512373,17.136849932687376,0.0,0.0
6746,105820,-0.007379532,10,0.0,4761,160310,0.7619162,0.7545367,600,954.9390575885773,0.7545367,94.22861250898634,0.0,0.0
6750,105860,-0.022342801,10,0.0,4766,160360,0.76827425,0.74593145,601,957.2883808612823,0.74593145,22.690937104567126,0.0,0.0
6750,105860,0.2793308,10,0.0,4776,160460,0.3580985,0.6374293,601,957.2883808612823,0.3580985,103.20502946568078,0.0,0.0
6758,105940,-0.007226646,10,0.0,4779,160490,0.7408939,0.73366725,602,959.4946353435516,0.73366725,50.97152412525885,0.0,0.0
6758,105940,-0.013666511,10,0.0,4790,160600,0.7382124,0.7245459,602,959.4946353435516,0.7245459,88.2879401184244,0.0,0.0
6764,106000,-0.021105886,10,0.0,4792,160620,0.7353813,0.7142754,603,961.7585413455963,0.7142754,22.482308659617647,0.0,0.0
6764,106000,-0.0071470737,10,0.0,4801,160710,0.72926694,0.72211987,603,961.7585413455963,0.72211987,101.04833055876111,0.0,0.0
6771,106070,0.20342386,10,0.0,4805,160750,0.50386614,0.70729,604,964.1739747524261,0.50386614,19.253227229453007,0.0,0.0
6771,106070,-0.0057674646,10,0.0,4814,160840,0.7627404,0.7569729,604,964.1739747524261,0.7569729,107.67215000102684,0.0,0.0
6777,106130,0.19581875,10,0.0,4819,160890,0.481464,0.67728275,605,966.5532767772675,0.481464,40.404088666771344,0.0,0.0
6777,106130,0.0948894,10,0.0,4828,160980,0.5948027,0.6896921,605,966.5532767772675,0.5948027,105.28320736577615,0.0,0.0
6782,106180,-0.0151568055,10,0.0,4833,161030,0.77854985,0.76339304,606,969.0667860507965,0.76339304,14.171631221010067,0.0,0.0
6784,106200,0.13462383,10,0.0,4837,161070,0.52266943,0.65729326,606,969.0667860507965,0.52266943,86.77768605471522,0.0,0.0
6788,106240,-0.031138062,10,0.0,4845,161150,0.7435559,0.71241784,607,971.6081883907318,0.71241784,52.98253370538844,0.0,0.0
6791,106270,0.00471431,10,0.0,4850,161200,0.6924876,0.6972019,607,971.6081883907318,0.6896689,105.44757920565564,0.0,0.0
6791,106270,0.15399748,10,0.0,4858,161280,0.52333194,0.6773294,607,971.6081883907318,0.52333194,85.71646948947831,0.0,0.0
6796,106320,-0.013259947,10,0.0,4861,161310,0.7711647,0.75790477,608,974.1549618244171,0.75790477,28.616173311109762,0.0,0.0
6796,106320,-0.026037216,10,0.0,4870,161400,0.7561395,0.7301023,608,974.1549618244171,0.7301023,82.9607359512003,0.0,0.0
6802,106380,0.26955298,10,0.0,4875,161450,0.4176596,0.6872126,609,976.6072683334351,0.4176596,16.909331992725562,0.0,0.0
6802,106380,-0.01158756,10,0.0,4881,161510,0.7935304,0.78194284,609,976.6072683334351,0.78194284,122.4961229895766,0.0,0.0
6810,106460,-0.023571372,10,0.0,4888,161580,0.74080276,0.7172314,610,978.8954455852509,0.7172314,52.722530397476945,0.0,0.0
6810,106460,0.22800073,10,0.0,4900,161700,0.459128,0.6871287,611,980.6967718601227,0.459128,98.4969154429809,0.0,0.0
6814,106500,-0.016803801,10,0.0,4903,161730,0.71023476,0.69343096,611,980.6967718601227,0.69343096,47.952110814623765,0.0,0.0
6822,106580,-0.015980244,10,0.0,4912,161820,0.7132056,0.69722533,612,982.623185634613,0.69722533,28.643728304494772,0.0,0.0
6822,106580,0.20201457,10,0.0,4920,161900,0.49179643,0.693811,612,982.623185634613,0.49179643,121.5571166910111,0.0,0.0
6828,106640,-0.011533439,10,0.0,4926,161960,0.7260667,0.71453327,613,984.4675223827362,0.71453327,29.94344426025635,0.0,0.0
6828,106640,0.20446154,10,0.0,4937,162070,0.49822208,0.7026836,614,986.21688580513,0.49822208,97.54921296468575,0.0,0.0
6835,106710,0.056812882,10,0.0,4940,162100,0.6534765,0.71028936,614,986.21688580513,0.6534765,74.41987224982257,0.0,0.0
6841,106770,-0.017222226,10,0.0,4950,162200,0.72670805,0.7094858,615,987.9798941612244,0.7094858,30.37026738959173,0.0,0.0
6841,106770,0.2522669,10,0.0,4962,162320,0.401453,0.6537199,615,987.9798941612244,0.401453,116.04009373279513,0.0,0.0
6848,106840,-0.008899212,10,0.0,4966,162360,0.7395898,0.7306906,616,989.7079362869263,0.7306906,21.470692121124014,0.0,0.0
6855,106910,-0.028293371,10,0.0,4976,162460,0.7501938,0.7219004,617,991.6473858356476,0.7219004,16.51389858429372,0.0,0.0
6855,106910,-0.011467934,10,0.0,4984,162540,0.72312796,0.71166,617,991.6473858356476,0.71166,87.34493960849646,0.0,0.0
6855,106910,-0.028463364,10,0.0,4992,162620,0.7292634,0.70080006,618,994.556129693985,0.70080006,68.13746720492556,0.0,0.0
6859,106950,0.057711482,10,0.0,4994,162640,0.60975015,0.66746163,618,994.556129693985,0.60975015,14.225478175784184,0.0,0.0
6859,106950,-0.031191826,10,0.0,5003,162730,0.7075786,0.6763868,618,994.556129693985,0.6763868,110.89969249643714,0.0,0.0
6866,107020,0.25061446,10,0.0,5008,162780,0.42075932,0.6713738,619,996.9833691120148,0.42075932,16.302246779626234,0.0,0.0
6866,107020,0.26362547,10,0.0,5018,162880,0.43216637,0.69579184,619,996.9833691120148,0.43216637,93.41850416499621,0.0,0.0
6874,107100,0.2384918,10,0.0,5022,162920,0.43011156,0.66860336,620,999.0671925544739,0.43011156,78.26303729633307,0.0,0.0
6874,107100,-0.014130712,10,0.0,5033,163030,0.70930076,0.69517004,620,999.0671925544739,0.69517004,104.39954698759195,0.0,0.0
6879,107150,-0.008752465,10,0.0,5035,163050,0.757093,0.74834055,621,1001.2334401607513,0.74834055,19.655753999402965,0.0,0.0
6879,107150,0.10333842,10,0.0,5045,163150,0.59450346,0.6978419,621,1001.2334401607513,0.59450346,122.71222937390287,0.0,0.0
6886,107220,-0.03212428,10,0.0,5049,163190,0.7770047,0.74488044,622,1003.4419775009155,0.74488044,41.08027212483423,0.0,0.0
6886,107220,-0.019888282,10,0.0,5059,163290,0.7333748,0.7134865,623,1005.3994541168213,0.7134865,84.28644059281588,0.0,0.0
6893,107290,-0.002694726,10,0.0,5062,163320,0.7163982,0.71370345,623,1005.3994541168213,0.71370345,33.82309561307377,0.0,0.0
6893,107290,-0.027091146,10,0.0,5070,163400,0.7589228,0.73183167,623,1005.3994541168213,0.73183167,80.0638326302327,0.0,0.0
6899,107350,0.26720136,10,0.0,5074,163440,0.42159194,0.6887933,624,1008.1965670585632,0.42159194,13.65553368788265,0.0,0.0
6900,107360,-0.019285142,10,0.0,5077,163470,0.79260266,0.7733175,624,1008.1965670585632,0.7733175,75.77853458477493,0.0,0.0
6900,107360,0.2846834,10,0.0,5085,163550,0.3786567,0.6633401,624,1008.1965670585632,0.3786567,78.40597292815924,0.0,0.0
6905,107410,-0.03037864,10,0.0,5088,163580,0.7478421,0.71746343,625,1011.3276700973511,0.71746343,25.779167099463866,0.0,0.0
6905,107410,-0.0069693923,10,0.0,5095,163650,0.7265378,0.71956843,625,1011.3276700973511,0.71956843,84.03229619537996,0.0,0.0
6910,107460,-0.018474221,10,0.0,5102,163720,0.7367698,0.7182956,626,1014.3700618743896,0.7182956,14.591563250572626,0.0,0.0
6913,107490,-0.030350208,10,0.0,5104,163740,0.78680867,0.75645846,626,1014.3700618743896,0.75645846,20.842660252985915,0.0,0.0
6913,107490,-0.0069306493,10,0.0,5111,163810,0.68920517,0.6822745,626,1014.3700618743896,0.6821004,74.04818609216689,0.0,0.0
6919,107550,-0.0022487044,10,0.0,5115,163850,0.71436036,0.71211165,627,1017.5734267234802,0.71211165,9.764220705678039,0.0,0.0
6920,107560,0.21305746,10,0.0,5120,163900,0.49836516,0.7114226,627,1017.5734267234802,0.49836516,83.1515194769407,0.0,0.0
6927,107630,-0.024973512,10,0.0,5127,163970,0.7081979,0.6832244,628,1020.6371495723724,0.6832244,22.68253139036976,0.0,0.0
6927,107630,-0.024776995,10,0.0,5137,164070,0.7027004,0.6779234,628,1020.6371495723724,0.6779234,105.79120740535224,0.0,0.0
6931,107670,0.21833098,10,0.0,5142,164120,0.47002828,0.68835926,629,1022.8503098487854,0.47002828,19.038433605438225,0.0,0.0
6931,107670,-0.021204531,10,0.0,5151,164210,0.6958408,0.67463624,629,1022.8503098487854,0.67463624,97.89026069503116,0.0,0.0
6938,107740,-0.010830879,10,0.0,5156,164260,0.7557326,0.7449017,630,1025.0775623321533,0.7449017,36.35624807136889,0.0,0.0
6938,107740,0.21368524,10,0.0,5167,164370,0.45121983,0.6649051,630,1025.0775623321533,0.45121983,110.04945831988644,0.0,0.0
6945,107810,0.16632783,10,0.0,5170,164400,0.5407568,0.70708466,631,1027.1471107006073,0.5407568,25.15949387134197,0.0,0.0
6945,107810,0.2081308,10,0.0,5180,164500,0.48839173,0.69652253,632,1029.2668521404266,0.48839173,85.48708207306434,0.0,0.0
6952,107880,0.30000865,10,0.0,5182,164520,0.3392452,0.63925385,632,1029.2668521404266,0.3392452,34.06729468104634,0.0,0.0
6952,107880,0.2368998,10,0.0,5193,164630,0.44658864,0.6834884,633,1031.3964128494263,0.44658864,108.54543101886597,0.0,0.0
6959,107950,0.12729079,10,0.0,5197,164670,0.5441594,0.6714502,633,1031.3964128494263,0.5441594,84.08418233357791,0.0,0.0
6959,107950,-0.027991712,10,0.0,5207,164770,0.7485778,0.72058606,634,1033.6157903671265,0.72058606,112.60057880126928,0.0,0.0
6964,108000,-0.030908763,10,0.0,5210,164800,0.7391652,0.7082564,634,1033.6157903671265,0.7082564,22.653044139989337,0.0,0.0
6964,108000,0.0074353814,10,0.0,5221,164910,0.7484905,0.7559259,635,1035.769560098648,0.7484905,89.01607648800365,0.0,0.0
6971,108070,-0.00584352,10,0.0,5226,164960,0.73881775,0.73297423,635,1035.769560098648,0.73297423,104.63159575317314,0.0,0.0
6975,108110,-0.019318402,10,0.0,5236,165060,0.73613805,0.71681964,636,1037.8515689373016,0.71681964,29.1202354999514,0.0,0.0
6975,108110,-0.021004498,10,0.0,5239,165090,0.7294191,0.7084146,636,1037.8515689373016,0.7084146,60.34040802351293,0.0,0.0
6983,108190,0.11473507,10,0.0,5249,165190,0.6136111,0.72834617,637,1040.1049509048462,0.6136111,34.17446617470083,0.0,0.0
6983,108190,0.253734,10,0.0,5252,165220,0.41442382,0.6681578,637,1040.1049509048462,0.41442382,80.56286194477791,0.0,0.0
6983,108190,0.22292787,10,0.0,5262,165320,0.4680807,0.69100857,638,1042.5289371013641,0.4680807,40.34039671914193,0.0,0.0
6990,108260,-0.035790622,10,0.0,5265,165350,0.7653372,0.7295466,638,1042.5289371013641,0.7295466,95.51547060846278,0.0,0.0
6990,108260,-0.029352903,10,0.0,5275,165450,0.7478022,0.7184493,638,1042.5289371013641,0.7184493,118.92661903141658,0.0,0.0
6995,108310,0.2576424,10,0.0,5278,165480,0.42414248,0.68178487,639,1044.981231212616,0.42414248,21.560122113766894,0.0,0.0
6995,108310,-0.01536423,10,0.0,5289,165590,0.7343548,0.71899056,640,1047.0492551326752,0.71899056,95.94612400263524,0.0,0.0
7003,108390,0.010091364,10,0.0,5295,165650,0.7266458,0.7367372,640,1047.0492551326752,0.72568566,98.02226257498954,0.0,0.0
7007,108430,-0.028675973,10,0.0,5306,165760,0.71300554,0.68432957,641,1049.0970301628113,0.68432957,16.84652936040043,0.0,0.0
7009,108450,0.25581476,10,0.0,5311,165810,0.39193174,0.6477465,641,1049.0970301628113,0.39193174,126.65605739875649,0.0,0.0
7016,108520,-0.0096001625,10,0.0,5318,165880,0.7218204,0.71222025,642,1051.3136041164398,0.71222025,19.772346930982824,0.0,0.0
7016,108520,0.007988811,10,0.0,5328,165980,0.76218414,0.77017295,642,1051.3136041164398,0.76218414,118.04001362117924,0.0,0.0
7021,108570,0.18613374,10,0.0,5333,166030,0.474653,0.66078675,643,1053.315937757492,0.474653,21.32489483226547,0.0,0.0
7028,108640,-0.017293692,10,0.0,5344,166140,0.7147768,0.6974831,644,1055.3648290634155,0.6974831,19.086134386862557,0.0,0.0
7028,108640,0.22899851,10,0.0,5349,166190,0.46450117,0.6934997,644,1055.3648290634155,0.46450117,107.73963524274339,0.0,0.0
7031,108670,0.2464475,10,0.0,5358,166280,0.42996395,0.67641145,645,1057.80765914917,0.42996395,50.19469678928013,0.0,0.0
7035,108710,0.0064259768,10,0.0,5363,166330,0.7047914,0.7112174,645,1057.80765914917,0.7047914,83.23022582053419,0.0,0.0
7039,108750,0.0070037246,10,0.0,5373,166430,0.7063987,0.71340245,646,1060.2221086025238,0.7047378,18.660633766002647,0.0,0.0
7039,108750,0.26521325,10,0.0,5378,166480,0.3852616,0.65047485,646,1060.2221086025238,0.3852616,120.86774096871613,0.0,0.0
7047,108830,0.22439972,10,0.0,5387,166570,0.44379166,0.6681914,647,1062.490439414978,0.44379166,19.32539271152837,0.0,0.0
7047,108830,-0.007412672,10,0.0,5393,166630,0.7634081,0.75599545,647,1062.490439414978,0.75599545,119.7688178183895,0.0,0.0
7054,108900,-0.016047,10,0.0,5400,166700,0.7142368,0.6981898,648,1064.694607257843,0.6981898,16.970709238453146,0.0,0.0
7054,108900,-0.013473034,10,0.0,5408,166780,0.73024744,0.7167744,648,1064.694607257843,0.7167744,97.18035217794254,0.0,0.0
7022,108580,0.29621515,10,0.0,5329,165990,0.3427814,0.63899654,643,1053.315937757492,0.3427814,1.6134452333323166,0.0,nan
7025,108610,0.27687994,10,0.0,5334,166040,0.4018546,0.67873454,643,1053.315937757492,0.4018546,40.55896530883597,0.0,0.0
7045,108810,0.2300905,10,0.0,5339,166090,0.46131033,0.6914008,643,1053.315937757492,0.46131033,44.88992918094125,0.0,0.0
7066,109020,-0.018772542,10,0.0,5343,166130,0.7868516,0.76807904,643,1053.315937757492,0.76807904,30.03556170449842,0.0,0.0
7079,109150,0.2748414,10,0.0,5347,166170,0.40254727,0.67738867,643,1053.315937757492,0.40254727,38.579877738062166,0.0,0.0
7099,109350,0.22960255,10,0.0,5352,166220,0.4952291,0.72483164,643,1053.315937757492,0.4952291,44.03538113461104,0.0,0.0
7123,109590,0.12988204,10,0.0,5357,166270,0.5801794,0.71006143,643,1053.315937757492,0.5801794,40.142335130706755,0.0,0.0
7142,109780,0.28533742,10,0.0,5362,166320,0.4042249,0.6895623,643,1053.315937757492,0.4042249,41.36790205769191,0.0,0.0
7160,109960,0.26488858,10,0.0,5367,166370,0.4541976,0.71908617,643,1053.315937757492,0.4541976,56.706451141888344,0.0,0.0
7183,110190,0.26231238,10,0.0,5373,166430,0.45255056,0.71486294,643,1053.315937757492,0.45255056,51.842910309860684,0.0,0.0
7208,110440,0.2533151,10,0.0,5379,166490,0.42993486,0.68324995,643,1053.315937757492,0.42993486,71.6285694280547,0.0,0.0
7236,110720,0.30966315,10,0.0,5386,166560,0.32411662,0.63377976,643,1053.315937757492,0.32411662,66.14984993557403,0.0,0.0
7265,111010,-0.02266264,10,0.0,5393,166630,0.7376971,0.7150345,643,1053.315937757492,0.7150345,58.82383300515548,0.0,0.0
7293,111290,0.29531744,10,0.0,5399,166690,0.36906108,0.6643785,643,1053.315937757492,0.36906108,57.69625139106117,0.0,0.0
7317,111530,-0.019344568,10,0.0,5405,166750,0.71839404,0.6990495,643,1053.315937757492,0.6990495,65.92060553290605,0.0,0.0
7345,111810,0.010710478,10,0.0,5412,166820,0.7132848,0.72399527,643,1053.315937757492,0.7114381,69.18793373351875,0.0,0.0
7374,112100,-0.034767807,10,0.0,5419,166890,0.73265135,0.69788355,643,1053.315937757492,0.69788355,76.55613618484576,0.0,0.0
7406,112420,0.2578642,10,0.0,5426,166960,0.45822838,0.7160926,643,1053.315937757492,0.45822838,60.32053568346814,0.0,0.0
7434,112700,-0.011003375,10,0.0,5433,167030,0.7756683,0.76466495,643,1053.315937757492,0.76466495,64.49451436567307,0.0,0.0
7464,113000,-0.008312821,10,0.0,5440,167100,0.77256817,0.76425534,643,1053.315937757492,0.76425534,64.00625061041117,0.0,0.0
7493,113290,0.09718597,10,0.0,5448,167180,0.6061637,0.70334965,643,1053.315937757492,0.6061637,59.47325882463041,0.0,0.0
7523,113590,0.17509809,10,0.0,5455,167250,0.4904985,0.6655966,643,1053.315937757492,0.4904985,68.11865494084306,0.0,0.0
7551,113870,0.27716437,10,0.0,5463,167330,0.37277672,0.6499411,643,1053.315937757492,0.37277672,66.71890534205674,0.0,0.0
7580,114160,-0.025797963,10,0.0,5470,167400,0.73741275,0.7116148,643,1053.315937757492,0.7116148,69.10551584830182,0.0,0.0
7611,114470,0.17749274,10,0.0,5478,167480,0.5552835,0.7327762,643,1053.315937757492,0.5552835,73.56879253490493,0.0,0.0
7642,114780,0.19602352,10,0.0,5485,167550,0.50666475,0.7026883,643,1053.315937757492,0.50666475,57.783606846461595,0.0,0.0
7672,115080,0.16058302,10,0.0,5493,167630,0.5219936,0.6825766,643,1053.315937757492,0.5219936,79.89089606936328,0.0,0.0
7702,115380,0.18911254,10,0.0,5500,167700,0.51221216,0.7013247,643,1053.315937757492,0.51221216,64.41359313954345,0.0,0.0
7731,115670,0.09569836,10,0.0,5506,167760,0.5971469,0.6928453,643,1053.315937757492,0.5971469,63.946041624422755,0.0,0.0
7759,115950,-0.008703828,10,0.0,5513,167830,0.76568866,0.75698483,643,1053.315937757492,0.75698483,68.56686992202188,0.0,0.0
7787,116230,-0.026600659,10,0.0,5520,167900,0.7649979,0.73839724,643,1053.315937757492,0.73839724,64.4520969999831,0.0,0.0
8060,118960,-0.012643099,10,0.0,5587,168570,0.7402765,0.7276334,644,1053.315937757492,0.7276334,1.7168709973024483,0.0,nan
8064,119000,0.19084877,10,0.0,5596,168660,0.49102402,0.6818728,644,1053.315937757492,0.49102402,66.28858256392101,0.0,0.0
8100,119360,0.2718175,10,0.0,5602,168720,0.43378508,0.7056026,644,1053.315937757492,0.43378508,45.95691714329542,0.0,0.0
8126,119620,-0.029515862,10,0.0,5608,168780,0.7453228,0.71580696,644,1053.315937757492,0.71580696,52.72438608951434,0.0,0.0
8150,119860,0.20371312,10,0.0,5614,168840,0.5014513,0.70516443,644,1053.315937757492,0.5014513,46.10564176072533,0.0,0.0
8175,120110,0.2882027,10,0.0,5620,168900,0.37707394,0.66527665,644,1053.315937757492,0.37707394,34.67842924881251,0.0,0.0
8197,120330,-0.023780107,10,0.0,5624,168940,0.73952883,0.7157487,644,1053.315937757492,0.7157487,47.69549870819839,0.0,0.0
8216,120520,0.25240535,10,0.0,5630,169000,0.4280733,0.68047863,644,1053.315937757492,0.4280733,60.58891508343734,0.0,0.0
8242,120780,0.23914343,10,0.0,5637,169070,0.45849848,0.6976419,644,1053.315937757492,0.45849848,46.85566952725453,0.0,0.0
8270,121060,0.30966315,10,0.0,5644,169140,0.32411662,0.63377976,644,1053.315937757492,0.32411662,65.56355718262833,0.0,0.0
8312,121480,0.26216668,10,0.0,5651,169210,0.40934467,0.67151135,644,1053.315937757492,0.40934467,61.64014990080094,0.0,0.0
8333,121690,0.11823934,10,0.0,5658,169280,0.58902335,0.7072627,644,1053.315937757492,0.58902335,68.96756753201481,0.0,0.0
8361,121970,0.08394247,10,0.0,5665,169350,0.60314494,0.6870874,644,1053.315937757492,0.60314494,70.44597433963786,0.0,0.0
8382,122180,0.28222272,10,0.0,5672,169420,0.36183456,0.6440573,644,1053.315937757492,0.36183456,75.26466334334636,0.0,0.0
8425,122610,-0.0239591,10,0.0,5679,169490,0.7149212,0.6909621,644,1053.315937757492,0.6909621,55.86989678005453,0.0,0.0
8453,122890,-0.022810876,10,0.0,5686,169560,0.69759965,0.6747888,644,1053.315937757492,0.6747888,65.11236269024658,0.0,0.0
8483,123190,0.19742733,10,0.0,5694,169640,0.5012512,0.69867855,644,1053.315937757492,0.5012512,56.26562317642971,0.0,0.0
8521,123570,0.2812879,10,0.0,5702,169720,0.3725726,0.6538605,644,1053.315937757492,0.3725726,57.400548509117186,0.0,0.0
8551,123870,0.2750443,10,0.0,5710,169800,0.43379685,0.70884115,644,1053.315937757492,0.43379685,65.33865683801892,0.0,0.0
8573,124090,0.25659022,10,0.0,5717,169870,0.41233382,0.66892403,644,1053.315937757492,0.41233382,67.54874140402299,0.0,0.0
8604,124400,-0.027855217,10,0.0,5725,169950,0.7377038,0.7098486,644,1053.315937757492,0.7098486,82.95007139438574,0.0,0.0
8636,124720,-0.031505227,10,0.0,5732,170020,0.7662338,0.7347286,644,1053.315937757492,0.7347286,67.5061240387432,0.0,0.0
8667,125030,-0.019139588,10,0.0,5739,170090,0.7802441,0.7611045,644,1053.315937757492,0.7611045,60.03544038543566,0.0,0.0
8697,125330,-0.012108505,10,0.0,5747,170170,0.79236805,0.78025955,644,1053.315937757492,0.78025955,71.78045057194296,0.0,0.0
8728,125640,0.2689823,10,0.0,5755,170250,0.40757626,0.67655855,644,1053.315937757492,0.40757626,71.18714718751379,0.0,0.0
8759,125950,0.21568912,10,0.0,5763,170330,0.5499678,0.76565695,644,1053.315937757492,0.5499678,73.80608741709734,0.0,0.0
8789,126250,-0.015114367,10,0.0,5770,170400,0.7631212,0.7480068,644,1053.315937757492,0.7480068,59.10558897677519,0.0,0.0
8817,126530,-0.0307253,10,0.0,5778,170480,0.750809,0.7200837,644,1053.315937757492,0.7200837,66.4378944167068,0.0,0.0
8847,126830,0.031939983,10,0.0,5785,170550,0.6551918,0.68713176,644,1053.315937757492,0.6547059,66.64141446239498,0.0,0.0
8877,127130,-0.026098192,10,0.0,5793,170630,0.72178537,0.6956872,644,1053.315937757492,0.6956872,59.34182602248997,0.0,0.0
8907,127430,0.26734766,10,0.0,5800,170700,0.39887407,0.66622174,644,1053.315937757492,0.39887407,58.16979522775971,0.0,0.0
9102,129380,0.30380937,10,0.0,5848,171180,0.36501625,0.6688256,645,1053.315937757492,0.36501625,1.5946491801762899,0.0,nan
9106,129420,0.2871783,10,0.0,5852,171220,0.38825986,0.67543817,645,1053.315937757492,0.38825986,45.480169199123424,0.0,0.0
9127,129630,0.19084877,10,0.0,5857,171270,0.49102402,0.6818728,645,1053.315937757492,0.49102402,47.99040719094541,0.0,0.0
9151,129870,0.2718175,10,0.0,5863,171330,0.43378508,0.7056026,645,1053.315937757492,0.43378508,56.95215361030659,0.0,0.0
9169,130050,-0.02243042,10,0.0,5869,171390,0.6971528,0.6747224,645,1053.315937757492,0.6747224,58.25333224075743,0.0,0.0
9202,130380,0.27854514,10,0.0,5876,171460,0.3810169,0.65956205,645,1053.315937757492,0.3810169,72.3094773027796,0.0,0.0
9229,130650,0.23321626,10,0.0,5883,171530,0.45766792,0.6908842,645,1053.315937757492,0.45766792,59.77704237677045,0.0,0.0
9248,130840,-0.012953222,10,0.0,5889,171590,0.7832735,0.7703203,645,1053.315937757492,0.7703203,50.100683847463195,0.0,0.0
9274,131100,-0.02254492,10,0.0,5895,171650,0.71546817,0.69292325,645,1053.315937757492,0.69292325,60.68042800182867,0.0,0.0
9309,131450,-0.03140503,10,0.0,5902,171720,0.7578719,0.7264669,645,1053.315937757492,0.7264669,56.12107572317215,0.0,0.0
9330,131660,-0.021604776,10,0.0,5909,171790,0.7261576,0.7045528,645,1053.315937757492,0.7045528,63.580502179831555,0.0,0.0
9359,131950,-0.010713816,10,0.0,5916,171860,0.7976657,0.7869519,645,1053.315937757492,0.7869519,56.905097209220294,0.0,0.0
9393,132290,0.072643995,10,0.0,5923,171930,0.6254817,0.6981257,645,1053.315937757492,0.6254817,63.07821643253421,0.0,0.0
9422,132580,0.24128976,10,0.0,5930,172000,0.4888791,0.7301689,645,1053.315937757492,0.4888791,58.87304332202933,0.0,0.0
9452,132880,-0.01697439,10,0.0,5938,172080,0.71150416,0.6945298,645,1053.315937757492,0.6945298,66.06160262589225,0.0,0.0
9480,133160,0.16297865,10,0.0,5945,172150,0.5930241,0.7560027,645,1053.315937757492,0.5930241,64.26131654141675,0.0,0.0
9509,133450,0.24940518,10,0.0,5953,172230,0.43029502,0.6797002,645,1053.315937757492,0.43029502,66.27946923379596,0.0,0.0
9538,133740,-0.009338856,10,0.0,5960,172300,0.7735577,0.76421887,645,1053.315937757492,0.76421887,70.51964537611956,0.0,0.0
9567,134030,-0.01717943,10,0.0,5967,172370,0.7838765,0.76669705,645,1053.315937757492,0.76669705,74.53731215968382,0.0,0.0
9597,134330,-0.022418737,10,0.0,5974,172440,0.77783656,0.7554178,645,1053.315937757492,0.7554178,52.807961161136966,0.0,0.0
9633,134690,0.11757785,10,0.0,5982,172520,0.5853554,0.70293325,645,1053.315937757492,0.5853554,59.58232888368651,0.0,0.0
9661,134970,0.2015335,10,0.0,5990,172600,0.5128074,0.7143409,645,1053.315937757492,0.5128074,76.38548380340814,0.0,0.0
9689,135250,0.24392018,10,0.0,5997,172670,0.427461,0.6713812,645,1053.315937757492,0.427461,67.44880598215003,0.0,0.0
9719,135550,0.22405994,10,0.0,6004,172740,0.51498044,0.7390404,645,1053.315937757492,0.51498044,64.56609617403566,0.0,0.0
9748,135840,0.24843985,10,0.0,6012,172820,0.42105162,0.66949147,645,1053.315937757492,0.42105162,68.77193442708965,0.0,0.0
9777,136130,-0.029427946,10,0.0,6020,172900,0.74350446,0.7140765,645,1053.315937757492,0.7140765,94.44822500197034,0.0,0.0
9805,136410,0.3051035,10,0.0,6027,172970,0.35544136,0.6605449,645,1053.315937757492,0.35544136,54.09785404182542,0.0,0.0
9834,136700,-0.013929307,10,0.0,6034,173040,0.71738106,0.70345175,645,1053.315937757492,0.70345175,67.69821760316613,0.0,0.0
9862,136980,0.28673655,10,0.0,6042,173120,0.37865955,0.6653961,645,1053.315937757492,0.37865955,70.4266937114226,0.0,0.0
9892,137280,0.21887621,10,0.0,6049,173190,0.4933531,0.7122293,645,1053.315937757492,0.4933531,64.58956108768699,0.0,0.0
9920,137560,-0.009081483,10,0.0,6056,173260,0.7287949,0.7197134,645,1053.315937757492,0.7197134,55.824239592941154,0.0,0.0
10153,139890,0.2811241,10,0.0,6109,173790,0.41925558,0.70037967,646,1053.315937757492,0.41925558,1.509123526876211,0.0,nan
10153,139890,0.1061973,10,0.0,6109,173790,0.6473171,0.7535144,646,1053.315937757492,0.6473171,1.648237596231099,0.0,nan
10157,139930,-0.0109267235,10,0.0,6116,173860,0.80900645,0.7980797,646,1053.315937757492,0.7980797,55.28102445685124,0.0,0.0
10180,140160,0.14226496,10,0.0,6121,173910,0.5362229,0.67848784,646,1053.315937757492,0.5362229,40.81015022962559,0.0,0.0
10198,140340,-0.025065184,10,0.0,6126,173960,0.76917416,0.744109,646,1053.315937757492,0.744109,44.190339726806755,0.0,0.0
10223,140590,-0.02300483,10,0.0,6132,174020,0.71446395,0.6914591,646,1053.315937757492,0.6914591,49.18839172418969,0.0,0.0
10247,140830,0.12988204,10,0.0,6138,174080,0.5801794,0.71006143,646,1053.315937757492,0.5801794,46.893544611043225,0.0,0.0
10271,141070,0.28367144,10,0.0,6144,174140,0.3934279,0.67709935,646,1053.315937757492,0.3934279,54.953069235324634,0.0,0.0
10295,141310,0.2821376,10,0.0,6150,174200,0.3738416,0.6559792,646,1053.315937757492,0.3738416,58.462087421944695,0.0,0.0
10316,141520,0.18010068,10,0.0,6157,174270,0.4843712,0.66447186,646,1053.315937757492,0.4843712,55.7710176608719,0.0,0.0
10344,141800,0.08143526,10,0.0,6164,174340,0.61850303,0.6999383,646,1053.315937757492,0.61850303,53.87915962824276,0.0,0.0
10371,142070,-0.024246156,10,0.0,6170,174400,0.71818435,0.6939382,646,1053.315937757492,0.6939382,63.713011459611856,0.0,0.0
10396,142320,-0.010713816,10,0.0,6177,174470,0.7976657,0.7869519,646,1053.315937757492,0.7869519,69.60252767968564,0.0,0.0
10431,142670,-0.023031473,10,0.0,6184,174540,0.74120206,0.7181706,646,1053.315937757492,0.7181706,60.097461445988564,0.0,0.0
10459,142950,-0.028954387,10,0.0,6191,174610,0.765174,0.7362196,646,1053.315937757492,0.7362196,69.6845151761342,0.0,0.0
10487,143230,0.27574632,10,0.0,6198,174680,0.38162568,0.657372,646,1053.315937757492,0.38162568,71.75380341156566,0.0,0.0
10516,143520,0.26267612,10,0.0,6204,174740,0.41031557,0.6729917,646,1053.315937757492,0.41031557,54.084809253325254,0.0,0.0
10544,143800,0.19797212,10,0.0,6211,174810,0.49256414,0.69053626,646,1053.315937757492,0.49256414,72.01461478235787,0.0,0.0
10572,144080,-0.011639655,10,0.0,6218,174880,0.7627122,0.7510725,646,1053.315937757492,0.7510725,60.09031518624642,0.0,0.0
10600,144360,-0.01028502,10,0.0,6225,174950,0.7128035,0.70251846,646,1053.315937757492,0.70251846,58.902476701925075,0.0,0.0
10628,144640,-0.026809216,10,0.0,6232,175020,0.72512704,0.6983178,646,1053.315937757492,0.6983178,51.634468249073315,0.0,0.0
10657,144930,-0.026165664,10,0.0,6239,175090,0.7243548,0.69818914,646,1053.315937757492,0.69818914,67.58738266929863,0.0,0.0
10685,145210,-0.030969381,10,0.0,6246,175160,0.75566757,0.7246982,646,1053.315937757492,0.7246982,93.78929126463255,0.0,0.0
10713,145490,0.26643816,10,0.0,6253,175230,0.42624137,0.6926795,646,1053.315937757492,0.42624137,76.15304308671631,0.0,0.0
10741,145770,0.24539948,10,0.0,6260,175300,0.46443152,0.709831,646,1053.315937757492,0.46443152,59.58376779641273,0.0,0.0
10770,146060,-0.024294972,10,0.0,6267,175370,0.72889256,0.7045976,646,1053.315937757492,0.7045976,68.90559106822211,0.0,0.0
10799,146350,0.29268402,10,0.0,6274,175440,0.37951583,0.67219985,646,1053.315937757492,0.37951583,54.909688357083475,0.0,0.0
10828,146640,0.18911254,10,0.0,6281,175510,0.51221216,0.7013247,646,1053.315937757492,0.51221216,61.10689580820178,0.0,0.0
10856,146920,-0.024007082,10,0.0,6288,175580,0.7484519,0.7244448,646,1053.315937757492,0.7244448,77.85886921623297,0.0,0.0
10884,147200,0.13990164,10,0.0,6295,175650,0.552439,0.6923406,646,1053.315937757492,0.552439,57.954068442745836,0.0,0.0
10913,147490,0.23215058,10,0.0,6302,175720,0.4864184,0.718569,646,1053.315937757492,0.4864184,67.89503417977444,0.0,0.0
10941,147770,-0.025328934,10,0.0,6309,175790,0.735324,0.7099951,646,1053.315937757492,0.7099951,66.33880317277048,0.0,0.0
11196,150320,0.18716002,10,0.0,6367,176370,0.5273909,0.7145509,647,1053.315937757492,0.5273909,1.7816318573465728,0.0,nan
11200,150360,0.25543293,10,0.0,6376,176460,0.460811,0.7162439,647,1053.315937757492,0.460811,76.21018969401847,0.0,0.0
11225,150610,0.25317794,10,0.0,6382,176520,0.4200523,0.67323023,647,1053.315937757492,0.4200523,56.875466130768835,0.0,0.0
11249,150850,0.05438918,10,0.0,6389,176590,0.6141781,0.6685673,647,1053.315937757492,0.6141781,50.260378782885866,0.0,0.0
11276,151120,-0.0311445,10,0.0,6396,176660,0.7600425,0.728898,647,1053.315937757492,0.728898,63.27395607048033,0.0,0.0
11304,151400,0.28533742,10,0.0,6402,176720,0.4042249,0.6895623,647,1053.315937757492,0.4042249,66.85428289075202,0.0,0.0
11333,151690,0.29581398,10,0.0,6409,176790,0.35729033,0.6531043,647,1053.315937757492,0.35729033,62.81869866583593,0.0,0.0
11361,151970,-0.015321553,10,0.0,6415,176850,0.789661,0.77433944,647,1053.315937757492,0.77433944,59.467777861271756,0.0,0.0
11388,152240,0.035783112,10,0.0,6422,176920,0.682574,0.7183571,647,1053.315937757492,0.682574,66.6078662730407,0.0,0.0
11417,152530,-0.010731757,10,0.0,6429,176990,0.73994756,0.7292158,647,1053.315937757492,0.7292158,80.76593057021158,0.0,0.0
11445,152810,-0.020394623,10,0.0,6436,177060,0.70937157,0.68897694,647,1053.315937757492,0.68897694,64.16065618407909,0.0,0.0
11474,153100,-0.010094464,10,0.0,6443,177130,0.768279,0.75818455,647,1053.315937757492,0.75818455,58.01571317915237,0.0,0.0
11503,153390,0.24938339,10,0.0,6450,177200,0.4875028,0.7368862,647,1053.315937757492,0.4875028,56.48772551702589,0.0,0.0
11531,153670,0.15546244,10,0.0,6457,177270,0.535111,0.69057345,647,1053.315937757492,0.535111,65.17164974564078,0.0,0.0
11561,153970,-0.008916914,10,0.0,6464,177340,0.81648105,0.80756414,647,1053.315937757492,0.80756414,60.398538098433555,0.0,0.0
11590,154260,-0.019648552,10,0.0,6471,177410,0.7224073,0.7027587,647,1053.315937757492,0.7027587,62.9604266708297,0.0,0.0
11620,154560,-0.01863426,10,0.0,6478,177480,0.7542847,0.7356504,647,1053.315937757492,0.7356504,69.65130375000415,0.0,0.0
11651,154870,0.28657797,10,0.0,6485,177550,0.3685986,0.6551766,647,1053.315937757492,0.3685986,71.24664091509796,0.0,0.0
11679,155150,-0.033468068,10,0.0,6492,177620,0.7939269,0.7604588,647,1053.315937757492,0.7604588,65.78330410888434,0.0,0.0
11709,155450,0.18885112,10,0.0,6499,177690,0.54091436,0.7297655,647,1053.315937757492,0.54091436,56.966541034260295,0.0,0.0
11738,155740,-0.02574706,10,0.0,6506,177760,0.7616023,0.7358552,647,1053.315937757492,0.7358552,56.85372545192318,0.0,0.0
11769,156050,-0.030164957,10,0.0,6514,177840,0.7834055,0.7532405,647,1053.315937757492,0.7532405,80.19901068286592,0.0,0.0
11799,156350,0.27938688,10,0.0,6521,177910,0.4013158,0.6807027,647,1053.315937757492,0.4013158,68.5603692903192,0.0,0.0
11828,156640,-0.01009208,10,0.0,6528,177980,0.7465064,0.7364143,647,1053.315937757492,0.7364143,60.906974751721144,0.0,0.0
11856,156920,-0.014934182,10,0.0,6535,178050,0.78699213,0.77205795,647,1053.315937757492,0.77205795,72.93224087804471,0.0,0.0
11884,157200,0.2612554,10,0.0,6542,178120,0.41427192,0.67552733,647,1053.315937757492,0.41427192,68.21237654275812,0.0,0.0
11912,157480,0.27923697,10,0.0,6550,178200,0.36844188,0.64767885,647,1053.315937757492,0.36844188,67.53993085468696,0.0,0.0
11942,157780,0.26144293,10,0.0,6557,178270,0.43016258,0.6916055,647,1053.315937757492,0.43016258,63.00241687032567,0.0,0.0
11967,158030,-0.028373957,10,0.0,6563,178330,0.70916736,0.6807934,647,1053.315937757492,0.6807934,49.142113988787415,0.0,0.0
11989,158250,0.26663765,10,0.0,6568,178380,0.4225026,0.68914026,647,1053.315937757492,0.4225026,38.85514399632413,0.0,0.0
12011,158470,0.27969998,10,0.0,6573,178430,0.37600547,0.65570545,647,1053.315937757492,0.37600547,44.04745101992808,0.0,0.0
12240,160760,0.052780867,10,0.0,6629,178990,0.6655726,0.71835345,648,1053.315937757492,0.6655726,1.6728489923689873,0.0,nan
12244,160800,0.13012767,10,0.0,6637,179070,0.63097405,0.7611017,648,1053.315937757492,0.63097405,61.86836593208839,0.0,0.0
12283,161190,0.20163241,10,0.0,6643,179130,0.49108192,0.69271433,648,1053.315937757492,0.49108192,37.94146727129801,0.0,0.0
12293,161290,-0.028892219,10,0.0,6648,179180,0.7429688,0.7140766,648,1053.315937757492,0.7140766,47.96576540105234,0.0,0.0
12315,161510,-0.032845676,10,0.0,6653,179230,0.7817794,0.74893373,648,1053.315937757492,0.74893373,53.98727774016419,0.0,0.0
12339,161750,0.28230736,10,0.0,6659,179290,0.36624923,0.6485566,648,1053.315937757492,0.36624923,46.88756854043117,0.0,0.0
12363,161990,0.23333436,10,0.0,6665,179350,0.44025367,0.67358804,648,1053.315937757492,0.44025367,55.67544391775923,0.0,0.0
12388,162240,-0.016371012,10,0.0,6672,179420,0.7969438,0.7805728,648,1053.315937757492,0.7805728,63.353377166946856,0.0,0.0
12422,162580,-0.029945612,10,0.0,6679,179490,0.7349951,0.7050495,648,1053.315937757492,0.7050495,63.22769516028129,0.0,0.0
12457,162930,0.27033073,10,0.0,6686,179560,0.4283573,0.69868803,648,1053.315937757492,0.4283573,64.72251884131325,0.0,0.0
12486,163220,-0.011700094,10,0.0,6693,179630,0.8038869,0.7921868,648,1053.315937757492,0.7921868,59.18732687127196,0.0,0.0
12515,163510,0.26019672,10,0.0,6700,179700,0.39806482,0.65826154,648,1053.315937757492,0.39806482,57.714987884033484,0.0,0.0
12543,163790,-0.026282132,10,0.0,6707,179770,0.7401239,0.7138418,648,1053.315937757492,0.7138418,63.18207289664439,0.0,0.0
12573,164090,0.26301408,10,0.0,6714,179840,0.40729207,0.67030615,648,1053.315937757492,0.40729207,52.62911958642583,0.0,0.0
12608,164440,-0.015958786,10,0.0,6721,179910,0.79584867,0.7798899,648,1053.315937757492,0.7798899,57.71784706291945,0.0,0.0
12628,164640,0.26161686,10,0.0,6727,179970,0.39809063,0.6597075,648,1053.315937757492,0.39809063,52.3764889816296,0.0,0.0
12642,164780,0.24940518,10,0.0,6733,180030,0.43029502,0.6797002,648,1053.315937757492,0.43029502,60.92042138654357,0.0,0.0
12676,165120,-0.009338856,10,0.0,6740,180100,0.7735577,0.76421887,648,1053.315937757492,0.76421887,67.38887826697493,0.0,0.0
12704,165400,-0.02846396,10,0.0,6747,180170,0.76161426,0.7331503,648,1053.315937757492,0.7331503,69.36678045037178,0.0,0.0
12727,165630,0.11747819,10,0.0,6754,180240,0.58149487,0.69897306,648,1053.315937757492,0.58149487,69.48675639317972,0.0,0.0
12756,165920,0.26599336,10,0.0,6761,180310,0.4045114,0.67050475,648,1053.315937757492,0.4045114,75.2329379436027,0.0,0.0
12784,166200,0.26195288,10,0.0,6768,180380,0.43306822,0.6950211,648,1053.315937757492,0.43306822,68.15784042731251,0.0,0.0
12813,166490,0.29396772,10,0.0,6775,180450,0.3595609,0.65352863,648,1053.315937757492,0.3595609,62.496893262327866,0.0,0.0
12843,166790,0.25607848,10,0.0,6782,180520,0.4495142,0.7055927,648,1053.315937757492,0.4495142,64.25117724012635,0.0,0.0
12873,167090,0.14189541,10,0.0,6789,180590,0.551757,0.6936524,648,1053.315937757492,0.551757,68.07001257759565,0.0,0.0
12902,167380,0.2689823,10,0.0,6796,180660,0.40757626,0.67655855,648,1053.315937757492,0.40757626,80.33772343147847,0.0,0.0
12930,167660,-0.035202324,10,0.0,6803,180730,0.75926477,0.72406244,648,1053.315937757492,0.72406244,63.732470662243905,0.0,0.0
12960,167960,-0.03176886,10,0.0,6810,180800,0.75333893,0.7215701,648,1053.315937757492,0.7215701,63.22483588209136,0.0,0.0
12990,168260,-0.017573476,10,0.0,6817,180870,0.76387715,0.7463037,648,1053.315937757492,0.7463037,65.68306849555333,0.0,0.0
13020,168560,-0.025860906,10,0.0,6824,180940,0.7356042,0.7097433,648,1053.315937757492,0.7097433,60.221197071572455,0.0,0.0
13049,168850,0.25091767,10,0.0,6831,181010,0.4191776,0.67009526,648,1053.315937757492,0.4191776,80.12776720692632,0.0,0.0
13273,171090,0.2811241,10,0.0,6888,181580,0.41925558,0.70037967,649,1053.315937757492,0.41925558,0.9323711977756312,0.0,nan
13277,171130,0.27687994,10,0.0,6894,181640,0.4018546,0.67873454,649,1053.315937757492,0.4018546,43.55541801967017,0.0,0.0
13299,171350,0.12536407,10,0.0,6900,181700,0.57318914,0.6985532,649,1053.315937757492,0.57318914,57.315912963744914,0.0,0.0
13323,171590,0.29595435,10,0.0,6905,181750,0.3584249,0.65437925,649,1053.315937757492,0.3584249,42.36777696406475,0.0,0.0
13343,171790,0.2404216,10,0.0,6910,181800,0.43903977,0.67946136,649,1053.315937757492,0.43903977,45.29172929732718,0.0,0.0
13363,171990,-0.0311445,10,0.0,6915,181850,0.7600425,0.728898,649,1053.315937757492,0.728898,47.42670538323066,0.0,0.0
13387,172230,-0.02714783,10,0.0,6921,181910,0.7299337,0.70278585,649,1053.315937757492,0.70278585,47.47802857078173,0.0,0.0
13409,172450,0.2722714,10,0.0,6926,181960,0.42367917,0.69595057,649,1053.315937757492,0.42367917,39.960366457828385,0.0,0.0
13428,172640,-0.022241354,10,0.0,6931,182010,0.7487644,0.72652304,649,1053.315937757492,0.72652304,51.51258429753791,0.0,0.0
13452,172880,-0.026687384,10,0.0,6937,182070,0.76292384,0.73623645,649,1053.315937757492,0.73623645,64.52269129652905,0.0,0.0
13477,173130,0.21903941,10,0.0,6943,182130,0.47238043,0.69141984,649,1053.315937757492,0.47238043,60.502477479101906,0.0,0.0
13502,173380,-0.025195062,10,0.0,6948,182180,0.74398315,0.7187881,649,1053.315937757492,0.7187881,32.69374943000545,0.0,0.0
13522,173580,-0.0216133,10,0.0,6952,182220,0.75651556,0.73490226,649,1053.315937757492,0.73490226,36.780138410974665,0.0,0.0
13543,173790,0.2529949,10,0.0,6958,182280,0.46362436,0.71661925,649,1053.315937757492,0.46362436,66.16341526128238,0.0,0.0
13567,174030,0.27455297,10,0.0,6964,182340,0.37674823,0.6513012,649,1053.315937757492,0.37674823,41.681198709705626,0.0,0.0
13587,174230,-0.024294078,10,0.0,6969,182390,0.78011286,0.7558188,649,1053.315937757492,0.7558188,62.717720434416584,0.0,0.0
13611,174470,0.11620766,10,0.0,6975,182450,0.58756053,0.7037682,649,1053.315937757492,0.58756053,46.95580719735347,0.0,0.0
13635,174710,0.20035088,10,0.0,6981,182510,0.5144946,0.7148455,649,1053.315937757492,0.5144946,60.210995964691406,0.0,0.0
13661,174970,0.29981804,10,0.0,6987,182570,0.3447268,0.64454484,649,1053.315937757492,0.3447268,41.55886980749948,0.0,0.0
13681,175170,-0.01182884,10,0.0,6991,182610,0.77501035,0.7631815,649,1053.315937757492,0.7631815,42.180813244257884,0.0,0.0
13700,175360,-0.0102458,10,0.0,6996,182660,0.70842177,0.69817597,649,1053.315937757492,0.6975615,54.40322919558061,0.0,0.0
13723,175590,-0.010715127,10,0.0,7002,182720,0.7920989,0.78138375,649,1053.315937757492,0.78138375,52.62060209463495,0.0,0.0
13749,175850,0.26004767,10,0.0,7009,182790,0.43167,0.6917177,649,1053.315937757492,0.43167,65.19231426821725,0.0,0.0
13776,176120,0.28384537,10,0.0,7016,182860,0.4011745,0.68501985,649,1053.315937757492,0.4011745,48.379440804650734,0.0,0.0
13803,176390,0.28996202,10,0.0,7022,182920,0.39359125,0.6835533,649,1053.315937757492,0.39359125,73.30584708956333,0.0,0.0
13826,176620,-0.030773163,10,0.0,7028,182980,0.73798996,0.7072168,649,1053.315937757492,0.7072168,53.13987799238561,0.0,0.0
13853,176890,0.27322146,10,0.0,7035,183050,0.42430082,0.6975223,649,1053.315937757492,0.42430082,57.283583720295,0.0,0.0
13881,177170,0.27925652,10,0.0,7042,183120,0.4089228,0.6881793,649,1053.315937757492,0.4089228,59.01884413625414,0.0,0.0
13910,177460,-0.0072420835,10,0.0,7048,183180,0.7267737,0.7195316,649,1053.315937757492,0.7195316,47.46975352375692,0.0,0.0
13937,177730,0.25575727,10,0.0,7054,183240,0.45662427,0.71238154,649,1053.315937757492,0.45662427,42.01682153862182,0.0,0.0
13963,177990,0.25598308,10,0.0,7061,183310,0.41746047,0.67344356,649,1053.315937757492,0.41746047,70.86948220365474,0.0,0.0
14323,181590,-0.012643099,10,0.0,7151,184210,0.7402765,0.7276334,650,1053.315937757492,0.7276334,1.7830969221913582,0.0,nan
14326,181620,0.17630261,10,0.0,7163,184330,0.5233524,0.699655,650,1053.315937757492,0.5233524,108.28733047445208,0.0,0.0
14371,182070,0.05438918,10,0.0,7170,184400,0.6141781,0.6685673,650,1053.315937757492,0.6141781,60.22033243693763,0.0,0.0
14399,182350,0.24692681,10,0.0,7176,184460,0.49137703,0.73830384,650,1053.315937757492,0.49137703,54.262113326373175,0.0,0.0
14424,182600,-0.021904588,10,0.0,7182,184520,0.728697,0.7067924,650,1053.315937757492,0.7067924,62.60631779433957,0.0,0.0
14447,182830,0.26383975,10,0.0,7187,184570,0.41740838,0.6812481,650,1053.315937757492,0.41740838,52.79479995065794,0.0,0.0
14471,183070,0.28764018,10,0.0,7193,184630,0.3759106,0.6635508,650,1053.315937757492,0.3759106,55.589036738588774,0.0,0.0
14499,183350,-0.028760493,10,0.0,7199,184690,0.7295424,0.7007819,650,1053.315937757492,0.7007819,49.373796350794585,0.0,0.0
14524,183600,-0.03140503,10,0.0,7205,184750,0.7578719,0.7264669,650,1053.315937757492,0.7264669,44.514793144327214,0.0,0.0
14547,183830,0.3117189,10,0.0,7211,184810,0.35065928,0.6623782,650,1053.315937757492,0.35065928,58.537723670052046,0.0,0.0
14572,184080,0.18338802,10,0.0,7217,184870,0.49948582,0.68287385,650,1053.315937757492,0.49948582,69.05943389857858,0.0,0.0
14597,184330,0.28147626,10,0.0,7223,184930,0.38077378,0.66225004,650,1053.315937757492,0.38077378,51.983045385816624,0.0,0.0
14628,184640,0.08394247,10,0.0,7229,184990,0.60314494,0.6870874,650,1053.315937757492,0.60314494,49.78437828637355,0.0,0.0
14645,184810,0.1947704,10,0.0,7234,185040,0.5434522,0.7382226,650,1053.315937757492,0.5434522,47.86777855510045,0.0,0.0
14666,185020,0.25637868,10,0.0,7240,185100,0.42244247,0.67882115,650,1053.315937757492,0.42244247,62.95768601492022,0.0,0.0
14690,185260,0.26267612,10,0.0,7246,185160,0.41031557,0.6729917,650,1053.315937757492,0.41031557,42.61386750221995,0.0,0.0
14715,185510,0.2604141,10,0.0,7252,185220,0.43864027,0.69905436,650,1053.315937757492,0.43864027,69.83651049220016,0.0,0.0
14739,185750,0.19742733,10,0.0,7258,185280,0.5012512,0.69867855,650,1053.315937757492,0.5012512,63.06029233558754,0.0,0.0
14767,186030,0.28905487,10,0.0,7265,185350,0.38299644,0.6720513,650,1053.315937757492,0.38299644,59.74817556200382,0.0,0.0
14800,186360,0.24324748,10,0.0,7272,185420,0.47850236,0.72174984,650,1053.315937757492,0.47850236,61.18757139126718,0.0,0.0
14828,186640,-0.029804945,10,0.0,7278,185480,0.7195482,0.6897433,650,1053.315937757492,0.6897433,59.439040428088795,0.0,0.0
14857,186930,0.27716437,10,0.0,7285,185550,0.37277672,0.6499411,650,1053.315937757492,0.37277672,60.08988474294597,0.0,0.0
14887,187230,-0.019576013,10,0.0,7292,185620,0.73598284,0.7164068,650,1053.315937757492,0.7164068,66.60374122653793,0.0,0.0
14908,187440,0.2643607,10,0.0,7298,185680,0.42202523,0.6863859,650,1053.315937757492,0.42202523,60.82994809379954,0.0,0.0
14935,187710,0.121510684,10,0.0,7304,185740,0.574371,0.69588166,650,1053.315937757492,0.574371,48.05694002369446,0.0,0.0
14957,187930,-0.016700447,10,0.0,7309,185790,0.73218805,0.7154876,650,1053.315937757492,0.7154876,48.128461779430644,0.0,0.0
14977,188130,0.19970131,10,0.0,7314,185840,0.4798416,0.6795429,650,1053.315937757492,0.4798416,35.98775098006746,0.0,0.0
14991,188270,0.23776641,10,0.0,7318,185880,0.4503167,0.6880831,650,1053.315937757492,0.4503167,35.448487209804505,0.0,0.0
15008,188440,0.18911254,10,0.0,7323,185930,0.51221216,0.7013247,650,1053.315937757492,0.51221216,37.78165515613754,0.0,0.0
15027,188630,-0.023679793,10,0.0,7328,185980,0.7422723,0.7185925,650,1053.315937757492,0.7185925,56.0963814170465,0.0,0.0
15051,188870,0.11585951,10,0.0,7334,186040,0.5896289,0.7054884,650,1053.315937757492,0.5896289,55.38212082039879,0.0,0.0
15077,189130,-0.014777243,10,0.0,7340,186100,0.7462295,0.7314523,650,1053.315937757492,0.7314523,62.348065477075295,0.0,0.0
15105,189410,-0.013291717,10,0.0,7347,186170,0.7476113,0.73431957,650,1053.315937757492,0.73431957,57.274666331655546,0.0,0.0
15133,189690,-0.023924768,10,0.0,7354,186240,0.7100683,0.6861435,650,1053.315937757492,0.6861435,68.44848294950128,0.0,0.0
15162,189980,0.27496117,10,0.0,7361,186310,0.40375352,0.6787147,650,1053.315937757492,0.40375352,56.49967199158359,0.0,0.0
15190,190260,0.2371422,10,0.0,7368,186380,0.4525004,0.6896426,650,1053.315937757492,0.4525004,74.07002412310909,0.0,0.0
15220,190560,0.26314932,10,0.0,7375,186450,0.47009838,0.7332477,650,1053.315937757492,0.47009838,63.038493678572074,0.0,0.0
15239,190750,0.28364086,10,0.0,7378,186480,0.3768679,0.66050875,650,1053.315937757492,0.3768679,10.99002349032416,0.0,0.0
15242,190780,-0.0113149285,10,0.0,7379,186490,0.73036265,0.7190477,650,1053.315937757492,0.7190477,9.3965158792745,0.0,0.0
15248,190840,0.29397148,10,0.0,7380,186500,0.35319418,0.64716566,650,1053.315937757492,0.35319418,6.312909475917484,0.0,0.0
15254,190900,0.29441786,10,0.0,7382,186520,0.37879944,0.6732173,650,1053.315937757492,0.37879944,11.394419366826984,0.0,0.0
15261,190970,-0.030908287,10,0.0,7384,186540,0.7366005,0.70569223,650,1053.315937757492,0.70569223,17.87673533267753,0.0,0.0
15270,191060,0.26341572,10,0.0,7388,186580,0.42672685,0.6901426,650,1053.315937757492,0.42672685,60.4113260866121,0.0,0.0
15295,191310,0.2811744,10,0.0,7394,186640,0.3883362,0.6695106,650,1053.315937757492,0.3883362,43.42612916318095,0.0,0.0
15316,191520,-0.014408112,10,0.0,7400,186700,0.7643752,0.7499671,650,1053.315937757492,0.7499671,50.33046020113925,0.0,0.0
15336,191720,0.11782116,10,0.0,7405,186750,0.58015007,0.6979712,650,1053.315937757492,0.58015007,45.709901568453084,0.0,0.0
15350,191860,-0.025922239,10,0.0,7409,186790,0.73260564,0.7066834,650,1053.315937757492,0.7066834,23.633649759370087,0.0,0.0
15366,192020,0.16290194,10,0.0,7412,186820,0.5620151,0.72491705,651,1053.315937757492,0.5620151,17.028612816736036,0.0,0.0
15381,192170,-0.005828798,10,0.0,7415,186850,0.7698391,0.7640103,651,1053.315937757492,0.7640103,7.849821379911304,0.0,0.0
15388,192240,0.2574913,10,0.0,7417,186870,0.42940658,0.6868979,651,1053.315937757492,0.42940658,26.56381376531552,0.0,0.0
15407,192430,0.039451897,10,0.0,7422,186920,0.70265585,0.74210775,651,1053.315937757492,0.70265585,45.96285979165891,0.0,0.0
15422,192580,0.18147576,10,0.0,7427,186970,0.51046586,0.6919416,651,1053.315937757492,0.51046586,38.38101329878011,0.0,0.0
15440,192760,0.21947935,10,0.0,7432,187020,0.46365127,0.6831306,651,1053.315937757492,0.46365127,45.51906311758022,0.0,0.0
15445,192810,0.22292495,10,0.0,7449,187190,0.48147184,0.7043968,651,1053.315937757492,0.48147184,208.3587843141151,0.0,0.0
15445,192810,-0.009757638,10,0.0,7469,187390,0.8076802,0.79792255,651,1053.315937757492,0.79792255,146.0742856147805,0.0,0.0
15452,192880,-0.025890589,10,0.0,7481,187510,0.7027419,0.67685133,652,1062.9058372974396,0.67685133,39.97316254955779,0.0,0.0
15453,192890,-0.017319202,10,0.0,7484,187540,0.7172129,0.6998937,652,1062.9058372974396,0.6998937,74.71603196488566,0.0,0.0
15453,192890,0.26824212,10,0.0,7494,187640,0.39814627,0.6663884,653,1065.1293165683746,0.39814627,90.58287170516267,0.0,0.0
15461,192970,0.19571096,10,0.0,7498,187680,0.45747304,0.653184,653,1065.1293165683746,0.45747304,123.10950786182444,0.0,0.0
15461,192970,0.2707126,10,0.0,7509,187790,0.40842903,0.67914164,654,1067.331491470337,0.40842903,17.113237847788906,0.0,0.0
15466,193020,0.2604308,10,0.0,7512,187820,0.4367712,0.697202,654,1067.331491470337,0.4367712,81.77354230801475,0.0,0.0
15466,193020,-0.01431787,10,0.0,7520,187900,0.75811595,0.7437981,654,1067.331491470337,0.7437981,80.87525597072197,0.0,0.0
15466,193020,0.22516248,10,0.0,7527,187970,0.46288547,0.68804795,655,1070.5027856826782,0.46288547,16.944615242907734,0.0,0.0
15474,193100,0.2610341,10,0.0,7533,188030,0.45052472,0.7115588,655,1070.5027856826782,0.45052472,90.60263450081437,0.0,0.0
15479,193150,0.23011997,10,0.0,7542,188120,0.47636858,0.70648855,656,1073.3323051929474,0.47636858,17.238192858135104,0.0,0.0
15479,193150,-0.017478824,10,0.0,7551,188210,0.71570486,0.69822603,656,1073.3323051929474,0.69822603,100.29733109828857,0.0,0.0
15485,193210,0.21552458,10,0.0,7558,188280,0.44362363,0.6591482,657,1075.5337800979614,0.44362363,16.682937384254103,0.0,0.0
15487,193230,-0.025481045,10,0.0,7567,188370,0.75624293,0.7307619,657,1075.5337800979614,0.7307619,113.70899222746657,0.0,0.0
15493,193290,-0.023614109,10,0.0,7574,188440,0.7131032,0.68948907,658,1077.7564163208008,0.68948907,110.76643550184598,0.0,0.0
15493,193290,-0.03327644,10,0.0,7584,188540,0.7242193,0.6909429,658,1077.7564163208008,0.6909429,80.94814791941283,0.0,0.0
15493,193290,-0.022539318,10,0.0,7594,188640,0.728144,0.7056047,659,1080.1638906002045,0.7056047,100.11036642416605,0.0,0.0
15493,193290,-0.022694886,10,0.0,7605,188750,0.735502,0.7128071,659,1080.1638906002045,0.7128071,113.6212034197666,0.0,0.0
15493,193290,-0.021912813,10,0.0,7616,188860,0.7518056,0.7298928,660,1082.0422806739807,0.7298928,112.20296725109279,0.0,0.0
15493,193290,-0.027951777,10,0.0,7627,188970,0.7514874,0.7235356,660,1082.0422806739807,0.7235356,104.79236675169707,0.0,0.0
15493,193290,-0.017989218,10,0.0,7638,189080,0.75586665,0.7378774,661,1083.952630996704,0.7378774,119.89275035873747,0.0,0.0
15493,193290,-0.027454615,10,0.0,7649,189190,0.7565746,0.72911996,662,1085.805862903595,0.72911996,104.6021093479177,0.0,0.0
15493,193290,-0.012551904,10,0.0,7662,189320,0.76154715,0.74899524,662,1085.805862903595,0.74899524,136.5293334505174,0.0,0.0
15493,193290,-0.015094638,10,0.0,7676,189460,0.7945912,0.77949655,663,1087.4602253437042,0.77949655,146.7247832870406,0.0,0.0
15493,193290,-0.012142062,10,0.0,7690,189600,0.71598536,0.7038433,664,1088.8893423080444,0.7038433,131.1211704389146,0.0,0.0
15493,193290,-0.031736076,10,0.0,7704,189740,0.75257844,0.72084236,664,1088.8893423080444,0.72084236,155.23937479412103,0.0,0.0
15493,193290,-0.017086804,10,0.0,7718,189880,0.67895883,0.661872,665,1090.2644448280334,0.661872,139.62536243704164,0.0,0.0
15497,193330,-0.014293432,10,0.0,7725,189950,0.7402126,0.7259192,666,1091.6778378486633,0.7259192,21.470999869975234,0.0,0.0
15497,193330,-0.030980825,10,0.0,7736,190060,0.7726659,0.7416851,666,1091.6778378486633,0.7416851,17.391028886337505,0.0,0.0
15506,193420,-0.0143435,10,0.0,7747,190170,0.74314296,0.72879946,667,1093.5136666297913,0.72879946,127.51279899796918,0.0,0.0
15507,193430,-0.030386686,10,0.0,7751,190210,0.74482805,0.71444136,668,1095.3182368278503,0.71444136,88.54271865975377,0.0,0.0
15512,193480,-0.023868382,10,0.0,7762,190320,0.7454596,0.72159123,668,1095.3182368278503,0.72159123,103.87520029322681,0.0,0.0
15517,193530,-0.029689789,10,0.0,7765,190350,0.68368465,0.65399486,669,1097.4953739643097,0.65399486,14.781115093335588,0.0,0.0
15519,193550,-0.0073850155,10,0.0,7771,190410,0.76949596,0.76211095,669,1097.4953739643097,0.76211095,99.92957310245255,0.0,0.0
15525,193610,-0.024343312,10,0.0,7778,190480,0.72416466,0.69982135,670,1100.0006229877472,0.69982135,45.34823928814696,0.0,0.0
15525,193610,-0.017541885,10,0.0,7788,190580,0.6885688,0.6710269,670,1100.0006229877472,0.6710269,120.54364289019368,0.0,0.0
15529,193650,-0.031083405,10,0.0,7793,190630,0.7233766,0.69229317,671,1102.1253440380096,0.69229317,14.170592239848776,0.0,0.0
15529,193650,-0.021549702,10,0.0,7800,190700,0.7011248,0.6795751,671,1102.1253440380096,0.6795751,113.48869930380243,0.0,0.0
15537,193730,-0.020817697,10,0.0,7806,190760,0.72607505,0.70525736,672,1104.340794801712,0.70525736,16.16071696906414,0.0,0.0
15537,193730,-0.02185458,10,0.0,7816,190860,0.7400493,0.7181947,672,1104.340794801712,0.7181947,115.1645382632118,0.0,0.0
15542,193780,-0.02031976,10,0.0,7820,190900,0.7589686,0.73864883,673,1106.398981332779,0.73864883,19.98998190356224,0.0,0.0
15542,193780,-0.014280021,10,0.0,7828,190980,0.73309404,0.718814,673,1106.398981332779,0.718814,82.20531022709677,0.0,0.0
15549,193850,-0.018345416,10,0.0,7833,191030,0.79728943,0.778944,674,1109.0869908332825,0.778944,9.782468959121852,0.0,0.0
15549,193850,-0.011229217,10,0.0,7839,191090,0.76221496,0.75098574,674,1109.0869908332825,0.75098574,78.42825755663385,0.0,0.0
15557,193930,0.08133823,10,0.0,7846,191160,0.5671354,0.6484736,675,1112.105963230133,0.5671354,26.545723815370593,0.0,0.0
15557,193930,-0.027921855,10,0.0,7849,191190,0.71740067,0.6894788,675,1112.105963230133,0.6894788,73.0963306349718,0.0,0.0
15557,193930,0.010241687,10,0.0,7857,191270,0.67580175,0.68604344,675,1112.105963230133,0.67499006,72.71249614273778,0.0,0.0
15563,193990,-0.018722117,10,0.0,7861,191310,0.70770925,0.68898714,676,1115.26136636734,0.68898714,14.558753189052222,0.0,0.0
15563,193990,-0.031071484,10,0.0,7865,191350,0.73428595,0.70321447,676,1115.26136636734,0.70321447,66.11658627321164,0.0,0.0
15563,193990,0.003498435,10,0.0,7873,191430,0.69227827,0.6957767,677,1118.379893541336,0.6898298,65.05288071556085,0.0,0.0
15570,194060,-0.023890555,10,0.0,7875,191450,0.76483595,0.7409454,677,1118.379893541336,0.7409454,11.455471380057563,0.0,0.0
15570,194060,0.03418982,10,0.0,7883,191530,0.6534762,0.687666,677,1118.379893541336,0.6534762,86.26935726376888,0.0,0.0
15575,194110,-0.028815508,10,0.0,7889,191590,0.7415677,0.71275216,678,1121.4424555301666,0.71275216,12.279295370596175,0.0,0.0
15575,194110,-0.017641068,10,0.0,7895,191650,0.7326772,0.71503615,678,1121.4424555301666,0.71503615,85.99096688747153,0.0,0.0
15577,194130,-0.02584654,10,0.0,7903,191730,0.7625934,0.73674685,679,1124.411246061325,0.73674685,35.20252996698218,0.0,0.0
15582,194180,-0.026755273,10,0.0,7904,191740,0.7779205,0.7511652,679,1124.411246061325,0.7511652,8.976652336596212,0.0,0.0
15586,194220,-0.028609872,10,0.0,7908,191780,0.735693,0.7070831,679,1124.411246061325,0.7070831,68.66992364012626,0.0,0.0
15586,194220,-0.023201406,10,0.0,7915,191850,0.7073124,0.684111,680,1127.6685678958893,0.684111,77.89820107942663,0.0,0.0
15589,194250,-0.0152926445,10,0.0,7918,191880,0.73915046,0.7238578,680,1127.6685678958893,0.7238578,65.95346482186464,0.0,0.0
15589,194250,-0.016218364,10,0.0,7926,191960,0.70346385,0.6872455,680,1127.6685678958893,0.6872455,77.49534858369685,0.0,0.0
15590,194260,-0.010512888,10,0.0,7932,192020,0.77284664,0.76233375,681,1130.8669612407684,0.76233375,37.197528148878654,0.0,0.0
15595,194310,-0.0031312704,10,0.0,7934,192040,0.6862164,0.68308514,681,1130.8669612407684,0.68129337,21.071218470191713,0.0,0.0
15595,194310,0.19213241,10,0.0,7939,192090,0.45373094,0.64586335,681,1130.8669612407684,0.45373094,77.18772888717128,0.0,0.0
15595,194310,-0.030599594,10,0.0,7946,192160,0.75589436,0.72529477,682,1134.4052212238312,0.72529477,67.3963498700055,0.0,0.0
15601,194370,-0.026421785,10,0.0,7948,192180,0.72082984,0.69440806,682,1134.4052212238312,0.69440806,14.542695876158191,0.0,0.0
15601,194370,0.13222933,10,0.0,7954,192240,0.5512601,0.68348944,682,1134.4052212238312,0.5512601,70.44076871272695,0.0,0.0
15601,194370,-0.028842866,10,0.0,7961,192310,0.7737799,0.74493706,682,1134.4052212238312,0.74493706,62.652047919218475,0.0,0.0
15608,194440,-0.03211397,10,0.0,7965,192350,0.741844,0.70973,683,1138.1802170276642,0.70973,12.450653686153466,0.0,0.0
15608,194440,-0.011077881,10,0.0,7969,192390,0.7508939,0.739816,683,1138.1802170276642,0.739816,98.45460477824672,0.0,0.0
15608,194440,-0.014636695,10,0.0,7977,192470,0.7108691,0.6962324,683,1138.1802170276642,0.6962324,98.42572493951504,0.0,0.0
15613,194490,0.03283596,10,0.0,7982,192520,0.6444821,0.67731804,684,1142.0639054775238,0.6444821,24.828195303347893,0.0,0.0
15614,194500,-0.017705142,10,0.0,7983,192530,0.7664301,0.74872494,684,1142.0639054775238,0.74872494,9.051564497218152,0.0,0.0
15614,194500,-0.02171421,10,0.0,7989,192590,0.7437534,0.72203916,684,1142.0639054775238,0.72203916,65.47492417229553,0.0,0.0
15621,194570,0.1875326,10,0.0,7996,192660,0.461393,0.6489256,685,1145.5438160896301,0.461393,18.991202829366404,0.0,0.0
15621,194570,-0.03250754,10,0.0,8000,192700,0.74589556,0.713388,685,1145.5438160896301,0.713388,86.05924813387665,0.0,0.0
15621,194570,-0.021176755,10,0.0,8008,192780,0.7101878,0.68901104,685,1145.5438160896301,0.68901104,69.27203571363688,0.0,0.0
15626,194620,-0.02471298,10,0.0,8011,192810,0.76408225,0.7393693,686,1148.5729448795319,0.7393693,12.362808270396345,0.0,0.0
15626,194620,-0.033686757,10,0.0,8016,192860,0.74344754,0.7097608,686,1148.5729448795319,0.7097608,73.60274595205463,0.0,0.0
15634,194700,0.16223007,10,0.0,8024,192940,0.5184085,0.68063855,687,1151.583524942398,0.5184085,16.14486677408602,0.0,0.0
15634,194700,0.21462584,10,0.0,8029,192990,0.44132382,0.65594965,687,1151.583524942398,0.44132382,87.51333261002011,0.0,0.0
15634,194700,0.19476837,10,0.0,8037,193070,0.46375126,0.6585196,687,1151.583524942398,0.46375126,52.96574019118817,0.0,0.0
15639,194750,-0.02268815,10,0.0,8039,193090,0.72735727,0.7046691,688,1154.445480108261,0.7046691,14.791415253167369,0.0,0.0
15639,194750,-0.004686713,10,0.0,8046,193160,0.72064,0.7159533,688,1154.445480108261,0.7159533,67.4392624345192,0.0,0.0
15645,194810,-0.021543443,10,0.0,8053,193230,0.7417822,0.72023875,689,1157.5917024612427,0.72023875,10.881777819749695,0.0,0.0
15650,194860,0.006742716,10,0.0,8056,193260,0.6634094,0.6701521,689,1157.5917024612427,0.66163546,87.08614757893557,0.0,0.0
15650,194860,-0.009512007,10,0.0,8064,193340,0.7067231,0.6972111,690,1160.5784287452698,0.6972111,56.31003988674367,0.0,0.0
15654,194900,0.19900426,10,0.0,8067,193370,0.47349194,0.6724962,690,1160.5784287452698,0.47349194,67.81062257086133,0.0,0.0
15654,194900,-0.027496994,10,0.0,8075,193450,0.7239264,0.69642943,690,1160.5784287452698,0.69642943,86.9321837174598,0.0,0.0
15658,194940,-0.014865518,10,0.0,8081,193510,0.7113235,0.696458,691,1163.5568449497223,0.696458,12.292041728955214,0.0,0.0
15659,194950,0.22000158,10,0.0,8086,193560,0.43883866,0.65884024,691,1163.5568449497223,0.43883866,81.9076818525339,0.0,0.0
15659,194950,-0.019445479,10,0.0,8094,193640,0.78247046,0.763025,692,1166.746034860611,0.763025,75.5191611030688,0.0,0.0
15666,195020,-0.02592349,10,0.0,8096,193660,0.7562203,0.7302968,692,1166.746034860611,0.7302968,17.99169113499439,0.0,0.0
15666,195020,-0.02204752,10,0.0,8102,193720,0.75331384,0.7312663,692,1166.746034860611,0.7312663,58.88792169063758,0.0,0.0
15666,195020,-0.020361364,10,0.0,8110,193800,0.7194026,0.69904125,693,1170.5174431800842,0.69904125,73.34661194340444,0.0,0.0
15671,195070,-0.029867887,10,0.0,8112,193820,0.7303079,0.70044,693,1170.5174431800842,0.70044,11.832506283976494,0.0,0.0
15671,195070,-0.0075568557,10,0.0,8118,193880,0.76646876,0.7589119,693,1170.5174431800842,0.7589119,89.16481540139328,0.0,0.0
15678,195140,-0.032479346,10,0.0,8126,193960,0.76032794,0.7278486,694,1173.3466489315033,0.7278486,12.470098757569893,0.0,0.0
15678,195140,0.020243526,10,0.0,8130,194000,0.66951793,0.68976146,694,1173.3466489315033,0.66951793,74.18714890124662,0.0,0.0
15678,195140,-0.027567446,10,0.0,8137,194070,0.73670304,0.7091356,694,1173.3466489315033,0.7091356,84.13495118560702,0.0,0.0
15685,195210,0.22087538,10,0.0,8142,194120,0.44077545,0.66165084,695,1176.6096646785736,0.44077545,15.608152863966609,0.0,0.0
15685,195210,-0.020493865,10,0.0,8151,194210,0.716497,0.69600314,695,1176.6096646785736,0.69600314,108.18817290281311,0.0,0.0
15691,195270,-0.013059258,10,0.0,8155,194250,0.74954206,0.7364828,696,1179.223356962204,0.7364828,12.366785116588453,0.0,0.0
15691,195270,-0.024037063,10,0.0,8163,194330,0.7163612,0.69232416,696,1179.223356962204,0.69232416,100.87942006955701,0.0,0.0
15698,195340,0.11011535,10,0.0,8170,194400,0.61042136,0.7205367,697,1181.7620487213135,0.61042136,23.863447705343624,0.0,0.0
15698,195340,0.2366403,10,0.0,8175,194450,0.40874115,0.64538145,697,1181.7620487213135,0.40874115,111.18219941364521,0.0,0.0
15699,195350,-0.02180463,10,0.0,8185,194550,0.7614417,0.7396371,698,1184.430617570877,0.7396371,25.618012665155188,0.0,0.0
15703,195390,-0.02777189,10,0.0,8192,194620,0.7105166,0.6827447,698,1184.430617570877,0.6827447,115.80365056006362,0.0,0.0
15709,195450,-0.00018298626,10,0.0,8200,194700,0.7265823,0.7263993,699,1186.511148929596,0.7260361,16.32786022433804,0.0,0.0
15709,195450,-0.030292809,10,0.0,8211,194810,0.7627327,0.7324399,699,1186.511148929596,0.7324399,94.2987349057643,0.0,0.0
15716,195520,-0.0037157536,10,0.0,8214,194840,0.7079827,0.70426697,700,1188.6012241840363,0.70426697,34.02561876870908,0.0,0.0
15716,195520,0.014782965,10,0.0,8225,194950,0.67647433,0.6912573,700,1188.6012241840363,0.67647433,100.216810067786,0.0,0.0
15722,195580,-0.021205068,10,0.0,8227,194970,0.7465639,0.72535884,701,1190.6608681678772,0.72535884,23.03185787836722,0.0,0.0
15722,195580,-0.024974108,10,0.0,8236,195060,0.7139728,0.6889987,701,1190.6608681678772,0.6889987,119.91948764867338,0.0,0.0
15729,195650,0.23379788,10,0.0,8241,195110,0.4938884,0.7276863,702,1192.9959590435028,0.4938884,15.704327737621195,0.0,0.0
15729,195650,-0.02894324,10,0.0,8251,195210,0.805574,0.77663076,702,1192.9959590435028,0.77663076,109.1897014031708,0.0,0.0
15735,195710,0.20609787,10,0.0,8255,195250,0.47748938,0.68358725,703,1195.5309221744537,0.47748938,17.014265553396136,0.0,0.0
15735,195710,-0.011117399,10,0.0,8264,195340,0.79707265,0.78595525,703,1195.5309221744537,0.78595525,95.6350353646135,0.0,0.0
15742,195780,-0.007134795,10,0.0,8269,195390,0.7884951,0.7813603,704,1197.7015266418457,0.7813603,25.607752346901894,0.0,0.0
15742,195780,-0.006752491,10,0.0,8279,195490,0.6945653,0.6878128,704,1197.7015266418457,0.68780655,89.24544762050667,0.0,0.0
15748,195840,-0.022907615,10,0.0,8282,195520,0.68274647,0.65983886,705,1200.004153251648,0.65983886,13.570404555753528,0.0,0.0
15748,195840,-0.027875006,10,0.0,8289,195590,0.69472134,0.66684633,705,1200.004153251648,0.66684633,115.46222836410084,0.0,0.0
15755,195910,-0.026384115,10,0.0,8296,195660,0.7151656,0.6887815,706,1202.3906347751617,0.6887815,21.465978071897116,0.0,0.0
15755,195910,-0.027180731,10,0.0,8305,195750,0.7015618,0.6743811,706,1202.3906347751617,0.6743811,100.69559914820674,0.0,0.0
15762,195980,-0.03079766,10,0.0,8310,195800,0.7694314,0.73863375,707,1204.5588533878326,0.73863375,41.82997358140945,0.0,0.0
15762,195980,-0.026648879,10,0.0,8319,195890,0.70671725,0.6800684,707,1204.5588533878326,0.6800684,117.55995291215875,0.0,0.0
15767,196030,-0.022176206,10,0.0,8324,195940,0.7137637,0.6915875,708,1206.9042315483093,0.6915875,27.297922800769545,0.0,0.0
15767,196030,-0.012571931,10,0.0,8335,196050,0.689278,0.6767061,708,1206.9042315483093,0.6767061,118.18836067098171,0.0,0.0
15773,196090,-0.030432403,10,0.0,8338,196080,0.72880507,0.69837266,709,1209.035535812378,0.69837266,24.493501867245964,0.0,0.0
15773,196090,-0.025488913,10,0.0,8348,196180,0.7088229,0.683334,709,1209.035535812378,0.683334,112.92100679253817,0.0,0.0
15780,196160,-0.026432574,10,0.0,8352,196220,0.77012664,0.74369407,710,1211.2390699386597,0.74369407,29.185055606930703,0.0,0.0
15780,196160,0.09761226,10,0.0,8362,196320,0.58550984,0.6831221,711,1213.3630142211914,0.58550984,91.00089388771728,0.0,0.0
15787,196230,0.29095846,10,0.0,8365,196350,0.34768945,0.6386479,711,1213.3630142211914,0.34768945,31.71352528429712,0.0,0.0
15787,196230,-0.02303785,10,0.0,8376,196460,0.73787344,0.7148356,712,1215.5129861831665,0.7148356,95.49046302915504,0.0,0.0
15793,196290,0.25825262,10,0.0,8379,196490,0.40287197,0.6611246,712,1215.5129861831665,0.40287197,63.46361546923206,0.0,0.0
15793,196290,-0.029375374,10,0.0,8390,196600,0.74116665,0.7117913,713,1217.6426849365234,0.7117913,94.34773415392367,0.0,0.0
15799,196350,0.08239305,10,0.0,8393,196630,0.60729903,0.6896921,713,1217.6426849365234,0.60729903,20.693267972211657,0.0,0.0
15799,196350,0.046267927,10,0.0,8402,196720,0.68151325,0.7277812,713,1217.6426849365234,0.68151325,105.53805662005782,0.0,0.0
15806,196420,-0.010848522,10,0.0,8406,196760,0.73315513,0.7223066,714,1220.0165209770203,0.7223066,16.970668039111438,0.0,0.0
15806,196420,-0.023166358,10,0.0,8413,196830,0.72055334,0.697387,714,1220.0165209770203,0.697387,109.6054333595524,0.0,0.0
15813,196490,-0.0149647,10,0.0,8420,196900,0.6960945,0.6811298,715,1222.347246170044,0.6811298,18.32589325700574,0.0,0.0
15813,196490,0.1608246,10,0.0,8431,197010,0.500068,0.6608926,715,1222.347246170044,0.500068,129.04319895640722,0.0,0.0
15818,196540,-0.015062034,10,0.0,8435,197050,0.73089373,0.7158317,716,1224.4559998512268,0.7158317,16.253502154963623,0.0,0.0
15818,196540,-0.024200022,10,0.0,8442,197120,0.68678683,0.6625868,716,1224.4559998512268,0.6625868,94.6069382415302,0.0,0.0
15826,196620,0.22322291,10,0.0,8448,197180,0.48261827,0.7058412,717,1226.7209701538086,0.48261827,17.044341741509637,0.0,0.0
15826,196620,0.21928385,10,0.0,8458,197280,0.441641,0.66092485,717,1226.7209701538086,0.441641,110.72345166033541,0.0,0.0
15831,196670,-0.021285474,10,0.0,8462,197320,0.71818924,0.69690377,718,1228.9645307064056,0.69690377,26.993343540376706,0.0,0.0
15831,196670,-0.025173485,10,0.0,8469,197390,0.73680025,0.71162677,718,1228.9645307064056,0.71162677,83.35212627905636,0.0,0.0
15834,196700,0.1550299,10,0.0,8477,197470,0.5069982,0.6620281,719,1231.7241797447205,0.5069982,38.18651769480859,0.0,0.0
15838,196740,-0.03116721,10,0.0,8479,197490,0.7342722,0.703105,719,1231.7241797447205,0.703105,34.56383421439726,0.0,0.0
15838,196740,0.19346553,10,0.0,8489,197590,0.57487535,0.7683409,719,1231.7241797447205,0.57487535,99.94671801055155,0.0,0.0
15844,196800,-0.028426766,10,0.0,8493,197630,0.7440141,0.7155873,720,1234.3916912078857,0.7155873,15.20953845261234,0.0,0.0
15844,196800,0.2551643,10,0.0,8502,197720,0.3905894,0.6457537,720,1234.3916912078857,0.3905894,99.33789013466722,0.0,0.0
15851,196870,-0.031145155,10,0.0,8507,197770,0.7189833,0.68783814,721,1236.5572822093964,0.68783814,20.053165244464502,0.0,0.0
15851,196870,-0.008350074,10,0.0,8518,197880,0.7315616,0.7232115,722,1238.6884887218475,0.7232115,79.07395537188836,0.0,0.0
15857,196930,-0.02985704,10,0.0,8521,197910,0.71718836,0.6873313,722,1238.6884887218475,0.6873313,36.02388363256584,0.0,0.0
15857,196930,-0.014426529,10,0.0,8532,198020,0.74864113,0.7342146,723,1240.7373728752136,0.7342146,115.49243185641868,0.0,0.0
15863,196990,0.08703643,10,0.0,8535,198050,0.62111086,0.7081473,723,1240.7373728752136,0.62111086,49.98497222662502,0.0,0.0
15863,196990,-0.0077159405,10,0.0,8546,198160,0.7611585,0.7534426,724,1242.858379125595,0.7534426,86.43629649169085,0.0,0.0
15870,197060,0.19243902,10,0.0,8549,198190,0.48599195,0.678431,724,1242.858379125595,0.48599195,65.73258150155308,0.0,0.0
15870,197060,-0.032609105,10,0.0,8558,198280,0.739048,0.7064389,724,1242.858379125595,0.7064389,78.89502305170315,0.0,0.0
15876,197120,-0.014720082,10,0.0,8561,198310,0.71843743,0.70371735,725,1245.2560367584229,0.70371735,16.90192516463474,0.0,0.0
15876,197120,0.0010063052,10,0.0,8571,198410,0.7259814,0.7269877,725,1245.2560367584229,0.72495496,115.9547604632325,0.0,0.0
15882,197180,-0.008477032,10,0.0,8576,198460,0.721972,0.71349496,726,1247.5111904144287,0.71349496,24.984119495731445,0.0,0.0
15882,197180,-0.015384316,10,0.0,8586,198560,0.8097288,0.7943445,726,1247.5111904144287,0.7943445,121.39703562631873,0.0,0.0
15889,197250,0.18379372,10,0.0,8589,198590,0.48055,0.6643437,727,1249.5998423099518,0.48055,57.416656741998324,0.0,0.0
15889,197250,0.13430977,10,0.0,8599,198690,0.5366726,0.67098236,727,1249.5998423099518,0.5366726,98.30899225351287,0.0,0.0
15895,197310,0.13631141,10,0.0,8602,198720,0.5153198,0.65163124,728,1251.8790700435638,0.5153198,15.206307150941932,0.0,0.0
15895,197310,0.12357271,10,0.0,8612,198820,0.5598592,0.6834319,728,1251.8790700435638,0.5598592,126.56624179219776,0.0,0.0
15902,197380,-0.01201719,10,0.0,8616,198860,0.7248818,0.71286464,729,1254.0944004058838,0.71286464,18.075935838095486,0.0,0.0
15902,197380,-0.010010183,10,0.0,8626,198960,0.71760845,0.70759827,729,1254.0944004058838,0.70759827,115.77647981097284,0.0,0.0
15908,197440,0.25907248,10,0.0,8630,199000,0.45347214,0.7125446,730,1256.1394033432007,0.45347214,28.072351006120723,0.0,0.0
15908,197440,-0.02572596,10,0.0,8641,199110,0.75755763,0.73183167,730,1256.1394033432007,0.73183167,95.80323615133713,0.0,0.0
15914,197500,0.19715148,10,0.0,8645,199150,0.49641883,0.6935703,731,1258.358259677887,0.49641883,35.636153545514794,0.0,0.0
15914,197500,0.27767774,10,0.0,8656,199260,0.38566235,0.6633401,731,1258.358259677887,0.38566235,100.21010581745116,0.0,0.0
15920,197560,-0.030378222,10,0.0,8659,199290,0.74784166,0.71746343,732,1260.5795414447784,0.71746343,19.356062983405018,0.0,0.0
15920,197560,-0.0067813396,10,0.0,8669,199390,0.7627398,0.75595844,733,1262.7116014957428,0.75595844,91.33360480283257,0.0,0.0
15928,197640,0.24199834,10,0.0,8672,199420,0.48323736,0.7252357,733,1262.7116014957428,0.48323736,13.08328620593172,0.0,0.0
15928,197640,-0.03211254,10,0.0,8682,199520,0.7433283,0.71121573,734,1264.8287281990051,0.71121573,106.37530973159554,0.0,0.0
15935,197710,-0.032460034,10,0.0,8686,199560,0.7455858,0.71312577,734,1264.8287281990051,0.71312577,81.53271958198557,0.0,0.0
15935,197710,-0.020585477,10,0.0,8696,199660,0.71569246,0.695107,734,1264.8287281990051,0.695107,126.8502646302737,0.0,0.0
15940,197760,-0.004144728,10,0.0,8699,199690,0.75865805,0.7545133,735,1266.9943497180939,0.7545133,28.40085778729069,0.0,0.0
15940,197760,-0.018368423,10,0.0,8710,199800,0.7053771,0.6870087,735,1266.9943497180939,0.6870087,105.15888019174936,0.0,0.0
15946,197820,0.17271852,10,0.0,8713,199830,0.51564074,0.68835926,736,1269.1319301128387,0.51564074,22.267215891927417,0.0,0.0
15946,197820,0.0004968643,10,0.0,8722,199920,0.72393423,0.7244311,736,1269.1319301128387,0.7230343,87.74052109155187,0.0,0.0
15954,197900,-0.010819137,10,0.0,8727,199970,0.75572085,0.7449017,737,1271.3957841396332,0.7449017,89.2988398805177,0.0,0.0
15954,197900,0.20319733,10,0.0,8738,200080,0.46170774,0.6649051,737,1271.3957841396332,0.46170774,86.14780445824681,0.0,0.0
15958,197940,-0.0045984387,10,0.0,8742,200120,0.67706776,0.6724693,738,1273.8330285549164,0.67121965,14.474517171455036,0.0,0.0
15958,197940,-0.017350852,10,0.0,8747,200170,0.7426203,0.72526944,738,1273.8330285549164,0.72526944,85.57900385424466,0.0,0.0
15964,198000,0.20244002,10,0.0,8756,200260,0.48122847,0.6836685,739,1276.402918100357,0.48122847,31.12011687376046,0.0,0.0
15966,198020,-0.025779247,10,0.0,8760,200300,0.70430636,0.6785271,739,1276.402918100357,0.6785271,74.74612396193463,0.0,0.0
15966,198020,0.193833,10,0.0,8770,200400,0.48310524,0.67693824,740,1278.871321439743,0.48310524,74.48621731918777,0.0,0.0
15972,198080,0.29940176,10,0.0,8773,200430,0.33730316,0.6367049,740,1278.871321439743,0.33730316,62.97366078064263,0.0,0.0
15972,198080,0.27399784,10,0.0,8783,200530,0.39166957,0.6656674,740,1278.871321439743,0.39166957,91.6072922331645,0.0,0.0
15978,198140,-0.030001104,10,0.0,8786,200560,0.74691904,0.71691793,741,1281.1134326457977,0.71691793,20.570447696046337,0.0,0.0
15978,198140,-0.012879014,10,0.0,8794,200640,0.75060016,0.73772115,741,1281.1134326457977,0.73772115,74.13351903665225,0.0,0.0
15985,198210,0.20851448,10,0.0,8799,200690,0.49285957,0.70137405,742,1283.7695758342743,0.49285957,16.493987838433554,0.0,0.0
15985,198210,-0.032361746,10,0.0,8809,200790,0.75919545,0.7268337,742,1283.7695758342743,0.7268337,104.69114108567378,0.0,0.0
15991,198270,-0.030493796,10,0.0,8813,200830,0.77093875,0.74044496,743,1285.9578762054443,0.74044496,20.46456164660937,0.0,0.0
15991,198270,0.07931787,10,0.0,8821,200910,0.64623237,0.72555023,743,1285.9578762054443,0.64623237,110.43716149145187,0.0,0.0
15999,198350,-0.015431404,10,0.0,8827,200970,0.70886815,0.69343674,744,1288.1777217388153,0.69343674,21.72069950704732,0.0,0.0
15999,198350,0.23772883,10,0.0,8837,201070,0.41467083,0.65239966,744,1288.1777217388153,0.41467083,91.28828160197799,0.0,0.0
16004,198400,-0.0103625655,10,0.0,8841,201110,0.7456337,0.73527116,745,1290.379891872406,0.73527116,16.65783926072196,0.0,0.0
16004,198400,-0.011776626,10,0.0,8850,201200,0.73098046,0.7192038,745,1290.379891872406,0.7192038,109.91045855596406,0.0,0.0
16010,198460,-0.013025522,10,0.0,8855,201250,0.69894636,0.68592083,746,1292.6173293590546,0.68592083,13.30343396563941,0.0,0.0
16010,198460,0.23135316,10,0.0,8864,201340,0.42591953,0.6572727,746,1292.6173293590546,0.42591953,115.02494220374449,0.0,0.0
16017,198530,0.012976646,10,0.0,8869,201390,0.7939536,0.80693024,747,1294.7741720676422,0.7939536,29.44592459047928,0.0,0.0
16017,198530,-0.0155521035,10,0.0,8879,201490,0.7063507,0.6907986,747,1294.7741720676422,0.6907986,90.66275855062501,0.0,0.0
16022,198580,0.14210719,10,0.0,8882,201520,0.6133027,0.7554099,748,1296.9635949134827,0.6133027,9.64771375647246,0.0,0.0
16022,198580,-0.015507758,10,0.0,8889,201590,0.7290503,0.7135425,748,1296.9635949134827,0.7135425,113.24999054968436,0.0,0.0
16030,198660,-0.021728992,10,0.0,8895,201650,0.72823864,0.70650965,749,1299.5672500133514,0.70650965,16.616929101883233,0.0,0.0
16030,198660,0.11703867,10,0.0,8905,201750,0.5684895,0.68552816,749,1299.5672500133514,0.5684895,108.07610645008349,0.0,0.0
16035,198710,-0.0051540136,10,0.0,8910,201800,0.70371425,0.69856024,750,1301.842802286148,0.69856024,18.448754315503617,0.0,0.0
16035,198710,-0.015107036,10,0.0,8917,201870,0.71699345,0.7018864,750,1301.842802286148,0.7018864,96.98328466022471,0.0,0.0
16042,198780,0.08179933,10,0.0,8923,201930,0.5855982,0.6673975,751,1304.1061749458313,0.5855982,12.99816972755406,0.0,0.0
16042,198780,-0.0075780153,10,0.0,8933,202030,0.71102583,0.7034478,751,1304.1061749458313,0.7034478,100.18904115478969,0.0,0.0
16048,198840,-0.008146703,10,0.0,8937,202070,0.70150185,0.69335514,752,1306.2103431224823,0.69335514,21.634096661400378,0.0,0.0
16048,198840,0.038914382,10,0.0,8947,202170,0.6779553,0.7168697,753,1308.326657295227,0.6779553,116.81996434937611,0.0,0.0
16056,198920,0.27546084,10,0.0,8951,202210,0.41284978,0.6883106,753,1308.326657295227,0.41284978,126.83760580374557,0.0,0.0
16063,198990,0.0023354888,10,0.0,8962,202320,0.75903845,0.76137394,754,1310.0916693210602,0.7582848,22.398506447247705,0.0,0.0
16063,198990,0.010024369,10,0.0,8975,202450,0.74116033,0.7511847,755,1311.7221240997314,0.74116033,113.59720063050814,0.0,0.0
16067,199030,-0.02505076,10,0.0,8978,202480,0.74188703,0.7168363,755,1311.7221240997314,0.7168363,63.21511627030718,0.0,0.0
16074,199100,-0.000159204,10,0.0,8988,202580,0.743009,0.74284977,756,1313.4274291992188,0.7412948,25.16858247663944,0.0,0.0
16074,199100,0.2675488,10,0.0,8998,202680,0.39553857,0.66308737,756,1313.4274291992188,0.39553857,155.44131163094073,0.0,0.0
16080,199160,0.005284667,10,0.0,9003,202730,0.73704267,0.74232733,757,1315.0883395671844,0.73704267,25.51672489744468,0.0,0.0
16088,199240,0.2460449,10,0.0,9014,202840,0.42951944,0.67556435,758,1316.7960093021393,0.42951944,19.992449750803644,0.0,0.0
16088,199240,0.0031568408,10,0.0,9025,202950,0.71358126,0.7167381,758,1316.7960093021393,0.71358126,132.1144657059611,0.0,0.0
16094,199300,0.008872628,10,0.0,9032,203020,0.7060938,0.7149664,759,1318.527363538742,0.7060938,138.6656792605033,0.0,0.0
16099,199350,0.27079895,10,0.0,9041,203110,0.37730375,0.6481027,760,1320.247797012329,0.37730375,17.5566248014349,0.0,0.0
16099,199350,0.27297103,10,0.0,9051,203210,0.38953334,0.6625044,760,1320.247797012329,0.38953334,137.64768815245822,0.0,0.0
16106,199420,0.25447378,10,0.0,9055,203250,0.4181758,0.67264956,761,1321.9985401630402,0.4181758,80.99097655216626,0.0,0.0
16112,199480,0.18230492,10,0.0,9066,203360,0.48114115,0.66344607,762,1323.6888091564178,0.48114115,19.895331766424672,0.0,0.0
16112,199480,0.017932415,10,0.0,9074,203440,0.7525691,0.7705015,762,1323.6888091564178,0.7525691,126.06524019488502,0.0,0.0
16119,199550,0.17010915,10,0.0,9079,203490,0.56429565,0.7344048,763,1325.445630788803,0.56429565,19.779265437932317,0.0,0.0
16119,199550,0.29440507,10,0.0,9090,203600,0.3690295,0.66343457,764,1327.1624484062195,0.3690295,29.882303321155195,0.0,0.0
16127,199630,0.22181812,10,0.0,9101,203710,0.4647582,0.6865763,764,1327.1624484062195,0.4647582,139.69558295531,0.0,0.0
16131,199670,0.0049936175,10,0.0,9106,203760,0.7131957,0.7181893,765,1328.850723028183,0.7130971,17.009304558844523,0.0,0.0
16139,199750,0.21906283,10,0.0,9117,203870,0.47554865,0.6946115,766,1330.7967278957367,0.47554865,31.411419327781438,0.0,0.0
16139,199750,0.17553812,10,0.0,9126,203960,0.5109555,0.68649364,766,1330.7967278957367,0.5109555,136.55733755282503,0.0,0.0
16144,199800,0.25114873,10,0.0,9132,204020,0.41874275,0.6698915,767,1332.4664244651794,0.41874275,27.2635349024655,0.0,0.0
16146,199820,0.011573076,10,0.0,9143,204130,0.7220038,0.7335769,768,1334.2344179153442,0.7220038,70.87511068152784,0.0,0.0
16152,199880,0.2154809,10,0.0,9147,204170,0.45647386,0.67195475,768,1334.2344179153442,0.45647386,118.22833835546548,0.0,0.0
16158,199940,0.01487571,10,0.0,9157,204270,0.76879567,0.7836714,769,1336.2022471427917,0.76879567,15.62543982946631,0.0,0.0
16158,199940,0.21880198,10,0.0,9169,204390,0.44847035,0.6672723,770,1338.0548915863037,0.44847035,103.12433769420466,0.0,0.0
16163,199990,0.25571093,10,0.0,9172,204420,0.41104427,0.6667552,770,1338.0548915863037,0.41104427,33.77208634205729,0.0,0.0
16165,200010,0.015505433,10,0.0,9182,204520,0.7539929,0.76949835,771,1340.0488183498383,0.7539929,57.46094199523248,0.0,0.0
16171,200070,0.23480621,10,0.0,9188,204580,0.49594757,0.7307538,771,1340.0488183498383,0.49594757,130.24332683302487,0.0,0.0
16176,200120,0.2701097,10,0.0,9196,204660,0.420806,0.6909157,772,1341.9412536621094,0.420806,18.841252614404922,0.0,0.0
16176,200120,0.018472135,10,0.0,9205,204750,0.75562507,0.7740972,772,1341.9412536621094,0.75562507,126.13954943115006,0.0,0.0
16183,200190,-0.016358554,10,0.0,9210,204800,0.7433756,0.72701705,773,1343.8013911247253,0.72701705,29.025300837133084,0.0,0.0
16183,200190,0.27613953,10,0.0,9221,204910,0.4198341,0.69597363,773,1343.8013911247253,0.4198341,23.283230461184385,0.0,0.0
16191,200270,0.2551873,10,0.0,9231,205010,0.45890293,0.7140902,774,1345.6054637432098,0.45890293,134.35057384742032,0.0,0.0
16197,200330,0.22522801,10,0.0,9236,205060,0.45105475,0.67628276,775,1347.2683370113373,0.45105475,119.18243479397482,0.0,0.0
16199,200350,0.29374883,10,0.0,9247,205170,0.34142545,0.6351743,776,1348.9479417800903,0.34142545,20.03392241406075,0.0,0.0
16202,200380,0.0040650964,10,0.0,9258,205280,0.7303871,0.7344522,776,1348.9479417800903,0.73005414,130.2089587453162,0.0,0.0
16208,200440,-0.013450623,10,0.0,9262,205320,0.7437114,0.7302608,777,1350.700097322464,0.7302608,90.67628275805413,0.0,0.0
16208,200440,0.21588546,10,0.0,9273,205430,0.44836038,0.66424584,777,1350.700097322464,0.44836038,17.31989686447523,0.0,0.0
16215,200510,0.07117921,10,0.0,9282,205520,0.6044638,0.675643,778,1352.4049677848816,0.6044638,116.53272209488088,0.0,0.0
16215,200510,0.20711228,10,0.0,9288,205580,0.48397943,0.6910917,779,1354.2937343120575,0.48397943,20.476770509338614,0.0,0.0
16222,200580,-0.019549072,10,0.0,9298,205680,0.7327946,0.7132455,779,1354.2937343120575,0.7132455,136.42852496129277,0.0,0.0
16228,200640,0.011932671,10,0.0,9303,205730,0.70051306,0.71244574,780,1356.3786118030548,0.70051306,73.85261185817241,0.0,0.0
16228,200640,-0.0042856336,10,0.0,9314,205840,0.70894855,0.7046629,780,1356.3786118030548,0.7046629,21.19618900536234,0.0,0.0
16235,200710,0.00088226795,10,0.0,9326,205960,0.6944115,0.6952938,781,1358.0846009254456,0.69316626,78.51766987528688,0.0,0.0
16240,200760,0.0060880184,10,0.0,9331,206010,0.691474,0.69756204,782,1359.7893953323364,0.691474,151.62911762154033,0.0,0.0
16240,200760,-0.00930953,10,0.0,9340,206100,0.70092535,0.6916158,783,1361.4886467456818,0.6916158,16.389717194318173,0.0,0.0
16247,200830,-0.01835084,10,0.0,9347,206170,0.712358,0.69400716,783,1361.4886467456818,0.69400716,111.68935885794325,0.0,0.0
16247,200830,0.2151306,10,0.0,9354,206240,0.47835234,0.69348294,784,1363.6691596508026,0.47835234,25.21459406784603,0.0,0.0
16255,200910,-0.0021536946,10,0.0,9364,206340,0.7258604,0.7237067,784,1363.6691596508026,0.7231596,112.3045122042648,0.0,0.0
16255,200910,0.2101838,10,0.0,9368,206380,0.5061587,0.7163425,785,1365.774873971939,0.5061587,17.65259401513535,0.0,0.0
16260,200960,-0.034672618,10,0.0,9376,206460,0.7520748,0.71740216,785,1365.774873971939,0.71740216,112.63505021751973,0.0,0.0
16260,200960,0.24084449,10,0.0,9381,206510,0.42456323,0.6654077,786,1367.9935829639435,0.42456323,17.187946033597253,0.0,0.0
16267,201030,-0.004574895,10,0.0,9392,206620,0.71650517,0.7119303,786,1367.9935829639435,0.7119303,121.22546186038984,0.0,0.0
16272,201080,0.006238401,10,0.0,9395,206650,0.7157603,0.7219987,787,1369.9888412952423,0.7157603,31.924203398912493,0.0,0.0
16272,201080,-0.0054080486,10,0.0,9405,206750,0.7312376,0.72582954,787,1369.9888412952423,0.72582954,117.68859956788911,0.0,0.0
16280,201160,0.010912418,10,0.0,9408,206780,0.75341016,0.7643226,788,1371.8472876548767,0.75341016,78.03457905498304,0.0,0.0
16287,201230,-0.00053453445,10,0.0,9419,206890,0.7213499,0.72081536,789,1373.5450730323792,0.7194469,19.389626977827437,0.0,0.0
16287,201230,0.2970182,10,0.0,9431,207010,0.34976187,0.6467801,789,1373.5450730323792,0.34976187,130.90305324690323,0.0,0.0
16292,201280,0.0033085942,10,0.0,9435,207050,0.6777251,0.6810337,790,1375.3839824199677,0.67742664,59.24760710128714,0.0,0.0
16299,201350,0.002760291,10,0.0,9445,207150,0.6945823,0.6973426,791,1377.10262799263,0.6945823,16.565574223717782,0.0,0.0
16299,201350,0.0044612885,10,0.0,9457,207270,0.7082212,0.7126825,792,1378.829889535904,0.70796764,126.74293657268909,0.0,0.0
16304,201400,0.016745448,10,0.0,9460,207300,0.7277456,0.74449104,792,1378.829889535904,0.7277456,119.27258663982232,0.0,0.0
16311,201470,0.008174658,10,0.0,9470,207400,0.6884315,0.69660616,793,1380.530822277069,0.6884315,19.897276016506805,0.0,0.0
16311,201470,0.017174661,10,0.0,9478,207480,0.7287136,0.74588823,793,1380.530822277069,0.7287136,141.0362081024372,0.0,0.0
16318,201540,-0.0041067004,10,0.0,9484,207540,0.6749003,0.6707936,794,1382.3180468082428,0.6707936,58.832991778846626,0.0,0.0
16324,201600,0.014906645,10,0.0,9497,207670,0.7471532,0.76205987,795,1383.9882810115814,0.7471532,16.076030972287914,0.0,0.0
16325,201610,0.21907648,10,0.0,9508,207780,0.44991407,0.66899055,796,1385.685729265213,0.44991407,73.60416673978584,0.0,0.0
16331,201670,0.010956824,10,0.0,9515,207850,0.70187634,0.71283317,796,1385.685729265213,0.70187634,125.67202996254682,0.0,0.0
16336,201720,0.26890245,10,0.0,9522,207920,0.38403317,0.6529356,797,1387.3227071762085,0.38403317,21.89892868013957,0.0,0.0
16336,201720,0.004034996,10,0.0,9532,208020,0.7334622,0.7374972,797,1387.3227071762085,0.7331531,113.98959111847917,0.0,0.0
16336,201720,0.015916646,10,0.0,9535,208050,0.72465044,0.7405671,797,1387.3227071762085,0.72465044,22.52155474451379,0.0,0.0
16351,201870,0.009654462,10,0.0,9546,208160,0.69011116,0.6997656,799,1390.8003962039948,0.69011116,20.248711857189825,0.0,0.0
16351,201870,-0.00807929,10,0.0,9558,208280,0.69328743,0.68520814,799,1390.8003962039948,0.68520814,135.51038869988597,0.0,0.0
16356,201920,0.1957407,10,0.0,9563,208330,0.5375049,0.7332456,800,1392.494840145111,0.5375049,63.40921528846532,0.0,0.0
16363,201990,0.004005313,10,0.0,9574,208440,0.67394596,0.6779513,801,1394.2785184383392,0.67361605,20.185108185108184,0.0,0.0
16364,202000,0.016872823,10,0.0,9586,208560,0.7328283,0.74970114,802,1395.9105303287506,0.7328283,85.25805258215199,0.0,0.0
16369,202050,-0.004721582,10,0.0,9592,208620,0.71084785,0.7061263,802,1395.9105303287506,0.7061263,145.04630494172977,0.0,0.0
16375,202110,-0.005382836,10,0.0,9600,208700,0.6835638,0.678181,803,1397.605123758316,0.678181,26.027473935628556,0.0,0.0
16375,202110,0.007798612,10,0.0,9611,208810,0.69169384,0.69949245,804,1399.315477848053,0.69169384,108.49152358239223,0.0,0.0
16382,202180,-0.0009018183,10,0.0,9616,208860,0.7117937,0.7108919,804,1399.315477848053,0.70964444,126.04326751150204,0.0,0.0
16388,202240,-0.024267256,10,0.0,9626,208960,0.6993765,0.67510927,805,1400.946804523468,0.67510927,20.332697154452823,0.0,0.0
16388,202240,0.017943442,10,0.0,9637,209070,0.75049263,0.7684361,805,1400.946804523468,0.75049263,112.68165039519002,0.0,0.0
16395,202310,0.011524618,10,0.0,9643,209130,0.7009368,0.7124614,806,1402.6783640384674,0.7009368,149.60368952885744,0.0,0.0
16395,202310,0.013224542,10,0.0,9651,209210,0.74595624,0.7591808,807,1404.3550038337708,0.74595624,17.77459849015857,0.0,0.0
16400,202360,0.009086072,10,0.0,9662,209320,0.70898944,0.7180755,807,1404.3550038337708,0.70898944,107.26434371203887,0.0,0.0
16407,202430,0.0010697246,10,0.0,9666,209360,0.7264587,0.72752845,808,1406.0387382507324,0.72526443,94.58240407707659,0.0,0.0
16407,202430,0.00015062094,10,0.0,9675,209450,0.6659892,0.66613984,808,1406.0387382507324,0.6648144,24.864063776384288,0.0,0.0
16414,202500,-0.017291903,10,0.0,9686,209560,0.7030382,0.6857463,809,1407.7883822917938,0.6857463,155.02822018769103,0.0,0.0
16414,202500,0.009787321,10,0.0,9690,209600,0.69819933,0.70798665,810,1409.5020701885223,0.69819933,24.053066601061722,0.0,0.0
16428,202640,-0.0009278059,10,0.0,9701,209710,0.7487923,0.7478645,811,1411.2582504749298,0.74666786,16.63834571135475,0.0,0.0
16429,202650,0.2148495,10,0.0,9713,209830,0.4510062,0.6658557,812,1412.9789128303528,0.4510062,68.94568742613204,0.0,0.0
16433,202690,-0.0033783317,10,0.0,9719,209890,0.7335489,0.73017055,812,1412.9789128303528,0.73017055,137.05756065680907,0.0,0.0
16439,202750,0.00910151,10,0.0,9727,209970,0.7069245,0.716026,813,1414.688372850418,0.7069245,20.970628748278198,0.0,0.0
16440,202760,0.1860528,10,0.0,9738,210080,0.46171862,0.6477714,814,1416.3615698814392,0.46171862,61.23670490398331,0.0,0.0
16446,202820,-0.003023088,10,0.0,9744,210140,0.6851315,0.6821084,814,1416.3615698814392,0.6818781,122.34783471112952,0.0,0.0
16452,202880,0.018040717,10,0.0,9752,210220,0.7309416,0.7489823,815,1417.9870331287384,0.7309416,16.08911048704583,0.0,0.0
16452,202880,0.008087158,10,0.0,9763,210330,0.72443116,0.7325183,816,1419.9104619026184,0.72443116,111.03914944987451,0.0,0.0
16460,202960,0.12528402,10,0.0,9771,210410,0.5360748,0.66135883,816,1419.9104619026184,0.5360748,144.9099992399168,0.0,0.0
16464,203000,0.0101597905,10,0.0,9779,210490,0.70712256,0.71728235,817,1421.5893738269806,0.70712256,15.121191495252708,0.0,0.0
16464,203000,-0.001339376,10,0.0,9790,210600,0.70776963,0.70643026,818,1423.3191578388214,0.7055083,116.31039369074327,0.0,0.0
16471,203070,0.012666941,10,0.0,9793,210630,0.7320443,0.7447112,818,1423.3191578388214,0.7320443,62.58884763689758,0.0,0.0
16478,203140,0.296565,10,0.0,9803,210730,0.3442127,0.6407777,819,1425.11115193367,0.3442127,24.74267477598117,0.0,0.0
16478,203140,-0.0031428337,10,0.0,9813,210830,0.73771924,0.7345764,819,1425.11115193367,0.73429924,155.07292779685957,0.0,0.0
16483,203190,-0.00017428398,10,0.0,9818,210880,0.67196244,0.67178816,820,1426.8082325458527,0.67024446,23.52647125143454,0.0,0.0
16492,203280,0.26035777,10,0.0,9828,210980,0.423758,0.68411577,821,1428.6047790050507,0.423758,26.350914204902775,0.0,0.0
16492,203280,0.25722077,10,0.0,9838,211080,0.39979115,0.6570119,821,1428.6047790050507,0.39979115,127.64473876418172,0.0,0.0
16497,203330,0.005458057,10,0.0,9842,211120,0.68495315,0.6904112,822,1430.3038914203644,0.68495315,22.95214053965907,0.0,0.0
16503,203390,0.0028992295,10,0.0,9854,211240,0.71760756,0.7205068,823,1432.1266605854034,0.71760756,20.84779873838704,0.0,0.0
16503,203390,0.00048309565,10,0.0,9862,211320,0.7244357,0.7249188,823,1432.1266605854034,0.7230013,133.60123844531793,0.0,0.0
16510,203460,0.01639402,10,0.0,9869,211390,0.72000957,0.7364036,824,1433.9399268627167,0.72000957,90.95274443133717,0.0,0.0
16515,203510,0.23569575,10,0.0,9880,211500,0.4865239,0.72221965,825,1435.5659489631653,0.4865239,14.309341166396296,0.0,0.0
16516,203520,0.2800825,10,0.0,9891,211610,0.3794752,0.6595577,826,1437.248613834381,0.3794752,66.52398512280034,0.0,0.0
16522,203580,0.004396558,10,0.0,9897,211670,0.739353,0.74374956,826,1437.248613834381,0.7391094,134.46212636087353,0.0,0.0
16528,203640,-0.003881514,10,0.0,9905,211750,0.69777834,0.69389683,827,1438.954187631607,0.69389683,19.46330824416004,0.0,0.0
16528,203640,0.009697676,10,0.0,9914,211840,0.7070253,0.71672297,827,1438.954187631607,0.7070253,130.12574187083302,0.0,0.0
16535,203710,0.0048294663,10,0.0,9918,211880,0.6571718,0.66200125,828,1440.6714107990265,0.6571718,25.817408930058605,0.0,0.0
16536,203720,0.05839038,10,0.0,9929,211990,0.6360951,0.6944855,829,1442.460987329483,0.6360951,56.125506484608756,0.0,0.0
16542,203780,-0.015614092,10,0.0,9937,212070,0.6785376,0.6629235,829,1442.460987329483,0.6629235,145.88071620361998,0.0,0.0
16547,203830,0.012946308,10,0.0,9944,212140,0.7408048,0.7537511,830,1444.142028093338,0.7408048,16.434793784540346,0.0,0.0
16547,203830,0.015205264,10,0.0,9953,212230,0.7187825,0.73398775,831,1445.8660171031952,0.7187825,107.64424026998935,0.0,0.0
16556,203920,0.0132572055,10,0.0,9959,212290,0.74868685,0.76194406,831,1445.8660171031952,0.74868685,143.78186779471605,0.0,0.0
16561,203970,0.26302087,10,0.0,9969,212390,0.42536807,0.68838894,832,1447.5591113567352,0.42536807,19.446442472328847,0.0,0.0
16567,204030,0.24318784,10,0.0,9981,212510,0.43684393,0.6800318,833,1449.2820596694946,0.43684393,23.09473440777918,0.0,0.0
16567,204030,0.119891346,10,0.0,9990,212600,0.56232536,0.6822167,833,1449.2820596694946,0.56232536,128.1771980918445,0.0,0.0
16574,204100,0.007803917,10,0.0,9996,212660,0.73734534,0.74514925,834,1450.959501504898,0.73734534,81.42192680710963,0.0,0.0
16579,204150,0.17322707,10,0.0,10007,212770,0.518802,0.69202906,835,1452.6610679626465,0.518802,24.529728882510295,0.0,0.0
16579,204150,0.0027300715,10,0.0,10013,212830,0.713613,0.71634305,835,1452.6610679626465,0.7129965,143.46171211229836,0.0,0.0
16588,204240,0.0013410449,10,0.0,10020,212900,0.7130145,0.7143555,836,1454.450569152832,0.71193045,130.6282720882502,0.0,0.0
16592,204280,0.26100603,10,0.0,10032,213020,0.4014202,0.66242623,837,1456.1021528244019,0.4014202,19.006374876064218,0.0,0.0
16592,204280,-0.0011954308,10,0.0,10042,213120,0.71831673,0.7171213,837,1456.1021528244019,0.71609074,138.26935185582,0.0,0.0
16599,204350,0.24516445,10,0.0,10046,213160,0.40947413,0.6546386,838,1457.7950558662415,0.40947413,69.21670652032206,0.0,0.0
16606,204420,-0.0071124434,10,0.0,10056,213260,0.7146532,0.70754075,839,1459.52414560318,0.70754075,28.614377238960486,0.0,0.0
16606,204420,0.017015457,10,0.0,10066,213360,0.7284221,0.74543756,839,1459.52414560318,0.7284221,136.43429411592496,0.0,0.0
16611,204470,0.010882437,10,0.0,10071,213410,0.68302304,0.6939055,840,1461.1699843406677,0.68302304,24.358509906179492,0.0,0.0
16619,204550,0.01823014,10,0.0,10082,213520,0.7521294,0.7703595,841,1462.8751537799835,0.7521294,21.507232910962713,0.0,0.0
16619,204550,-0.0011184216,10,0.0,10093,213630,0.68724066,0.68612224,841,1462.8751537799835,0.68612224,106.84056080860776,0.0,0.0
16625,204610,0.22045094,10,0.0,10097,213670,0.46951163,0.68996257,842,1464.5635340213776,0.46951163,129.2444033587551,0.0,0.0
16631,204670,0.0014791489,10,0.0,10107,213770,0.69373673,0.6952159,843,1466.2830593585968,0.69261414,24.487924778360643,0.0,0.0
16631,204670,0.005012095,10,0.0,10116,213860,0.7131265,0.7181386,843,1466.2830593585968,0.71299875,138.06271951335924,0.0,0.0
16638,204740,0.23297033,10,0.0,10122,213920,0.44718644,0.68015677,844,1467.954393863678,0.44718644,127.60279890477639,0.0,0.0
16643,204790,0.012004495,10,0.0,10133,214030,0.73054886,0.74255335,845,1469.6169846057892,0.73054886,24.06715822694018,0.0,0.0
16643,204790,0.28856683,10,0.0,10139,214090,0.35170966,0.6402765,845,1469.6169846057892,0.35170966,131.0658562879865,0.0,0.0
16652,204880,-0.0187971,10,0.0,10145,214150,0.727166,0.7083689,846,1471.3656871318817,0.7083689,82.17921764942152,0.0,0.0
16652,204880,0.0068053007,10,0.0,10156,214260,0.70150566,0.70831096,846,1471.3656871318817,0.70150566,74.87208048611558,0.0,0.0
16657,204930,0.1114952,10,0.0,10161,214310,0.58848643,0.69998163,847,1473.1433670520782,0.58848643,113.5901248209203,0.0,0.0
16663,204990,-0.0094617605,10,0.0,10170,214400,0.7380452,0.72858346,848,1474.9136860370636,0.72858346,23.086852896656115,0.0,0.0
16663,204990,0.011890948,10,0.0,10179,214490,0.74331546,0.7552064,848,1474.9136860370636,0.74331546,129.81763708169808,0.0,0.0
16670,205060,0.0041216016,10,0.0,10185,214550,0.69618183,0.70030344,849,1476.6142897605896,0.69581383,109.0049664614417,0.0,0.0
16675,205110,-0.012857914,10,0.0,10196,214660,0.68978316,0.67692524,850,1478.2391531467438,0.67692524,21.479477421809666,0.0,0.0
16675,205110,0.26053277,10,0.0,10204,214740,0.39674667,0.65727943,850,1478.2391531467438,0.39674667,127.65211992464384,0.0,0.0
16683,205190,0.2736186,10,0.0,10209,214790,0.3717138,0.6453324,851,1480.0747652053833,0.3717138,22.14139375092051,0.0,0.0
16683,205190,-0.007974684,10,0.0,10218,214880,0.68031543,0.67234075,851,1480.0747652053833,0.67234075,119.05320673847945,0.0,0.0
16690,205260,0.13451773,10,0.0,10223,214930,0.5353072,0.66982496,852,1481.9515972137451,0.5353072,50.57375467839642,0.0,0.0
16695,205310,-0.0073806047,10,0.0,10234,215040,0.7058132,0.6984326,853,1483.7163031101227,0.6984326,16.102260756329105,0.0,0.0
16695,205310,-0.0054908395,10,0.0,10243,215130,0.7217549,0.71626407,853,1483.7163031101227,0.71626407,129.08092670556664,0.0,0.0
16702,205380,0.0060631633,10,0.0,10249,215190,0.7048541,0.71091723,854,1485.5119559764862,0.7048541,114.03328856432871,0.0,0.0
16707,205430,-0.004200518,10,0.0,10260,215300,0.68432164,0.6801211,855,1487.139193058014,0.6801211,23.206208234342476,0.0,0.0
16707,205430,0.009473562,10,0.0,10269,215390,0.7214006,0.7308742,855,1487.139193058014,0.7214006,131.43385382882246,0.0,0.0
16714,205500,0.019127905,10,0.0,10273,215430,0.71989757,0.7390255,856,1488.8463034629822,0.71989757,24.165999278644772,0.0,0.0
16714,205500,0.00041735172,10,0.0,10283,215530,0.68555844,0.6859758,857,1490.7977781295776,0.6849366,96.49553792248247,0.0,0.0
16721,205570,0.002917707,10,0.0,10285,215550,0.6891625,0.6920802,857,1490.7977781295776,0.6891625,18.982427366023828,0.0,0.0
16721,205570,-0.007622957,10,0.0,10294,215640,0.6627782,0.65515524,857,1490.7977781295776,0.65515524,99.41794702834414,0.0,0.0
16728,205640,0.013612807,10,0.0,10299,215690,0.69781953,0.71143234,858,1492.969850063324,0.69781953,24.766167403378205,0.0,0.0
16728,205640,0.010957122,10,0.0,10309,215790,0.7087547,0.71971184,859,1495.1580860614777,0.7087547,89.92316136114161,0.0,0.0
16735,205710,0.1463905,10,0.0,10315,215850,0.5111882,0.6575787,859,1495.1580860614777,0.5111882,117.09424091077865,0.0,0.0
16739,205750,-0.009938121,10,0.0,10325,215950,0.6877073,0.6777692,860,1496.9954533576965,0.6777692,19.327093570636006,0.0,0.0
16739,205750,0.27694646,10,0.0,10332,216020,0.37534127,0.6522877,860,1496.9954533576965,0.37534127,97.2517813129662,0.0,0.0
16746,205820,-0.009809196,10,0.0,10339,216090,0.67220896,0.66239977,861,1498.9827258586884,0.66239977,17.257271886427898,0.0,0.0
16748,205840,-0.0035556555,10,0.0,10346,216160,0.69330585,0.6897502,861,1498.9827258586884,0.68966854,118.61115667188888,0.0,0.0
16755,205910,-0.005861044,10,0.0,10352,216220,0.73774666,0.7318856,862,1501.21657538414,0.7318856,39.10368250931605,0.0,0.0
16755,205910,-0.007830799,10,0.0,10362,216320,0.7239899,0.7161591,862,1501.21657538414,0.7161591,108.6353958921495,0.0,0.0
16760,205960,0.006456375,10,0.0,10367,216370,0.6995933,0.7060497,863,1503.4874284267426,0.6995933,14.80420615110067,0.0,0.0
16760,205960,0.0919013,10,0.0,10375,216450,0.57530695,0.66720825,863,1503.4874284267426,0.57530695,83.47754091476315,0.0,0.0
16766,206020,-0.0044465065,10,0.0,10381,216510,0.66631293,0.6618664,864,1506.2820796966553,0.6618664,15.08403326590245,0.0,0.0
16766,206020,0.0013851523,10,0.0,10390,216600,0.7352363,0.73662144,864,1506.2820796966553,0.73410636,132.80006079104345,0.0,0.0
16771,206070,0.08051962,10,0.0,10395,216650,0.6058842,0.6864038,865,1508.4586763381958,0.6058842,14.887276276675983,0.0,0.0
16771,206070,-0.001057744,10,0.0,10400,216700,0.6652833,0.6642256,865,1508.4586763381958,0.6635841,101.1102030976918,0.0,0.0
16779,206150,-0.0006132722,10,0.0,10408,216780,0.73105097,0.7304377,866,1510.7169592380524,0.7290828,16.342976575206144,0.0,0.0
16779,206150,0.2609616,10,0.0,10415,216850,0.4137019,0.6746635,866,1510.7169592380524,0.4137019,85.76010992201589,0.0,0.0
16783,206190,0.0111736655,10,0.0,10421,216910,0.734598,0.74577165,867,1513.1778643131256,0.734598,22.63247184366272,0.0,0.0
16786,206220,0.29464483,10,0.0,10423,216930,0.354935,0.6495798,867,1513.1778643131256,0.354935,23.930379851555674,0.0,0.0
16786,206220,0.0056678653,10,0.0,10430,217000,0.7044333,0.7101012,867,1513.1778643131256,0.70438987,80.63767202033291,0.0,0.0
16792,206280,0.009106159,10,0.0,10437,217070,0.7389467,0.74805284,868,1516.6927962303162,0.7389467,11.734655965048145,0.0,0.0
16792,206280,0.010052264,10,0.0,10444,217140,0.68831444,0.6983667,868,1516.6927962303162,0.68831444,84.15115614184681,0.0,0.0
16792,206280,0.0063245296,10,0.0,10452,217220,0.6907105,0.697035,869,1519.7662620544434,0.6907105,13.704605152022198,0.0,0.0
16799,206350,0.0040144324,10,0.0,10454,217240,0.7144245,0.7184389,869,1519.7662620544434,0.714107,23.821838737727163,0.0,0.0
16801,206370,-0.004518926,10,0.0,10463,217330,0.6975994,0.6930805,869,1519.7662620544434,0.6930805,106.99127347119939,0.0,0.0
16805,206410,-0.006387174,10,0.0,10466,217360,0.74855745,0.7421703,870,1522.8796281814575,0.7421703,13.250906076398541,0.0,0.0
16805,206410,0.008388042,10,0.0,10472,217420,0.6697409,0.67812896,870,1522.8796281814575,0.6697409,80.11077940954574,0.0,0.0
16805,206410,0.004809737,10,0.0,10480,217500,0.6893896,0.6941993,871,1525.9887685775757,0.68918467,76.85070532987157,0.0,0.0
16810,206460,0.013070345,10,0.0,10482,217520,0.7304928,0.7435631,871,1525.9887685775757,0.7304928,10.467815547198215,0.0,0.0
16812,206480,0.049336314,10,0.0,10485,217550,0.6404264,0.6897627,871,1525.9887685775757,0.6404264,70.2644694277898,0.0,0.0
16812,206480,0.011746585,10,0.0,10493,217630,0.7262029,0.7379495,871,1525.9887685775757,0.7262029,78.07481534429354,0.0,0.0
16817,206530,0.2717024,10,0.0,10500,217700,0.38429528,0.6559977,872,1529.954823255539,0.38429528,12.419229045032283,0.0,0.0
16820,206560,0.007352054,10,0.0,10502,217720,0.69893986,0.7062919,872,1529.954823255539,0.69893986,36.81581227227682,0.0,0.0
16820,206560,0.0035812855,10,0.0,10509,217790,0.6828552,0.6864365,872,1529.954823255539,0.6824482,64.75809340299651,0.0,0.0
16820,206560,0.0083341,10,0.0,10515,217850,0.69263995,0.70097405,872,1529.954823255539,0.69263995,66.163624002057,0.0,0.0
16824,206600,0.014086068,10,0.0,10519,217890,0.7585354,0.77262145,873,1534.6602084636688,0.7585354,10.996365222753328,0.0,0.0
16827,206630,-0.0019654036,10,0.0,10521,217910,0.67762434,0.67565894,873,1534.6602084636688,0.67504054,23.990468569559024,0.0,0.0
16827,206630,0.020685077,10,0.0,10529,217990,0.71494323,0.7356283,873,1534.6602084636688,0.71494323,85.67759858644251,0.0,0.0
16827,206630,0.0031372309,10,0.0,10536,218060,0.68820184,0.6913391,874,1538.901433467865,0.6879782,72.86711488681573,0.0,0.0
16832,206680,0.006475985,10,0.0,10538,218080,0.7084667,0.7149427,874,1538.901433467865,0.7084667,10.271997170874803,0.0,0.0
16832,206680,0.009187043,10,0.0,10544,218140,0.7102925,0.71947956,874,1538.901433467865,0.7102925,69.7627506553298,0.0,0.0
16832,206680,0.008808374,10,0.0,10551,218210,0.6685297,0.67733806,874,1538.901433467865,0.6685297,56.1834711474448,0.0,0.0
16837,206730,0.12452185,10,0.0,10557,218270,0.53026557,0.6547874,875,1543.2976853847504,0.53026557,12.410160089521838,0.0,0.0
16837,206730,0.17434472,10,0.0,10563,218330,0.4751479,0.6494926,875,1543.2976853847504,0.4751479,91.45967256583137,0.0,0.0
16843,206790,0.017182589,10,0.0,10572,218420,0.7447144,0.76189697,876,1546.3028950691223,0.7447144,18.248473639305946,0.0,0.0
16845,206810,0.0021647215,10,0.0,10574,218440,0.70536524,0.70752996,876,1546.3028950691223,0.704521,20.438205466555697,0.0,0.0
16845,206810,0.009579301,10,0.0,10584,218540,0.7325268,0.7421061,877,1549.0602798461914,0.7325268,67.35024728627401,0.0,0.0
16851,206870,0.0023232698,10,0.0,10587,218570,0.68236345,0.6846867,877,1549.0602798461914,0.6816365,24.791653490528844,0.0,0.0
16851,206870,0.008827746,10,0.0,10595,218650,0.7304233,0.739251,877,1549.0602798461914,0.7304233,88.8640673233176,0.0,0.0
16857,206930,0.28136662,10,0.0,10602,218720,0.4052259,0.6865925,878,1551.9590153694153,0.4052259,9.704984307479007,0.0,0.0
16857,206930,0.28073606,10,0.0,10609,218790,0.37058297,0.651319,878,1551.9590153694153,0.37058297,91.34573837898111,0.0,0.0
16857,206930,-0.00031125546,10,0.0,10616,218860,0.668286,0.66797477,879,1555.211375951767,0.6660038,70.08881617975125,0.0,0.0
16864,207000,0.12616438,10,0.0,10618,218880,0.52551645,0.6516808,879,1555.211375951767,0.52551645,15.07347878150143,0.0,0.0
16864,207000,0.26745072,10,0.0,10624,218940,0.38796344,0.65541416,879,1555.211375951767,0.38796344,71.48951256344789,0.0,0.0
16864,207000,0.0102828145,10,0.0,10631,219010,0.69374293,0.70402575,879,1555.211375951767,0.69374293,87.71116385574922,0.0,0.0
16866,207020,0.014551997,10,0.0,10639,219090,0.6962447,0.7107967,880,1559.8785037994385,0.6962447,34.50102985595178,0.0,0.0
16869,207050,0.23011017,10,0.0,10641,219110,0.44337428,0.67348444,880,1559.8785037994385,0.44337428,28.716131421893195,0.0,0.0
16869,207050,0.24901983,10,0.0,10648,219180,0.42478457,0.6738044,880,1559.8785037994385,0.42478457,64.1268132782113,0.0,0.0
16869,207050,0.22644341,10,0.0,10656,219260,0.46232206,0.68876547,880,1559.8785037994385,0.46232206,86.65612984667894,0.0,0.0
16875,207110,0.012808025,10,0.0,10659,219290,0.7269917,0.73979974,881,1563.6918332576752,0.7269917,10.211290716822527,0.0,0.0
16877,207130,0.011543214,10,0.0,10663,219330,0.7148908,0.726434,881,1563.6918332576752,0.7148908,81.72144243283896,0.0,0.0
16877,207130,0.0011982322,10,0.0,10672,219420,0.67694944,0.6781477,882,1567.0241701602936,0.6757609,77.8974777087098,0.0,0.0
16882,207180,0.006742418,10,0.0,10674,219440,0.7407734,0.7475158,882,1567.0241701602936,0.7407734,12.02196931610443,0.0,0.0
16884,207200,0.20478642,10,0.0,10680,219500,0.50177836,0.7065648,882,1567.0241701602936,0.50177836,89.04158794183208,0.0,0.0
16888,207240,0.014114201,10,0.0,10688,219580,0.7261718,0.740286,883,1570.0639081001282,0.7261718,17.260709176895865,0.0,0.0
16888,207240,0.23413059,10,0.0,10691,219610,0.4388595,0.6729901,883,1570.0639081001282,0.4388595,95.25581395348837,0.0,0.0
16888,207240,-0.010104358,10,0.0,10700,219700,0.7273177,0.71721333,883,1570.0639081001282,0.71721333,104.33047029881524,0.0,0.0
16895,207310,0.2024746,10,0.0,10704,219740,0.5116595,0.7141341,884,1573.0257692337036,0.5116595,13.701511630413975,0.0,0.0
16895,207310,0.013754249,10,0.0,10709,219790,0.74177724,0.7555315,884,1573.0257692337036,0.74177724,104.97175678550424,0.0,0.0
16895,207310,-0.004614949,10,0.0,10717,219870,0.7216003,0.71698534,884,1573.0257692337036,0.71698534,84.34746060953415,0.0,0.0
16901,207370,0.005592704,10,0.0,10720,219900,0.673542,0.6791347,885,1576.096388578415,0.673542,29.453223749627824,0.0,0.0
16901,207370,0.2001209,10,0.0,10728,219980,0.46109566,0.66121656,885,1576.096388578415,0.46109566,82.26561197531034,0.0,0.0
16907,207430,0.008835018,10,0.0,10734,220040,0.7073249,0.71615994,886,1578.9394328594208,0.7073249,15.026464580023918,0.0,0.0
16909,207450,0.0063921213,10,0.0,10736,220060,0.7040414,0.71043354,886,1578.9394328594208,0.7040414,34.846368065294406,0.0,0.0
16909,207450,0.0033324957,10,0.0,10745,220150,0.7352774,0.7386099,886,1578.9394328594208,0.7348524,74.76930865685264,0.0,0.0
16915,207510,0.013159752,10,0.0,10749,220190,0.73135334,0.7445131,887,1582.115952014923,0.73135334,15.65151520240077,0.0,0.0
16915,207510,-0.0027878284,10,0.0,10756,220260,0.6771032,0.6743154,887,1582.115952014923,0.67405003,71.82088887747327,0.0,0.0
16915,207510,0.004899144,10,0.0,10763,220330,0.679475,0.68437415,887,1582.115952014923,0.6794597,41.27281082501262,0.0,0.0
16921,207570,0.28056118,10,0.0,10765,220350,0.38497016,0.66553134,888,1585.342815876007,0.38497016,28.044252414746705,0.0,0.0
16922,207580,0.0033619404,10,0.0,10774,220440,0.7116304,0.71499234,888,1585.342815876007,0.7111523,93.96305373472707,0.0,0.0
16929,207650,0.22435454,10,0.0,10778,220480,0.48692134,0.7112759,889,1588.092434167862,0.48692134,25.858761224533833,0.0,0.0
16929,207650,0.011953235,10,0.0,10786,220560,0.70719826,0.7191515,889,1588.092434167862,0.70719826,83.7922326993767,0.0,0.0
16935,207710,-0.0012196302,10,0.0,10792,220620,0.7105276,0.70930797,890,1590.9263615608215,0.70827156,10.739815710540695,0.0,0.0
16935,207710,0.24321583,10,0.0,10799,220690,0.46292403,0.70613986,890,1590.9263615608215,0.46292403,77.93655896196177,0.0,0.0
16936,207720,0.26374254,10,0.0,10807,220770,0.39894345,0.662686,891,1594.26109457016,0.39894345,42.11288125008158,0.0,0.0
16941,207770,0.00025206804,10,0.0,10809,220790,0.69955504,0.6998071,891,1594.26109457016,0.69925445,24.317780319795638,0.0,0.0
16941,207770,0.0021509528,10,0.0,10818,220880,0.6646085,0.66675943,891,1594.26109457016,0.6637664,105.9697525530442,0.0,0.0
16947,207830,0.012619793,10,0.0,10823,220930,0.7135796,0.7261994,892,1596.8545575141907,0.7135796,25.602953465701304,0.0,0.0
16947,207830,0.0013765693,10,0.0,10832,221020,0.66664416,0.6680207,892,1596.8545575141907,0.6655577,102.97394903723635,0.0,0.0
16953,207890,0.009286463,10,0.0,10836,221060,0.7259875,0.73527396,893,1599.159595489502,0.7259875,19.838099918316846,0.0,0.0
16953,207890,0.012475908,10,0.0,10844,221140,0.71887934,0.73135525,893,1599.159595489502,0.71887934,115.19996484376072,0.0,0.0
16960,207960,-0.0047776103,10,0.0,10848,221180,0.6967703,0.6919927,894,1601.8050384521484,0.6919927,17.82006774873741,0.0,0.0
16960,207960,0.003077209,10,0.0,10858,221280,0.66807693,0.67115414,894,1601.8050384521484,0.6657987,97.18913432863489,0.0,0.0
16966,208020,-0.00042915344,10,0.0,10861,221310,0.67899233,0.6785632,895,1604.1135597229004,0.67711407,15.237043457664505,0.0,0.0
16966,208020,0.009571254,10,0.0,10871,221410,0.7320037,0.74157494,895,1604.1135597229004,0.7320037,111.82007710067343,0.0,0.0
16972,208080,0.01318413,10,0.0,10875,221450,0.6933094,0.70649356,896,1606.3601648807526,0.6933094,15.364431903392054,0.0,0.0
16972,208080,0.01290226,10,0.0,10885,221550,0.75681734,0.7697196,897,1608.4874770641327,0.75681734,129.79232875864523,0.0,0.0
16979,208150,0.25260094,10,0.0,10889,221590,0.40548596,0.6580869,897,1608.4874770641327,0.40548596,64.30811689307289,0.0,0.0
16979,208150,-0.00035327673,10,0.0,10899,221690,0.6711057,0.6707524,897,1608.4874770641327,0.66927326,123.1876081191021,0.0,0.0
16984,208200,0.004457593,10,0.0,10902,221720,0.66923326,0.67369086,898,1610.5574243068695,0.6690207,14.041160986612988,0.0,0.0
16986,208220,-0.00488919,10,0.0,10908,221780,0.703504,0.69861484,898,1610.5574243068695,0.69861484,88.932275156956,0.0,0.0
16993,208290,0.007051885,10,0.0,10914,221840,0.70194244,0.7089943,899,1613.5532276630402,0.70194244,13.366152496937543,0.0,0.0
16994,208300,0.2871179,10,0.0,10917,221870,0.3504216,0.6375395,899,1613.5532276630402,0.3504216,87.129927189256,0.0,0.0
16994,208300,0.11934239,10,0.0,10926,221960,0.5541775,0.6735199,899,1613.5532276630402,0.5541775,72.90435169541608,0.0,0.0
16999,208350,0.237427,10,0.0,10931,222010,0.412705,0.650132,900,1616.9644300937653,0.412705,12.727363760472231,0.0,0.0
17000,208360,0.005045414,10,0.0,10936,222060,0.6715656,0.676611,900,1616.9644300937653,0.67140007,84.86903314184889,0.0,0.0
17000,208360,0.27725166,10,0.0,10944,222140,0.37697762,0.6542293,901,1620.187814950943,0.37697762,68.9255201494757,0.0,0.0
17004,208400,0.28073284,10,0.0,10947,222170,0.37415233,0.6548852,901,1620.187814950943,0.37415233,28.68847626258792,0.0,0.0
17004,208400,0.265766,10,0.0,10957,222270,0.3977358,0.6635018,901,1620.187814950943,0.3977358,96.60021373033128,0.0,0.0
17011,208470,0.011207461,10,0.0,10960,222300,0.68877834,0.6999858,902,1622.7333841323853,0.68877834,16.478403227238548,0.0,0.0
17011,208470,0.007146001,10,0.0,10970,222400,0.7132134,0.7203594,902,1622.7333841323853,0.7132134,120.14861369319924,0.0,0.0
17017,208530,0.016043484,10,0.0,10973,222430,0.73479027,0.75083375,903,1624.8389644622803,0.73479027,13.5782902953663,0.0,0.0
17017,208530,0.008866847,10,0.0,10983,222530,0.73177516,0.740642,903,1624.8389644622803,0.73177516,101.63919489369127,0.0,0.0
17024,208600,0.006811142,10,0.0,10986,222560,0.69414574,0.7009569,904,1626.9963369369507,0.69414574,54.757928488247614,0.0,0.0
17024,208600,0.32788792,10,0.0,10996,222660,0.33379373,0.66168165,905,1629.0531842708588,0.33379373,96.21265262959896,0.0,0.0
17030,208660,0.0034050941,10,0.0,10999,222690,0.7470567,0.7504618,905,1629.0531842708588,0.7466362,23.71219976052075,0.0,0.0
17030,208660,0.14072841,10,0.0,11009,222790,0.5584913,0.6992197,906,1631.4013702869415,0.5584913,109.18344821841355,0.0,0.0
17037,208730,0.32552484,10,0.0,11012,222820,0.35073903,0.67626387,906,1631.4013702869415,0.35073903,14.05342124405646,0.0,0.0
17037,208730,0.012848258,10,0.0,11022,222920,0.72956675,0.742415,906,1631.4013702869415,0.72956675,90.89125045507342,0.0,0.0
17043,208790,0.28964704,10,0.0,11025,222950,0.3815021,0.67114913,907,1633.6577944755554,0.3815021,33.84981906105438,0.0,0.0
17043,208790,0.0041285157,10,0.0,11036,223060,0.6873586,0.69148713,908,1635.751749753952,0.6873586,81.97123202001251,0.0,0.0
17049,208850,0.012146473,10,0.0,11038,223080,0.7249743,0.73712075,908,1635.751749753952,0.7249743,21.385195216263398,0.0,0.0
17049,208850,0.0027367473,10,0.0,11048,223180,0.70623755,0.7089743,909,1637.9842545986176,0.70564055,101.83859485550845,0.0,0.0
17057,208930,0.33047262,10,0.0,11052,223220,0.34370068,0.6741733,909,1637.9842545986176,0.34370068,97.13961475840762,0.0,0.0
17059,208950,0.32751152,10,0.0,11063,223330,0.36249915,0.69001067,910,1639.9147810935974,0.36249915,62.64203582315138,0.0,0.0
17062,208980,0.17292768,10,0.0,11066,223360,0.5531978,0.7261255,910,1639.9147810935974,0.5531978,67.69395640399098,0.0,0.0
17069,209050,0.28522658,10,0.0,11076,223460,0.4146012,0.6998278,911,1642.0226879119873,0.4146012,20.206735475715135,0.0,0.0
17069,209050,0.33124086,10,0.0,11084,223540,0.34576574,0.6770066,911,1642.0226879119873,0.34576574,110.12949912301892,0.0,0.0
17075,209110,0.32763827,10,0.0,11090,223600,0.3555814,0.6832197,912,1643.9251067638397,0.3555814,20.055380204565353,0.0,0.0
17075,209110,0.019401789,10,0.0,11102,223720,0.72361547,0.74301726,913,1645.6797697544098,0.72361547,122.47430386843581,0.0,0.0
17081,209170,0.3317266,10,0.0,11105,223750,0.31352323,0.64524984,913,1645.6797697544098,0.31352323,85.71384196608479,0.0,0.0
17088,209240,0.103070796,10,0.0,11116,223860,0.6157406,0.7188114,914,1647.5007333755493,0.6157406,17.55973393530582,0.0,0.0
17088,209240,0.09946561,10,0.0,11127,223970,0.6649161,0.7643817,915,1649.2502553462982,0.6649161,103.95913319139338,0.0,0.0
17094,209300,0.29625008,10,0.0,11130,224000,0.4131306,0.7093807,915,1649.2502553462982,0.4131306,72.4493677117574,0.0,0.0
17101,209370,0.2909827,10,0.0,11141,224110,0.41458443,0.7055671,916,1651.116554737091,0.41458443,19.976452926809753,0.0,0.0
17101,209370,0.30372787,10,0.0,11151,224210,0.39058036,0.6943082,916,1651.116554737091,0.39058036,124.2200970824905,0.0,0.0
17107,209430,0.3166691,10,0.0,11155,224250,0.33756804,0.65423715,917,1652.8259258270264,0.33756804,101.85986419669138,0.0,0.0
17107,209430,0.3323914,10,0.0,11167,224370,0.35259667,0.6849881,918,1654.5784542560577,0.35259667,149.30333718964135,0.0,0.0
17113,209490,0.34975523,10,0.0,11173,224430,0.2961598,0.64591503,918,1654.5784542560577,0.2961598,137.63368597905128,0.0,0.0
17119,209550,0.316145,10,0.0,11182,224520,0.36313015,0.67927516,919,1656.4670689105988,0.36313015,21.0359531244201,0.0,0.0
17119,209550,0.23301211,10,0.0,11190,224600,0.4938207,0.7268328,919,1656.4670689105988,0.4938207,119.38393927059822,0.0,0.0
17126,209620,0.32994154,10,0.0,11195,224650,0.3662264,0.69616795,920,1658.2320985794067,0.3662264,22.853879810600077,0.0,0.0
17133,209690,0.31012693,10,0.0,11207,224770,0.3708907,0.68101764,921,1660.037589788437,0.3708907,33.33736574416658,0.0,0.0
17133,209690,0.31296307,10,0.0,11212,224820,0.36771774,0.6806808,921,1660.037589788437,0.36771774,94.33203188254556,0.0,0.0
17139,209750,0.2978488,10,0.0,11221,224910,0.38071176,0.67856055,922,1662.0880994796753,0.38071176,16.281724060695296,0.0,0.0
17139,209750,0.2978725,10,0.0,11231,225010,0.3784134,0.6762859,922,1662.0880994796753,0.3784134,114.92030961024727,0.0,0.0
17145,209810,0.31844994,10,0.0,11235,225050,0.3611878,0.67963773,923,1664.1455540657043,0.3611878,13.179149921603253,0.0,0.0
17145,209810,0.3367867,10,0.0,11245,225150,0.31961542,0.6564021,923,1664.1455540657043,0.31961542,104.12559705271939,0.0,0.0
17151,209870,0.3275981,10,0.0,11248,225180,0.3399461,0.6675442,924,1666.209771156311,0.3399461,27.946302213954283,0.0,0.0
17151,209870,0.27623016,10,0.0,11258,225280,0.47401065,0.7502408,924,1666.209771156311,0.47401065,109.39417649943142,0.0,0.0
17158,209940,0.30661413,10,0.0,11261,225310,0.3996229,0.706237,925,1668.2963869571686,0.3996229,14.899153822080622,0.0,0.0
17158,209940,0.32654065,10,0.0,11271,225410,0.37106115,0.6976018,926,1670.3786826133728,0.37106115,91.45807712100199,0.0,0.0
17165,210010,0.29730836,10,0.0,11274,225440,0.42285582,0.7201642,926,1670.3786826133728,0.42285582,21.283774252051852,0.0,0.0
17165,210010,0.27938062,10,0.0,11283,225530,0.44196224,0.72134286,926,1670.3786826133728,0.44196224,77.31222178188621,0.0,0.0
17171,210070,0.2948434,10,0.0,11287,225570,0.40389457,0.698738,927,1673.094269990921,0.40389457,13.647433661490085,0.0,0.0
17171,210070,0.29206774,10,0.0,11295,225650,0.4175441,0.70961183,927,1673.094269990921,0.4175441,88.53169200634072,0.0,0.0
17177,210130,0.27823284,10,0.0,11301,225710,0.49430546,0.7725383,928,1675.4722576141357,0.49430546,24.788137070708444,0.0,0.0
17177,210130,0.30052188,10,0.0,11311,225810,0.42050424,0.7210261,928,1675.4722576141357,0.42050424,102.415752422858,0.0,0.0
17183,210190,0.2998706,10,0.0,11314,225840,0.37312353,0.67299414,929,1677.7066631317139,0.37312353,13.009450243234895,0.0,0.0
17183,210190,0.34350204,10,0.0,11324,225940,0.31324512,0.65674716,929,1677.7066631317139,0.31324512,106.78806117590747,0.0,0.0
17190,210260,0.3128575,10,0.0,11328,225980,0.36760116,0.68045866,930,1679.8896329402924,0.36760116,19.719453048160123,0.0,0.0
17190,210260,0.278699,10,0.0,11338,226080,0.46653566,0.74523467,931,1682.1172044277191,0.46653566,94.35664857957869,0.0,0.0
17197,210330,0.29920298,10,0.0,11341,226110,0.38915557,0.68835855,931,1682.1172044277191,0.38915557,63.00677040849283,0.0,0.0
17197,210330,0.3342876,10,0.0,11351,226210,0.31942865,0.65371627,932,1684.3641800880432,0.31942865,101.68798549220789,0.0,0.0
17203,210390,0.30242473,10,0.0,11355,226250,0.43762326,0.740048,932,1684.3641800880432,0.43762326,69.63627066191168,0.0,0.0
17203,210390,0.33737376,10,0.0,11365,226350,0.32688835,0.6642621,933,1686.4561457633972,0.32688835,83.72248626184435,0.0,0.0
17209,210450,0.33245265,10,0.0,11367,226370,0.3394823,0.67193496,933,1686.4561457633972,0.3394823,27.907254029424916,0.0,0.0
17209,210450,0.2822647,10,0.0,11374,226440,0.4620391,0.7443038,933,1686.4561457633972,0.4620391,88.72270980215465,0.0,0.0
17215,210510,0.32234913,10,0.0,11381,226510,0.37618524,0.69853437,934,1689.2192633152008,0.37618524,13.651675756817287,0.0,0.0
17215,210510,0.33791146,10,0.0,11387,226570,0.31350812,0.6514196,934,1689.2192633152008,0.31350812,79.34170453126714,0.0,0.0
17215,210510,0.32085693,10,0.0,11396,226660,0.35964835,0.6805053,935,1692.1723415851593,0.35964835,24.72840813419584,0.0,0.0
17221,210570,0.33139735,10,0.0,11400,226700,0.36105525,0.6924526,935,1692.1723415851593,0.36105525,121.55359388856367,0.0,0.0
17221,210570,0.30245358,10,0.0,11410,226800,0.37542647,0.67788005,935,1692.1723415851593,0.37542647,18.08213886627947,0.0,0.0
17229,210650,0.28210592,10,0.0,11420,226900,0.42709005,0.709196,936,1694.4705095291138,0.42709005,115.51119777036034,0.0,0.0
17229,210650,0.3070199,10,0.0,11424,226940,0.37938362,0.6864035,937,1696.5285811424255,0.37938362,17.052886136122094,0.0,0.0
17235,210710,0.23971874,10,0.0,11433,227030,0.5656603,0.80537903,937,1696.5285811424255,0.5656603,108.27139715220916,0.0,0.0
17241,210770,0.3282184,10,0.0,11437,227070,0.3415553,0.6697737,938,1698.6220831871033,0.3415553,25.722363342217555,0.0,0.0
17241,210770,0.30965942,10,0.0,11447,227170,0.37345892,0.68311834,938,1698.6220831871033,0.37345892,94.0730639488983,0.0,0.0
17247,210830,0.31587738,10,0.0,11449,227190,0.37411475,0.68999213,939,1700.6022291183472,0.37411475,14.43283814232486,0.0,0.0
17247,210830,0.32871708,10,0.0,11458,227280,0.32705584,0.6557729,939,1700.6022291183472,0.32705584,104.42501935731234,0.0,0.0
17254,210900,0.30322117,10,0.0,11462,227320,0.38397282,0.687194,940,1702.9030504226685,0.38397282,13.383169315772042,0.0,0.0
17254,210900,0.29855448,10,0.0,11471,227410,0.4334622,0.7320167,940,1702.9030504226685,0.4334622,103.95320709824527,0.0,0.0
17262,210980,0.27778617,10,0.0,11475,227450,0.44471458,0.72250074,941,1705.2879691123962,0.44471458,33.2645513933379,0.0,0.0
17262,210980,0.28658935,10,0.0,11486,227560,0.43880668,0.72539604,942,1707.2935161590576,0.43880668,98.80667897930722,0.0,0.0
17267,211030,0.31714723,10,0.0,11490,227600,0.38148347,0.6986307,942,1707.2935161590576,0.38148347,44.38919539037754,0.0,0.0
17268,211040,0.3458819,10,0.0,11501,227710,0.30347976,0.64936167,943,1709.4647147655487,0.30347976,58.27558993853302,0.0,0.0
17273,211090,0.29418606,10,0.0,11506,227760,0.40213305,0.6963191,943,1709.4647147655487,0.40213305,123.66012146942626,0.0,0.0
17279,211150,0.28999868,10,0.0,11515,227850,0.4488202,0.7388189,944,1711.4543261528015,0.4488202,17.090185142477157,0.0,0.0
17279,211150,0.29415688,10,0.0,11520,227900,0.41099057,0.70514745,944,1711.4543261528015,0.41099057,107.38545357720746,0.0,0.0
17287,211230,0.26418093,10,0.0,11528,227980,0.47395954,0.73814046,945,1713.813092470169,0.47395954,12.810555572523747,0.0,0.0
17287,211230,0.34836873,10,0.0,11537,228070,0.31875965,0.6671284,945,1713.813092470169,0.31875965,113.34608857325075,0.0,0.0
17292,211280,0.27596885,10,0.0,11542,228120,0.45186198,0.7278308,946,1716.1862666606903,0.45186198,16.01031548418151,0.0,0.0
17292,211280,0.34083655,10,0.0,11553,228230,0.31331924,0.6541558,946,1716.1862666606903,0.31331924,153.80991147586673,0.0,0.0
17299,211350,0.27400076,10,0.0,11556,228260,0.453026,0.72702676,947,1718.0062606334686,0.453026,33.324704814888086,0.0,0.0
17305,211410,0.31965923,10,0.0,11568,228380,0.36522973,0.68488896,948,1719.879058599472,0.36522973,22.244164246980365,0.0,0.0
17305,211410,0.3096494,10,0.0,11577,228470,0.40133953,0.71098894,948,1719.879058599472,0.40133953,94.75783604512984,0.0,0.0
17311,211470,0.29505664,10,0.0,11582,228520,0.41137576,0.7064324,949,1721.7282719612122,0.41137576,18.928970508328323,0.0,0.0
17311,211470,0.3137189,10,0.0,11589,228590,0.35255095,0.66626984,949,1721.7282719612122,0.35255095,118.52032699518776,0.0,0.0
17319,211550,0.26962218,10,0.0,11596,228660,0.46919522,0.7388174,950,1723.8807356357574,0.46919522,78.34036552451929,0.0,0.0
17320,211560,0.2829164,10,0.0,11607,228770,0.44879034,0.73170674,951,1725.7035551071167,0.44879034,77.88460395745439,0.0,0.0
17323,211590,0.29240873,10,0.0,11609,228790,0.41196898,0.7043777,951,1725.7035551071167,0.41196898,24.198024028961676,0.0,0.0
17331,211670,0.26735806,10,0.0,11620,228900,0.47374284,0.7411009,952,1727.7044796943665,0.47374284,19.73926666927077,0.0,0.0
17331,211670,0.3155592,10,0.0,11629,228990,0.34872073,0.66427994,952,1727.7044796943665,0.34872073,104.75415527166923,0.0,0.0
17337,211730,0.29513872,10,0.0,11633,229030,0.39799446,0.6931332,953,1729.597041606903,0.39799446,31.591298184724145,0.0,0.0
17337,211730,0.27402812,10,0.0,11644,229140,0.4450252,0.7190533,954,1731.5219376087189,0.4450252,80.13098192502927,0.0,0.0
17343,211790,0.016452134,10,0.0,11647,229170,0.7880434,0.8044955,954,1731.5219376087189,0.7880434,34.708589794726066,0.0,0.0
17349,211850,0.2956818,10,0.0,11657,229270,0.41292873,0.70861053,955,1733.5975699424744,0.41292873,41.98632790406909,0.0,0.0
17351,211870,0.29996192,10,0.0,11663,229330,0.38763994,0.68760186,955,1733.5975699424744,0.38763994,109.48098186412187,0.0,0.0
17356,211920,0.2861222,10,0.0,11671,229410,0.4112119,0.6973341,956,1735.7436559200287,0.4112119,27.215081538754024,0.0,0.0
17356,211920,0.1956799,10,0.0,11678,229480,0.543022,0.7387019,956,1735.7436559200287,0.543022,123.17422280173147,0.0,0.0
17363,211990,0.3351608,10,0.0,11685,229550,0.30826116,0.64342195,957,1737.7095658779144,0.30826116,17.2679575388892,0.0,0.0
17363,211990,0.28246903,10,0.0,11694,229640,0.4105826,0.69305164,957,1737.7095658779144,0.4105826,138.64551104059237,0.0,0.0
17369,212050,0.2973478,10,0.0,11699,229690,0.39635178,0.6936996,958,1739.7341525554657,0.39635178,31.117554103079627,0.0,0.0
17371,212070,0.3206041,10,0.0,11711,229810,0.375933,0.6965371,959,1741.6102783679962,0.375933,61.218918398206476,0.0,0.0
17375,212110,0.31039757,10,0.0,11714,229840,0.40850025,0.7188978,959,1741.6102783679962,0.40850025,92.65432985113203,0.0,0.0
17383,212190,0.3081659,10,0.0,11723,229930,0.3755926,0.6837585,960,1743.439067363739,0.3755926,19.49131086991678,0.0,0.0
17383,212190,0.28703642,10,0.0,11735,230050,0.4124288,0.6994652,960,1743.439067363739,0.4124288,101.46462300665738,0.0,0.0
17387,212230,0.22618663,10,0.0,11738,230080,0.5150104,0.74119705,961,1745.1528446674347,0.5150104,28.815384678801134,0.0,0.0
17387,212230,0.3480333,10,0.0,11748,230180,0.2926619,0.6406952,962,1747.2470831871033,0.2926619,103.86079601029122,0.0,0.0
17395,212310,0.30282986,10,0.0,11751,230210,0.37707245,0.6799023,962,1747.2470831871033,0.37707245,52.7625229577075,0.0,0.0
17403,212390,0.22643775,10,0.0,11762,230320,0.5093799,0.7358177,963,1749.186530828476,0.5093799,19.690708339964498,0.0,0.0
17403,212390,0.31595737,10,0.0,11774,230440,0.38585538,0.70181274,964,1750.9493343830109,0.38585538,101.41408475223777,0.0,0.0
17407,212430,0.35839778,10,0.0,11777,230470,0.29415864,0.6525564,964,1750.9493343830109,0.29415864,42.169447765050556,0.0,0.0
17415,212510,0.29837957,10,0.0,11788,230580,0.4035999,0.70197946,965,1752.8703954219818,0.4035999,20.832204631526665,0.0,0.0
17415,212510,0.26902223,10,0.0,11798,230680,0.48376578,0.752788,965,1752.8703954219818,0.48376578,119.61920841437608,0.0,0.0
17419,212550,0.3086164,10,0.0,11804,230740,0.35559714,0.66421354,966,1754.9755234718323,0.35559714,16.074416779340392,0.0,0.0
17421,212570,0.28627428,10,0.0,11812,230820,0.41706887,0.70334315,966,1754.9755234718323,0.41706887,90.86998344786946,0.0,0.0
17428,212640,0.3202408,10,0.0,11816,230860,0.36207455,0.68231535,967,1757.134949207306,0.36207455,36.89499323552852,0.0,0.0
17428,212640,0.33884898,10,0.0,11826,230960,0.31915018,0.65799916,967,1757.134949207306,0.31915018,115.02683490704455,0.0,0.0
17433,212690,0.27540568,10,0.0,11829,230990,0.4651042,0.74050987,968,1759.2288324832916,0.4651042,24.862029884436097,0.0,0.0
17433,212690,0.3079831,10,0.0,11836,231060,0.37936527,0.68734837,968,1759.2288324832916,0.37936527,79.71446273609469,0.0,0.0
17439,212750,0.30110562,10,0.0,11843,231130,0.40487146,0.7059771,969,1762.1072208881378,0.40487146,21.39143384640493,0.0,0.0
17441,212770,0.26759496,10,0.0,11845,231150,0.48724863,0.7548436,969,1762.1072208881378,0.48724863,24.00980472410475,0.0,0.0
17441,212770,0.28325534,10,0.0,11853,231230,0.44332486,0.7265802,969,1762.1072208881378,0.44332486,80.03465245458067,0.0,0.0
17441,212770,0.28944656,10,0.0,11861,231310,0.43202505,0.7214716,969,1762.1072208881378,0.43202505,80.13036957788455,0.0,0.0
17447,212830,0.28547996,10,0.0,11864,231340,0.41664642,0.7021264,970,1766.010867357254,0.41664642,56.05117740368489,0.0,0.0
17447,212830,0.3146278,10,0.0,11872,231420,0.37502143,0.6896492,970,1766.010867357254,0.37502143,67.30593577996373,0.0,0.0
17447,212830,0.2523827,10,0.0,11880,231500,0.5003378,0.7527205,970,1766.010867357254,0.5003378,84.2420870599152,0.0,0.0
17451,212870,0.28323036,10,0.0,11883,231530,0.46962744,0.7528578,971,1769.6322150230408,0.46962744,18.953648267656366,0.0,0.0
17456,212920,0.30738077,10,0.0,11886,231560,0.39158544,0.6989662,971,1769.6322150230408,0.39158544,73.95157351688826,0.0,0.0
17456,212920,0.31597894,10,0.0,11894,231640,0.3657794,0.68175834,971,1769.6322150230408,0.3657794,75.66916533614771,0.0,0.0
17458,212940,0.31567332,10,0.0,11899,231690,0.40061978,0.7162931,972,1773.3240749835968,0.40061978,14.286691382145722,0.0,0.0
17460,212960,0.27644125,10,0.0,11905,231750,0.44068876,0.71713,972,1773.3240749835968,0.44068876,111.07061238000662,0.0,0.0
17460,212960,0.28368074,10,0.0,11913,231830,0.44571936,0.7294001,972,1773.3240749835968,0.44571936,42.78024948236998,0.0,0.0
17466,213020,0.29302654,10,0.0,11920,231900,0.4101654,0.70319194,973,1776.1873800754547,0.4101654,115.66920013678532,0.0,0.0
17466,213020,0.289997,10,0.0,11927,231970,0.41664264,0.70663965,974,1777.9980928897858,0.41664264,18.742703320578435,0.0,0.0
17471,213070,0.2918,10,0.0,11934,232040,0.41024706,0.70204705,974,1777.9980928897858,0.41024706,94.45694570808298,0.0,0.0
17471,213070,0.338322,10,0.0,11939,232090,0.328769,0.667091,975,1780.0938034057617,0.328769,11.714008983999276,0.0,0.0
17479,213150,0.30362853,10,0.0,11946,232160,0.3827798,0.68640834,975,1780.0938034057617,0.3827798,92.38677163134315,0.0,0.0
17479,213150,0.3146288,10,0.0,11954,232240,0.3933064,0.7079352,975,1780.0938034057617,0.3933064,74.07381766869823,0.0,0.0
17482,213180,0.30259296,10,0.0,11957,232270,0.3885655,0.6911585,976,1783.5221149921417,0.3885655,13.12949963453553,0.0,0.0
17488,213240,0.31292638,10,0.0,11960,232300,0.34457728,0.65750366,976,1783.5221149921417,0.34457728,77.6727278114508,0.0,0.0
17488,213240,0.29189923,10,0.0,11968,232380,0.4168922,0.70879143,976,1783.5221149921417,0.4168922,83.71496660825274,0.0,0.0
17492,213280,0.2926135,10,0.0,11971,232410,0.42384225,0.71645576,977,1786.680837392807,0.42384225,88.1888121445317,0.0,0.0
17492,213280,0.2819101,10,0.0,11981,232510,0.47300282,0.7549129,977,1786.680837392807,0.47300282,103.29551359564978,0.0,0.0
17497,213330,0.31036025,10,0.0,11984,232540,0.35382694,0.6641872,978,1789.1250755786896,0.35382694,14.957770719058578,0.0,0.0
17497,213330,0.31143028,10,0.0,11993,232630,0.36989677,0.68132704,978,1789.1250755786896,0.36989677,104.86179447177886,0.0,0.0
17503,213390,0.3165507,10,0.0,11997,232670,0.3583028,0.6748535,979,1791.508991241455,0.3583028,11.978718609906773,0.0,0.0
17503,213390,0.29909715,10,0.0,12005,232750,0.40164122,0.7007384,979,1791.508991241455,0.40164122,94.52676937500563,0.0,0.0
17511,213470,0.27230117,10,0.0,12009,232790,0.48261014,0.7549113,980,1793.7489454746246,0.48261014,50.64275658223599,0.0,0.0
17511,213470,0.2947593,10,0.0,12017,232870,0.4008011,0.6955604,980,1793.7489454746246,0.4008011,83.50795597534365,0.0,0.0
17515,213510,0.2527541,10,0.0,12023,232930,0.52406925,0.77682334,981,1796.2589643001556,0.52406925,15.242586312975138,0.0,0.0
17516,213520,0.29848653,10,0.0,12028,232980,0.42140132,0.71988785,981,1796.2589643001556,0.42140132,90.93795462971595,0.0,0.0
17522,213580,0.2977664,10,0.0,12036,233060,0.41255617,0.71032256,982,1799.2637791633606,0.41255617,32.09842190371018,0.0,0.0
17523,213590,0.29677245,10,0.0,12040,233100,0.432175,0.72894746,982,1799.2637791633606,0.432175,79.84025492207859,0.0,0.0
17523,213590,0.308155,10,0.0,12049,233190,0.37953717,0.68769217,983,1801.7107982635498,0.37953717,19.789232116435667,0.0,0.0
17529,213650,0.2950322,10,0.0,12054,233240,0.42360532,0.7186375,983,1801.7107982635498,0.42360532,107.99846536909676,0.0,0.0
17529,213650,0.27918577,10,0.0,12063,233330,0.45588738,0.73507315,983,1801.7107982635498,0.45588738,14.105209704783956,0.0,0.0
17535,213710,0.27261123,10,0.0,12069,233390,0.470982,0.7435932,984,1804.122320652008,0.470982,110.7892568095852,0.0,0.0
17535,213710,0.28416446,10,0.0,12076,233460,0.45166877,0.7358332,985,1806.401808977127,0.45166877,17.86379946633957,0.0,0.0
17542,213780,0.30919734,10,0.0,12086,233560,0.35601327,0.6652106,985,1806.401808977127,0.35601327,111.74172854109554,0.0,0.0
17547,213830,0.28206205,10,0.0,12091,233610,0.4444332,0.72649527,986,1808.5205397605896,0.4444332,14.909486708626329,0.0,0.0
17550,213860,0.30041492,10,0.0,12097,233670,0.39255935,0.69297427,986,1808.5205397605896,0.39255935,92.77155388831504,0.0,0.0
17556,213920,0.28742924,10,0.0,12103,233730,0.43463704,0.7220663,987,1811.2534801959991,0.43463704,13.116283025995502,0.0,0.0
17556,213920,0.2970868,10,0.0,12109,233790,0.4144018,0.7114886,987,1811.2534801959991,0.4144018,99.35036110788705,0.0,0.0
17562,213980,0.34041688,10,0.0,12116,233860,0.3031154,0.6435323,988,1813.9186906814575,0.3031154,15.09332062813027,0.0,0.0
17562,213980,0.28858015,10,0.0,12121,233910,0.43495592,0.7235361,988,1813.9186906814575,0.43495592,62.07778253038172,0.0,0.0
17562,213980,0.3104337,10,0.0,12129,233990,0.3834468,0.6938805,988,1813.9186906814575,0.3834468,83.99964752345171,0.0,0.0
17562,213980,0.3076019,10,0.0,12136,234060,0.37651083,0.6841127,988,1813.9186906814575,0.37651083,52.81826870889219,0.0,0.0
17567,214030,0.2634555,10,0.0,12139,234090,0.5171795,0.780635,989,1818.2204976081848,0.5171795,9.465087551355774,0.0,0.0
17569,214050,0.30994847,10,0.0,12143,234130,0.3700802,0.6800287,989,1818.2204976081848,0.3700802,69.28015962683264,0.0,0.0
17569,214050,0.2979305,10,0.0,12150,234200,0.42365375,0.72158426,989,1818.2204976081848,0.42365375,73.73705871287703,0.0,0.0
17569,214050,0.30407014,10,0.0,12159,234290,0.36907008,0.6731402,989,1818.2204976081848,0.36907008,50.72409014059979,0.0,0.0
17574,214100,0.30902192,10,0.0,12161,234310,0.35600016,0.6650221,990,1823.0474259853363,0.35600016,14.013459162447454,0.0,0.0
17575,214110,0.2940102,10,0.0,12166,234360,0.40426335,0.69827354,990,1823.0474259853363,0.40426335,72.64600025633831,0.0,0.0
17575,214110,0.30752325,10,0.0,12173,234430,0.35987258,0.66739583,990,1823.0474259853363,0.35987258,70.94104235519367,0.0,0.0
17579,214150,0.31904942,10,0.0,12179,234490,0.34544724,0.66449666,991,1826.9906992912292,0.34544724,22.36753369685496,0.0,0.0
17579,214150,0.27800265,10,0.0,12181,234510,0.47586468,0.7538673,991,1826.9906992912292,0.47586468,34.05368628387057,0.0,0.0
17579,214150,0.2869225,10,0.0,12189,234590,0.4330631,0.7199856,991,1826.9906992912292,0.4330631,69.94178610437146,0.0,0.0
17587,214230,0.3483119,10,0.0,12196,234660,0.28827667,0.6365886,992,1830.494909286499,0.28827667,21.926312229175565,0.0,0.0
17590,214260,0.28590038,10,0.0,12198,234680,0.45970735,0.74560773,992,1830.494909286499,0.45970735,17.211341098803338,0.0,0.0
17590,214260,0.31532866,10,0.0,12205,234750,0.35141975,0.6667484,992,1830.494909286499,0.35141975,66.41475016309546,0.0,0.0
17590,214260,0.2932455,10,0.0,12211,234810,0.4267689,0.7200144,992,1830.494909286499,0.4267689,29.682377701756895,0.0,0.0
17595,214310,0.30386132,10,0.0,12216,234860,0.39277118,0.6966325,993,1834.1983592510223,0.39277118,73.12857421820515,0.0,0.0
17595,214310,0.28757936,10,0.0,12225,234950,0.42872858,0.71630794,993,1834.1983592510223,0.42872858,83.52375395534173,0.0,0.0
17599,214350,0.3039961,10,0.0,12227,234970,0.4017586,0.7057547,994,1836.9007415771484,0.4017586,9.073440434282139,0.0,0.0
17599,214350,0.3058905,10,0.0,12231,235010,0.39766026,0.70355076,994,1836.9007415771484,0.39766026,49.14194125889857,0.0,0.0
17599,214350,0.3050213,10,0.0,12237,235070,0.39839286,0.70341414,994,1836.9007415771484,0.39839286,53.30439125688338,0.0,0.0
17606,214420,0.290896,10,0.0,12243,235130,0.4173237,0.7082197,995,1841.242038488388,0.4173237,19.68046201157844,0.0,0.0
17607,214430,0.27497864,10,0.0,12246,235160,0.47767,0.75264865,995,1841.242038488388,0.47767,62.6013653690586,0.0,0.0
17607,214430,0.31204507,10,0.0,12254,235240,0.3793637,0.69140875,995,1841.242038488388,0.3793637,105.10828325556452,0.0,0.0
17612,214480,0.3044407,10,0.0,12261,235310,0.39082554,0.69526625,996,1844.690923690796,0.39082554,13.400786096909352,0.0,0.0
17614,214500,0.28924453,10,0.0,12268,235380,0.41452056,0.7037651,996,1844.690923690796,0.41452056,80.69212433458833,0.0,0.0
17619,214550,0.307143,10,0.0,12274,235440,0.38426092,0.6914039,997,1847.3210003376007,0.38426092,14.068604464730747,0.0,0.0
17619,214550,0.29148716,10,0.0,12282,235520,0.42555588,0.71704304,997,1847.3210003376007,0.42555588,105.2877002555439,0.0,0.0
17626,214620,0.33985153,10,0.0,12286,235560,0.30617526,0.6460268,998,1849.6053388118744,0.30617526,18.455971134383525,0.0,0.0
17626,214620,0.33178884,10,0.0,12297,235670,0.33414274,0.6659316,998,1849.6053388118744,0.33414274,128.8331219034221,0.0,0.0
17631,214670,0.29896298,10,0.0,12300,235700,0.40191963,0.7008826,999,1851.5756146907806,0.40191963,29.06212497055196,0.0,0.0
17638,214740,0.3022781,10,0.0,12311,235810,0.39915866,0.70143676,1000,1853.441946029663,0.39915866,21.006001351218025,0.0,0.0
17638,214740,0.30061007,10,0.0,12319,235890,0.35266525,0.6532753,1000,1853.441946029663,0.35266525,119.34351596822289,0.0,0.0
17644,214800,0.2739375,10,0.0,12324,235940,0.49291125,0.76684874,1001,1855.2399156093597,0.49291125,22.52380428157548,0.0,0.0
17644,214800,0.27270618,10,0.0,12334,236040,0.48549464,0.7582008,1001,1855.2399156093597,0.48549464,106.10674161567049,0.0,0.0
17651,214870,0.29410675,10,0.0,12337,236070,0.4011874,0.69529414,1002,1857.3407776355743,0.4011874,13.729673356314848,0.0,0.0
17651,214870,0.30189747,10,0.0,12345,236150,0.41040844,0.7123059,1002,1857.3407776355743,0.41040844,102.6531241586921,0.0,0.0
17659,214950,0.30247584,10,0.0,12350,236200,0.38141403,0.68388987,1003,1859.5757553577423,0.38141403,37.24224886390072,0.0,0.0
17659,214950,0.28939158,10,0.0,12362,236320,0.4175645,0.7069561,1004,1861.580017566681,0.4175645,94.3233342253746,0.0,0.0
17663,214990,0.30428788,10,0.0,12365,236350,0.39372614,0.698014,1004,1861.580017566681,0.39372614,28.958748166907398,0.0,0.0
17663,214990,0.2991453,10,0.0,12376,236460,0.398625,0.6977703,1005,1863.83465051651,0.398625,98.17323018947418,0.0,0.0
17670,215060,0.2911515,10,0.0,12379,236490,0.42044201,0.7115935,1005,1863.83465051651,0.42044201,38.14973549978534,0.0,0.0
17676,215120,0.3168791,10,0.0,12390,236600,0.35326713,0.6701462,1006,1866.0527737140656,0.35326713,25.12174538554652,0.0,0.0
17676,215120,0.30794045,10,0.0,12394,236640,0.38273057,0.690671,1006,1866.0527737140656,0.38273057,105.1338391623992,0.0,0.0
17683,215190,0.3338756,10,0.0,12403,236730,0.30747646,0.64135206,1007,1868.2610669136047,0.30747646,15.716332147387078,0.0,0.0
17683,215190,0.25575674,10,0.0,12406,236760,0.54797816,0.8037349,1007,1868.2610669136047,0.54797816,80.94892905805744,0.0,0.0
17688,215240,0.29868954,10,0.0,12416,236860,0.35955983,0.6582494,1008,1870.9251773357391,0.35955983,33.616582337425434,0.0,0.0
17690,215260,0.29677954,10,0.0,12422,236920,0.37329164,0.6700712,1008,1870.9251773357391,0.37329164,108.53672358781806,0.0,0.0
17695,215310,0.28459817,10,0.0,12432,237020,0.44957197,0.73417014,1009,1873.1759605407715,0.44957197,28.663792749966515,0.0,0.0
17697,215330,0.28679034,10,0.0,12433,237030,0.44108763,0.727878,1009,1873.1759605407715,0.44108763,9.143413219405739,0.0,0.0
17697,215330,0.31032103,10,0.0,12441,237110,0.3641793,0.67450035,1009,1873.1759605407715,0.3641793,93.63644278745801,0.0,0.0
17697,215330,0.2996566,10,0.0,12450,237200,0.4065384,0.706195,1010,1876.7432010173798,0.4065384,77.09451573117764,0.0,0.0
17703,215390,0.28427657,10,0.0,12454,237240,0.45585403,0.7401306,1010,1876.7432010173798,0.45585403,105.66967142490036,0.0,0.0
17708,215440,0.30015993,10,0.0,12464,237340,0.40921795,0.7093779,1011,1878.8418395519257,0.40921795,13.087646238541728,0.0,0.0
17709,215450,0.27376792,10,0.0,12469,237390,0.47317418,0.7469421,1011,1878.8418395519257,0.47317418,87.40937717517704,0.0,0.0
17715,215510,0.28631884,10,0.0,12478,237480,0.44419748,0.7305163,1012,1881.5810935497284,0.44419748,16.367919797542648,0.0,0.0
17715,215510,0.29369864,10,0.0,12484,237540,0.4176964,0.711395,1012,1881.5810935497284,0.4176964,110.85308933677973,0.0,0.0
17721,215570,0.31544152,10,0.0,12492,237620,0.3696873,0.6851288,1013,1884.0004181861877,0.3696873,12.083507869844066,0.0,0.0
17721,215570,0.26249546,10,0.0,12495,237650,0.5243717,0.78686714,1013,1884.0004181861877,0.5243717,98.9526033925496,0.0,0.0
17721,215570,0.31867746,10,0.0,12503,237730,0.3405157,0.65919316,1013,1884.0004181861877,0.3405157,84.89754940359443,0.0,0.0
17721,215570,0.2951759,10,0.0,12512,237820,0.4173869,0.7125628,1013,1884.0004181861877,0.4173869,104.6754646914369,0.0,0.0
17721,215570,0.27126607,10,0.0,12520,237900,0.47094527,0.74221134,1014,1889.086662530899,0.47094527,86.16638727278703,0.0,0.0
17728,215640,0.28711122,10,0.0,12523,237930,0.45362824,0.74073946,1014,1889.086662530899,0.45362824,16.52972632556314,0.0,0.0
17728,215640,0.31324786,10,0.0,12530,238000,0.35225058,0.66549844,1014,1889.086662530899,0.35225058,73.28663410883867,0.0,0.0
17734,215700,0.31754702,10,0.0,12538,238080,0.34802634,0.66557336,1015,1892.4928340911865,0.34802634,6.609095750883197,0.0,0.0
17737,215730,0.2896589,10,0.0,12539,238090,0.42578566,0.71544456,1015,1892.4928340911865,0.42578566,6.424710273307647,0.0,0.0
17739,215750,0.29041883,10,0.0,12540,238100,0.43698177,0.7274006,1017,1911.9863812923431,0.43698177,0.45594827290637563,0.0,0.0
17743,215790,0.29018542,10,0.0,12542,238120,0.42801055,0.718196,1018,1919.3202121257782,0.42801055,25.868154748688802,0.0,0.0
17749,215850,0.31476456,10,0.0,12544,238140,0.32356036,0.6383249,1018,1919.3202121257782,0.32356036,23.413684345675705,0.0,0.0
17755,215910,0.3096159,10,0.0,12546,238160,0.3557458,0.6653617,1018,1919.3202121257782,0.3557458,17.010773926004035,0.0,0.0
17758,215940,0.30535653,10,0.0,12551,238210,0.37403056,0.6793871,1019,1922.1670877933502,0.37403056,16.778068325870954,0.0,0.0
17758,215940,0.28156593,10,0.0,12563,238330,0.45662817,0.7381941,1019,1922.1670877933502,0.45662817,146.13179477531338,0.0,0.0
17765,216010,0.28223202,10,0.0,12568,238380,0.4389319,0.7211639,1020,1924.0524065494537,0.4389319,74.15514522322724,0.0,0.0
17773,216090,0.28707948,10,0.0,12580,238500,0.43981692,0.7268964,1021,1925.5814831256866,0.43981692,21.741528856755274,0.0,0.0
17773,216090,0.30248788,10,0.0,12590,238600,0.37469187,0.67717975,1021,1925.5814831256866,0.37469187,152.75622325412002,0.0,0.0
17779,216150,0.27046075,10,0.0,12596,238660,0.4949076,0.76536834,1022,1927.7290453910828,0.4949076,22.25636905750525,0.0,0.0
17779,216150,0.27189434,10,0.0,12607,238770,0.49600965,0.767904,1022,1927.7290453910828,0.49600965,104.44634252630269,0.0,0.0
17785,216210,0.27882314,10,0.0,12613,238830,0.44852614,0.7273493,1023,1930.3057949543,0.44852614,14.137925455320113,0.0,0.0
17786,216220,0.31112215,10,0.0,12616,238860,0.38502994,0.6961521,1023,1930.3057949543,0.38502994,74.4081222092324,0.0,0.0
17786,216220,0.2334671,10,0.0,12625,238950,0.55767584,0.79114294,1023,1930.3057949543,0.55767584,105.73040448905716,0.0,0.0
17786,216220,0.31604597,10,0.0,12635,239050,0.36190304,0.677949,1023,1930.3057949543,0.36190304,97.18125283830248,0.0,0.0
17792,216280,0.27656418,10,0.0,12640,239100,0.46248996,0.73905414,1024,1934.798204421997,0.46248996,13.481293248945827,0.0,0.0
17792,216280,0.313552,10,0.0,12648,239180,0.3760591,0.6896111,1024,1934.798204421997,0.3760591,84.74488466115616,0.0,0.0
17792,216280,0.28966314,10,0.0,12657,239270,0.45233756,0.7420007,1024,1934.798204421997,0.45233756,113.92704742813528,0.0,0.0
17792,216280,0.29030028,10,0.0,12665,239350,0.4302452,0.7205455,1024,1934.798204421997,0.4302452,97.85577468206178,0.0,0.0
17798,216340,0.28666106,10,0.0,12672,239420,0.45104203,0.7377031,1025,1939.3277699947357,0.45104203,11.678441249920297,0.0,0.0
17799,216350,0.29179716,10,0.0,12677,239470,0.418584,0.71038115,1025,1939.3277699947357,0.418584,77.90369913595198,0.0,0.0
17799,216350,0.30268288,10,0.0,12686,239560,0.39023024,0.6929131,1025,1939.3277699947357,0.39023024,93.31188694818384,0.0,0.0
17799,216350,0.28005138,10,0.0,12695,239650,0.4533216,0.733373,1025,1939.3277699947357,0.4533216,95.89567014646236,0.0,0.0
17805,216410,0.28714344,10,0.0,12699,239690,0.4303712,0.71751463,1026,1944.15900015831,0.4303712,17.161095988383344,0.0,0.0
17805,216410,0.30697283,10,0.0,12708,239780,0.38296387,0.6899367,1026,1944.15900015831,0.38296387,101.36188209137374,0.0,0.0
17810,216460,0.27782643,10,0.0,12714,239840,0.47907197,0.7568984,1027,1946.5220115184784,0.47907197,17.289682179809557,0.0,0.0
17810,216460,0.3129037,10,0.0,12720,239900,0.36011207,0.6730158,1027,1946.5220115184784,0.36011207,106.78778929144283,0.0,0.0
17810,216460,0.30944052,10,0.0,12728,239980,0.3592638,0.66870433,1027,1946.5220115184784,0.3592638,68.48726611269045,0.0,0.0
17810,216460,0.2808297,10,0.0,12737,240070,0.44280073,0.7236304,1028,1950.1567618846893,0.44280073,112.68437497481308,0.0,0.0
17817,216530,0.301251,10,0.0,12739,240090,0.40573758,0.7069886,1028,1950.1567618846893,0.40573758,15.700477268898913,0.0,0.0
17817,216530,0.30470937,10,0.0,12748,240180,0.37643242,0.6811418,1028,1950.1567618846893,0.37643242,78.83570694188873,0.0,0.0
17817,216530,0.21771395,10,0.0,12755,240250,0.5933356,0.8110496,1028,1950.1567618846893,0.5933356,65.38296300222292,0.0,0.0
17818,216540,0.31616977,10,0.0,12762,240320,0.33988062,0.6560504,1029,1954.5318441390991,0.33988062,48.92218041341728,0.0,0.0
17823,216590,0.30310488,10,0.0,12764,240340,0.38838178,0.69148666,1029,1954.5318441390991,0.38838178,16.444027122445018,0.0,0.0
17824,216600,0.3140321,10,0.0,12770,240400,0.35777894,0.67181104,1029,1954.5318441390991,0.35777894,103.10380428904337,0.0,0.0
17824,216600,0.31440175,10,0.0,12779,240490,0.33430606,0.6487078,1029,1954.5318441390991,0.33430606,81.55491432882486,0.0,0.0
17828,216640,0.29721764,10,0.0,12785,240550,0.41608533,0.71330297,1030,1958.395229101181,0.41608533,45.46656216836151,0.0,0.0
17831,216670,0.30587843,10,0.0,12788,240580,0.3519388,0.65781724,1030,1958.395229101181,0.3519388,86.72385808423225,0.0,0.0
17831,216670,0.30743358,10,0.0,12799,240690,0.36228374,0.6697173,1030,1958.395229101181,0.36228374,99.36189366157811,0.0,0.0
17837,216730,0.31649947,10,0.0,12804,240740,0.36615974,0.6826592,1031,1961.3989205360413,0.36615974,140.65783119600795,0.0,0.0
17839,216750,0.28631434,10,0.0,12816,240860,0.4356822,0.72199655,1032,1963.2919971942902,0.4356822,18.09743862569538,0.0,0.0
17842,216780,0.3161847,10,0.0,12824,240940,0.35422754,0.67041224,1032,1963.2919971942902,0.35422754,114.93637031272264,0.0,0.0
17848,216840,0.3001918,10,0.0,12830,241000,0.38392457,0.68411636,1033,1965.2803974151611,0.38392457,26.123848211138142,0.0,0.0
17850,216860,0.3133497,10,0.0,12843,241130,0.37813398,0.6914837,1033,1965.2803974151611,0.37813398,19.670881326679922,0.0,0.0
17855,216910,0.30362856,10,0.0,12852,241220,0.39530796,0.6989365,1034,1966.8970639705658,0.39530796,123.92684296055548,0.0,0.0
17862,216980,0.2822469,10,0.0,12858,241280,0.4569937,0.7392406,1035,1968.713011264801,0.4569937,75.61773444486111,0.0,0.0
17862,216980,0.30315328,10,0.0,12870,241400,0.3830731,0.68622637,1035,1968.713011264801,0.3830731,21.12166334387997,0.0,0.0
17869,217050,0.30480874,10,0.0,12881,241510,0.38282883,0.68763757,1036,1970.2336406707764,0.38282883,148.8006698028197,0.0,0.0
17874,217100,0.2954812,10,0.0,12886,241560,0.40028906,0.69577026,1037,1971.9898662567139,0.40028906,106.87622469390615,0.0,0.0
17881,217170,0.3058445,10,0.0,12896,241660,0.36948854,0.675333,1038,1973.5842907428741,0.36948854,20.162218625482446,0.0,0.0
17881,217170,0.2969035,10,0.0,12906,241760,0.40575963,0.7026631,1038,1973.5842907428741,0.40575963,129.37077431772195,0.0,0.0
17887,217230,0.27347374,10,0.0,12911,241810,0.4904359,0.76390964,1039,1975.3453149795532,0.4904359,47.53528054436078,0.0,0.0
17895,217310,0.30257568,10,0.0,12922,241920,0.36345384,0.6660295,1040,1977.0372667312622,0.36345384,24.025758512229395,0.0,0.0
17895,217310,0.2922158,10,0.0,12931,242010,0.4097676,0.7019834,1040,1977.0372667312622,0.4097676,120.02518228540687,0.0,0.0
17901,217370,0.31461328,10,0.0,12938,242080,0.35200745,0.66662073,1041,1978.9128561019897,0.35200745,135.3608230787353,0.0,0.0
17906,217420,0.30581033,10,0.0,12950,242200,0.36020964,0.66602,1042,1980.4389064311981,0.36020964,18.77364271343176,0.0,0.0
17906,217420,0.29701662,10,0.0,12959,242290,0.41469097,0.7117076,1042,1980.4389064311981,0.41469097,102.62398888198362,0.0,0.0
17913,217490,0.28730807,10,0.0,12965,242350,0.4403248,0.7276329,1043,1982.3228735923767,0.4403248,17.03593045425043,0.0,0.0
17913,217490,0.30695984,10,0.0,12976,242460,0.35484996,0.6618098,1043,1982.3228735923767,0.35484996,138.43866759964618,0.0,0.0
17921,217570,0.3137708,10,0.0,12983,242530,0.377125,0.6908958,1044,1984.1921527385712,0.377125,123.74038234599952,0.0,0.0
17925,217610,0.31833667,10,0.0,12993,242630,0.34767503,0.6660117,1045,1985.929738521576,0.34767503,16.352196255797807,0.0,0.0
17925,217610,0.29764846,10,0.0,13005,242750,0.404125,0.70177346,1046,1987.576645374298,0.404125,80.685760014774,0.0,0.0
17933,217690,0.28491727,10,0.0,13013,242830,0.44919714,0.7341144,1046,1987.576645374298,0.44919714,145.7235968953465,0.0,0.0
17938,217740,0.31259623,10,0.0,13020,242900,0.3428106,0.65540683,1047,1989.2667376995087,0.3428106,36.17996892923163,0.0,0.0
17938,217740,0.2919874,10,0.0,13034,243040,0.4414678,0.7334552,1047,1989.2667376995087,0.4414678,15.176858740969266,0.0,0.0
17945,217810,0.28483814,10,0.0,13045,243150,0.46803594,0.7528741,1048,1990.8926877975464,0.46803594,154.6914509109685,0.0,0.0
17952,217880,0.30115783,10,0.0,13052,243220,0.37000042,0.67115825,1049,1992.797935962677,0.37000042,143.05705154660274,0.0,0.0
17958,217940,0.33960724,10,0.0,13061,243310,0.30129123,0.64089847,1050,1994.190179347992,0.30129123,31.018622396721167,0.0,0.0
17958,217940,0.31374153,10,0.0,13073,243430,0.34803042,0.66177195,1050,1994.190179347992,0.34803042,22.499711666225895,0.0,0.0
17965,218010,0.29345357,10,0.0,13086,243560,0.4129752,0.70642877,1051,1995.7247025966644,0.4129752,27.712814562907294,0.0,0.0
17970,218060,0.31178474,10,0.0,13097,243670,0.3718111,0.68359584,1052,1997.2256038188934,0.3718111,124.58390388071228,0.0,0.0
17977,218130,0.28004214,10,0.0,13102,243720,0.4629211,0.74296325,1053,1998.6865620613098,0.4629211,110.44239585225911,0.0,0.0
17977,218130,0.296785,10,0.0,13112,243820,0.41101104,0.70779604,1053,1998.6865620613098,0.41101104,143.8597863181904,0.0,0.0
17989,218250,0.3150143,10,0.0,13124,243940,0.33197773,0.646992,1055,2001.4799740314484,0.33197773,17.056658649994592,0.0,0.0
17989,218250,0.27992126,10,0.0,13134,244040,0.4647539,0.74467516,1055,2001.4799740314484,0.4647539,170.66250010172277,0.0,0.0
17998,218340,0.28894916,10,0.0,13144,244140,0.4449816,0.73393077,1056,2003.1211762428284,0.4449816,167.02788375000995,0.0,0.0
18003,218390,0.313568,10,0.0,13151,244210,0.38216513,0.69573313,1057,2004.4697623252869,0.38216513,38.59166281759446,0.0,0.0
18009,218450,0.29094082,10,0.0,13162,244320,0.4286543,0.71959513,1058,2005.9095392227173,0.4286543,25.923137349912885,0.0,0.0
18009,218450,0.31304803,10,0.0,13168,244380,0.3855882,0.69863623,1058,2005.9095392227173,0.3855882,85.479764733695,0.0,0.0
18016,218520,0.31894243,10,0.0,13176,244460,0.3730563,0.6919987,1059,2007.997055530548,0.3730563,23.243000313098317,0.0,0.0
18016,218520,0.3216885,10,0.0,13187,244570,0.36677572,0.6884642,1059,2007.997055530548,0.36677572,111.61861878644174,0.0,0.0
18021,218570,0.32596937,10,0.0,13191,244610,0.3562393,0.68220866,1060,2009.8184554576874,0.3562393,33.4263422564732,0.0,0.0
18029,218650,0.28274965,10,0.0,13201,244710,0.4243735,0.70712316,1061,2011.3334648609161,0.4243735,22.56397234849504,0.0,0.0
18035,218710,0.3015983,10,0.0,13214,244840,0.40862375,0.71022207,1062,2012.750216960907,0.40862375,19.713326775234073,0.0,0.0
18035,218710,0.32828376,10,0.0,13224,244940,0.32246068,0.65074444,1062,2012.750216960907,0.32246068,135.4018988465524,0.0,0.0
18041,218770,0.3075555,10,0.0,13228,244980,0.41799867,0.72555417,1063,2014.4602346420288,0.41799867,77.51382359028948,0.0,0.0
18041,218770,0.31202674,10,0.0,13238,245080,0.3922695,0.70429623,1063,2014.4602346420288,0.3922695,66.84799637893086,0.0,0.0
18047,218830,0.30182597,10,0.0,13243,245130,0.36924317,0.67106915,1064,2016.9553534984589,0.36924317,17.86182152674714,0.0,0.0
18047,218830,0.29404154,10,0.0,13246,245160,0.39791897,0.6919605,1064,2016.9553534984589,0.39791897,65.30925443226796,0.0,0.0
18047,218830,0.29558298,10,0.0,13256,245260,0.4208956,0.7164786,1064,2016.9553534984589,0.4208956,93.07686162422219,0.0,0.0
18055,218910,0.3234929,10,0.0,13261,245310,0.32918224,0.65267515,1065,2020.1021165847778,0.32918224,12.393354405039481,0.0,0.0
18056,218920,0.32858682,10,0.0,13268,245380,0.3440928,0.6726796,1065,2020.1021165847778,0.3440928,103.5538569411114,0.0,0.0
18062,218980,0.31734723,10,0.0,13274,245440,0.3533302,0.6706774,1066,2022.6731235980988,0.3533302,14.223312197725656,0.0,0.0
18062,218980,0.30515805,10,0.0,13285,245550,0.37457523,0.6797333,1066,2022.6731235980988,0.37457523,96.61178421707284,0.0,0.0
18067,219030,0.3048306,10,0.0,13289,245590,0.38697153,0.69180214,1067,2024.867252111435,0.38697153,32.152554884971345,0.0,0.0
18073,219090,0.2990144,10,0.0,13301,245710,0.38196105,0.68097544,1068,2026.6749217510223,0.38196105,21.5409883382029,0.0,0.0
18073,219090,0.3171949,10,0.0,13309,245790,0.35586616,0.6730611,1068,2026.6749217510223,0.35586616,128.95868947620863,0.0,0.0
18079,219150,0.2946975,10,0.0,13315,245850,0.4052278,0.6999253,1069,2028.6065793037415,0.4052278,26.351377755495285,0.0,0.0
18081,219170,0.3114135,10,0.0,13327,245970,0.3727807,0.6841942,1070,2030.530458688736,0.3727807,71.55647075081079,0.0,0.0
18085,219210,0.26179737,10,0.0,13331,246010,0.517002,0.77879936,1070,2030.530458688736,0.517002,150.57688234386052,0.0,0.0
18094,219300,0.3177576,10,0.0,13341,246110,0.37257326,0.69033086,1071,2032.1657512187958,0.37257326,48.98331371339948,0.0,0.0
18099,219350,0.3091712,10,0.0,13354,246240,0.3832035,0.6923747,1072,2033.5321624279022,0.3832035,26.67087197383214,0.0,0.0
18099,219350,0.28682458,10,0.0,13366,246360,0.42398947,0.71081406,1072,2033.5321624279022,0.42398947,52.52590727106739,0.0,0.0
18105,219410,0.30486137,10,0.0,13376,246460,0.39210445,0.6969658,1073,2034.8856813907623,0.39210445,159.26305357366616,0.0,0.0
18109,219450,0.29834512,10,0.0,13382,246520,0.3918626,0.6902077,1074,2036.3298299312592,0.3918626,122.51115051071822,0.0,0.0
18111,219470,0.30620834,10,0.0,13393,246630,0.39194098,0.6981493,1074,2036.3298299312592,0.39194098,23.429522969490762,0.0,0.0
18117,219530,0.31219333,10,0.0,13403,246730,0.34395432,0.65614766,1075,2037.8482611179352,0.34395432,144.09701966847032,0.0,0.0
18125,219610,0.29805568,10,0.0,13410,246800,0.3925977,0.6906534,1076,2039.3887133598328,0.3925977,124.61906884154857,0.0,0.0
18125,219610,0.3026445,10,0.0,13419,246890,0.4018482,0.7044927,1076,2039.3887133598328,0.4018482,36.06647651592477,0.0,0.0
18131,219670,0.30031067,10,0.0,13431,247010,0.41389298,0.71420366,1077,2040.9038467407227,0.41389298,31.521047078239278,0.0,0.0
18137,219730,0.30466375,10,0.0,13440,247100,0.37337855,0.6780423,1078,2042.3007299900055,0.37337855,164.24162209152067,0.0,0.0
18144,219800,0.32457885,10,0.0,13448,247180,0.35484108,0.67941993,1079,2043.8789932727814,0.35484108,167.91724049578835,0.0,0.0
18148,219840,0.3110903,10,0.0,13458,247280,0.38779223,0.6988825,1080,2045.2387459278107,0.38779223,27.97597735404055,0.0,0.0
18150,219860,0.3181241,10,0.0,13470,247400,0.38770887,0.70583296,1080,2045.2387459278107,0.38770887,26.45614300672394,0.0,0.0
18158,219940,0.3231656,10,0.0,13481,247510,0.37438607,0.69755167,1081,2046.7423160076141,0.37438607,134.96749945296108,0.0,0.0
18164,220000,0.29215762,10,0.0,13489,247590,0.4543387,0.7464963,1082,2048.239557504654,0.4543387,134.82302947312252,0.0,0.0
18164,220000,0.29183292,10,0.0,13497,247670,0.41388524,0.70571816,1083,2049.682105779648,0.41388524,27.462160422653525,0.0,0.0
18169,220050,0.28669056,10,0.0,13509,247790,0.45245638,0.73914695,1083,2049.682105779648,0.45245638,59.2338012097281,0.0,0.0
18176,220120,0.3097575,10,0.0,13519,247890,0.38250682,0.6922643,1084,2051.165009021759,0.38250682,135.43687658829722,0.0,0.0
18181,220170,0.32861683,10,0.0,13526,247960,0.3349569,0.66357374,1085,2052.6508247852325,0.3349569,165.1118774308344,0.0,0.0
18188,220240,0.3159533,10,0.0,13536,248060,0.38487,0.7008233,1086,2053.970239877701,0.38487,35.263231791442436,0.0,0.0
18195,220310,0.33246377,10,0.0,13546,248160,0.34640804,0.6788718,1087,2055.295550107956,0.34640804,20.420791669466166,0.0,0.0
18195,220310,0.27167243,10,0.0,13555,248250,0.49086916,0.7625416,1087,2055.295550107956,0.49086916,104.72329237752582,0.0,0.0
18201,220370,0.3051638,10,0.0,13561,248310,0.39379323,0.698957,1088,2057.135306119919,0.39379323,32.2888883927781,0.0,0.0
18202,220380,0.30257407,10,0.0,13572,248420,0.37678948,0.67936355,1089,2058.9219405651093,0.37678948,68.61847034764826,0.0,0.0
18208,220440,0.29758957,10,0.0,13576,248460,0.3992631,0.6968527,1089,2058.9219405651093,0.3992631,95.79163973626092,0.0,0.0
18213,220490,0.28058258,10,0.0,13586,248560,0.4779165,0.7584991,1090,2060.914355993271,0.4779165,18.06012025428735,0.0,0.0
18213,220490,0.30014834,10,0.0,13595,248650,0.4008067,0.70095503,1090,2060.914355993271,0.4008067,116.2771820490358,0.0,0.0
18220,220560,0.32120323,10,0.0,13600,248700,0.36984062,0.69104385,1091,2062.7850267887115,0.36984062,20.807319041781778,0.0,0.0
18220,220560,0.31369922,10,0.0,13610,248800,0.3900415,0.7037407,1092,2064.7623240947723,0.3900415,100.48547690007763,0.0,0.0
18228,220640,0.2856788,10,0.0,13614,248840,0.44214934,0.72782815,1092,2064.7623240947723,0.44214934,31.926025893677444,0.0,0.0
18228,220640,0.2954704,10,0.0,13625,248950,0.42559,0.7210604,1093,2066.843387365341,0.42559,96.25460412024299,0.0,0.0
18233,220690,0.2967246,10,0.0,13629,248990,0.436968,0.7336926,1093,2066.843387365341,0.436968,79.95150646389862,0.0,0.0
18238,220740,0.31377444,10,0.0,13640,249100,0.36550567,0.6792801,1094,2068.825517177582,0.36550567,40.345363601385145,0.0,0.0
18240,220760,0.30512872,10,0.0,13645,249150,0.37614217,0.6812709,1094,2068.825517177582,0.37614217,122.73556995917889,0.0,0.0
18245,220810,0.31538972,10,0.0,13653,249230,0.34161898,0.6570087,1095,2070.8878207206726,0.34161898,34.48245131577109,0.0,0.0
18247,220830,0.3209882,10,0.0,13659,249290,0.3658698,0.686858,1095,2070.8878207206726,0.3658698,130.03779317614595,0.0,0.0
18253,220890,0.31064916,10,0.0,13667,249370,0.35675186,0.667401,1096,2072.7897408008575,0.35675186,16.334778717567456,0.0,0.0
18253,220890,0.3221163,10,0.0,13673,249430,0.33252385,0.65464014,1096,2072.7897408008575,0.33252385,128.69832035397144,0.0,0.0
18253,220890,0.30447558,10,0.0,13680,249500,0.39876792,0.7032435,1096,2072.7897408008575,0.39876792,26.430385809033194,0.0,0.0
18261,220970,0.3033264,10,0.0,13692,249620,0.39281854,0.69614494,1097,2074.9030470848083,0.39281854,104.90087160953894,0.0,0.0
18265,221010,0.29851085,10,0.0,13696,249660,0.4251082,0.72361904,1098,2076.5392503738403,0.4251082,149.41130370971993,0.0,0.0
18265,221010,0.28006268,10,0.0,13706,249760,0.46480554,0.7448682,1098,2076.5392503738403,0.46480554,32.8358522102313,0.0,0.0
18277,221130,0.3030407,10,0.0,13719,249890,0.39606324,0.69910395,1100,2079.6870863437653,0.39606324,22.7027647300169,0.0,0.0
18277,221130,0.31390676,10,0.0,13730,250000,0.37391564,0.6878224,1100,2079.6870863437653,0.37391564,150.73922997027842,0.0,0.0
18284,221200,0.32229495,10,0.0,13736,250060,0.325567,0.64786196,1101,2081.197096824646,0.325567,159.21831523245177,0.0,0.0
18291,221270,0.31069815,10,0.0,13744,250140,0.41073763,0.7214358,1102,2082.613311767578,0.41073763,24.318273794407784,0.0,0.0
18297,221330,0.2807801,10,0.0,13757,250270,0.44485995,0.72564006,1103,2083.9900336265564,0.44485995,23.809762771132895,0.0,0.0
18299,221350,0.28548965,10,0.0,13768,250380,0.4359583,0.72144794,1104,2085.403825521469,0.4359583,93.53746245057526,0.0,0.0
18305,221410,0.2782807,10,0.0,13779,250490,0.44510046,0.72338116,1104,2085.403825521469,0.44510046,152.0634022898494,0.0,0.0
18309,221450,0.26645535,10,0.0,13785,250550,0.5160881,0.7825435,1105,2086.8022389411926,0.5160881,91.8932940722824,0.0,0.0
18316,221520,0.2923565,10,0.0,13795,250650,0.43557483,0.7279313,1106,2088.2307991981506,0.43557483,22.13100775848241,0.0,0.0
18319,221550,0.3123338,10,0.0,13806,250760,0.3706911,0.6830249,1107,2089.726149559021,0.3706911,39.624754134601034,0.0,0.0
18323,221590,0.2764697,10,0.0,13816,250860,0.4676026,0.7440723,1107,2089.726149559021,0.4676026,170.18124571433208,0.0,0.0
18329,221650,0.29047284,10,0.0,13822,250920,0.4070275,0.69750035,1108,2091.2066679000854,0.4070275,48.46765936892609,0.0,0.0
18336,221720,0.31948692,10,0.0,13833,251030,0.34555435,0.66504127,1109,2092.6505019664764,0.34555435,29.84738658601672,0.0,0.0
18341,221770,0.2826964,10,0.0,13846,251160,0.47288486,0.75558126,1110,2094.0154328346252,0.47288486,28.50068970203513,0.0,0.0
18341,221770,0.3188731,10,0.0,13855,251250,0.3707683,0.6896414,1110,2094.0154328346252,0.3707683,146.5151552200537,0.0,0.0
18349,221850,0.29945895,10,0.0,13862,251320,0.4250665,0.72452545,1111,2095.477293252945,0.4250665,151.45719134799407,0.0,0.0
18355,221910,0.3093944,10,0.0,13871,251410,0.36320785,0.67260224,1112,2096.9305272102356,0.36320785,27.554278454102853,0.0,0.0
18355,221910,0.2985524,10,0.0,13882,251520,0.3971572,0.6957096,1113,2098.5805237293243,0.3971572,98.26684285004733,0.0,0.0
18362,221980,0.30285096,10,0.0,13886,251560,0.37887073,0.6817217,1113,2098.5805237293243,0.37887073,120.01007164602743,0.0,0.0
18369,222050,0.29723018,10,0.0,13896,251660,0.40621334,0.7034435,1114,2100.1762244701385,0.40621334,18.904203559267415,0.0,0.0
18369,222050,0.32347703,10,0.0,13909,251790,0.3687451,0.6922221,1114,2100.1762244701385,0.3687451,128.17563128187732,0.0,0.0
18373,222090,0.30996808,10,0.0,13912,251820,0.3575137,0.6674818,1115,2101.9337294101715,0.3575137,55.13720860835306,0.0,0.0
18380,222160,0.2902609,10,0.0,13923,251930,0.44831413,0.73857504,1116,2103.7043628692627,0.44831413,19.335869772167676,0.0,0.0
18380,222160,0.2989931,10,0.0,13934,252040,0.43787932,0.73687243,1116,2103.7043628692627,0.43787932,123.20606292042417,0.0,0.0
18386,222220,0.30338126,10,0.0,13938,252080,0.40470302,0.7080843,1117,2105.4917187690735,0.40470302,35.12737986661943,0.0,0.0
18394,222300,0.33524764,10,0.0,13949,252190,0.34319818,0.6784458,1118,2107.0405719280243,0.34319818,26.82443801631222,0.0,0.0
18400,222360,0.32775113,10,0.0,13962,252320,0.33275655,0.6605077,1119,2108.4300725460052,0.33275655,32.0669120823251,0.0,0.0
18400,222360,0.2848759,10,0.0,13975,252450,0.43400177,0.7188777,1119,2108.4300725460052,0.43400177,145.97769076829374,0.0,0.0
18405,222410,0.31169808,10,0.0,13980,252500,0.38183558,0.69353366,1120,2109.8031644821167,0.38183558,161.86536895605562,0.0,0.0
18413,222490,0.31878856,10,0.0,13988,252580,0.37374946,0.692538,1121,2111.2883496284485,0.37374946,20.064676864434997,0.0,0.0
18413,222490,0.31853142,10,0.0,13996,252660,0.3916174,0.7101488,1121,2111.2883496284485,0.3916174,115.71738752583036,0.0,0.0
18419,222550,0.32315606,10,0.0,14003,252730,0.34975743,0.6729135,1122,2113.2466235160828,0.34975743,57.721421434921545,0.0,0.0
18425,222610,0.32266518,10,0.0,14015,252850,0.36547998,0.68814516,1123,2114.8094363212585,0.36547998,42.637086493948495,0.0,0.0
18425,222610,0.3119563,10,0.0,14022,252920,0.38186556,0.69382185,1123,2114.8094363212585,0.38186556,143.1004906141889,0.0,0.0
18433,222690,0.27398217,10,0.0,14031,253010,0.51048803,0.7844702,1124,2116.383196115494,0.51048803,180.28231005965992,0.0,0.0
18437,222730,0.30198148,10,0.0,14042,253120,0.4053692,0.7073507,1125,2117.7921550273895,0.4053692,21.50834682849234,0.0,0.0
18438,222740,0.29373625,10,0.0,14054,253240,0.42308924,0.7168255,1126,2119.4846336841583,0.42308924,57.099542583315184,0.0,0.0
18444,222800,0.3177763,10,0.0,14058,253280,0.36019632,0.6779726,1126,2119.4846336841583,0.36019632,134.8590095622705,0.0,0.0
18451,222870,0.29490784,10,0.0,14068,253380,0.44974664,0.7446545,1127,2121.2327671051025,0.44974664,23.594164777038927,0.0,0.0
18451,222870,0.2987315,10,0.0,14079,253490,0.4364341,0.7351656,1128,2122.757890701294,0.4364341,92.62057025756987,0.0,0.0
18458,222940,0.32062104,10,0.0,14083,253530,0.36258468,0.6832057,1128,2122.757890701294,0.36258468,50.730041159231675,0.0,0.0
18460,222960,0.3000837,10,0.0,14095,253650,0.41000134,0.71008503,1129,2124.770438671112,0.41000134,39.0857541167996,0.0,0.0
18464,223000,0.31796777,10,0.0,14102,253720,0.3550523,0.67302006,1129,2124.770438671112,0.3550523,141.5755808262365,0.0,0.0
18469,223050,0.3329309,10,0.0,14111,253810,0.3274627,0.6603936,1130,2126.6017696857452,0.3274627,29.975800976251225,0.0,0.0
18476,223120,0.29338396,10,0.0,14123,253930,0.4250843,0.71846825,1131,2128.0222458839417,0.4250843,26.025891216681178,0.0,0.0
18482,223180,0.29684666,10,0.0,14135,254050,0.438181,0.7350277,1132,2129.3814404010773,0.438181,28.757812864246084,0.0,0.0
18482,223180,0.31914526,10,0.0,14146,254160,0.37963772,0.698783,1133,2130.7851934432983,0.37963772,154.1275557450061,0.0,0.0
18489,223250,0.31126654,10,0.0,14152,254220,0.36183047,0.673097,1133,2130.7851934432983,0.36183047,151.7542006165246,0.0,0.0
18497,223330,0.32431263,10,0.0,14162,254320,0.35455042,0.67886305,1134,2132.1403152942657,0.35455042,146.28571428571428,0.0,0.0
18501,223370,0.29097533,10,0.0,14173,254430,0.44336182,0.73433715,1135,2133.5580649375916,0.44336182,23.651814584115748,0.0,0.0
18501,223370,0.3136951,10,0.0,14181,254510,0.39666608,0.7103612,1135,2133.5580649375916,0.39666608,165.76507645429143,0.0,0.0
18509,223450,0.2961787,10,0.0,14187,254570,0.39292455,0.68910325,1136,2135.2553386688232,0.39292455,48.31796770510896,0.0,0.0
18514,223500,0.2835941,10,0.0,14200,254700,0.44939783,0.73299193,1137,2136.9753124713898,0.44939783,22.0587633577589,0.0,0.0
18521,223570,0.30417815,10,0.0,14212,254820,0.4090753,0.71325344,1138,2138.4305522441864,0.4090753,33.764800211236086,0.0,0.0
18522,223580,0.30168468,10,0.0,14224,254940,0.42503685,0.7267215,1139,2139.736090660095,0.42503685,99.1746449100423,0.0,0.0
18528,223640,0.32729295,10,0.0,14234,255040,0.32893482,0.65622777,1139,2139.736090660095,0.32893482,141.65878041778544,0.0,0.0
18533,223690,0.2808222,10,0.0,14240,255100,0.4590352,0.7398574,1140,2141.111194372177,0.4590352,35.707144316556565,0.0,0.0
18540,223760,0.29783818,10,0.0,14251,255210,0.39418373,0.6920219,1141,2142.4619953632355,0.39418373,22.533593788614322,0.0,0.0
18547,223830,0.28670526,10,0.0,14263,255330,0.48124945,0.7679547,1142,2143.8470606803894,0.48124945,26.25010013618521,0.0,0.0
18547,223830,0.32168123,10,0.0,14273,255430,0.34395382,0.66563505,1142,2143.8470606803894,0.34395382,142.72796877499005,0.0,0.0
18553,223890,0.29973784,10,0.0,14278,255480,0.41038838,0.7101262,1143,2145.4222214221954,0.41038838,41.850592042178825,0.0,0.0
18560,223960,0.29411426,10,0.0,14290,255600,0.44225314,0.7363674,1144,2147.167355775833,0.44225314,24.26932016689879,0.0,0.0
18560,223960,0.32799503,10,0.0,14302,255720,0.34413913,0.67213416,1145,2148.8664531707764,0.34413913,144.48668572806503,0.0,0.0
18566,224020,0.32974735,10,0.0,14307,255770,0.3150157,0.64476305,1145,2148.8664531707764,0.3150157,153.30786916044988,0.0,0.0
18572,224080,0.2788165,10,0.0,14317,255870,0.45958808,0.7384046,1146,2150.3716819286346,0.45958808,28.699076345368418,0.0,0.0
18579,224150,0.30003628,10,0.0,14329,255990,0.36982813,0.6698644,1147,2151.6943819522858,0.36982813,21.15501863161059,0.0,0.0
18585,224210,0.30384445,10,0.0,14342,256120,0.40124464,0.7050891,1148,2153.103693962097,0.40124464,31.264658439355134,0.0,0.0
18586,224220,0.31947157,10,0.0,14353,256230,0.34941527,0.66888684,1149,2154.4788200855255,0.34941527,71.20696738706008,0.0,0.0
18592,224280,0.29768103,10,0.0,14361,256310,0.44897175,0.7466528,1149,2154.4788200855255,0.44897175,164.77199157735944,0.0,0.0
18599,224350,0.3145615,10,0.0,14369,256390,0.39870352,0.713265,1150,2155.8883464336395,0.39870352,141.64203701202214,0.0,0.0
18604,224400,0.30713674,10,0.0,14380,256500,0.37309024,0.680227,1151,2157.2863194942474,0.37309024,27.598317637955265,0.0,0.0
18610,224460,0.30068704,10,0.0,14393,256630,0.39158443,0.6922715,1152,2158.6409859657288,0.39158443,31.38676179294171,0.0,0.0
18615,224510,0.31142208,10,0.0,14405,256750,0.41068962,0.7221117,1153,2159.934089899063,0.41068962,41.102493997746095,0.0,0.0
18617,224530,0.3053127,10,0.0,14415,256850,0.38497996,0.69029266,1153,2159.934089899063,0.38497996,207.61414485407676,0.0,0.0
18624,224600,0.31531665,10,0.0,14424,256940,0.3998399,0.71515656,1154,2161.3543586730957,0.3998399,195.8920756796645,0.0,0.0
18630,224660,0.27992192,10,0.0,14434,257040,0.45801678,0.7379387,1155,2162.681931734085,0.45801678,116.35847130365308,0.0,0.0
18636,224720,0.33938363,10,0.0,14445,257150,0.3256947,0.66507834,1156,2163.939348220825,0.3256947,26.916741911283868,0.0,0.0
18642,224780,0.30043054,10,0.0,14458,257280,0.38268918,0.6831197,1157,2165.2046551704407,0.38268918,27.00921363422104,0.0,0.0
18648,224840,0.31184506,10,0.0,14469,257390,0.36619425,0.6780393,1158,2166.468849658966,0.36619425,43.641978584308546,0.0,0.0
18651,224870,0.30695122,10,0.0,14482,257520,0.4054988,0.71245,1159,2167.7322838306427,0.4054988,24.57030851837836,0.0,0.0
18656,224920,0.30784354,10,0.0,14495,257650,0.35263678,0.6604803,1159,2167.7322838306427,0.35263678,29.795185378827487,0.0,0.0
18663,224990,0.29648653,10,0.0,14508,257780,0.40892544,0.705412,1160,2168.9929959774017,0.40892544,30.953473526514074,0.0,0.0
18674,225100,0.3251115,10,0.0,14522,257920,0.3560205,0.681132,1162,2171.463803052902,0.3560205,24.958563100302467,0.0,0.0
18681,225170,0.31257325,10,0.0,14534,258040,0.37649316,0.6890664,1163,2172.7492203712463,0.37649316,43.91729822437872,0.0,0.0
18681,225170,0.32974473,10,0.0,14540,258100,0.33336952,0.66311425,1163,2172.7492203712463,0.33336952,111.05120323227189,0.0,0.0
18688,225240,0.30619055,10,0.0,14547,258170,0.39495617,0.7011467,1164,2174.547903776169,0.39495617,20.008529484443233,0.0,0.0
18688,225240,0.32545695,10,0.0,14552,258220,0.34590498,0.6713619,1164,2174.547903776169,0.34590498,101.58060953635712,0.0,0.0
18694,225300,0.30069974,10,0.0,14561,258310,0.37770686,0.6784066,1165,2176.802697658539,0.37770686,24.69668091009564,0.0,0.0
18694,225300,0.30183747,10,0.0,14570,258400,0.40191862,0.7037561,1165,2176.802697658539,0.40191862,122.27685508298423,0.0,0.0
18701,225370,0.29209322,10,0.0,14575,258450,0.4465648,0.738658,1166,2178.6693501472473,0.4465648,46.3569135208917,0.0,0.0
18701,225370,0.32958665,10,0.0,14585,258550,0.31853524,0.6481219,1166,2178.6693501472473,0.31853524,87.61479024316877,0.0,0.0
18706,225420,0.2910639,10,0.0,14591,258610,0.43455374,0.72561765,1167,2181.268123149872,0.43455374,20.273121114177155,0.0,0.0
18707,225430,0.31557924,10,0.0,14603,258730,0.39916372,0.71474296,1168,2182.8943078517914,0.39916372,141.65925885897246,0.0,0.0
18713,225490,0.30719253,10,0.0,14609,258790,0.39539644,0.702589,1168,2182.8943078517914,0.39539644,154.81878213622622,0.0,0.0
18720,225560,0.26806843,10,0.0,14617,258870,0.5274948,0.7955632,1169,2184.330066919327,0.5274948,95.18555753497714,0.0,0.0
18726,225620,0.29512045,10,0.0,14628,258980,0.4144245,0.70954496,1170,2185.709123134613,0.4144245,21.556421153364823,0.0,0.0
18733,225690,0.31393307,10,0.0,14640,259100,0.3950643,0.70899737,1171,2187.0648560523987,0.3950643,30.953861867517627,0.0,0.0
18734,225700,0.28997076,10,0.0,14653,259230,0.47383577,0.7638065,1172,2188.401689052582,0.47383577,119.69533267696873,0.0,0.0
18738,225740,0.30810428,10,0.0,14659,259290,0.4050436,0.7131479,1172,2188.401689052582,0.4050436,127.31462706863685,0.0,0.0
18745,225810,0.2935962,10,0.0,14667,259370,0.41570586,0.70930207,1173,2189.954925775528,0.41570586,23.167356831527417,0.0,0.0
18753,225890,0.264377,10,0.0,14678,259480,0.47182822,0.7362052,1174,2191.4425575733185,0.47182822,27.61283475831304,0.0,0.0
18758,225940,0.30541337,10,0.0,14691,259610,0.37727594,0.6826893,1175,2192.8039009571075,0.37727594,29.379941832772023,0.0,0.0
18758,225940,0.27288014,10,0.0,14702,259720,0.3751911,0.6480712,1175,2192.8039009571075,0.3751911,168.64642305712815,0.0,0.0
18765,226010,0.28649127,10,0.0,14711,259810,0.38058144,0.6670727,1176,2194.26784324646,0.38058144,146.50850204691844,0.0,0.0
18770,226060,0.27131197,10,0.0,14718,259880,0.47444203,0.745754,1177,2195.6360297203064,0.47444203,32.323003155002,0.0,0.0
18777,226130,0.2832398,10,0.0,14730,260000,0.45600626,0.7392461,1178,2197.008786201477,0.45600626,26.325196169377868,0.0,0.0
18777,226130,0.29411718,10,0.0,14741,260110,0.44478694,0.7389041,1179,2198.392172574997,0.44478694,154.73482277248178,0.0,0.0
18785,226210,0.29800183,10,0.0,14752,260220,0.35508484,0.65308666,1179,2198.392172574997,0.35508484,171.2967621785866,0.0,0.0
18790,226260,0.29202592,10,0.0,14758,260280,0.45186716,0.7438931,1180,2199.708426952362,0.45186716,30.945503266970835,0.0,0.0
18793,226290,0.297222,10,0.0,14769,260390,0.41153696,0.70875895,1181,2201.534303188324,0.41153696,63.4915714008913,0.0,0.0
18797,226330,0.2907496,10,0.0,14778,260480,0.4401579,0.7309075,1181,2201.534303188324,0.4401579,157.69542250211487,0.0,0.0
18802,226380,0.29316467,10,0.0,14784,260540,0.4178623,0.71102697,1182,2203.0273485183716,0.4178623,23.442814632979424,0.0,0.0
18809,226450,0.2932542,10,0.0,14796,260660,0.38089663,0.6741508,1183,2204.895886659622,0.38089663,24.220675126927002,0.0,0.0
18809,226450,0.2806944,10,0.0,14806,260760,0.42250815,0.70320255,1183,2204.895886659622,0.42250815,177.8815226979711,0.0,0.0
18816,226520,0.2928897,10,0.0,14812,260820,0.38237262,0.67526233,1184,2206.5013139247894,0.38237262,178.67566370173466,0.0,0.0
18822,226580,0.2592762,10,0.0,14822,260920,0.46397948,0.7232557,1185,2207.922429084778,0.46397948,22.42842567499642,0.0,0.0
18828,226640,0.30170676,10,0.0,14835,261050,0.38288411,0.6845909,1186,2209.313226222992,0.38288411,26.09832768760936,0.0,0.0
18828,226640,0.25144315,10,0.0,14847,261170,0.4269907,0.67843384,1187,2210.7028007507324,0.4269907,123.73563676162998,0.0,0.0
18835,226710,0.2882763,10,0.0,14855,261250,0.4130671,0.7013434,1187,2210.7028007507324,0.4130671,171.83854738532636,0.0,0.0
18841,226770,0.26632202,10,0.0,14862,261320,0.45053333,0.71685535,1188,2212.088412284851,0.45053333,92.77750496591327,0.0,0.0
18848,226840,0.19507492,10,0.0,14873,261430,0.54594487,0.7410198,1189,2213.506868839264,0.54594487,26.37822526528823,0.0,0.0
18848,226840,0.27109054,10,0.0,14885,261550,0.44072762,0.71181816,1190,2215.1700863838196,0.44072762,119.04644859149933,0.0,0.0
18854,226900,0.2654436,10,0.0,14889,261590,0.44121966,0.70666325,1190,2215.1700863838196,0.44121966,132.55621537401595,0.0,0.0
18861,226970,0.12042868,10,0.0,14900,261700,0.6464217,0.76685035,1191,2216.9687221050262,0.6464217,21.964663230289137,0.0,0.0
18866,227020,0.2181969,10,0.0,14914,261840,0.48700717,0.70520407,1192,2218.4018609523773,0.48700717,20.429574463421584,0.0,0.0
18873,227090,0.28618178,10,0.0,14926,261960,0.38599977,0.67218155,1193,2219.873690843582,0.38599977,24.76929727380314,0.0,0.0
18874,227100,0.26129138,10,0.0,14937,262070,0.4211365,0.6824279,1194,2221.284583568573,0.4211365,86.2523263202703,0.0,0.0
18880,227160,0.2519108,10,0.0,14942,262120,0.5189479,0.7708587,1194,2221.284583568573,0.5189479,140.3617550306036,0.0,0.0
18887,227230,0.27397078,10,0.0,14951,262210,0.45263004,0.7266008,1195,2222.914463043213,0.45263004,25.017395790773342,0.0,0.0
18892,227280,0.2848857,10,0.0,14964,262340,0.3709228,0.6558085,1196,2224.4441578388214,0.3709228,26.947004852550688,0.0,0.0
18893,227290,0.25937468,10,0.0,14976,262460,0.4745186,0.7338933,1197,2225.8432178497314,0.4745186,103.115717738109,0.0,0.0
18899,227350,0.21853864,10,0.0,14983,262530,0.437652,0.65619063,1197,2225.8432178497314,0.437652,120.80647019516579,0.0,0.0
18905,227410,0.08036125,10,0.0,14990,262600,0.65066916,0.7310304,1198,2227.36429810524,0.65066916,29.614621247692043,0.0,0.0
18912,227480,0.12077564,10,0.0,15001,262710,0.63538426,0.7561599,1199,2228.8055095672607,0.63538426,26.841295225808267,0.0,0.0
18918,227540,0.28311878,10,0.0,15014,262840,0.37699968,0.66011846,1200,2230.1501970291138,0.37699968,28.697014604722828,0.0,0.0
18918,227540,0.011966765,10,0.0,15026,262960,0.7140701,0.72603685,1200,2230.1501970291138,0.7140701,201.22163479529078,0.0,0.0
18924,227600,0.28377628,10,0.0,15034,263040,0.36739767,0.65117395,1201,2231.5872123241425,0.36739767,150.62284532291426,0.0,0.0
18930,227660,0.20467746,10,0.0,15042,263120,0.53090996,0.7355874,1202,2232.9654879570007,0.53090996,33.78593321438497,0.0,0.0
18937,227730,0.22065365,10,0.0,15053,263230,0.43987685,0.6605305,1203,2234.4772045612335,0.43987685,24.111985559151716,0.0,0.0
18937,227730,0.015023828,10,0.0,15063,263330,0.7507547,0.76577854,1203,2234.4772045612335,0.7507547,152.0838031973719,0.0,0.0
18944,227800,0.19784975,10,0.0,15067,263370,0.5273501,0.7251999,1204,2235.9833471775055,0.5273501,71.9426010322346,0.0,0.0
18949,227850,0.24611449,10,0.0,15079,263490,0.4406773,0.6867918,1205,2237.7990398406982,0.4406773,29.48776283264482,0.0,0.0
18951,227870,0.1639418,10,0.0,15089,263590,0.5610947,0.7250365,1205,2237.7990398406982,0.5610947,142.56641740312713,0.0,0.0
18956,227920,0.018689215,10,0.0,15095,263650,0.7593043,0.7779935,1206,2239.5003855228424,0.7593043,183.7688728432601,0.0,0.0
18963,227990,0.25667894,10,0.0,15105,263750,0.41414934,0.6708283,1207,2240.864593267441,0.41414934,23.691252043321235,0.0,0.0
18964,228000,0.19195977,10,0.0,15117,263870,0.4861516,0.6781114,1208,2242.3681235313416,0.4861516,71.4494464517206,0.0,0.0
18969,228050,0.20222044,10,0.0,15125,263950,0.49377453,0.695995,1208,2242.3681235313416,0.49377453,170.71112268820005,0.0,0.0
18975,228110,0.2962352,10,0.0,15132,264020,0.40752196,0.70375717,1209,2243.821971178055,0.40752196,45.55238307277101,0.0,0.0
18982,228180,0.30724737,10,0.0,15143,264130,0.3298473,0.6370947,1210,2245.173031568527,0.3298473,26.309162314009775,0.0,0.0
18988,228240,0.22607478,10,0.0,15155,264250,0.48748174,0.7135565,1211,2246.5243730545044,0.48748174,26.871560814442706,0.0,0.0
18988,228240,0.19468004,10,0.0,15166,264360,0.5405553,0.73523533,1211,2246.5243730545044,0.5405553,152.68337786579107,0.0,0.0
18994,228300,0.23966521,10,0.0,15172,264420,0.51060516,0.75027037,1212,2247.9884226322174,0.51060516,142.3950786612981,0.0,0.0
19001,228370,0.30066028,10,0.0,15182,264520,0.38865247,0.68931276,1213,2249.385908126831,0.38865247,43.13281558509938,0.0,0.0
19007,228430,0.2172522,10,0.0,15194,264640,0.53034776,0.74759996,1214,2250.8156790733337,0.53034776,19.266130310261435,0.0,0.0
19007,228430,0.21171874,10,0.0,15204,264740,0.5007335,0.71245223,1214,2250.8156790733337,0.5007335,131.24877569476388,0.0,0.0
19014,228500,0.2587794,10,0.0,15209,264790,0.41892314,0.67770255,1215,2252.5134019851685,0.41892314,135.80435746918397,0.0,0.0
19020,228560,0.2803459,10,0.0,15219,264890,0.3751934,0.6555393,1216,2254.161794424057,0.3751934,30.34227716970622,0.0,0.0
19020,228560,0.25219584,10,0.0,15230,265000,0.43177426,0.6839701,1216,2254.161794424057,0.43177426,154.94174405804168,0.0,0.0
19026,228620,0.26924652,10,0.0,15235,265050,0.42097205,0.69021857,1217,2255.5765237808228,0.42097205,141.43140871523903,0.0,0.0
19033,228690,0.21928453,10,0.0,15245,265150,0.5069218,0.72620636,1218,2257.0235073566437,0.5069218,31.33700075684504,0.0,0.0
19038,228740,0.27956837,10,0.0,15256,265260,0.3845123,0.6640807,1219,2258.6738698482513,0.3845123,34.532218678320376,0.0,0.0
19040,228760,0.3046731,10,0.0,15264,265340,0.39506152,0.6997346,1219,2258.6738698482513,0.39506152,128.87151881621315,0.0,0.0
19046,228820,0.2896769,10,0.0,15274,265440,0.35408938,0.6437663,1220,2260.526337623596,0.35408938,19.94985785448504,0.0,0.0
19046,228820,0.23519418,10,0.0,15283,265530,0.44595543,0.6811496,1220,2260.526337623596,0.44595543,158.41610484769512,0.0,0.0
19053,228890,0.18107814,10,0.0,15291,265610,0.5263393,0.7074174,1221,2262.6356801986694,0.5263393,155.15036731795013,0.0,0.0
19058,228940,0.17022294,10,0.0,15302,265720,0.5208483,0.6910712,1222,2264.1313066482544,0.5208483,27.241153112241783,0.0,0.0
19058,228940,0.23321074,10,0.0,15312,265820,0.44378436,0.6769951,1223,2265.746560573578,0.44378436,118.2920253150277,0.0,0.0
19065,229010,0.1883778,10,0.0,15318,265880,0.51100934,0.69938713,1223,2265.746560573578,0.51100934,176.92558190546092,0.0,0.0
19072,229080,0.24964386,10,0.0,15327,265970,0.4557829,0.70542675,1224,2267.191846847534,0.4557829,31.95443508973487,0.0,0.0
19078,229140,0.25609475,10,0.0,15340,266100,0.52976245,0.7858572,1225,2268.5007858276367,0.52976245,17.25894064778471,0.0,0.0
19078,229140,0.21593288,10,0.0,15347,266170,0.4555796,0.6715125,1225,2268.5007858276367,0.4555796,94.34837084275287,0.0,0.0
19085,229210,0.271689,10,0.0,15355,266250,0.47132885,0.74301785,1226,2270.8854682445526,0.47132885,15.306159388557049,0.0,0.0
19085,229210,0.2952318,10,0.0,15365,266350,0.42920747,0.72443926,1226,2270.8854682445526,0.42920747,100.59971697886935,0.0,0.0
19090,229260,0.23063797,10,0.0,15370,266400,0.47204703,0.702685,1227,2273.2339210510254,0.47204703,18.831414485130143,0.0,0.0
19090,229260,0.22909483,10,0.0,15379,266490,0.44405827,0.6731531,1227,2273.2339210510254,0.44405827,101.0312923793626,0.0,0.0
19097,229330,0.26583475,10,0.0,15386,266560,0.48548424,0.751319,1228,2275.9616050720215,0.48548424,16.632236124152982,0.0,0.0
19100,229360,0.28829405,10,0.0,15398,266680,0.4247605,0.71305454,1229,2277.823469400406,0.4247605,76.43058240839109,0.0,0.0
19104,229400,0.1953904,10,0.0,15405,266750,0.52096367,0.7163541,1229,2277.823469400406,0.52096367,126.25915869451352,0.0,0.0
19110,229460,0.27786574,10,0.0,15413,266830,0.41677603,0.69464177,1230,2279.529784679413,0.41677603,40.94216776677346,0.0,0.0
19116,229520,0.23032048,10,0.0,15425,266950,0.46106955,0.69139004,1231,2281.2083122730255,0.46106955,26.223414298665165,0.0,0.0
19116,229520,0.2896525,10,0.0,15437,267070,0.42072603,0.7103785,1232,2282.686475276947,0.42072603,141.26754349034204,0.0,0.0
19122,229580,0.26091713,10,0.0,15442,267120,0.49582636,0.7567435,1232,2282.686475276947,0.49582636,122.34533654196747,0.0,0.0
19129,229650,0.2766333,10,0.0,15452,267220,0.4546645,0.7312978,1233,2284.2855372428894,0.4546645,24.630331046648603,0.0,0.0
19129,229650,0.26216504,10,0.0,15463,267330,0.44465593,0.70682096,1233,2284.2855372428894,0.44465593,134.43583670146447,0.0,0.0
19136,229720,0.21419224,10,0.0,15468,267380,0.46225306,0.6764453,1234,2285.844362258911,0.46225306,87.52282857285945,0.0,0.0
19142,229780,0.2903633,10,0.0,15479,267490,0.41119498,0.7015583,1235,2287.5660421848297,0.41119498,18.624158943055676,0.0,0.0
19142,229780,0.24532583,10,0.0,15491,267610,0.45200714,0.697333,1236,2289.2503564357758,0.45200714,129.10039490653674,0.0,0.0
19148,229840,0.1923495,10,0.0,15496,267660,0.5781627,0.7705122,1236,2289.2503564357758,0.5781627,148.14371088286404,0.0,0.0
19154,229900,0.28234026,10,0.0,15506,267760,0.3729153,0.65525556,1237,2290.9566009044647,0.3729153,26.47965999398979,0.0,0.0
19154,229900,0.25676554,10,0.0,15513,267830,0.51340693,0.7701725,1237,2290.9566009044647,0.51340693,160.6459075414608,0.0,0.0
19162,229980,0.2936916,10,0.0,15520,267900,0.41897628,0.7126679,1238,2292.7515766620636,0.41897628,21.835370945339523,0.0,0.0
19162,229980,0.27309868,10,0.0,15531,268010,0.4707184,0.7438171,1239,2294.755200624466,0.4707184,100.85710300914236,0.0,0.0
19169,230050,0.26824495,10,0.0,15536,268060,0.40743664,0.6756816,1239,2294.755200624466,0.40743664,133.1880247431061,0.0,0.0
19174,230100,0.28737426,10,0.0,15548,268180,0.45263737,0.74001163,1240,2296.6792912483215,0.45263737,20.939911204037504,0.0,0.0
19174,230100,0.28346744,10,0.0,15558,268280,0.41538855,0.698856,1240,2296.6792912483215,0.41538855,116.9417787021909,0.0,0.0
19180,230160,0.25624385,10,0.0,15562,268320,0.4234257,0.67966956,1241,2298.583525657654,0.4234257,27.503362262010537,0.0,0.0
19187,230230,0.28674042,10,0.0,15575,268450,0.3858599,0.6726003,1242,2300.3016209602356,0.3858599,25.681005515444223,0.0,0.0
19187,230230,0.27003008,10,0.0,15584,268540,0.43750793,0.707538,1242,2300.3016209602356,0.43750793,142.44101895340268,0.0,0.0
19194,230300,0.2901282,10,0.0,15592,268620,0.4371105,0.7272387,1243,2302.3068511486053,0.4371105,28.769904772618304,0.0,0.0
19196,230320,0.21434355,10,0.0,15604,268740,0.53987044,0.754214,1244,2304.055097579956,0.53987044,56.481183729642524,0.0,0.0
19200,230360,0.27963036,10,0.0,15611,268810,0.44423753,0.7238679,1244,2304.055097579956,0.44423753,144.46876959004706,0.0,0.0
19206,230420,0.26380688,10,0.0,15619,268890,0.48877394,0.7525808,1245,2305.6782410144806,0.48877394,19.734669334151395,0.0,0.0
19212,230480,0.24952203,10,0.0,15631,269010,0.53747404,0.78699607,1246,2307.2465925216675,0.53747404,28.59295889770339,0.0,0.0
19212,230480,0.27443305,10,0.0,15640,269100,0.49051562,0.76494867,1246,2307.2465925216675,0.49051562,120.43980025786148,0.0,0.0
19218,230540,0.30093113,10,0.0,15646,269160,0.39973333,0.70066446,1247,2308.9702615737915,0.39973333,51.98858664260375,0.0,0.0
19221,230570,0.19680494,10,0.0,15658,269280,0.57235813,0.7691631,1248,2310.6261801719666,0.57235813,22.017956405086334,0.0,0.0
19225,230610,0.26399606,10,0.0,15668,269380,0.5250871,0.7890832,1248,2310.6261801719666,0.5250871,119.38359946489057,0.0,0.0
19233,230690,0.2859213,10,0.0,15677,269470,0.4497744,0.7356957,1249,2312.33064866066,0.4497744,158.30489411249627,0.0,0.0
19237,230730,0.31946784,10,0.0,15686,269560,0.3548336,0.67430145,1250,2313.787939310074,0.3548336,38.31264837767651,0.0,0.0
19245,230810,0.18170542,10,0.0,15696,269660,0.5545558,0.7362612,1251,2315.1640951633453,0.5545558,24.69518319860106,0.0,0.0
19247,230830,0.2712208,10,0.0,15708,269780,0.4758579,0.7470787,1252,2316.557362318039,0.4758579,61.29827766370233,0.0,0.0
19251,230870,0.2572658,10,0.0,15716,269860,0.39387405,0.65113986,1252,2316.557362318039,0.39387405,171.70629462238816,0.0,0.0
19258,230940,0.27971408,10,0.0,15725,269950,0.42050305,0.7002171,1253,2317.966991186142,0.42050305,155.69692897631307,0.0,0.0
19263,230990,0.2633608,10,0.0,15735,270050,0.4119882,0.675349,1254,2319.2550399303436,0.4119882,43.42882703036277,0.0,0.0
19270,231060,0.30307996,10,0.0,15746,270160,0.39306056,0.6961405,1255,2320.5439660549164,0.39306056,25.190818329946975,0.0,0.0
19277,231130,0.19008079,10,0.0,15758,270280,0.47922817,0.66930896,1256,2321.868802547455,0.47922817,30.64878049493389,0.0,0.0
19282,231180,0.23228422,10,0.0,15772,270420,0.432691,0.6649752,1257,2323.137848138809,0.432691,22.098627339510735,0.0,0.0
19289,231250,0.23878515,10,0.0,15784,270540,0.5514174,0.79020256,1258,2324.425499677658,0.5514174,29.553773188060127,0.0,0.0
19295,231310,0.2715524,10,0.0,15797,270670,0.39670292,0.6682553,1259,2325.727285861969,0.39670292,24.17282373905847,0.0,0.0
19302,231380,0.29758614,10,0.0,15809,270790,0.4339649,0.73155105,1260,2327.048373937607,0.4339649,28.73446659774731,0.0,0.0
19305,231410,0.13103092,10,0.0,15821,270910,0.6028137,0.73384464,1261,2328.3223366737366,0.6028137,79.04251289483057,0.0,0.0
19309,231450,0.24472725,10,0.0,15832,271020,0.40492105,0.6496483,1261,2328.3223366737366,0.40492105,172.54616735847426,0.0,0.0
19314,231500,0.25385594,10,0.0,15840,271100,0.4634704,0.71732634,1262,2329.585185289383,0.4634704,166.73705635415342,0.0,0.0
19321,231570,0.22300333,10,0.0,15848,271180,0.53050965,0.753513,1263,2330.8944685459137,0.53050965,33.417580325052846,0.0,0.0
19328,231640,0.23955467,10,0.0,15860,271300,0.4237058,0.66326046,1264,2332.157712459564,0.4237058,44.589943644692596,0.0,0.0
19333,231690,0.20309168,10,0.0,15873,271430,0.44936532,0.652457,1265,2333.417106628418,0.44936532,30.681715271788548,0.0,0.0
19333,231690,0.28324306,10,0.0,15885,271550,0.45534313,0.7385862,1266,2334.7239570617676,0.45534313,32.658720858253204,0.0,0.0
19341,231770,0.24746534,10,0.0,15899,271690,0.46718833,0.7146537,1266,2334.7239570617676,0.46718833,28.342764469371897,0.0,0.0
19346,231820,0.12980157,10,0.0,15911,271810,0.5930029,0.7228045,1267,2336.016876220703,0.5930029,32.08864822021897,0.0,0.0
19360,231960,0.21359128,10,0.0,15923,271930,0.4728663,0.6864576,1269,2338.5580468177795,0.4728663,28.58409274913518,0.0,0.0
19365,232010,0.3025972,10,0.0,15937,272070,0.39195713,0.6945543,1270,2339.840585708618,0.39195713,22.97965456313605,0.0,0.0
19373,232090,0.11857718,10,0.0,15949,272190,0.58200747,0.70058465,1271,2341.1572189331055,0.58200747,30.61719022598433,0.0,0.0
19379,232150,0.24961948,10,0.0,15961,272310,0.4319849,0.6816044,1272,2342.4783012866974,0.4319849,40.82965610760181,0.0,0.0
19379,232150,0.26603317,10,0.0,15973,272430,0.4927926,0.7588258,1272,2342.4783012866974,0.4927926,183.68597842700171,0.0,0.0
19385,232210,0.30679077,10,0.0,15980,272500,0.37889212,0.6856829,1273,2343.832956314087,0.37889212,171.33524781353017,0.0,0.0
19392,232280,0.2787433,10,0.0,15990,272600,0.48093,0.7596733,1274,2345.1357243061066,0.48093,198.23632556798577,0.0,0.0
19397,232330,0.30270785,10,0.0,16001,272710,0.38168114,0.684389,1275,2346.432075738907,0.38168114,25.04904036401489,0.0,0.0
19404,232400,0.33133793,10,0.0,16013,272830,0.30586314,0.6372011,1276,2347.7209548950195,0.30586314,25.357690428860934,0.0,0.0
19411,232470,0.29763606,10,0.0,16025,272950,0.35225776,0.6498938,1277,2349.0004398822784,0.35225776,24.507154997981257,0.0,0.0
19417,232530,0.31442195,10,0.0,16038,273080,0.3803441,0.69476604,1278,2350.2891778945923,0.3803441,34.95661160468721,0.0,0.0
19417,232530,0.07901418,10,0.0,16050,273200,0.71037406,0.78938824,1279,2351.5817487239838,0.71037406,28.60600505240644,0.0,0.0
19424,232600,0.3106897,10,0.0,16064,273340,0.38180465,0.69249433,1279,2351.5817487239838,0.38180465,24.477149605003387,0.0,0.0
19429,232650,0.3066366,10,0.0,16076,273460,0.40481266,0.71144927,1280,2352.8428955078125,0.40481266,32.72236763575795,0.0,0.0
19443,232790,0.28070834,10,0.0,16088,273580,0.44558743,0.72629577,1282,2355.4229958057404,0.44558743,31.188497528301102,0.0,0.0
19443,232790,0.10975647,10,0.0,16101,273710,0.5999931,0.7097496,1283,2356.7664036750793,0.5999931,33.43185743788972,0.0,0.0
19449,232850,0.23417324,10,0.0,16113,273830,0.41498208,0.6491553,1283,2356.7664036750793,0.41498208,60.261516600887624,0.0,0.0
19456,232920,0.20938283,10,0.0,16124,273940,0.5267937,0.73617655,1284,2358.040103673935,0.5267937,171.79842795761465,0.0,0.0
19462,232980,0.28152767,10,0.0,16131,274010,0.3957627,0.6772904,1285,2359.3054723739624,0.3957627,176.6186341471631,0.0,0.0
19469,233050,0.09193498,10,0.0,16140,274100,0.6107155,0.7026505,1286,2360.6214652061462,0.6107155,56.01090758068845,0.0,0.0
19475,233110,0.29609716,10,0.0,16152,274220,0.43582547,0.7319226,1287,2361.9170327186584,0.43582547,23.721667839278968,0.0,0.0
19481,233170,0.3073063,10,0.0,16165,274350,0.3712325,0.6785388,1288,2363.1941900253296,0.3712325,25.905061188087746,0.0,0.0
19488,233240,0.20935169,10,0.0,16177,274470,0.46588883,0.6752405,1289,2364.4802548885345,0.46588883,31.547387224760723,0.0,0.0
19494,233300,0.24784783,10,0.0,16190,274600,0.46855834,0.71640617,1290,2365.750638961792,0.46855834,26.203296353170344,0.0,0.0
19498,233340,0.19718814,10,0.0,16202,274720,0.47781754,0.6750057,1291,2367.080821990967,0.47781754,51.8375922602716,0.0,0.0
19500,233360,0.26232326,10,0.0,16212,274820,0.40322196,0.6655452,1291,2367.080821990967,0.40322196,182.82526066185446,0.0,0.0
19507,233430,0.27626577,10,0.0,16221,274910,0.4807308,0.7569966,1292,2368.372060775757,0.4807308,181.88340184905726,0.0,0.0
19513,233490,0.30598444,10,0.0,16229,274990,0.3911932,0.69717765,1293,2369.6556344032288,0.3911932,80.58267386747666,0.0,0.0
19520,233560,0.2985968,10,0.0,16241,275110,0.41994447,0.71854126,1294,2370.9779527187347,0.41994447,31.041418121427238,0.0,0.0
19525,233610,0.046385825,10,0.0,16253,275230,0.66125894,0.70764476,1295,2372.2364590168,0.66125894,25.684889940813907,0.0,0.0
19533,233690,0.2853404,10,0.0,16265,275350,0.44638923,0.7317296,1296,2373.5082952976227,0.44638923,32.65119545002682,0.0,0.0
19535,233710,0.28284702,10,0.0,16277,275470,0.38168868,0.6645357,1297,2374.7968366146088,0.38168868,55.49988620304553,0.0,0.0
19539,233750,0.19814175,10,0.0,16288,275580,0.52802634,0.7261681,1297,2374.7968366146088,0.52802634,169.34982295060786,0.0,0.0
19545,233810,0.08992159,10,0.0,16294,275640,0.6059448,0.6958664,1298,2376.1198167800903,0.6059448,171.51811564570212,0.0,0.0
19553,233890,0.2547935,10,0.0,16305,275750,0.491585,0.7463785,1299,2377.4155871868134,0.491585,124.98819939447398,0.0,0.0
19558,233940,0.25415874,10,0.0,16317,275870,0.48754632,0.74170506,1300,2378.6616027355194,0.48754632,42.418509068144836,0.0,0.0
19564,234000,0.24435562,10,0.0,16329,275990,0.4749443,0.7192999,1301,2379.9424426555634,0.4749443,25.06859295536333,0.0,0.0
19571,234070,0.18883193,10,0.0,16342,276120,0.50228846,0.6911204,1302,2381.26308965683,0.50228846,28.9654076996545,0.0,0.0
19577,234130,0.157458,10,0.0,16355,276250,0.5118911,0.66934913,1303,2382.598462820053,0.5118911,28.246849061368803,0.0,0.0
19584,234200,0.16991103,10,0.0,16368,276380,0.53365344,0.70356447,1304,2383.869817018509,0.53365344,23.342551321786082,0.0,0.0
19590,234260,0.14402252,10,0.0,16381,276510,0.51059115,0.6546137,1305,2385.3253054618835,0.51059115,27.11239646129362,0.0,0.0
19590,234260,0.2774494,10,0.0,16394,276640,0.42635217,0.7038016,1306,2386.6478686332703,0.42635217,24.774022828959996,0.0,0.0
19597,234330,0.19922408,10,0.0,16406,276760,0.46043172,0.6596558,1306,2386.6478686332703,0.46043172,28.60153798839519,0.0,0.0
19603,234390,0.29297104,10,0.0,16419,276890,0.41959873,0.7125698,1307,2387.9506964683533,0.41959873,45.07827941133797,0.0,0.0
19609,234450,0.27158988,10,0.0,16429,276990,0.47477764,0.7463675,1308,2389.2371191978455,0.47477764,177.36550545928162,0.0,0.0
19616,234520,0.06887829,10,0.0,16439,277090,0.6103353,0.6792136,1309,2390.5932126045227,0.6103353,185.89301068120375,0.0,0.0
19621,234570,0.11442888,10,0.0,16447,277170,0.54006535,0.6544942,1310,2391.8665914535522,0.54006535,83.06621644370067,0.0,0.0
19622,234580,0.25872934,10,0.0,16458,277280,0.44991237,0.7086417,1311,2393.159690618515,0.44991237,26.14883180425084,0.0,0.0
19628,234640,0.2975815,10,0.0,16470,277400,0.38936067,0.68694216,1311,2393.159690618515,0.38936067,29.33826512482898,0.0,0.0
19635,234710,0.24495035,10,0.0,16483,277530,0.41070735,0.6556577,1312,2394.441841363907,0.41070735,27.721514804225208,0.0,0.0
19641,234770,0.05509156,10,0.0,16492,277620,0.62606657,0.6811581,1313,2395.7014214992523,0.62606657,142.38492743783416,0.0,0.0
19644,234800,0.2644297,10,0.0,16499,277690,0.5079684,0.7723981,1314,2397.2545459270477,0.5079684,131.98683374136988,0.0,0.0
19648,234840,0.2532997,10,0.0,16510,277800,0.44269788,0.6959976,1314,2397.2545459270477,0.44269788,21.730208499553406,0.0,0.0
19653,234890,0.25227085,10,0.0,16520,277900,0.43047014,0.682741,1315,2398.83952999115,0.43047014,155.55487974484024,0.0,0.0
19661,234970,0.29508203,10,0.0,16527,277970,0.42950553,0.72458756,1316,2400.4519679546356,0.42950553,181.20526900162875,0.0,0.0
19667,235030,0.16838664,10,0.0,16536,278060,0.50101054,0.6693972,1317,2401.8951892852783,0.50101054,49.719756895834344,0.0,0.0
19673,235090,0.2398178,10,0.0,16549,278190,0.51671517,0.75653297,1318,2403.159220933914,0.51671517,19.67736895958175,0.0,0.0
19680,235160,0.15638602,10,0.0,16561,278310,0.5885101,0.7448961,1319,2404.511114358902,0.5885101,33.61844151264007,0.0,0.0
19685,235210,0.24898142,10,0.0,16574,278440,0.516462,0.76544344,1320,2405.7697649002075,0.516462,34.96657824226064,0.0,0.0
19685,235210,0.26486474,10,0.0,16585,278550,0.4882232,0.75308794,1320,2405.7697649002075,0.4882232,183.5461129466337,0.0,0.0
19692,235280,0.06810808,10,0.0,16593,278630,0.60823053,0.6763386,1321,2407.090341091156,0.60823053,169.22683386389403,0.0,0.0
19699,235350,0.27000895,10,0.0,16601,278710,0.44677582,0.7167848,1322,2408.3927755355835,0.44677582,129.04319895640722,0.0,0.0
19705,235410,0.25725728,10,0.0,16613,278830,0.50736517,0.76462245,1323,2409.673632144928,0.50736517,29.10705958117741,0.0,0.0
19712,235480,0.24592161,10,0.0,16625,278950,0.48689502,0.73281664,1324,2410.9720590114594,0.48689502,27.296235097654737,0.0,0.0
19718,235540,0.2414836,10,0.0,16638,279080,0.42711887,0.66860247,1325,2412.238077878952,0.42711887,21.23816516362937,0.0,0.0
19724,235600,0.20721078,10,0.0,16651,279210,0.48064858,0.68785936,1326,2413.536082983017,0.48064858,29.58616929200787,0.0,0.0
19731,235670,0.14591753,10,0.0,16663,279330,0.51178104,0.6576986,1327,2414.812545776367,0.51178104,26.658853065959036,0.0,0.0
19737,235730,0.20570824,10,0.0,16676,279460,0.47742227,0.6831305,1328,2416.1079919338226,0.47742227,24.36508969235059,0.0,0.0
19744,235800,0.09067786,10,0.0,16688,279580,0.6516571,0.74233496,1329,2417.415148496628,0.6516571,31.249913387240618,0.0,0.0
19745,235810,0.06395483,10,0.0,16700,279700,0.6526218,0.71657664,1330,2418.6944739818573,0.6526218,70.5517914213625,0.0,0.0
19751,235870,0.16713345,10,0.0,16711,279810,0.5711984,0.73833185,1330,2418.6944739818573,0.5711984,186.4209679498291,0.0,0.0
19756,235920,0.15175498,10,0.0,16719,279890,0.56397855,0.7157335,1331,2419.9706213474274,0.56397855,159.81832176252277,0.0,0.0
19763,235990,0.00802356,10,0.0,16727,279970,0.7343673,0.7423909,1332,2421.2716047763824,0.7343673,79.20550961482172,0.0,0.0
19769,236050,0.012309134,10,0.0,16739,280090,0.7442588,0.75656796,1333,2422.6204669475555,0.7442588,21.597757785880496,0.0,0.0
19775,236110,0.08668023,10,0.0,16751,280210,0.6204846,0.7071648,1334,2423.916244029999,0.6204846,28.957968421946532,0.0,0.0
19782,236180,0.074344516,10,0.0,16763,280330,0.64400476,0.7183493,1335,2425.20041680336,0.64400476,23.303229491283034,0.0,0.0
19788,236240,0.14961678,10,0.0,16776,280460,0.5498123,0.6994291,1336,2426.492199897766,0.5498123,32.81414489125333,0.0,0.0
19795,236310,0.14815575,10,0.0,16788,280580,0.60550946,0.7536652,1337,2427.7914929389954,0.60550946,28.199769523596938,0.0,0.0
19800,236360,0.1450001,10,0.0,16802,280720,0.54416937,0.68916947,1338,2429.045748233795,0.54416937,25.504281112937345,0.0,0.0
19807,236430,0.08291817,10,0.0,16815,280850,0.598985,0.6819032,1339,2430.340219974518,0.598985,22.236628505567236,0.0,0.0
19815,236510,0.10481095,10,0.0,16827,280970,0.6229231,0.727734,1340,2431.6660664081573,0.6229231,28.54326263818899,0.0,0.0
19820,236560,0.088546574,10,0.0,16841,281110,0.59169334,0.6802399,1341,2432.9229052066803,0.59169334,23.91426610076333,0.0,0.0
19828,236640,0.14802957,10,0.0,16853,281230,0.55459136,0.7026209,1342,2434.2252826690674,0.55459136,26.297269269786415,0.0,0.0
19833,236690,0.038988054,10,0.0,16866,281360,0.6839402,0.7229282,1343,2435.4962544441223,0.6839402,28.78641193156276,0.0,0.0
19839,236750,0.23271972,10,0.0,16879,281490,0.4435243,0.676244,1344,2436.7773637771606,0.4435243,30.117517301597104,0.0,0.0
19846,236820,0.19360775,10,0.0,16891,281610,0.48427755,0.6778853,1345,2438.05375123024,0.48427755,26.654905634237824,0.0,0.0
19853,236890,0.18343511,10,0.0,16903,281730,0.4965125,0.6799476,1346,2439.3417599201202,0.4965125,27.35443006603979,0.0,0.0
19853,236890,0.17209303,10,0.0,16915,281850,0.51015335,0.6822464,1347,2440.6325323581696,0.51015335,137.93604230521316,0.0,0.0
19860,236960,0.01787448,10,0.0,16926,281960,0.7877476,0.8056221,1347,2440.6325323581696,0.7877476,162.8198319901865,0.0,0.0
19865,237010,0.012452304,10,0.0,16935,282050,0.73507,0.7475223,1348,2441.905379295349,0.73507,152.36833119001432,0.0,0.0
19871,237070,0.25642264,10,0.0,16943,282130,0.42087257,0.6772952,1349,2443.185012817383,0.42087257,39.16809777680658,0.0,0.0
19878,237140,0.016312778,10,0.0,16955,282250,0.7706306,0.7869434,1350,2444.4677476882935,0.7706306,31.3521327846734,0.0,0.0
19885,237210,0.17618462,10,0.0,16967,282370,0.4782807,0.6544653,1351,2445.828109741211,0.4782807,32.643851352823795,0.0,0.0
19892,237280,0.13340616,10,0.0,16979,282490,0.5145672,0.64797336,1352,2447.151755332947,0.5145672,36.30501620363959,0.0,0.0
19894,237300,0.11053318,10,0.0,16992,282620,0.607225,0.7177582,1353,2448.4197697639465,0.607225,59.43963006684702,0.0,0.0
19897,237330,0.12879926,10,0.0,17003,282730,0.5760308,0.70483005,1353,2448.4197697639465,0.5760308,177.9509546033093,0.0,0.0
19903,237390,0.2328561,10,0.0,17009,282790,0.433676,0.6665321,1354,2449.6803719997406,0.433676,131.12526964079157,0.0,0.0
19910,237460,0.18387386,10,0.0,17020,282900,0.4785314,0.66240525,1355,2451.1091573238373,0.4785314,28.223716970416366,0.0,0.0
19917,237530,0.17735347,10,0.0,17031,283010,0.4695458,0.6468993,1356,2452.3991022109985,0.4695458,29.85764899090027,0.0,0.0
19922,237580,0.12055743,10,0.0,17044,283140,0.58208054,0.702638,1357,2453.650903701782,0.58208054,28.34312837073963,0.0,0.0
19929,237650,0.15219504,10,0.0,17056,283260,0.5581424,0.71033746,1358,2454.9398312568665,0.5581424,37.79214027310366,0.0,0.0
19929,237650,0.04707873,10,0.0,17069,283390,0.6968569,0.74393564,1358,2454.9398312568665,0.6968569,173.17093713615682,0.0,0.0
19935,237710,0.23490605,10,0.0,17077,283470,0.42554596,0.660452,1359,2456.2292330265045,0.42554596,175.300254112612,0.0,0.0
19942,237780,0.11475116,10,0.0,17085,283550,0.59231734,0.7070685,1360,2457.5521652698517,0.59231734,170.91772990109985,0.0,0.0
19949,237850,0.0122740865,10,0.0,17096,283660,0.7555479,0.76782197,1361,2458.842110157013,0.7555479,60.680252425442774,0.0,0.0
19954,237900,0.21756801,10,0.0,17109,283790,0.47380665,0.69137466,1362,2460.096978187561,0.47380665,30.989264630911656,0.0,0.0
19962,237980,0.20353097,10,0.0,17121,283910,0.48796862,0.6914996,1363,2461.4107270240784,0.48796862,26.295439256859733,0.0,0.0
19965,238010,0.23498875,10,0.0,17133,284030,0.4317078,0.66669655,1364,2462.758791208267,0.4317078,39.148940936426314,0.0,0.0
19967,238030,0.062043905,10,0.0,17143,284130,0.66046953,0.72251344,1364,2462.758791208267,0.66046953,171.41717480505469,0.0,0.0
19974,238100,0.013492644,10,0.0,17150,284200,0.75685596,0.7703486,1365,2464.1159093379974,0.75685596,158.60000453758252,0.0,0.0
19981,238170,0.013511956,10,0.0,17159,284290,0.74552876,0.7590407,1366,2465.4282603263855,0.74552876,69.45258308784933,0.0,0.0
19987,238230,0.25273353,10,0.0,17171,284410,0.41296178,0.6656953,1367,2466.7070832252502,0.41296178,42.22982272613317,0.0,0.0
19994,238300,0.014306128,10,0.0,17183,284530,0.74242496,0.7567311,1368,2468.009913444519,0.74242496,28.26632305647733,0.0,0.0
19999,238350,0.15479177,10,0.0,17196,284660,0.54663014,0.7014219,1369,2469.2727110385895,0.54663014,27.533043493672913,0.0,0.0
20006,238420,0.22109932,10,0.0,17208,284780,0.4630338,0.6841331,1370,2470.549902200699,0.4630338,26.72223945952868,0.0,0.0
20013,238490,0.19431013,10,0.0,17220,284900,0.5413182,0.7356283,1371,2471.8617553710938,0.5413182,34.96048684409036,0.0,0.0
20015,238510,0.2655097,10,0.0,17233,285030,0.47439972,0.7399094,1372,2473.099434375763,0.47439972,57.37620687862679,0.0,0.0
20018,238540,0.12289494,10,0.0,17243,285130,0.6186548,0.74154973,1372,2473.099434375763,0.6186548,214.49193540138893,0.0,0.0
20025,238610,0.04631555,10,0.0,17252,285220,0.71095186,0.7572674,1373,2474.381649017334,0.71095186,192.73611219608583,0.0,0.0
20031,238670,0.01658678,10,0.0,17260,285300,0.76757485,0.7841616,1374,2475.661079645157,0.76757485,46.337349903387995,0.0,0.0
20038,238740,0.27104467,10,0.0,17272,285420,0.41769385,0.6887385,1375,2476.9685413837433,0.41769385,25.34829624535179,0.0,0.0
20045,238810,0.25168476,10,0.0,17283,285530,0.40646628,0.65815103,1376,2478.2443940639496,0.40646628,27.773334631182415,0.0,0.0
20051,238870,0.2811813,10,0.0,17296,285660,0.42247573,0.70365703,1377,2479.5039625167847,0.42247573,33.901666428224445,0.0,0.0
20051,238870,0.26229045,10,0.0,17308,285780,0.399555,0.66184545,1378,2480.78635764122,0.399555,137.77474115730277,0.0,0.0
20058,238940,0.2156029,10,0.0,17317,285870,0.46808085,0.68368375,1378,2480.78635764122,0.46808085,159.63584048229822,0.0,0.0
20063,238990,0.068772316,10,0.0,17325,285950,0.6634216,0.7321939,1379,2482.094093322754,0.6634216,161.30387462743968,0.0,0.0
20070,239060,0.24158028,10,0.0,17335,286050,0.4317747,0.673355,1380,2483.3812053203583,0.4317747,43.4508721659011,0.0,0.0
20077,239130,0.16247642,10,0.0,17347,286170,0.56199723,0.72447366,1381,2484.6805980205536,0.56199723,65.36727073242193,0.0,0.0
20082,239180,0.27455032,10,0.0,17360,286300,0.38726634,0.66181666,1382,2485.94127035141,0.38726634,28.520748122384173,0.0,0.0
20089,239250,0.25702593,10,0.0,17373,286430,0.4743596,0.7313855,1383,2487.2345399856567,0.4743596,31.86991573396552,0.0,0.0
20095,239310,0.191122,10,0.0,17385,286550,0.51731914,0.70844114,1384,2488.496734857559,0.51731914,24.550547986579538,0.0,0.0
20101,239370,0.30179492,10,0.0,17398,286680,0.35537687,0.6571718,1385,2489.7560226917267,0.35537687,31.63585650098393,0.0,0.0
20103,239390,0.2855628,10,0.0,17409,286790,0.36608672,0.65164953,1386,2491.069747209549,0.36608672,93.61575237593576,0.0,0.0
20109,239450,0.29263675,10,0.0,17420,286900,0.38433212,0.6769689,1386,2491.069747209549,0.38433212,165.7414952007998,0.0,0.0
20114,239500,0.14779961,10,0.0,17428,286980,0.576091,0.7238906,1387,2492.3457617759705,0.576091,170.74934558970205,0.0,0.0
20121,239570,0.19128758,10,0.0,17436,287060,0.51832074,0.7096083,1388,2493.628143787384,0.51832074,30.996157907844474,0.0,0.0
20129,239650,0.13931936,10,0.0,17448,287180,0.5798567,0.71917605,1389,2494.909562110901,0.5798567,60.765526393565175,0.0,0.0
20133,239690,0.2217466,10,0.0,17461,287310,0.4628779,0.6846245,1390,2496.171665906906,0.4628779,22.950947410353333,0.0,0.0
20141,239770,0.25304046,10,0.0,17473,287430,0.42150107,0.67454153,1391,2497.4935569763184,0.42150107,31.315756268483657,0.0,0.0
20147,239830,0.2167863,10,0.0,17485,287550,0.4807451,0.6975314,1392,2498.7361719608307,0.4807451,35.22065053553509,0.0,0.0
20147,239830,0.26922095,10,0.0,17498,287680,0.4097739,0.67899483,1393,2500.0069448947906,0.4097739,62.80675220983182,0.0,0.0
20153,239890,0.21792302,10,0.0,17507,287770,0.49407938,0.7120024,1393,2500.0069448947906,0.49407938,190.7681111960121,0.0,0.0
20161,239970,0.20163244,10,0.0,17517,287870,0.5060821,0.70771456,1394,2501.286660194397,0.5060821,172.77218709451526,0.0,0.0
20165,240010,0.24355802,10,0.0,17526,287960,0.4403272,0.6838852,1395,2502.641196012497,0.4403272,45.03114052369332,0.0,0.0
20173,240090,0.19297838,10,0.0,17537,288070,0.5185288,0.7115072,1396,2503.9317638874054,0.5185288,50.36176433507237,0.0,0.0
20178,240140,0.11441141,10,0.0,17550,288200,0.6566007,0.7710121,1397,2505.193196773529,0.6566007,27.854434271885797,0.0,0.0
20185,240210,0.1822685,10,0.0,17563,288330,0.53651905,0.71878755,1398,2506.482584953308,0.53651905,31.98726093276451,0.0,0.0
20185,240210,0.25364593,10,0.0,17573,288430,0.44062415,0.6942701,1399,2507.8041067123413,0.44062415,141.25564947967536,0.0,0.0
20191,240270,0.12425572,10,0.0,17586,288560,0.6154908,0.7397465,1399,2507.8041067123413,0.6154908,181.53152334333112,0.0,0.0
20197,240330,0.28630793,10,0.0,17593,288630,0.3854003,0.6717082,1400,2509.0175189971924,0.3854003,189.47372225183634,0.0,0.0
20205,240410,0.26927122,10,0.0,17603,288730,0.4141179,0.6833891,1401,2510.331843137741,0.4141179,104.05843124801524,0.0,0.0
20210,240460,0.21786532,10,0.0,17615,288850,0.466534,0.6843993,1402,2511.6874573230743,0.466534,26.779412121498467,0.0,0.0
20217,240530,0.2606731,10,0.0,17627,288970,0.46732712,0.7280002,1403,2512.9763877391815,0.46732712,28.55443603289581,0.0,0.0
20221,240570,0.2879353,10,0.0,17639,289090,0.4129294,0.7008647,1404,2514.23833155632,0.4129294,50.54772943378354,0.0,0.0
20223,240590,0.27574787,10,0.0,17649,289190,0.3986086,0.67435646,1404,2514.23833155632,0.3986086,155.55891821324195,0.0,0.0
20229,240650,0.11232251,10,0.0,17655,289250,0.6100299,0.7223524,1405,2515.5969138145447,0.6100299,130.12009021502075,0.0,0.0
20237,240730,0.1713947,10,0.0,17665,289350,0.5570957,0.7284904,1406,2516.9550347328186,0.5570957,43.83619369720102,0.0,0.0
20243,240790,0.24652499,10,0.0,17677,289470,0.46397316,0.71049815,1407,2518.1975054740906,0.46397316,29.33949646608505,0.0,0.0
20249,240850,0.29995158,10,0.0,17690,289600,0.36469886,0.66465044,1408,2519.470251083374,0.36469886,23.688147861161596,0.0,0.0
20256,240920,0.1741854,10,0.0,17702,289720,0.55614436,0.73032975,1409,2520.766408920288,0.55614436,25.749382249930168,0.0,0.0
20256,240920,0.24889398,10,0.0,17715,289850,0.4416902,0.6905842,1410,2522.1936507225037,0.4416902,119.94966711661213,0.0,0.0
20262,240980,0.16734213,10,0.0,17720,289900,0.6096917,0.7770338,1410,2522.1936507225037,0.6096917,132.13152970381245,0.0,0.0
20269,241050,0.25152364,10,0.0,17729,289990,0.45200685,0.7035305,1411,2523.9384682178497,0.45200685,28.474259614287963,0.0,0.0
20271,241070,0.09480125,10,0.0,17741,290110,0.6164859,0.71128714,1412,2525.5772762298584,0.6164859,52.4419104776194,0.0,0.0
20274,241100,0.2376844,10,0.0,17749,290190,0.4125665,0.6502509,1412,2525.5772762298584,0.4125665,173.61535850587367,0.0,0.0
20281,241170,0.286596,10,0.0,17757,290270,0.36517078,0.6517668,1413,2527.0369243621826,0.36517078,195.48852275640277,0.0,0.0
20288,241240,0.2668127,10,0.0,17767,290370,0.43674704,0.70355976,1414,2528.337065219879,0.43674704,27.06334324852724,0.0,0.0
20294,241300,0.23840672,10,0.0,17779,290490,0.44376504,0.68217176,1415,2529.5827367305756,0.44376504,31.360196671155272,0.0,0.0
20295,241310,0.091291904,10,0.0,17791,290610,0.62446994,0.71576184,1416,2530.8782448768616,0.62446994,94.22162717088283,0.0,0.0
20300,241360,0.21248513,10,0.0,17799,290690,0.48241955,0.6949047,1416,2530.8782448768616,0.48241955,165.08653229266295,0.0,0.0
20307,241430,0.27548,10,0.0,17808,290780,0.40102544,0.67650545,1417,2532.1807096004486,0.40102544,165.02612527541706,0.0,0.0
20313,241490,0.2619369,10,0.0,17818,290880,0.38516557,0.6471025,1418,2533.4462254047394,0.38516557,40.024734523745906,0.0,0.0
20320,241560,0.15623748,10,0.0,17830,291000,0.54875743,0.7049949,1419,2534.7488374710083,0.54875743,33.7615931354793,0.0,0.0
20325,241610,0.2723098,10,0.0,17843,291130,0.39389375,0.66620356,1420,2536.0035302639008,0.39389375,29.315135130601554,0.0,0.0
20325,241610,0.24684116,10,0.0,17853,291230,0.47440097,0.72124213,1421,2537.3258786201477,0.47440097,152.03253564929935,0.0,0.0
20333,241690,0.2202251,10,0.0,17861,291310,0.50099134,0.72121644,1421,2537.3258786201477,0.50099134,188.50211454021672,0.0,0.0
20340,241760,0.2865102,10,0.0,17871,291410,0.36507973,0.65158993,1422,2538.608381986618,0.36507973,166.5648976220355,0.0,0.0
20345,241810,0.26446226,10,0.0,17881,291510,0.3710169,0.63547915,1423,2539.878846883774,0.3710169,34.782908681994144,0.0,0.0
20353,241890,0.24112183,10,0.0,17892,291620,0.40545052,0.64657235,1424,2541.26344537735,0.40545052,36.499408689780125,0.0,0.0
20356,241920,0.27888072,10,0.0,17905,291750,0.38914376,0.6680245,1425,2542.571937561035,0.38914376,52.566129012043966,0.0,0.0
20358,241940,0.16161478,10,0.0,17916,291860,0.55533373,0.7169485,1425,2542.571937561035,0.55533373,167.46335756864343,0.0,0.0
20364,242000,0.17361075,10,0.0,17923,291930,0.5118055,0.6854162,1426,2543.8993122577667,0.5118055,160.5880911541289,0.0,0.0
20371,242070,0.29088527,10,0.0,17932,292020,0.37260675,0.663492,1427,2545.1924974918365,0.37260675,42.838142997942,0.0,0.0
20377,242130,0.23609346,10,0.0,17944,292140,0.4709623,0.70705575,1428,2546.4988214969635,0.4709623,30.783905162499202,0.0,0.0
20384,242200,0.2940324,10,0.0,17956,292260,0.3761751,0.6702075,1429,2547.81826376915,0.3761751,26.71158609085739,0.0,0.0
20389,242250,0.21510512,10,0.0,17969,292390,0.47814918,0.6932543,1430,2549.067291498184,0.47814918,27.414002481068454,0.0,0.0
20393,242290,0.24731871,10,0.0,17981,292510,0.47802153,0.72534025,1431,2550.3358063697815,0.47802153,56.91544448907368,0.0,0.0
20397,242330,0.29759458,10,0.0,17991,292610,0.38199702,0.6795916,1431,2550.3358063697815,0.38199702,199.475143508016,0.0,0.0
20404,242400,0.27114338,10,0.0,18000,292700,0.4404649,0.7116083,1432,2551.6710815429688,0.4404649,171.72879135276776,0.0,0.0
20409,242450,0.2550438,10,0.0,18009,292790,0.46544516,0.72048897,1433,2552.9478871822357,0.46544516,167.25233972812498,0.0,0.0
20415,242510,0.26980147,10,0.0,18021,292910,0.42053065,0.6903321,1434,2554.2523198127747,0.42053065,36.074852042760305,0.0,0.0
20422,242580,0.28447875,10,0.0,18032,293020,0.40675446,0.6912332,1435,2555.5379939079285,0.40675446,28.73726221022449,0.0,0.0
20428,242640,0.2799016,10,0.0,18045,293150,0.42985138,0.709753,1436,2556.847626686096,0.42985138,25.90198962760406,0.0,0.0
20435,242710,0.20911634,10,0.0,18057,293270,0.5414793,0.7505956,1437,2558.152340888977,0.5414793,36.13128644416898,0.0,0.0
20435,242710,0.15134048,10,0.0,18070,293400,0.5535842,0.7049247,1438,2559.4254677295685,0.5535842,27.14614036915816,0.0,0.0
20441,242770,0.23993728,10,0.0,18083,293530,0.4608964,0.7008337,1438,2559.4254677295685,0.4608964,27.88914303952338,0.0,0.0
20447,242830,0.2712576,10,0.0,18096,293660,0.44763967,0.7188973,1439,2560.698930501938,0.44763967,246.32819061154734,0.0,0.0
20454,242900,0.29285267,10,0.0,18105,293750,0.38459107,0.67744374,1440,2562.004896879196,0.38459107,188.2550639814362,0.0,0.0
20457,242930,0.26832163,10,0.0,18113,293830,0.39818996,0.6665116,1441,2563.437576532364,0.39818996,51.59927712118062,0.0,0.0
20461,242970,0.19658959,10,0.0,18124,293940,0.5378965,0.7344861,1441,2563.437576532364,0.5378965,27.44745998517133,0.0,0.0
20468,243040,0.24857372,10,0.0,18137,294070,0.4754908,0.7240645,1442,2564.736076116562,0.4754908,24.80443821782916,0.0,0.0
20473,243090,0.2652697,10,0.0,18150,294200,0.4466548,0.7119245,1443,2566.0249679088593,0.4466548,47.01170051435636,0.0,0.0
20479,243150,0.06597483,10,0.0,18160,294300,0.66930854,0.7352834,1444,2567.3021562099457,0.66930854,142.97463866921188,0.0,0.0
20487,243230,0.27022722,10,0.0,18169,294390,0.39490345,0.6651307,1445,2568.5950207710266,0.39490345,188.07188721885424,0.0,0.0
20493,243290,0.27068546,10,0.0,18178,294480,0.46248415,0.7331696,1446,2569.8880155086517,0.46248415,137.602530075817,0.0,0.0
20497,243330,0.16946226,10,0.0,18188,294580,0.5309751,0.70043737,1447,2571.173638820648,0.5309751,34.575031613170204,0.0,0.0
20499,243350,0.25124344,10,0.0,18200,294700,0.4448857,0.69612914,1447,2571.173638820648,0.4448857,36.797014341373284,0.0,0.0
20505,243410,0.28024226,10,0.0,18212,294820,0.3843841,0.66462636,1448,2572.4458997249603,0.3843841,74.3371728045627,0.0,0.0
20512,243480,0.20841968,10,0.0,18223,294930,0.52625173,0.7346714,1449,2573.737564563751,0.52625173,190.1816434057912,0.0,0.0
20518,243540,0.19053829,10,0.0,18231,295010,0.51376283,0.7043011,1450,2575.0185136795044,0.51376283,146.48547649731603,0.0,0.0
20524,243600,0.28626463,10,0.0,18241,295110,0.3950027,0.6812673,1451,2576.473798751831,0.3950027,32.46136688514973,0.0,0.0
20526,243620,0.29763934,10,0.0,18252,295220,0.35685864,0.654498,1452,2577.8014018535614,0.35685864,29.71351980509797,0.0,0.0
20532,243680,0.22591898,10,0.0,18266,295360,0.4819344,0.7078534,1452,2577.8014018535614,0.4819344,20.718280457962326,0.0,0.0
20536,243720,0.21696156,10,0.0,18278,295480,0.50558513,0.7225467,1453,2579.0518260002136,0.50558513,36.388041573404124,0.0,0.0
20544,243800,0.19925141,10,0.0,18290,295600,0.54077256,0.740024,1454,2580.4255595207214,0.54077256,132.50010266908018,0.0,0.0
20551,243870,0.2367706,10,0.0,18300,295700,0.47990146,0.71667206,1455,2581.7424268722534,0.47990146,177.7473407636564,0.0,0.0
20556,243920,0.29134607,10,0.0,18308,295780,0.3692103,0.6605564,1456,2583.048484802246,0.3692103,157.653930726005,0.0,0.0
20563,243990,0.27866212,10,0.0,18318,295880,0.4078156,0.6864777,1457,2584.323650121689,0.4078156,69.77075795759829,0.0,0.0
20569,244050,0.29137146,10,0.0,18330,296000,0.3598773,0.65124875,1458,2585.6535172462463,0.3598773,27.94492437295042,0.0,0.0
20576,244120,0.17474991,10,0.0,18342,296120,0.5602205,0.7349704,1459,2587.001725912094,0.5602205,29.1556188272978,0.0,0.0
20582,244180,0.21122295,10,0.0,18355,296250,0.45943743,0.6706604,1460,2588.2655370235443,0.45943743,26.794894645689713,0.0,0.0
20588,244240,0.11426878,10,0.0,18368,296380,0.63537747,0.74964625,1461,2589.531779527664,0.63537747,27.705089665112414,0.0,0.0
20590,244260,0.20138204,10,0.0,18379,296490,0.5220295,0.72341156,1462,2590.8395512104034,0.5220295,87.19549792837348,0.0,0.0
20596,244320,0.2171585,10,0.0,18390,296600,0.5086999,0.7258584,1462,2590.8395512104034,0.5086999,164.62389267645545,0.0,0.0
20601,244370,0.2454162,10,0.0,18397,296670,0.40477112,0.6501873,1463,2592.1093215942383,0.40477112,173.1301932197653,0.0,0.0
20608,244440,0.15121388,10,0.0,18406,296760,0.49933082,0.6505447,1464,2593.4113442897797,0.49933082,73.05062665022537,0.0,0.0
20614,244500,0.29792407,10,0.0,18418,296880,0.353891,0.65181506,1465,2594.6735060214996,0.353891,41.689774619188434,0.0,0.0
20620,244560,0.29431918,10,0.0,18431,297010,0.35169443,0.6460136,1466,2595.9602904319763,0.35169443,23.46232762536388,0.0,0.0
20626,244620,0.21446732,10,0.0,18443,297130,0.4761829,0.6906502,1467,2597.2426764965057,0.4761829,28.35303390625655,0.0,0.0
20633,244690,0.19290864,10,0.0,18455,297250,0.50390506,0.6968137,1468,2598.5377876758575,0.50390506,28.726673255378326,0.0,0.0
20640,244760,0.26991543,10,0.0,18467,297370,0.4024193,0.67233473,1469,2599.8367586135864,0.4024193,28.99293823583085,0.0,0.0
20646,244820,0.27604523,10,0.0,18480,297500,0.42136374,0.697409,1470,2601.1113295555115,0.42136374,27.069159464774245,0.0,0.0
20649,244850,0.22706348,10,0.0,18492,297620,0.5066819,0.7337454,1471,2602.4041333198547,0.5066819,66.91016756639483,0.0,0.0
20653,244890,0.2171011,10,0.0,18502,297720,0.46953583,0.6866369,1471,2602.4041333198547,0.46953583,181.33139650506257,0.0,0.0
20660,244960,0.27797395,10,0.0,18512,297820,0.39545012,0.67342407,1472,2603.7090871334076,0.39545012,203.21929522803583,0.0,0.0
20666,245020,0.24595597,10,0.0,18522,297920,0.47209874,0.7180547,1473,2604.981281042099,0.47209874,181.00742275159675,0.0,0.0
20671,245070,0.16360259,10,0.0,18533,298030,0.542329,0.7059316,1474,2606.2569003105164,0.542329,35.306213325319725,0.0,0.0
20678,245140,0.24401075,10,0.0,18545,298150,0.4630394,0.70705014,1475,2607.589369535446,0.4630394,25.65717428180106,0.0,0.0
20684,245200,0.296801,10,0.0,18557,298270,0.37998185,0.67678285,1476,2608.8421964645386,0.37998185,22.555223758598085,0.0,0.0
20691,245270,0.26708946,10,0.0,18569,298390,0.40412495,0.6712144,1477,2610.138857126236,0.40412495,30.834099719102156,0.0,0.0
20697,245330,0.17428261,10,0.0,18582,298520,0.5350896,0.7093722,1478,2611.4507491588593,0.5350896,28.434648436546656,0.0,0.0
20698,245340,0.2158112,10,0.0,18594,298640,0.50539243,0.7212036,1479,2612.7201251983643,0.50539243,85.22634957339115,0.0,0.0
20704,245400,0.22797737,10,0.0,18604,298740,0.4986069,0.72658426,1479,2612.7201251983643,0.4986069,188.17482749647814,0.0,0.0
20710,245460,0.24525887,10,0.0,18612,298820,0.45611006,0.7013689,1480,2614.023641347885,0.45611006,189.46687506211208,0.0,0.0
20717,245530,0.22582725,10,0.0,18621,298910,0.495131,0.72095823,1481,2615.3718280792236,0.495131,24.086881066866972,0.0,0.0
20717,245530,0.2295683,10,0.0,18633,299030,0.4912849,0.7208532,1482,2617.2065184116364,0.4912849,128.65016072436384,0.0,0.0
20723,245590,0.27559155,10,0.0,18639,299090,0.41002762,0.6856192,1482,2617.2065184116364,0.41002762,147.82886366119544,0.0,0.0
20729,245650,0.24924871,10,0.0,18648,299180,0.44796672,0.69721544,1483,2618.761879682541,0.44796672,39.170621734850734,0.0,0.0
20735,245710,0.28205818,10,0.0,18660,299300,0.3930868,0.675145,1484,2620.21138048172,0.3930868,24.614156750415635,0.0,0.0
20735,245710,0.21851957,10,0.0,18672,299420,0.52368325,0.7422028,1485,2621.6428847312927,0.52368325,128.64148003655927,0.0,0.0
20742,245780,0.30063993,10,0.0,18677,299470,0.38104773,0.68168765,1485,2621.6428847312927,0.38104773,149.99799731067432,0.0,0.0
20749,245850,0.29413372,10,0.0,18685,299550,0.36948055,0.6636143,1486,2623.10689163208,0.36948055,20.248975796648203,0.0,0.0
20751,245870,0.11925185,10,0.0,18698,299680,0.6352377,0.75448954,1487,2624.608057498932,0.6352377,75.68077082694286,0.0,0.0
20755,245910,0.2876186,10,0.0,18707,299770,0.39596573,0.68358433,1487,2624.608057498932,0.39596573,146.68475904035813,0.0,0.0
20762,245980,0.1994125,10,0.0,18714,299840,0.4466413,0.6460538,1488,2625.9936838150024,0.4466413,136.22735392510313,0.0,0.0
20768,246040,0.28439185,10,0.0,18725,299950,0.39834568,0.6827375,1489,2627.3659908771515,0.39834568,44.739528999652265,0.0,0.0
20768,246040,0.25915205,10,0.0,18737,300070,0.47346383,0.7326159,1489,2627.3659908771515,0.47346383,40.593862389618636,0.0,0.0
20773,246090,0.2773536,10,0.0,18749,300190,0.4145154,0.691869,1490,2628.6016306877136,0.4145154,46.704831049669004,0.0,0.0
20780,246160,0.22843769,10,0.0,18760,300300,0.46342418,0.69186187,1491,2629.8481628894806,0.46342418,155.97484650941396,0.0,0.0
20787,246230,0.29990435,10,0.0,18767,300370,0.3466304,0.64653474,1492,2631.108240365982,0.3466304,174.35583638177584,0.0,0.0
20794,246300,0.2817713,10,0.0,18778,300480,0.4368626,0.7186339,1493,2632.3628737926483,0.4368626,187.30675621966088,0.0,0.0
20799,246350,0.27726346,10,0.0,18788,300580,0.4158404,0.69310385,1494,2633.5749304294586,0.4158404,54.97698316992607,0.0,0.0
20806,246420,0.20418829,10,0.0,18799,300690,0.5237345,0.7279228,1495,2634.792113304138,0.5237345,38.84485227245364,0.0,0.0
20811,246470,0.25460786,10,0.0,18811,300810,0.39690965,0.6515175,1496,2636.0084216594696,0.39690965,30.999479684026298,0.0,0.0
20814,246500,0.2807694,10,0.0,18823,300930,0.37538528,0.6561547,1497,2637.229756116867,0.37538528,31.575554131889525,0.0,0.0
20820,246560,0.25361168,10,0.0,18836,301060,0.47031367,0.72392535,1497,2637.229756116867,0.47031367,26.086981400223284,0.0,0.0
20825,246610,0.2686316,10,0.0,18848,301180,0.4221479,0.6907795,1498,2638.5400824546814,0.4221479,32.409294936434016,0.0,0.0
20833,246690,0.28419608,10,0.0,18861,301310,0.37546736,0.65966344,1499,2639.783167362213,0.37546736,38.79875046367344,0.0,0.0
20838,246740,0.19370162,10,0.0,18874,301440,0.533134,0.7268356,1500,2641.0019125938416,0.533134,167.17900887650615,0.0,0.0
20844,246800,0.23399702,10,0.0,18883,301530,0.48783812,0.72183514,1501,2642.3035628795624,0.48783812,170.33467484841964,0.0,0.0
20851,246870,0.026282191,10,0.0,18894,301640,0.72803146,0.75431365,1502,2643.5342066287994,0.72803146,185.63138421229664,0.0,0.0
20852,246880,0.28504124,10,0.0,18902,301720,0.35120323,0.6362445,1503,2644.741433620453,0.35120323,34.20696404614425,0.0,0.0
20856,246920,0.29172564,10,0.0,18913,301830,0.3790518,0.67077744,1503,2644.741433620453,0.3790518,29.136459058392344,0.0,0.0
20870,247060,0.26982263,10,0.0,18925,301950,0.4068791,0.6767017,1505,2647.599949836731,0.4068791,29.854184906009554,0.0,0.0
20870,247060,0.23412478,10,0.0,18935,302050,0.50275046,0.73687524,1505,2647.599949836731,0.50275046,142.5756252103297,0.0,0.0
20877,247130,0.22204995,10,0.0,18942,302120,0.49706352,0.71911347,1506,2649.099116563797,0.49706352,121.41847256558265,0.0,0.0
20883,247190,0.26827458,10,0.0,18953,302230,0.43475786,0.70303243,1507,2650.6011242866516,0.43475786,25.6736330577015,0.0,0.0
20883,247190,0.2959077,10,0.0,18965,302350,0.36099055,0.65689826,1507,2650.6011242866516,0.36099055,35.66945974975359,0.0,0.0
20889,247250,0.09192634,10,0.0,18977,302470,0.6683142,0.76024055,1508,2651.912061214447,0.6683142,32.365504607544615,0.0,0.0
20897,247330,0.21728784,10,0.0,18989,302590,0.5487401,0.7660279,1509,2653.1511087417603,0.5487401,32.10451504952723,0.0,0.0
20903,247390,0.2769912,10,0.0,19002,302720,0.40861183,0.685603,1510,2654.4035255908966,0.40861183,33.80662945573982,0.0,0.0
20909,247450,0.25266233,10,0.0,19015,302850,0.47306654,0.72572887,1511,2655.6012165546417,0.47306654,60.41184816033761,0.0,0.0
20915,247510,0.26934937,10,0.0,19028,302980,0.4087464,0.67809576,1512,2656.8336565494537,0.4087464,42.94635269158071,0.0,0.0
20926,247620,0.2829109,10,0.0,19040,303100,0.41681328,0.6997242,1514,2659.2444744110107,0.41681328,24.55953264149253,0.0,0.0
20933,247690,0.24915645,10,0.0,19052,303220,0.43843707,0.6875935,1515,2660.461419582367,0.43843707,33.143793654142634,0.0,0.0
20941,247770,0.25979376,10,0.0,19064,303340,0.4564578,0.71625155,1516,2661.682876586914,0.4564578,31.583067461934018,0.0,0.0
20947,247830,0.301194,10,0.0,19077,303470,0.36494046,0.6661345,1517,2662.926118373871,0.36494046,32.840479965548965,0.0,0.0
20952,247880,0.2156946,10,0.0,19092,303620,0.4802072,0.6959018,1518,2664.1134819984436,0.4802072,25.043506505525713,0.0,0.0
20961,247970,0.29827905,10,0.0,19103,303730,0.3697871,0.66806614,1519,2665.350100517273,0.3697871,29.634499009075526,0.0,0.0
20967,248030,0.2922107,10,0.0,19117,303870,0.37572873,0.6679394,1520,2666.5779237747192,0.37572873,35.145570378638006,0.0,0.0
20972,248080,0.29500374,10,0.0,19130,304000,0.3760604,0.67106414,1521,2667.7730271816254,0.3760604,31.515220733318206,0.0,0.0
20978,248140,0.24730644,10,0.0,19142,304120,0.4264703,0.67377675,1522,2668.970334291458,0.4264703,28.915087218100055,0.0,0.0
20985,248210,0.25726202,10,0.0,19154,304240,0.42731872,0.68458074,1523,2670.157553434372,0.42731872,26.413075854946424,0.0,0.0
20992,248280,0.24499801,10,0.0,19166,304360,0.49456695,0.73956496,1524,2671.41290307045,0.49456695,31.175747412987022,0.0,0.0
20998,248340,0.27922636,10,0.0,19179,304490,0.40575647,0.68498284,1525,2672.6262979507446,0.40575647,29.51149837747776,0.0,0.0
21004,248400,0.28352457,10,0.0,19192,304620,0.37724274,0.6607673,1526,2673.832692861557,0.37724274,24.651495204062442,0.0,0.0
21012,248480,0.20830488,10,0.0,19204,304740,0.50273526,0.71104014,1527,2675.0492646694183,0.50273526,38.34862351768718,0.0,0.0
21016,248520,0.21310127,10,0.0,19218,304880,0.5125973,0.7256986,1528,2676.2346971035004,0.5125973,25.00421177759668,0.0,0.0
21024,248600,0.2325651,10,0.0,19229,304990,0.4706036,0.7031687,1529,2677.486858844757,0.4706036,28.48619158258054,0.0,0.0
21027,248630,0.26536766,10,0.0,19240,305100,0.44478443,0.7101521,1530,2678.699811935425,0.44478443,60.130976821002164,0.0,0.0
21031,248670,0.2507571,10,0.0,19253,305230,0.4680457,0.7188028,1531,2679.8829979896545,0.4680457,173.37279476199137,0.0,0.0
21036,248720,0.26385117,10,0.0,19262,305320,0.43306112,0.6969123,1531,2679.8829979896545,0.43306112,197.24163876453105,0.0,0.0
21043,248790,0.2590486,10,0.0,19272,305420,0.476342,0.7353906,1532,2681.10693693161,0.476342,163.55505642513432,0.0,0.0
21049,248850,0.1552577,10,0.0,19281,305510,0.57570994,0.73096764,1533,2682.306350708008,0.57570994,82.89678971158197,0.0,0.0
21056,248920,0.30323774,10,0.0,19292,305620,0.34617352,0.64941126,1534,2683.5502116680145,0.34617352,46.36747039230404,0.0,0.0
21062,248980,0.23314586,10,0.0,19305,305750,0.49056485,0.7237107,1535,2684.7447493076324,0.49056485,37.02674047937061,0.0,0.0
21069,249050,0.2748559,10,0.0,19317,305870,0.38916355,0.66401947,1536,2685.948917388916,0.38916355,32.95388048209431,0.0,0.0
21074,249100,0.21871471,10,0.0,19330,306000,0.5514345,0.77014923,1537,2687.1783242225647,0.5514345,27.19108684504473,0.0,0.0
21081,249170,0.23504525,10,0.0,19342,306120,0.5015937,0.73663896,1538,2688.402803182602,0.5015937,31.355578182166145,0.0,0.0
21086,249220,0.25773114,10,0.0,19354,306240,0.42572862,0.68345976,1539,2689.616661310196,0.42572862,52.79945215412194,0.0,0.0
21088,249240,0.20305505,10,0.0,19365,306350,0.49572918,0.69878423,1540,2690.8187556266785,0.49572918,153.07343634810917,0.0,0.0
21095,249310,0.29908958,10,0.0,19375,306450,0.3610123,0.6601019,1540,2690.8187556266785,0.3610123,167.210999884388,0.0,0.0
21100,249360,0.18940866,10,0.0,19385,306550,0.55217296,0.7415816,1541,2692.028617620468,0.55217296,181.8203256402698,0.0,0.0
21106,249420,0.23458225,10,0.0,19395,306650,0.4357745,0.67035675,1542,2693.2198901176453,0.4357745,77.620549263454,0.0,0.0
21113,249490,0.25731862,10,0.0,19406,306760,0.40902793,0.66634655,1543,2694.4353137016296,0.40902793,38.90177688656233,0.0,0.0
21120,249560,0.23311472,10,0.0,19418,306880,0.5051231,0.7382378,1544,2695.6462857723236,0.5051231,30.427330090114662,0.0,0.0
21126,249620,0.26766562,10,0.0,19431,307010,0.41172487,0.6793905,1545,2696.871900320053,0.41172487,27.058332478548117,0.0,0.0
21133,249690,0.26353464,10,0.0,19443,307130,0.4041001,0.6676347,1546,2698.1505267620087,0.4041001,26.313651805403506,0.0,0.0
21138,249740,0.2198326,10,0.0,19456,307260,0.49131846,0.71115106,1547,2699.3442766666412,0.49131846,26.0653874381893,0.0,0.0
21146,249820,0.16035175,10,0.0,19468,307380,0.5914664,0.7518182,1548,2700.5672166347504,0.5914664,31.20903552914232,0.0,0.0
21151,249870,0.2711857,10,0.0,19481,307510,0.42893684,0.70012254,1549,2701.7682213783264,0.42893684,29.389638135652007,0.0,0.0
21155,249910,0.292952,10,0.0,19492,307620,0.3549654,0.6479174,1550,2702.997370004654,0.3549654,70.73931903582921,0.0,0.0
21160,249960,0.24896204,10,0.0,19505,307750,0.4602124,0.70917445,1551,2704.1914908885956,0.4602124,106.10003136731122,0.0,0.0
21164,250000,0.22172916,10,0.0,19515,307850,0.5257837,0.7475129,1551,2704.1914908885956,0.5257837,158.98776785071243,0.0,0.0
21170,250060,0.27682313,10,0.0,19522,307920,0.39583746,0.6726606,1552,2705.423875808716,0.39583746,114.84856367554484,0.0,0.0
21178,250140,0.29712105,10,0.0,19533,308030,0.362656,0.65977705,1553,2706.793837070465,0.362656,64.97337121364683,0.0,0.0
21183,250190,0.268234,10,0.0,19545,308150,0.42502373,0.69325775,1554,2708.035290956497,0.42502373,33.0787333514199,0.0,0.0
21190,250260,0.28881502,10,0.0,19557,308270,0.39414197,0.682957,1555,2709.2746489048004,0.39414197,41.929664437044586,0.0,0.0
21197,250330,0.20418161,10,0.0,19569,308390,0.47850764,0.68268925,1556,2710.464664697647,0.47850764,21.24882782756362,0.0,0.0
21203,250390,0.17487746,10,0.0,19582,308520,0.5436931,0.7185706,1557,2711.760917901993,0.5436931,26.52792693648053,0.0,0.0
21210,250460,0.26690784,10,0.0,19594,308640,0.43389013,0.700798,1558,2713.0008652210236,0.43389013,35.72015956232776,0.0,0.0
21215,250510,0.20937085,10,0.0,19607,308770,0.53785336,0.7472242,1559,2714.1815950870514,0.53785336,29.031147041723194,0.0,0.0
21222,250580,0.2091212,10,0.0,19619,308890,0.48800865,0.69712985,1560,2715.4088616371155,0.48800865,40.33298747306281,0.0,0.0
21228,250640,0.23683524,10,0.0,19632,309020,0.49877685,0.7356121,1561,2716.6092352867126,0.49877685,25.101929548527178,0.0,0.0
21234,250700,0.28103083,10,0.0,19645,309150,0.4039998,0.68503064,1562,2717.8083214759827,0.4039998,18.761189249732066,0.0,0.0
21242,250780,0.2962653,10,0.0,19657,309270,0.39722842,0.6934937,1563,2719.0452966690063,0.39722842,25.46912562947112,0.0,0.0
21247,250830,0.2853527,10,0.0,19670,309400,0.39244807,0.6778008,1564,2720.231062889099,0.39244807,28.1788724833838,0.0,0.0
21254,250900,0.2886235,10,0.0,19683,309530,0.40714282,0.6957663,1565,2721.451830625534,0.40714282,31.373238936199655,0.0,0.0
21261,250970,0.27752262,10,0.0,19695,309650,0.40137517,0.6788978,1566,2722.6662487983704,0.40137517,36.02496656723443,0.0,0.0
21267,251030,0.26067948,10,0.0,19708,309780,0.41517085,0.67585033,1567,2723.8607029914856,0.41517085,28.949693717322656,0.0,0.0
21274,251100,0.29122773,10,0.0,19720,309900,0.37465516,0.6658829,1568,2725.0768094062805,0.37465516,33.903091391874035,0.0,0.0
21279,251150,0.28060874,10,0.0,19734,310040,0.3959975,0.67660624,1569,2726.257708787918,0.3959975,30.844961251711645,0.0,0.0
21287,251230,0.28676718,10,0.0,19745,310150,0.38487118,0.67163837,1570,2727.4814987182617,0.38487118,31.558472241241542,0.0,0.0
21293,251290,0.28752553,10,0.0,19757,310270,0.37191522,0.65944076,1571,2728.68999004364,0.37191522,29.89054468255535,0.0,0.0
21298,251340,0.25939876,10,0.0,19771,310410,0.47704732,0.7364461,1572,2729.8860478401184,0.47704732,22.0397306450384,0.0,0.0
21306,251420,0.27463707,10,0.0,19783,310530,0.42915574,0.7037928,1573,2731.120681285858,0.42915574,22.877876231696707,0.0,0.0
21312,251480,0.30012769,10,0.0,19796,310660,0.3618695,0.6619972,1574,2732.323657989502,0.3618695,35.27542102040679,0.0,0.0
21318,251540,0.3011933,10,0.0,19809,310790,0.37222415,0.67341745,1575,2733.5346240997314,0.37222415,32.67156782558978,0.0,0.0
21325,251610,0.29300466,10,0.0,19821,310910,0.3678843,0.66088897,1576,2734.7418246269226,0.3678843,60.98632487331787,0.0,0.0
21331,251670,0.20512104,10,0.0,19834,311040,0.5101942,0.7153152,1577,2735.940084218979,0.5101942,31.432487625385477,0.0,0.0
21331,251670,0.27871814,10,0.0,19846,311160,0.4507945,0.72951263,1578,2737.1807453632355,0.4507945,80.05771983737665,0.0,0.0
21338,251740,0.27224955,10,0.0,19861,311310,0.37303898,0.6452885,1578,2737.1807453632355,0.37303898,27.541179089394657,0.0,0.0
21342,251780,0.27817705,10,0.0,19873,311430,0.39152595,0.669703,1579,2738.405671596527,0.39152595,26.492086741715823,0.0,0.0
21350,251860,0.27979538,10,0.0,19886,311560,0.41468236,0.69447774,1580,2739.6521501541138,0.41468236,33.766675817518596,0.0,0.0
21362,251980,0.25445256,10,0.0,19900,311700,0.43746844,0.691921,1582,2742.0448162555695,0.43746844,32.33159918814563,0.0,0.0
21369,252050,0.28136826,10,0.0,19912,311820,0.3687576,0.65012586,1583,2743.2528989315033,0.3687576,27.243948826139825,0.0,0.0
21374,252100,0.2674203,10,0.0,19926,311960,0.44769508,0.71511537,1584,2744.4219427108765,0.44769508,26.14513174159212,0.0,0.0
21382,252180,0.22159392,10,0.0,19937,312070,0.5164157,0.73800963,1585,2745.653268098831,0.5164157,27.933739100204527,0.0,0.0
21389,252250,0.25611582,10,0.0,19949,312190,0.4329696,0.6890854,1586,2746.8812408447266,0.4329696,25.484801975445464,0.0,0.0
21395,252310,0.27735373,10,0.0,19963,312330,0.41609076,0.6934445,1587,2748.0623836517334,0.41609076,30.71094267120439,0.0,0.0
21395,252310,0.303703,10,0.0,19974,312440,0.34169573,0.64539874,1587,2748.0623836517334,0.34169573,49.12473193590589,0.0,0.0
21407,252430,0.27433047,10,0.0,19989,312590,0.39720127,0.67153174,1589,2750.4584612846375,0.39720127,20.381436646218678,0.0,0.0
21414,252500,0.29394937,10,0.0,20002,312720,0.39040583,0.6843552,1590,2751.674172401428,0.39040583,35.398794131349206,0.0,0.0
21421,252570,0.20919073,10,0.0,20014,312840,0.5224745,0.73166525,1591,2752.8967084884644,0.5224745,43.89119456182099,0.0,0.0
21426,252620,0.15032375,10,0.0,20027,312970,0.6165968,0.76692057,1592,2754.0787851810455,0.6165968,21.34930665593001,0.0,0.0
21434,252700,0.20633674,10,0.0,20038,313080,0.5010257,0.7073624,1593,2755.2983140945435,0.5010257,35.3451591428114,0.0,0.0
21438,252740,0.27827945,10,0.0,20052,313220,0.41332933,0.6916088,1594,2756.4527065753937,0.41332933,31.053805666427525,0.0,0.0
21446,252820,0.19856241,10,0.0,20064,313340,0.49900976,0.6975722,1595,2757.6851024627686,0.49900976,29.092301364409114,0.0,0.0
21453,252890,0.08011806,10,0.0,20076,313460,0.7054801,0.78559816,1596,2758.9055349826813,0.7054801,39.83501105023274,0.0,0.0
21457,252930,0.11124027,10,0.0,20089,313590,0.63734037,0.74858063,1597,2760.0932891368866,0.63734037,49.269920626436786,0.0,0.0
21459,252950,0.2914026,10,0.0,20099,313690,0.3915241,0.6829267,1598,2761.3437435626984,0.3915241,156.5506121230218,0.0,0.0
21467,253030,0.30950305,10,0.0,20111,313810,0.35658404,0.6660871,1598,2761.3437435626984,0.35658404,181.187265108644,0.0,0.0
21471,253070,0.2793259,10,0.0,20120,313900,0.3925377,0.6718636,1599,2762.531797885895,0.3925377,191.5618420391591,0.0,0.0
21478,253140,0.29372403,10,0.0,20130,314000,0.3671178,0.6608418,1600,2763.7476267814636,0.3671178,161.0697265392488,0.0,0.0
21484,253200,0.29609784,10,0.0,20140,314100,0.37336668,0.6694645,1601,2764.9509818553925,0.37336668,86.21403127241783,0.0,0.0
21490,253260,0.2624816,10,0.0,20152,314220,0.41234073,0.67482233,1602,2766.2416660785675,0.41234073,22.4409416379844,0.0,0.0
21498,253340,0.29322264,10,0.0,20164,314340,0.3641599,0.65738255,1603,2767.482370376587,0.3641599,33.147120187140416,0.0,0.0
21503,253390,0.18306613,10,0.0,20177,314470,0.56203794,0.7451041,1604,2768.6635143756866,0.56203794,30.1309531078824,0.0,0.0
21510,253460,0.2592165,10,0.0,20189,314590,0.44473815,0.70395464,1605,2769.884776830673,0.44473815,32.82146308635551,0.0,0.0
21516,253520,0.25063148,10,0.0,20202,314720,0.45516643,0.7057979,1606,2771.097591161728,0.45516643,29.33945541971127,0.0,0.0
21516,253520,0.24852398,10,0.0,20213,314830,0.45023146,0.69875544,1606,2771.097591161728,0.45023146,134.15161808260888,0.0,0.0
21522,253580,0.19864607,10,0.0,20218,314880,0.53751516,0.73616123,1607,2772.6282138824463,0.53751516,57.11952695277018,0.0,0.0
21531,253670,0.25627843,10,0.0,20228,314980,0.4196891,0.6759675,1608,2774.1395919322968,0.4196891,30.48542743736731,0.0,0.0
21535,253710,0.2501246,10,0.0,20241,315110,0.46063414,0.71075875,1609,2775.589324235916,0.46063414,20.451330190928633,0.0,0.0
21542,253780,0.20549446,10,0.0,20254,315240,0.5313054,0.73679984,1610,2776.9961376190186,0.5313054,46.45472266524898,0.0,0.0
21542,253780,0.23823014,10,0.0,20267,315370,0.49575993,0.7339901,1610,2776.9961376190186,0.49575993,42.99848070744494,0.0,0.0
21548,253840,0.22177851,10,0.0,20281,315510,0.51930493,0.74108344,1611,2778.2537965774536,0.51930493,30.30568663705682,0.0,0.0
21554,253900,0.27174357,10,0.0,20293,315630,0.43194017,0.70368373,1612,2779.449136018753,0.43194017,27.491770763827805,0.0,0.0
21562,253980,0.2722928,10,0.0,20305,315750,0.40896773,0.6812605,1613,2780.7129933834076,0.40896773,38.55537221989861,0.0,0.0
21574,254100,0.19663435,10,0.0,20319,315890,0.51711905,0.7137534,1615,2783.124233484268,0.51711905,28.64969576419608,0.0,0.0
21581,254170,0.29230815,10,0.0,20330,316000,0.3466866,0.63899475,1616,2784.3263578414917,0.3466866,44.56303448656884,0.0,0.0
21586,254220,0.18585962,10,0.0,20344,316140,0.54775,0.7336096,1617,2785.49710893631,0.54775,25.343425658328435,0.0,0.0
21595,254310,0.27447444,10,0.0,20355,316250,0.3873003,0.66177475,1618,2786.7354357242584,0.3873003,28.631742204661844,0.0,0.0
21600,254360,0.19873378,10,0.0,20368,316380,0.4951447,0.6938785,1619,2787.9149017333984,0.4951447,21.80844072111345,0.0,0.0
21605,254410,0.29461995,10,0.0,20380,316500,0.3527747,0.64739466,1620,2789.131267786026,0.3527747,31.75301968711083,0.0,0.0
21612,254480,0.26961634,10,0.0,20393,316630,0.4225184,0.69213474,1621,2790.3027358055115,0.4225184,39.48200799560966,0.0,0.0
21618,254540,0.27697092,10,0.0,20406,316760,0.39104205,0.668013,1622,2791.5167479515076,0.39104205,27.71814395736711,0.0,0.0
21626,254620,0.2656981,10,0.0,20417,316870,0.45676622,0.7224643,1623,2792.764765739441,0.45676622,36.432956145509316,0.0,0.0
21631,254670,0.058758914,10,0.0,20431,317010,0.6626756,0.72143453,1624,2793.9319984912872,0.6626756,26.495483965519202,0.0,0.0
21638,254740,0.33447435,10,0.0,20443,317130,0.35002163,0.684496,1625,2795.153678417206,0.35002163,26.616035982983217,0.0,0.0
21644,254800,0.2646417,10,0.0,20455,317250,0.43494272,0.6995844,1626,2796.355392217636,0.43494272,28.399742430161943,0.0,0.0
21650,254860,0.309704,10,0.0,20469,317390,0.36607796,0.67578197,1627,2797.558791399002,0.36607796,28.84126215728557,0.0,0.0
21659,254950,0.28539705,10,0.0,20479,317490,0.41304684,0.6984439,1628,2798.7779994010925,0.41304684,32.36163395117405,0.0,0.0
21663,254990,0.20652503,10,0.0,20493,317630,0.53065294,0.73717797,1629,2799.9547352790833,0.53065294,30.063656648324436,0.0,0.0
21670,255060,0.2930415,10,0.0,20505,317750,0.3939716,0.6870131,1630,2801.172208547592,0.3939716,27.753505329954276,0.0,0.0
21676,255120,0.026817024,10,0.0,20517,317870,0.73023766,0.7570547,1631,2802.386852502823,0.73023766,24.275430345445475,0.0,0.0
21682,255180,0.31561258,10,0.0,20530,318000,0.37986454,0.6954771,1632,2803.5710549354553,0.37986454,31.286860471014386,0.0,0.0
21688,255240,0.31733027,10,0.0,20541,318110,0.35715035,0.6744806,1633,2804.794536590576,0.35715035,60.8419485999678,0.0,0.0
21690,255260,0.21381366,10,0.0,20555,318250,0.50614643,0.7199601,1634,2805.9793672561646,0.50614643,32.46458296406321,0.0,0.0
21695,255310,0.2826353,10,0.0,20567,318370,0.46014717,0.7427825,1634,2805.9793672561646,0.46014717,31.048242688757636,0.0,0.0
21703,255390,0.23626,10,0.0,20580,318500,0.48253274,0.71879274,1635,2807.1993429660797,0.48253274,31.34880529647288,0.0,0.0
21709,255450,0.28435522,10,0.0,20593,318630,0.45490396,0.7392592,1636,2808.3906705379486,0.45490396,36.061360052686695,0.0,0.0
21715,255510,0.25740454,10,0.0,20604,318740,0.48760512,0.74500966,1637,2809.5823061466217,0.48760512,106.48955239038261,0.0,0.0
21723,255590,0.14713794,10,0.0,20615,318850,0.60029984,0.7474378,1638,2810.814570426941,0.60029984,174.35728597677067,0.0,0.0
21729,255650,0.17671669,10,0.0,20626,318960,0.5764169,0.7531336,1639,2812.0003094673157,0.5764169,177.95850481564767,0.0,0.0
21733,255690,0.29541963,10,0.0,20636,319060,0.38361323,0.67903286,1640,2813.215841770172,0.38361323,191.4228339844463,0.0,0.0
21740,255760,0.32701084,10,0.0,20645,319150,0.33872077,0.6657316,1641,2814.4029767513275,0.33872077,108.55863527304633,0.0,0.0
21747,255830,0.223355,10,0.0,20656,319260,0.51745415,0.74080914,1642,2815.60799241066,0.51745415,40.730414111084784,0.0,0.0
21753,255890,0.26925033,10,0.0,20667,319370,0.44952428,0.7187746,1643,2816.8175976276398,0.44952428,28.823840274995515,0.0,0.0
21760,255960,0.30859977,10,0.0,20679,319490,0.3599224,0.6685222,1644,2818.02845287323,0.3599224,25.933700113397613,0.0,0.0
21767,256030,0.26855993,10,0.0,20691,319610,0.48274273,0.75130266,1645,2819.2388479709625,0.48274273,31.53702135850498,0.0,0.0
21772,256080,0.36196464,10,0.0,20704,319740,0.28742814,0.6493928,1646,2820.495947122574,0.28742814,31.79135950131962,0.0,0.0
21778,256140,0.27994055,10,0.0,20717,319870,0.4115485,0.69148904,1647,2821.7037818431854,0.4115485,29.803908192993674,0.0,0.0
21785,256210,0.2786161,10,0.0,20729,319990,0.40534893,0.683965,1648,2822.9224014282227,0.40534893,29.47578508551856,0.0,0.0
21792,256280,0.3268189,10,0.0,20740,320100,0.34377727,0.6705962,1649,2824.1157701015472,0.34377727,44.26519197078751,0.0,0.0
21792,256280,0.22421879,10,0.0,20753,320230,0.48259175,0.70681053,1650,2825.3282866477966,0.48259175,42.095002960688085,0.0,0.0
21798,256340,0.2703291,10,0.0,20764,320340,0.44486085,0.71518993,1650,2825.3282866477966,0.44486085,171.12763058042088,0.0,0.0
21804,256400,0.30234334,10,0.0,20772,320420,0.4516324,0.75397575,1651,2826.6406874656677,0.4516324,175.3772176669078,0.0,0.0
21811,256470,0.2475388,10,0.0,20782,320520,0.5214232,0.768962,1652,2827.8838765621185,0.5214232,183.66989109348793,0.0,0.0
21817,256530,0.32508847,10,0.0,20792,320620,0.36079523,0.6858837,1653,2829.089799642563,0.36079523,134.97097401176487,0.0,0.0
21823,256590,0.2970135,10,0.0,20803,320730,0.45604923,0.7530627,1654,2830.287999391556,0.45604923,24.923680474715944,0.0,0.0
21831,256670,0.27347416,10,0.0,20815,320850,0.45508677,0.7285609,1655,2831.5165028572083,0.45508677,27.657553875238786,0.0,0.0
21837,256730,0.26149195,10,0.0,20827,320970,0.5051922,0.7666842,1656,2832.7179958820343,0.5051922,30.73297297614154,0.0,0.0
21844,256800,0.32913876,10,0.0,20839,321090,0.3659783,0.69511706,1657,2833.939237833023,0.3659783,31.548194008082792,0.0,0.0
21848,256840,0.25613236,10,0.0,20852,321220,0.4348473,0.69097966,1658,2835.112934589386,0.4348473,29.281469189316738,0.0,0.0
21857,256930,0.17768037,10,0.0,20863,321330,0.56799674,0.7456771,1659,2836.3602674007416,0.56799674,24.331125282290788,0.0,0.0
21862,256980,0.32159793,10,0.0,20876,321460,0.3628108,0.6844087,1660,2837.6568756103516,0.3628108,27.56286130918702,0.0,0.0
21868,257040,0.2382789,10,0.0,20889,321590,0.49170932,0.7299882,1661,2838.8651983737946,0.49170932,31.578882381329905,0.0,0.0
21874,257100,0.27043825,10,0.0,20902,321720,0.43744135,0.7078796,1662,2840.0732305049896,0.43744135,27.557989792324797,0.0,0.0
21882,257180,0.32612786,10,0.0,20914,321840,0.341114,0.6672419,1663,2841.344954252243,0.341114,27.420795014667167,0.0,0.0
21887,257230,0.31939253,10,0.0,20927,321970,0.35913894,0.67853147,1664,2842.5841426849365,0.35913894,24.286014550865787,0.0,0.0
21895,257310,0.27436617,10,0.0,20938,322080,0.45543072,0.7297969,1665,2843.8207552433014,0.45543072,28.620469180636388,0.0,0.0
21901,257370,0.24291173,10,0.0,20950,322200,0.4806393,0.72355103,1666,2845.0334458351135,0.4806393,45.452963277231056,0.0,0.0
21907,257430,0.32290882,10,0.0,20963,322330,0.3720234,0.6949322,1667,2846.2421848773956,0.3720234,30.065035836731592,0.0,0.0
21914,257500,0.29995224,10,0.0,20975,322450,0.3981792,0.69813144,1668,2847.4615893363953,0.3981792,35.07691021078909,0.0,0.0
21919,257550,0.2467615,10,0.0,20989,322590,0.45384878,0.7006103,1669,2848.625778198242,0.45384878,33.57401236401069,0.0,0.0
21926,257620,0.31377536,10,0.0,21001,322710,0.41967297,0.7334483,1670,2849.8413088321686,0.41967297,27.517779632283087,0.0,0.0
21931,257670,0.32034823,10,0.0,21014,322840,0.39477375,0.715122,1671,2851.035254240036,0.39477375,28.867106684928114,0.0,0.0
21939,257750,0.32357815,10,0.0,21025,322950,0.33913496,0.6627131,1672,2852.28280711174,0.33913496,29.24730942861008,0.0,0.0
21946,257820,0.22988784,10,0.0,21038,323080,0.46992326,0.6998111,1673,2853.505310535431,0.46992326,29.24455643741498,0.0,0.0
21951,257870,0.31232008,10,0.0,21051,323210,0.36161414,0.6739342,1674,2854.6864037513733,0.36161414,28.864246026120455,0.0,0.0
21959,257950,0.32894325,10,0.0,21062,323320,0.3505301,0.67947334,1675,2855.8995385169983,0.3505301,25.57588211799786,0.0,0.0
21965,258010,0.30389804,10,0.0,21075,323450,0.4255141,0.72941214,1676,2857.155613183975,0.4255141,35.26604850453868,0.0,0.0
21970,258060,0.22852862,10,0.0,21088,323580,0.5184513,0.7469799,1677,2858.3512904644012,0.5184513,27.495321086543676,0.0,0.0
21978,258140,0.28182527,10,0.0,21099,323690,0.42457405,0.7063993,1678,2859.5807571411133,0.42457405,35.24015170483093,0.0,0.0
21981,258170,0.29573023,10,0.0,21112,323820,0.4460349,0.74176514,1679,2860.7596430778503,0.4460349,52.46998894131894,0.0,0.0
21983,258190,0.28228337,10,0.0,21123,323930,0.4349547,0.71723807,1679,2860.7596430778503,0.4349547,161.90723241306898,0.0,0.0
21990,258260,0.35211828,10,0.0,21132,324020,0.30794892,0.6600672,1680,2861.97989153862,0.30794892,171.8709381325859,0.0,0.0
21996,258320,0.318981,10,0.0,21142,324120,0.41349214,0.73247313,1681,2863.178819656372,0.41349214,96.50863774838703,0.0,0.0
22003,258390,0.36077186,10,0.0,21153,324230,0.30109432,0.6618662,1682,2864.5146470069885,0.30109432,34.350624515264606,0.0,0.0
22010,258460,0.31636223,10,0.0,21165,324350,0.35345343,0.66981566,1683,2865.7479083538055,0.35345343,37.60206912936093,0.0,0.0
22015,258510,0.31674004,10,0.0,21178,324480,0.40062475,0.7173648,1684,2866.9451184272766,0.40062475,22.335718690457046,0.0,0.0
22022,258580,0.23862368,10,0.0,21190,324600,0.5102144,0.74883807,1685,2868.153762817383,0.5102144,25.749919729184995,0.0,0.0
22029,258650,0.3395509,10,0.0,21202,324720,0.32690948,0.6664604,1686,2869.3482999801636,0.32690948,52.50690401972935,0.0,0.0
22034,258700,0.3143504,10,0.0,21215,324850,0.3466753,0.6610257,1687,2870.536387681961,0.3466753,25.310223889333425,0.0,0.0
22042,258780,0.29296,10,0.0,21226,324960,0.40242988,0.69538987,1688,2871.7814733982086,0.40242988,34.89591471171358,0.0,0.0
22044,258800,0.34395772,10,0.0,21238,325080,0.32201803,0.66597575,1689,2872.977692604065,0.32201803,81.43583849146869,0.0,0.0
22048,258840,0.30499998,10,0.0,21249,325190,0.43454096,0.73954093,1689,2872.977692604065,0.43454096,185.79666617939552,0.0,0.0
22054,258900,0.31130448,10,0.0,21259,325290,0.39897498,0.71027946,1690,2874.1690425872803,0.39897498,186.86864006558196,0.0,0.0
22060,258960,0.2877056,10,0.0,21268,325380,0.42605627,0.71376187,1691,2875.3802497386932,0.42605627,166.91687791755047,0.0,0.0
22067,259030,0.3346456,10,0.0,21278,325480,0.36488083,0.6995264,1692,2876.5891830921173,0.36488083,94.60672484611169,0.0,0.0
22074,259100,0.20384371,10,0.0,21289,325590,0.5540356,0.7578793,1693,2877.8266541957855,0.5540356,54.85410571662859,0.0,0.0
22074,259100,0.31051877,10,0.0,21301,325710,0.3751059,0.68562466,1693,2877.8266541957855,0.3751059,31.574603332332114,0.0,0.0
22079,259150,0.22950733,10,0.0,21313,325830,0.5107285,0.7402358,1694,2879.0173377990723,0.5107285,32.888273443742314,0.0,0.0
22086,259220,0.36049563,10,0.0,21325,325950,0.29069847,0.6511941,1695,2880.234647989273,0.29069847,33.31070423922246,0.0,0.0
22098,259340,0.28106275,10,0.0,21339,326090,0.41882882,0.69989157,1697,2882.643456697464,0.41882882,22.654377800534938,0.0,0.0
22106,259420,0.25736508,10,0.0,21351,326210,0.4703597,0.7277248,1698,2883.8555448055267,0.4703597,29.900964688907077,0.0,0.0
22111,259470,0.020321667,10,0.0,21364,326340,0.75361145,0.7739331,1699,2885.0330004692078,0.75361145,27.030431843330238,0.0,0.0
22118,259540,0.020409167,10,0.0,21376,326460,0.7581244,0.7785336,1700,2886.250305891037,0.7581244,36.4238757961175,0.0,0.0
22124,259600,0.28052217,10,0.0,21388,326580,0.41621268,0.69673485,1701,2887.5393793582916,0.41621268,43.83087982493999,0.0,0.0
22124,259600,0.13145083,10,0.0,21400,326700,0.6429544,0.77440524,1701,2887.5393793582916,0.6429544,181.55195325181256,0.0,0.0
22131,259670,0.3234984,10,0.0,21410,326800,0.33564392,0.6591423,1702,2888.745379447937,0.33564392,186.7504919988958,0.0,0.0
22137,259730,0.31769803,10,0.0,21419,326890,0.3591974,0.67689544,1703,2889.9832561016083,0.3591974,190.59906661395354,0.0,0.0
22144,259800,0.2908072,10,0.0,21428,326980,0.3972301,0.6880373,1704,2891.200743675232,0.3972301,126.73566017724785,0.0,0.0
22150,259860,0.32167125,10,0.0,21439,327090,0.3462116,0.66788286,1705,2892.4245195388794,0.3462116,43.15482755782369,0.0,0.0
22158,259940,0.3278098,10,0.0,21450,327200,0.3824947,0.7103045,1706,2893.628890991211,0.3824947,39.40911286124751,0.0,0.0
22162,259980,0.25668165,10,0.0,21464,327340,0.4614394,0.71812105,1707,2894.796991586685,0.4614394,26.501879133905035,0.0,0.0
22165,260010,0.28505114,10,0.0,21476,327460,0.4124225,0.69747365,1708,2896.0973176956177,0.4124225,52.919228954334294,0.0,0.0
22169,260050,0.19304562,10,0.0,21486,327560,0.58133215,0.77437776,1708,2896.0973176956177,0.58133215,163.5129740518962,0.0,0.0
22175,260110,0.36068892,10,0.0,21492,327620,0.2905724,0.6512613,1709,2897.557864189148,0.2905724,106.14675230676566,0.0,0.0
22182,260180,0.37227708,10,0.0,21504,327740,0.26529205,0.6375691,1710,2899.0658223629,0.26529205,21.940431390642146,0.0,0.0
22188,260240,0.23930034,10,0.0,21517,327870,0.44493112,0.68423146,1711,2900.548982858658,0.44493112,25.39172401184377,0.0,0.0
22195,260310,0.28283614,10,0.0,21529,327990,0.39540422,0.67824036,1712,2901.8178293704987,0.39540422,43.135166599304995,0.0,0.0
22195,260310,0.32422748,10,0.0,21541,328110,0.34823743,0.6724649,1712,2901.8178293704987,0.34823743,170.87595076978232,0.0,0.0
22201,260370,0.23525292,10,0.0,21550,328200,0.45829117,0.6935441,1713,2903.1535606384277,0.45829117,174.4174654329972,0.0,0.0
22208,260440,0.17823112,10,0.0,21560,328300,0.53785825,0.71608937,1714,2904.3697934150696,0.53785825,171.40946893070966,0.0,0.0
22214,260500,0.01721245,10,0.0,21570,328400,0.71706927,0.7342817,1715,2905.578884601593,0.71706927,154.70571528687088,0.0,0.0
22220,260560,0.3412755,10,0.0,21581,328510,0.33329523,0.67457074,1716,2906.8628079891205,0.33329523,46.49550819875666,0.0,0.0
22226,260620,0.3125516,10,0.0,21592,328620,0.40025535,0.71280694,1717,2908.0849599838257,0.40025535,26.309723416653963,0.0,0.0
22233,260690,0.007968426,10,0.0,21604,328740,0.7412472,0.7492156,1718,2909.306992292404,0.7412472,27.61758020633328,0.0,0.0
22233,260690,0.13352054,10,0.0,21616,328860,0.5435115,0.67703205,1718,2909.306992292404,0.5435115,66.55280202849154,0.0,0.0
22240,260760,0.3300137,10,0.0,21628,328980,0.37156653,0.7015802,1719,2910.5138940811157,0.37156653,164.48573501441206,0.0,0.0
22246,260820,0.35122332,10,0.0,21636,329060,0.31501278,0.6662361,1720,2911.71338558197,0.31501278,179.7869631750631,0.0,0.0
22253,260890,0.0007981062,10,0.0,21646,329160,0.7084427,0.7092408,1721,2912.933062314987,0.70709467,169.2814736187851,0.0,0.0
22259,260950,0.0029327273,10,0.0,21655,329250,0.6848617,0.68779445,1722,2914.121012210846,0.6843008,50.222644771787316,0.0,0.0
22260,260960,0.0056501627,10,0.0,21667,329370,0.74891955,0.7545697,1723,2915.6295578479767,0.74883765,17.93510647395878,0.0,0.0
22265,261010,0.016126096,10,0.0,21679,329490,0.69669145,0.71281755,1723,2915.6295578479767,0.69669145,76.77699127031633,0.0,0.0
22272,261080,0.010667741,10,0.0,21688,329580,0.70308787,0.7137556,1724,2917.232274055481,0.70308787,178.55016197761685,0.0,0.0
22278,261140,0.12417519,10,0.0,21695,329650,0.54842126,0.67259645,1725,2918.6644415855408,0.54842126,149.80566677262547,0.0,0.0
22278,261140,0.0071665645,10,0.0,21706,329760,0.70313793,0.7103045,1726,2920.0427582263947,0.70313793,34.28833962125331,0.0,0.0
22284,261200,0.3405605,10,0.0,21718,329880,0.32526547,0.66582596,1726,2920.0427582263947,0.32526547,23.9983750489917,0.0,0.0
22290,261260,0.34288335,10,0.0,21726,329960,0.31762946,0.6605128,1727,2921.5111758708954,0.31762946,143.66170360703802,0.0,0.0
22290,261260,0.22370678,10,0.0,21734,330040,0.5300207,0.7537275,1727,2921.5111758708954,0.5300207,14.318798564400394,0.0,0.0
22296,261320,0.33708015,10,0.0,21745,330150,0.342887,0.67996716,1728,2923.465756416321,0.342887,130.52217533639543,0.0,0.0
22304,261400,0.024273157,10,0.0,21751,330210,0.7359276,0.76020074,1729,2925.1913895606995,0.7359276,169.89035292020918,0.0,0.0
22310,261460,0.0044329762,10,0.0,21759,330290,0.70773876,0.71217173,1730,2926.6203060150146,0.7074447,42.12891276311085,0.0,0.0
22317,261530,0.019761264,10,0.0,21770,330400,0.69963604,0.7193973,1731,2927.8962783813477,0.69963604,25.587506100536846,0.0,0.0
22323,261590,0.016379952,10,0.0,21782,330520,0.7116446,0.72802454,1732,2929.195966720581,0.7116446,27.388868936064622,0.0,0.0
22330,261660,0.00241822,10,0.0,21794,330640,0.69370556,0.6961238,1733,2930.471801519394,0.6933854,25.23442125072798,0.0,0.0
22337,261730,0.10215747,10,0.0,21806,330760,0.6244168,0.7265743,1734,2931.7904286384583,0.6244168,25.773005071887585,0.0,0.0
22342,261780,0.013671219,10,0.0,21818,330880,0.70356816,0.7172394,1735,2933.103571653366,0.70356816,23.9900157519587,0.0,0.0
22348,261840,0.00012558699,10,0.0,21831,331010,0.70279384,0.7029194,1736,2934.378502845764,0.7015556,32.31100127570672,0.0,0.0
22348,261840,-0.0004258752,10,0.0,21842,331120,0.666781,0.66635513,1737,2935.684490442276,0.6653743,174.62514936154446,0.0,0.0
22356,261920,0.35037145,10,0.0,21853,331230,0.32933757,0.679709,1737,2935.684490442276,0.32933757,186.99360683364392,0.0,0.0
22360,261960,0.01977408,10,0.0,21860,331300,0.6757804,0.6955545,1738,2937.0494005680084,0.6757804,51.5396761616169,0.0,0.0
22368,262040,0.001968503,10,0.0,21871,331410,0.69273645,0.69470495,1739,2938.3562994003296,0.69185734,51.254057013256165,0.0,0.0
22374,262100,0.014671743,10,0.0,21883,331530,0.695441,0.71011275,1740,2939.644198656082,0.695441,39.45233517568844,0.0,0.0
22381,262170,0.0058656335,10,0.0,21895,331650,0.71448445,0.7203501,1741,2940.937422990799,0.71444976,21.434877752373048,0.0,0.0
22387,262230,0.0066447854,10,0.0,21907,331770,0.69880164,0.7054464,1742,2942.298074245453,0.69880164,28.833529713431712,0.0,0.0
22387,262230,0.011628091,10,0.0,21920,331900,0.71957123,0.7311993,1742,2942.298074245453,0.71957123,90.16770321196474,0.0,0.0
22393,262290,-0.0005797148,10,0.0,21925,331950,0.7055125,0.7049328,1743,2943.722925901413,0.7036823,179.5276291572144,0.0,0.0
22401,262370,-0.00021129847,10,0.0,21933,332030,0.6626512,0.6624399,1744,2945.161900281906,0.6609341,60.495147325440016,0.0,0.0
22402,262380,0.015075445,10,0.0,21945,332150,0.67264926,0.6877247,1745,2946.6556153297424,0.67264926,23.168137447690423,0.0,0.0
22407,262430,0.013327122,10,0.0,21958,332280,0.7564525,0.7697796,1745,2946.6556153297424,0.7564525,30.950595538094735,0.0,0.0
22412,262480,0.0046901703,10,0.0,21966,332360,0.69702643,0.7017166,1746,2948.160754442215,0.69683456,132.96846269924802,0.0,0.0
22419,262550,0.25177294,10,0.0,21972,332420,0.40856755,0.6603405,1747,2949.7715413570404,0.40856755,46.51902328222601,0.0,0.0
22419,262550,0.017910123,10,0.0,21984,332540,0.73026305,0.7481732,1747,2949.7715413570404,0.73026305,19.32365654114111,0.0,0.0
22424,262600,0.0063974857,10,0.0,21995,332650,0.6814414,0.6878389,1748,2951.5150628089905,0.6814414,39.09650189036622,0.0,0.0
22432,262680,0.14668983,10,0.0,22002,332720,0.5308032,0.67749304,1749,2952.971872329712,0.5308032,153.8398113269831,0.0,0.0
22439,262750,0.0657962,10,0.0,22009,332790,0.63052595,0.69632214,1750,2954.6533331871033,0.63052595,19.372333841393008,0.0,0.0
22439,262750,0.010337353,10,0.0,22021,332910,0.7029343,0.7132717,1750,2954.6533331871033,0.7029343,38.1954895434449,0.0,0.0
22445,262810,0.2201528,10,0.0,22031,333010,0.49550807,0.71566087,1751,2956.4087991714478,0.49550807,167.3163901532226,0.0,0.0
22451,262870,0.013687134,10,0.0,22037,333070,0.69140023,0.70508736,1752,2957.8053061962128,0.69140023,171.81391042893014,0.0,0.0
22451,262870,0.017957568,10,0.0,22046,333160,0.70102763,0.7189852,1753,2959.3000404834747,0.70102763,19.314170987557677,0.0,0.0
22457,262930,0.019519031,10,0.0,22056,333260,0.69799536,0.7175144,1753,2959.3000404834747,0.69799536,140.84345481348157,0.0,0.0
22465,263010,-0.00418967,10,0.0,22063,333330,0.7047674,0.70057774,1754,2960.8371782302856,0.70057774,126.83760580374557,0.0,0.0
22471,263070,0.0051347017,10,0.0,22071,333410,0.6953713,0.70050603,1755,2962.369176864624,0.6951284,101.09387503253859,0.0,0.0
22471,263070,0.0033740401,10,0.0,22084,333540,0.7512127,0.75458676,1756,2963.974942922592,0.75076425,32.4704891432252,0.0,0.0
22476,263120,0.02179879,10,0.0,22090,333600,0.73506284,0.7568616,1756,2963.974942922592,0.73506284,140.93147812763556,0.0,0.0
22483,263190,0.3042815,10,0.0,22098,333680,0.34259936,0.64688087,1757,2965.8131375312805,0.34259936,57.57515525221965,0.0,0.0
22483,263190,0.0063208938,10,0.0,22109,333790,0.67763346,0.68395436,1757,2965.8131375312805,0.6775368,120.83500907493301,0.0,0.0
22488,263240,0.012424052,10,0.0,22112,333820,0.7036078,0.71603185,1758,2967.66055893898,0.7036078,26.91264866973631,0.0,0.0
22492,263280,0.08629,10,0.0,22122,333920,0.58743745,0.67372745,1759,2969.549810886383,0.58743745,65.13986817665074,0.0,0.0
22496,263320,0.023076832,10,0.0,22128,333980,0.69523364,0.7183105,1759,2969.549810886383,0.69523364,164.40643153364326,0.0,0.0
22503,263390,0.0021068454,10,0.0,22137,334070,0.7249336,0.72704047,1760,2971.1371738910675,0.7240669,171.03900499541237,0.0,0.0
22508,263440,0.00797075,10,0.0,22148,334180,0.6942401,0.70221084,1761,2972.522297859192,0.6942401,20.649023550193085,0.0,0.0
22515,263510,0.0052324533,10,0.0,22159,334290,0.7145011,0.71973354,1762,2973.836737394333,0.7143125,31.057852720623245,0.0,0.0
22520,263560,0.021650374,10,0.0,22173,334430,0.71223515,0.7338855,1763,2975.0871255397797,0.71223515,25.49363130882135,0.0,0.0
22528,263640,0.02127695,10,0.0,22185,334550,0.67884684,0.7001238,1764,2976.402424097061,0.67884684,25.602594012821122,0.0,0.0
22535,263710,0.090370655,10,0.0,22196,334660,0.6114866,0.70185727,1765,2977.723068714142,0.6114866,34.1571276866046,0.0,0.0
22537,263730,0.0025553107,10,0.0,22209,334790,0.6945146,0.6970699,1766,2978.9637105464935,0.6936989,71.30659784735646,0.0,0.0
22540,263760,0.003997147,10,0.0,22218,334880,0.7014237,0.70542085,1766,2978.9637105464935,0.7010176,190.85057492184976,0.0,0.0
22547,263830,0.24496421,10,0.0,22226,334960,0.42154124,0.66650546,1767,2980.2924089431763,0.42154124,168.8385442454543,0.0,0.0
22553,263890,-0.0025761724,10,0.0,22235,335050,0.6851528,0.68257666,1768,2981.577688217163,0.68212897,36.04084676961996,0.0,0.0
22560,263960,0.09268099,10,0.0,22247,335170,0.57765174,0.67033273,1769,2982.863168001175,0.57765174,23.875129712705213,0.0,0.0
22567,264030,0.2292614,10,0.0,22259,335290,0.41663837,0.6458998,1770,2984.1735575199127,0.41663837,25.440700593633977,0.0,0.0
22572,264080,0.22037947,10,0.0,22272,335420,0.43710172,0.6574812,1771,2985.4248521327972,0.43710172,27.415005915303315,0.0,0.0
22572,264080,0.012019038,10,0.0,22285,335550,0.71875024,0.7307693,1772,2986.7259573936462,0.71875024,28.817225873162553,0.0,0.0
22579,264150,0.004423976,10,0.0,22298,335680,0.684998,0.68942195,1772,2986.7259573936462,0.68464816,26.099188395227817,0.0,0.0
22584,264200,0.251023,10,0.0,22310,335800,0.39286423,0.6438872,1773,2987.9739394187927,0.39286423,24.660916397674022,0.0,0.0
22599,264350,0.12252349,10,0.0,22322,335920,0.55417764,0.6767011,1775,2990.622046470642,0.55417764,27.098067997395052,0.0,0.0
22604,264400,0.1532062,10,0.0,22336,336060,0.4911863,0.6443925,1776,2991.9577033519745,0.4911863,19.93927376673311,0.0,0.0
22611,264470,0.015856445,10,0.0,22348,336180,0.6657036,0.68156004,1777,2993.3570172786713,0.6657036,25.126395659930438,0.0,0.0
22617,264530,0.0054879785,10,0.0,22360,336300,0.6917908,0.6972788,1778,2994.662183523178,0.69160473,26.908746569287246,0.0,0.0
22617,264530,-0.0010549426,10,0.0,22372,336420,0.6809226,0.6798677,1779,2996.0322115421295,0.6787013,143.0282693947144,0.0,0.0
22623,264590,0.011579156,10,0.0,22375,336450,0.66026497,0.6718441,1779,2996.0322115421295,0.66026497,123.16011710227656,0.0,0.0
22631,264670,0.15670022,10,0.0,22385,336550,0.49302778,0.649728,1780,2997.611221075058,0.49302778,25.997290130795196,0.0,0.0
22637,264730,0.019871533,10,0.0,22397,336670,0.70829535,0.7281669,1781,2998.998205423355,0.70829535,25.595563269062247,0.0,0.0
22637,264730,0.013994038,10,0.0,22406,336760,0.7174805,0.7314745,1781,2998.998205423355,0.7174805,159.21831523245177,0.0,0.0
22644,264800,0.064517856,10,0.0,22414,336840,0.59895396,0.6634718,1782,3000.5671470165253,0.59895396,160.33823793632044,0.0,0.0
22649,264850,0.014116883,10,0.0,22423,336930,0.6814066,0.6955235,1783,3001.984493494034,0.6814066,31.961983694016286,0.0,0.0
22649,264850,0.026708424,10,0.0,22434,337040,0.7042303,0.73093873,1784,3003.604524374008,0.7042303,103.59989724741637,0.0,0.0
22656,264920,0.011245072,10,0.0,22441,337110,0.71133095,0.722576,1784,3003.604524374008,0.71133095,165.70940927336514,0.0,0.0
22661,264970,0.0015984178,10,0.0,22449,337190,0.6779883,0.6795867,1785,3005.0722658634186,0.6768601,26.365656475492845,0.0,0.0
22669,265050,0.02280134,10,0.0,22460,337300,0.69534755,0.7181489,1786,3006.533036708832,0.69534755,17.961373427316097,0.0,0.0
22669,265050,0.018612504,10,0.0,22470,337400,0.6858166,0.7044291,1786,3006.533036708832,0.6858166,113.11163908298298,0.0,0.0
22675,265110,0.0069447756,10,0.0,22475,337450,0.65820825,0.665153,1787,3008.415769100189,0.6581783,42.216263658397146,0.0,0.0
22681,265170,0.027398944,10,0.0,22487,337570,0.76629525,0.7936942,1788,3010.350496530533,0.76629525,23.957471430472676,0.0,0.0
22682,265180,0.008128405,10,0.0,22499,337690,0.6620336,0.670162,1789,3011.8029606342316,0.6620336,100.10893277387142,0.0,0.0
22687,265230,0.021535277,10,0.0,22505,337750,0.6613113,0.6828466,1789,3011.8029606342316,0.6613113,161.0499356845278,0.0,0.0
22694,265300,0.0059562325,10,0.0,22512,337820,0.6502862,0.65624243,1790,3013.1909396648407,0.65009934,30.007154263082285,0.0,0.0
22702,265380,0.0151385665,10,0.0,22523,337930,0.64690304,0.6620416,1791,3014.670312643051,0.64690304,20.12988932722857,0.0,0.0
22702,265380,0.01595217,10,0.0,22533,338030,0.6955663,0.71151847,1791,3014.670312643051,0.6955663,154.38568594323405,0.0,0.0
22707,265430,0.011689901,10,0.0,22539,338090,0.64158714,0.65327704,1792,3016.6198019981384,0.64158714,20.160086594610235,0.0,0.0
22707,265430,0.014707744,10,0.0,22550,338200,0.7088621,0.72356987,1793,3018.373996257782,0.7088621,152.6567038150491,0.0,0.0
22713,265490,-0.0018530488,10,0.0,22557,338270,0.71335953,0.7115065,1793,3018.373996257782,0.71080697,181.3259090496427,0.0,0.0
22719,265550,0.0023460984,10,0.0,22565,338350,0.7187565,0.7211026,1794,3019.819443464279,0.7179393,50.35577848905196,0.0,0.0
22725,265610,0.010148585,10,0.0,22577,338470,0.6749344,0.685083,1795,3021.2165570259094,0.6749344,22.056107005908547,0.0,0.0
22725,265610,0.017972887,10,0.0,22585,338550,0.715263,0.7332359,1795,3021.2165570259094,0.715263,127.28333206888703,0.0,0.0
22733,265690,0.0144991875,10,0.0,22590,338600,0.6497252,0.6642244,1796,3023.112605571747,0.6497252,17.80468899237179,0.0,0.0
22733,265690,0.026227236,10,0.0,22602,338720,0.6794806,0.70570785,1797,3024.856518268585,0.6794806,107.92065807789588,0.0,0.0
22739,265750,0.017808914,10,0.0,22605,338750,0.65225095,0.67005986,1797,3024.856518268585,0.65225095,33.16900812558075,0.0,0.0
22745,265810,-0.00238806,10,0.0,22616,338860,0.6731782,0.67079014,1798,3026.7136170864105,0.67021173,25.95621675645068,0.0,0.0
22751,265870,0.011684716,10,0.0,22629,338990,0.6495768,0.6612615,1799,3028.023656845093,0.6495768,22.945410402587818,0.0,0.0
22751,265870,0.0023486018,10,0.0,22640,339100,0.65452784,0.65687644,1799,3028.023656845093,0.6535511,92.23947096998366,0.0,0.0
22760,265960,0.0129163265,10,0.0,22645,339150,0.67974406,0.6926604,1800,3029.7835171222687,0.67974406,12.645920297884208,0.0,0.0
22760,265960,0.022300243,10,0.0,22654,339240,0.70676285,0.7290631,1800,3029.7835171222687,0.70676285,89.50579056650882,0.0,0.0
22766,266020,0.015090525,10,0.0,22660,339300,0.7110153,0.7261058,1801,3032.5181498527527,0.7110153,17.95507617939905,0.0,0.0
22766,266020,0.018508613,10,0.0,22669,339390,0.6759563,0.6944649,1801,3032.5181498527527,0.6759563,171.78294827635636,0.0,0.0
22771,266070,0.017798603,10,0.0,22677,339470,0.74879664,0.76659524,1802,3034.689795732498,0.74879664,178.85166280760555,0.0,0.0
22777,266130,0.026002944,10,0.0,22686,339560,0.66472006,0.690723,1803,3036.0007948875427,0.66472006,24.48420812987248,0.0,0.0
22784,266200,0.0029235482,10,0.0,22697,339670,0.69374883,0.6966724,1804,3037.323480129242,0.693031,23.91374798310081,0.0,0.0
22789,266250,0.010168493,10,0.0,22711,339810,0.64779663,0.6579651,1805,3038.673029899597,0.64779663,31.519886374310975,0.0,0.0
22789,266250,0.008859456,10,0.0,22721,339910,0.72956526,0.7384247,1806,3040.0288112163544,0.72956526,141.52637652600535,0.0,0.0
22797,266330,0.01895833,10,0.0,22730,340000,0.70460033,0.72355866,1806,3040.0288112163544,0.70460033,168.30467599484768,0.0,0.0
22803,266390,0.003408134,10,0.0,22738,340080,0.6816328,0.68504095,1807,3041.320952653885,0.68103707,142.56254078747008,0.0,0.0
22810,266460,0.009427786,10,0.0,22748,340180,0.73653793,0.7459657,1808,3042.6200375556946,0.73653793,23.09970761216232,0.0,0.0
22810,266460,0.016460419,10,0.0,22756,340260,0.6687842,0.6852446,1808,3042.6200375556946,0.6687842,113.89116226277788,0.0,0.0
22816,266520,0.0070593953,10,0.0,22762,340320,0.67807966,0.68513906,1809,3044.5304703712463,0.67807966,16.857118742841067,0.0,0.0
22816,266520,0.010052323,10,0.0,22770,340400,0.6634066,0.67345893,1809,3044.5304703712463,0.6634066,95.29520286819134,0.0,0.0
22821,266570,0.01740694,10,0.0,22777,340470,0.6845659,0.70197284,1810,3047.3290827274323,0.6845659,14.4019140727474,0.0,0.0
22823,266590,0.011175334,10,0.0,22779,340490,0.69949996,0.7106753,1810,3047.3290827274323,0.69949996,51.44428499589113,0.0,0.0
22823,266590,-0.0027477741,10,0.0,22787,340570,0.69838095,0.6956332,1810,3047.3290827274323,0.6952877,95.9527088547362,0.0,0.0
22830,266660,0.015045166,10,0.0,22793,340630,0.6508981,0.66594326,1811,3050.588091611862,0.6508981,80.94783546817614,0.0,0.0
22832,266680,-0.002024889,10,0.0,22805,340750,0.6620333,0.66000843,1812,3052.407049894333,0.65924245,58.15043984000776,0.0,0.0
22834,266700,0.023590863,10,0.0,22811,340810,0.67225736,0.6958482,1812,3052.407049894333,0.67225736,146.54177395630617,0.0,0.0
22841,266770,0.0047632456,10,0.0,22820,340900,0.6808,0.68556327,1813,3053.989088535309,0.6805043,27.620726555528847,0.0,0.0
22841,266770,0.009980202,10,0.0,22828,340980,0.6926634,0.7026436,1813,3053.989088535309,0.6926634,121.27663757857543,0.0,0.0
22849,266850,0.016122758,10,0.0,22834,341040,0.7378503,0.75397307,1814,3055.7830486297607,0.7378503,99.40875748059489,0.0,0.0
22853,266890,0.022997916,10,0.0,22846,341160,0.7469865,0.7699844,1815,3057.5888934135437,0.7469865,21.667848823723592,0.0,0.0
22853,266890,0.012010634,10,0.0,22856,341260,0.6503962,0.66240686,1816,3059.1488230228424,0.6503962,134.27100673547264,0.0,0.0
22861,266970,0.02589649,10,0.0,22863,341330,0.67321706,0.69911355,1816,3059.1488230228424,0.67321706,141.56984652564714,0.0,0.0
22867,267030,0.015097678,10,0.0,22871,341410,0.6911713,0.70626897,1817,3060.6776287555695,0.6911713,32.523640739847565,0.0,0.0
22874,267100,0.012616634,10,0.0,22883,341530,0.67844975,0.6910664,1818,3062.2914023399353,0.67844975,19.507410790527732,0.0,0.0
22875,267110,0.018040895,10,0.0,22894,341640,0.69418705,0.71222794,1819,3063.87256026268,0.69418705,80.07499088387296,0.0,0.0
22880,267160,0.018395841,10,0.0,22903,341730,0.6981806,0.71657646,1819,3063.87256026268,0.6981806,131.3869180191271,0.0,0.0
22885,267210,0.021944404,10,0.0,22911,341810,0.65960824,0.68155265,1820,3065.409942626953,0.65960824,28.16914500013768,0.0,0.0
22885,267210,0.020305932,10,0.0,22920,341900,0.7080627,0.72836864,1821,3067.0388102531433,0.7080627,69.30431377344055,0.0,0.0
22894,267300,0.015260518,10,0.0,22925,341950,0.66953367,0.6847942,1821,3067.0388102531433,0.66953367,118.6930560822245,0.0,0.0
22898,267340,0.01599127,10,0.0,22936,342060,0.70579916,0.72179043,1822,3069.1660420894623,0.70579916,12.659321130479347,0.0,0.0
22898,267340,0.00430423,10,0.0,22943,342130,0.6326087,0.63691294,1822,3069.1660420894623,0.6321224,86.0444181857719,0.0,0.0
22905,267410,0.013282001,10,0.0,22951,342210,0.66903704,0.68231905,1823,3071.6672286987305,0.66903704,12.473937189921408,0.0,0.0
22912,267480,0.008778393,10,0.0,22962,342320,0.71178555,0.72056395,1824,3073.514354467392,0.71178555,33.32706145592311,0.0,0.0
22912,267480,0.021541357,10,0.0,22974,342440,0.74010265,0.761644,1824,3073.514354467392,0.74010265,150.5790446785977,0.0,0.0
22917,267530,0.010000408,10,0.0,22978,342480,0.64286834,0.65286875,1825,3074.923809528351,0.64286834,72.08479059287764,0.0,0.0
22924,267600,0.023971975,10,0.0,22989,342590,0.70197654,0.7259485,1826,3076.592771291733,0.70197654,35.93068638570689,0.0,0.0
22924,267600,0.013194084,10,0.0,23001,342710,0.682962,0.6961561,1826,3076.592771291733,0.682962,19.59031466005047,0.0,0.0
22931,267670,0.020956397,10,0.0,23010,342800,0.6893459,0.7103023,1827,3078.0767459869385,0.6893459,130.1491611045431,0.0,0.0
22938,267740,0.0018800497,10,0.0,23016,342860,0.7056049,0.70748496,1828,3079.954850435257,0.7046308,142.81593266277588,0.0,0.0
22944,267800,0.019697547,10,0.0,23026,342960,0.69611835,0.7158159,1829,3081.440365791321,0.69611835,22.17610378129623,0.0,0.0
22949,267850,0.012096226,10,0.0,23039,343090,0.6624238,0.67452,1830,3082.7884299755096,0.6624238,18.432644422529616,0.0,0.0
22957,267930,0.023861587,10,0.0,23050,343200,0.7030328,0.7268944,1831,3084.1696887016296,0.7030328,20.963009018338553,0.0,0.0
22963,267990,0.008967161,10,0.0,23063,343330,0.6577201,0.66668725,1832,3085.554856777191,0.6577201,28.164208128753614,0.0,0.0
22963,267990,0.00490433,10,0.0,23074,343440,0.65416247,0.6590668,1832,3085.554856777191,0.65382814,120.76612113743421,0.0,0.0
22969,268050,-0.0027871728,10,0.0,23079,343490,0.680289,0.6775018,1833,3087.2633917331696,0.67714745,20.615531010510505,0.0,0.0
22969,268050,0.016586423,10,0.0,23084,343540,0.7460885,0.7626749,1833,3087.2633917331696,0.7460885,66.8526845129464,0.0,0.0
22969,268050,-0.0025128126,10,0.0,23093,343630,0.7393005,0.7367877,1834,3090.238914489746,0.73643374,83.78285951707497,0.0,0.0
22976,268120,0.015078366,10,0.0,23096,343660,0.6640391,0.67911744,1834,3090.238914489746,0.6640391,13.88868137952227,0.0,0.0
22976,268120,0.019584656,10,0.0,23108,343780,0.7207568,0.7403415,1835,3092.4477784633636,0.7207568,133.0376309979954,0.0,0.0
22983,268190,0.008737266,10,0.0,23115,343850,0.68533427,0.69407153,1835,3092.4477784633636,0.68533427,149.55408017001005,0.0,0.0
22988,268240,0.010281801,10,0.0,23123,343930,0.73474,0.7450218,1836,3094.0414760112762,0.73474,20.34665391171725,0.0,0.0
22995,268310,0.014850259,10,0.0,23134,344040,0.67644477,0.691295,1837,3095.5740196704865,0.67644477,26.07506139069348,0.0,0.0
22996,268320,0.008785307,10,0.0,23146,344160,0.67820746,0.68699276,1838,3096.896743297577,0.67820746,115.0303050248748,0.0,0.0
23002,268380,0.0056865215,10,0.0,23155,344250,0.65998673,0.66567326,1838,3096.896743297577,0.65977585,178.75942957968581,0.0,0.0
23009,268450,-0.0035202503,10,0.0,23163,344330,0.68731964,0.6837994,1839,3098.229386329651,0.6837907,148.3338932879711,0.0,0.0
23014,268500,0.025878727,10,0.0,23172,344420,0.7044205,0.73029923,1840,3099.6049003601074,0.7044205,20.738071528800294,0.0,0.0
23014,268500,0.01002723,10,0.0,23184,344540,0.715006,0.7250332,1841,3101.138540506363,0.715006,23.205386534769595,0.0,0.0
23020,268560,0.022486687,10,0.0,23192,344620,0.6817393,0.70422596,1841,3101.138540506363,0.6817393,149.2188811885415,0.0,0.0
23026,268620,0.00033515692,10,0.0,23198,344680,0.6443925,0.64472765,1842,3102.9101135730743,0.6426422,69.93630488284766,0.0,0.0
23026,268620,0.014113665,10,0.0,23210,344800,0.7350376,0.7491513,1842,3102.9101135730743,0.7350376,93.72557870344507,0.0,0.0
23033,268690,0.024657905,10,0.0,23212,344820,0.7815793,0.8062372,1843,3104.6911227703094,0.7815793,33.09021597808662,0.0,0.0
23033,268690,0.017876029,10,0.0,23223,344930,0.6814167,0.6992927,1844,3106.8968563079834,0.6814167,110.410997128048,0.0,0.0
23040,268760,0.010186195,10,0.0,23226,344960,0.66832256,0.67850876,1844,3106.8968563079834,0.66832256,43.07633530555381,0.0,0.0
23047,268830,0.006344974,10,0.0,23237,345070,0.73222727,0.73857224,1845,3108.740562438965,0.73221713,26.64698041836666,0.0,0.0
23052,268880,0.003819406,10,0.0,23250,345200,0.7037193,0.7075387,1846,3110.117606163025,0.70327675,24.261669225314066,0.0,0.0
23059,268950,0.0025741458,10,0.0,23262,345320,0.68829185,0.690866,1847,3111.465891599655,0.6874817,27.033951124560506,0.0,0.0
23059,268950,0.0062763095,10,0.0,23273,345430,0.689612,0.6958883,1847,3111.465891599655,0.689537,161.25550262780513,0.0,0.0
23066,269020,-0.0036721826,10,0.0,23280,345500,0.6545337,0.6508615,1848,3112.883935213089,0.6508196,153.8234495910808,0.0,0.0
23072,269080,0.0066642165,10,0.0,23288,345580,0.68759894,0.69426316,1849,3114.307013273239,0.6875765,32.522455461267434,0.0,0.0
23073,269090,0.007853031,10,0.0,23299,345690,0.65151083,0.65936387,1850,3115.999308824539,0.65151083,75.87943389433731,0.0,0.0
23078,269140,0.009867072,10,0.0,23305,345750,0.68631977,0.69618684,1850,3115.999308824539,0.68631977,141.42520922265606,0.0,0.0
23084,269200,0.0005378127,10,0.0,23314,345840,0.66097283,0.66151065,1851,3117.637745141983,0.6593645,45.06728442551436,0.0,0.0
23090,269260,-0.002391994,10,0.0,23327,345970,0.68760693,0.68521494,1852,3119.2433049678802,0.6847079,16.636959774318584,0.0,0.0
23097,269330,-0.004876375,10,0.0,23339,346090,0.6477128,0.64283645,1853,3120.721742630005,0.64283645,28.55933565205076,0.0,0.0
23097,269330,0.026262164,10,0.0,23351,346210,0.7725671,0.79882926,1854,3122.0951545238495,0.7725671,35.44384408543088,0.0,0.0
23104,269400,0.018200874,10,0.0,23363,346330,0.69171894,0.7099198,1854,3122.0951545238495,0.69171894,50.431098125503496,0.0,0.0
23111,269470,0.007680714,10,0.0,23374,346440,0.68344176,0.6911225,1855,3123.4097876548767,0.68344176,183.3295014970387,0.0,0.0
23116,269520,0.007777691,10,0.0,23382,346520,0.67875355,0.68653125,1856,3124.7799875736237,0.67875355,156.74953284998878,0.0,0.0
23122,269580,0.012219965,10,0.0,23391,346610,0.7460403,0.75826025,1857,3126.1054496765137,0.7460403,31.602342653364605,0.0,0.0
23124,269600,0.006751716,10,0.0,23402,346720,0.7132912,0.72004294,1858,3127.4293081760406,0.7132912,29.903437576642503,0.0,0.0
23130,269660,-0.0017133951,10,0.0,23409,346790,0.6973402,0.6956268,1858,3127.4293081760406,0.6948011,120.20646270688543,0.0,0.0
23137,269730,0.022711992,10,0.0,23415,346850,0.7828219,0.8055339,1859,3129.200670480728,0.7828219,13.766200945053077,0.0,0.0
23137,269730,0.007924676,10,0.0,23424,346940,0.67105883,0.6789835,1859,3129.200670480728,0.67105883,91.02518528163894,0.0,0.0
23142,269780,0.003618896,10,0.0,23431,347010,0.6528049,0.6564238,1860,3131.8102300167084,0.65219706,10.556610692663813,0.0,0.0
23142,269780,-0.003628254,10,0.0,23438,347080,0.7064551,0.70282686,1860,3131.8102300167084,0.70282686,91.8206715076632,0.0,0.0
23148,269840,0.02013874,10,0.0,23448,347180,0.64690316,0.6670419,1861,3134.8505806922913,0.64690316,19.245744470461485,0.0,0.0
23148,269840,0.017129958,10,0.0,23457,347270,0.69026107,0.707391,1861,3134.8505806922913,0.69026107,118.23333746772357,0.0,0.0
23154,269900,0.012107372,10,0.0,23462,347320,0.71571183,0.7278192,1862,3136.8456687927246,0.71571183,17.450243990316107,0.0,0.0
23154,269900,0.0051596165,10,0.0,23471,347410,0.6582753,0.6634349,1862,3136.8456687927246,0.65799403,109.79997120381157,0.0,0.0
23162,269980,0.012827992,10,0.0,23475,347450,0.62738085,0.64020884,1863,3138.8661828041077,0.62738085,30.43430686064652,0.0,0.0
23162,269980,0.01846087,10,0.0,23486,347560,0.6536164,0.6720773,1864,3140.9541821479797,0.6536164,102.8471944661725,0.0,0.0
23168,270040,0.00501889,10,0.0,23491,347610,0.6746234,0.6796423,1864,3140.9541821479797,0.6743463,138.6180183753057,0.0,0.0
23175,270110,0.0054869056,10,0.0,23500,347700,0.66957724,0.67506415,1865,3142.5023698806763,0.66935796,30.104936162638133,0.0,0.0
23180,270160,0.018488824,10,0.0,23513,347830,0.65489435,0.6733832,1866,3143.9040973186493,0.65489435,24.29466587119084,0.0,0.0
23180,270160,-0.0015261769,10,0.0,23523,347930,0.69373983,0.69221365,1866,3143.9040973186493,0.69129837,164.36906292127787,0.0,0.0
23186,270220,0.012321651,10,0.0,23528,347980,0.63954467,0.6518663,1867,3145.569112300873,0.63954467,13.213739907296297,0.0,0.0
23188,270240,0.011925578,10,0.0,23536,348060,0.65592283,0.6678484,1867,3145.569112300873,0.65592283,102.71320506133205,0.0,0.0
23195,270310,0.024275184,10,0.0,23541,348110,0.7534937,0.7777689,1868,3148.05947637558,0.7534937,20.0816998783886,0.0,0.0
23195,270310,0.020328939,10,0.0,23552,348220,0.70438546,0.7247144,1869,3150.205874681473,0.70438546,99.63592999859846,0.0,0.0
23201,270370,0.011730313,10,0.0,23556,348260,0.7298355,0.7415658,1869,3150.205874681473,0.7298355,70.12385308830217,0.0,0.0
23201,270370,0.012840986,10,0.0,23567,348370,0.69562733,0.7084683,1870,3152.338121652603,0.69562733,111.89584889552876,0.0,0.0
23206,270420,0.011451066,10,0.0,23571,348410,0.71519464,0.7266457,1870,3152.338121652603,0.71519464,59.00605774127564,0.0,0.0
23210,270460,0.019331157,10,0.0,23581,348510,0.6873233,0.7066544,1871,3154.059900999069,0.6873233,31.725351287037647,0.0,0.0
23212,270480,0.015353918,10,0.0,23589,348590,0.6887896,0.7041435,1871,3154.059900999069,0.6887896,137.98323529798796,0.0,0.0
23219,270550,-0.0018130541,10,0.0,23596,348660,0.6884313,0.68661827,1872,3155.9030907154083,0.68585837,18.546803627728867,0.0,0.0
23219,270550,0.022295475,10,0.0,23602,348720,0.7047865,0.72708195,1872,3155.9030907154083,0.7047865,112.52958583850464,0.0,0.0
23226,270620,0.013924301,10,0.0,23609,348790,0.7324462,0.7463705,1873,3158.030154466629,0.7324462,30.209448519455375,0.0,0.0
23232,270680,0.022782028,10,0.0,23622,348920,0.73398715,0.7567692,1874,3159.6826314926147,0.73398715,25.846602841564536,0.0,0.0
23233,270690,0.0064053535,10,0.0,23632,349020,0.66292703,0.6693324,1875,3161.2129747867584,0.6628283,63.69656270027123,0.0,0.0
23239,270750,0.012819052,10,0.0,23639,349090,0.71034104,0.7231601,1875,3161.2129747867584,0.71034104,131.9544453533002,0.0,0.0
23244,270800,0.018279195,10,0.0,23648,349180,0.7014369,0.7197161,1876,3162.999428510666,0.7014369,14.875844995992255,0.0,0.0
23244,270800,0.007816911,10,0.0,23659,349290,0.6652395,0.6730564,1876,3162.999428510666,0.6652395,117.5148283774659,0.0,0.0
23250,270860,0.010419607,10,0.0,23665,349350,0.6839866,0.6944062,1877,3164.93039226532,0.6839866,37.00439626947905,0.0,0.0
23258,270940,0.019276857,10,0.0,23676,349460,0.6969546,0.71623147,1878,3166.5573511123657,0.6969546,30.761982295173343,0.0,0.0
23258,270940,0.010604382,10,0.0,23688,349580,0.6851541,0.69575846,1879,3167.9494211673737,0.6851541,154.8650844053228,0.0,0.0
23265,271010,0.023857355,10,0.0,23698,349680,0.77230954,0.7961669,1879,3167.9494211673737,0.77230954,175.3684184119312,0.0,0.0
23270,271060,0.013517141,10,0.0,23706,349760,0.72705257,0.7405697,1880,3169.2374398708344,0.72705257,165.01314029427965,0.0,0.0
23276,271120,0.016371667,10,0.0,23715,349850,0.71220636,0.72857803,1881,3170.5020530223846,0.71220636,32.83127715683274,0.0,0.0
23283,271190,-0.00017678738,10,0.0,23727,349970,0.69027823,0.69010144,1882,3171.8685648441315,0.6884419,20.782513431596346,0.0,0.0
23289,271250,0.018769264,10,0.0,23739,350090,0.69760925,0.7163785,1883,3173.2305800914764,0.69760925,29.447826572315012,0.0,0.0
23296,271320,0.017169356,10,0.0,23751,350210,0.6585641,0.67573345,1884,3174.5324778556824,0.6585641,29.983022289767696,0.0,0.0
23296,271320,0.010918558,10,0.0,23762,350320,0.64510345,0.656022,1885,3175.9114038944244,0.64510345,124.25505693870055,0.0,0.0
23303,271390,0.005212903,10,0.0,23770,350400,0.68764323,0.69285613,1885,3175.9114038944244,0.68740374,161.65326077321237,0.0,0.0
23308,271440,0.01108253,10,0.0,23778,350480,0.7435571,0.7546396,1886,3177.3327536582947,0.7435571,39.63445207026337,0.0,0.0
23314,271500,0.028291225,10,0.0,23789,350590,0.62401026,0.6523015,1887,3178.750807285309,0.62401026,23.257138547937064,0.0,0.0
23314,271500,0.021757364,10,0.0,23797,350670,0.7083356,0.73009294,1887,3178.750807285309,0.7083356,129.4594210860963,0.0,0.0
23321,271570,0.019776285,10,0.0,23804,350740,0.69074845,0.71052474,1888,3180.60688996315,0.69074845,40.76350715690772,0.0,0.0
23329,271650,-0.002206087,10,0.0,23815,350850,0.7113105,0.7091044,1889,3182.083586215973,0.7085529,29.147372583302698,0.0,0.0
23334,271700,0.0006314516,10,0.0,23828,350980,0.7113607,0.71199214,1890,3183.498237848282,0.7099754,23.879275498132042,0.0,0.0
23334,271700,0.007824361,10,0.0,23836,351060,0.6754948,0.68331915,1890,3183.498237848282,0.6754948,126.43499650324354,0.0,0.0
23341,271770,0.025408328,10,0.0,23843,351130,0.77825844,0.8036668,1891,3185.3818995952606,0.77825844,44.54131294960209,0.0,0.0
23347,271830,0.008182228,10,0.0,23855,351250,0.68795294,0.69613516,1892,3186.8344926834106,0.68795294,20.028507755112177,0.0,0.0
23347,271830,0.018184245,10,0.0,23867,351370,0.6887757,0.70695996,1892,3186.8344926834106,0.6887757,116.42953109559076,0.0,0.0
23353,271890,0.016346157,10,0.0,23870,351400,0.6961503,0.71249646,1893,3188.5658905506134,0.6961503,66.52440716838147,0.0,0.0
23358,271940,0.19441488,10,0.0,23882,351520,0.45412627,0.64854115,1894,3190.4149973392487,0.45412627,36.34279673683709,0.0,0.0
23360,271960,0.011412442,10,0.0,23889,351590,0.69001144,0.7014239,1894,3190.4149973392487,0.69001144,115.9573250467915,0.0,0.0
23365,272010,0.012500465,10,0.0,23898,351680,0.696624,0.70912445,1895,3192.5036544799805,0.696624,16.065981428550636,0.0,0.0
23365,272010,0.07301861,10,0.0,23908,351780,0.6203125,0.6933311,1896,3194.1735923290253,0.6203125,140.16990275039268,0.0,0.0
23371,272070,0.24741596,10,0.0,23918,351880,0.43747824,0.6848942,1896,3194.1735923290253,0.43747824,158.2409887647232,0.0,0.0
23377,272130,0.01316303,10,0.0,23926,351960,0.7222926,0.73545563,1897,3195.636387348175,0.7222926,44.41133306932706,0.0,0.0
23385,272210,0.0054888725,10,0.0,23937,352070,0.7263503,0.7318392,1898,3197.0052716732025,0.7262609,23.296693042492,0.0,0.0
23385,272210,-0.0030644536,10,0.0,23947,352170,0.7398658,0.7368013,1898,3197.0052716732025,0.73664916,42.039773518866916,0.0,0.0
23391,272270,-0.004140258,10,0.0,23959,352290,0.70892626,0.704786,1899,3198.609921693802,0.704786,133.85236458562707,0.0,0.0
23397,272330,0.16773051,10,0.0,23964,352340,0.51010907,0.6778396,1900,3200.112913608551,0.51010907,117.22645649044844,0.0,0.0
23405,272410,0.005750537,10,0.0,23974,352440,0.6610772,0.66682774,1901,3201.572695493698,0.6610729,40.167823059869086,0.0,0.0
23405,272410,0.013958991,10,0.0,23987,352570,0.7623514,0.7763104,1901,3201.572695493698,0.7623514,22.23640451630313,0.0,0.0
23410,272460,-0.0031828284,10,0.0,23998,352680,0.70701075,0.7038279,1902,3202.955743074417,0.7038279,111.4700004252243,0.0,0.0
23417,272530,0.28752497,10,0.0,24004,352740,0.3757585,0.66328347,1903,3204.514452934265,0.3757585,162.46790774784824,0.0,0.0
23419,272550,-0.0033709407,10,0.0,24013,352830,0.71337575,0.7100048,1904,3205.949849128723,0.7098846,127.60085791210965,0.0,0.0
23425,272610,0.011032581,10,0.0,24025,352950,0.69760835,0.70864093,1904,3205.949849128723,0.69760835,21.260675821510453,0.0,0.0
23429,272650,0.0052013397,10,0.0,24036,353060,0.6961421,0.7013434,1905,3207.475256919861,0.69608414,45.420772270430014,0.0,0.0
23435,272710,0.15272385,10,0.0,24050,353200,0.51037437,0.6630982,1906,3208.936112642288,0.51037437,121.21179894286928,0.0,0.0
23441,272770,0.01593095,10,0.0,24053,353230,0.7207365,0.73666745,1907,3210.2963190078735,0.7207365,15.399802247679458,0.0,0.0
23441,272770,0.25298318,10,0.0,24063,353330,0.3966811,0.6496643,1907,3210.2963190078735,0.3966811,102.67599186289318,0.0,0.0
23449,272850,-0.00236696,10,0.0,24067,353370,0.7311593,0.72879237,1908,3212.951756000519,0.7284463,23.452409708616262,0.0,0.0
23449,272850,0.038075805,10,0.0,24078,353480,0.6683132,0.706389,1908,3212.951756000519,0.6683132,32.31498431365298,0.0,0.0
23462,272980,0.005333483,10,0.0,24092,353620,0.6670763,0.6724098,1910,3216.0112643241882,0.6670114,18.704472470876162,0.0,0.0
23463,272990,0.21318042,10,0.0,24105,353750,0.43438226,0.6475627,1911,3217.5361502170563,0.43438226,29.390770817654488,0.0,0.0
23469,273050,0.21330082,10,0.0,24117,353870,0.46653724,0.67983806,1911,3217.5361502170563,0.46653724,24.465998576711737,0.0,0.0
23475,273110,0.037854373,10,0.0,24129,353990,0.64696527,0.68481964,1912,3218.813557624817,0.64696527,142.0800997266325,0.0,0.0
23481,273170,0.015549302,10,0.0,24135,354050,0.711263,0.7268123,1913,3220.2489993572235,0.711263,162.52015855610105,0.0,0.0
23488,273240,0.17407733,10,0.0,24144,354140,0.4907971,0.66487443,1914,3221.6768968105316,0.4907971,122.06192287432957,0.0,0.0
23488,273240,0.28000042,10,0.0,24156,354260,0.3744993,0.6544997,1915,3223.090645313263,0.3744993,23.650214212331278,0.0,0.0
23494,273300,0.0144642,10,0.0,24168,354380,0.7428795,0.7573437,1915,3223.090645313263,0.7428795,26.88277294227737,0.0,0.0
23506,273420,0.25281882,10,0.0,24181,354510,0.43703014,0.68984896,1917,3225.7935960292816,0.43703014,22.392180708991617,0.0,0.0
23506,273420,0.010499597,10,0.0,24192,354620,0.6943111,0.7048107,1917,3225.7935960292816,0.6943111,139.22954612598795,0.0,0.0
23513,273490,-0.00043696165,10,0.0,24200,354700,0.76405513,0.7636182,1918,3227.296525001526,0.7622254,185.17244424038003,0.0,0.0
23519,273550,0.01767677,10,0.0,24208,354780,0.77870286,0.7963796,1919,3228.7005066871643,0.77870286,87.45402949535135,0.0,0.0
23525,273610,0.010305703,10,0.0,24218,354880,0.7044839,0.7147896,1920,3230.0320320129395,0.7044839,22.29757934098789,0.0,0.0
23525,273610,0.013530135,10,0.0,24229,354990,0.7596731,0.77320325,1921,3231.4365797042847,0.7596731,141.01344809037116,0.0,0.0
23533,273690,0.054424167,10,0.0,24232,355020,0.62066317,0.67508733,1921,3231.4365797042847,0.62066317,61.666884754210436,0.0,0.0
23540,273760,0.015728533,10,0.0,24243,355130,0.70842016,0.7241487,1922,3233.3176646232605,0.70842016,23.433698725039946,0.0,0.0
23545,273810,0.0038980842,10,0.0,24257,355270,0.7155037,0.7194018,1923,3234.7412106990814,0.71514267,22.63324125642618,0.0,0.0
23545,273810,0.007943988,10,0.0,24266,355360,0.6593011,0.6672451,1923,3234.7412106990814,0.6593011,151.59897495581396,0.0,0.0
23552,273880,0.16233587,10,0.0,24271,355410,0.4730633,0.63539916,1924,3236.3380720615387,0.4730633,131.03473699666657,0.0,0.0
23558,273940,0.0047436357,10,0.0,24282,355520,0.66368926,0.6684329,1925,3237.835230112076,0.66354585,26.617539268178607,0.0,0.0
23564,274000,-0.0064004064,10,0.0,24294,355640,0.71665686,0.71025646,1926,3239.3822660446167,0.71025646,27.506951658429607,0.0,0.0
23571,274070,-0.0018050075,10,0.0,24305,355750,0.6788924,0.67708737,1927,3240.7409131526947,0.6768469,44.23298144964829,0.0,0.0
23571,274070,-0.005736053,10,0.0,24317,355870,0.71523786,0.7095018,1927,3240.7409131526947,0.7095018,134.83949990194787,0.0,0.0
23577,274130,0.016387224,10,0.0,24324,355940,0.7345051,0.75089234,1928,3242.0413081645966,0.7345051,195.2855506616134,0.0,0.0
23584,274200,-0.0062271357,10,0.0,24332,356020,0.7041947,0.6979676,1929,3243.38037443161,0.6979676,52.03909224792832,0.0,0.0
23585,274210,0.014440715,10,0.0,24344,356140,0.7354648,0.7499055,1930,3245.142156124115,0.7354648,81.08131514645387,0.0,0.0
23589,274250,0.015760899,10,0.0,24347,356170,0.7292485,0.7450094,1930,3245.142156124115,0.7292485,56.53775178302076,0.0,0.0
23589,274250,0.013486385,10,0.0,24357,356270,0.7030477,0.7165341,1931,3247.356358528137,0.7030477,91.15654360483438,0.0,0.0
23597,274330,0.01826787,10,0.0,24360,356300,0.7928322,0.81110007,1931,3247.356358528137,0.7928322,28.135604589916728,0.0,0.0
23604,274400,0.012288988,10,0.0,24372,356420,0.68664527,0.69893426,1932,3249.668925523758,0.68664527,26.301391853555636,0.0,0.0
23604,274400,0.008263648,10,0.0,24384,356540,0.7500709,0.7583346,1933,3251.0563883781433,0.7500709,40.5090989165519,0.0,0.0
23611,274470,0.045039296,10,0.0,24395,356650,0.63165003,0.6766893,1933,3251.0563883781433,0.63165003,144.53348771175342,0.0,0.0
23617,274530,0.0039914846,10,0.0,24403,356730,0.674369,0.67836046,1934,3252.392378807068,0.67420805,178.57220708446866,0.0,0.0
23623,274590,0.013312221,10,0.0,24411,356810,0.69373655,0.7070488,1935,3253.6927485466003,0.69373655,95.84154614982097,0.0,0.0
23630,274660,0.00058192015,10,0.0,24422,356920,0.7081869,0.70876884,1936,3254.998564004898,0.70700157,36.07398328882467,0.0,0.0
23637,274730,0.017879784,10,0.0,24434,357040,0.712344,0.7302238,1937,3256.315066099167,0.712344,35.59043251884612,0.0,0.0
23640,274760,0.013911068,10,0.0,24447,357170,0.7457369,0.75964797,1938,3257.650992870331,0.7457369,49.35433348826537,0.0,0.0
23641,274770,0.018256247,10,0.0,24455,357250,0.72500056,0.7432568,1938,3257.650992870331,0.72500056,163.56972658458875,0.0,0.0
23649,274850,0.0071898103,10,0.0,24462,357320,0.701506,0.7086958,1939,3259.117934703827,0.701506,131.6268896064974,0.0,0.0
23656,274920,0.00056040287,10,0.0,24472,357420,0.694445,0.6950054,1940,3260.5012905597687,0.693133,25.382427483170382,0.0,0.0
23662,274980,0.20743021,10,0.0,24485,357550,0.44075897,0.6481892,1941,3261.904472589493,0.44075897,20.855511218845173,0.0,0.0
23662,274980,-0.00582093,10,0.0,24495,357650,0.68518406,0.67936313,1941,3261.904472589493,0.67936313,129.4070968199755,0.0,0.0
23669,275050,0.004247844,10,0.0,24502,357720,0.7329907,0.7372385,1942,3263.6094439029694,0.73271537,156.79406663077935,0.0,0.0
23674,275100,-0.004241228,10,0.0,24512,357820,0.7046158,0.70037454,1943,3265.0400030612946,0.70037454,19.130322145140912,0.0,0.0
23681,275170,-0.0008587241,10,0.0,24524,357940,0.7192964,0.7184377,1944,3266.535304069519,0.71737105,22.468422476436384,0.0,0.0
23686,275220,0.22716919,10,0.0,24537,358070,0.42630044,0.6534696,1945,3267.978238105774,0.42630044,19.936695834369154,0.0,0.0
23686,275220,0.001742661,10,0.0,24543,358130,0.72210294,0.7238456,1945,3267.978238105774,0.7211556,110.19315244120305,0.0,0.0
23694,275300,0.0097180605,10,0.0,24551,358210,0.69643956,0.7061576,1946,3270.1389570236206,0.69643956,17.158884499703813,0.0,0.0
23694,275300,0.006339133,10,0.0,24560,358300,0.71547836,0.7218175,1946,3270.1389570236206,0.71547836,117.53886852518187,0.0,0.0
23701,275370,0.14738595,10,0.0,24566,358360,0.49751467,0.6449006,1947,3271.934595346451,0.49751467,74.534530585553,0.0,0.0
23701,275370,-0.008573651,10,0.0,24575,358450,0.6920962,0.6835225,1947,3271.934595346451,0.6835225,90.3607922046306,0.0,0.0
23705,275410,0.13089716,10,0.0,24580,358500,0.51934266,0.6502398,1948,3274.195970773697,0.51934266,19.350901361846702,0.0,0.0
23705,275410,0.0054867268,10,0.0,24588,358580,0.71066964,0.71615636,1948,3274.195970773697,0.7106012,104.87857571514303,0.0,0.0
23713,275490,-0.009201586,10,0.0,24594,358640,0.7141289,0.7049273,1949,3276.638346195221,0.7049273,21.586764371347783,0.0,0.0
23713,275490,0.01856482,10,0.0,24602,358720,0.71017754,0.72874236,1949,3276.638346195221,0.71017754,99.96696610092738,0.0,0.0
23719,275550,0.0024516582,10,0.0,24608,358780,0.741242,0.74369365,1950,3279.094803571701,0.74053854,37.181930926759385,0.0,0.0
23725,275610,0.01655215,10,0.0,24620,358900,0.73946506,0.7560172,1951,3280.835889339447,0.73946506,17.831636318803486,0.0,0.0
23725,275610,0.08263719,10,0.0,24626,358960,0.5919787,0.6746159,1951,3280.835889339447,0.5919787,112.14236824093086,0.0,0.0
23733,275690,0.19549564,10,0.0,24633,359030,0.44887385,0.6443695,1952,3283.130048751831,0.44887385,24.441932182924756,0.0,0.0
23733,275690,0.00690341,10,0.0,24641,359110,0.7130602,0.7199636,1952,3283.130048751831,0.7130602,98.7985329693238,0.0,0.0
23738,275740,0.1406759,10,0.0,24648,359180,0.5160871,0.656763,1953,3285.1521553993225,0.5160871,15.678252057668162,0.0,0.0
23738,275740,0.010854065,10,0.0,24656,359260,0.7014728,0.7123269,1953,3285.1521553993225,0.7014728,98.8966070123317,0.0,0.0
23745,275810,0.018007517,10,0.0,24664,359340,0.78003466,0.7980422,1954,3287.7177679538727,0.78003466,13.30781953823246,0.0,0.0
23745,275810,-0.0037478805,10,0.0,24672,359420,0.6938512,0.6901033,1954,3287.7177679538727,0.6901033,121.15507823670612,0.0,0.0
23751,275870,0.15949637,10,0.0,24678,359480,0.50007623,0.6595726,1955,3290.1267137527466,0.50007623,29.57976366113667,0.0,0.0
23751,275870,0.0015989542,10,0.0,24688,359580,0.74586964,0.7474686,1955,3290.1267137527466,0.7448566,97.69918100757498,0.0,0.0
23758,275940,0.0041728616,10,0.0,24692,359620,0.726744,0.73091686,1956,3292.1171867847443,0.7264668,21.101781295939837,0.0,0.0
23758,275940,0.015516639,10,0.0,24701,359710,0.7065002,0.7220168,1956,3292.1171867847443,0.7065002,94.11190292412357,0.0,0.0
23765,276010,0.0064118505,10,0.0,24707,359770,0.7224842,0.728896,1957,3294.656567335129,0.7224842,35.77548882800692,0.0,0.0
23765,276010,-0.0068402886,10,0.0,24716,359860,0.68889034,0.68205005,1957,3294.656567335129,0.68205005,90.90070565390018,0.0,0.0
23769,276050,0.001199305,10,0.0,24721,359910,0.6742582,0.6754575,1958,3297.0021176338196,0.67329025,15.155214060013044,0.0,0.0
23769,276050,0.0028914213,10,0.0,24728,359980,0.70516634,0.70805776,1958,3297.0021176338196,0.7046278,99.48279338062811,0.0,0.0
23777,276130,0.005905628,10,0.0,24734,360040,0.6722672,0.6781728,1959,3299.723119497299,0.6722348,12.517541642281513,0.0,0.0
23777,276130,0.0102087855,10,0.0,24743,360130,0.6759636,0.68617237,1959,3299.723119497299,0.6759636,111.55330845685135,0.0,0.0
23783,276190,0.16438189,10,0.0,24747,360170,0.49936607,0.66374797,1960,3301.9477982521057,0.49936607,18.706574701570588,0.0,0.0
23783,276190,0.012921631,10,0.0,24757,360270,0.74849224,0.7614139,1961,3303.86581158638,0.74849224,118.32139109240474,0.0,0.0
23790,276260,0.06599569,10,0.0,24761,360310,0.6111027,0.6770984,1961,3303.86581158638,0.6111027,61.44150003662199,0.0,0.0
23797,276330,0.0888806,10,0.0,24771,360410,0.564299,0.6531796,1962,3305.6724758148193,0.564299,21.5089865560629,0.0,0.0
23797,276330,-0.00053846836,10,0.0,24782,360520,0.70409,0.70355153,1962,3305.6724758148193,0.7022745,98.27789493415811,0.0,0.0
23804,276400,-0.0012162328,10,0.0,24787,360570,0.707042,0.70582575,1963,3307.5752127170563,0.7048312,11.793257860828836,0.0,0.0
23804,276400,0.0125851035,10,0.0,24793,360630,0.6958113,0.7083964,1963,3307.5752127170563,0.6958113,81.57156832047485,0.0,0.0
23810,276460,-0.0005078316,10,0.0,24801,360710,0.67804074,0.6775329,1964,3310.39026594162,0.67634445,16.853142778847264,0.0,0.0
23810,276460,0.016874194,10,0.0,24812,360820,0.7685356,0.7854098,1964,3310.39026594162,0.7685356,129.48300079956286,0.0,0.0
23814,276500,0.00798136,10,0.0,24816,360860,0.7539883,0.7619697,1965,3312.4983241558075,0.7539883,23.773850772934235,0.0,0.0
23814,276500,0.01150161,10,0.0,24826,360960,0.73779255,0.74929416,1966,3314.4446969032288,0.73779255,114.48429844553928,0.0,0.0
23821,276570,-0.002260089,10,0.0,24829,360990,0.6771918,0.6749317,1966,3314.4446969032288,0.67450583,26.36971763688123,0.0,0.0
23829,276650,-0.000885725,10,0.0,24840,361100,0.7175558,0.7166701,1967,3316.205250263214,0.71549296,19.861340576467484,0.0,0.0
23833,276690,0.003091693,10,0.0,24853,361230,0.7150735,0.7181652,1968,3317.8581414222717,0.71459717,24.621973841782705,0.0,0.0
23833,276690,0.087427795,10,0.0,24859,361290,0.61473453,0.7021623,1968,3317.8581414222717,0.61473453,148.52035721620646,0.0,0.0
23841,276770,0.015183568,10,0.0,24866,361360,0.720605,0.7357886,1969,3319.680248975754,0.720605,117.95005624296962,0.0,0.0
23841,276770,0.013322711,10,0.0,24877,361470,0.7017629,0.7150856,1969,3319.680248975754,0.7017629,110.21776547969108,0.0,0.0
23846,276820,0.011762083,10,0.0,24880,361500,0.6762103,0.68797237,1970,3321.4171104431152,0.6762103,74.01199210878303,0.0,0.0
23853,276890,0.013262153,10,0.0,24890,361600,0.7518111,0.76507324,1971,3323.3000643253326,0.7518111,26.552260925108932,0.0,0.0
23853,276890,0.005514741,10,0.0,24893,361630,0.7589048,0.76441956,1971,3323.3000643253326,0.75884414,75.05711192433989,0.0,0.0
23862,276980,0.0059611797,10,0.0,24902,361720,0.65875506,0.66471624,1972,3325.4856226444244,0.65875506,19.23221607483972,0.0,0.0
23862,276980,0.13270354,10,0.0,24911,361810,0.5395246,0.67222816,1972,3325.4856226444244,0.5395246,108.3547495414503,0.0,0.0
23866,277020,-7.921457e-05,10,0.0,24917,361870,0.7096571,0.70957786,1973,3327.735764503479,0.70800054,22.96834168983048,0.0,0.0
23866,277020,0.0007593632,10,0.0,24927,361970,0.69355536,0.6943147,1974,3329.6239717006683,0.6922509,112.56129503198935,0.0,0.0
23874,277100,0.011809766,10,0.0,24933,362030,0.6779624,0.6897722,1974,3329.6239717006683,0.6779624,108.21720306928599,0.0,0.0
23878,277140,0.015866041,10,0.0,24942,362120,0.7547059,0.77057195,1975,3331.4917385578156,0.7547059,17.251742427202636,0.0,0.0
23878,277140,-0.005157411,10,0.0,24950,362200,0.6976315,0.69247407,1975,3331.4917385578156,0.69247407,124.51880857734065,0.0,0.0
23885,277210,0.2415115,10,0.0,24956,362260,0.41453722,0.6560487,1976,3333.435271501541,0.41453722,23.620500026749937,0.0,0.0
23885,277210,0.21469253,10,0.0,24966,362360,0.45164406,0.6663366,1977,3335.560340166092,0.45164406,96.80846054775677,0.0,0.0
23892,277280,0.07148254,10,0.0,24969,362390,0.62577194,0.6972545,1977,3335.560340166092,0.62577194,68.39312270082705,0.0,0.0
23892,277280,0.011717141,10,0.0,24979,362490,0.6855195,0.69723666,1978,3337.769661426544,0.6855195,99.48350126183564,0.0,0.0
23899,277350,0.015792012,10,0.0,24982,362520,0.71344167,0.7292337,1978,3337.769661426544,0.71344167,29.57302717997133,0.0,0.0
23899,277350,0.19184476,10,0.0,24992,362620,0.46430624,0.656151,1979,3339.9886202812195,0.46430624,85.78343808353155,0.0,0.0
23905,277410,0.004634142,10,0.0,24995,362650,0.6963839,0.70101804,1979,3339.9886202812195,0.696161,19.782176013704085,0.0,0.0
23905,277410,-0.003909707,10,0.0,25005,362750,0.7381124,0.7342027,1979,3339.9886202812195,0.7342027,131.44744676983635,0.0,0.0
23910,277460,0.10090703,10,0.0,25011,362810,0.54540694,0.64631397,1980,3342.343517780304,0.54540694,34.66802441298411,0.0,0.0
23917,277530,-0.0033419132,10,0.0,25022,362920,0.7106354,0.7072935,1981,3344.1069922447205,0.7072646,22.75356807483721,0.0,0.0
23917,277530,0.14578989,10,0.0,25030,363000,0.49860486,0.64439476,1981,3344.1069922447205,0.49860486,129.8075929152598,0.0,0.0
23924,277600,0.16962245,10,0.0,25035,363050,0.467092,0.63671446,1982,3345.882921218872,0.467092,15.773539379844728,0.0,0.0
23924,277600,0.18871325,10,0.0,25045,363150,0.4828062,0.67151946,1982,3345.882921218872,0.4828062,127.93440862838877,0.0,0.0
23930,277660,0.1458314,10,0.0,25049,363190,0.51471496,0.66054636,1983,3347.8753583431244,0.51471496,30.567698828687536,0.0,0.0
23938,277740,0.17393368,10,0.0,25060,363300,0.50617284,0.6801065,1984,3349.6479585170746,0.50617284,18.471869654600194,0.0,0.0
23938,277740,0.11616254,10,0.0,25072,363420,0.58146435,0.6976269,1985,3351.4549465179443,0.58146435,114.2809188675184,0.0,0.0
23942,277780,0.020278096,10,0.0,25076,363460,0.73238295,0.75266105,1985,3351.4549465179443,0.73238295,117.03053064504428,0.0,0.0
23949,277850,0.009712398,10,0.0,25086,363560,0.7537621,0.7634745,1986,3353.2698905467987,0.7537621,22.074412852124258,0.0,0.0
23949,277850,0.0027444363,10,0.0,25095,363650,0.67876923,0.68151367,1986,3353.2698905467987,0.6781,127.62337705805926,0.0,0.0
23956,277920,0.005562365,10,0.0,25099,363690,0.67976296,0.6853253,1987,3355.107758283615,0.67966396,33.79837515250069,0.0,0.0
23963,277990,0.23912883,10,0.0,25111,363810,0.42634666,0.6654755,1988,3356.9366207122803,0.42634666,19.019319943082213,0.0,0.0
23963,277990,-0.0004156828,10,0.0,25121,363910,0.73375976,0.7333441,1988,3356.9366207122803,0.73189676,120.60984937801575,0.0,0.0
23969,278050,0.020258069,10,0.0,25126,363960,0.6885312,0.7087893,1989,3358.8654792308807,0.6885312,88.35787189669156,0.0,0.0
23969,278050,0.011612177,10,0.0,25138,364080,0.6904994,0.7021116,1989,3358.8654792308807,0.6904994,121.08128081661874,0.0,0.0
23974,278100,-0.00023108721,10,0.0,25141,364110,0.7098686,0.7096375,1990,3360.7629754543304,0.7080518,71.0176769387064,0.0,0.0
23981,278170,0.016711473,10,0.0,25152,364220,0.6899491,0.70666057,1991,3362.5975103378296,0.6899491,14.059738495750539,0.0,0.0
23981,278170,0.0064195395,10,0.0,25160,364300,0.67035884,0.6767784,1991,3362.5975103378296,0.67035884,91.73592292466346,0.0,0.0
23988,278240,0.0027525425,10,0.0,25166,364360,0.68343437,0.6861869,1992,3364.8657841682434,0.6827704,27.355268572874593,0.0,0.0
23988,278240,0.0011960268,10,0.0,25177,364470,0.6881666,0.68936265,1992,3364.8657841682434,0.6869886,98.54620810210095,0.0,0.0
23994,278300,0.12505746,10,0.0,25181,364510,0.53023183,0.6552893,1993,3366.9065544605255,0.53023183,50.602614882171046,0.0,0.0
24001,278370,0.24788052,10,0.0,25191,364610,0.4040506,0.6519311,1994,3368.790283679962,0.4040506,32.176628756640646,0.0,0.0
24001,278370,0.0070549846,10,0.0,25198,364680,0.6633531,0.67040807,1994,3368.790283679962,0.6633531,99.3141333611159,0.0,0.0
24006,278420,-0.010016501,10,0.0,25205,364750,0.6944435,0.684427,1995,3370.853005886078,0.684427,14.638552724112598,0.0,0.0
24006,278420,3.1650066e-05,10,0.0,25212,364820,0.7378714,0.73790306,1995,3370.853005886078,0.7362269,108.95456399252907,0.0,0.0
24013,278490,0.006963134,10,0.0,25218,364880,0.6674814,0.67444456,1996,3373.048223733902,0.6674814,15.433279819965477,0.0,0.0
24013,278490,0.012555897,10,0.0,25226,364960,0.74774325,0.76029915,1996,3373.048223733902,0.74774325,134.94839257676765,0.0,0.0
24020,278560,0.10172874,10,0.0,25232,365020,0.5739637,0.67569244,1997,3375.0496306419373,0.5739637,75.22106467574251,0.0,0.0
24025,278610,-0.0032655597,10,0.0,25244,365140,0.73469937,0.7314338,1998,3376.830151319504,0.7312551,19.408612375540997,0.0,0.0
24025,278610,0.0151100755,10,0.0,25251,365210,0.7400797,0.7551898,1998,3376.830151319504,0.7400797,126.94816810181752,0.0,0.0
24033,278690,0.004899144,10,0.0,25257,365270,0.6848526,0.68975174,1999,3378.6841480731964,0.68469405,35.852889008560815,0.0,0.0
24040,278760,0.002384007,10,0.0,25268,365380,0.7133915,0.7157755,2000,3380.4013588428497,0.71282834,17.357806867217434,0.0,0.0
24040,278760,0.008740187,10,0.0,25276,365460,0.68744445,0.69618464,2000,3380.4013588428497,0.68744445,100.74735959684762,0.0,0.0
24045,278810,0.015494585,10,0.0,25282,365520,0.68537056,0.70086515,2001,3382.4383046627045,0.68537056,25.29384627352884,0.0,0.0
24052,278880,0.013530493,10,0.0,25293,365630,0.6962239,0.7097544,2002,3384.250047683716,0.6962239,25.767447518143108,0.0,0.0
24052,278880,0.14904982,10,0.0,25302,365720,0.50055164,0.64960146,2002,3384.250047683716,0.50055164,110.48661691529183,0.0,0.0
24058,278940,-8.159876e-05,10,0.0,25307,365770,0.7128964,0.7128148,2003,3385.9147622585297,0.71124107,24.57662881608885,0.0,0.0
24065,279010,-0.0032032728,10,0.0,25318,365880,0.6834419,0.6802386,2004,3387.778940677643,0.68012244,26.072921808039126,0.0,0.0
24065,279010,0.018660307,10,0.0,25326,365960,0.7165648,0.7352251,2004,3387.778940677643,0.7165648,137.58673174828112,0.0,0.0
24071,279070,0.24658984,10,0.0,25332,366020,0.4200412,0.66663104,2005,3389.5762972831726,0.4200412,35.11223548439486,0.0,0.0
24071,279070,-0.0076966286,10,0.0,25344,366140,0.7191796,0.71148294,2005,3389.5762972831726,0.71148294,23.79038300648034,0.0,0.0
24077,279130,0.0074014664,10,0.0,25351,366210,0.6804467,0.68784815,2006,3391.431354045868,0.6804467,126.15244872608496,0.0,0.0
24078,279140,0.00874722,10,0.0,25358,366280,0.7125911,0.72133833,2007,3393.3729383945465,0.7125911,40.21496283214011,0.0,0.0
24084,279200,-0.0046681166,10,0.0,25370,366400,0.6858711,0.681203,2007,3393.3729383945465,0.681203,98.38486005685922,0.0,0.0
24089,279250,-0.003266275,10,0.0,25372,366420,0.7023642,0.69909793,2008,3395.1687955856323,0.69901115,12.455253128583893,0.0,0.0
24089,279250,-0.0036183596,10,0.0,25379,366490,0.6807818,0.6771634,2008,3395.1687955856323,0.67713934,108.24401397727918,0.0,0.0
24097,279330,0.0129445195,10,0.0,25385,366550,0.69182086,0.7047654,2009,3397.448222398758,0.69182086,14.729083864007805,0.0,0.0
24097,279330,0.012698591,10,0.0,25392,366620,0.701834,0.7145326,2009,3397.448222398758,0.701834,88.62672343662507,0.0,0.0
24104,279400,-0.007066965,10,0.0,25397,366670,0.688429,0.68136203,2010,3399.571921348572,0.68136203,11.797331251183094,0.0,0.0
24104,279400,-0.0045738816,10,0.0,25405,366750,0.7121357,0.7075618,2010,3399.571921348572,0.7075618,93.99232249982633,0.0,0.0
24110,279460,0.015886128,10,0.0,25411,366810,0.67611915,0.6920053,2011,3402.351514339447,0.67611915,11.339045880607474,0.0,0.0
24111,279470,0.09475303,10,0.0,25417,366870,0.577266,0.672019,2011,3402.351514339447,0.577266,91.45349052716041,0.0,0.0
24111,279470,-0.005068481,10,0.0,25425,366950,0.7304395,0.725371,2012,3405.2126817703247,0.725371,17.34949965584794,0.0,0.0
24117,279530,0.011122346,10,0.0,25433,367030,0.71433705,0.7254594,2012,3405.2126817703247,0.71433705,107.64479279750951,0.0,0.0
24121,279570,-0.0006930232,10,0.0,25440,367100,0.6700764,0.66938335,2013,3407.6178045272827,0.6682014,19.497154895388192,0.0,0.0
24121,279570,0.013078392,10,0.0,25450,367200,0.67930245,0.69238085,2014,3409.558876991272,0.67930245,47.42343434297751,0.0,0.0
24129,279650,0.018147111,10,0.0,25458,367280,0.7215508,0.73969793,2014,3409.558876991272,0.7215508,122.29503799210417,0.0,0.0
24135,279710,0.0136188865,10,0.0,25464,367340,0.70296824,0.7165871,2015,3411.2396292686462,0.70296824,34.955912404865806,0.0,0.0
24135,279710,0.01238507,10,0.0,25476,367460,0.6915692,0.7039543,2015,3411.2396292686462,0.6915692,122.82578393131156,0.0,0.0
24141,279770,0.24682134,10,0.0,25480,367500,0.40205634,0.6488777,2016,3412.9942684173584,0.40205634,118.67727158261677,0.0,0.0
24149,279850,0.0020430684,10,0.0,25489,367590,0.7589336,0.7609767,2017,3414.6522073745728,0.7580769,23.054645553645162,0.0,0.0
24149,279850,0.015212834,10,0.0,25501,367710,0.6889514,0.7041642,2017,3414.6522073745728,0.6889514,120.33337445525409,0.0,0.0
24153,279890,0.012822151,10,0.0,25504,367740,0.7427569,0.75557905,2018,3416.300856590271,0.7427569,21.098522556529026,0.0,0.0
24155,279910,0.013469934,10,0.0,25512,367820,0.70268977,0.7161597,2019,3418.5171597003937,0.70268977,111.79831914853918,0.0,0.0
24162,279980,0.11434716,10,0.0,25516,367860,0.5392405,0.65358764,2019,3418.5171597003937,0.5392405,66.87378925600729,0.0,0.0
24162,279980,0.0074578524,10,0.0,25527,367970,0.6994924,0.70695025,2020,3420.6204912662506,0.6994924,107.81524161562051,0.0,0.0
24167,280030,0.0038644075,10,0.0,25530,368000,0.74774677,0.7516112,2020,3420.6204912662506,0.7474018,39.95107919151125,0.0,0.0
24167,280030,0.0042503476,10,0.0,25540,368100,0.6681905,0.6724408,2021,3422.7716794013977,0.66789955,107.63042892518509,0.0,0.0
24174,280100,0.21814722,10,0.0,25544,368140,0.45266658,0.6708138,2021,3422.7716794013977,0.45266658,111.64327846510935,0.0,0.0
24180,280160,0.019619763,10,0.0,25553,368230,0.7784499,0.79806966,2022,3424.566854953766,0.7784499,22.898384727218332,0.0,0.0
24180,280160,0.011691749,10,0.0,25562,368320,0.69911766,0.7108094,2022,3424.566854953766,0.69911766,102.24797603173016,0.0,0.0
24185,280210,0.20761177,10,0.0,25568,368380,0.4467142,0.65432596,2023,3426.5499727725983,0.4467142,25.320690406665246,0.0,0.0
24187,280230,0.014047921,10,0.0,25577,368470,0.73724675,0.7512947,2024,3428.5406885147095,0.73724675,102.8923560003925,0.0,0.0
24194,280300,-0.0033752322,10,0.0,25582,368520,0.74490255,0.7415273,2024,3428.5406885147095,0.74142826,100.79360196862504,0.0,0.0
24195,280310,0.008310676,10,0.0,25591,368610,0.74109006,0.74940073,2025,3430.494409799576,0.74109006,50.24707212819382,0.0,0.0
24199,280350,0.015631318,10,0.0,25594,368640,0.73800534,0.75363666,2025,3430.494409799576,0.73800534,97.09688844853011,0.0,0.0
24199,280350,0.017953515,10,0.0,25606,368760,0.74645376,0.7644073,2025,3430.494409799576,0.74645376,19.437673728416893,0.0,0.0
24205,280410,0.14869815,10,0.0,25613,368830,0.5549399,0.7036381,2026,3432.7144873142242,0.5549399,115.09596123133325,0.0,0.0
24206,280420,0.23519444,10,0.0,25618,368880,0.45214087,0.6873353,2027,3434.5550830364227,0.45214087,17.523799974096402,0.0,0.0
24212,280480,0.26610687,10,0.0,25627,368970,0.3909693,0.6570762,2027,3434.5550830364227,0.3909693,83.50845476754118,0.0,0.0
24212,280480,0.016611338,10,0.0,25633,369030,0.7650593,0.78167063,2027,3434.5550830364227,0.7650593,15.324278269307776,0.0,0.0
24217,280530,0.0010757446,10,0.0,25640,369100,0.73603314,0.7371089,2028,3436.9287316799164,0.7348288,123.62148747664213,0.0,0.0
24224,280600,-0.007915139,10,0.0,25647,369170,0.71421885,0.7063037,2029,3439.179286956787,0.7063037,17.257563008786565,0.0,0.0
24224,280600,0.22263873,10,0.0,25659,369290,0.43334723,0.65598595,2030,3441.3451159000397,0.43334723,95.76692467520607,0.0,0.0
24231,280670,0.0042682886,10,0.0,25661,369310,0.667775,0.67204326,2030,3441.3451159000397,0.6674963,14.68239629865204,0.0,0.0
24232,280680,0.0087400675,10,0.0,25669,369390,0.68041205,0.6891521,2030,3441.3451159000397,0.68041205,139.26468000332034,0.0,0.0
24238,280740,-0.0028161407,10,0.0,25675,369450,0.6632132,0.66039705,2031,3443.8120126724243,0.660369,15.98545025470439,0.0,0.0
24238,280740,-0.002630949,10,0.0,25686,369560,0.67512435,0.6724934,2032,3445.626343011856,0.6724934,121.67807255479323,0.0,0.0
24244,280800,0.007250786,10,0.0,25689,369590,0.6921233,0.6993741,2032,3445.626343011856,0.6921233,61.81721176534744,0.0,0.0
24250,280860,0.009976387,10,0.0,25700,369700,0.6887575,0.69873387,2033,3447.5268049240112,0.6887575,22.485261534387252,0.0,0.0
24250,280860,0.22114125,10,0.0,25710,369800,0.41777477,0.638916,2033,3447.5268049240112,0.41777477,124.0643052577091,0.0,0.0
24256,280920,-0.0031696558,10,0.0,25714,369840,0.6993574,0.69618773,2034,3449.1768770217896,0.6960189,24.650654893511483,0.0,0.0
24257,280930,-0.0022950768,10,0.0,25725,369950,0.73229593,0.73000085,2035,3451.062183856964,0.72948694,68.9577027602455,0.0,0.0
24263,280990,0.008665204,10,0.0,25731,370010,0.7562557,0.7649209,2035,3451.062183856964,0.7562557,130.57459241203043,0.0,0.0
24269,281050,0.14613074,10,0.0,25740,370100,0.51549405,0.6616248,2036,3452.6630804538727,0.51549405,19.404239569936248,0.0,0.0
24274,281100,0.0014552474,10,0.0,25751,370210,0.6998302,0.7012854,2037,3454.365029335022,0.69884676,43.665786265534116,0.0,0.0
24276,281120,0.2150341,10,0.0,25757,370270,0.45566383,0.6706979,2037,3454.365029335022,0.45566383,150.05434335411903,0.0,0.0
24283,281190,0.018615186,10,0.0,25764,370340,0.75465316,0.77326834,2038,3456.066911458969,0.75465316,19.83358773716774,0.0,0.0
24288,281240,0.015648723,10,0.0,25777,370470,0.7489161,0.7645648,2039,3457.6651799678802,0.7489161,25.72843804612994,0.0,0.0
24290,281260,0.005472183,10,0.0,25780,370500,0.71255326,0.71802545,2039,3457.6651799678802,0.7125201,97.40377603864286,0.0,0.0
24294,281300,0.006035149,10,0.0,25790,370600,0.72253716,0.7285723,2040,3459.7695887088776,0.7225268,29.13433399808147,0.0,0.0
24296,281320,0.0117406845,10,0.0,25802,370720,0.74814445,0.75988513,2040,3459.7695887088776,0.74814445,126.05993574234424,0.0,0.0
24300,281360,0.00722301,10,0.0,25806,370760,0.6985329,0.7057559,2041,3461.599153995514,0.6985329,17.094385223435623,0.0,0.0
24302,281380,0.22899333,10,0.0,25814,370840,0.41707912,0.64607245,2041,3461.599153995514,0.41707912,132.33079670364341,0.0,0.0
24310,281460,0.008022964,10,0.0,25818,370880,0.72695506,0.734978,2042,3463.5671441555023,0.72695506,26.33294763865075,0.0,0.0
24310,281460,0.15604472,10,0.0,25829,370990,0.51551896,0.6715637,2043,3465.6977019309998,0.51551896,68.5525253416754,0.0,0.0
24315,281510,0.011657238,10,0.0,25834,371040,0.7220487,0.73370594,2043,3465.6977019309998,0.7220487,32.647866055374365,0.0,0.0
24321,281570,0.015351832,10,0.0,25846,371160,0.75076026,0.7661121,2044,3467.7505037784576,0.75076026,29.40686432947884,0.0,0.0
24321,281570,0.18072996,10,0.0,25853,371230,0.47577325,0.6565032,2044,3467.7505037784576,0.47577325,149.4672097556456,0.0,0.0
24329,281650,-0.001435399,10,0.0,25858,371280,0.7110529,0.7096175,2045,3469.405172586441,0.7087147,16.09375911299655,0.0,0.0
24329,281650,-0.0074310303,10,0.0,25869,371390,0.7034452,0.69601417,2045,3469.405172586441,0.69601417,119.66289121565718,0.0,0.0
24334,281700,0.0029190779,10,0.0,25872,371420,0.7476662,0.75058526,2046,3471.2813243865967,0.7470869,23.800305284601286,0.0,0.0
24341,281770,0.017675579,10,0.0,25884,371540,0.69068396,0.70835954,2047,3473.1158106327057,0.69068396,18.437335844216243,0.0,0.0
24343,281790,0.026678205,10,0.0,25895,371650,0.6574046,0.6840828,2048,3474.686667442322,0.6574046,56.449029305878,0.0,0.0
24347,281830,-0.0043525696,10,0.0,25902,371720,0.7315986,0.72724605,2048,3474.686667442322,0.72724605,138.05953838659136,0.0,0.0
24353,281890,0.0037071705,10,0.0,25910,371800,0.7451807,0.7488879,2049,3476.5301134586334,0.7447915,17.336727679754244,0.0,0.0
24355,281910,0.0062980056,10,0.0,25915,371850,0.7346692,0.7409672,2049,3476.5301134586334,0.7346692,110.50117105890598,0.0,0.0
24362,281980,0.017498374,10,0.0,25922,371920,0.67579746,0.69329584,2050,3478.5434029102325,0.67579746,34.69279990471338,0.0,0.0
24362,281980,0.003237486,10,0.0,25934,372040,0.70927787,0.71251535,2051,3480.322416782379,0.70882154,97.15153985842939,0.0,0.0
24367,282030,0.015457332,10,0.0,25937,372070,0.7061791,0.7216364,2051,3480.322416782379,0.7061791,29.31718418860054,0.0,0.0
24374,282100,0.015855074,10,0.0,25948,372180,0.6895922,0.70544726,2052,3482.3823413848877,0.6895922,20.019321015231526,0.0,0.0
24374,282100,0.016824901,10,0.0,25957,372270,0.7175156,0.7343405,2052,3482.3823413848877,0.7175156,117.30940700672927,0.0,0.0
24379,282150,0.0013805628,10,0.0,25963,372330,0.7200896,0.7214702,2053,3484.328177690506,0.71896106,24.736064561521047,0.0,0.0
24379,282150,0.25824225,10,0.0,25973,372430,0.41248602,0.67072827,2053,3484.328177690506,0.41248602,115.33269172601534,0.0,0.0
24385,282210,0.0011819601,10,0.0,25977,372470,0.7305896,0.7317716,2054,3486.4076883792877,0.7294204,19.603719482413318,0.0,0.0
24387,282230,0.009061217,10,0.0,25987,372570,0.7111089,0.72017014,2055,3488.3729498386383,0.7111089,59.794256517871396,0.0,0.0
24393,282290,0.31723467,10,0.0,25992,372620,0.33254346,0.6497781,2055,3488.3729498386383,0.33254346,130.41746733580842,0.0,0.0
24397,282330,-0.0047148466,10,0.0,26002,372720,0.73347193,0.7287571,2056,3490.4489505290985,0.7287571,26.669345700976532,0.0,0.0
24398,282340,0.0100367665,10,0.0,26008,372780,0.7013671,0.71140385,2056,3490.4489505290985,0.7013671,116.0343153392665,0.0,0.0
24405,282410,0.005289316,10,0.0,26016,372860,0.6911757,0.696465,2057,3492.57044005394,0.6910748,21.012031196146168,0.0,0.0
24405,282410,0.004109621,10,0.0,26024,372940,0.73168594,0.73579556,2057,3492.57044005394,0.7313988,110.81823586139477,0.0,0.0
24412,282480,0.013955951,10,0.0,26030,373000,0.71787953,0.7318355,2058,3494.4600882530212,0.71787953,93.44993304799823,0.0,0.0
24412,282480,0.22303835,10,0.0,26041,373110,0.48504815,0.7080865,2058,3494.4600882530212,0.48504815,116.21017167049018,0.0,0.0
24417,282530,0.017163396,10,0.0,26044,373140,0.7194407,0.7366041,2059,3496.453228712082,0.7194407,28.377338474351628,0.0,0.0
24424,282600,0.006969452,10,0.0,26055,373250,0.72660834,0.7335778,2060,3498.3923144340515,0.72660834,21.299370561365823,0.0,0.0
24424,282600,0.011796355,10,0.0,26065,373350,0.70735407,0.7191504,2060,3498.3923144340515,0.70735407,125.24834343150809,0.0,0.0
24429,282650,0.009514093,10,0.0,26070,373400,0.6925567,0.7020708,2061,3500.3568444252014,0.6925567,14.970487719129176,0.0,0.0
24429,282650,0.0032961369,10,0.0,26081,373510,0.6895497,0.6928458,2062,3502.356985092163,0.6891209,117.6912414207227,0.0,0.0
24438,282740,0.019115388,10,0.0,26087,373570,0.76773787,0.78685325,2062,3502.356985092163,0.76773787,126.89171118950088,0.0,0.0
24443,282790,-0.002781272,10,0.0,26095,373650,0.7017974,0.69901615,2063,3504.0336661338806,0.69886184,31.056036014690203,0.0,0.0
24449,282850,0.013930559,10,0.0,26107,373770,0.7301804,0.74411094,2064,3505.76428771019,0.7301804,29.78371799405505,0.0,0.0
24449,282850,0.0061563253,10,0.0,26112,373820,0.71216506,0.7183214,2064,3505.76428771019,0.71216506,120.7553427631219,0.0,0.0
24457,282930,0.31575134,10,0.0,26121,373910,0.34567901,0.66143036,2065,3507.734693288803,0.34567901,32.39159949153354,0.0,0.0
24457,282930,0.011916399,10,0.0,26133,374030,0.7428877,0.7548041,2065,3507.734693288803,0.7428877,83.15283827211648,0.0,0.0
24462,282980,0.27799788,10,0.0,26136,374060,0.37545022,0.6534481,2066,3509.469266653061,0.37545022,81.55935472831075,0.0,0.0
24469,283050,0.018872082,10,0.0,26147,374170,0.74431545,0.7631875,2067,3511.4536991119385,0.74431545,30.057710347516192,0.0,0.0
24469,283050,0.17083788,10,0.0,26154,374240,0.50802493,0.6788628,2067,3511.4536991119385,0.50802493,156.37551263887852,0.0,0.0
24476,283120,-0.0021896958,10,0.0,26160,374300,0.7310549,0.7288652,2068,3513.1045656204224,0.72824675,36.519080141120256,0.0,0.0
24481,283170,0.30379483,10,0.0,26172,374420,0.3387964,0.64259124,2069,3514.8082690238953,0.3387964,23.861289144412346,0.0,0.0
24481,283170,0.008358359,10,0.0,26179,374490,0.69202375,0.7003821,2069,3514.8082690238953,0.69202375,131.55051499830634,0.0,0.0
24488,283240,0.27006418,10,0.0,26186,374560,0.4021275,0.6721917,2070,3516.6012938022614,0.4021275,68.8655413204347,0.0,0.0
24494,283300,0.0017852187,10,0.0,26197,374670,0.7060396,0.7078248,2071,3518.1672122478485,0.70511174,24.49981132891037,0.0,0.0
24494,283300,0.0150514245,10,0.0,26205,374750,0.708631,0.7236824,2071,3518.1672122478485,0.708631,124.12708935082154,0.0,0.0
24501,283370,0.33227286,10,0.0,26211,374810,0.32087162,0.6531445,2072,3519.8937051296234,0.32087162,72.3550072108252,0.0,0.0
24507,283430,0.003179431,10,0.0,26222,374920,0.7050992,0.70827866,2073,3521.649157524109,0.70455474,18.450117691254338,0.0,0.0
24507,283430,0.26174456,10,0.0,26232,375020,0.42202896,0.6837735,2073,3521.649157524109,0.42202896,109.33828283038936,0.0,0.0
24513,283490,0.019197226,10,0.0,26236,375060,0.7263912,0.7455884,2074,3523.525304079056,0.7263912,24.357364113297088,0.0,0.0
24521,283570,0.017232,10,0.0,26247,375170,0.7096694,0.7269014,2075,3525.2777786254883,0.7096694,25.50229619554478,0.0,0.0
24521,283570,0.012971163,10,0.0,26259,375290,0.6857459,0.69871706,2075,3525.2777786254883,0.6857459,125.03514681770756,0.0,0.0
24525,283610,0.0050259233,10,0.0,26262,375320,0.7153715,0.7203974,2076,3526.890997171402,0.7151851,18.44337581656811,0.0,0.0
24525,283610,-0.0047947764,10,0.0,26271,375410,0.7131756,0.7083808,2077,3529.2495243549347,0.7083808,82.69755079990378,0.0,0.0
24533,283690,0.24670658,10,0.0,26274,375440,0.40208092,0.6487875,2077,3529.2495243549347,0.40208092,20.338198662741558,0.0,0.0
24533,283690,0.23470208,10,0.0,26283,375530,0.49571517,0.73041725,2078,3531.7019958496094,0.49571517,79.60205652209395,0.0,0.0
24540,283760,0.0031625628,10,0.0,26287,375570,0.7082832,0.71144575,2078,3531.7019958496094,0.7077742,36.12384914175473,0.0,0.0
24540,283760,0.2794236,10,0.0,26298,375680,0.37980694,0.65923053,2079,3534.0468616485596,0.37980694,79.17231850108254,0.0,0.0
24547,283830,0.2564278,10,0.0,26301,375710,0.42482206,0.68124986,2079,3534.0468616485596,0.42482206,22.12982841392759,0.0,0.0
24547,283830,0.010606647,10,0.0,26310,375800,0.7242106,0.73481727,2080,3536.351970911026,0.7242106,109.26052604843689,0.0,0.0
24553,283890,-0.004322052,10,0.0,26314,375840,0.7114791,0.7071571,2080,3536.351970911026,0.7071571,69.22287523126258,0.0,0.0
24558,283940,0.00095820427,10,0.0,26325,375950,0.7134791,0.7144373,2081,3538.28155875206,0.7121899,14.939640249332147,0.0,0.0
24558,283940,0.0039149523,10,0.0,26334,376040,0.6748137,0.67872864,2081,3538.28155875206,0.67448765,114.05561507796227,0.0,0.0
24565,284010,0.29006448,10,0.0,26338,376080,0.3699434,0.6600079,2082,3540.1903145313263,0.3699434,15.387378714861795,0.0,0.0
24565,284010,0.32114294,10,0.0,26348,376180,0.3554531,0.67659605,2082,3540.1903145313263,0.3554531,111.66616526140076,0.0,0.0
24571,284070,-0.0019696355,10,0.0,26352,376220,0.7345797,0.73261005,2083,3542.259809732437,0.7319671,69.7286531741361,0.0,0.0
24577,284130,0.0047883987,10,0.0,26363,376330,0.67883843,0.68362683,2084,3544.1192326545715,0.67866606,16.658917693673683,0.0,0.0
24577,284130,0.2893177,10,0.0,26369,376390,0.37561157,0.6649293,2084,3544.1192326545715,0.37561157,118.72631802420211,0.0,0.0
24584,284200,0.3323891,10,0.0,26377,376470,0.34953687,0.68192595,2085,3546.4084734916687,0.34953687,21.193971929370676,0.0,0.0
24584,284200,0.001987338,10,0.0,26388,376580,0.7006094,0.7025967,2085,3546.4084734916687,0.6997287,114.38314211770738,0.0,0.0
24589,284250,0.3007796,10,0.0,26392,376620,0.3924996,0.6932792,2086,3548.521053791046,0.3924996,20.92949357689759,0.0,0.0
24595,284310,0.0035383105,10,0.0,26403,376730,0.7306465,0.7341848,2087,3550.4828271865845,0.73024344,40.378261242085465,0.0,0.0
24597,284330,0.011056602,10,0.0,26406,376760,0.7283571,0.7394137,2087,3550.4828271865845,0.7283571,80.00595137043656,0.0,0.0
24597,284330,0.30983838,10,0.0,26417,376870,0.34603342,0.6558718,2088,3552.6741206645966,0.34603342,103.34336139712858,0.0,0.0
24604,284400,0.11771095,10,0.0,26419,376890,0.611804,0.72951496,2088,3552.6741206645966,0.611804,22.046797427534422,0.0,0.0
24604,284400,0.0029745102,10,0.0,26431,377010,0.7376911,0.7406656,2089,3554.831821680069,0.73713046,69.91543745655605,0.0,0.0
24612,284480,-0.00031238794,10,0.0,26433,377030,0.7369702,0.7366578,2089,3554.831821680069,0.7351024,24.009969654834475,0.0,0.0
24612,284480,0.020703554,10,0.0,26444,377140,0.6802072,0.70091075,2090,3557.0338876247406,0.6802072,118.15440089017847,0.0,0.0
24617,284530,0.19229323,10,0.0,26451,377210,0.5058629,0.6981561,2090,3557.0338876247406,0.5058629,119.62261998471314,0.0,0.0
24621,284570,0.017854273,10,0.0,26460,377300,0.74888235,0.7667366,2091,3558.9462265968323,0.74888235,25.499924004304397,0.0,0.0
24621,284570,0.1017108,10,0.0,26465,377350,0.63781273,0.73952353,2091,3558.9462265968323,0.63781273,123.16626534327833,0.0,0.0
24629,284650,0.009534955,10,0.0,26472,377420,0.732636,0.74217093,2092,3560.877948284149,0.732636,16.886179136733514,0.0,0.0
24629,284650,-0.0053192377,10,0.0,26482,377520,0.69495493,0.6896357,2092,3560.877948284149,0.6896357,94.48929018770332,0.0,0.0
24635,284710,0.007891059,10,0.0,26486,377560,0.727334,0.7352251,2093,3563.0696947574615,0.727334,60.969481128304274,0.0,0.0
24641,284770,0.010380745,10,0.0,26497,377670,0.7382016,0.74858236,2094,3564.8893733024597,0.7382016,23.319204202267482,0.0,0.0
24641,284770,0.32089815,10,0.0,26502,377720,0.34946308,0.6703612,2094,3564.8893733024597,0.34946308,77.74903747587896,0.0,0.0
24648,284840,-0.007932425,10,0.0,26510,377800,0.7259807,0.7180483,2095,3567.179976463318,0.7180483,17.036068844450114,0.0,0.0
24648,284840,-0.0009010434,10,0.0,26519,377890,0.7343455,0.73344445,2095,3567.179976463318,0.732304,111.74321703361112,0.0,0.0
24653,284890,0.33717763,10,0.0,26524,377940,0.32828045,0.6654581,2096,3569.201090335846,0.32828045,10.174745995469971,0.0,0.0
24655,284910,0.30869067,10,0.0,26531,378010,0.3549723,0.66366297,2096,3569.201090335846,0.3549723,112.72374471561758,0.0,0.0
24662,284980,-0.00073570013,10,0.0,26536,378060,0.67159545,0.67085975,2097,3571.554437637329,0.6696514,35.634367255460525,0.0,0.0
24662,284980,0.297834,10,0.0,26547,378170,0.39150646,0.6893405,2098,3573.693790435791,0.39150646,80.43941207155788,0.0,0.0
24667,285030,0.015642643,10,0.0,26549,378190,0.73276085,0.7484035,2098,3573.693790435791,0.73276085,16.139921515026277,0.0,0.0
24667,285030,-0.0026017427,10,0.0,26559,378290,0.72234786,0.7197461,2098,3573.693790435791,0.7192789,86.5981612128645,0.0,0.0
24674,285100,0.001744926,10,0.0,26562,378320,0.6852992,0.68704414,2099,3575.8955483436584,0.6843255,24.703051848501286,0.0,0.0
24674,285100,0.3036876,10,0.0,26572,378420,0.3558415,0.6595291,2099,3575.8955483436584,0.3558415,96.78388805818611,0.0,0.0
24680,285160,0.0051417947,10,0.0,26575,378450,0.7120057,0.71714747,2100,3578.201828956604,0.71187496,34.39975789049794,0.0,0.0
24680,285160,0.012305737,10,0.0,26585,378550,0.68595815,0.6982639,2100,3578.201828956604,0.68595815,96.06765017785199,0.0,0.0
24686,285220,0.0087810755,10,0.0,26588,378580,0.72350436,0.73228544,2101,3580.3859305381775,0.72350436,22.855050414783104,0.0,0.0
24686,285220,0.0048470497,10,0.0,26596,378660,0.6686674,0.6735144,2101,3580.3859305381775,0.6684918,104.26951990772045,0.0,0.0
24694,285300,0.21707141,10,0.0,26600,378700,0.4918831,0.7089545,2102,3582.4769265651703,0.4918831,29.992262928846117,0.0,0.0
24697,285330,0.18803751,10,0.0,26611,378810,0.49960512,0.68764263,2103,3584.453844308853,0.49960512,26.38990939114448,0.0,0.0
24699,285350,-0.0003567338,10,0.0,26616,378860,0.70338136,0.7030246,2103,3584.453844308853,0.7014664,81.10671508738548,0.0,0.0
24705,285410,0.23052764,10,0.0,26625,378950,0.431,0.66152763,2104,3586.8006868362427,0.431,27.22216453093522,0.0,0.0
24705,285410,0.21797225,10,0.0,26630,379000,0.45634666,0.6743189,2104,3586.8006868362427,0.45634666,111.37054974934149,0.0,0.0
24713,285490,0.013055503,10,0.0,26638,379080,0.7382969,0.7513524,2105,3588.781585931778,0.7382969,21.344037486247476,0.0,0.0
24713,285490,0.014093995,10,0.0,26649,379190,0.7481456,0.7622396,2105,3588.781585931778,0.7481456,94.63276619459003,0.0,0.0
24718,285540,0.33328682,10,0.0,26652,379220,0.3102823,0.6435691,2106,3590.682762145996,0.3102823,43.89266436580011,0.0,0.0
24718,285540,0.06711501,10,0.0,26663,379330,0.63027626,0.6973913,2106,3590.682762145996,0.63027626,113.80432718136284,0.0,0.0
24725,285610,0.012239456,10,0.0,26667,379370,0.7282926,0.74053204,2107,3592.875250339508,0.7282926,45.03346128036505,0.0,0.0
24725,285610,0.00533551,10,0.0,26678,379480,0.6901999,0.6955354,2108,3595.082645893097,0.69006395,96.8956818244823,0.0,0.0
24731,285670,0.010664582,10,0.0,26680,379500,0.7304038,0.74106836,2108,3595.082645893097,0.7304038,13.410756668042604,0.0,0.0
24731,285670,0.17300063,10,0.0,26690,379600,0.52793896,0.7009396,2108,3595.082645893097,0.52793896,109.49355721237183,0.0,0.0
24738,285740,0.27782983,10,0.0,26695,379650,0.41092175,0.6887516,2109,3597.4914512634277,0.41092175,24.391345131127416,0.0,0.0
24745,285810,-0.001239121,10,0.0,26706,379760,0.7086534,0.70741427,2110,3599.5434012413025,0.7064036,23.077186327895678,0.0,0.0
24745,285810,0.31850544,10,0.0,26715,379850,0.34973648,0.6682419,2110,3599.5434012413025,0.34973648,134.54925737016006,0.0,0.0
24750,285860,0.27903017,10,0.0,26719,379890,0.42042378,0.69945395,2111,3601.328528881073,0.42042378,13.319749909175671,0.0,0.0
24750,285860,-0.004650891,10,0.0,26727,379970,0.7049175,0.7002666,2111,3601.328528881073,0.7002666,125.97247667846008,0.0,0.0
24758,285940,0.23151517,10,0.0,26732,380020,0.43041956,0.66193473,2112,3603.352552175522,0.43041956,69.45419319583702,0.0,0.0
24763,285990,0.010177255,10,0.0,26743,380130,0.7104058,0.7205831,2113,3605.276599884033,0.7104058,22.711947925505445,0.0,0.0
24763,285990,0.3313558,10,0.0,26750,380200,0.34655875,0.67791456,2113,3605.276599884033,0.34655875,126.05311638782116,0.0,0.0
24769,286050,0.3086783,10,0.0,26757,380270,0.34751132,0.6561896,2114,3607.2723166942596,0.34751132,15.095873805626459,0.0,0.0
24769,286050,-0.0025513768,10,0.0,26767,380370,0.6901136,0.6875622,2115,3609.023240327835,0.68719757,105.69310398701737,0.0,0.0
24777,286130,0.26289648,10,0.0,26772,380420,0.4289837,0.69188017,2115,3609.023240327835,0.4289837,116.72211075273904,0.0,0.0
24782,286180,0.08296037,10,0.0,26783,380530,0.61487556,0.6978359,2116,3610.9134109020233,0.61487556,16.471459589924155,0.0,0.0
24782,286180,0.011206269,10,0.0,26793,380630,0.6886426,0.6998489,2116,3610.9134109020233,0.6886426,118.57293091945314,0.0,0.0
24789,286250,0.015686631,10,0.0,26799,380690,0.72383165,0.7395183,2117,3612.6364092826843,0.72383165,138.9435884864727,0.0,0.0
24794,286300,0.00372535,10,0.0,26809,380790,0.67698276,0.6807081,2118,3614.2732076644897,0.67662853,20.56041451183584,0.0,0.0
24794,286300,0.22679168,10,0.0,26819,380890,0.47201842,0.6988101,2118,3614.2732076644897,0.47201842,135.84394301056813,0.0,0.0
24801,286370,0.0072624683,10,0.0,26822,380920,0.73781914,0.7450816,2119,3615.970858335495,0.73781914,23.257383573181976,0.0,0.0
24803,286390,-0.008945525,10,0.0,26831,381010,0.72530884,0.7163633,2120,3618.0489280223846,0.7163633,104.01843130544333,0.0,0.0
24810,286460,0.005679548,10,0.0,26837,381070,0.7276846,0.73336416,2120,3618.0489280223846,0.7276409,118.69977416415266,0.0,0.0
24814,286500,0.0778296,10,0.0,26847,381170,0.5933911,0.6712207,2121,3619.9493792057037,0.5933911,14.908342023904224,0.0,0.0
24814,286500,0.32134455,10,0.0,26855,381250,0.38050228,0.70184684,2121,3619.9493792057037,0.38050228,108.34523305194202,0.0,0.0
24821,286570,0.32361862,10,0.0,26860,381300,0.33389202,0.65751064,2122,3621.9966645240784,0.33389202,15.261893152658812,0.0,0.0
24821,286570,0.3427582,10,0.0,26870,381400,0.31731942,0.66007763,2122,3621.9966645240784,0.31731942,105.21823550218373,0.0,0.0
24826,286620,0.19817203,10,0.0,26874,381440,0.5374101,0.7355821,2123,3624.0263290405273,0.5374101,25.053289633623688,0.0,0.0
24833,286690,0.0033144355,10,0.0,26885,381550,0.69518983,0.69850427,2124,3625.9570183753967,0.6947725,13.70488726472368,0.0,0.0
24833,286690,0.009249687,10,0.0,26892,381620,0.737028,0.7462777,2124,3625.9570183753967,0.737028,96.69597613437784,0.0,0.0
24841,286770,-0.004695773,10,0.0,26898,381680,0.70041114,0.69571537,2125,3628.1606211662292,0.69571537,29.371115734396238,0.0,0.0
24841,286770,0.35443476,10,0.0,26909,381790,0.30282357,0.65725833,2125,3628.1606211662292,0.30282357,111.18691514460674,0.0,0.0
24845,286810,0.32471013,10,0.0,26912,381820,0.34010744,0.6648176,2126,3630.0361466407776,0.34010744,18.9038968320465,0.0,0.0
24845,286810,0.08590847,10,0.0,26921,381910,0.6109778,0.6968863,2126,3630.0361466407776,0.6109778,115.02368043614784,0.0,0.0
24853,286890,0.3412291,10,0.0,26925,381950,0.29886714,0.64009625,2127,3632.2597863674164,0.29886714,39.329072523779516,0.0,0.0
24853,286890,0.0048009157,10,0.0,26937,382070,0.6731444,0.6779453,2127,3632.2597863674164,0.6729408,31.585231773916135,0.0,0.0
24858,286940,0.27795354,10,0.0,26941,382110,0.41392365,0.6918772,2128,3634.2869958877563,0.41392365,71.90498395369887,0.0,0.0
24858,286940,0.009634495,10,0.0,26952,382220,0.7002497,0.70988417,2128,3634.2869958877563,0.7002497,14.742502922628207,0.0,0.0
24865,287010,0.017306924,10,0.0,26955,382250,0.7235218,0.74082875,2129,3636.559725522995,0.7235218,62.14906990596819,0.0,0.0
24867,287030,0.017374337,10,0.0,26964,382340,0.7323299,0.74970424,2129,3636.559725522995,0.7323299,110.2325385812203,0.0,0.0
24873,287090,0.010187745,10,0.0,26971,382410,0.71362174,0.7238095,2130,3639.3276329040527,0.71362174,125.12802766101534,0.0,0.0
24873,287090,0.0050014853,10,0.0,26980,382500,0.711887,0.7168885,2130,3639.3276329040527,0.7117065,17.341465673498007,0.0,0.0
24877,287130,0.31756628,10,0.0,26989,382590,0.335365,0.6529313,2131,3641.2860939502716,0.335365,133.47241801778867,0.0,0.0
24885,287210,0.26902816,10,0.0,26994,382640,0.40455547,0.6735836,2132,3643.1809639930725,0.40455547,105.48231903448172,0.0,0.0
24885,287210,0.27505597,10,0.0,27003,382730,0.40953895,0.6845949,2132,3643.1809639930725,0.40953895,29.68433136183455,0.0,0.0
24892,287280,0.3604429,10,0.0,27014,382840,0.2751303,0.6355732,2133,3644.7723603248596,0.2751303,103.79628300626098,0.0,0.0
24897,287330,0.017682135,10,0.0,27018,382880,0.75095975,0.7686419,2134,3646.4964854717255,0.75095975,13.12483239201665,0.0,0.0
24897,287330,0.027002811,10,0.0,27029,382990,0.65055954,0.67756236,2135,3648.4167041778564,0.65055954,97.05599637165541,0.0,0.0
24904,287400,0.014214337,10,0.0,27033,383030,0.724868,0.73908234,2135,3648.4167041778564,0.724868,100.96028076188918,0.0,0.0
24910,287460,0.012091517,10,0.0,27043,383130,0.757573,0.7696645,2136,3650.204437017441,0.757573,31.49851155162107,0.0,0.0
24910,287460,0.25782737,10,0.0,27049,383190,0.44609138,0.70391876,2136,3650.204437017441,0.44609138,123.94039236081356,0.0,0.0
24917,287530,0.30231,10,0.0,27056,383260,0.37973607,0.68204606,2137,3652.0652112960815,0.37973607,16.85697646986481,0.0,0.0
24917,287530,0.006798744,10,0.0,27067,383370,0.70556384,0.7123626,2137,3652.0652112960815,0.70556384,89.79379324518737,0.0,0.0
24923,287590,0.2921679,10,0.0,27070,383400,0.38623208,0.6784,2138,3654.053477048874,0.38623208,84.79714047728798,0.0,0.0
24923,287590,0.015465021,10,0.0,27080,383500,0.7445575,0.7600225,2138,3654.053477048874,0.7445575,110.608115948144,0.0,0.0
24929,287650,0.016238868,10,0.0,27083,383530,0.75009245,0.7663313,2139,3656.257312297821,0.75009245,13.677058934590637,0.0,0.0
24931,287670,0.008279741,10,0.0,27085,383550,0.71083313,0.7191129,2139,3656.257312297821,0.71083313,29.918432884208933,0.0,0.0
24931,287670,0.33789837,10,0.0,27093,383630,0.310543,0.6484414,2139,3656.257312297821,0.310543,87.43980870540507,0.0,0.0
24937,287730,-0.006943822,10,0.0,27100,383700,0.71805483,0.711111,2140,3660.0425760746,0.711111,15.488950428241763,0.0,0.0
24937,287730,0.32864228,10,0.0,27107,383770,0.32522628,0.65386856,2140,3660.0425760746,0.32522628,85.20626588360051,0.0,0.0
24941,287770,0.016566277,10,0.0,27115,383850,0.7177425,0.7343088,2141,3662.6619188785553,0.7177425,15.75981883158093,0.0,0.0
24941,287770,0.31998724,10,0.0,27119,383890,0.36781192,0.68779916,2141,3662.6619188785553,0.36781192,84.52781517279183,0.0,0.0
24941,287770,0.19032645,10,0.0,27128,383980,0.56010604,0.7504325,2142,3665.492917537689,0.56010604,98.81226559113439,0.0,0.0
24949,287850,0.2523723,10,0.0,27130,384000,0.45217857,0.70455086,2142,3665.492917537689,0.45217857,21.80997164493194,0.0,0.0
24949,287850,0.3329516,10,0.0,27139,384090,0.35620016,0.68915176,2142,3665.492917537689,0.35620016,110.45228433213339,0.0,0.0
24955,287910,0.2648483,10,0.0,27143,384130,0.40421987,0.66906816,2143,3668.0022757053375,0.40421987,26.92119926084392,0.0,0.0
24955,287910,0.29032367,10,0.0,27154,384240,0.39282697,0.68315065,2144,3669.8894834518433,0.39282697,99.05776770110056,0.0,0.0
24962,287980,0.36816427,10,0.0,27158,384280,0.27008995,0.6382542,2144,3669.8894834518433,0.27008995,111.34896636676658,0.0,0.0
24966,288020,0.31873605,10,0.0,27168,384380,0.38077495,0.699511,2145,3671.827228784561,0.38077495,29.87123681031929,0.0,0.0
24968,288040,0.3549798,10,0.0,27173,384430,0.28758162,0.64256144,2145,3671.827228784561,0.28758162,94.27202948877876,0.0,0.0
24968,288040,0.2948752,10,0.0,27182,384520,0.4124388,0.707314,2146,3674.1846945285797,0.4124388,12.548358839100652,0.0,0.0
24974,288100,0.26628396,10,0.0,27187,384570,0.43311295,0.6993969,2146,3674.1846945285797,0.43311295,96.29062324949264,0.0,0.0
24974,288100,0.33762467,10,0.0,27196,384660,0.303613,0.6412377,2146,3674.1846945285797,0.303613,16.507197860280673,0.0,0.0
24981,288170,0.33293703,10,0.0,27204,384740,0.32955077,0.6624878,2147,3676.905834197998,0.32955077,113.32189569413411,0.0,0.0
24981,288170,0.31980792,10,0.0,27209,384790,0.36802098,0.6878289,2148,3679.0359892845154,0.36802098,17.315370798261654,0.0,0.0
24987,288230,0.303223,10,0.0,27219,384890,0.42446452,0.72768754,2148,3679.0359892845154,0.42446452,97.61823192075668,0.0,0.0
24994,288300,0.33987087,10,0.0,27222,384920,0.3042304,0.64410126,2149,3680.9545974731445,0.3042304,25.278739071685404,0.0,0.0
24994,288300,0.30417746,10,0.0,27233,385030,0.39780998,0.70198745,2149,3680.9545974731445,0.39780998,21.7751538271446,0.0,0.0
25001,288370,0.2951874,10,0.0,27242,385120,0.4340526,0.72924,2150,3682.8216881752014,0.4340526,147.15875082012076,0.0,0.0
25006,288420,0.010354996,10,0.0,27247,385170,0.73868173,0.7490367,2151,3684.6189579963684,0.73868173,21.867166332218158,0.0,0.0
25006,288420,0.26926044,10,0.0,27256,385260,0.43022886,0.6994893,2151,3684.6189579963684,0.43022886,99.51040821458906,0.0,0.0
25013,288490,0.31194022,10,0.0,27260,385300,0.37092403,0.68286425,2152,3686.782461166382,0.37092403,47.079138628697784,0.0,0.0
25014,288500,0.34495357,10,0.0,27271,385410,0.3010008,0.6459544,2153,3688.79314661026,0.3010008,53.28042092800805,0.0,0.0
25019,288550,0.3002239,10,0.0,27273,385430,0.40086323,0.7010871,2153,3688.79314661026,0.40086323,31.16743068647347,0.0,0.0
25023,288590,0.31118512,10,0.0,27284,385540,0.3930111,0.7041962,2154,3691.101165294647,0.3930111,32.627777030122886,0.0,0.0
25025,288610,0.28616807,10,0.0,27287,385570,0.42489615,0.7110642,2154,3691.101165294647,0.42489615,85.63683954771345,0.0,0.0
25025,288610,0.26617697,10,0.0,27298,385680,0.44998643,0.7161634,2155,3693.4265763759613,0.44998643,34.708675960811995,0.0,0.0
25032,288680,0.012742817,10,0.0,27302,385720,0.7286239,0.74136674,2155,3693.4265763759613,0.7286239,119.5574926101494,0.0,0.0
25033,288690,0.3421774,10,0.0,27312,385820,0.3177281,0.6599055,2156,3695.6009287834167,0.3177281,17.510799422360847,0.0,0.0
25038,288740,0.3125295,10,0.0,27321,385910,0.40665692,0.7191864,2156,3695.6009287834167,0.40665692,121.84066580487735,0.0,0.0
25041,288770,0.32592902,10,0.0,27326,385960,0.35136297,0.677292,2157,3697.6091887950897,0.35136297,97.93597496906158,0.0,0.0
25045,288810,0.016526222,10,0.0,27337,386070,0.7772899,0.79381615,2157,3697.6091887950897,0.7772899,19.604351719766896,0.0,0.0
25050,288860,0.33034742,10,0.0,27344,386140,0.3440312,0.67437863,2158,3699.316511631012,0.3440312,124.71800727320303,0.0,0.0
25050,288860,0.3661227,10,0.0,27350,386200,0.28046528,0.64658797,2159,3701.066400527954,0.28046528,29.281714496749156,0.0,0.0
25058,288940,0.19636965,10,0.0,27361,386310,0.5559002,0.75226986,2159,3701.066400527954,0.5559002,59.38543222636754,0.0,0.0
25065,289010,0.3237731,10,0.0,27368,386380,0.3349554,0.6587285,2160,3702.827937602997,0.3349554,128.11377291234587,0.0,0.0
25070,289060,0.31327647,10,0.0,27376,386460,0.36932367,0.68260014,2161,3704.728529214859,0.36932367,13.477710690449642,0.0,0.0
25070,289060,0.0118380785,10,0.0,27386,386560,0.75671005,0.76854813,2161,3704.728529214859,0.75671005,106.90373753644761,0.0,0.0
25077,289130,0.32881632,10,0.0,27389,386590,0.32855037,0.6573667,2162,3707.0464487075806,0.32855037,24.05709503813926,0.0,0.0
25077,289130,0.292077,10,0.0,27400,386700,0.45666945,0.74874645,2162,3707.0464487075806,0.45666945,114.88662820955292,0.0,0.0
25083,289190,0.31295815,10,0.0,27404,386740,0.3663226,0.67928076,2163,3709.205926179886,0.3663226,55.73477802715312,0.0,0.0
25083,289190,0.30102032,10,0.0,27413,386830,0.4074617,0.708482,2163,3709.205926179886,0.4074617,90.02545599718395,0.0,0.0
25089,289250,0.26509544,10,0.0,27417,386870,0.46844986,0.7335453,2164,3711.390200138092,0.46844986,19.39447745983128,0.0,0.0
25094,289300,0.3170565,10,0.0,27428,386980,0.35532835,0.67238486,2165,3713.4663660526276,0.35532835,40.578271011084205,0.0,0.0
25096,289320,0.31459597,10,0.0,27433,387030,0.3800899,0.6946859,2165,3713.4663660526276,0.3800899,113.7157745478404,0.0,0.0
25102,289380,0.18569684,10,0.0,27441,387110,0.57408935,0.7597862,2166,3715.267880678177,0.57408935,18.82752605654761,0.0,0.0
25102,289380,0.2880331,10,0.0,27450,387200,0.42642263,0.7144557,2166,3715.267880678177,0.42642263,136.33761429718405,0.0,0.0
25110,289460,0.28142792,10,0.0,27456,387260,0.4221251,0.703553,2167,3717.0044465065002,0.4221251,121.36471881826994,0.0,0.0
25115,289510,0.31111407,10,0.0,27466,387360,0.387695,0.6988091,2168,3718.653028488159,0.387695,18.690719531634,0.0,0.0
25115,289510,0.30109945,10,0.0,27477,387470,0.3846021,0.68570155,2169,3720.3883576393127,0.3846021,98.11581692924898,0.0,0.0
25121,289570,0.30296287,10,0.0,27480,387500,0.4154854,0.7184483,2169,3720.3883576393127,0.4154854,30.940412671224035,0.0,0.0
25122,289580,0.32123998,10,0.0,27491,387610,0.3435504,0.6647904,2170,3722.4031159877777,0.3435504,62.88038451101826,0.0,0.0
25128,289640,0.3105581,10,0.0,27496,387660,0.3678722,0.6784303,2170,3722.4031159877777,0.3678722,122.92369553239628,0.0,0.0
25135,289710,0.28141946,10,0.0,27504,387740,0.424744,0.70616347,2171,3724.186889410019,0.424744,16.31207394893143,0.0,0.0
25135,289710,0.29592004,10,0.0,27515,387850,0.4006839,0.69660395,2171,3724.186889410019,0.4006839,141.93345786296325,0.0,0.0
25140,289760,0.011476874,10,0.0,27519,387890,0.7605158,0.7719927,2172,3726.029121398926,0.7605158,23.19968759575953,0.0,0.0
25148,289840,0.33574262,10,0.0,27529,387990,0.32171056,0.6574532,2173,3727.839748620987,0.32171056,15.53430966961059,0.0,0.0
25151,289870,0.36078689,10,0.0,27541,388110,0.27925953,0.6400464,2174,3729.594489336014,0.27925953,47.56061441047936,0.0,0.0
25153,289890,0.33171198,10,0.0,27543,388130,0.3281463,0.6598583,2174,3729.594489336014,0.3281463,19.840239465780904,0.0,0.0
25160,289960,0.31748363,10,0.0,27554,388240,0.33878824,0.6562719,2175,3731.7798640727997,0.33878824,22.454709713340417,0.0,0.0
25160,289960,0.30656528,10,0.0,27562,388320,0.3898664,0.6964317,2175,3731.7798640727997,0.3898664,105.19659603070896,0.0,0.0
25166,290020,0.2932334,10,0.0,27567,388370,0.40428525,0.69751865,2176,3733.5648658275604,0.40428525,27.215858544894154,0.0,0.0
25166,290020,0.32019293,10,0.0,27578,388480,0.3699172,0.69011015,2177,3735.378059864044,0.3699172,118.80736699581344,0.0,0.0
25175,290110,0.29421958,10,0.0,27580,388500,0.4190171,0.7132367,2177,3735.378059864044,0.4190171,11.545793757079682,0.0,0.0
25175,290110,0.28404093,10,0.0,27589,388590,0.43766487,0.7217058,2177,3735.378059864044,0.43766487,102.24299110984353,0.0,0.0
25181,290170,0.27029797,10,0.0,27596,388660,0.4471704,0.7174684,2178,3737.910299539566,0.4471704,109.09455997294943,0.0,0.0
25181,290170,0.26898426,10,0.0,27607,388770,0.49721456,0.7661988,2178,3737.910299539566,0.49721456,105.13515681398893,0.0,0.0
25185,290210,0.29289922,10,0.0,27610,388800,0.40080968,0.6937089,2179,3739.931163787842,0.40080968,18.826604903360174,0.0,0.0
25185,290210,0.27354953,10,0.0,27619,388890,0.43669006,0.7102396,2179,3739.931163787842,0.43669006,100.9529907021188,0.0,0.0
25192,290280,0.28159812,10,0.0,27622,388920,0.41871658,0.7003147,2180,3742.072283267975,0.41871658,16.86432360428083,0.0,0.0
25192,290280,0.29584652,10,0.0,27631,389010,0.41226053,0.70810705,2180,3742.072283267975,0.41226053,90.16576485939761,0.0,0.0
25200,290360,0.2786561,10,0.0,27636,389060,0.45545933,0.7341154,2181,3744.245606660843,0.45545933,76.76041104288865,0.0,0.0
25200,290360,0.29092956,10,0.0,27646,389160,0.43028945,0.721219,2181,3744.245606660843,0.43028945,95.82184003892908,0.0,0.0
25204,290400,0.2969256,10,0.0,27650,389200,0.37237537,0.669301,2182,3746.5358645915985,0.37237537,17.845649300117472,0.0,0.0
25204,290400,0.21588022,10,0.0,27657,389270,0.5308259,0.7467061,2182,3746.5358645915985,0.5308259,95.28069876534796,0.0,0.0
25211,290470,0.30286226,10,0.0,27662,389320,0.36084703,0.6637093,2183,3749.1912660598755,0.36084703,18.359142531732225,0.0,0.0
25211,290470,0.3021682,10,0.0,27667,389370,0.38665992,0.6888281,2183,3749.1912660598755,0.38665992,94.33118326001494,0.0,0.0
25217,290530,0.2399722,10,0.0,27676,389460,0.48108873,0.72106093,2184,3751.6507065296173,0.48108873,17.410245564631786,0.0,0.0
25217,290530,0.18099093,10,0.0,27682,389520,0.5574752,0.73846614,2184,3751.6507065296173,0.5574752,84.76903426086113,0.0,0.0
25217,290530,0.017786443,10,0.0,27688,389580,0.71984375,0.7376302,2184,3751.6507065296173,0.71984375,27.360407780125417,0.0,0.0
25224,290600,0.037724793,10,0.0,27691,389610,0.7144575,0.7521823,2185,3753.844316959381,0.7144575,84.36900820295371,0.0,0.0
25224,290600,0.26538554,10,0.0,27700,389700,0.40830097,0.6736865,2185,3753.844316959381,0.40830097,99.42289595012622,0.0,0.0
25230,290660,0.16544026,10,0.0,27703,389730,0.49521035,0.6606506,2186,3756.460714817047,0.49521035,22.289971833979912,0.0,0.0
25230,290660,0.223113,10,0.0,27713,389830,0.49938464,0.72249764,2187,3758.457508325577,0.49938464,116.94145265664251,0.0,0.0
25238,290740,0.013122678,10,0.0,27717,389870,0.76331025,0.77643293,2187,3758.457508325577,0.76331025,80.45916331604309,0.0,0.0
25238,290740,0.2728052,10,0.0,27727,389970,0.40695345,0.67975867,2188,3760.5196871757507,0.40695345,97.23532302784707,0.0,0.0
25244,290800,0.08093196,10,0.0,27731,390010,0.6290614,0.70999336,2188,3760.5196871757507,0.6290614,99.19622353244456,0.0,0.0
25249,290850,0.25044593,10,0.0,27741,390110,0.4279391,0.678385,2189,3762.5371799468994,0.4279391,17.18481929181879,0.0,0.0
25249,290850,0.21740487,10,0.0,27749,390190,0.46817675,0.6855816,2189,3762.5371799468994,0.46817675,123.20244389613441,0.0,0.0
25256,290920,0.29116142,10,0.0,27754,390240,0.36180627,0.6529677,2190,3764.413593530655,0.36180627,33.8357287142387,0.0,0.0
25256,290920,0.23444355,10,0.0,27764,390340,0.44715238,0.6815959,2191,3766.418565750122,0.44715238,71.56477302780313,0.0,0.0
25263,290990,0.22952265,10,0.0,27769,390390,0.45679408,0.6863167,2191,3766.418565750122,0.45679408,42.58116128298684,0.0,0.0
25263,290990,0.2331799,10,0.0,27780,390500,0.4560844,0.6892643,2192,3768.676248550415,0.4560844,76.12429466714823,0.0,0.0
25269,291050,0.0066990852,10,0.0,27783,390530,0.74311286,0.74981195,2192,3768.676248550415,0.74311286,32.51320317108659,0.0,0.0
25269,291050,0.016910613,10,0.0,27794,390640,0.7570135,0.7739241,2193,3771.0176367759705,0.7570135,114.90897534594848,0.0,0.0
25275,291110,0.006938696,10,0.0,27799,390690,0.7314304,0.7383691,2193,3771.0176367759705,0.7314304,115.22306711792888,0.0,0.0
25281,291170,0.028666794,10,0.0,27808,390780,0.6913137,0.7199805,2194,3772.770727157593,0.6913137,23.544775616700424,0.0,0.0
25281,291170,0.1826526,10,0.0,27813,390830,0.5268858,0.7095384,2194,3772.770727157593,0.5268858,122.56091075383816,0.0,0.0
25288,291240,0.01893121,10,0.0,27820,390900,0.7739401,0.7928713,2195,3774.7552280426025,0.7739401,16.94543673960137,0.0,0.0
25288,291240,0.28204972,10,0.0,27829,390990,0.39474112,0.67679083,2195,3774.7552280426025,0.39474112,123.28102450451615,0.0,0.0
25295,291310,0.29769388,10,0.0,27834,391040,0.36684862,0.6645425,2196,3776.6184918880463,0.36684862,25.180564702576888,0.0,0.0
25295,291310,0.19104248,10,0.0,27844,391140,0.49265653,0.683699,2196,3776.6184918880463,0.49265653,112.25071255569978,0.0,0.0
25301,291370,0.1801101,10,0.0,27848,391180,0.50793487,0.68804497,2197,3778.829648256302,0.50793487,28.66269582022398,0.0,0.0
25301,291370,0.27013028,10,0.0,27858,391280,0.41574156,0.68587184,2198,3780.7541949748993,0.41574156,98.42572493951504,0.0,0.0
25308,291440,0.23100114,10,0.0,27863,391330,0.46470207,0.6957032,2198,3780.7541949748993,0.46470207,116.03399433427762,0.0,0.0
25313,291490,0.31202602,10,0.0,27871,391410,0.35568285,0.6677089,2199,3782.5820710659027,0.35568285,20.653517786639117,0.0,0.0
25313,291490,0.012808025,10,0.0,27877,391470,0.75573444,0.76854247,2199,3782.5820710659027,0.75573444,126.38699218349797,0.0,0.0
25320,291560,0.013676226,10,0.0,27884,391540,0.7383381,0.75201434,2200,3784.591312646866,0.7383381,22.84729428439606,0.0,0.0
25320,291560,0.32206452,10,0.0,27889,391590,0.33110088,0.6531654,2200,3784.591312646866,0.33110088,127.8380956735092,0.0,0.0
25328,291640,0.21930268,10,0.0,27898,391680,0.4877548,0.7070575,2201,3786.8370776176453,0.4877548,17.319482055360517,0.0,0.0
25328,291640,0.0065327883,10,0.0,27907,391770,0.7442184,0.7507512,2201,3786.8370776176453,0.7442184,106.7274651901311,0.0,0.0
25332,291680,0.29554662,10,0.0,27914,391840,0.38881811,0.68436474,2202,3789.1870481967926,0.38881811,14.478869252583413,0.0,0.0
25332,291680,0.3250499,10,0.0,27922,391920,0.3297538,0.6548037,2202,3789.1870481967926,0.3297538,119.38359946489057,0.0,0.0
25340,291760,0.30722785,10,0.0,27928,391980,0.36410737,0.6713352,2203,3791.401096343994,0.36410737,14.187603760897009,0.0,0.0
25340,291760,0.019147635,10,0.0,27937,392070,0.7494037,0.76855135,2203,3791.401096343994,0.7494037,96.19875047017918,0.0,0.0
25345,291810,0.12791842,10,0.0,27942,392120,0.58205515,0.7099736,2204,3793.8576312065125,0.58205515,21.161614785619218,0.0,0.0
25345,291810,0.00071674585,10,0.0,27952,392220,0.75419384,0.7549106,2205,3795.84379529953,0.75289226,116.83428227612563,0.0,0.0
25353,291890,0.07969779,10,0.0,27955,392250,0.656165,0.7358628,2205,3795.84379529953,0.656165,58.90586839130099,0.0,0.0
25353,291890,0.12086928,10,0.0,27965,392350,0.58256227,0.70343155,2205,3795.84379529953,0.58256227,87.25626601870653,0.0,0.0
25358,291940,0.27783254,10,0.0,27969,392390,0.4262263,0.7040588,2206,3798.186327934265,0.4262263,21.482788892861205,0.0,0.0
25359,291950,0.302569,10,0.0,27977,392470,0.37287572,0.6754447,2206,3798.186327934265,0.37287572,87.84637005481099,0.0,0.0
25365,292010,0.005256474,10,0.0,27983,392530,0.7415163,0.74677277,2207,3800.979181289673,0.7414383,17.193441714398855,0.0,0.0
25365,292010,0.17679739,10,0.0,27990,392600,0.5400374,0.7168348,2207,3800.979181289673,0.5400374,98.74666277421754,0.0,0.0
25373,292090,0.1369397,10,0.0,27996,392660,0.61636573,0.75330544,2208,3803.3814022541046,0.61636573,19.950816287895005,0.0,0.0
25373,292090,0.26747447,10,0.0,28003,392730,0.45450282,0.7219773,2208,3803.3814022541046,0.45450282,102.13991228390597,0.0,0.0
25377,292130,0.236514,10,0.0,28011,392810,0.46314254,0.69965655,2209,3805.818701028824,0.46314254,19.318405412077688,0.0,0.0
25377,292130,0.2382986,10,0.0,28016,392860,0.5129967,0.75129527,2209,3805.818701028824,0.5129967,111.27304755689265,0.0,0.0
25377,292130,0.2747019,10,0.0,28025,392950,0.4203068,0.6950087,2210,3808.2728650569916,0.4203068,27.502947467538515,0.0,0.0
25384,292200,0.2909135,10,0.0,28031,393010,0.3958598,0.6867733,2210,3808.2728650569916,0.3958598,80.34865032096901,0.0,0.0
25384,292200,0.26515752,10,0.0,28040,393100,0.4352634,0.7004209,2210,3808.2728650569916,0.4352634,20.69179792968752,0.0,0.0
25390,292260,0.24285582,10,0.0,28047,393170,0.47101226,0.7138681,2211,3810.5698494911194,0.47101226,130.74962046703595,0.0,0.0
25390,292260,0.26213747,10,0.0,28054,393240,0.44375318,0.70589066,2212,3812.5824403762817,0.44375318,17.820673457066295,0.0,0.0
25397,292330,0.3157726,10,0.0,28061,393310,0.3401283,0.6559009,2212,3812.5824403762817,0.3401283,108.42645682644235,0.0,0.0
25404,292400,0.2815755,10,0.0,28067,393370,0.40867764,0.69025314,2213,3814.747516155243,0.40867764,38.008891659855045,0.0,0.0
25404,292400,0.28212774,10,0.0,28078,393480,0.40685654,0.6889843,2213,3814.747516155243,0.40685654,109.00156707632415,0.0,0.0
25410,292460,0.27510032,10,0.0,28080,393500,0.41786394,0.69296426,2214,3816.5439162254333,0.41786394,14.50625082789273,0.0,0.0
25410,292460,0.26414075,10,0.0,28091,393610,0.44808128,0.71222204,2215,3818.7164890766144,0.44808128,82.77539968699983,0.0,0.0
25417,292530,0.268402,10,0.0,28094,393640,0.4669473,0.7353493,2215,3818.7164890766144,0.4669473,57.329074285932975,0.0,0.0
25420,292560,0.30541313,10,0.0,28105,393750,0.3543046,0.65971774,2216,3821.0202486515045,0.3543046,33.113780302755174,0.0,0.0
25422,292580,0.29372752,10,0.0,28112,393820,0.39657247,0.6903,2216,3821.0202486515045,0.39657247,141.39421991039615,0.0,0.0
25428,292640,0.28110003,10,0.0,28119,393890,0.40840328,0.6895033,2217,3822.7201833724976,0.40840328,19.007244797291143,0.0,0.0
25430,292660,0.2663657,10,0.0,28129,393990,0.43330783,0.69967353,2218,3824.424775838852,0.43330783,96.21706685385655,0.0,0.0
25437,292730,0.25397015,10,0.0,28136,394060,0.46552455,0.7194947,2218,3824.424775838852,0.46552455,134.80093074678288,0.0,0.0
25441,292770,0.28893122,10,0.0,28144,394140,0.39663813,0.68556935,2219,3826.162933588028,0.39663813,23.397945436643525,0.0,0.0
25446,292820,0.0092865825,10,0.0,28155,394250,0.707047,0.71633357,2220,3827.945479154587,0.707047,65.90206537878372,0.0,0.0
25448,292840,0.27728397,10,0.0,28160,394300,0.41956598,0.69684994,2220,3827.945479154587,0.41956598,109.57679878152325,0.0,0.0
25454,292900,0.2664227,10,0.0,28168,394380,0.4397456,0.7061683,2221,3829.793612718582,0.4397456,19.077852373414842,0.0,0.0
25454,292900,0.021023512,10,0.0,28178,394480,0.7379654,0.7589889,2221,3829.793612718582,0.7379654,118.43264596175078,0.0,0.0
25460,292960,0.109556556,10,0.0,28181,394510,0.6257919,0.73534846,2222,3831.512144088745,0.6257919,24.374930625978863,0.0,0.0
25460,292960,0.23670557,10,0.0,28190,394600,0.46998146,0.70668703,2222,3831.512144088745,0.46998146,100.81395237042236,0.0,0.0
25468,293040,0.22656459,10,0.0,28195,394650,0.4786895,0.7052541,2223,3833.8179507255554,0.4786895,15.842639674437333,0.0,0.0
25468,293040,0.25848547,10,0.0,28203,394730,0.43824103,0.6967265,2223,3833.8179507255554,0.43824103,103.74365253094894,0.0,0.0
25474,293100,0.24466977,10,0.0,28213,394830,0.4765593,0.7212291,2224,3836.5802211761475,0.4765593,15.92255683910424,0.0,0.0
25474,293100,0.19186425,10,0.0,28221,394910,0.535052,0.72691625,2224,3836.5802211761475,0.535052,133.39176618378997,0.0,0.0
25481,293170,0.23089927,10,0.0,28227,394970,0.50853515,0.7394344,2225,3838.5751659870148,0.50853515,39.9342285035842,0.0,0.0
25483,293190,0.282296,10,0.0,28238,395080,0.41051906,0.69281507,2226,3840.4274299144745,0.41051906,48.46642724091869,0.0,0.0
25486,293220,0.24640924,10,0.0,28244,395140,0.46287578,0.709285,2226,3840.4274299144745,0.46287578,122.40996486148889,0.0,0.0
25492,293280,-0.000271976,10,0.0,28253,395230,0.77063394,0.77036196,2227,3842.2477312088013,0.769517,25.683112709708787,0.0,0.0
25492,293280,0.33868936,10,0.0,28261,395310,0.30975857,0.64844793,2228,3844.0284888744354,0.30975857,129.15326678039378,0.0,0.0
25501,293370,0.26906183,10,0.0,28267,395370,0.43374452,0.70280635,2228,3844.0284888744354,0.43374452,142.49134548419426,0.0,0.0
25506,293420,0.13469654,10,0.0,28277,395470,0.57269675,0.7073933,2229,3845.6963489055634,0.57269675,17.50585155579596,0.0,0.0
25506,293420,0.3402994,10,0.0,28288,395580,0.29999337,0.64029276,2230,3847.410761117935,0.29999337,120.3589271212656,0.0,0.0
25512,293480,0.027155757,10,0.0,28293,395630,0.70711946,0.7342752,2230,3847.410761117935,0.70711946,109.81204493746613,0.0,0.0
25518,293540,0.31810716,10,0.0,28303,395730,0.34785864,0.6659658,2231,3849.072840690613,0.34785864,19.305165667648424,0.0,0.0
25518,293540,0.25791854,10,0.0,28314,395840,0.4440245,0.70194304,2232,3850.7051961421967,0.4440245,110.63670846676128,0.0,0.0
25524,293600,0.32805842,10,0.0,28317,395870,0.32184088,0.6498993,2232,3850.7051961421967,0.32184088,23.243811797513082,0.0,0.0
25530,293660,0.304808,10,0.0,28328,395980,0.3690218,0.6738298,2233,3852.704578399658,0.3690218,38.21751974064267,0.0,0.0
25532,293680,0.27751237,10,0.0,28335,396050,0.40793794,0.6854503,2233,3852.704578399658,0.40793794,146.3673925181463,0.0,0.0
25538,293740,0.24752066,10,0.0,28342,396120,0.44361457,0.6911352,2234,3854.5226883888245,0.44361457,14.713082363786691,0.0,0.0
25538,293740,0.2637862,10,0.0,28351,396210,0.43509436,0.69888055,2235,3856.5483074188232,0.43509436,89.94938837133495,0.0,0.0
25545,293810,0.278985,10,0.0,28355,396250,0.41568425,0.69466925,2235,3856.5483074188232,0.41568425,40.565869303031384,0.0,0.0
25550,293860,0.23461443,10,0.0,28366,396360,0.47544986,0.7100643,2236,3858.421541929245,0.47544986,23.853676208393452,0.0,0.0
25550,293860,0.17658389,10,0.0,28376,396460,0.5386534,0.71523726,2236,3858.421541929245,0.5386534,131.08920545821638,0.0,0.0
25556,293920,0.31043345,10,0.0,28379,396490,0.34522867,0.6556621,2237,3860.083027124405,0.34522867,18.33994832479732,0.0,0.0
25560,293960,0.014709294,10,0.0,28389,396590,0.74227726,0.75698656,2238,3861.872082710266,0.74227726,61.38844329957262,0.0,0.0
25564,294000,0.25254232,10,0.0,28399,396690,0.44867367,0.701216,2238,3861.872082710266,0.44867367,151.82066623954364,0.0,0.0
25568,294040,0.25100908,10,0.0,28405,396750,0.46234885,0.7133579,2239,3863.577743768692,0.46234885,17.99215420483574,0.0,0.0
25568,294040,0.28759328,10,0.0,28410,396800,0.39821437,0.68580765,2239,3863.577743768692,0.39821437,124.60240928063217,0.0,0.0
25576,294120,0.30180347,10,0.0,28417,396870,0.3653171,0.6671206,2240,3865.715750694275,0.3653171,18.503675541228574,0.0,0.0
25576,294120,0.31323847,10,0.0,28428,396980,0.36734375,0.6805822,2241,3867.5338022708893,0.36734375,122.24549336209033,0.0,0.0
25582,294180,0.28833833,10,0.0,28432,397020,0.40190867,0.690247,2241,3867.5338022708893,0.40190867,119.21156671981628,0.0,0.0
25588,294240,0.10766673,10,0.0,28442,397120,0.6196911,0.7273578,2242,3869.320115327835,0.6196911,18.44787796605995,0.0,0.0
25588,294240,0.32580933,10,0.0,28449,397190,0.3285683,0.65437764,2242,3869.320115327835,0.3285683,99.73614876111667,0.0,0.0
25596,294320,0.33384517,10,0.0,28454,397240,0.31916925,0.6530144,2243,3871.1382813453674,0.31916925,18.1198380133042,0.0,0.0
25596,294320,0.014482379,10,0.0,28464,397340,0.7226019,0.73708427,2243,3871.1382813453674,0.7226019,113.98370537048814,0.0,0.0
25601,294370,0.22254607,10,0.0,28468,397380,0.48850468,0.71105075,2244,3873.0671467781067,0.48850468,38.81993722991603,0.0,0.0
25609,294450,0.26625264,10,0.0,28478,397480,0.42278808,0.6890407,2245,3874.7925667762756,0.42278808,23.889095196327474,0.0,0.0
25609,294450,0.24033937,10,0.0,28489,397590,0.46563628,0.70597565,2245,3874.7925667762756,0.46563628,132.69082810285482,0.0,0.0
25614,294500,0.31908926,10,0.0,28493,397630,0.34938142,0.6684707,2246,3876.4520905017853,0.34938142,33.224025709127865,0.0,0.0
25614,294500,0.27362955,10,0.0,28502,397720,0.42155868,0.6951882,2246,3876.4520905017853,0.42155868,98.60366269365494,0.0,0.0
25620,294560,0.008401871,10,0.0,28508,397780,0.7207662,0.72916806,2247,3878.9562742710114,0.7207662,12.463365887084265,0.0,0.0
25621,294570,0.005485475,10,0.0,28514,397840,0.70347154,0.708957,2247,3878.9562742710114,0.70343935,100.21944412585542,0.0,0.0
25628,294640,0.19339728,10,0.0,28521,397910,0.5489427,0.74233997,2248,3881.750941514969,0.5489427,18.5516682243218,0.0,0.0
25628,294640,0.2887703,10,0.0,28530,398000,0.40141883,0.6901891,2248,3881.750941514969,0.40141883,135.94961736554313,0.0,0.0
25633,294690,0.2799107,10,0.0,28535,398050,0.40815827,0.688069,2249,3883.8767352104187,0.40815827,15.446562597132466,0.0,0.0
25633,294690,0.33673054,10,0.0,28540,398100,0.3286456,0.6653761,2249,3883.8767352104187,0.3286456,93.58170625863181,0.0,0.0
25633,294690,0.2513664,10,0.0,28549,398190,0.44940743,0.70077384,2250,3886.566554069519,0.44940743,84.9940626000543,0.0,0.0
25640,294760,0.29546657,10,0.0,28552,398220,0.37365672,0.6691233,2250,3886.566554069519,0.37365672,49.70520338075171,0.0,0.0
25647,294830,0.2990995,10,0.0,28563,398330,0.38793945,0.68703896,2251,3888.6242060661316,0.38793945,26.566791890178283,0.0,0.0
25647,294830,0.299031,10,0.0,28571,398410,0.38810417,0.68713516,2251,3888.6242060661316,0.38810417,123.3843818578682,0.0,0.0
25653,294890,0.33996215,10,0.0,28577,398470,0.30237356,0.6423357,2252,3890.402838945389,0.30237356,26.206898275368676,0.0,0.0
25661,294970,-0.0004643798,10,0.0,28587,398570,0.7596892,0.75922483,2253,3892.215379714966,0.75779915,23.20194629974034,0.0,0.0
25661,294970,0.040540993,10,0.0,28597,398670,0.681315,0.721856,2253,3892.215379714966,0.681315,107.60502530869424,0.0,0.0
25666,295020,0.1594373,10,0.0,28602,398720,0.5732686,0.7327059,2254,3893.951887369156,0.5732686,28.53918409977784,0.0,0.0
25667,295030,0.01501745,10,0.0,28613,398830,0.7831531,0.79817057,2255,3895.8683681488037,0.7831531,66.68591525111135,0.0,0.0
25673,295090,0.0153826475,10,0.0,28617,398870,0.7242633,0.73964596,2255,3895.8683681488037,0.7242633,104.88854211992538,0.0,0.0
25679,295150,0.2989763,10,0.0,28626,398960,0.3949604,0.6939367,2256,3897.88671875,0.3949604,21.55181335036526,0.0,0.0
25679,295150,0.31282854,10,0.0,28634,399040,0.37924314,0.6920717,2256,3897.88671875,0.37924314,121.66501325629021,0.0,0.0
25685,295210,0.25376388,10,0.0,28640,399100,0.452823,0.7065869,2257,3899.956873655319,0.452823,20.435835445467948,0.0,0.0
25686,295220,0.14365959,10,0.0,28651,399210,0.57750916,0.72116876,2258,3901.773537874222,0.57750916,49.28821645759276,0.0,0.0
25692,295280,0.26628038,10,0.0,28657,399270,0.43398216,0.70026255,2258,3901.773537874222,0.43398216,106.05174262192286,0.0,0.0
25697,295330,0.089781284,10,0.0,28665,399350,0.62103456,0.71081585,2259,3903.689178466797,0.62103456,11.615320921293488,0.0,0.0
25697,295330,0.28392422,10,0.0,28673,399430,0.39098054,0.67490476,2259,3903.689178466797,0.39098054,96.47068023690414,0.0,0.0
25704,295400,0.2599275,10,0.0,28680,399500,0.4462049,0.7061324,2260,3906.1913080215454,0.4462049,17.890292767027603,0.0,0.0
25704,295400,0.29480326,10,0.0,28690,399600,0.3891958,0.68399906,2261,3907.967766523361,0.3891958,108.02071663486029,0.0,0.0
25710,295460,0.30084524,10,0.0,28693,399630,0.38192233,0.68276757,2261,3907.967766523361,0.38192233,67.76449908151346,0.0,0.0
25715,295510,0.25360787,10,0.0,28704,399740,0.44456077,0.69816864,2262,3909.7572071552277,0.44456077,29.588757369316976,0.0,0.0
25720,295560,0.020350575,10,0.0,28706,399760,0.70804787,0.72839844,2262,3909.7572071552277,0.70804787,15.475651782485814,0.0,0.0
25720,295560,0.28797644,10,0.0,28714,399840,0.3842824,0.67225885,2262,3909.7572071552277,0.3842824,80.32972252439977,0.0,0.0
25724,295600,0.302454,10,0.0,28722,399920,0.35817468,0.6606287,2263,3913.3978567123413,0.35817468,17.39592647954198,0.0,0.0
25724,295600,0.32239625,10,0.0,28730,400000,0.34547284,0.6678691,2263,3913.3978567123413,0.34547284,96.33065155130717,0.0,0.0
25729,295650,0.26887646,10,0.0,28737,400070,0.4324042,0.70128065,2264,3915.735401391983,0.4324042,14.556171331140696,0.0,0.0
25729,295650,0.16480613,10,0.0,28745,400150,0.55054176,0.7153479,2264,3915.735401391983,0.55054176,107.6840367547195,0.0,0.0
25737,295730,0.30564207,10,0.0,28750,400200,0.3574983,0.66314036,2265,3917.956416130066,0.3574983,39.45682594065348,0.0,0.0
25742,295780,0.19152683,10,0.0,28762,400320,0.5442296,0.73575646,2266,3919.6836659908295,0.5442296,15.38572488693559,0.0,0.0
25742,295780,0.3265224,10,0.0,28772,400420,0.34309435,0.66961676,2266,3919.6836659908295,0.34309435,83.3044483416784,0.0,0.0
25749,295850,0.257146,10,0.0,28776,400460,0.4595939,0.7167399,2267,3921.5249767303467,0.4595939,19.702640404020475,0.0,0.0
25755,295910,-0.0020014644,10,0.0,28788,400580,0.77015364,0.7681522,2268,3923.5101923942566,0.76748735,19.254075701501744,0.0,0.0
25755,295910,0.2597616,10,0.0,28794,400640,0.45246223,0.7122238,2268,3923.5101923942566,0.45246223,99.00679353599064,0.0,0.0
25762,295980,0.2694033,10,0.0,28801,400710,0.41551986,0.6849232,2269,3925.5600883960724,0.41551986,13.752298851140024,0.0,0.0
25763,295990,0.3142887,10,0.0,28813,400830,0.36493495,0.67922366,2270,3927.4678740501404,0.36493495,60.1507244381535,0.0,0.0
25768,296040,0.20285845,10,0.0,28818,400880,0.5304192,0.7332776,2270,3927.4678740501404,0.5304192,139.2868789580476,0.0,0.0
25774,296100,0.2858743,10,0.0,28827,400970,0.41079134,0.69666564,2271,3929.3795189857483,0.41079134,18.118820435373117,0.0,0.0
25774,296100,0.25327897,10,0.0,28834,401040,0.47032714,0.7236061,2271,3929.3795189857483,0.47032714,132.150263556708,0.0,0.0
25781,296170,0.30311203,10,0.0,28840,401100,0.37873012,0.68184215,2272,3931.3167259693146,0.37873012,23.044955284269193,0.0,0.0
25788,296240,0.27308592,10,0.0,28851,401210,0.42986944,0.70295537,2273,3933.090102672577,0.42986944,18.029269433361446,0.0,0.0
25788,296240,0.33737186,10,0.0,28862,401320,0.30711845,0.6444903,2274,3934.8099296092987,0.30711845,117.73451863994768,0.0,0.0
25794,296300,0.28142655,10,0.0,28866,401360,0.39986134,0.6812879,2274,3934.8099296092987,0.39986134,62.212861139210844,0.0,0.0
25801,296370,0.26041192,10,0.0,28876,401460,0.46346533,0.72387725,2275,3936.519581079483,0.46346533,28.145063395616155,0.0,0.0
25801,296370,0.31157884,10,0.0,28884,401540,0.34443268,0.6560115,2275,3936.519581079483,0.34443268,95.40727126320171,0.0,0.0
25806,296420,0.21119857,10,0.0,28890,401600,0.4994017,0.71060026,2276,3938.564046859741,0.4994017,15.253678583118159,0.0,0.0
25806,296420,0.31478912,10,0.0,28895,401650,0.34550261,0.66029173,2276,3938.564046859741,0.34550261,100.54376956673906,0.0,0.0
25806,296420,0.27285826,10,0.0,28904,401740,0.4268785,0.6997368,2277,3941.3142466545105,0.4268785,51.11676054861834,0.0,0.0
25812,296480,0.2927225,10,0.0,28906,401760,0.3915734,0.6842959,2277,3941.3142466545105,0.3915734,20.74613400022159,0.0,0.0
25812,296480,0.020891786,10,0.0,28917,401870,0.71930695,0.74019873,2278,3943.6968767642975,0.71930695,115.75475238999404,0.0,0.0
25820,296560,0.29415172,10,0.0,28921,401910,0.3827024,0.67685413,2278,3943.6968767642975,0.3827024,122.20738202626947,0.0,0.0
25826,296620,0.0070564747,10,0.0,28931,402010,0.73393226,0.74098873,2279,3945.542568922043,0.73393226,19.60360953225364,0.0,0.0
25826,296620,0.2054376,10,0.0,28942,402120,0.5078855,0.7133231,2280,3947.443287372589,0.5078855,110.85455424845584,0.0,0.0
25832,296680,0.31759197,10,0.0,28945,402150,0.34120804,0.6588,2280,3947.443287372589,0.34120804,42.43893900224119,0.0,0.0
25832,296680,0.0037872791,10,0.0,28955,402250,0.7557499,0.75953716,2281,3949.532922267914,0.7553937,100.21872573264997,0.0,0.0
25838,296740,0.12114704,10,0.0,28958,402280,0.62347937,0.7446264,2281,3949.532922267914,0.62347937,24.918157449478148,0.0,0.0
25838,296740,0.27758044,10,0.0,28967,402370,0.41411698,0.6916974,2281,3949.532922267914,0.41411698,88.44861326675215,0.0,0.0
25845,296810,0.29811952,10,0.0,28970,402400,0.38470992,0.68282944,2282,3952.0578594207764,0.38470992,12.174231568217051,0.0,0.0
25845,296810,0.2613912,10,0.0,28979,402490,0.42144045,0.68283165,2282,3952.0578594207764,0.42144045,80.22769701606732,0.0,0.0
25851,296870,0.30494726,10,0.0,28984,402540,0.35283822,0.6577855,2283,3954.6830627918243,0.35283822,17.45861891271573,0.0,0.0
25853,296890,0.33936024,10,0.0,28990,402600,0.31784403,0.6572043,2283,3954.6830627918243,0.31784403,106.50577689748863,0.0,0.0
25859,296950,0.00044053793,10,0.0,28996,402660,0.7602141,0.7606546,2284,3957.0889480113983,0.7587705,17.03341214539648,0.0,0.0
25859,296950,0.0064873695,10,0.0,29005,402750,0.7402635,0.7467509,2284,3957.0889480113983,0.7402635,102.4883261209001,0.0,0.0
25865,297010,0.2999054,10,0.0,29010,402800,0.37872866,0.67863405,2285,3959.0554683208466,0.37872866,42.73796617077644,0.0,0.0
25866,297020,0.3139411,10,0.0,29021,402910,0.34425542,0.6581965,2286,3960.971950531006,0.34425542,46.74949592448397,0.0,0.0
25870,297060,0.26154485,10,0.0,29025,402950,0.44304666,0.7045915,2286,3960.971950531006,0.44304666,111.46644555707923,0.0,0.0
25876,297120,0.086952746,10,0.0,29035,403050,0.61328703,0.7002398,2287,3963.0226550102234,0.61328703,17.483464026024045,0.0,0.0
25876,297120,0.10793203,10,0.0,29042,403120,0.6364087,0.7443407,2287,3963.0226550102234,0.6364087,116.40594254503674,0.0,0.0
25883,297190,0.3188454,10,0.0,29047,403170,0.35663354,0.67547894,2288,3964.9837744235992,0.35663354,17.39637381989878,0.0,0.0
25883,297190,0.17155224,10,0.0,29055,403250,0.5347341,0.7062863,2288,3964.9837744235992,0.5347341,89.62245484479601,0.0,0.0
25890,297260,0.0134913325,10,0.0,29060,403300,0.70935374,0.7228451,2289,3967.0916380882263,0.70935374,31.256550433118512,0.0,0.0
25894,297300,0.31925127,10,0.0,29070,403400,0.34792057,0.66717184,2290,3969.035573720932,0.34792057,31.832352653224785,0.0,0.0
25896,297320,0.32526493,10,0.0,29075,403450,0.34379953,0.66906446,2290,3969.035573720932,0.34379953,105.71255025014807,0.0,0.0
25903,297390,0.012290835,10,0.0,29083,403530,0.70798534,0.7202762,2291,3970.9780974388123,0.70798534,16.007663581006685,0.0,0.0
25903,297390,0.014383197,10,0.0,29091,403610,0.7228384,0.7372216,2291,3970.9780974388123,0.7228384,92.80645039949906,0.0,0.0
25909,297450,0.31113446,10,0.0,29097,403670,0.35548574,0.6666202,2292,3973.250500679016,0.35548574,11.077989308428593,0.0,0.0
25909,297450,0.31234935,10,0.0,29106,403760,0.3571438,0.66949314,2292,3973.250500679016,0.3571438,89.33117227484064,0.0,0.0
25915,297510,0.20985639,10,0.0,29111,403810,0.5072587,0.7171151,2293,3976.0294206142426,0.5072587,15.513091412236257,0.0,0.0
25915,297510,0.34826925,10,0.0,29117,403870,0.2898145,0.63808376,2293,3976.0294206142426,0.2898145,106.94107958297532,0.0,0.0
25922,297580,0.28693438,10,0.0,29124,403940,0.38609475,0.6730291,2294,3978.3091475963593,0.38609475,20.61273473913069,0.0,0.0
25922,297580,0.23494157,10,0.0,29132,404020,0.47036228,0.70530385,2294,3978.3091475963593,0.47036228,108.73001964982865,0.0,0.0
25927,297630,0.0053036213,10,0.0,29138,404080,0.7122643,0.7175679,2295,3980.3361077308655,0.7121873,22.45895406903834,0.0,0.0
25927,297630,0.015224338,10,0.0,29147,404170,0.74045557,0.7556799,2295,3980.3361077308655,0.74045557,100.4881251003251,0.0,0.0
25935,297710,0.00511688,10,0.0,29151,404210,0.7104074,0.71552426,2296,3982.6124403476715,0.71030414,19.065061511503437,0.0,0.0
25935,297710,0.2630566,10,0.0,29161,404310,0.4455059,0.7085625,2296,3982.6124403476715,0.4455059,87.2722430295464,0.0,0.0
25940,297760,0.031564236,10,0.0,29165,404350,0.7016007,0.7331649,2297,3984.867507457733,0.7016007,23.205720343202888,0.0,0.0
25940,297760,0.23272288,10,0.0,29172,404420,0.45442498,0.68714786,2297,3984.867507457733,0.45442498,84.44578667407578,0.0,0.0
25947,297830,0.28452155,10,0.0,29177,404470,0.38657138,0.6710929,2298,3987.2327880859375,0.38657138,18.830408411563205,0.0,0.0
25947,297830,0.012996137,10,0.0,29185,404550,0.71860343,0.73159957,2298,3987.2327880859375,0.71860343,103.56766473571665,0.0,0.0
25954,297900,0.23073274,10,0.0,29190,404600,0.48497802,0.71571076,2299,3989.4300014972687,0.48497802,17.931441362793375,0.0,0.0
25954,297900,0.23085222,10,0.0,29198,404680,0.49231538,0.7231676,2299,3989.4300014972687,0.49231538,104.69636759390538,0.0,0.0
25960,297960,0.27320772,10,0.0,29202,404720,0.4245656,0.69777334,2300,3991.8892772197723,0.4245656,15.065611838974148,0.0,0.0
25960,297960,0.011561573,10,0.0,29211,404810,0.7411691,0.75273067,2300,3991.8892772197723,0.7411691,108.06301931029152,0.0,0.0
25967,298030,0.014601827,10,0.0,29215,404850,0.72557044,0.74017227,2301,3993.8886852264404,0.72557044,28.88770426203946,0.0,0.0
25971,298070,0.018189609,10,0.0,29225,404950,0.72775155,0.74594116,2302,3995.7403666973114,0.72775155,32.59922261852114,0.0,0.0
25973,298090,0.05111575,10,0.0,29229,404990,0.6874416,0.73855734,2302,3995.7403666973114,0.6874416,84.05924203859952,0.0,0.0
25973,298090,0.30365983,10,0.0,29238,405080,0.37686548,0.6805253,2303,3998.179437160492,0.37686548,85.69562889984921,0.0,0.0
25979,298150,0.32437474,10,0.0,29240,405100,0.33717096,0.6615457,2303,3998.179437160492,0.33717096,15.815441071390191,0.0,0.0
25979,298150,0.04518485,10,0.0,29248,405180,0.6654509,0.7106357,2303,3998.179437160492,0.6654509,111.30287100258202,0.0,0.0
25986,298220,0.24275884,10,0.0,29253,405230,0.468721,0.71147984,2304,4000.735221385956,0.468721,14.476810307128432,0.0,0.0
25986,298220,0.27488336,10,0.0,29261,405310,0.41790614,0.6927895,2304,4000.735221385956,0.41790614,97.22630715166575,0.0,0.0
25991,298270,0.010766745,10,0.0,29268,405380,0.72073185,0.7314986,2305,4003.366397857666,0.72073185,17.886394233783047,0.0,0.0
25991,298270,0.31271183,10,0.0,29273,405430,0.37390405,0.6866159,2305,4003.366397857666,0.37390405,108.89742211698484,0.0,0.0
25999,298350,0.22444215,10,0.0,29280,405500,0.4846777,0.70911986,2306,4005.511491537094,0.4846777,17.983861147556446,0.0,0.0
25999,298350,0.31614456,10,0.0,29290,405600,0.345948,0.66209257,2306,4005.511491537094,0.345948,120.07809950243059,0.0,0.0
26004,298400,0.2957043,10,0.0,29294,405640,0.41426516,0.70996946,2307,4007.3974964618683,0.41426516,31.8142679001071,0.0,0.0
26007,298430,0.30170462,10,0.0,29305,405750,0.37732312,0.67902774,2308,4009.3089876174927,0.37732312,49.23215610415708,0.0,0.0
26011,298470,0.15676308,10,0.0,29308,405780,0.5622997,0.7190628,2308,4009.3089876174927,0.5622997,66.25633054362902,0.0,0.0
26018,298540,0.010436296,10,0.0,29317,405870,0.73687905,0.74731535,2309,4011.381469964981,0.73687905,18.5352389277209,0.0,0.0
26018,298540,0.25590706,10,0.0,29326,405960,0.4553179,0.711225,2309,4011.381469964981,0.4553179,104.47756286507828,0.0,0.0
26023,298590,0.27552578,10,0.0,29330,406000,0.42767546,0.70320123,2310,4013.4498217105865,0.42767546,13.587620029045725,0.0,0.0
26025,298610,0.24532443,10,0.0,29337,406070,0.45181644,0.6971409,2310,4013.4498217105865,0.45181644,99.20138502910311,0.0,0.0
26031,298670,0.30761996,10,0.0,29342,406120,0.366936,0.67455596,2311,4015.635023832321,0.366936,14.36704628909033,0.0,0.0
26031,298670,0.204727,10,0.0,29352,406220,0.509302,0.714029,2311,4015.635023832321,0.509302,111.7313102037337,0.0,0.0
26037,298730,0.32430276,10,0.0,29355,406250,0.33713487,0.66143763,2312,4017.6228103637695,0.33713487,25.37431971019473,0.0,0.0
26044,298800,0.32630357,10,0.0,29367,406370,0.32306787,0.64937145,2313,4019.519068479538,0.32306787,17.48332555936126,0.0,0.0
26044,298800,0.27124563,10,0.0,29376,406460,0.4245995,0.6958451,2313,4019.519068479538,0.4245995,121.92602411599866,0.0,0.0
26050,298860,0.26439244,10,0.0,29381,406510,0.45141077,0.7158032,2314,4021.4193394184113,0.45141077,68.23146260799685,0.0,0.0
26050,298860,0.007561147,10,0.0,29391,406610,0.7112757,0.71883684,2315,4023.4156532287598,0.7112757,98.11857123139941,0.0,0.0
26055,298910,0.29121512,10,0.0,29393,406630,0.3904249,0.68164,2315,4023.4156532287598,0.3904249,17.819348523573876,0.0,0.0
26063,298990,0.0037995577,10,0.0,29403,406730,0.7361527,0.73995227,2316,4025.3468105793,0.7358092,23.065193768779668,0.0,0.0
26063,298990,0.01203084,10,0.0,29410,406800,0.75127226,0.7633031,2316,4025.3468105793,0.75127226,89.86998294436779,0.0,0.0
26068,299040,0.3055628,10,0.0,29417,406870,0.34195715,0.64751995,2317,4027.5467224121094,0.34195715,16.31312710948761,0.0,0.0
26068,299040,0.2676314,10,0.0,29424,406940,0.4262573,0.6938887,2317,4027.5467224121094,0.4262573,101.77138281610172,0.0,0.0
26075,299110,0.31917924,10,0.0,29430,407000,0.34197646,0.6611557,2318,4029.680290222168,0.34197646,10.788140798439459,0.0,0.0
26075,299110,0.22623798,10,0.0,29440,407100,0.48109826,0.70733625,2318,4029.680290222168,0.48109826,122.75029704940678,0.0,0.0
26082,299180,0.29570258,10,0.0,29446,407160,0.3952018,0.6909044,2319,4031.986433029175,0.3952018,102.16081001756142,0.0,0.0
26083,299190,0.20364857,10,0.0,29457,407270,0.5237399,0.72738844,2320,4034.098560333252,0.5237399,42.6841651596673,0.0,0.0
26087,299230,0.22305614,10,0.0,29459,407290,0.4988492,0.72190535,2320,4034.098560333252,0.4988492,21.006548419489498,0.0,0.0
26095,299310,0.26948604,10,0.0,29470,407400,0.4461039,0.71558994,2321,4036.354657649994,0.4461039,18.64084573707113,0.0,0.0
26095,299310,0.0022266507,10,0.0,29477,407470,0.7621161,0.7643427,2321,4036.354657649994,0.7613139,103.8317423852339,0.0,0.0
26101,299370,0.18823618,10,0.0,29484,407540,0.53591377,0.72414994,2322,4038.6232092380524,0.53591377,21.381902861623132,0.0,0.0
26101,299370,0.24776477,10,0.0,29487,407570,0.4567427,0.70450747,2322,4038.6232092380524,0.4567427,74.87515463972737,0.0,0.0
26101,299370,0.061493695,10,0.0,29497,407670,0.67511785,0.73661155,2323,4041.5303728580475,0.67511785,75.3022283822505,0.0,0.0
26108,299440,0.16733313,10,0.0,29500,407700,0.5651961,0.7325292,2323,4041.5303728580475,0.5651961,16.696239239687515,0.0,0.0
26108,299440,0.17045623,10,0.0,29508,407780,0.570188,0.7406442,2323,4041.5303728580475,0.570188,86.79708048531654,0.0,0.0
26114,299500,0.3094985,10,0.0,29516,407860,0.36459488,0.67409337,2324,4044.454715490341,0.36459488,21.61802876834616,0.0,0.0
26114,299500,0.28597894,10,0.0,29522,407920,0.40614453,0.6921235,2324,4044.454715490341,0.40614453,102.04473682930033,0.0,0.0
26119,299550,0.011872053,10,0.0,29530,408000,0.7180228,0.7298949,2325,4046.8919575214386,0.7180228,23.075637381143498,0.0,0.0
26119,299550,0.12537146,10,0.0,29537,408070,0.57002914,0.6954006,2325,4046.8919575214386,0.57002914,123.24661052309898,0.0,0.0
26126,299620,0.32724288,10,0.0,29544,408140,0.33002684,0.6572697,2326,4048.7785079479218,0.33002684,26.357587594607708,0.0,0.0
26133,299690,0.33582416,10,0.0,29554,408240,0.32043913,0.6562633,2327,4050.689385175705,0.32043913,18.517285299603767,0.0,0.0
26133,299690,0.020209372,10,0.0,29563,408330,0.7757301,0.79593945,2327,4050.689385175705,0.7757301,111.92630584568418,0.0,0.0
26139,299750,0.28738546,10,0.0,29568,408380,0.40187424,0.6892597,2328,4052.5479815006256,0.40187424,19.98855292698607,0.0,0.0
26140,299760,0.0081217885,10,0.0,29579,408490,0.7297696,0.7378914,2329,4054.547755718231,0.7297696,60.604410768134855,0.0,0.0
26146,299820,0.24911535,10,0.0,29585,408550,0.45956045,0.7086758,2329,4054.547755718231,0.45956045,119.02820542654358,0.0,0.0
26151,299870,0.31374076,10,0.0,29593,408630,0.35167632,0.6654171,2330,4056.374856710434,0.35167632,21.626645148150345,0.0,0.0
26151,299870,0.31362537,10,0.0,29601,408710,0.36246553,0.6760909,2330,4056.374856710434,0.36246553,155.41193776562437,0.0,0.0
26159,299950,0.32665536,10,0.0,29607,408770,0.3215722,0.6482276,2331,4058.1723759174347,0.3215722,28.882293558902802,0.0,0.0
26160,299960,0.15356606,10,0.0,29617,408870,0.5407912,0.6943573,2332,4060.1877744197845,0.5407912,59.941491969079635,0.0,0.0
26165,300010,0.015797913,10,0.0,29621,408910,0.7247647,0.7405626,2332,4060.1877744197845,0.7247647,99.08187008790102,0.0,0.0
26165,300010,0.30214882,10,0.0,29631,409010,0.36025155,0.66240036,2333,4062.356466770172,0.36025155,84.11622198334643,0.0,0.0
26172,300080,0.18021232,10,0.0,29634,409040,0.5542769,0.7344892,2333,4062.356466770172,0.5542769,21.54437413609161,0.0,0.0
26172,300080,0.27363008,10,0.0,29643,409130,0.41119975,0.68482983,2333,4062.356466770172,0.41119975,101.20217735397445,0.0,0.0
26178,300140,0.29292324,10,0.0,29648,409180,0.39761546,0.6905387,2334,4065.0441184043884,0.39761546,12.04609696261615,0.0,0.0
26178,300140,0.21820968,10,0.0,29656,409260,0.47425282,0.6924625,2334,4065.0441184043884,0.47425282,89.53636163749582,0.0,0.0
26183,300190,0.2851157,10,0.0,29665,409350,0.39954945,0.68466514,2335,4067.656713485718,0.39954945,17.702676523284254,0.0,0.0
26183,300190,0.2786205,10,0.0,29670,409400,0.41418448,0.692805,2335,4067.656713485718,0.41418448,90.62377653805102,0.0,0.0
26184,300200,0.27629974,10,0.0,29679,409490,0.4066532,0.68295294,2336,4070.514890909195,0.4066532,53.543919043989895,0.0,0.0
26190,300260,0.24360648,10,0.0,29681,409510,0.45995417,0.70356065,2336,4070.514890909195,0.45995417,31.35843820278482,0.0,0.0
26190,300260,0.3297561,10,0.0,29691,409610,0.3249931,0.6547492,2336,4070.514890909195,0.3249931,95.42615588327638,0.0,0.0
26197,300330,0.30161437,10,0.0,29695,409650,0.36342826,0.66504264,2337,4073.331422805786,0.36342826,15.028020533223168,0.0,0.0
26197,300330,0.28422615,10,0.0,29702,409720,0.4136686,0.69789475,2337,4073.331422805786,0.4136686,91.88403384171855,0.0,0.0
26201,300370,0.050252557,10,0.0,29711,409810,0.6835155,0.73376805,2338,4076.034163236618,0.6835155,30.31072382745964,0.0,0.0
26203,300390,0.22042161,10,0.0,29713,409830,0.48741305,0.70783466,2338,4076.034163236618,0.48741305,59.901856051734086,0.0,0.0
26203,300390,0.01354903,10,0.0,29724,409940,0.728434,0.74198306,2338,4076.034163236618,0.728434,135.54673664344162,0.0,0.0
26210,300460,0.28233755,10,0.0,29728,409980,0.4028386,0.68517613,2339,4078.6234011650085,0.4028386,45.829671086130375,0.0,0.0
26211,300470,0.2648292,10,0.0,29739,410090,0.4274263,0.6922555,2340,4080.6021213531494,0.4274263,52.58847174734287,0.0,0.0
26216,300520,0.29373056,10,0.0,29741,410110,0.39369577,0.6874263,2340,4080.6021213531494,0.39369577,57.5193328570116,0.0,0.0
26216,300520,0.23455545,10,0.0,29750,410200,0.47742835,0.7119838,2340,4080.6021213531494,0.47742835,97.33076835610176,0.0,0.0
26222,300580,0.310526,10,0.0,29755,410250,0.3632301,0.6737561,2341,4083.171181678772,0.3632301,14.084974530341785,0.0,0.0
26222,300580,0.10340738,10,0.0,29764,410340,0.61442375,0.71783113,2341,4083.171181678772,0.61442375,119.70113984668862,0.0,0.0
26228,300640,0.30959767,10,0.0,29769,410390,0.3468659,0.65646356,2342,4085.3128728866577,0.3468659,22.551415813343297,0.0,0.0
26230,300660,0.27051616,10,0.0,29779,410490,0.42251396,0.6930301,2343,4087.173552751541,0.42251396,78.44615306925915,0.0,0.0
26236,300720,0.29827353,10,0.0,29783,410530,0.3788059,0.67707944,2343,4087.173552751541,0.3788059,119.19361164000114,0.0,0.0
26242,300780,0.13050085,10,0.0,29792,410620,0.5906809,0.72118175,2344,4088.9739952087402,0.5906809,24.81949769309016,0.0,0.0
26242,300780,0.27964476,10,0.0,29801,410710,0.40370962,0.6833544,2344,4088.9739952087402,0.40370962,113.86735441835211,0.0,0.0
26248,300840,0.2883873,10,0.0,29807,410770,0.39271206,0.68109936,2345,4090.7856431007385,0.39271206,24.061759777321512,0.0,0.0
26248,300840,0.22975266,10,0.0,29818,410880,0.45913088,0.68888354,2345,4090.7856431007385,0.45913088,71.74963007313005,0.0,0.0
26254,300900,0.30825475,10,0.0,29820,410900,0.3571259,0.66538066,2346,4092.8370549678802,0.3571259,27.887882084165565,0.0,0.0
26254,300900,0.25715938,10,0.0,29831,411010,0.43569186,0.69285125,2346,4092.8370549678802,0.43569186,40.06602677752644,0.0,0.0
26262,300980,0.29956347,10,0.0,29839,411090,0.38796437,0.68752784,2347,4094.8862121105194,0.38796437,127.02659975589886,0.0,0.0
26267,301030,0.1993711,10,0.0,29845,411150,0.5127737,0.7121448,2348,4096.741659641266,0.5127737,26.986882649026736,0.0,0.0
26267,301030,0.29400143,10,0.0,29855,411250,0.37988678,0.6738882,2348,4096.741659641266,0.37988678,89.5036895723169,0.0,0.0
26274,301100,0.30610675,10,0.0,29858,411280,0.3637842,0.66989094,2349,4098.74831533432,0.3637842,22.69640109004093,0.0,0.0
26274,301100,0.3048006,10,0.0,29869,411390,0.35171404,0.65651464,2349,4098.74831533432,0.35171404,52.025924249096065,0.0,0.0
26280,301160,0.23941615,10,0.0,29872,411420,0.47939083,0.718807,2350,4101.035885095596,0.47939083,57.12116053505329,0.0,0.0
26280,301160,0.29380625,10,0.0,29882,411520,0.39107692,0.6848832,2350,4101.035885095596,0.39107692,48.013810124524646,0.0,0.0
26287,301230,0.23399764,10,0.0,29884,411540,0.45636272,0.69036037,2351,4103.123693943024,0.45636272,53.889543436783306,0.0,0.0
26287,301230,0.33963197,10,0.0,29895,411650,0.30285424,0.6424862,2352,4105.288340330124,0.30285424,19.344323839436225,0.0,0.0
26294,301300,0.14211696,10,0.0,29904,411740,0.5817718,0.72388875,2352,4105.288340330124,0.5817718,114.401237211256,0.0,0.0
26294,301300,0.15163183,10,0.0,29910,411800,0.5848064,0.7364382,2353,4107.307418823242,0.5848064,22.386694919325137,0.0,0.0
26299,301350,0.14148271,10,0.0,29920,411900,0.60725933,0.74874204,2353,4107.307418823242,0.60725933,124.86875440983397,0.0,0.0
26305,301410,0.3101795,10,0.0,29923,411930,0.34412816,0.65430766,2354,4109.1828026771545,0.34412816,32.8265235364924,0.0,0.0
26305,301410,0.29716069,10,0.0,29934,412040,0.38059056,0.67775124,2354,4109.1828026771545,0.38059056,24.62975251065509,0.0,0.0
26312,301480,0.29558778,10,0.0,29942,412120,0.38952047,0.68510824,2355,4111.0308203697205,0.38952047,137.22751156566747,0.0,0.0
26318,301540,0.33446932,10,0.0,29947,412170,0.32215196,0.6566213,2356,4112.740371465683,0.32215196,23.71190484266703,0.0,0.0
26318,301540,0.3190964,10,0.0,29958,412280,0.33539766,0.65449405,2356,4112.740371465683,0.33539766,66.89085333082417,0.0,0.0
26325,301610,0.3118593,10,0.0,29964,412340,0.36268646,0.67454576,2357,4114.412525653839,0.36268646,123.35353784891022,0.0,0.0
26331,301670,0.28041723,10,0.0,29971,412410,0.41741797,0.6978352,2358,4116.061193943024,0.41741797,20.331425723933403,0.0,0.0
26331,301670,0.0070987344,10,0.0,29977,412470,0.7495378,0.75663656,2358,4116.061193943024,0.7495378,108.80956334052797,0.0,0.0
26338,301740,0.33621684,10,0.0,29985,412550,0.31438205,0.6505989,2359,4118.3050096035,0.31438205,17.74995619963487,0.0,0.0
26338,301740,0.3420646,10,0.0,29995,412650,0.30585018,0.64791477,2359,4118.3050096035,0.30585018,133.19310011940146,0.0,0.0
26344,301800,0.014074981,10,0.0,29999,412690,0.7473125,0.76138747,2360,4120.1406898498535,0.7473125,32.05816216249268,0.0,0.0
26344,301800,0.06164813,10,0.0,30009,412790,0.6727834,0.7344315,2361,4122.147262811661,0.6727834,93.80942902066387,0.0,0.0
26350,301860,0.12675709,10,0.0,30012,412820,0.58120733,0.7079644,2361,4122.147262811661,0.58120733,34.271333461889185,0.0,0.0
26350,301860,0.23879358,10,0.0,30021,412910,0.4709423,0.7097359,2361,4122.147262811661,0.4709423,93.86737326920796,0.0,0.0
26358,301940,0.30395344,10,0.0,30025,412950,0.36185047,0.6658039,2362,4124.425654888153,0.36185047,39.54305345656095,0.0,0.0
26358,301940,0.21672016,10,0.0,30038,413080,0.5095793,0.72629946,2363,4126.391287326813,0.5095793,116.56899556158338,0.0,0.0
26363,301990,0.30503857,10,0.0,30042,413120,0.37558812,0.6806267,2363,4126.391287326813,0.37558812,122.6411850361698,0.0,0.0
26369,302050,0.09211755,10,0.0,30051,413210,0.6328606,0.72497815,2364,4128.173472642899,0.6328606,25.182635927745363,0.0,0.0
26369,302050,0.25204518,10,0.0,30059,413290,0.44431797,0.69636315,2364,4128.173472642899,0.44431797,130.53598660500322,0.0,0.0
26376,302120,0.28083467,10,0.0,30064,413340,0.4017467,0.68258137,2365,4129.909830331802,0.4017467,29.203689675148166,0.0,0.0
26382,302180,0.011562467,10,0.0,30076,413460,0.73921674,0.7507792,2366,4131.682829380035,0.73921674,20.11074010214787,0.0,0.0
26382,302180,0.32442692,10,0.0,30084,413540,0.33342955,0.65785646,2366,4131.682829380035,0.33342955,127.64279649540319,0.0,0.0
26389,302250,0.29309165,10,0.0,30089,413590,0.4104898,0.70358145,2367,4133.446571350098,0.4104898,32.00981746415756,0.0,0.0
26395,302310,0.27797022,10,0.0,30101,413710,0.42115143,0.69912165,2368,4135.105175495148,0.42115143,15.80764463191473,0.0,0.0
26395,302310,0.28947476,10,0.0,30111,413810,0.39753255,0.6870073,2369,4136.890219449997,0.39753255,95.78485822858813,0.0,0.0
26403,302390,0.12401575,10,0.0,30116,413860,0.6077475,0.73176324,2369,4136.890219449997,0.6077475,110.90673033954461,0.0,0.0
26408,302440,0.04999864,10,0.0,30125,413950,0.67705023,0.7270489,2370,4138.619184970856,0.67705023,16.03630043287991,0.0,0.0
26408,302440,0.3083645,10,0.0,30136,414060,0.36518037,0.6735449,2370,4138.619184970856,0.36518037,130.14996881467852,0.0,0.0
26414,302500,0.30256864,10,0.0,30140,414100,0.38867852,0.69124717,2371,4140.363749742508,0.38867852,56.66883291472053,0.0,0.0
26421,302570,0.2687615,10,0.0,30151,414210,0.4291236,0.6978851,2372,4142.2100558280945,0.4291236,15.599369970971804,0.0,0.0
26421,302570,0.34295052,10,0.0,30162,414320,0.32252747,0.665478,2373,4144.154500007629,0.32252747,116.40917328833467,0.0,0.0
26427,302630,0.32231945,10,0.0,30166,414360,0.3494485,0.67176795,2373,4144.154500007629,0.3494485,95.94656296465745,0.0,0.0
26433,302690,0.28511876,10,0.0,30176,414460,0.40370005,0.6888188,2374,4146.125088691711,0.40370005,13.936606658982264,0.0,0.0
26433,302690,0.30368945,10,0.0,30182,414520,0.37076083,0.6744503,2374,4146.125088691711,0.37076083,116.43211672348127,0.0,0.0
26440,302760,0.29294696,10,0.0,30189,414590,0.40298745,0.6959344,2375,4148.450453519821,0.40298745,17.528274517850672,0.0,0.0
26440,302760,0.32779393,10,0.0,30199,414690,0.35012797,0.6779219,2375,4148.450453519821,0.35012797,115.71259890309979,0.0,0.0
26446,302820,0.011935532,10,0.0,30203,414730,0.74203914,0.7539747,2376,4150.462370157242,0.74203914,24.920289372867018,0.0,0.0
26446,302820,0.19969076,10,0.0,30213,414830,0.5263768,0.72606754,2377,4152.44716668129,0.5263768,99.33694905620159,0.0,0.0
26453,302890,0.3169941,10,0.0,30217,414870,0.35380432,0.6707984,2377,4152.44716668129,0.35380432,76.11034292537227,0.0,0.0
26453,302890,0.2966704,10,0.0,30227,414970,0.38699964,0.68367004,2377,4152.44716668129,0.38699964,100.42003849874065,0.0,0.0
26460,302960,0.07350451,10,0.0,30231,415010,0.6627236,0.7362281,2378,4154.668479442596,0.6627236,87.95505683950938,0.0,0.0
26465,303010,0.21063948,10,0.0,30243,415130,0.5126859,0.7233254,2379,4156.561904907227,0.5126859,16.885125459788416,0.0,0.0
26465,303010,0.32122102,10,0.0,30254,415240,0.34164485,0.6628659,2379,4156.561904907227,0.34164485,134.44704087291285,0.0,0.0
26472,303080,0.3014386,10,0.0,30259,415290,0.37376013,0.67519873,2380,4158.28285741806,0.37376013,128.00234379291612,0.0,0.0
26478,303140,0.124997616,10,0.0,30268,415380,0.60156274,0.72656035,2381,4159.903532028198,0.60156274,23.6224023717561,0.0,0.0
26478,303140,0.34774557,10,0.0,30278,415480,0.31367627,0.66142184,2381,4159.903532028198,0.31367627,132.8682121429069,0.0,0.0
26484,303200,0.22897473,10,0.0,30282,415520,0.4788774,0.7078521,2382,4161.672000169754,0.4788774,18.596653022424324,0.0,0.0
26492,303280,0.29589814,10,0.0,30293,415630,0.390383,0.68628114,2383,4163.567532539368,0.390383,18.307647450122477,0.0,0.0
26492,303280,0.33836523,10,0.0,30301,415710,0.31621155,0.6545768,2383,4163.567532539368,0.31621155,85.04886812500507,0.0,0.0
26497,303330,0.3132866,10,0.0,30307,415770,0.37274438,0.686031,2384,4165.668334007263,0.37274438,16.649666236892415,0.0,0.0
26497,303330,0.009461045,10,0.0,30315,415850,0.74490416,0.7543652,2384,4165.668334007263,0.74490416,100.08313408831684,0.0,0.0
26504,303400,0.085832715,10,0.0,30322,415920,0.6381235,0.7239562,2385,4168.238755464554,0.6381235,25.40488908728921,0.0,0.0
26504,303400,0.25584236,10,0.0,30328,415980,0.46936193,0.7252043,2385,4168.238755464554,0.46936193,103.8970715733048,0.0,0.0
26510,303460,0.08018041,10,0.0,30337,416070,0.67746794,0.75764835,2386,4170.750551939011,0.67746794,21.0667839972355,0.0,0.0
26510,303460,0.23887971,10,0.0,30343,416130,0.48817816,0.7270579,2386,4170.750551939011,0.48817816,124.35747365674607,0.0,0.0
26517,303530,0.002373159,10,0.0,30351,416210,0.7555804,0.7579536,2387,4172.795624732971,0.7548312,20.609878462616468,0.0,0.0
26517,303530,0.34432366,10,0.0,30362,416320,0.29706863,0.6413923,2387,4172.795624732971,0.29706863,59.84484842258758,0.0,0.0
26523,303590,0.32986888,10,0.0,30367,416370,0.35362294,0.6834918,2388,4174.552666187286,0.35362294,124.72839194111963,0.0,0.0
26529,303650,0.35781044,10,0.0,30375,416450,0.27755493,0.63536537,2389,4176.264502763748,0.27755493,22.215593220338985,0.0,0.0
26529,303650,0.314027,10,0.0,30383,416530,0.37524217,0.6892692,2389,4176.264502763748,0.37524217,148.5503401818317,0.0,0.0
26537,303730,0.28679723,10,0.0,30390,416600,0.400662,0.68745923,2390,4177.91144490242,0.400662,115.95347821399247,0.0,0.0
26542,303780,0.1786387,10,0.0,30400,416700,0.56203717,0.74067587,2391,4179.534723997116,0.56203717,17.229936014775426,0.0,0.0
26543,303790,0.009147942,10,0.0,30412,416820,0.7330453,0.7421932,2392,4181.155437707901,0.7330453,74.08585493719762,0.0,0.0
26548,303840,0.2930795,10,0.0,30416,416860,0.40729648,0.700376,2392,4181.155437707901,0.40729648,114.61945219480069,0.0,0.0
26556,303920,0.15934932,10,0.0,30425,416950,0.56914425,0.7284936,2393,4182.797897815704,0.56914425,31.755039062529573,0.0,0.0
26556,303920,0.25522125,10,0.0,30437,417070,0.45451242,0.70973366,2394,4184.569385051727,0.45451242,118.94381914136387,0.0,0.0
26562,303980,0.2953679,10,0.0,30442,417120,0.4153632,0.7107311,2394,4184.569385051727,0.4153632,141.94066268016257,0.0,0.0
26569,304050,0.21946323,10,0.0,30451,417210,0.5070383,0.7265015,2395,4186.318096876144,0.5070383,24.479063863314707,0.0,0.0
26569,304050,0.33951327,10,0.0,30461,417310,0.30770412,0.6472174,2395,4186.318096876144,0.30770412,117.96432076994687,0.0,0.0
26574,304100,0.34777763,10,0.0,30465,417350,0.29665503,0.64443266,2396,4188.094539642334,0.29665503,28.492848432972952,0.0,0.0
26574,304100,0.27668488,10,0.0,30476,417460,0.43112832,0.7078132,2397,4189.977608680725,0.43112832,111.1642243584137,0.0,0.0
26580,304160,0.21479166,10,0.0,30479,417490,0.51222426,0.7270159,2397,4189.977608680725,0.51222426,100.45539351757603,0.0,0.0
26588,304240,0.25258702,10,0.0,30490,417600,0.45535088,0.7079379,2398,4191.698880195618,0.45535088,20.40997028262889,0.0,0.0
26589,304250,0.00881505,10,0.0,30501,417710,0.7448159,0.75363094,2399,4193.441549539566,0.7448159,96.06655000870354,0.0,0.0
26594,304300,0.30864707,10,0.0,30506,417760,0.37273875,0.6813858,2399,4193.441549539566,0.37273875,130.5648372104606,0.0,0.0
26594,304300,0.21822631,10,0.0,30515,417850,0.50046885,0.71869516,2399,4193.441549539566,0.50046885,27.37201378551529,0.0,0.0
26600,304360,0.3297173,10,0.0,30520,417900,0.3346059,0.6643232,2400,4195.13858127594,0.3346059,91.54111412782525,0.0,0.0
26600,304360,0.32784364,10,0.0,30529,417990,0.3247272,0.65257084,2400,4195.13858127594,0.3247272,21.41584524931006,0.0,0.0
26606,304420,0.35644895,10,0.0,30535,418050,0.29838592,0.65483487,2401,4197.301850318909,0.29838592,108.97890992613148,0.0,0.0
26612,304480,0.26714736,10,0.0,30544,418140,0.44870585,0.7158532,2402,4199.684245109558,0.44870585,16.057972967592352,0.0,0.0
26612,304480,0.33086348,10,0.0,30548,418180,0.33187652,0.66274,2402,4199.684245109558,0.33187652,119.77121187459487,0.0,0.0
26620,304560,0.29410392,10,0.0,30557,418270,0.42074656,0.7148505,2403,4202.004250049591,0.42074656,19.78851320907828,0.0,0.0
26625,304610,0.30223224,10,0.0,30569,418390,0.38982543,0.69205767,2404,4203.669358730316,0.38982543,17.33788864293524,0.0,0.0
26625,304610,0.12739474,10,0.0,30578,418480,0.5752971,0.70269185,2404,4203.669358730316,0.5752971,134.31013337175978,0.0,0.0
26633,304690,0.30810595,10,0.0,30585,418550,0.38592893,0.6940349,2405,4205.344994306564,0.38592893,138.0618106050382,0.0,0.0
26638,304740,0.008015811,10,0.0,30595,418650,0.7098297,0.7178455,2406,4207.116561412811,0.7098297,15.876599989022699,0.0,0.0
26638,304740,0.25169313,10,0.0,30603,418730,0.47328436,0.7249775,2406,4207.116561412811,0.47328436,83.30726114953305,0.0,0.0
26644,304800,0.19869792,10,0.0,30610,418800,0.53201985,0.7307178,2407,4209.426720380783,0.53201985,22.580578126421614,0.0,0.0
26644,304800,0.33689114,10,0.0,30620,418900,0.34186885,0.67876,2407,4209.426720380783,0.34186885,52.62495953667295,0.0,0.0
26652,304880,0.32829773,10,0.0,30626,418960,0.33631605,0.6646138,2408,4211.237971305847,0.33631605,137.63323434346748,0.0,0.0
26652,304880,0.2430385,10,0.0,30634,419040,0.49175528,0.7347938,2409,4212.9022533893585,0.49175528,37.803346714664,0.0,0.0
26664,305000,0.2771499,10,0.0,30646,419160,0.452405,0.7295549,2410,4214.590440988541,0.452405,18.412940628496898,0.0,0.0
26664,305000,0.29264763,10,0.0,30656,419260,0.402796,0.69544363,2410,4214.590440988541,0.402796,129.46501549516626,0.0,0.0
26670,305060,0.28091022,10,0.0,30660,419300,0.41986617,0.7007764,2411,4216.452444314957,0.41986617,22.501703331663084,0.0,0.0
26676,305120,0.27017325,10,0.0,30672,419420,0.45127535,0.7214486,2412,4218.308584213257,0.45127535,27.81475680099102,0.0,0.0
26676,305120,0.018713772,10,0.0,30678,419480,0.7617227,0.78043646,2412,4218.308584213257,0.7617227,121.5923559493025,0.0,0.0
26684,305200,0.3350395,10,0.0,30685,419550,0.31235445,0.64739394,2413,4219.973967790604,0.31235445,60.83127144676272,0.0,0.0
26689,305250,0.19674218,10,0.0,30697,419670,0.533377,0.73011917,2414,4221.5969977378845,0.533377,18.848398676303788,0.0,0.0
26689,305250,0.2801412,10,0.0,30704,419740,0.42512324,0.70526445,2414,4221.5969977378845,0.42512324,107.27120204603581,0.0,0.0
26697,305330,0.31679812,10,0.0,30710,419800,0.36322322,0.68002135,2415,4223.447649002075,0.36322322,34.00018806561545,0.0,0.0
26702,305380,0.17931813,10,0.0,30722,419920,0.5494631,0.7287812,2416,4225.140453338623,0.5494631,19.356277366334147,0.0,0.0
26702,305380,0.31890136,10,0.0,30731,420010,0.37841707,0.69731843,2416,4225.140453338623,0.37841707,96.10044678657349,0.0,0.0
26708,305440,0.01647067,10,0.0,30737,420070,0.74845356,0.7649242,2417,4227.136676311493,0.74845356,22.254881101011478,0.0,0.0
26708,305440,0.31671435,10,0.0,30747,420170,0.36787826,0.6845926,2418,4229.056544780731,0.36787826,104.633944942685,0.0,0.0
26716,305520,0.31139794,10,0.0,30752,420220,0.389823,0.7012209,2418,4229.056544780731,0.389823,128.93054424173494,0.0,0.0
26721,305570,0.0072315335,10,0.0,30762,420320,0.74478686,0.7520184,2419,4230.87584233284,0.74478686,23.93530972693811,0.0,0.0
26721,305570,0.29525498,10,0.0,30769,420390,0.3842313,0.6794863,2419,4230.87584233284,0.3842313,134.01445487484582,0.0,0.0
26728,305640,0.2675142,10,0.0,30775,420450,0.44518825,0.71270245,2420,4232.647705316544,0.44518825,27.76610900155172,0.0,0.0
26730,305660,0.030262828,10,0.0,30785,420550,0.7125414,0.7428042,2421,4234.325924873352,0.7125414,73.54905457561554,0.0,0.0
26736,305720,0.28336188,10,0.0,30793,420630,0.40027007,0.68363196,2421,4234.325924873352,0.40027007,142.27770296169908,0.0,0.0
26740,305760,0.14390796,10,0.0,30800,420700,0.5801664,0.72407436,2422,4235.999637842178,0.5801664,15.694220612419388,0.0,0.0
26740,305760,0.13145685,10,0.0,30811,420810,0.6041199,0.73557675,2423,4237.687029361725,0.6041199,65.74535787397996,0.0,0.0
26747,305830,0.29498896,10,0.0,30817,420870,0.4012263,0.6962153,2423,4237.687029361725,0.4012263,133.85407325378412,0.0,0.0
26753,305890,0.21042061,10,0.0,30824,420940,0.5121176,0.72253823,2424,4239.350590229034,0.5121176,20.841924910903998,0.0,0.0
26753,305890,0.31227553,10,0.0,30831,421010,0.3612725,0.67354804,2424,4239.350590229034,0.3612725,119.61920841437608,0.0,0.0
26761,305970,0.2920312,10,0.0,30837,421070,0.3890594,0.6810906,2425,4241.117858409882,0.3890594,37.71567820805064,0.0,0.0
26767,306030,0.2966141,10,0.0,30848,421180,0.393951,0.6905651,2426,4242.80188035965,0.393951,29.078001597302332,0.0,0.0
26767,306030,0.25610906,10,0.0,30858,421280,0.47081697,0.726926,2426,4242.80188035965,0.47081697,121.02852361097084,0.0,0.0
26772,306080,0.30384642,10,0.0,30863,421330,0.36766833,0.67151475,2427,4244.416887521744,0.36766833,21.914340679034083,0.0,0.0
26780,306160,0.19392133,10,0.0,30873,421430,0.5316174,0.72553873,2428,4246.270409345627,0.5316174,25.997241789675616,0.0,0.0
26780,306160,0.009044945,10,0.0,30882,421520,0.72310024,0.7321452,2428,4246.270409345627,0.72310024,129.92218863061902,0.0,0.0
26785,306210,0.2251136,10,0.0,30886,421560,0.48826483,0.7133784,2429,4248.0666716098785,0.48826483,25.437367902357668,0.0,0.0
26785,306210,0.28579226,10,0.0,30896,421660,0.4188129,0.70460516,2430,4250.091910123825,0.4188129,102.68554402990739,0.0,0.0
26792,306280,0.32511577,10,0.0,30899,421690,0.36301795,0.6881337,2430,4250.091910123825,0.36301795,25.470316540174476,0.0,0.0
26799,306350,0.32464567,10,0.0,30910,421800,0.35470405,0.6793497,2431,4251.986257553101,0.35470405,26.98835865533847,0.0,0.0
26799,306350,0.2340827,10,0.0,30919,421890,0.5029534,0.7370361,2431,4251.986257553101,0.5029534,121.19218577987616,0.0,0.0
26804,306400,0.31928253,10,0.0,30925,421950,0.35413408,0.6734166,2432,4253.834049940109,0.35413408,28.259029062109438,0.0,0.0
26812,306480,0.23772234,10,0.0,30936,422060,0.4694519,0.70717424,2433,4255.533303499222,0.4694519,20.769124878063273,0.0,0.0
26812,306480,0.13942164,10,0.0,30947,422170,0.62678576,0.7662074,2433,4255.533303499222,0.62678576,95.76080256074229,0.0,0.0
26816,306520,0.19396979,10,0.0,30951,422210,0.53666353,0.7306333,2434,4257.4935512542725,0.53666353,26.27423958064492,0.0,0.0
26816,306520,0.22460252,10,0.0,30959,422290,0.4893086,0.7139111,2434,4257.4935512542725,0.4893086,129.83089776170917,0.0,0.0
26824,306600,0.2549329,10,0.0,30964,422340,0.45977268,0.7147056,2435,4259.748446702957,0.45977268,35.70139994841802,0.0,0.0
