actor_episodes,actor_steps,delta_dist,delta_dist_10,delta_dist_100,delta_dist_1000,episode_length,episode_return,evaluator_episodes,evaluator_steps,final_dist,final_dist_10,final_dist_100,final_dist_1000,init_dist,init_dist_10,init_dist_100,init_dist_1000,min_dist,min_dist_10,min_dist_100,min_dist_1000,steps_per_second,success,success_1000
4,600,0.0,0.059015553,0.059015553,0.059015553,150,0.0,1,150,0.6799369,0.63077575,0.63077575,0.63077575,0.6799369,0.68979126,0.68979126,0.68979126,0.6799369,0.5690064,0.5690064,0.5690064,17.916003526898812,0.0,0.0
18,2700,0.08214158,0.11502342,0.075020514,0.075020514,150,0.0,4,600,0.59839803,0.57423353,0.61294305,0.61294305,0.6805396,0.68925697,0.6879635,0.6879635,0.39451966,0.4457491,0.49964103,0.49964103,48.61147458258473,0.0,0.0
36,5400,0.020976245,0.12612438,0.09974442,0.09974442,150,0.0,8,1200,0.6848609,0.56177515,0.58827233,0.58827233,0.70583713,0.6878995,0.6880168,0.6880168,0.48980787,0.4167843,0.4569378,0.4569378,45.77142283443601,0.0,0.0
47,7050,0.30645162,0.064807326,0.0912281,0.0912281,150,0.0,11,1650,0.38103908,0.61942166,0.59637934,0.59637934,0.6874907,0.6842291,0.6876074,0.6876074,0.38103908,0.40528053,0.44702506,0.44702506,44.33488955768107,0.0,0.0
62,9300,0.00020223856,0.11329367,0.092871904,0.092871904,150,0.0,15,2250,0.69982076,0.5678023,0.59372175,0.59372175,0.700023,0.681096,0.68659365,0.68659365,0.63624156,0.366512,0.43288487,0.43288487,44.28823490280841,0.0,0.0
74,11100,0.3431957,0.114805184,0.09270336,0.09270336,150,0.0,18,2700,0.3378065,0.57789683,0.59479827,0.59479827,0.6810022,0.692702,0.68750155,0.68750155,0.33456925,0.41092762,0.43290716,0.43290716,32.41279125928864,0.0,0.0
93,13950,0.11806482,0.3059076,0.119856864,0.119856864,150,0.0,23,3450,0.57578915,0.38273355,0.5677605,0.5677605,0.693854,0.6886412,0.6876174,0.6876174,0.33026734,0.31873056,0.41881415,0.41881415,102.65567009501855,0.0,0.0
113,16950,0.21538505,0.12040478,0.13934746,0.131154,150,0.0,49,7350,0.46832326,0.562461,0.5480037,0.5560763,0.6837083,0.68286574,0.68735105,0.6872302,0.31736502,0.34901217,0.3916167,0.40612003,21.67686868818074,0.0,0.0
121,18150,0.35486686,0.25819126,0.15767117,0.14267969,150,0.0,82,12300,0.34894127,0.42693338,0.5292951,0.54456294,0.7038081,0.6851246,0.6869662,0.68724257,0.34630382,0.31222755,0.38038856,0.4001617,23.099234365997308,0.0,0.0
129,19350,0.24419537,0.19946112,0.16213949,0.1450477,150,0.0,115,17250,0.43315622,0.48831195,0.52514946,0.54235524,0.6773516,0.6877731,0.6872889,0.68740296,0.30942824,0.31761038,0.37432498,0.39527428,21.323809230713334,0.0,0.0
137,20550,0.29767707,0.21625857,0.16994096,0.14975683,150,0.0,148,22200,0.40101907,0.4657003,0.5164616,0.53722686,0.69869614,0.6819588,0.68640256,0.6869837,0.33417302,0.31329536,0.3640574,0.3903393,23.02689277331519,0.0,0.0
145,21750,0.145832,0.19565469,0.17932385,0.1520571,150,0.0,179,26850,0.5368155,0.4920434,0.50741976,0.5349907,0.6826475,0.68769807,0.6867437,0.68704784,0.31063545,0.3179613,0.3558306,0.38638458,21.169569080927406,0.0,0.0
153,22950,0.2840268,0.14223018,0.18608585,0.1512447,150,0.0,208,31200,0.40616322,0.5481276,0.50104225,0.535995,0.69019,0.6903578,0.68712807,0.6872397,0.3244474,0.31779456,0.34807372,0.3829369,23.229453890789973,0.0,0.0
161,24150,0.3512084,0.18980548,0.18954276,0.15266952,150,0.0,243,36450,0.32951003,0.49773264,0.49816406,0.53459394,0.6807184,0.6875381,0.6877068,0.6872635,0.30675474,0.32058257,0.34541026,0.37986147,23.093151741549285,0.0,0.0
169,25350,0.37011826,0.25264692,0.20275253,0.15795338,150,0.0,272,40800,0.3236465,0.43200344,0.4842536,0.5291479,0.69376475,0.6846503,0.6870062,0.68710136,0.3236465,0.3165843,0.3359518,0.37682915,21.23196400972165,0.0,0.0
177,26550,0.2674597,0.26029745,0.2175727,0.16326797,150,0.0,308,46200,0.46296096,0.43129405,0.46957973,0.52406484,0.73042065,0.69159156,0.68715256,0.68733275,0.3191253,0.33184746,0.3289917,0.37487414,21.044389706757933,0.0,0.0
185,27750,0.28002885,0.29426867,0.22279118,0.16869874,150,0.0,338,50700,0.4095181,0.39626762,0.4647702,0.518828,0.68954694,0.6905363,0.68756133,0.68752676,0.32459652,0.32674238,0.32564968,0.37274322,21.12242706794422,0.0,0.0
193,28950,0.093966484,0.26493388,0.22008535,0.17220369,150,0.0,370,55500,0.5914936,0.43021002,0.46785507,0.51561135,0.6854601,0.69514394,0.6879403,0.68781495,0.3360417,0.33292168,0.32666624,0.37110472,22.814965401986257,0.0,0.0
201,30150,0.2594527,0.22281687,0.2198494,0.17403772,150,0.0,401,60150,0.42278117,0.46222696,0.46819866,0.5136991,0.68223387,0.6850438,0.6880481,0.68773675,0.32180306,0.32785675,0.32603127,0.36945128,23.05023557641068,0.0,0.0
209,31350,0.2791027,0.25990787,0.22399941,0.17721288,150,0.0,434,65100,0.4367344,0.4236545,0.46374094,0.5103553,0.7158371,0.6835624,0.6877404,0.6875682,0.38208914,0.32501692,0.3219179,0.36772922,22.96138249109622,0.0,0.0
217,32550,0.25047377,0.23656645,0.22872046,0.17907953,150,0.0,468,70200,0.43789533,0.4532751,0.45935476,0.50861996,0.6883691,0.6898416,0.6880752,0.68769956,0.34192622,0.34010547,0.32333454,0.366807,22.75990700478976,0.0,0.0
225,33750,0.19473419,0.2402796,0.2270732,0.18112421,150,0.0,502,75300,0.48719904,0.45050365,0.46106824,0.5066725,0.6819332,0.6907832,0.68814135,0.6877967,0.32266685,0.34510484,0.325508,0.36598137,23.031114240763017,0.0,0.0
233,34950,0.21540424,0.24704988,0.23234367,0.18356238,150,0.0,534,80100,0.4871154,0.45080963,0.4572979,0.5046356,0.70251966,0.69785947,0.68964165,0.68819803,0.3659175,0.33938494,0.32745406,0.3649542,23.01121070574668,0.0,0.0
241,36150,0.26519907,0.21480131,0.23257312,0.18463978,150,0.0,568,85200,0.42860633,0.47584048,0.45752412,0.5036757,0.6938054,0.69064176,0.6900972,0.6883155,0.34232742,0.3392554,0.32979834,0.36435327,21.00552233919453,0.0,0.0
249,37350,0.2619068,0.23889306,0.2403807,0.18687655,150,0.0,600,90000,0.41766483,0.4500393,0.44950393,0.50144404,0.6795716,0.68893236,0.68988466,0.6883206,0.33278424,0.34054914,0.33178955,0.36350676,21.26272363149514,0.0,0.0
257,38550,0.16019338,0.25324956,0.24924934,0.18880689,150,0.0,636,95400,0.5276379,0.4397362,0.44119877,0.4997043,0.6878313,0.6929857,0.69044816,0.6885112,0.34785038,0.32779914,0.3320452,0.36229122,22.785478803163485,0.0,0.0
265,39750,0.16455406,0.24193649,0.24925297,0.190826,150,0.0,671,100650,0.5078501,0.44520324,0.4414229,0.49766093,0.67240417,0.68713975,0.6906759,0.688487,0.31327918,0.33320966,0.3336702,0.3616167,23.02576770327569,0.0,0.0
273,40950,0.260191,0.22544567,0.24723208,0.19183926,150,0.0,704,105600,0.42157027,0.46265188,0.44334382,0.4966,0.68176126,0.6880976,0.69057596,0.68843925,0.32072604,0.34208935,0.33522475,0.3610179,22.91185888454101,0.0,0.0
281,42150,0.19220313,0.19642846,0.2385737,0.19154218,150,0.0,741,111150,0.48906735,0.49522272,0.45192075,0.49699116,0.6812705,0.6916512,0.69049454,0.68853337,0.3339127,0.33938354,0.33628467,0.3604454,22.341623009969442,0.0,0.0
289,43350,0.33452788,0.24622197,0.23620512,0.19353475,150,0.0,777,116550,0.34917888,0.441513,0.45361736,0.49487042,0.68370676,0.687735,0.68982244,0.68840516,0.31902063,0.3303197,0.33591288,0.3594854,22.51510694974263,0.0,0.0
297,44550,0.15026343,0.24640584,0.23957448,0.19494364,150,0.0,809,121350,0.5278851,0.43770018,0.44970298,0.49335968,0.6781485,0.684106,0.68927735,0.6883033,0.3257779,0.31827232,0.33464536,0.35842034,21.319824820739733,0.0,0.0
305,45750,0.34635153,0.2669213,0.24084488,0.19672436,150,0.0,843,126450,0.35196188,0.41671014,0.44851178,0.49149334,0.6983134,0.6836314,0.6893567,0.6882177,0.35196188,0.32777447,0.3351098,0.3576377,21.40103957769227,0.0,0.0
313,46950,0.30281746,0.25079274,0.24132723,0.19805951,150,0.0,876,131400,0.39598948,0.43514395,0.4478463,0.49010774,0.69880694,0.68593675,0.6891736,0.6881672,0.35963407,0.33480936,0.33518058,0.35708347,20.861336678067453,0.0,0.0
321,48150,0.1280111,0.21226475,0.23613113,0.19760047,150,0.0,910,136500,0.5548081,0.4751521,0.45303306,0.49057573,0.6828192,0.68741685,0.6891641,0.6881762,0.3313119,0.33015364,0.33458123,0.3564684,22.45015853316279,0.0,0.0
329,49350,0.30008706,0.18869445,0.2338609,0.19789584,150,0.0,944,141600,0.38082573,0.49455938,0.45442817,0.49017766,0.6809128,0.6832538,0.68828905,0.6880735,0.31371576,0.33317816,0.33325458,0.3559397,22.89542483874197,0.0,0.0
337,50550,0.19843513,0.20410351,0.2323175,0.19852607,150,0.0,977,146550,0.4709428,0.4771645,0.45485073,0.48937187,0.6693779,0.6812681,0.68716836,0.6878979,0.305052,0.32693797,0.33283642,0.35519734,23.045593451350015,0.0,0.0
345,51750,0.18720794,0.23948458,0.23442179,0.19974612,150,0.0,1012,151800,0.4940256,0.44740686,0.45260924,0.4882007,0.6812335,0.68689144,0.6870311,0.6879468,0.33106375,0.32857904,0.33185956,0.35463616,22.653626526564988,0.0,0.0
353,52950,0.16410905,0.23439126,0.22978443,0.20029882,150,0.0,1045,156750,0.54335165,0.45146927,0.45642507,0.48760033,0.7074607,0.6858605,0.6862095,0.6878991,0.3996138,0.33723897,0.33227885,0.3543005,22.912396244795328,0.0,0.0
361,54150,0.19061068,0.18969016,0.22348411,0.19951606,150,0.0,1080,162000,0.48917827,0.49825102,0.46311748,0.48844162,0.67978895,0.68794113,0.6866016,0.6879577,0.32649013,0.34834665,0.3340534,0.354254,21.090791236548178,0.0,0.0
369,55350,0.16365427,0.17888291,0.22226043,0.19934416,150,0.0,1112,166800,0.52976775,0.50488365,0.46428472,0.48855025,0.693422,0.68376654,0.68654513,0.68789434,0.3681529,0.33223933,0.33380497,0.3538089,22.817687703224003,0.0,0.0
377,56550,0.1664415,0.2539485,0.2275195,0.20082048,150,0.0,1147,172050,0.51978433,0.4360102,0.45891663,0.48708913,0.68622583,0.68995875,0.6864362,0.6879096,0.3773504,0.33901963,0.33316436,0.35341617,20.814148386876504,0.0,0.0
385,57750,0.3459927,0.22002578,0.22408226,0.20090021,150,0.0,1179,176850,0.3561891,0.4657755,0.46218243,0.486977,0.7021818,0.6858012,0.68626475,0.6878772,0.3561891,0.3339331,0.33295572,0.35301712,21.054137840495294,0.0,0.0
393,58950,0.1139797,0.21412174,0.22160603,0.20135538,150,0.0,1207,181050,0.5634436,0.47973138,0.4650768,0.48662832,0.6774233,0.69385314,0.68668276,0.68798363,0.3250948,0.34207597,0.33536685,0.35294253,25.475832269656415,0.0,0.0
401,60150,0.21935242,0.22863528,0.22033693,0.20167556,150,0.0,1241,186150,0.4687853,0.45654964,0.46663204,0.48623616,0.6881377,0.68518484,0.68696904,0.68791175,0.33796272,0.33913618,0.33614892,0.35258305,22.555150174649032,0.0,0.0
409,61350,0.14599419,0.20605512,0.2166461,0.20134811,150,0.0,1274,191100,0.52816564,0.48076367,0.47035965,0.486586,0.6741598,0.6868188,0.68700576,0.6879341,0.351516,0.33712894,0.3365019,0.35236046,20.93777249828726,0.0,0.0
417,62550,0.23634669,0.2032499,0.21234064,0.20172177,150,0.0,1304,195600,0.4394717,0.48388547,0.4750293,0.48623505,0.6758184,0.68713534,0.68736976,0.6879568,0.296833,0.35646528,0.33900285,0.35255283,22.71046319489486,0.0,0.0
425,63750,0.2805661,0.21662597,0.21260488,0.20190135,150,0.0,1337,200550,0.40935314,0.4704647,0.47458038,0.4860178,0.68991923,0.6870907,0.6871852,0.6879192,0.33247843,0.33955485,0.33933303,0.35227996,20.893132449239197,0.0,0.0
433,64950,0.21268404,0.21159601,0.21356842,0.20213364,150,0.0,1369,205350,0.47622663,0.47829047,0.47421917,0.48579797,0.68891066,0.68988645,0.68778765,0.68793166,0.3375881,0.34693652,0.34119132,0.35221452,22.574345969996273,0.0,0.0
441,66150,0.10857803,0.16466075,0.21198878,0.20160547,150,0.0,1402,210300,0.5938237,0.52943814,0.4763833,0.48644295,0.7024017,0.6940989,0.68837214,0.6880485,0.40006274,0.34919932,0.34264868,0.35217002,20.972987410019122,0.0,0.0
449,67350,0.08089906,0.111410834,0.19986,0.19989172,150,0.0,1432,214800,0.6073146,0.5808831,0.48900184,0.4882462,0.68821365,0.69229394,0.68886185,0.68813795,0.36624655,0.3623559,0.34485242,0.3523742,22.698182058263104,0.0,0.0
457,68550,0.0870226,0.15402505,0.1978039,0.19950865,150,0.0,1466,219900,0.5869927,0.53417706,0.49080285,0.48862752,0.6740153,0.6882021,0.6886068,0.6881362,0.3309649,0.34532493,0.34407946,0.3522442,22.29560310196503,0.0,0.0
465,69750,0.10130012,0.13742049,0.19505213,0.19867943,150,0.0,1501,225150,0.5747905,0.5468271,0.49368548,0.48938808,0.6760906,0.6842476,0.6887376,0.6880675,0.30176896,0.33760077,0.34528947,0.35203785,22.730722602856652,0.0,0.0
473,70950,0.37552276,0.095193945,0.185624,0.19667946,150,0.0,1532,229800,0.32608226,0.5889297,0.5025721,0.49132523,0.701605,0.68412364,0.6881961,0.68800473,0.32608226,0.31837642,0.34242684,0.35132903,22.765232920374462,0.0,0.0
481,72150,0.22611845,0.08562414,0.18260513,0.19696721,150,0.0,1565,234750,0.4560237,0.60294116,0.50623274,0.4910782,0.68214214,0.68856525,0.6888379,0.6880454,0.3298803,0.34276578,0.34356508,0.35128987,22.651796269583283,0.0,0.0
489,73350,0.31686282,0.20165035,0.18092987,0.19715878,150,0.0,1601,240150,0.36458337,0.49349147,0.5081377,0.4910409,0.6814462,0.6951418,0.6890675,0.68819976,0.36458337,0.37287349,0.34697655,0.351776,22.762910195195808,0.0,0.0
497,74550,0.09759951,0.1936826,0.1821402,0.19756263,150,0.0,1633,244950,0.58822954,0.5045346,0.50790447,0.49081746,0.68582904,0.6982173,0.69004464,0.68838006,0.32973656,0.34372842,0.34652442,0.35158145,22.495239549964776,0.0,0.0
505,75750,0.24100664,0.22766061,0.18148895,0.19790433,150,0.0,1669,250350,0.44482496,0.45779043,0.5083972,0.49044794,0.6858316,0.68545103,0.6898861,0.6883523,0.33546847,0.34051886,0.3472109,0.35148233,22.729965435687333,0.0,0.0
513,76950,0.35392398,0.23701584,0.18661015,0.19841498,150,0.0,1701,255150,0.32140946,0.44990015,0.5033689,0.48992208,0.67533344,0.686916,0.68997896,0.68833715,0.32140946,0.3451154,0.34657842,0.35135445,20.89627668690579,0.0,0.0
521,78150,0.26121727,0.22261739,0.18649954,0.1989171,150,0.0,1735,260250,0.4238915,0.47128743,0.50431925,0.48951328,0.6851088,0.69390476,0.6908188,0.6884304,0.31628525,0.35705242,0.3480163,0.3514301,22.92067845099795,0.0,0.0
529,79350,0.21897247,0.22156093,0.18567652,0.19935904,150,0.0,1769,265350,0.47874174,0.4660901,0.50448257,0.48901907,0.6977142,0.687651,0.6901591,0.6883781,0.3887017,0.3626806,0.34822884,0.35148996,20.83082168672066,0.0,0.0
537,80550,0.24748307,0.23857829,0.19315475,0.20000103,150,0.0,1798,269700,0.4370097,0.44800323,0.4967158,0.48837128,0.68449277,0.6865815,0.6898706,0.68837225,0.33447257,0.3555066,0.34861815,0.35153115,20.867998727512514,0.0,0.0
545,81750,0.18925655,0.29246122,0.20284167,0.20121054,150,0.0,1831,274650,0.5046271,0.38918495,0.48626405,0.48708794,0.69388366,0.68164617,0.68910575,0.68829846,0.35488018,0.3259109,0.3458471,0.35118648,20.887067320702204,0.0,0.0
553,82950,0.25958663,0.24381128,0.21047498,0.20190695,150,0.0,1863,279450,0.42510504,0.4402318,0.47799233,0.48632252,0.68469167,0.68404305,0.6884673,0.68822944,0.32749712,0.3414948,0.3449202,0.35103893,22.744489334833183,0.0,0.0
561,84150,0.3813141,0.26287487,0.21880734,0.20277779,150,0.0,1899,284850,0.301974,0.42008692,0.46968952,0.48537865,0.6832881,0.6829618,0.6884968,0.6881564,0.301974,0.33347443,0.34509513,0.35079062,22.93838313073657,0.0,0.0
569,85350,0.31065115,0.29139787,0.22792938,0.20391338,150,0.0,1932,289800,0.37662175,0.39965802,0.46116382,0.4843059,0.6872729,0.6910559,0.6890932,0.68821925,0.33992022,0.3363392,0.34602278,0.35057703,20.768897253798787,0.0,0.0
577,86550,0.33397692,0.29056722,0.24406767,0.20520599,150,0.0,1966,294900,0.35815072,0.40081263,0.44529235,0.48307475,0.69212765,0.69137985,0.6893599,0.68828076,0.31847245,0.3383577,0.34638923,0.35044393,22.780741425171556,0.0,0.0
585,87750,0.2896078,0.29991323,0.24936771,0.20642535,150,0.0,1998,299700,0.40686134,0.3897118,0.43948814,0.4818344,0.6964691,0.689625,0.6888558,0.6882598,0.37384343,0.34308383,0.3459047,0.35029715,22.523552698124966,0.0,0.0
593,88950,0.26454613,0.276933,0.2566457,0.20737484,150,0.0,2034,305100,0.433477,0.41294193,0.43146694,0.48090994,0.69802314,0.68987495,0.6881126,0.68828475,0.3605017,0.35235858,0.34333763,0.35030493,22.309844435308232,0.0,0.0
601,90150,0.31858206,0.2032753,0.2555068,0.2070379,150,0.0,2067,310050,0.36731416,0.48324847,0.4322277,0.48121065,0.6858962,0.68652374,0.6877346,0.6882485,0.33606866,0.35008627,0.34426266,0.3502967,22.57928312329351,0.0,0.0
609,91350,0.24897212,0.27104458,0.25675532,0.20779768,150,0.0,2100,315000,0.42919815,0.4182373,0.4310345,0.480469,0.67817026,0.6892818,0.68778986,0.6882667,0.32014063,0.34004083,0.34356326,0.35015613,22.468890288693064,0.0,0.0
617,92550,0.32972896,0.26151353,0.25805885,0.20834532,150,0.0,2130,319500,0.35190094,0.4213522,0.4287251,0.4797947,0.6816299,0.6828658,0.68678397,0.68814003,0.32952806,0.32997882,0.3419973,0.34982985,20.928722158434145,0.0,0.0
625,93750,0.1411972,0.26508725,0.2609315,0.20906805,150,0.0,2166,324900,0.5501085,0.4225021,0.42583203,0.47909248,0.6913057,0.6875893,0.68676347,0.6881605,0.33449888,0.35196376,0.34230697,0.34995788,20.850389661262895,0.0,0.0
633,94950,0.28065833,0.20916839,0.2617701,0.20922592,150,0.0,2201,330150,0.41558233,0.48035002,0.42526788,0.47896758,0.69624066,0.6895184,0.68703794,0.6881935,0.3540173,0.35265648,0.33967832,0.34979975,20.49609730923763,0.0,0.0
641,96150,0.19082513,0.20185444,0.2555411,0.20910941,150,0.0,2233,334950,0.48947915,0.48772606,0.431994,0.47908166,0.6803043,0.6895805,0.68753505,0.68819106,0.33428106,0.3423377,0.3406529,0.34968832,22.732918837221227,0.0,0.0
649,97350,0.19789398,0.16858348,0.24770065,0.20861526,150,0.0,2267,340050,0.48852015,0.518694,0.43985024,0.47954807,0.6864141,0.68727744,0.6875508,0.68816334,0.3177329,0.33855513,0.34079874,0.34952703,22.596902383536424,0.0,0.0
657,98550,0.34029722,0.22286454,0.24604507,0.20903562,150,0.0,2300,345000,0.35113108,0.46341985,0.4417757,0.4791145,0.6914283,0.6862844,0.68782073,0.6881501,0.3418237,0.32920238,0.33996677,0.34928697,20.92311019993042,0.0,0.0
665,99750,0.233509,0.22046535,0.24108261,0.20912346,150,0.0,2335,350250,0.45261258,0.47079033,0.44717437,0.47905827,0.6861216,0.69125575,0.68825704,0.6881817,0.45261258,0.34233844,0.34062758,0.3492225,22.479115606846577,0.0,0.0
673,100950,0.24863067,0.12575062,0.22774097,0.2078492,150,0.0,2365,354750,0.43413523,0.5587128,0.4600421,0.48030138,0.6827659,0.6844634,0.68778306,0.6881505,0.33416045,0.34232062,0.34169728,0.34920463,22.675578377262056,0.0,0.0
681,102150,0.026082754,0.17213193,0.21832375,0.20774464,150,0.0,2399,359850,0.6465673,0.5142006,0.46894464,0.4803801,0.67265004,0.6863326,0.6872684,0.6881247,0.3118088,0.33119664,0.3413478,0.34900358,22.428418479035653,0.0,0.0
689,103350,0.14716667,0.124586724,0.2045273,0.20650676,150,0.0,2431,364650,0.5459858,0.567918,0.48331735,0.48168772,0.6931525,0.69250476,0.68784463,0.6881945,0.34792444,0.33696246,0.34057117,0.3488713,22.707076341785918,0.0,0.0
697,104550,0.16674846,0.15312962,0.1961215,0.20603971,150,0.0,2467,370050,0.52709424,0.5365044,0.49196434,0.48221123,0.6938427,0.689634,0.6880858,0.68825096,0.34499586,0.32827044,0.33836636,0.34868369,22.73691980108462,0.0,0.0
705,105750,0.18322599,0.19964266,0.19777519,0.2061486,150,0.0,2500,375000,0.49822962,0.48603448,0.4903263,0.48207656,0.6814556,0.6856772,0.6881014,0.68822515,0.3218754,0.3359835,0.33830884,0.3485416,22.60887833125726,0.0,0.0
713,106950,0.20342681,0.20356326,0.19416429,0.20592695,150,0.0,2537,380550,0.47699347,0.48381954,0.49413705,0.48230052,0.6804203,0.6873828,0.68830127,0.6882275,0.31497955,0.3549044,0.34044507,0.34867343,21.04154626597316,0.0,0.0
721,108150,0.32476535,0.16379026,0.18539387,0.20580837,150,0.0,2570,385500,0.37446448,0.5243302,0.50308096,0.4823817,0.69922984,0.6881205,0.6884747,0.68819004,0.32198063,0.3547706,0.34061885,0.34848452,22.642637195582793,0.0,0.0
729,109350,0.3800198,0.29348773,0.19017851,0.20661686,150,0.0,2602,390300,0.31012872,0.3940338,0.49847853,0.481592,0.69014853,0.6875216,0.688657,0.6882089,0.31012872,0.32705754,0.33849266,0.3482735,22.602059709947245,0.0,0.0
737,110550,0.22191086,0.25950536,0.19269635,0.20710236,150,0.0,2637,395550,0.46075055,0.43040434,0.49571225,0.4811034,0.6826614,0.6899097,0.6884086,0.6882057,0.30500454,0.33361778,0.33766118,0.34809837,20.695844453267657,0.0,0.0
745,111750,0.3051941,0.2219725,0.19794889,0.20745327,150,0.0,2666,399900,0.3830094,0.4632656,0.49003163,0.48071313,0.6882035,0.68523806,0.6879805,0.6881665,0.30934638,0.32555282,0.33595115,0.34782198,22.635858465584242,0.0,0.0
753,112950,0.3616529,0.26379004,0.20383519,0.20808995,150,0.0,2704,405600,0.3237015,0.42106143,0.48417646,0.48004475,0.6853544,0.68485147,0.68801177,0.6881346,0.3237015,0.3201782,0.33527288,0.34753126,22.277697809476,0.0,0.0
761,114150,0.33846694,0.215312,0.19918126,0.20778704,150,0.0,2736,410400,0.34148264,0.47072276,0.4884595,0.48033604,0.6799496,0.6860348,0.68764067,0.688123,0.30124086,0.3320874,0.33474183,0.34739506,22.636740505329414,0.0,0.0
769,115350,0.2865077,0.25383142,0.21026069,0.20830254,150,0.0,2773,415950,0.41259357,0.43378004,0.47759506,0.479798,0.69910127,0.68761146,0.68785584,0.6881005,0.3580792,0.3285882,0.33276245,0.3471565,20.635294021951395,0.0,0.0
777,116550,0.37296858,0.18615139,0.21111026,0.20816144,150,0.0,2804,420600,0.32099065,0.50144583,0.47680843,0.4799294,0.69395924,0.6875972,0.68791854,0.68809086,0.32099065,0.3371668,0.33334595,0.3470682,22.68874570118019,0.0,0.0
785,117750,0.30023685,0.25156724,0.22021657,0.2088353,150,0.0,2835,425250,0.3785734,0.43429017,0.466951,0.4792188,0.67881024,0.6858574,0.6871675,0.688054,0.3340065,0.32408908,0.33234122,0.34682623,22.548591811508437,0.0,0.0
793,118950,0.2945657,0.2016935,0.223302,0.20856519,150,0.0,2872,430800,0.39941254,0.4868908,0.46388352,0.47949153,0.69397825,0.68858427,0.6871855,0.6880567,0.3377377,0.34043097,0.33305767,0.3467631,20.736812461832002,0.0,0.0
801,120150,0.17649174,0.21950579,0.22757971,0.20868601,150,0.0,2902,435300,0.5156728,0.46881357,0.45882884,0.4793467,0.69216454,0.6883193,0.6864085,0.6880327,0.35017225,0.32940897,0.33159456,0.34652066,22.395206413414023,0.0,0.0
809,121350,0.25507227,0.1558162,0.22295931,0.20829566,150,0.0,2937,440550,0.42100534,0.53138226,0.46382454,0.47972482,0.6760776,0.68719846,0.6867839,0.68802047,0.32281986,0.32481414,0.3313628,0.34631866,22.105759132502317,0.0,0.0
817,122550,0.16290659,0.20934081,0.2294706,0.20841229,150,0.0,2970,445500,0.5165461,0.4765907,0.45695767,0.47960195,0.67945266,0.6859315,0.6864283,0.6880142,0.31986663,0.3278411,0.32849655,0.34615898,22.37780703569007,0.0,0.0
825,123750,0.1813851,0.1917912,0.22244458,0.20824413,150,0.0,3003,450450,0.502366,0.49319062,0.46386108,0.4797338,0.6837511,0.6849818,0.68630576,0.68797785,0.32553634,0.33280984,0.32877013,0.34601894,22.651849280889216,0.0,0.0
833,124950,-0.014970541,0.14286478,0.21245542,0.2076852,150,0.0,3036,455400,0.6997325,0.55044734,0.47428435,0.48035988,0.68476194,0.6933121,0.6867398,0.6880451,0.33387095,0.3351611,0.32955056,0.34592843,22.588139598156285,0.0,0.0
841,126150,0.16752368,0.13137181,0.20112188,0.20672749,150,0.0,3069,460350,0.5114403,0.55499226,0.48545453,0.4812764,0.67896396,0.68636405,0.6865765,0.6880039,0.32807344,0.3337913,0.32968947,0.34577763,22.397472241660715,0.0,0.0
849,127350,0.26144093,0.1091489,0.18993555,0.20576198,150,0.0,3104,465600,0.4353268,0.5774819,0.49676394,0.48223096,0.69676775,0.68663085,0.6866994,0.68799293,0.35181382,0.340924,0.33098388,0.34573504,22.517819409440243,0.0,0.0
857,128550,0.15435952,0.1575653,0.18374136,0.20534255,150,0.0,3135,470250,0.52870065,0.5292755,0.50304806,0.4826398,0.68306017,0.6868408,0.6867894,0.6879824,0.32427198,0.33523098,0.33134526,0.34561417,22.62013663211764,0.0,0.0
865,129750,0.2560705,0.15032502,0.18019569,0.20497546,150,0.0,3168,475200,0.44417232,0.5334734,0.5066025,0.4829757,0.7002428,0.68379843,0.6867981,0.6879512,0.355103,0.3253823,0.3317415,0.34544364,22.539897940462655,0.0,0.0
873,130950,0.03688985,0.17507116,0.17431758,0.20468314,150,0.0,3201,480150,0.64607894,0.50897944,0.512165,0.48323005,0.6829688,0.68405056,0.6864826,0.68791324,0.30901033,0.33055043,0.331202,0.34533402,22.103614063667287,0.0,0.0
881,132150,0.11048317,0.2314796,0.18049835,0.20514262,150,0.0,3235,485250,0.58185405,0.45310014,0.50599647,0.48274255,0.6923372,0.68457973,0.68649477,0.68788517,0.33983114,0.32243997,0.33106002,0.34510487,22.681883733974306,0.0,0.0
889,133350,0.20887482,0.2425277,0.1754647,0.2051949,150,0.0,3269,490350,0.47390872,0.44959244,0.5116,0.48272645,0.68278354,0.6921202,0.68706465,0.6879214,0.32623827,0.33926645,0.33174974,0.3450864,22.580433059234185,0.0,0.0
897,134550,0.30409318,0.22666332,0.18093863,0.20558736,150,0.0,3306,495900,0.3768217,0.45896235,0.5057536,0.48229986,0.6809149,0.6856257,0.6866922,0.68788725,0.30261084,0.33358067,0.33136168,0.3449614,20.659766194107537,0.0,0.0
905,135750,0.37936857,0.26699275,0.18600498,0.20626843,150,0.0,3335,500250,0.30197915,0.41248566,0.4997992,0.48154512,0.6813477,0.6794784,0.6858043,0.6878136,0.30197915,0.31631714,0.33072665,0.34471926,22.52300197576599,0.0,0.0
913,136950,0.3046108,0.30247802,0.19786666,0.20727932,150,0.0,3372,505800,0.38929653,0.37954658,0.48797244,0.48050356,0.6939073,0.6820246,0.6858392,0.6877829,0.3258857,0.32713714,0.33105633,0.3445798,22.665155621707605,0.0,0.0
921,138150,0.3326433,0.30523923,0.20355448,0.20803256,150,0.0,3403,510450,0.352846,0.3783421,0.48228076,0.47969878,0.6854893,0.68358135,0.6858352,0.6877313,0.3329824,0.32450315,0.33078998,0.34437868,22.519380619101707,0.0,0.0
929,139350,0.33537737,0.23020688,0.21057414,0.20808259,150,0.0,3438,515700,0.3542432,0.45115986,0.4748936,0.47961688,0.68962055,0.6813667,0.68546766,0.68769944,0.34244508,0.3258066,0.3298728,0.34421673,22.298911781393358,0.0,0.0
937,140550,0.16961598,0.2043598,0.21735157,0.20809098,150,0.0,3471,520650,0.5255327,0.48215055,0.46753615,0.47961104,0.6951487,0.6865104,0.6848877,0.687702,0.3561097,0.33304352,0.32950673,0.34413874,22.496103425231354,0.0,0.0
945,141750,0.1687237,0.19194607,0.22301474,0.20814638,150,0.0,3506,525900,0.52780306,0.49306282,0.4620416,0.4795355,0.69652677,0.6850089,0.6850563,0.68768185,0.35251972,0.34007758,0.330603,0.34413838,20.986663976725605,0.0,0.0
953,142950,0.3608417,0.0701416,0.21796432,0.20681722,150,0.0,3537,530550,0.31980062,0.6160704,0.46701965,0.48087204,0.6806423,0.68621194,0.68498397,0.6876893,0.31050152,0.33191296,0.32954302,0.34403428,22.576509658320983,0.0,0.0
961,144150,0.34400532,0.22377665,0.2294663,0.20767494,150,0.0,3571,535650,0.34858242,0.46522474,0.45587263,0.48003167,0.69258773,0.68900144,0.6853388,0.68770665,0.345318,0.33157283,0.32996196,0.34394217,22.6855951755264,0.0,0.0
969,145350,0.07047176,0.24952404,0.23538919,0.20789647,150,0.0,3605,540750,0.6307911,0.43899617,0.45035663,0.47981352,0.7012629,0.6885202,0.68574584,0.68771,0.3492917,0.3345534,0.3306609,0.34387413,22.545006655508814,0.0,0.0
977,146550,0.056180716,0.2979458,0.24540685,0.20863195,150,0.0,3641,546150,0.6206985,0.38773984,0.4405891,0.47906396,0.6768792,0.6856857,0.68599594,0.68769586,0.32404512,0.32133693,0.3297973,0.3436591,20.715988284510562,0.0,0.0
985,147750,0.07596731,0.21113399,0.23287253,0.20841683,150,0.0,3674,551100,0.6196271,0.47285056,0.45262244,0.47925848,0.69559443,0.6839845,0.685495,0.6876753,0.34696448,0.32935303,0.3297851,0.34355798,22.045671845277862,0.0,0.0
993,148950,0.25135547,0.1633685,0.23031752,0.20801075,150,0.0,3708,556200,0.4250626,0.5288264,0.45548496,0.4797075,0.67641807,0.6921949,0.68580264,0.6877183,0.32757154,0.3378793,0.3294596,0.3435088,22.46425715843209,0.0,0.0
1001,150150,-0.015134513,0.17120865,0.22338542,0.2082804,150,0.0,3742,561300,0.70404416,0.519107,0.46311054,0.4794173,0.68890965,0.6903156,0.68649596,0.6876977,0.33968288,0.33659828,0.33102554,0.34238666,22.633665473559745,0.0,0.0
1009,151350,0.067955315,0.06361725,0.20310006,0.20826758,150,0.0,3770,565500,0.6124912,0.6223773,0.48379958,0.4794317,0.6804465,0.6859945,0.68689966,0.68769926,0.33669624,0.3266797,0.33117053,0.3408459,22.573166687434675,0.0,0.0
1017,152550,-0.024410248,0.066314794,0.18189867,0.20769475,150,0.0,3805,570750,0.7133015,0.622043,0.5053262,0.48001513,0.68889123,0.6883577,0.68722475,0.6877099,0.30992514,0.33301586,0.33216137,0.34012353,22.63185879348021,0.0,0.0
1025,153750,-0.036333382,0.072970584,0.16535082,0.20704691,150,0.0,3839,575850,0.7262926,0.6161975,0.5219906,0.480645,0.6899592,0.6891681,0.6873414,0.68769187,0.33399618,0.33461255,0.33185846,0.3395559,22.804338925990223,0.0,0.0
1033,154950,-0.02768004,0.061311215,0.15113595,0.20661664,150,0.0,3872,580800,0.71378326,0.6334084,0.5373017,0.48118266,0.6861032,0.69471955,0.6884377,0.68779933,0.31123886,0.33626923,0.33273286,0.33896387,19.315081172875562,0.0,0.0
1041,156150,0.3602039,0.0048847883,0.13437146,0.20590404,150,0.0,3906,585900,0.32325354,0.6807934,0.5536982,0.48183575,0.68345743,0.6856782,0.6880697,0.68773973,0.32325354,0.3222744,0.33124828,0.33785036,22.526861630859514,0.0,0.0
1049,157350,0.14323044,0.13163981,0.13133116,0.20666492,150,0.0,3940,591000,0.54840976,0.55150354,0.5564177,0.48104486,0.6916402,0.68314326,0.68774885,0.6877097,0.33913556,0.327861,0.3299922,0.33733118,20.956429973323875,0.0,0.0
1057,158550,0.32071295,0.12190249,0.13315475,0.20641865,150,0.0,3973,595950,0.36920854,0.56726056,0.5551079,0.48135853,0.6899215,0.68916297,0.6882627,0.6877772,0.3281967,0.33741757,0.33109024,0.33724934,22.42374607737631,0.0,0.0
1065,159750,0.36171466,0.11997604,0.12145952,0.20724975,150,0.0,4007,601050,0.33712476,0.5743909,0.5671021,0.48061487,0.6988394,0.6943669,0.6885615,0.6878646,0.33712476,0.34890145,0.33229825,0.33655074,22.69106395379452,0.0,0.0
1073,160950,-0.09883064,0.069542006,0.10643658,0.20677963,150,0.0,4042,606300,0.78607845,0.62160087,0.58227104,0.48103917,0.6872478,0.6911429,0.6887076,0.68781877,0.3240109,0.34251213,0.33312497,0.335883,20.623148955771025,0.0,0.0
1081,162150,-0.21513343,-0.016039211,0.08481468,0.20555176,150,0.0,4076,611400,0.8934851,0.6972321,0.6036494,0.48221675,0.6783517,0.681193,0.6884641,0.6877686,0.32377106,0.32259807,0.33297074,0.33519214,22.501893262417866,0.0,0.0
1089,163350,-0.19323659,0.021670291,0.07296275,0.20330778,150,0.0,4112,616800,0.88565916,0.66306674,0.61504483,0.48445728,0.69242257,0.6847371,0.68800753,0.68776506,0.34234446,0.33075416,0.33218673,0.33529738,20.836197233447653,0.0,0.0
1097,164550,-0.15810674,-0.04036137,0.05778892,0.20033747,150,0.0,4146,621900,0.85737306,0.72975206,0.6304024,0.48744795,0.6992663,0.6893906,0.68819124,0.6877854,0.3540881,0.35216367,0.33419597,0.33549097,22.596365111399262,0.0,0.0
1105,165750,-0.21021271,-0.09150662,0.04158841,0.19822645,150,0.0,4178,626700,0.8990454,0.7806079,0.6466501,0.4895473,0.6888327,0.68910134,0.68823844,0.6877738,0.36341992,0.35424086,0.33541867,0.3353157,22.889659753551786,0.0,0.0
1113,166950,0.14313388,0.14020583,0.049660638,0.19847628,150,0.0,4216,632400,0.546959,0.5530243,0.6392902,0.48939368,0.69009286,0.6932302,0.6889508,0.68786997,0.43553185,0.35484245,0.3375949,0.33544365,20.7819621810897,0.0,0.0
1121,168150,0.27311683,0.071773924,0.05149497,0.19695252,150,0.0,4251,637650,0.4160233,0.6133582,0.6367485,0.49087697,0.68914014,0.68513215,0.6882435,0.6878295,0.32918727,0.34949404,0.33766282,0.3356167,22.792729765745324,0.0,0.0
1129,169350,-0.15044606,0.014930969,0.04521286,0.19504806,150,0.0,4280,642000,0.8385757,0.67096263,0.6429361,0.4927472,0.68812966,0.6858936,0.68814903,0.6877953,0.43849194,0.34406048,0.33898792,0.33585033,22.62176655964265,0.0,0.0
1137,170550,-0.1351068,-0.20284204,0.025713174,0.19153385,150,0.0,4315,647250,0.83811086,0.8930317,0.6620227,0.49634513,0.70300406,0.69018966,0.6877359,0.68787897,0.51482826,0.4001197,0.34495658,0.33658862,20.79016049990582,0.0,0.0
1145,171750,-0.12834108,-0.33096766,-0.00072861195,0.1879874,150,0.0,4351,652650,0.8149021,1.0206492,0.689067,0.49990666,0.68656105,0.68968165,0.68833846,0.68789405,0.31416023,0.41841736,0.35305405,0.33743936,22.724812783111737,0.0,0.0
1153,172950,-0.1429385,-0.055887103,-0.015387061,0.1866614,150,0.0,4385,657750,0.82815534,0.7413869,0.7037143,0.5011924,0.68521684,0.6854998,0.68832725,0.6878538,0.30368024,0.39076227,0.35773027,0.33801702,22.566783206035076,0.0,0.0
1161,174150,0.358373,0.15698126,-0.01402929,0.186415,150,0.0,4417,662550,0.32883352,0.5261163,0.70180476,0.50141346,0.6872065,0.6830976,0.6877755,0.6878285,0.32883352,0.33588275,0.35660726,0.33806893,20.213436620545504,0.0,0.0
1169,175350,0.3567083,0.058961958,-0.019331897,0.1844779,150,0.0,4451,667650,0.33867043,0.6333722,0.70715106,0.50344926,0.6953787,0.69233406,0.6878191,0.6879271,0.33392057,0.33235636,0.355345,0.33822662,20.69858909415741,0.0,0.0
1177,176550,0.3086453,0.09764924,-0.005507631,0.18398312,150,0.0,4479,671850,0.38319898,0.5950558,0.6941265,0.5039451,0.6918443,0.69270504,0.6886189,0.6879282,0.38319898,0.34401047,0.35677117,0.33830762,22.671403713300286,0.0,0.0
1185,177750,0.2920565,-0.120930634,-0.013997278,0.1802731,150,0.0,4506,675900,0.39867055,0.8112852,0.7029362,0.50762296,0.69072706,0.69035465,0.688939,0.68789613,0.39867055,0.3533533,0.359114,0.33853272,22.893370366161488,0.0,0.0
1193,178950,-0.043346465,0.12737975,0.00024261892,0.17935804,150,0.0,4534,680100,0.7269391,0.5574511,0.6884851,0.5084669,0.6835926,0.68483084,0.6887278,0.68782496,0.31963944,0.3744519,0.36238062,0.3389333,20.842017429964997,0.0,0.0
1201,180150,0.07807642,0.025990183,0.0019252736,0.17730442,150,0.0,4558,683700,0.6119419,0.65756565,0.6862179,0.5105113,0.6900183,0.68355584,0.6881431,0.6878157,0.4545921,0.35776582,0.3619555,0.33913887,22.435389531045907,0.0,0.0
1208,181200,-1.004767,-0.013590467,0.006619521,0.17639466,150,0.0,4585,687750,1.6867388,0.7003004,0.6812782,0.5114459,0.68197185,0.68670994,0.68789786,0.6878406,0.4096055,0.40649933,0.36627698,0.3396864,20.731902741306257,0.0,0.0
1216,182400,0.08911985,0.024713997,0.0013595917,0.17453933,150,0.0,4607,691050,0.60206157,0.66202885,0.6864322,0.51327366,0.6911814,0.68674284,0.68779176,0.687813,0.35162047,0.39158675,0.36848533,0.34011707,20.813248427433372,0.0,0.0
1224,183600,0.09443259,0.054712802,-0.0128062125,0.17274942,150,0.0,4631,694650,0.5949181,0.63418716,0.7011921,0.51506215,0.68935066,0.68889993,0.6883859,0.6878115,0.39457166,0.39901918,0.3744074,0.34055358,21.09219265260408,0.0,0.0
1232,184800,-1.5161185,0.03513476,0.0053535295,0.1711482,150,0.0,4659,698850,2.1982567,0.6538569,0.6831765,0.5165833,0.6821382,0.68899167,0.6885302,0.6877315,0.3117953,0.3991339,0.37619743,0.34100673,22.558350307043472,0.0,0.0
1240,186000,0.22865865,-0.11765921,0.019570373,0.16817914,150,0.0,4684,702600,0.4659098,0.79812247,0.6680557,0.51946783,0.69456846,0.6804632,0.68762606,0.687647,0.4381281,0.39626354,0.37510368,0.34151283,22.681120822560942,0.0,0.0
1248,187200,0.1631484,0.07689746,0.039027125,0.16723904,150,0.0,4711,706650,0.5190603,0.6068365,0.6486601,0.52038836,0.6822087,0.683734,0.6876872,0.6876274,0.30840364,0.383953,0.37420884,0.34188262,22.54395726167567,0.0,0.0
1256,188400,0.3715316,0.20502321,0.05204112,0.16677526,150,0.0,4736,710400,0.32945478,0.4776155,0.6354088,0.52076745,0.7009864,0.68263876,0.68744993,0.68754274,0.32945478,0.34584692,0.37156403,0.34197283,22.5577469273079,0.0,0.0
1264,189600,0.018031836,0.20839551,0.05414941,0.16658118,150,0.0,4762,714300,0.66918224,0.47997922,0.63372964,0.5209805,0.6872141,0.68837464,0.687879,0.68756163,0.21871251,0.345252,0.3729943,0.3420631,20.60218396138479,0.0,0.0
1272,190800,-1.6935723,0.019468045,0.046758443,0.16442151,150,0.0,4785,717750,2.3931532,0.67099464,0.64035296,0.5231572,0.69958085,0.6904627,0.68711126,0.6875787,0.34340084,0.33595702,0.37192252,0.34190333,22.616338446174968,0.0,0.0
1280,192000,0.18202168,-0.108008265,0.031343658,0.1614176,150,0.0,4810,721500,0.50083995,0.79442394,0.65555984,0.5261451,0.6828616,0.6864157,0.6869035,0.6875627,0.3262531,0.37406176,0.375012,0.34230736,22.767010701890698,0.0,0.0
1288,193200,0.32553425,0.14533955,0.049858063,0.1609083,150,0.0,4835,725250,0.37287715,0.54067624,0.6369319,0.5266603,0.6984114,0.6860157,0.68679,0.6875686,0.37287715,0.3341917,0.37244526,0.34234303,20.9389724612063,0.0,0.0
1296,194400,0.15827578,0.17558813,0.05350426,0.16060758,150,0.0,4862,729300,0.5125925,0.51773024,0.6339679,0.52702874,0.6708683,0.6933183,0.68747216,0.6876364,0.29686558,0.33510822,0.369257,0.34246093,20.946707926237774,0.0,0.0
1304,195600,-0.027541399,0.17358445,0.06823824,0.15978009,150,0.0,4888,733200,0.7098514,0.51191556,0.6193435,0.52786285,0.68231,0.6855,0.68758184,0.68764293,0.34780386,0.3582703,0.3681073,0.34272632,22.555655568589874,0.0,0.0
1313,196950,0.20087019,0.025489688,0.07027523,0.15763672,150,0.0,4911,736650,0.48745206,0.66202086,0.61746216,0.53003365,0.68832225,0.68751055,0.6877372,0.6876703,0.33852714,0.34896347,0.3648019,0.3428751,20.052297292533684,0.0,0.0
1321,198150,0.0847069,0.042109706,0.076964326,0.15754116,150,0.0,4933,739950,0.60057795,0.6506663,0.61108303,0.5301773,0.68528485,0.692776,0.68804735,0.68771845,0.44619066,0.35367966,0.36167106,0.34309044,22.714713764082752,0.0,0.0
1329,199350,-0.9369717,0.06721315,0.0776969,0.15606451,150,0.0,4954,743100,1.6317468,0.62357324,0.61000353,0.53167665,0.69477504,0.6907863,0.68770033,0.68774116,0.4090314,0.37082988,0.35979426,0.34350955,22.859633528971113,0.0,0.0
1337,200550,0.16713297,-0.13378415,0.07134414,0.15274328,150,0.0,4982,747300,0.5283662,0.81754476,0.6165025,0.5350271,0.6954992,0.68376064,0.6878466,0.68777037,0.3611908,0.35714108,0.3556568,0.3437212,22.534277395366743,0.0,0.0
1345,201750,0.07286203,0.23834518,0.08608946,0.15260059,150,0.0,5006,750900,0.61830825,0.44820923,0.60202575,0.535157,0.6911703,0.68655443,0.68811506,0.6877576,0.3553912,0.35752422,0.35402817,0.34394166,22.447136383282388,0.0,0.0
1353,202950,0.0794934,0.087455615,0.074234076,0.15119652,150,0.0,5031,754650,0.6081819,0.6050024,0.614537,0.53661215,0.6876753,0.69245803,0.68877107,0.68780863,0.41888204,0.35539612,0.35342848,0.34406117,20.895875537495897,0.0,0.0
1361,204150,0.07486004,0.22322588,0.0754441,0.15168612,150,0.0,5055,758250,0.6130672,0.46656036,0.6135657,0.5361185,0.68792725,0.68978626,0.6890098,0.68780464,0.4735339,0.3374124,0.35375187,0.3439646,22.584543477623306,0.0,0.0
1369,205350,0.096292675,0.27233797,0.07949222,0.15225616,150,0.0,5078,761700,0.59811926,0.41451016,0.60912055,0.53555965,0.69441193,0.6868481,0.68861276,0.6878158,0.31299555,0.34006482,0.35415664,0.3440655,22.514494601260914,0.0,0.0
1377,206550,0.19493347,0.24659184,0.12603574,0.15194748,150,0.0,5101,765150,0.48938215,0.4468544,0.5633294,0.5359305,0.6843156,0.6934463,0.6893651,0.6878781,0.33181503,0.3542174,0.35243693,0.344258,22.603080413818716,0.0,0.0
1385,207750,0.5077598,0.14302401,0.1251447,0.15140283,150,0.0,5121,768150,0.17713457,0.5409255,0.56410205,0.53645116,0.6848944,0.68394953,0.6892468,0.687854,0.17713457,0.35150474,0.35304835,0.34432593,22.69789380904709,0.0,0.0
1393,208950,-0.8120059,0.16831481,0.12756509,0.15111029,150,0.0,5143,771450,1.4995677,0.516883,0.5612989,0.53669155,0.68756187,0.68519783,0.688864,0.68780184,0.32345793,0.33459705,0.3528113,0.34414172,22.6500755757827,0.0,0.0
1401,210150,0.30209062,0.029254252,0.10682208,0.1491749,150,0.0,5165,774750,0.37400183,0.6543622,0.58150715,0.53862196,0.67609245,0.6836165,0.6883292,0.6877969,0.31937823,0.3490911,0.35410318,0.3442981,24.851355936039592,0.0,0.0
1408,211200,0.30866912,-0.07713833,0.10410246,0.14811453,150,0.0,5187,778050,0.39724436,0.76008874,0.58417225,0.53963625,0.7059135,0.6829504,0.6882747,0.6877508,0.39724436,0.36365396,0.35362703,0.3444181,22.333073704876778,0.0,0.0
1416,212400,0.07677233,0.15098782,0.114927076,0.14769311,150,0.0,5210,781500,0.6200124,0.54463965,0.5736312,0.54011554,0.69678473,0.69562745,0.6885583,0.68780863,0.44120744,0.39204,0.35640115,0.34469786,22.670300858598385,0.0,0.0
1424,213600,0.27423683,0.07358644,0.10408081,0.14624842,150,0.0,5232,784800,0.41647366,0.6183915,0.58451223,0.54161465,0.6907105,0.6919779,0.68859315,0.687863,0.35493138,0.42254862,0.3611885,0.3454341,22.67240781285502,0.0,0.0
1432,214800,-1.3833348,0.07950083,0.11996675,0.14513654,150,0.0,5258,788700,2.0791154,0.6067733,0.56838244,0.5427007,0.69578063,0.6862742,0.68834925,0.6878372,0.42601994,0.37487534,0.3611995,0.34569305,21.05373835724142,0.0,0.0
1439,215850,-1.6314888,-0.20777175,0.107610255,0.14226277,150,0.0,5279,791850,2.3190188,0.898732,0.5813949,0.5455544,0.6875301,0.6909602,0.6890052,0.68781716,0.4428498,0.38645172,0.364815,0.3459855,23.69610440324645,0.0,0.0
1447,217050,-1.3895062,-0.23155597,0.06332858,0.13860565,150,0.0,5300,795000,2.0750327,0.9194687,0.62554634,0.54917973,0.6855265,0.68791264,0.68887496,0.6877854,0.3879952,0.40069062,0.36820588,0.34627235,22.79282224861649,0.0,0.0
1455,218250,0.29355145,-0.47184935,0.016541619,0.13292927,150,0.0,5324,798600,0.39008242,1.1573495,0.67184645,0.5548192,0.68363386,0.6855001,0.6883881,0.68774855,0.39008242,0.37582967,0.36857527,0.34646145,22.578612178841084,0.0,0.0
1463,219450,0.2285308,-0.4780434,-0.042574286,0.1278091,150,0.0,5348,802200,0.4545596,1.1690094,0.7309595,0.5599902,0.6830904,0.69096595,0.6883852,0.68779933,0.35181138,0.36847514,0.37090605,0.34677398,22.650622744372463,0.0,0.0
1471,220650,0.13101155,0.014452058,-0.065060064,0.12581475,150,0.0,5372,805800,0.5485519,0.6686872,0.7533838,0.56197834,0.67956346,0.6831394,0.6883236,0.6877931,0.4050707,0.37436572,0.3741388,0.34719792,22.621232984652654,0.0,0.0
1479,221850,0.2471562,0.20811245,-0.06771238,0.12683396,150,0.0,5395,809250,0.42270893,0.48042902,0.75556517,0.5609493,0.66986513,0.68854153,0.68785256,0.6877833,0.35662785,0.38171244,0.3754883,0.34750697,22.687411263708643,0.0,0.0
1488,223200,0.119009614,-0.00075778365,-0.08090672,0.124459304,150,0.0,5420,813000,0.56245345,0.6912333,0.7690846,0.56328773,0.68146306,0.69047546,0.68817794,0.687747,0.24713846,0.33717588,0.3762148,0.347195,20.93742828344035,0.0,0.0
1496,224400,0.28814963,0.2531771,-0.08109512,0.12519583,150,0.0,5446,816900,0.39492986,0.43159032,0.76955116,0.5624292,0.6830795,0.6847674,0.68845594,0.687625,0.3702053,0.32618564,0.37652168,0.34713727,20.81452367987472,0.0,0.0
1504,225600,0.34360695,0.17303343,-0.053742986,0.12468798,150,0.0,5468,820200,0.341676,0.5145131,0.74272156,0.56296474,0.68528295,0.68754655,0.68897855,0.6876527,0.33612108,0.33687115,0.37462136,0.34708917,22.726671278137932,0.0,0.0
1512,226800,0.15957749,0.20037296,-0.052119244,0.12425024,150,0.0,5494,824100,0.51964533,0.48543555,0.74057996,0.5633904,0.6792228,0.68580854,0.6884607,0.6876406,0.3992249,0.3193902,0.3711706,0.346989,22.64142795264783,0.0,0.0
1520,228000,-0.8118494,0.057126183,-0.054967154,0.12258884,150,0.0,5519,827850,1.4992485,0.62778157,0.7426851,0.5649978,0.6873991,0.6849078,0.687718,0.6875866,0.3657486,0.3829551,0.3681196,0.34733343,20.63790550577836,0.0,0.0
1528,229200,0.35827997,0.08403185,-0.06401659,0.12114474,150,0.0,5541,831150,0.32834116,0.60343766,0.75169367,0.56642085,0.6866211,0.6874695,0.6876771,0.68756557,0.30711886,0.35592407,0.36405194,0.34715474,22.58882003027494,0.0,0.0
1536,230400,0.3074121,0.076264106,-0.036887087,0.11953595,150,0.0,5562,834300,0.38659,0.6129468,0.72436196,0.56803554,0.6940021,0.6892109,0.68747497,0.6875715,0.38659,0.3680398,0.361942,0.34717613,20.772969876622255,0.0,0.0
1544,231600,0.1474083,-0.19413649,-0.04215287,0.116341755,150,0.0,5585,837750,0.5309755,0.8835891,0.72958887,0.57128334,0.6783838,0.6894525,0.68743604,0.68762505,0.39368367,0.40607533,0.36192986,0.34775525,22.469122195987328,0.0,0.0
1552,232800,0.1721502,0.07716807,0.0184817,0.1148203,150,0.0,5612,841800,0.5058474,0.6102167,0.6692392,0.57284,0.6779976,0.6873847,0.68772095,0.6876603,0.34135112,0.38572213,0.3615773,0.348028,22.427463056364676,0.0,0.0
1560,234000,0.210006,0.26414186,0.08092744,0.11505613,150,0.0,5634,845100,0.48393178,0.42046213,0.60598445,0.5726023,0.6939378,0.6846039,0.68691194,0.68765837,0.31081194,0.33128455,0.35812178,0.34802553,20.91422686977205,0.0,0.0
1568,235200,0.32161126,0.059493423,0.09478262,0.11261094,150,0.0,5658,848700,0.35025582,0.6277945,0.5926079,0.57500964,0.6718671,0.6872879,0.6873905,0.6876206,0.35025582,0.33579004,0.35628214,0.34802726,22.64631216364376,0.0,0.0
1576,236400,0.35211578,0.12813297,0.095968015,0.11218467,150,0.0,5684,852600,0.33521685,0.55710894,0.5910858,0.575384,0.68733263,0.68524194,0.6870537,0.6875687,0.3078823,0.33017883,0.35099384,0.34795895,22.166745759089423,0.0,0.0
1584,237600,0.21264583,0.053896468,0.08141255,0.110025235,150,0.0,5710,856500,0.54317373,0.6357914,0.6051395,0.5775481,0.75581956,0.68968785,0.68655205,0.6875734,0.39206982,0.3467117,0.34977058,0.3480345,22.410021522533583,0.0,0.0
1592,238800,0.31856325,-0.246694,0.065648854,0.10577646,150,0.0,5735,860250,0.3563529,0.94169855,0.62206984,0.5818433,0.67491615,0.6950046,0.6877186,0.68761975,0.29980522,0.34804106,0.35211143,0.347972,22.4649100934906,0.0,0.0
1600,240000,0.122269094,-0.104950234,0.027343182,0.10256839,150,0.0,5762,864300,0.56908125,0.7925331,0.6602952,0.5850717,0.69135034,0.6875829,0.68763834,0.68764,0.34781283,0.35095263,0.35237435,0.3480445,20.833008272333345,0.0,0.0
1608,241200,0.30388615,-0.18490832,0.0066852705,0.09929585,150,0.0,5790,868500,0.36966679,0.8805955,0.68149567,0.58840406,0.67355293,0.6956872,0.6881811,0.6877,0.36484644,0.35653657,0.35451695,0.34809703,20.851762074875367,0.0,0.0
1616,242400,-2.2607229,-0.13223189,-0.027618155,0.095463306,150,0.0,5817,872550,2.9442494,0.81745994,0.71577835,0.5922565,0.6835266,0.68522805,0.68816024,0.6877197,0.41436714,0.34379917,0.3529039,0.34818292,22.514217443950873,0.0,0.0
1624,243600,0.43417135,0.028125172,-0.0016567677,0.09438406,150,0.0,5843,876450,0.31232628,0.6576905,0.6902798,0.5933318,0.74649763,0.68581575,0.68862295,0.6877158,0.31173143,0.34454554,0.3514257,0.34805036,22.29290915410335,0.0,0.0
1632,244800,0.3878044,0.0006760955,-0.019442888,0.09325299,150,0.0,5867,880050,0.30950373,0.6910267,0.7081257,0.5944778,0.6973081,0.69170284,0.6886829,0.6877308,0.30950373,0.31939292,0.34886357,0.34790978,22.661799409524793,0.0,0.0
1639,245850,-0.6516297,0.04578767,-0.011288331,0.09239383,150,0.0,5891,883650,1.4031632,0.640771,0.6997378,0.59534067,0.7515335,0.6865586,0.6884493,0.6877345,0.31817415,0.32808194,0.34418893,0.34787464,23.705431903254485,0.0,0.0
1647,247050,0.3269909,0.20553307,0.020901723,0.09234114,150,0.0,5917,887550,0.34540278,0.48346868,0.66795236,0.5954117,0.6723937,0.6890018,0.68885404,0.6877529,0.31025672,0.30643356,0.33820975,0.34757197,20.654618257536445,0.0,0.0
1655,248250,-0.8789175,-0.019936541,-0.0018175164,0.0899321,150,0.0,5943,891450,1.5692245,0.70377773,0.6903987,0.5978092,0.69030696,0.6838412,0.68858117,0.6877413,0.34114134,0.32478487,0.33654606,0.34768993,22.159919552395728,0.0,0.0
1663,249450,0.14719504,-0.083719514,-0.02663985,0.08675671,150,0.0,5968,895200,0.544497,0.7671199,0.7151472,0.6009041,0.69169205,0.68340033,0.68850726,0.68766075,0.3472949,0.31966323,0.33578598,0.3474513,22.432371355877414,0.0,0.0
1672,250800,0.10094416,0.25449198,-0.01875398,0.08773559,150,0.0,5995,899250,0.57461804,0.44182047,0.7082684,0.6000519,0.6755622,0.6963124,0.6895144,0.6877875,0.32041156,0.32614514,0.33448413,0.34731728,22.507626495069214,0.0,0.0
1680,252000,0.37987927,-0.19574988,-0.05477101,0.08377365,150,0.0,6018,902700,0.31213793,0.8786479,0.74373746,0.6039628,0.6920172,0.6828981,0.6889664,0.68773645,0.31213793,0.3387475,0.335091,0.34734625,22.494655627171404,0.0,0.0
1687,253050,0.27464095,-0.27830583,-0.05973608,0.08182294,150,0.0,6049,907350,0.4420893,0.96459025,0.7479564,0.6058417,0.71673024,0.68628454,0.6882202,0.68766457,0.40992728,0.33758122,0.3330413,0.3472954,20.674712449757124,0.0,0.0
1695,254250,0.30288786,-0.17817447,-0.033176553,0.07994357,150,0.0,6075,911250,0.3871463,0.87309825,0.7223224,0.6077755,0.69003415,0.6949238,0.68914586,0.68771905,0.33925462,0.34962752,0.33453256,0.3474948,20.67319409440771,0.0,0.0
1703,255450,0.2484169,0.047386456,-0.02133027,0.07876999,150,0.0,6100,915000,0.43337524,0.6426569,0.7104118,0.60897326,0.68179214,0.6900433,0.6890814,0.6877433,0.3358727,0.34969115,0.33313045,0.3475612,22.59069690534193,0.0,0.0
1711,256650,0.30972967,-0.06315845,-0.02239747,0.077349156,150,0.0,6125,918750,0.36438486,0.7521668,0.7112347,0.6104224,0.6741145,0.68900836,0.68883723,0.6877715,0.30919188,0.34366116,0.33412352,0.34768724,22.471882982659615,0.0,0.0
1719,257850,0.35076943,0.15752913,0.017586168,0.07864361,150,0.0,6155,923250,0.33350483,0.5220793,0.67091596,0.6090435,0.68427426,0.67960846,0.6885022,0.6876871,0.32079065,0.32452503,0.33202517,0.34732476,22.556951097772725,0.0,0.0
1727,259050,0.3729743,0.2793562,0.037064426,0.07865034,150,0.0,6178,926700,0.32296762,0.40288615,0.65010667,0.6090136,0.6959419,0.6822424,0.6871711,0.6876639,0.32296762,0.32848486,0.33152243,0.34737217,22.727534136875803,0.0,0.0
1735,260250,0.27115762,0.025576074,0.034516815,0.07601846,150,0.0,6205,930750,0.4273013,0.662195,0.6528514,0.6116248,0.6984589,0.687771,0.68736815,0.68764323,0.34469974,0.32503632,0.33151677,0.3473195,22.718860093489766,0.0,0.0
1743,261450,0.2642212,0.28740194,0.042127028,0.076456286,150,0.0,6229,934350,0.42086166,0.39576513,0.64475614,0.61117774,0.68508285,0.6831671,0.6868832,0.68763405,0.31727558,0.31912777,0.33158505,0.34727147,22.474844359319388,0.0,0.0
1751,262650,-1.2458715,-0.100412235,0.017790617,0.07289322,150,0.0,6258,938700,1.93202,0.78283995,0.6690345,0.6147276,0.68614846,0.6824277,0.68682516,0.6876209,0.40407076,0.3209548,0.33191514,0.3472844,20.488072513987934,0.0,0.0
1759,263850,0.3890831,-0.18667683,0.04509038,0.07139336,150,0.0,6285,942750,0.3178349,0.8734843,0.64193976,0.6162489,0.706918,0.68680745,0.6870301,0.6876423,0.3178349,0.3378893,0.33281672,0.34740037,20.799264650021453,0.0,0.0
1767,265050,0.34414455,0.11192296,0.035496876,0.06982901,150,0.0,6310,946500,0.343834,0.5773769,0.65192664,0.61783594,0.68797857,0.6892998,0.6874235,0.687665,0.313601,0.3381722,0.3341152,0.34745473,20.823152952895324,0.0,0.0
1775,266250,0.23811984,-0.053454302,0.019994857,0.06711943,150,0.0,6334,950100,0.4499771,0.7406223,0.6667369,0.6205346,0.68809694,0.687168,0.6867317,0.6876541,0.336712,0.34004557,0.33566064,0.3475144,22.60973226856676,0.0,0.0
1783,267450,0.014608502,-0.015940825,0.047873992,0.0671858,150,0.0,6359,953850,0.6762053,0.70309,0.63912773,0.62050784,0.6908138,0.68714917,0.6870018,0.6876936,0.33633006,0.32383865,0.33407524,0.34755984,22.792755363607764,0.0,0.0
1791,268650,0.39535275,0.17515866,0.09388293,0.066788696,150,0.0,6388,958200,0.3140401,0.5090835,0.59256417,0.6208854,0.70939285,0.6842422,0.68644714,0.687674,0.3140401,0.33001083,0.3333529,0.34753388,20.701669596476016,0.0,0.0
1799,269850,0.17324603,0.11381688,0.08714752,0.06593734,150,0.0,6416,962400,0.5154669,0.57324445,0.5990287,0.6217521,0.68871295,0.6870613,0.6861763,0.6876893,0.3923757,0.3295433,0.3319223,0.3475591,20.679199524823744,0.0,0.0
1807,271050,-0.8517625,-0.017705414,0.08866845,0.06504522,150,0.0,6441,966150,1.5348923,0.71324337,0.5979114,0.6227141,0.68312985,0.695538,0.68657994,0.6877594,0.30826154,0.3353464,0.33175564,0.34761402,24.69992415069984,0.0,0.0
1815,272250,0.37162614,0.22416285,0.09655095,0.06498115,150,0.0,6469,970350,0.3169945,0.4660519,0.590963,0.62283075,0.6886206,0.6902148,0.68751407,0.6878119,0.29610038,0.30895922,0.32951304,0.34747094,22.705180079700195,0.0,0.0
1823,273450,-0.26110834,0.3558902,0.10195095,0.066101015,150,0.0,6495,974250,0.9420225,0.333705,0.58582294,0.6217092,0.68091416,0.6895952,0.6877739,0.68781024,0.31300253,0.31447908,0.32842606,0.34731963,22.595910641320714,0.0,0.0
1831,274650,-0.14067912,-0.13774389,0.07454433,0.06303788,150,0.0,6521,978150,0.84597325,0.82442176,0.6133862,0.62473327,0.70529413,0.6866778,0.6879305,0.6877712,0.39726433,0.3117994,0.3273943,0.3471537,20.58170524685199,0.0,0.0
1839,275850,-0.018530726,-0.026736617,0.07130588,0.06312773,150,0.0,6547,982050,0.7095441,0.7229708,0.6175637,0.6247482,0.6910134,0.6962342,0.68886954,0.6878759,0.33641884,0.34900546,0.32963058,0.34736162,20.762304486382074,0.0,0.0
1847,277050,0.30118412,0.17867002,0.06317845,0.063393235,150,0.0,6576,986400,0.382703,0.5079124,0.6261842,0.62449217,0.6838871,0.6865824,0.68936265,0.68788546,0.29886544,0.32458925,0.33005118,0.34724742,22.569371303282242,0.0,0.0
1855,278250,0.37363574,-0.013339132,0.090377614,0.061246764,150,0.0,6603,990450,0.31615135,0.7014328,0.5990797,0.62662685,0.6897871,0.68809366,0.6894574,0.6878736,0.31296438,0.33866438,0.33112076,0.34723103,20.947305612954946,0.0,0.0
1863,279450,-0.96250147,-0.15204597,0.07698845,0.059746224,150,0.0,6630,994500,1.6642157,0.8445039,0.6128417,0.62820584,0.7017142,0.69245785,0.6898302,0.68795204,0.34294465,0.3347431,0.32869723,0.34720623,22.730684825424845,0.0,0.0
1871,280650,0.29793096,0.09803525,0.064032756,0.058638915,150,0.0,6655,998250,0.38262743,0.58797437,0.62540793,0.62932545,0.6805584,0.6860095,0.68944055,0.6879644,0.37911004,0.32960752,0.32829338,0.34721148,21.021332851034906,0.0,0.0
1879,281850,0.25154907,0.033657875,0.07305624,0.056779135,150,0.0,6683,1002450,0.43610162,0.65169173,0.61642945,0.63121396,0.6876507,0.68534964,0.6894857,0.68799305,0.31093356,0.33544338,0.32868123,0.34735113,20.906891224055453,0.0,0.0
1887,283050,0.4087685,0.07074126,0.056766473,0.05502984,150,20.0,6710,1006500,0.27238038,0.617739,0.6325632,0.63291943,0.6811489,0.68848026,0.6893296,0.68794936,0.27238038,0.30145484,0.3251519,0.34698156,22.347284378366414,0.0,0.001
1895,284250,-0.2688328,0.15664954,0.053098917,0.054165766,150,0.0,6736,1010400,0.9561857,0.52548015,0.63590866,0.6337444,0.6873529,0.68212974,0.6890076,0.6879102,0.32057047,0.31267506,0.32515648,0.34678605,22.720975263378627,0.0,0.001
1903,285450,0.36224216,0.21088715,0.06768951,0.053545162,150,0.0,6764,1014600,0.30895984,0.47271734,0.620534,0.63438237,0.671202,0.68360454,0.6882236,0.6879276,0.30895984,0.3179142,0.32250974,0.3467655,22.55344413198763,0.0,0.001
1911,286650,0.091397226,0.029292589,0.06342449,0.05120824,150,0.0,6790,1018500,0.6051231,0.6567653,0.6245487,0.6367689,0.6965203,0.6860579,0.68797326,0.68797714,0.30746168,0.31213507,0.32192862,0.34663716,22.936732346421707,0.0,0.001
1919,287850,0.34200543,0.100700915,0.040927123,0.0493774,150,0.0,6816,1022400,0.3386169,0.5924645,0.64723486,0.63866013,0.68062234,0.6931654,0.6881621,0.6880376,0.30785823,0.32226154,0.32307166,0.3466307,21.058950444560683,0.0,0.001
1927,289050,-0.04373151,0.118321516,0.044808205,0.048020016,150,0.0,6842,1026300,0.72333413,0.57752657,0.6436669,0.64009446,0.6796026,0.69584817,0.6884752,0.6881145,0.30190796,0.32814083,0.32532948,0.34668124,22.64134076829086,0.0,0.001
1935,290250,0.26831895,-0.16066286,0.040988684,0.04526419,150,0.0,6867,1030050,0.4199714,0.8466574,0.64711493,0.642843,0.68829036,0.68599457,0.6881036,0.6881072,0.31481996,0.3272542,0.322995,0.34660333,22.623396722078283,0.0,0.001
1943,291450,-0.25856894,0.30597362,0.053944837,0.046133894,150,0.0,6895,1034250,0.9432872,0.37683406,0.6330664,0.64192706,0.68471825,0.68280774,0.6870112,0.68806094,0.36669555,0.3199429,0.32199728,0.34643123,24.56746952200855,0.0,0.001
1951,292650,-0.2588446,0.10187383,0.040316243,0.045601092,150,0.0,6922,1038300,0.9683485,0.5869106,0.64692616,0.6424967,0.7095039,0.6887844,0.6872423,0.6880978,0.40938303,0.34564063,0.32399964,0.34659737,22.78277573172548,0.0,0.001
1959,293850,0.36189574,0.2274204,0.07428914,0.045736007,150,0.0,6945,1041750,0.3151644,0.4613729,0.6128586,0.6423674,0.6770601,0.6887933,0.68714786,0.6881034,0.3143439,0.33303314,0.32367718,0.34660608,22.68577104522478,0.0,0.001
1967,295050,0.22010243,0.19596162,0.099313356,0.045097075,150,0.0,6971,1045650,0.45585263,0.491791,0.58759445,0.6429901,0.67595506,0.6877526,0.6869078,0.68808717,0.30893856,0.2900865,0.31931272,0.34615698,22.72845946352802,0.0,0.002
1975,296250,0.10258913,0.19088876,0.1031129,0.044665903,150,0.0,6997,1049550,0.58268535,0.49248585,0.5838201,0.64338255,0.6852745,0.68337464,0.686933,0.6880485,0.32644817,0.31951907,0.3184898,0.34615275,20.890980396011283,0.0,0.002
1983,297450,0.22138146,-0.019614976,0.10032017,0.042471346,150,0.0,7024,1053600,0.4646478,0.7110532,0.5869644,0.64566106,0.68602926,0.6914382,0.6872845,0.68813246,0.3571173,0.32256758,0.317724,0.34611252,22.22913713846484,0.0,0.002
1991,298650,-0.055652797,0.2835312,0.12486244,0.043373194,150,0.0,7051,1057650,0.7314388,0.4001027,0.5626044,0.64471143,0.675786,0.6836339,0.68746674,0.6880846,0.3475299,0.3163262,0.3209434,0.34596363,22.35690750653655,0.0,0.002
1999,299850,0.39286003,0.2429909,0.12501448,0.043833576,150,0.0,7077,1061550,0.311743,0.44388074,0.56269526,0.64424527,0.704603,0.68687165,0.68770975,0.6880789,0.311743,0.31909505,0.3207041,0.34585854,22.43740023195402,0.0,0.002
2007,301050,0.38126364,-0.2933414,0.08009147,0.040527016,150,0.0,7102,1065300,0.31361333,0.9803079,0.6080093,0.6475441,0.69487697,0.68696636,0.68810076,0.68807113,0.31361333,0.31370407,0.3222923,0.345705,21.159734427079915,0.0,0.002
2015,302250,-0.29767126,-0.015878713,0.07622328,0.040238805,150,0.0,7126,1068900,0.9743476,0.70811266,0.61205655,0.64788234,0.67667633,0.6922339,0.68827987,0.68812114,0.3142334,0.32929963,0.32215184,0.3457569,20.7459014068995,0.0,0.002
2023,303450,0.34970903,-0.104761004,0.055738043,0.038248155,150,0.0,7150,1072500,0.344451,0.78734916,0.63174975,0.64979786,0.69416004,0.68258816,0.6874877,0.68804604,0.32068223,0.31999516,0.32241586,0.34559515,22.323265138590074,0.0,0.002
2031,304650,-0.62065136,0.03010798,0.06539817,0.039099015,150,0.0,7178,1076700,1.3244863,0.6618807,0.6221842,0.6489358,0.7038349,0.69198877,0.6875824,0.6880348,0.3342582,0.3283557,0.32134193,0.34555107,22.62764405681123,0.0,0.002
2039,305850,-0.9076192,0.037700605,0.07003564,0.038908273,150,0.0,7204,1080600,1.5853878,0.65679985,0.6183604,0.64919937,0.67776865,0.69450045,0.6883961,0.6881076,0.43550858,0.33637285,0.32306907,0.34567222,22.64449938893797,0.0,0.002
2047,307050,-0.8585548,-0.25257748,0.02975327,0.035732232,150,0.0,7230,1084500,1.5586576,0.93370754,0.6583581,0.6523523,0.70010287,0.68113005,0.6881114,0.68808454,0.31005022,0.34039313,0.32258144,0.34574035,20.77600120783332,0.0,0.002
2055,308250,-1.1715255,-0.1598945,0.016393445,0.033582337,150,0.0,7254,1088100,1.8541528,0.84698045,0.67134744,0.65451515,0.68262726,0.687086,0.6877409,0.68809754,0.3082711,0.3162861,0.32048094,0.34561297,22.539137283275355,0.0,0.002
2063,309450,0.37060335,0.07921265,0.011341848,0.033846192,150,0.0,7277,1091550,0.31313595,0.60819876,0.6766701,0.65421873,0.6837393,0.6874114,0.688012,0.68806493,0.3120938,0.32523713,0.322904,0.34549147,20.707590030756986,0.0,0.002
2071,310650,0.33710706,0.23220792,0.008387162,0.03475598,150,0.0,7304,1095600,0.34921336,0.45055658,0.6792972,0.65320224,0.6863204,0.6827644,0.6876845,0.68795824,0.31575403,0.32292673,0.32436734,0.34525993,22.55821765779201,0.0,0.002
2079,311850,0.37294465,0.138881,0.010479889,0.035615362,150,0.0,7328,1099200,0.31196165,0.5458158,0.67730826,0.65238893,0.6849063,0.68469673,0.68778837,0.68800426,0.31196165,0.32715955,0.32435828,0.34533185,24.978087693770117,0.0,0.002
2087,313050,0.32598242,0.10268233,0.0098863365,0.03616483,150,0.0,7355,1103250,0.36076018,0.579816,0.6771749,0.6518126,0.6867426,0.6824983,0.68706125,0.68797755,0.3120834,0.3232113,0.32408616,0.3452278,22.640697906238103,0.0,0.002
2095,314250,-0.35557395,-0.11100142,-0.034555152,0.034443848,150,0.0,7381,1107150,1.0491859,0.79704994,0.72158104,0.65352637,0.6936119,0.68604857,0.6870258,0.6879702,0.34023687,0.3247185,0.32487825,0.34506404,21.10933510883605,0.0,0.002
2103,315450,-0.46122593,0.024855573,-0.007706555,0.035313386,150,0.0,7407,1111050,1.1551168,0.65911406,0.69451463,0.6526108,0.69389087,0.6839697,0.68680793,0.6879242,0.31836885,0.32415244,0.32484382,0.34477785,20.680060738632577,0.0,0.002
2111,316650,0.3719363,-0.25858957,-0.019247308,0.03219265,150,0.0,7433,1114950,0.3209205,0.9455781,0.70556486,0.6556996,0.6928568,0.6869885,0.6863175,0.68789226,0.3209205,0.33640075,0.32618156,0.34478107,20.74544512868053,0.0,0.002
2119,317850,0.29925728,-0.16138577,-0.046175443,0.030494906,150,0.0,7460,1119000,0.39813763,0.8471379,0.7328401,0.6574052,0.6973949,0.6857522,0.6866645,0.6879001,0.33985877,0.34084445,0.32781073,0.34465286,22.558077730699235,0.0,0.002
2127,319050,-1.4418604,-0.004231402,-0.02869669,0.030457115,150,0.0,7485,1122750,2.128356,0.6895619,0.7150533,0.657438,0.6864956,0.6853305,0.6863566,0.6878951,0.31603345,0.34083644,0.32874343,0.34465605,22.764613480646,0.0,0.002
2135,320250,-0.16004556,0.16212618,-0.03185198,0.032173876,150,0.0,7508,1126200,0.859641,0.5215285,0.71754354,0.65566105,0.69959545,0.6836546,0.68569183,0.687835,0.3498384,0.32179165,0.3281868,0.344002,22.24844345561782,0.0,0.002
2143,321450,0.36923823,-0.14143643,-0.029963117,0.03352863,150,0.0,7533,1129950,0.31667778,0.829387,0.71534044,0.6542898,0.685916,0.6879505,0.6853774,0.68781835,0.3085632,0.33715868,0.32696316,0.34331462,22.42904054691948,0.0,0.002
2151,322650,0.37136954,-0.018616658,-0.025859322,0.034385115,150,0.0,7560,1134000,0.3215273,0.7087396,0.7114497,0.6534408,0.69289684,0.6901229,0.6855904,0.6878259,0.32110536,0.3182262,0.32626534,0.3426025,22.42671636427074,0.0,0.002
2159,323850,0.30762962,0.12861435,0.005197974,0.035008367,150,0.0,7582,1137300,0.3657944,0.56198776,0.6808293,0.65287304,0.673424,0.69060206,0.6860273,0.68788135,0.34235105,0.30431947,0.32514167,0.34240508,22.191362164822642,0.0,0.002
2167,325050,0.3767497,-0.023141313,-0.018866686,0.03340285,150,0.0,7607,1141050,0.31129956,0.70948625,0.70502126,0.65441877,0.68804926,0.6863449,0.6861546,0.6878216,0.31129956,0.32726097,0.32516864,0.3423422,22.57311971307127,0.0,0.002
2175,326250,0.15108442,-0.035191916,-0.042847548,0.031922407,150,0.0,7636,1145400,0.55587983,0.72444904,0.7294091,0.6558922,0.70696425,0.68925714,0.6865616,0.68781465,0.39671296,0.31707174,0.32471552,0.34214574,21.07159956212029,0.0,0.002
2183,327450,-0.2574227,-0.0318897,-0.05349021,0.032806378,150,0.0,7663,1149450,0.93572193,0.7202121,0.7402243,0.6549736,0.67829925,0.68832237,0.686734,0.68778,0.3713885,0.33331835,0.32576162,0.3419888,22.61557343397966,0.0,0.002
2191,328650,0.30537644,-0.11622016,-0.066708215,0.03142657,150,0.0,7691,1153650,0.38074228,0.8056816,0.753771,0.6563839,0.6861187,0.6894615,0.68706274,0.6878104,0.37331092,0.33500305,0.32760045,0.34168905,22.515973157436836,0.0,0.002
2199,329850,-0.34166825,-0.19840045,-0.044300508,0.029648356,150,0.0,7715,1157250,1.0374861,0.88095886,0.73157465,0.6581853,0.6958178,0.68255836,0.68727416,0.6878337,0.34485742,0.31971171,0.32687855,0.34150392,22.57484898445301,0.0,0.002
2207,331050,-0.18616712,0.13398826,-0.023163324,0.030553794,150,0.0,7745,1161750,0.8904563,0.55341357,0.710214,0.65726477,0.7042892,0.68740183,0.68705064,0.6878186,0.38276148,0.3313262,0.32764,0.3409903,22.395873676920203,0.0,0.002
2215,332250,-0.29178333,-0.03122209,-0.023565507,0.030560575,150,0.0,7771,1165650,0.964751,0.71644413,0.71073693,0.65724266,0.6729677,0.685222,0.68717134,0.6878033,0.32077795,0.334941,0.32809785,0.3405432,22.60114383459188,0.0,0.002
2223,333450,0.34198067,0.028081203,0.0115993265,0.031074483,150,0.0,7801,1170150,0.35224298,0.6512308,0.6748449,0.6566564,0.69422364,0.67931205,0.68644416,0.68773085,0.35224298,0.32029223,0.32600883,0.33996007,22.91961633791186,0.0,0.002
2232,334800,0.12204093,-0.42471176,-0.04519263,0.026667168,150,0.0,7829,1174350,0.5586943,1.111026,0.7322628,0.66104704,0.68073523,0.6863143,0.68707025,0.6877142,0.31264177,0.32513243,0.32651806,0.33927837,22.29198893694514,0.0,0.002
2240,336000,-0.4231696,-0.19785993,-0.034715194,0.027592124,150,0.0,7856,1178400,1.1120358,0.87842524,0.7212389,0.6601099,0.68886614,0.6805653,0.6865238,0.687702,0.3930319,0.32160413,0.32546797,0.33858472,21.10394585329973,0.0,0.002
2248,337200,0.38407093,-0.14490858,-0.051096234,0.02524305,150,0.0,7882,1182300,0.3131451,0.83036584,0.73757625,0.6624758,0.69721603,0.68545735,0.68648005,0.6877189,0.3131451,0.3452507,0.3272461,0.3383316,20.632225121105925,0.0,0.002
2256,338400,0.19285274,-0.05067777,-0.060657244,0.023998111,150,0.0,7909,1186350,0.5014206,0.73585004,0.74671364,0.6637281,0.69427335,0.6851722,0.6860564,0.6877262,0.3392729,0.3293118,0.32999626,0.33822596,22.190735991600935,0.0,0.002
2264,339600,0.3385765,-0.0015004426,-0.056093913,0.022009747,150,0.0,7936,1190400,0.35253757,0.6884278,0.7420441,0.6656882,0.69111407,0.6869274,0.6859502,0.68769795,0.3297323,0.35231543,0.33189416,0.33829296,21.23664751006288,0.0,0.002
2272,340800,-0.54845893,-0.16876967,-0.06686961,0.020920638,150,0.0,7963,1194450,1.2309883,0.8557986,0.7528532,0.66676927,0.68252933,0.6870289,0.6859836,0.6876899,0.34528598,0.3492733,0.33438733,0.33846858,22.426928215112373,0.0,0.002
2280,342000,-0.96081907,0.003511232,-0.069691464,0.022355106,150,0.0,7990,1198500,1.6631514,0.6842114,0.7554815,0.6653309,0.7023323,0.68772256,0.6857899,0.68768597,0.36932492,0.35428783,0.33580363,0.3381945,20.98028836184936,0.0,0.002
2288,343200,0.28420776,-0.31197587,-0.10091298,0.017866874,150,0.0,8015,1202250,0.41074294,0.99860173,0.78653145,0.6698083,0.6949507,0.68662584,0.68561846,0.6876752,0.32424182,0.339852,0.3349147,0.33816558,22.545572189230327,0.0,0.002
2296,344400,-0.37486464,-0.027858103,-0.07068317,0.016683215,150,0.0,8043,1206450,1.0578499,0.71719,0.75669754,0.6709789,0.68298525,0.68933195,0.68601435,0.6876622,0.32414225,0.3310917,0.33581716,0.3381784,20.867675490865622,0.0,0.002
2304,345600,0.034590006,-0.16343908,-0.09888092,0.014716626,150,0.0,8067,1210050,0.6521863,0.8521325,0.7847216,0.672946,0.6867763,0.6886934,0.68584067,0.68766266,0.31975397,0.3364306,0.3360413,0.33794817,22.44623141853611,0.0,0.002
2312,346800,0.38220084,-0.039333273,-0.105206765,0.013108301,150,0.0,8092,1213800,0.32197946,0.72328305,0.790884,0.67450607,0.7041803,0.68394977,0.6856773,0.6876144,0.32197946,0.32635027,0.33435294,0.3376357,22.766990928929037,0.0,0.002
2320,348000,-0.17096281,-0.15104024,-0.12148487,0.011796704,150,0.0,8119,1217850,0.8495089,0.835797,0.80759215,0.6758085,0.6785461,0.68475676,0.68610734,0.6876052,0.31231585,0.3269512,0.3345684,0.3373755,20.900981972639936,0.0,0.002
2327,349050,-0.7746903,-0.21168013,-0.12562841,0.010442575,150,0.0,8143,1221450,1.4695549,0.8951357,0.81172013,0.6770865,0.69486463,0.6834556,0.68609166,0.687529,0.36066896,0.32174522,0.3335791,0.33693603,23.529483922983868,0.0,0.002
2335,350250,0.37668064,-0.094772235,-0.0884345,0.012034718,150,0.0,8169,1225350,0.3087763,0.7845596,0.77497923,0.67553157,0.68545693,0.68978727,0.6865449,0.6875663,0.3087763,0.32416493,0.3341342,0.33667853,21.222907461168283,0.0,0.002
2343,351450,-0.53927875,0.016368294,-0.10190461,0.009772529,150,0.0,8194,1229100,1.2133055,0.67074484,0.7885265,0.67779636,0.6740267,0.68711317,0.68662184,0.68756896,0.33349773,0.33573183,0.3347345,0.3365302,22.45778360490016,0.0,0.002
2350,352500,0.36005116,-0.10208442,-0.09161588,0.008571445,150,0.0,8217,1232550,0.31826776,0.7878245,0.77807,0.6789448,0.6783189,0.6857401,0.6864543,0.6875163,0.31799608,0.3177461,0.33183572,0.33617586,22.937933197373372,0.0,0.002
2358,353700,0.19425917,-0.44478422,-0.111400776,0.005273748,150,0.0,8245,1236750,0.4998263,1.1308507,0.7978706,0.682206,0.6940855,0.6860664,0.68646973,0.68747973,0.22443613,0.3296884,0.33190793,0.33597556,22.792732242955307,0.0,0.002
2366,354900,0.3713885,-0.28973448,-0.12595703,-0.0004670086,150,0.0,8272,1240800,0.31741995,0.9752472,0.81234384,0.68789923,0.68880844,0.6855127,0.68638694,0.6874322,0.31741995,0.3295338,0.3304612,0.33594674,22.694586018312997,0.0,0.002
2374,356100,0.34990692,0.18710531,-0.109124616,-0.00042583846,150,0.0,8300,1245000,0.3293392,0.50100005,0.79573494,0.6878724,0.6792461,0.6881053,0.6866104,0.68744653,0.32332534,0.32808167,0.32847703,0.33581695,20.630572962057155,0.0,0.002
2382,357300,-0.19112206,0.26956958,-0.08253363,0.00045739222,150,0.0,8328,1249200,0.867292,0.4159747,0.7686979,0.68692625,0.67616993,0.6855443,0.68616414,0.68738365,0.35485646,0.31002873,0.32496518,0.33529696,21.09172030792015,0.0,0.002
2390,358500,0.2657711,0.16816546,-0.050736,7.8888894e-05,150,0.0,8353,1252950,0.41626275,0.51892555,0.7369057,0.68731636,0.68203384,0.687091,0.68616956,0.6873953,0.3152443,0.32867095,0.32462543,0.33538336,20.756736897389345,0.0,0.002
2398,359700,-0.9988121,0.2742813,-0.023187315,0.0010255266,150,0.0,8377,1256550,1.6807837,0.42169088,0.7101802,0.6864712,0.68197167,0.6959722,0.6869928,0.68749684,0.36390185,0.33153492,0.32472545,0.33531117,22.87622582648875,0.0,0.002
2406,360900,0.0113809705,-0.16752912,-0.042887446,9.362698e-05,150,0.0,8406,1260900,0.6771429,0.86009777,0.730294,0.6874903,0.6885239,0.69256866,0.6874065,0.687584,0.6771429,0.34071574,0.3253698,0.33510607,22.765743654015882,0.0,0.002
2414,362100,0.37794867,0.13672662,-0.033651397,-0.00021607685,150,0.0,8431,1264650,0.32085785,0.55250823,0.7210936,0.68774194,0.6988065,0.68923485,0.68744224,0.68752587,0.31786746,0.35751486,0.3282241,0.33485833,20.757846340976315,0.0,0.002
2422,363300,-0.7497681,0.21443729,0.013923767,0.0009010649,150,0.0,8455,1268250,1.4269109,0.47399777,0.6739744,0.68658775,0.6771428,0.6884351,0.68789816,0.6874888,0.3158504,0.31647432,0.32728782,0.3338333,20.78966654978903,0.0,0.002
2430,364500,0.34125945,-0.050288,0.017366517,-0.00046158122,150,0.0,8482,1272300,0.34325823,0.73367774,0.67039645,0.687938,0.6845177,0.6833897,0.68776304,0.6874764,0.3221438,0.31618172,0.3267769,0.33336803,22.70175630155403,0.0,0.002
2438,365700,0.27984506,0.2955578,0.03940536,0.0041955383,150,0.0,8504,1275600,0.41420543,0.3906595,0.64847165,0.68324876,0.6940505,0.68621737,0.68787706,0.6874443,0.34575438,0.32272458,0.3273397,0.3329008,22.605628109575633,0.0,0.002
2446,366900,0.37445003,0.27729815,0.05519315,0.0093136635,150,0.0,8532,1279800,0.3083858,0.41301256,0.63310134,0.67815256,0.6828358,0.69031066,0.68829435,0.6874663,0.3083858,0.32464066,0.32623032,0.33230668,22.305916429111043,0.0,0.002
2454,368100,-0.8526859,0.08348447,0.0944643,0.012784359,150,0.0,8559,1283850,1.5474995,0.602014,0.59401315,0.67469215,0.6948136,0.6854985,0.68847746,0.6874766,0.3590224,0.32907993,0.32792377,0.33190197,22.487612336086624,0.0,0.002
2462,369300,0.24804583,0.15121582,0.12934151,0.019046955,150,0.0,8584,1287600,0.44620392,0.5345547,0.5590378,0.66838783,0.69424975,0.68577063,0.68837935,0.6874348,0.32756245,0.33234185,0.32812515,0.33163846,22.70092980108268,0.0,0.002
2470,370500,0.37195575,0.16078739,0.14333569,0.020405065,150,0.0,8611,1291650,0.3125105,0.52273715,0.5446519,0.6670423,0.68446624,0.6835245,0.68798757,0.6874474,0.3125105,0.32658157,0.32713684,0.33124128,22.645415521175206,0.0,0.002
2478,371700,0.37636772,0.102114335,0.123491354,0.019089442,150,0.0,8638,1295700,0.31829062,0.585367,0.56477916,0.66834253,0.69465834,0.68748134,0.6882706,0.68743193,0.31829062,0.32332882,0.3270142,0.3307221,20.913784013599788,0.0,0.002
2486,372900,0.36184993,-0.036364533,0.12647407,0.020789945,150,0.0,8661,1299150,0.32056972,0.7365459,0.5628336,0.66666764,0.68241966,0.7001813,0.6893077,0.6874576,0.31429386,0.3173843,0.32806855,0.33044207,22.45920661668597,0.0,0.002
2494,374100,0.31684732,-0.016685843,0.10596451,0.019064527,150,0.0,8684,1302600,0.36204123,0.70927715,0.5829554,0.66840225,0.67888856,0.6925913,0.68891996,0.6874668,0.30744746,0.32649845,0.3284743,0.33051357,20.705687273184914,0.0,0.002
2502,375300,0.31626546,0.2103955,0.14071757,0.019590588,150,0.0,8712,1306800,0.37682945,0.4744262,0.54716974,0.6678562,0.6930949,0.6848217,0.6878874,0.6874468,0.34101188,0.32025298,0.32762805,0.33022606,20.722363966108034,0.0,0.002
2510,376500,-0.9394387,-0.1295648,0.10922074,0.015989292,150,0.0,8738,1310700,1.6283935,0.81998146,0.57880557,0.6715013,0.68895483,0.6904167,0.68802637,0.6874906,0.31761035,0.311927,0.321264,0.3302137,22.659954773417777,0.0,0.002
2518,377700,0.37037814,-0.20568757,0.065194935,0.013449209,150,0.0,8761,1314150,0.320199,0.89272135,0.62280315,0.6740804,0.69057715,0.68703383,0.68799806,0.6875296,0.320199,0.3197972,0.32322448,0.32979307,20.919983620351264,0.0,0.002
2526,378900,-0.762817,0.11469569,0.08461955,0.013898831,150,0.0,8785,1317750,1.4757174,0.572461,0.60344225,0.67364365,0.7129004,0.6871567,0.68806183,0.68754256,0.40541008,0.32537875,0.32380202,0.32962695,22.571495978109066,0.0,0.002
2534,380100,0.36220488,-0.28727853,0.026307486,0.008834251,150,0.0,8810,1321500,0.3154398,0.9786533,0.6624638,0.6787443,0.67764467,0.6913749,0.6887712,0.6875786,0.3138221,0.31402826,0.3239204,0.32940316,22.418815987466044,0.0,0.002
2542,381300,0.34606627,0.18271218,0.026357992,0.013493139,150,0.0,8832,1324800,0.34322628,0.50865173,0.6615329,0.67404115,0.68929255,0.69136393,0.68789095,0.6875342,0.31598076,0.31610832,0.32307965,0.32872173,22.45622691630784,0.0,0.002
2550,382500,0.35772368,0.16754088,0.021546064,0.014035223,150,0.0,8857,1328550,0.31701264,0.5224835,0.66665894,0.6735235,0.6747363,0.69002444,0.6882049,0.6875587,0.31701264,0.31605414,0.32224748,0.32806176,20.664140225343342,0.0,0.002
2558,383700,0.2871561,0.16170081,0.032496702,0.013054497,150,0.0,8883,1332450,0.41252053,0.5298185,0.6565058,0.6745636,0.69967663,0.6915193,0.68900245,0.687618,0.3517895,0.31650794,0.321108,0.32793945,20.456135839966382,0.0,0.002
2566,384900,0.37582254,0.32907066,0.051119007,0.014596675,150,0.0,8906,1335900,0.31921005,0.3602781,0.63790315,0.6730306,0.6950326,0.6893488,0.68902206,0.6876273,0.31921005,0.32075354,0.31969965,0.32780558,22.708695052848302,0.0,0.002
2574,386100,-0.86389846,0.14013031,0.033024576,0.014298089,150,0.0,8929,1339350,1.5367997,0.54642254,0.656422,0.6733407,0.6729012,0.6865529,0.68944657,0.6876388,0.31090665,0.31555095,0.31998768,0.32769993,22.36962849161445,0.0,0.002
2583,387450,-1.2579203,-0.5522938,-0.032009836,0.007151438,150,0.0,8955,1343250,1.9338933,1.2418373,0.7212084,0.6804828,0.67597306,0.6895436,0.68919855,0.6876343,0.30553845,0.31094703,0.31867862,0.32742316,22.2777435623457,0.0,0.002
2591,388650,0.36762646,-0.3565355,-0.044805694,0.008750513,150,0.0,8977,1346550,0.36733976,1.0401946,0.7329124,0.6787815,0.7349662,0.68365914,0.6881067,0.687532,0.30746403,0.31520554,0.31861794,0.32717252,22.38882995437508,0.0,0.002
2599,389850,0.30987245,0.23253825,-0.025572285,0.013289793,150,0.0,9001,1350150,0.36178684,0.45473772,0.71409094,0.6742571,0.6716593,0.687276,0.6885188,0.68754685,0.32654804,0.2987483,0.31616613,0.32674798,22.80537054192486,0.0,0.002
2607,391050,-3.1137083,-0.019605637,-0.025755867,0.013420658,150,0.0,9029,1354350,3.8257544,0.7030107,0.71365094,0.6740305,0.71204615,0.68340504,0.68789506,0.6874512,0.3363569,0.28703675,0.3158576,0.3264306,22.713329530603552,0.0,0.002
2615,392250,0.32031468,-0.17780024,0.0018752164,0.014897751,150,0.0,9055,1358250,0.36616263,0.8724928,0.6864457,0.67264265,0.6864773,0.6946927,0.68832093,0.6875404,0.3164128,0.34560597,0.31683964,0.32634434,20.848725869332334,0.0,0.002
2623,393450,0.33672523,0.24277177,0.0026875827,0.0149447005,150,0.0,9080,1362000,0.34771788,0.44415408,0.68572485,0.6725876,0.6844431,0.6869259,0.6884125,0.6875323,0.31756824,0.33144647,0.31696698,0.32621634,22.57722098752088,0.0,0.002
2631,394650,0.38038543,0.14278093,0.0481893,0.015249392,150,0.0,9106,1365900,0.31095752,0.5427937,0.6402024,0.67224145,0.69134295,0.6855746,0.68839175,0.6874908,0.31095752,0.31486383,0.31604773,0.32616735,20.457576578172517,0.0,0.002
2639,395850,-1.1434207,0.13502489,0.045389578,0.016282935,150,0.0,9131,1369650,1.8370022,0.5528604,0.64299184,0.6712353,0.6935814,0.6878852,0.68838155,0.68751824,0.42847022,0.31133163,0.3158295,0.32599735,22.494269579161326,0.0,0.002
2647,397050,0.057081223,-0.3387104,0.013413909,0.012745379,150,0.0,9156,1373400,0.62552625,1.0265236,0.67475176,0.6747519,0.6826075,0.68781316,0.6881656,0.6874973,0.36496013,0.34298968,0.3194801,0.3264753,22.616766095096985,0.0,0.002
2654,398100,0.29940498,0.3084345,0.028315296,0.01589273,150,0.0,9178,1376700,0.396567,0.37572312,0.6600036,0.6716184,0.69597197,0.68415755,0.68831885,0.6875112,0.3786424,0.32751328,0.31990787,0.32632434,26.196259090579773,0.0,0.002
2662,399300,0.3354527,0.083208956,0.0030086187,0.017446613,150,0.0,9204,1380600,0.34690812,0.6020896,0.68466574,0.67009115,0.6823608,0.6852986,0.68767446,0.6875377,0.321007,0.32691097,0.3206219,0.32639262,22.281125850869433,0.0,0.002
2670,400500,-0.8261685,0.14792426,-0.00038106053,0.017541945,150,0.0,9229,1384350,1.5168712,0.53544176,0.6876928,0.6698699,0.69070274,0.68336594,0.6873117,0.68741184,0.32937548,0.32160085,0.3209614,0.3263565,22.534245110761702,0.0,0.002
2677,401550,-0.16267657,-0.1439577,-0.019726431,0.015420885,150,0.0,9254,1388100,0.84320825,0.8259119,0.7065019,0.6719763,0.6805317,0.68195415,0.68677557,0.68739724,0.36048365,0.3254245,0.32136932,0.32626647,23.208106925289993,0.0,0.002
2685,402750,0.35791177,-0.021603901,0.058466148,0.018642548,150,0.0,9278,1391700,0.31981564,0.7074417,0.62822914,0.6687556,0.6777274,0.6858378,0.6866953,0.68739814,0.31686178,0.3130019,0.32176715,0.32608742,22.68955985877016,0.0,0.002
2693,403950,0.028076768,0.06455175,0.06001523,0.020546118,150,0.0,9303,1395450,0.6545492,0.6258119,0.6267817,0.666803,0.68262595,0.69036365,0.6867969,0.6873491,0.31167,0.3044212,0.32036185,0.3257828,20.929524908271553,0.0,0.002
2701,405150,0.3784007,0.2306221,0.047852315,0.020432407,150,0.0,9327,1399050,0.31749067,0.46350056,0.63955796,0.6669353,0.6958914,0.6941227,0.6874103,0.68736774,0.31749067,0.31441936,0.32352865,0.32546374,22.524684061484386,0.0,0.002
2709,406350,0.38882503,0.064171076,0.06454492,0.021221869,150,0.0,9350,1402500,0.3100638,0.6261254,0.62288785,0.66612476,0.69888884,0.6902965,0.6874327,0.6873466,0.28793687,0.32560298,0.3236536,0.32531768,22.606623141920387,0.0,0.002
2717,407550,0.35017654,0.23132272,0.09532837,0.02273296,150,0.0,9373,1405950,0.33302435,0.4637763,0.592275,0.6647488,0.6832009,0.69509906,0.6876035,0.68748176,0.31420234,0.30969343,0.32143345,0.32519624,20.547846688835786,0.0,0.002
2725,408750,0.3682003,0.039758407,0.07099999,0.020285519,150,0.0,9396,1409400,0.30947828,0.6443551,0.6165075,0.6672184,0.6776786,0.68411356,0.68750745,0.68750393,0.30947828,0.31096125,0.32029736,0.32503998,22.66748702298459,0.0,0.002
2733,409950,0.27429852,0.29426616,0.08367896,0.022996346,150,0.0,9422,1413300,0.4036586,0.38951775,0.60347235,0.6644552,0.6779571,0.6837839,0.68715125,0.68745154,0.3104729,0.3253768,0.321337,0.32503796,20.24225367628795,0.0,0.002
2741,411150,-0.59497666,-0.10222685,0.073266,0.018989487,150,0.0,9446,1416900,1.2804929,0.79353213,0.6137808,0.66850305,0.68551624,0.69130534,0.68704677,0.68749255,0.28043798,0.31594533,0.31982383,0.3250031,20.76117812383833,0.0,0.002
2749,412350,0.363936,-0.23111424,0.07430476,0.017236877,150,0.0,9470,1420500,0.3241046,0.91763365,0.6126906,0.6702814,0.6880406,0.6865194,0.68699545,0.6875183,0.3241046,0.31530267,0.31702283,0.32492188,20.94595615870684,0.0,0.002
2757,413550,0.08919662,-0.053112578,0.07313224,0.020831829,150,0.0,9493,1423950,0.61014813,0.7381104,0.61401623,0.66669047,0.69934475,0.6849978,0.6871485,0.68752235,0.32402837,0.32252595,0.31687725,0.32484254,22.425569241492187,0.0,0.002
2765,414750,0.28240547,-0.099467576,0.04436327,0.018681424,150,0.0,9517,1427550,0.40344736,0.7870824,0.64295924,0.66884446,0.6858528,0.6876148,0.68732244,0.687526,0.36081204,0.3239517,0.31744835,0.32468548,22.755427984254283,0.0,0.002
2773,415950,-0.02055782,-0.2569176,0.018178223,0.015498018,150,0.0,9542,1431300,0.7091717,0.9462489,0.6698001,0.6720281,0.6886139,0.6893312,0.68797845,0.68752617,0.31076986,0.33038035,0.3175432,0.32453322,22.531799820811578,0.0,0.002
2782,417300,0.39165673,-0.07133907,0.031437904,0.015450919,150,0.0,9568,1435200,0.3121718,0.7665466,0.6576479,0.67214215,0.7038285,0.6952075,0.6890859,0.6875931,0.3121718,0.31892318,0.317066,0.32442394,19.950263358636295,0.0,0.002
2790,418500,0.36460736,0.07890223,0.04716067,0.015754562,150,0.0,9594,1439100,0.31667355,0.61318386,0.6418676,0.6718474,0.6812809,0.69208616,0.68902826,0.687602,0.31667355,0.31590873,0.31816593,0.32430807,22.557771191285607,0.0,0.002
2798,419700,0.3708326,0.08188534,0.026705744,0.013861605,150,0.0,9616,1442400,0.32688102,0.60367066,0.6617832,0.67370975,0.6977136,0.685556,0.6884889,0.68757135,0.32688102,0.32530275,0.31939775,0.324304,22.487364775522597,0.0,0.002
2806,420900,-0.8346879,0.10525888,0.03831018,0.016912758,150,0.0,9641,1446150,1.5227715,0.58373165,0.6501219,0.670595,0.6880836,0.6889905,0.6884321,0.6875078,0.3208874,0.3308074,0.3191243,0.32415503,21.02938867174691,0.0,0.002
2814,422100,0.37487793,-0.12847336,0.0028097446,0.013502939,150,0.0,9665,1449750,0.31002825,0.81996983,0.68502337,0.67401403,0.6849062,0.6914965,0.687833,0.687517,0.31002825,0.33368078,0.32153857,0.32442382,22.572802236292734,0.0,0.002
2822,423300,-0.053598642,0.1915139,0.027018785,0.0130538205,150,0.0,9691,1453650,0.7287881,0.4972741,0.6611157,0.67447037,0.67518944,0.68878806,0.68813455,0.6875241,0.32243952,0.31263453,0.3217057,0.32439512,22.600689172270506,0.0,0.002
2830,424500,0.3542284,-0.30860373,-0.031118393,0.011214411,150,0.0,9715,1457250,0.3219647,0.99389994,0.7195556,0.67629516,0.6761931,0.68529606,0.6884373,0.68750954,0.32078868,0.33655676,0.32350883,0.32465467,20.833380106527645,0.0,0.002
2838,425700,0.356788,0.34277067,-0.007528987,0.012959859,150,0.0,9741,1461150,0.32918236,0.34271255,0.6959065,0.6744526,0.68597037,0.6854832,0.68837756,0.68741256,0.32623982,0.31074625,0.3227899,0.32427344,22.681829764277484,0.0,0.002
2846,426900,0.3647735,0.32687083,0.023375537,0.014392456,150,0.0,9761,1464150,0.3170759,0.35878193,0.6645554,0.6730072,0.6818494,0.6856528,0.6879308,0.68739974,0.3170759,0.3142538,0.3229867,0.3242475,22.907157223207133,0.0,0.002
2854,428100,0.38345265,0.13878405,0.039261475,0.0151470145,150,0.0,9786,1467900,0.30430716,0.5462944,0.64894897,0.67224854,0.6877598,0.6850785,0.68821037,0.6873955,0.30430716,0.32048678,0.3234489,0.32413542,22.440039573785,0.0,0.002
2862,429300,0.07984263,0.13782872,0.049196586,0.017095296,150,0.0,9810,1471500,0.6014757,0.54876745,0.63857675,0.6702149,0.68131834,0.6865961,0.68777335,0.68731016,0.31667,0.32569724,0.32342055,0.32411078,22.57089918262387,0.0,0.002
2870,430500,-0.03143239,-0.350952,0.042460106,0.013316948,150,0.0,9835,1475250,0.7203853,1.036001,0.64519936,0.6739956,0.6889529,0.6850489,0.68765944,0.68731254,0.29777694,0.32968888,0.32373548,0.3241417,20.66999235255858,0.0,0.002
2878,431700,0.35259768,-0.28011054,0.053150907,0.014943874,150,0.0,9859,1478850,0.32436392,0.96996415,0.63416845,0.6723982,0.6769616,0.68985355,0.6873194,0.68734205,0.32436392,0.32096237,0.3237727,0.32398066,22.876074440354003,0.0,0.002
2886,432900,-0.09887487,0.19127586,0.06579163,0.015791565,150,0.0,9883,1482450,0.7900081,0.50120306,0.62126076,0.671565,0.69113326,0.69247895,0.68705237,0.68735665,0.34054437,0.3202096,0.32434726,0.3241661,20.595044643422696,0.0,0.001
2894,434100,0.36236757,-0.29178622,0.007514458,0.011165434,150,0.0,9904,1485600,0.31134588,0.980717,0.67991364,0.67623353,0.67371345,0.6889308,0.68742806,0.6873989,0.30506343,0.32765776,0.325348,0.3243183,20.901495114351395,0.0,0.001
2902,435300,0.37521136,0.10771711,0.027610594,0.01175762,150,0.0,9927,1489050,0.31922644,0.57790124,0.6593908,0.6756577,0.6944378,0.6856184,0.6870013,0.6874153,0.3150686,0.31893095,0.32394585,0.3243213,22.670268183058713,0.0,0.001
2910,436500,-1.0870407,0.16796812,0.038149998,0.013478466,150,0.0,9952,1492800,1.7781042,0.5243718,0.6488941,0.6740034,0.6910636,0.6923399,0.68704396,0.68748194,0.36839017,0.3159002,0.32199833,0.32436103,21.813931119087975,0.0,0.001
2917,437550,0.032378852,-0.040598873,0.04140921,0.013060512,150,0.0,9973,1495950,0.6708181,0.7312963,0.6457994,0.67442036,0.70319694,0.69069743,0.68720865,0.6874808,0.30586153,0.32501376,0.32230222,0.32437402,23.459570057630813,0.0,0.001
2925,438750,0.36573082,0.042757515,0.03261193,0.010873797,150,0.0,9999,1499850,0.32836843,0.641292,0.654202,0.6764841,0.69409925,0.68404955,0.68681395,0.6873579,0.32032564,0.32027087,0.3221637,0.32433674,20.53963179298022,0.0,0.001
2933,439950,0.17851114,0.118257284,0.058059044,0.013973103,150,0.0,10022,1503300,0.55053777,0.56800014,0.62891877,0.6734006,0.7290489,0.6862574,0.6869777,0.68737364,0.3128574,0.3258477,0.3224753,0.3243329,20.796993021033686,0.0,0.001
2941,441150,0.37058914,0.038828827,0.042942688,0.012641915,150,0.0,10046,1506900,0.31585616,0.64939487,0.64394736,0.674768,0.6864453,0.6882237,0.6868901,0.68740994,0.3091661,0.31559733,0.32246235,0.32430378,22.601553858264722,0.0,0.001
2950,442500,-1.2443378,0.068499856,0.03252901,0.012186327,150,0.0,10071,1510650,1.9251624,0.61916614,0.6548774,0.6752068,0.68082464,0.687666,0.68740636,0.68739307,0.35246202,0.30983177,0.32155415,0.3239389,22.63287242028777,0.0,0.001
2958,443700,0.36553153,0.19405161,0.029061265,0.011729445,150,0.0,10096,1514400,0.32524535,0.4980929,0.658629,0.6756807,0.6907769,0.6921445,0.68769014,0.6874102,0.32397875,0.3249186,0.32169753,0.3239419,21.036674085755934,0.0,0.001
2967,445050,0.13825893,0.057590615,0.013432183,0.010456232,150,0.0,10122,1518300,0.5554441,0.62943757,0.674969,0.6769617,0.69370306,0.6870281,0.6884013,0.687418,0.3119054,0.32635617,0.32143214,0.32425982,21.012305585551744,0.0,0.0
2975,446250,0.30679336,-0.8289421,-0.014085174,0.001193841,150,0.0,10146,1521900,0.38271275,1.5271286,0.7033171,0.68635875,0.6895061,0.6981865,0.68923205,0.68755263,0.3618758,0.33639205,0.3228422,0.3244383,21.00741046052479,0.0,0.0
2983,447450,0.2787453,-0.02771945,-0.013230048,0.0033592924,150,0.0,10171,1525650,0.40576667,0.71411866,0.7021323,0.68412805,0.68451196,0.68639916,0.6889022,0.68748736,0.3351971,0.33833128,0.32335675,0.3244938,20.719245914947255,0.0,0.0
2991,448650,0.1597305,-0.022566462,0.00553401,0.0011622381,150,0.0,10197,1529550,0.5374284,0.7209135,0.68402755,0.6864464,0.6971589,0.69834703,0.68956155,0.6876087,0.3643712,0.3566088,0.3266269,0.32486895,22.54420849333688,0.0,0.0
2999,449850,0.15845203,-0.075323984,-0.0022768676,-0.0007821093,150,0.0,10220,1533000,0.52867466,0.77599496,0.6930052,0.6884735,0.6871267,0.7006711,0.69072837,0.68769145,0.23701778,0.34483346,0.32767966,0.32495657,22.134017018843863,0.0,0.0
3007,451050,-0.027444363,0.041797392,-0.025867486,0.0022410597,150,0.0,10245,1536750,0.7100843,0.647966,0.71652246,0.68547755,0.68263996,0.6897634,0.690655,0.68771863,0.31385228,0.30150673,0.32741556,0.3249376,21.185048339220675,0.0,0.0
3015,452250,0.35416386,0.0697487,-0.004350455,0.0032683173,150,0.0,10270,1540500,0.32237598,0.61520547,0.6945635,0.6844041,0.67653984,0.68495417,0.690213,0.6876724,0.30916825,0.32232732,0.32698166,0.32485297,22.77110114779241,0.0,0.0
3023,453450,0.29072422,0.14844827,0.0031834599,0.0054304632,150,0.0,10292,1543800,0.3924787,0.53940165,0.68730414,0.6822805,0.6832029,0.6878499,0.6904878,0.68771094,0.34417075,0.29555517,0.3245474,0.32464984,22.55132204577676,0.0,0.0
3031,454650,0.36039475,-0.0822974,-0.025844615,0.002932852,150,0.0,10314,1547100,0.31417444,0.76982987,0.7164572,0.68474233,0.6745692,0.68753254,0.69061273,0.6876751,0.31417444,0.2994349,0.32311073,0.32454824,22.439644193172253,0.0,0.0
3039,455850,-0.9675134,-0.23899809,-0.040328797,0.0014475898,150,0.0,10339,1550850,1.6499839,0.9246191,0.7307546,0.6861576,0.6824705,0.685621,0.6904258,0.6876052,0.31083724,0.3231489,0.32396352,0.32446632,22.588752715139314,0.0,0.0
3047,457050,0.3754721,-0.09587121,-0.058710624,0.0033718133,150,0.0,10365,1554750,0.31122866,0.78792506,0.7496384,0.6843242,0.68670076,0.6920539,0.6909278,0.68769604,0.31122866,0.3296004,0.32538277,0.32441932,20.772564531430863,0.0,0.0
3055,458250,-0.865178,-0.22772852,-0.07772073,0.0023184852,150,0.0,10389,1558350,1.5446682,0.9105779,0.76753527,0.685316,0.6794902,0.6828494,0.68981445,0.6876345,0.33361796,0.33375844,0.32708132,0.32456556,22.465157962069735,0.0,0.0
3063,459450,0.382805,-0.06334298,-0.09189139,0.0011758618,150,0.0,10412,1561800,0.35432756,0.75054795,0.7820674,0.68645585,0.73713255,0.68720496,0.690176,0.6876317,0.31170243,0.31121618,0.32538635,0.32441497,22.21964642279026,0.0,0.0
3071,460650,0.2101104,0.08822825,-0.0616482,0.00012703943,150,0.0,10435,1565250,0.47461322,0.6057475,0.75167596,0.68762356,0.6847236,0.6939757,0.6900278,0.68775064,0.32401884,0.32551256,0.3262765,0.32450306,20.92245475136258,0.0,0.0
3079,461850,0.29297182,-0.20976873,-0.039784443,-0.002374684,150,0.0,10458,1568700,0.39532408,0.8989235,0.72999525,0.6901482,0.6882959,0.6891548,0.6902109,0.68777347,0.31622735,0.33139223,0.32468882,0.32452336,20.873505670987786,0.0,0.0
3087,463050,0.16788185,-0.052649178,-0.046609372,-0.0031348066,150,0.0,10482,1572300,0.5130064,0.74519193,0.7366388,0.6909949,0.68088824,0.6925428,0.6900294,0.68786013,0.34108555,0.3218681,0.32333174,0.3245835,20.322954238808705,0.0,0.0
3095,464250,0.33193254,-0.12305728,-0.061613325,-0.003267137,150,0.0,10506,1575900,0.34289157,0.8111394,0.75048643,0.6911229,0.6748241,0.6880821,0.68887323,0.6878557,0.29741776,0.32642287,0.32115328,0.32463714,22.84755149269111,0.0,0.0
3103,465450,-0.50972354,0.019951547,-0.07536911,-0.0027028827,150,0.0,10528,1579200,1.2010837,0.66804826,0.76422536,0.69059056,0.6913601,0.68799984,0.6888562,0.68788767,0.3199294,0.33187574,0.32469192,0.32478607,20.71848104727344,0.0,0.0
3111,466650,-0.56148976,-0.15492119,-0.07536295,-0.0020700702,150,0.0,10552,1582800,1.2550864,0.8406714,0.7639057,0.68993944,0.69359666,0.6857502,0.6885428,0.68786937,0.30802727,0.3246613,0.3236209,0.3245956,22.566452956695887,0.0,0.0
3119,467850,0.36612275,0.04649082,-0.09364216,-0.0006514206,150,0.0,10576,1586400,0.31567183,0.6371108,0.7816674,0.6884993,0.6817946,0.6836017,0.68802524,0.68784785,0.30650833,0.32328343,0.32447216,0.32449073,20.693415668585697,0.0,0.0
3127,469050,0.3708889,-0.08642688,-0.09162753,-0.0017118468,150,0.0,10596,1589400,0.3094815,0.7728373,0.77985513,0.68958217,0.6803704,0.6864104,0.6882277,0.6878703,0.30767405,0.32386643,0.32595527,0.32435265,21.208330092985264,0.0,0.0
3135,470250,0.33529168,0.13418202,-0.074910395,-0.0007614226,150,0.0,10619,1592850,0.36079443,0.54953945,0.7626718,0.68863726,0.6960861,0.6837215,0.6877615,0.68787587,0.34619153,0.3227359,0.32612652,0.32436892,22.650787470943317,0.0,0.0
3143,471450,-0.15377039,0.08238433,-0.040623106,0.0013054304,150,0.0,10642,1596300,0.84930205,0.6066748,0.7282584,0.68659633,0.69553167,0.6890592,0.68763524,0.68790174,0.3101931,0.34030378,0.32681912,0.32436684,22.442368119978457,0.0,0.0
3151,472650,-0.17860633,-0.12317379,-0.03804491,0.0007955647,150,0.0,10669,1600350,0.8550707,0.813406,0.726496,0.6871167,0.6764644,0.69023216,0.688451,0.6879122,0.32167235,0.33108014,0.32697025,0.32453445,20.523683645143926,0.0,0.0
3158,473700,-1.1866144,-0.03416615,-0.027697816,-0.0008441086,150,0.0,10692,1603800,1.8736686,0.71982116,0.71601504,0.6887075,0.68705416,0.685655,0.68831724,0.68786335,0.3717386,0.32270208,0.3261425,0.32460535,23.631370133623065,0.0,0.0
3166,474900,-0.26651376,0.0017608196,-0.03394536,-0.0006117916,150,0.0,10718,1607700,0.95867777,0.6912142,0.7224056,0.68855816,0.692164,0.692975,0.6884604,0.6879464,0.25009015,0.32826734,0.32821655,0.32469243,20.95246652535739,0.0,0.0
3174,476100,-0.81671655,-0.08204534,-0.051309653,-0.0013995352,150,0.0,10741,1611150,1.4988126,0.7711693,0.7398117,0.6893483,0.682096,0.689124,0.68850213,0.68794876,0.3582343,0.31236434,0.32636052,0.3246849,22.88894192429261,0.0,0.0
3182,477300,0.120737076,0.042472277,-0.021975512,-3.5928726e-05,150,0.0,10765,1614750,0.5896771,0.64560515,0.70979387,0.68797433,0.7104142,0.6880774,0.68781847,0.68793833,0.3130152,0.2714384,0.32098043,0.32409984,22.420385070980267,0.0,0.0
3190,478500,-0.65749204,-0.15736213,-0.027142718,-0.0019464083,150,0.0,10787,1618050,1.3394192,0.8478171,0.7154316,0.6898785,0.6819272,0.690455,0.6882889,0.68793213,0.30452934,0.31451938,0.3211797,0.32406953,25.044924136815865,0.0,0.0
3198,479700,0.37303948,0.030219698,-0.014623689,0.000548728,150,0.0,10809,1621350,0.3194087,0.65774494,0.7027635,0.68743294,0.6924482,0.6879646,0.68813986,0.68798167,0.3194087,0.32181484,0.3214901,0.3240247,22.585803408475197,0.0,0.0
3206,480900,0.15263301,0.104185775,0.0016965765,-0.0006465845,150,0.0,10833,1624950,0.53390384,0.5795249,0.6864654,0.6886026,0.68653685,0.68371063,0.6881618,0.68795604,0.32863894,0.31693375,0.31910288,0.32389405,22.557234969548325,0.0,0.0
3214,482100,-0.27218604,0.056271218,0.020798607,0.0010636774,150,0.0,10857,1628550,0.95885706,0.6329384,0.6671935,0.68688977,0.686671,0.6892096,0.68799204,0.68795335,0.3089208,0.31989926,0.32013392,0.32374325,20.598865916700962,0.0,0.0
3222,483300,-1.5726181,-0.042677432,0.016458195,-0.00070462987,150,0.0,10880,1632000,2.2540934,0.72512347,0.67158216,0.68867385,0.6814753,0.682446,0.68804026,0.68796915,0.3528288,0.32634735,0.3200546,0.3237678,22.544526782002954,0.0,0.0
3230,484500,-1.3740077,-0.4461558,-0.030490221,-0.0012988739,150,0.0,10907,1636050,2.058519,1.1312487,0.7184249,0.68926674,0.6845112,0.68509305,0.68793464,0.6879679,0.35299334,0.33136353,0.32130367,0.3238346,22.51413123652775,0.0,0.0
3238,485700,-0.890654,-0.36067358,-0.07561662,-0.0021562718,150,0.0,10929,1639350,1.5774246,1.0477266,0.76340866,0.6901495,0.6867706,0.687053,0.68779206,0.68799317,0.46079627,0.34224218,0.32174337,0.3239776,20.66428004031394,0.0,0.0
3246,486900,0.3934146,-0.4578352,-0.11416277,-0.006399377,150,0.0,10953,1642950,0.2965025,1.1455289,0.80175,0.69440985,0.6899171,0.68769366,0.68758726,0.6880105,0.2965025,0.33853802,0.32208493,0.32392433,22.351076099134243,0.0,0.0
3254,488100,0.18715093,-0.27027225,-0.12581079,-0.007116923,150,0.0,10980,1647000,0.4994906,0.96002424,0.8135315,0.695176,0.6866415,0.6897519,0.6877208,0.6880591,0.3074275,0.35637695,0.32522273,0.32423395,22.38099207095829,0.0,0.0
3262,489300,0.35784456,-0.022573441,-0.12234745,-0.0074206446,150,0.0,11003,1650450,0.31880346,0.7154697,0.8104423,0.6955303,0.676648,0.6928963,0.68809503,0.6881097,0.31880346,0.31471395,0.32342732,0.32389268,20.11741760066837,0.0,0.0
3270,490500,-0.5249525,0.21557851,-0.105126545,-0.00423308,150,0.0,11030,1654500,1.2142848,0.46575862,0.792338,0.69229835,0.6893323,0.6813371,0.68721145,0.6880653,0.35248998,0.3012949,0.32231477,0.32360256,19.016172549510326,0.0,0.0
3278,491700,-0.5998026,-0.14986655,-0.113356754,-0.0062315837,150,0.0,11056,1658400,1.2789929,0.8336829,0.8002177,0.6942801,0.6791903,0.6838163,0.68686086,0.6880485,0.30085894,0.33250278,0.32507247,0.3235047,22.641740844093167,0.0,0.0
3286,492900,-0.73760176,0.010100177,-0.11758935,-0.0038394318,150,0.0,11081,1662150,1.4318123,0.6755127,0.80406547,0.6918761,0.6942105,0.68561286,0.6864761,0.6880367,0.6689187,0.33208597,0.3291888,0.32340625,22.386497369501445,0.0,0.0
3294,494100,0.24365878,-0.23350254,-0.13179332,-0.007279769,150,0.0,11107,1666050,0.4479689,0.9213394,0.8179629,0.6953069,0.6916277,0.6878369,0.68616945,0.6880271,0.31557965,0.345223,0.330971,0.32362482,20.85340354188496,0.0,0.0
3302,495300,0.23152593,-0.095195904,-0.16962183,-0.0072958814,150,0.0,11130,1669500,0.4615557,0.7854316,0.85637015,0.69532365,0.6930816,0.69023573,0.68674827,0.68802786,0.37890247,0.31857166,0.3315302,0.32354724,22.515953012314878,0.0,0.0
3310,496500,-1.2894843,-0.16434024,-0.1749638,-0.0077988235,150,0.0,11154,1673100,1.9713631,0.8495601,0.86157346,0.69582826,0.68187875,0.68521965,0.6866096,0.68802935,0.3128149,0.33381933,0.33327416,0.32364553,22.193960378450328,0.0,0.0
3318,497700,0.37159497,-0.33918455,-0.23284714,-0.011274101,150,0.0,11180,1677000,0.3122881,1.0269797,0.9197363,0.6993246,0.6838831,0.68779516,0.6868893,0.6880505,0.29508412,0.34493852,0.33540562,0.32383418,22.48785106036419,0.0,0.0
3326,498900,0.23842481,-0.028815791,-0.20046672,-0.009903946,150,0.0,11206,1680900,0.45738217,0.7207649,0.8881073,0.6980185,0.695807,0.69194907,0.6876404,0.6881146,0.31555715,0.33755827,0.33623052,0.32398468,22.640957816917776,0.0,0.0
3334,500100,0.29586524,-0.32444972,-0.19251147,-0.010990126,150,0.0,11231,1684650,0.37573743,1.0122458,0.88037187,0.69910264,0.67160267,0.687796,0.6878605,0.68811256,0.30762118,0.33059403,0.33619136,0.32409674,22.328783278823842,0.0,0.0
3342,501300,0.067082584,0.028739795,-0.13542698,-0.008597519,150,0.0,11256,1688400,0.61511207,0.65183944,0.82257026,0.6966659,0.68219465,0.68057925,0.6871434,0.68806845,0.37118754,0.31752306,0.33307937,0.32391444,22.25462682993986,0.0,0.0
3350,502500,-1.1600459,0.0019686818,-0.10992124,-0.008427082,150,0.0,11282,1692300,1.8371074,0.6818854,0.7967938,0.69649696,0.67706156,0.6838541,0.68687266,0.6880699,0.31225887,0.3308808,0.33267257,0.32415563,22.51821110200132,0.0,0.0
3358,503700,-0.17211235,0.062078774,-0.09126821,-0.0053130533,150,0.0,11303,1695450,0.85048693,0.6236937,0.77745134,0.6933746,0.6783746,0.6857725,0.6861831,0.68806154,0.31540892,0.32392043,0.3310383,0.32407543,24.88171167757537,0.0,0.0
3366,504900,0.29363078,0.07012849,-0.103096426,-0.0020172424,150,0.0,11329,1699350,0.3843354,0.61655116,0.7894766,0.69010645,0.6779662,0.6866797,0.6863801,0.6880892,0.31374037,0.31010675,0.33257157,0.323881,20.678867157620775,0.0,0.0
3374,506100,-1.0438391,0.12703088,-0.08533212,-0.0033091335,150,0.0,11354,1703100,1.7302753,0.56968635,0.7727674,0.6914699,0.6864362,0.69671726,0.6874354,0.68816084,0.32399112,0.30278528,0.3292652,0.32367322,17.766015575693245,0.0,0.0
3382,507300,0.22098935,-0.12311868,-0.098239444,-0.0070873415,150,0.0,11378,1706700,0.46482766,0.8191109,0.78639483,0.695286,0.685817,0.6959922,0.68815535,0.6881986,0.33774456,0.33486354,0.3304866,0.32393903,22.412607319610114,0.0,0.0
3390,508500,-0.33269554,0.222809,-0.05037924,-0.0066318284,150,0.0,11405,1710750,1.0154439,0.4698565,0.738881,0.6948701,0.6827484,0.69266546,0.68850183,0.68823826,0.32770833,0.31844798,0.32646668,0.3238477,22.816984310878915,0.0,0.0
3398,509700,0.34998795,-0.27201003,-0.08490783,-0.01227297,150,0.0,11431,1714650,0.36227158,0.9630376,0.7736605,0.70045656,0.71225953,0.6910276,0.68875265,0.68818355,0.33751065,0.3293975,0.3283694,0.32392707,22.654724496422624,0.0,0.0
3406,510900,-0.6151174,-0.21914832,-0.08890387,-0.011189406,150,0.0,11455,1718250,1.3018149,0.91623986,0.77839434,0.6994268,0.68669754,0.69709164,0.68949044,0.6882373,0.3177828,0.34170416,0.3294508,0.3239583,21.145530091376955,0.0,0.0
3414,512100,0.34130582,-0.21190198,-0.06918349,-0.014439277,150,0.0,11483,1722450,0.33576366,0.9029366,0.75859827,0.70266616,0.6770695,0.6910345,0.6894148,0.6882269,0.33576366,0.334666,0.32742512,0.3237293,21.01994083504291,0.0,0.0
3422,513300,0.14093184,-0.011811987,-0.05509886,-0.015399174,150,0.0,11509,1726350,0.5501079,0.697708,0.7442044,0.70361745,0.69103974,0.68589604,0.68910545,0.68821824,0.30885735,0.33886972,0.32686496,0.32396138,20.68015250597441,0.0,0.0
3430,514500,-1.2063816,-0.0031574636,-0.057690285,-0.015890671,150,0.0,11535,1730250,1.8957412,0.6952977,0.74697965,0.70417285,0.6893596,0.6921402,0.6892894,0.68828225,0.33972895,0.33453465,0.32674608,0.3240495,20.564785558271396,0.0,0.0
3438,515700,0.3562884,-0.35851246,-0.07611303,-0.021573285,150,0.0,11562,1734300,0.33794883,1.0422361,0.76535434,0.70979536,0.69423723,0.6837237,0.68924123,0.68822205,0.31912887,0.32900017,0.32561237,0.32395953,21.991147622959303,0.0,0.0
3446,516900,-0.02978307,-0.0021605105,-0.09397008,-0.023603618,150,0.0,11587,1738050,0.7199566,0.69128,0.78379166,0.71182334,0.6901735,0.68911946,0.6898217,0.6882198,0.32270926,0.33127153,0.32637635,0.32405177,22.630030424052293,0.0,0.0
3454,518100,0.016146183,-0.0034384727,-0.07917407,-0.024285391,150,0.0,11614,1742100,0.66750705,0.6872637,0.7689588,0.7124861,0.68365324,0.6838253,0.68978494,0.6882007,0.36436036,0.33489817,0.32750434,0.32407114,22.565539155348908,0.0,0.0
3462,519300,-0.58313346,-0.14910835,-0.09912963,-0.025915012,150,0.0,11639,1745850,1.2866044,0.83382213,0.78880525,0.71410394,0.70347095,0.68471384,0.6896757,0.68818897,0.31360292,0.3244292,0.32789734,0.32396862,20.70566205990575,0.0,0.0
3470,520500,0.37075245,0.007467836,-0.105083816,-0.027721621,150,0.0,11663,1749450,0.32192796,0.68004405,0.7946375,0.7159573,0.6926804,0.6875118,0.6895536,0.6882357,0.32192796,0.32634494,0.32987735,0.3240448,20.842032619740078,0.0,0.0
3478,521700,-0.048333287,-0.14414532,-0.10162116,-0.028499361,150,0.0,11687,1753050,0.7276389,0.82856905,0.7901034,0.7166958,0.6793056,0.6844238,0.6884821,0.6881964,0.30617204,0.3238752,0.3291532,0.32400754,20.571795611020935,0.0,0.0
3486,522900,0.17317605,-0.19192453,-0.13451889,-0.0318064,150,0.0,11711,1756650,0.5169397,0.8793356,0.8224048,0.7199226,0.69011575,0.687411,0.6878858,0.68811613,0.31664917,0.3225293,0.3288689,0.32404166,20.44564040912235,0.0,0.0
3494,524100,-0.6449479,-0.08201553,-0.13704833,-0.032591674,150,0.0,11737,1760550,1.3286967,0.7666759,0.8248438,0.72071177,0.68374884,0.6846603,0.68779546,0.6881201,0.31997138,0.3308484,0.3300051,0.3240864,20.998568956625327,0.0,0.0
3502,525300,-0.14942855,-0.056879498,-0.100474745,-0.03413159,150,0.0,11761,1764150,0.8323973,0.7444874,0.7877701,0.7222841,0.68296874,0.6876079,0.6872954,0.6881525,0.29332104,0.329445,0.32968143,0.3241601,20.616184934124743,0.0,0.0
3510,526500,-1.5250634,0.15766427,-0.085557096,-0.031243984,150,0.0,11785,1767750,2.2013047,0.5293193,0.7724814,0.71936893,0.6762413,0.6869836,0.68692446,0.688125,0.3489344,0.33639207,0.3292131,0.32440534,22.57337726456976,0.0,0.0
3518,527700,0.37079486,-0.026810741,-0.066165514,-0.029169723,150,0.0,11810,1771500,0.33095726,0.707823,0.75255984,0.717224,0.7017521,0.6810122,0.6863943,0.68805426,0.32821545,0.33934262,0.32946357,0.32447678,22.6206799151946,0.0,0.0
3526,528900,0.16941422,-0.14743209,-0.09780299,-0.03169269,150,0.0,11834,1775100,0.50565416,0.83443767,0.784207,0.71974367,0.6750684,0.6870056,0.686404,0.68805104,0.32740366,0.34211573,0.33059397,0.32458478,35.80087891587477,0.0,0.0
3534,530100,0.33028856,-0.03838805,-0.047875002,-0.028257381,150,0.0,11868,1780200,0.35633656,0.7255832,0.7341466,0.71627086,0.6866251,0.68719506,0.6862716,0.6880135,0.35633656,0.35948312,0.33329776,0.32498053,22.209008155314965,0.0,0.0
3542,531300,-0.2466346,0.025436377,-0.050042085,-0.030714715,150,0.0,11895,1784250,0.91947335,0.6681097,0.73685884,0.7187931,0.67283875,0.69354606,0.6868167,0.68807834,0.31490025,0.3547006,0.33534867,0.32523948,22.57163607171785,0.0,0.0
3550,532500,-0.2122665,0.16113256,-0.046450343,-0.030335754,150,0.0,11922,1788300,0.8939508,0.5233234,0.7330333,0.7183556,0.6816843,0.684456,0.6865829,0.6880198,0.3123835,0.3219393,0.3343263,0.32524657,22.51111841986623,0.0,0.0
3558,533700,-1.1188968,-0.118061826,-0.036275357,-0.033068594,150,0.0,11949,1792350,1.806099,0.7984759,0.72235155,0.7209905,0.6872022,0.68041414,0.6860762,0.6879219,0.32705748,0.32779443,0.3338111,0.32534614,20.769956571785336,0.0,0.0
3566,534900,0.37071618,-0.10424491,-0.047807287,-0.035800453,150,0.0,11977,1796550,0.31592795,0.79158777,0.7340522,0.7237346,0.68664414,0.6873429,0.6862449,0.68793416,0.23175688,0.3210656,0.3336983,0.3253853,22.66911152963796,0.0,0.0
3574,536100,-0.9457956,0.12065564,-0.032105997,-0.035500284,150,0.0,12004,1800600,1.6368256,0.56980187,0.7186194,0.72346485,0.69102997,0.6904576,0.6865134,0.6879646,0.3069524,0.308904,0.33212757,0.32533336,20.892898629596917,0.0,0.0
3582,537300,-0.12794423,-0.15004133,-0.031115232,-0.032953117,150,0.0,12032,1804800,0.7996436,0.8435872,0.71824855,0.7209462,0.67169935,0.6935459,0.6871333,0.68799305,0.30648705,0.3348959,0.33358824,0.3254283,22.550434525879666,0.0,0.0
3590,538500,-0.83195007,-0.10211952,-0.0432349,-0.030227482,150,0.0,12058,1808700,1.5288216,0.78667533,0.73018485,0.71822935,0.6968715,0.6845559,0.68694997,0.68800193,0.28846028,0.3203497,0.33344975,0.32550853,20.77986934303611,0.0,0.0
3598,539700,0.18898314,-0.5377668,-0.05981057,-0.037505224,150,0.0,12085,1812750,0.50443786,1.2239336,0.74649066,0.7254884,0.693421,0.68616664,0.68668014,0.6879833,0.3094484,0.32664722,0.3332755,0.325844,22.208260259827345,0.0,0.0
3606,540900,-0.25829178,-0.47033605,-0.09495515,-0.040579855,150,0.0,12111,1816650,0.94548374,1.1626514,0.78253466,0.7286726,0.68719196,0.6923153,0.6875795,0.68809277,0.30218524,0.3665439,0.33650333,0.32650015,22.547113816648306,0.0,0.0
3614,542100,-0.04114026,0.101581976,-0.081600524,-0.037388355,150,0.0,12138,1820700,0.7275805,0.58674324,0.7697199,0.7254116,0.6864402,0.6883253,0.6881194,0.6880233,0.31414443,0.35424265,0.33546162,0.32626694,24.908533791058638,0.0,0.0
3622,543300,-0.6628408,0.10416647,-0.07547179,-0.038684703,150,0.0,12165,1824750,1.3534836,0.58249235,0.7634531,0.72669625,0.6906428,0.6866588,0.6879814,0.6880116,0.33749568,0.3258012,0.33386335,0.32625917,20.83907724457212,0.0,0.0
3630,544500,0.26908103,-0.26626474,-0.09511055,-0.04284217,150,0.0,12191,1828650,0.41690132,0.9539324,0.78349876,0.7308556,0.68598235,0.6876678,0.6883883,0.6880134,0.3192813,0.3337257,0.33239102,0.32641968,20.611956105842044,0.0,0.0
3638,545700,-0.5018442,-0.09953894,-0.1061054,-0.046500873,150,0.0,12219,1832850,1.1794375,0.788451,0.79412603,0.7345243,0.6775933,0.6889121,0.6880205,0.68802345,0.31609997,0.34796324,0.33231744,0.32664767,22.47095274648645,0.0,0.0
3646,546900,-0.443011,-0.07027352,-0.11106975,-0.042342607,150,0.0,12247,1837050,1.1180894,0.7575268,0.79958725,0.73037195,0.67507845,0.6872533,0.68851763,0.6880293,0.3413443,0.33554763,0.33229375,0.3265094,22.560853140782108,0.0,0.0
3654,548100,0.23725799,0.026154017,-0.11065355,-0.04402664,150,0.0,12275,1841250,0.46198884,0.66066146,0.7990185,0.73206025,0.6992468,0.68681556,0.6883649,0.6880336,0.30666515,0.32437286,0.3312007,0.32645276,22.574486098985265,0.0,0.0
3662,549300,0.3524396,-0.23470807,-0.11778522,-0.047142148,150,0.0,12301,1845150,0.34297916,0.92900574,0.80715925,0.73523533,0.6954188,0.6942977,0.689374,0.68809325,0.3102667,0.3356239,0.33243605,0.3265397,22.57868753655627,0.0,0.0
3670,550500,-0.8852595,-0.2874151,-0.1504683,-0.050984886,150,0.0,12327,1849050,1.5614077,0.9746954,0.839658,0.7391252,0.6761482,0.68728036,0.68918985,0.68814033,0.309125,0.34187812,0.3358473,0.32674903,22.916210224216186,0.0,0.0
3678,551700,-1.0819386,-0.1260123,-0.15167297,-0.049873475,150,0.0,12350,1852500,1.7687007,0.81116664,0.83998626,0.73804104,0.6867621,0.6851543,0.68831325,0.68816763,0.31996062,0.3171681,0.3331878,0.32662913,20.91867593813428,0.0,0.0
3686,552900,0.35153744,-0.5610039,-0.19496435,-0.056848463,150,0.0,12375,1856250,0.3307422,1.2507751,0.8835874,0.74503535,0.68227965,0.6897712,0.68862313,0.6881869,0.3307422,0.3438266,0.33523777,0.32693207,22.619929248004965,0.0,0.0
3694,554100,-0.110800326,-0.40204734,-0.19521467,-0.058824897,150,0.0,12403,1860450,0.7844924,1.0877708,0.88378274,0.7469835,0.67369205,0.6857236,0.6885681,0.6881586,0.30965674,0.3357827,0.33621445,0.3271336,20.80639283743144,0.0,0.0
3702,555300,-0.26078594,-0.35101205,-0.17061812,-0.06293737,150,0.0,12428,1864200,0.9531771,1.038847,0.8590126,0.7510466,0.69239116,0.68783486,0.68839437,0.6881092,0.317289,0.3509056,0.33722278,0.32742187,22.593668586001733,0.0,0.0
3710,556500,0.056560755,-0.181935,-0.17784578,-0.06384309,150,0.0,12451,1867650,0.6216895,0.8785881,0.8665809,0.7520086,0.67825025,0.696653,0.68873507,0.68816555,0.35443518,0.34393173,0.3345291,0.3275068,22.670417674422996,0.0,0.0
3718,557700,-0.9805815,-0.24322161,-0.21386094,-0.06955565,150,0.0,12479,1871850,1.6676614,0.92786914,0.90223426,0.75764936,0.6870799,0.6846475,0.6883733,0.6880937,0.3295069,0.33181554,0.3355127,0.32766902,22.195849729853645,0.0,0.0
3726,558900,-1.184906,-0.36428523,-0.22492845,-0.07147029,150,0.0,12501,1875150,1.85905,1.0477598,0.91298884,0.7595735,0.67414397,0.6834744,0.6880604,0.68810326,0.3108581,0.33367604,0.33458015,0.32783344,22.351501715942277,0.0,0.0
3734,560100,0.033124983,-0.01206446,-0.21287754,-0.07305004,150,0.0,12530,1879500,0.64101154,0.6918415,0.900151,0.7611215,0.6741365,0.679777,0.6872735,0.68807155,0.30961257,0.32380468,0.3339458,0.32776594,22.04241317185204,0.0,0.0
3742,561300,-0.6564013,0.024000924,-0.2009967,-0.070859306,150,0.0,12552,1882800,1.3458998,0.6599772,0.88811374,0.7588648,0.68949854,0.68397814,0.68711716,0.6880055,0.34471965,0.3250139,0.33208388,0.32785475,22.23489486777646,0.0,0.0
3750,562500,-1.0058577,0.15296486,-0.1805525,-0.06963303,150,0.0,12580,1887000,1.6804014,0.52891386,0.8670301,0.75760156,0.67454374,0.6818787,0.6864776,0.6879685,0.3133583,0.32145244,0.33131137,0.32786888,22.38391042587684,0.0,0.0
3758,563700,0.17644286,0.04661628,-0.18446814,-0.07074605,150,0.0,12607,1891050,0.50958085,0.63701475,0.8700404,0.7586868,0.6860237,0.683631,0.6855724,0.6879408,0.4122655,0.32889408,0.33149517,0.3279327,22.289531184269514,0.0,0.0
3766,564900,-0.90886456,-0.21298194,-0.17891888,-0.07135449,150,0.0,12633,1894950,1.5974414,0.9007276,0.8645308,0.75930285,0.6885769,0.6877457,0.6856119,0.68794835,0.3009996,0.36604193,0.33326274,0.3282236,22.572564944430525,0.0,0.0
3774,566100,0.08567715,-0.2621836,-0.16465726,-0.07058435,150,0.0,12657,1898550,0.5997784,0.9505249,0.8506462,0.758516,0.68545556,0.6883412,0.6859889,0.68793166,0.3514247,0.33636254,0.33363843,0.3282589,24.829827763892123,0.0,0.0
3782,567300,0.38177505,-0.15723288,-0.15074614,-0.07189758,150,0.0,12683,1902450,0.32246444,0.8439557,0.8364719,0.75975174,0.7042395,0.6867229,0.6857258,0.6878541,0.32246444,0.33409306,0.33412442,0.32850957,20.775503814031406,0.0,0.0
3790,568500,0.3215107,-0.12878461,-0.13374491,-0.0741924,150,0.0,12708,1906200,0.3835204,0.8162077,0.8198088,0.7620668,0.7050311,0.6874231,0.6860638,0.6878744,0.30686104,0.31066674,0.33258316,0.32843944,22.50923380558154,0.0,0.0
3798,569700,0.16798276,0.22206876,-0.09898156,-0.07243246,150,0.0,12728,1909200,0.5052463,0.46601382,0.7851543,0.7603242,0.67322904,0.68808264,0.68617266,0.6878917,0.3230957,0.31143847,0.33058125,0.32836822,22.393189717647363,0.0,0.0
3806,570900,-0.99860066,-0.06528827,-0.080497816,-0.07585507,150,0.0,12756,1913400,1.685195,0.7516289,0.76623946,0.763718,0.6865943,0.68634063,0.68574166,0.68786293,0.3405413,0.3050132,0.3270811,0.32817018,22.535145885957647,0.0,0.0
3814,572100,-0.77479017,-0.71792156,-0.12558043,-0.07786578,150,0.0,12785,1917750,1.4573784,1.4046975,0.81100273,0.76570237,0.6825882,0.6867759,0.68542236,0.68783665,0.3159288,0.3322951,0.3269539,0.3281172,22.52503244429334,0.0,0.0
3822,573300,0.10330224,-0.30231535,-0.10603339,-0.0833936,150,0.0,12809,1921350,0.59802073,0.9904062,0.79140264,0.7712181,0.701323,0.6880909,0.6853692,0.68782455,0.37182295,0.31971586,0.32515734,0.3281043,20.52117059851327,0.0,0.0
3830,574500,-0.8292723,-0.674448,-0.14898297,-0.08489589,150,0.0,12834,1925100,1.5108664,1.3670089,0.83547366,0.77277905,0.68159413,0.69256085,0.68649065,0.6878832,0.3213817,0.34251034,0.32745838,0.32816795,20.69244104759114,0.0,0.0
3838,575700,-1.0241134,-0.5792223,-0.20037507,-0.091931045,150,0.0,12861,1929150,1.7075553,1.2671659,0.8868511,0.7797668,0.68344194,0.6879436,0.686476,0.68783575,0.33022234,0.3482962,0.32904056,0.32841522,20.70303680776585,0.0,0.0
3846,576900,-0.5775238,-0.18186004,-0.21299694,-0.09539648,150,0.0,12885,1932750,1.2650654,0.87038213,0.89988166,0.7832694,0.6875416,0.688522,0.6868845,0.68787295,0.3734547,0.33882385,0.3294894,0.3285209,22.62768963073431,0.0,0.0
3854,578100,0.24560833,-0.046278812,-0.23267855,-0.09713771,150,0.0,12910,1936500,0.4483645,0.73213613,0.9201255,0.7850137,0.6939728,0.68585736,0.68744695,0.6878759,0.35718235,0.33442587,0.33108538,0.3286386,22.442527429729587,0.0,0.0
3862,579300,-0.6386617,0.11804756,-0.23253644,-0.09739855,150,0.0,12937,1940550,1.3456792,0.56673396,0.9196383,0.78528696,0.7070175,0.68478155,0.6871019,0.68788844,0.32015434,0.34531254,0.33054635,0.32878852,20.731154016828814,0.0,0.0
3870,580500,-1.3417575,-0.13593376,-0.21943647,-0.09592621,150,0.0,12963,1944450,2.0123405,0.8272766,0.9071999,0.7838965,0.670583,0.69134295,0.68776345,0.68797034,0.31514877,0.34346512,0.32966942,0.32881382,22.293165090661336,0.0,0.0
3879,581850,0.3816394,-0.29306668,-0.23639947,-0.0999573,150,0.0,12990,1948500,0.3645124,0.9867428,0.924762,0.7879883,0.7461518,0.69367605,0.6883625,0.68803096,0.36414504,0.33010668,0.32848912,0.32895118,22.392296270143063,0.0,0.0
3887,583050,0.11800337,-0.1888912,-0.23587589,-0.10241372,150,0.0,13015,1952250,0.5635811,0.8796133,0.92454743,0.7904236,0.6815845,0.6907221,0.6886716,0.68800986,0.3084427,0.33855277,0.33051446,0.3291187,22.181414886955434,0.0,0.0
3895,584250,-0.04900205,-0.48257256,-0.27838773,-0.1030553,150,0.0,13037,1955550,0.7463158,1.1665957,0.96656126,0.7910494,0.6973137,0.684023,0.6881736,0.6879941,0.32617778,0.32360628,0.33144417,0.32903165,20.91740110536679,0.0,0.0
