actor_episodes,actor_steps,delta_dist,episode_length,episode_return,evaluator_episodes,evaluator_steps,final_dist,init_dist,min_dist,steps_per_second,success,success_1000
3,450,0.023398936,150,0.0,1,150,0.65707695,0.6804759,0.5769459,17.850507008731473,0.0,nan
8,1200,0.069464326,150,0.0,2,300,0.61172265,0.681187,0.32890818,43.343757080913434,0.0,0.0
12,1800,0.2860568,150,0.0,3,450,0.40759823,0.693655,0.35871187,44.45599514644401,0.0,0.0
16,2400,0.3122358,150,0.0,4,600,0.37086257,0.6830984,0.3424198,43.513662756276965,0.0,0.0
20,3000,-0.07902837,150,0.0,5,750,0.76039016,0.6813618,0.5051521,47.8877266053328,0.0,0.0
24,3600,0.19713137,150,0.0,6,900,0.48618963,0.683321,0.3612993,44.804047240595466,0.0,0.0
28,4200,0.22496891,150,0.0,7,1050,0.4712764,0.6962453,0.4712764,45.25060263234266,0.0,0.0
32,4800,0.09701961,150,0.0,8,1200,0.6015625,0.6985821,0.42166263,49.12777386651208,0.0,0.0
36,5400,0.101329565,150,0.0,9,1350,0.6305733,0.73190284,0.33196327,45.28294064571629,0.0,0.0
40,6000,0.09249467,150,0.0,10,1500,0.583363,0.67585766,0.30502272,42.74435125524151,0.0,0.0
44,6600,0.22315815,150,0.0,11,1650,0.45418063,0.6773388,0.45192605,44.90241765328611,0.0,0.0
48,7200,0.2538814,150,0.0,12,1800,0.4524488,0.7063302,0.42232025,46.05739634323019,0.0,0.0
51,7650,0.22812912,150,0.0,13,1950,0.46331885,0.691448,0.39056805,45.368059292786945,0.0,0.0
54,8100,0.29754722,150,0.0,14,2100,0.39134276,0.68889,0.37200347,45.472874949478246,0.0,0.0
58,8700,0.10201663,150,0.0,15,2250,0.58704436,0.689061,0.34371355,44.65885196951067,0.0,0.0
63,9450,0.20089528,150,0.0,16,2400,0.4771531,0.6780484,0.42236432,42.949483844832734,0.0,0.0
66,9900,0.010807276,150,0.0,17,2550,0.67967653,0.6904838,0.4883186,45.16928963642757,0.0,0.0
70,10500,0.014435947,150,0.0,18,2700,0.66446364,0.6788996,0.35481796,45.61353368773155,0.0,0.0
74,11100,0.26254362,150,0.0,19,2850,0.4150675,0.6776111,0.40356317,33.59713530285534,0.0,0.0
79,11850,0.292635,150,0.0,20,3000,0.40324524,0.69588023,0.38920435,54.11907863333898,0.0,0.0
82,12300,0.33329138,150,0.0,21,3150,0.34472087,0.67801225,0.30301622,50.848036249088345,0.0,0.0
86,12900,0.35193747,150,0.0,22,3300,0.32927507,0.68121254,0.3128963,107.57580757654281,0.0,0.0
90,13500,0.1451624,150,0.0,23,3450,0.53063554,0.67579794,0.30225277,117.72414242185413,0.0,0.0
93,13950,0.19874987,150,0.0,24,3600,0.48237815,0.681128,0.31210116,118.1622343232749,0.0,0.0
95,14250,0.2812727,150,0.0,25,3750,0.40309644,0.68436915,0.31961,121.48123375516248,0.0,0.0
98,14700,0.20974123,150,0.0,26,3900,0.4659695,0.67571074,0.29913348,119.83397026824407,0.0,0.0
102,15300,0.13400835,150,0.0,27,4050,0.5568299,0.6908383,0.32989255,113.1082227547326,0.0,0.0
106,15900,0.13898152,150,0.0,28,4200,0.55974275,0.69872427,0.37214595,100.70098233562929,0.0,0.0
108,16200,0.18424973,150,0.0,29,4350,0.49454919,0.6787989,0.4309321,137.2027625238332,0.0,0.0
108,16200,0.20707896,150,0.0,32,4800,0.4858792,0.6929582,0.33516887,509.237898281214,0.0,0.0
109,16350,0.19835213,150,0.0,36,5400,0.48397425,0.6823264,0.3165353,216.37322036381494,0.0,0.0
110,16500,0.18287641,150,0.0,39,5850,0.5138768,0.6967532,0.33879352,244.75259449679191,0.0,0.0
110,16500,0.32894814,150,0.0,43,6450,0.35930276,0.6882509,0.32490093,522.3249288092253,0.0,0.0
111,16650,0.34260765,150,0.0,46,6900,0.33519086,0.6777985,0.30168307,216.26016986759623,0.0,0.0
112,16800,0.34929588,150,0.0,49,7350,0.32833335,0.67762923,0.2969529,310.9708249347804,0.0,0.0
113,16950,0.25539175,150,0.0,52,7800,0.4191728,0.67456454,0.30944103,253.40991066649104,0.0,0.0
114,17100,0.31175372,150,0.0,54,8100,0.38323054,0.69498426,0.3565546,227.58560067427882,0.0,0.0
114,17100,0.2717756,150,0.0,58,8700,0.42120087,0.6929765,0.34783483,548.6154372037378,0.0,0.0
115,17250,0.33314526,150,0.0,61,9150,0.36026168,0.69340694,0.33397827,281.84231145013956,0.0,0.0
115,17250,0.32573777,150,0.0,64,9600,0.35071915,0.6764569,0.29008323,520.45614165705,0.0,0.0
116,17400,0.22848576,150,0.0,67,10050,0.44561327,0.674099,0.28874588,218.93796163382487,0.0,0.0
118,17700,0.31391767,150,0.0,69,10350,0.38222995,0.6961476,0.33942607,183.48166439141784,0.0,0.0
118,17700,0.29247266,150,0.0,73,10950,0.38946915,0.6819418,0.29207164,541.8194720506523,0.0,0.0
119,17850,0.24324155,150,0.0,76,11400,0.4506691,0.69391066,0.3472911,343.51552915083937,0.0,0.0
119,17850,0.3696899,150,0.0,79,11850,0.3116705,0.6813604,0.28657678,498.6708622473041,0.0,0.0
120,18000,0.35061395,150,0.0,82,12300,0.32051992,0.6711339,0.2817168,219.73573550079772,0.0,0.0
121,18150,-0.017466187,150,0.0,84,12600,0.70526636,0.68780017,0.3151308,337.2344491298524,0.0,0.0
122,18300,0.031511605,150,0.0,87,13050,0.65420395,0.68571556,0.30730462,333.9242087854288,0.0,0.0
122,18300,0.31539905,150,0.0,91,13650,0.3707196,0.68611866,0.31786844,505.9738546848046,0.0,0.0
123,18450,0.2727541,150,0.0,94,14100,0.40478167,0.6775358,0.298683,201.24454862241762,0.0,0.0
123,18450,0.11866099,150,0.0,98,14700,0.5723655,0.6910265,0.312827,531.9075760265807,0.0,0.0
125,18750,0.14061648,150,0.0,100,15000,0.5495491,0.6901656,0.33971447,209.93780405156267,0.0,0.0
126,18900,0.3472774,150,0.0,102,15300,0.3435973,0.6908747,0.31998703,249.08785263112887,0.0,0.0
126,18900,0.15599239,150,0.0,106,15900,0.5445081,0.7005005,0.34878168,571.7753742717003,0.0,0.0
127,19050,0.08408636,150,0.0,109,16350,0.5982203,0.68230665,0.31675234,207.91795717815205,0.0,0.0
127,19050,0.30603072,150,0.0,113,16950,0.3898171,0.6958478,0.34103876,517.2869521747746,0.0,0.0
128,19200,0.2368496,150,0.0,115,17250,0.4567101,0.6935597,0.32163337,257.28338092724084,0.0,0.0
130,19500,0.13421059,150,0.0,118,17700,0.5456407,0.6798513,0.30106312,163.3192073712861,0.0,0.0
130,19500,0.11353803,150,0.0,122,18300,0.5663055,0.67984354,0.30380884,547.8243606131426,0.0,0.0
131,19650,0.16252965,150,0.0,125,18750,0.5248532,0.6873829,0.26739976,224.076964912112,0.0,0.0
131,19650,0.13560253,150,0.0,129,19350,0.55083007,0.6864326,0.316257,498.01205401032524,0.0,0.0
132,19800,0.103710294,150,0.0,131,19650,0.5804378,0.6841481,0.31667018,271.26658212926463,0.0,0.0
134,20100,0.08582431,150,0.0,134,20100,0.61606413,0.70188844,0.346171,205.7393555340889,0.0,0.0
134,20100,0.2603992,150,0.0,138,20700,0.4214342,0.6818334,0.3107861,495.2634955621593,0.0,0.0
135,20250,0.1540227,150,0.0,142,21300,0.5456334,0.69965607,0.3462247,424.1094582834216,0.0,0.0
135,20250,0.23086715,150,0.0,144,21600,0.46332377,0.6941909,0.32449672,513.7375433187113,0.0,0.0
136,20400,0.3416735,150,0.0,148,22200,0.34148854,0.68316203,0.314843,201.66273958736338,0.0,0.0
138,20700,0.21753252,150,0.0,150,22500,0.48047853,0.69801104,0.33740982,191.14861631618206,0.0,0.0
138,20700,0.13880599,150,0.0,153,22950,0.5410228,0.67982876,0.29894665,520.5353737348498,0.0,0.0
139,20850,0.13040215,150,0.0,157,23550,0.5430479,0.67345005,0.29012588,376.1955046370763,0.0,0.0
139,20850,0.08363032,150,0.0,159,23850,0.5910393,0.6746696,0.30212623,542.0743633177268,0.0,0.0
140,21000,0.13650185,150,0.0,163,24450,0.54730064,0.6838025,0.3184845,238.7572317401526,0.0,0.0
142,21300,0.10126144,150,0.0,165,24750,0.59390706,0.6951685,0.33192065,196.0517032919092,0.0,0.0
142,21300,0.11437869,150,0.0,168,25200,0.57041407,0.68479276,0.3068802,521.0108418050463,0.0,0.0
142,21300,0.27712017,150,0.0,172,25800,0.40862024,0.6857404,0.30943596,518.6913206501845,0.0,0.0
143,21450,0.12167597,150,0.0,175,26250,0.56953794,0.6912139,0.32570642,268.9312648513804,0.0,0.0
143,21450,0.23412728,150,0.0,179,26850,0.4554199,0.6895472,0.32785407,465.17028390262226,0.0,0.0
145,21750,0.26707786,150,0.0,181,27150,0.43995428,0.70703214,0.34616032,174.76873502552172,0.0,0.0
146,21900,0.2588413,150,0.0,183,27450,0.42276362,0.6816049,0.32403508,399.15087456620626,0.0,0.0
146,21900,0.014028609,150,0.0,187,28050,0.6897059,0.7037345,0.38180843,506.7404236948212,0.0,0.0
147,22050,0.3430429,150,0.0,190,28500,0.33119172,0.6742346,0.30400595,181.75487779018727,0.0,0.0
147,22050,0.10771781,150,0.0,194,29100,0.56994283,0.67766064,0.31683135,531.2832291842594,0.0,0.0
149,22350,0.041324258,150,0.0,196,29400,0.65312546,0.6944497,0.32963392,416.7012843881141,0.0,0.0
149,22350,0.043117285,150,0.0,199,29850,0.6580738,0.70119107,0.34112155,504.86824303178247,0.0,0.0
150,22500,0.32463264,150,0.0,201,30150,0.34549248,0.6701251,0.31207454,458.7411526831605,0.0,0.0
151,22650,0.3557768,150,0.0,205,30750,0.341981,0.6977578,0.3332453,215.68766329245588,0.0,0.0
151,22650,0.0854072,150,0.0,208,31200,0.60143954,0.68684673,0.3319622,534.4578419696118,0.0,0.0
153,22950,0.033268332,150,0.0,211,31650,0.64269346,0.6759618,0.29798722,196.9773941695035,0.0,0.0
153,22950,0.06443328,150,0.0,213,31950,0.6186189,0.6830522,0.3164051,489.6108999985214,0.0,0.0
154,23100,0.27330592,150,0.0,215,32250,0.4083996,0.68170553,0.32222643,210.20265996846686,0.0,0.0
154,23100,0.31533498,150,0.0,219,32850,0.3716582,0.6869932,0.3592917,553.7688052980506,0.0,0.0
155,23250,0.021202385,150,0.0,222,33300,0.65324026,0.67444265,0.31145328,264.49491900509025,0.0,0.0
155,23250,0.039530873,150,0.0,225,33750,0.6408044,0.6803353,0.3064828,548.531252942551,0.0,0.0
157,23550,0.33394653,150,0.0,228,34200,0.34531766,0.6792642,0.33170632,179.72050644887335,0.0,0.0
158,23700,0.35393494,150,0.0,230,34500,0.32579017,0.6797251,0.28579065,199.8493059305613,0.0,0.0
158,23700,0.36275205,150,0.0,234,35100,0.3208764,0.68362844,0.31312597,479.2044457443697,0.0,0.0
159,23850,0.057671487,150,0.0,237,35550,0.6237296,0.6814011,0.31594306,215.22893485306585,0.0,0.0
159,23850,0.096420646,150,0.0,240,36000,0.58755493,0.6839756,0.32348216,532.8152642922777,0.0,0.0
160,24000,0.34347677,150,0.0,243,36450,0.36349183,0.7069686,0.36347562,224.4831214557983,0.0,0.0
162,24300,0.090813994,150,0.0,245,36750,0.5937645,0.6845785,0.32873818,153.330286934238,0.0,0.0
162,24300,0.26416835,150,0.0,249,37350,0.42921177,0.6933801,0.3453915,544.6940549450931,0.0,0.0
162,24300,0.1498363,150,0.0,253,37950,0.5315675,0.6814038,0.30422887,466.2233752837265,0.0,0.0
163,24450,0.122440815,150,0.0,255,38250,0.56354934,0.68599015,0.33069167,444.8808469023589,0.0,0.0
165,24750,0.062440634,150,0.0,259,38850,0.61219853,0.67463917,0.30491632,261.11076295176963,0.0,0.0
166,24900,0.3501095,150,0.0,261,39150,0.33957794,0.68968743,0.32848182,260.29363760368483,0.0,0.0
166,24900,0.032520592,150,0.0,264,39600,0.6743363,0.7068569,0.35498786,548.9141170024534,0.0,0.0
167,25050,0.34061742,150,0.0,268,40200,0.33889776,0.6795152,0.31279993,220.20179676682773,0.0,0.0
167,25050,0.25497144,150,0.0,272,40800,0.42819393,0.6831654,0.3317815,496.93543151105285,0.0,0.0
169,25350,0.3097477,150,0.0,275,41250,0.41587424,0.72562194,0.30820745,213.22704950535316,0.0,0.0
170,25500,0.041976213,150,0.0,277,41550,0.638525,0.6805012,0.30227315,189.60357011116818,0.0,0.0
170,25500,0.2606567,150,0.0,281,42150,0.41787094,0.67852765,0.31779915,491.3756584003449,0.0,0.0
171,25650,0.23032418,150,0.0,284,42600,0.4571276,0.6874518,0.33769804,209.0170135025636,0.0,0.0
171,25650,0.26630515,150,0.0,287,43050,0.4308533,0.69715846,0.34255698,532.9633102831338,0.0,0.0
172,25800,0.2553269,150,0.0,291,43650,0.41911897,0.67444587,0.30920258,363.19561264251695,0.0,0.0
173,25950,0.25327435,150,0.0,292,43800,0.4365854,0.68985975,0.34667903,142.4398902402579,0.0,0.0
174,26100,0.36801067,150,0.0,295,44250,0.3155339,0.6835446,0.3132816,251.89179407146307,0.0,0.0
174,26100,0.2526902,150,0.0,299,44850,0.435175,0.6878652,0.33699262,516.6531579582717,0.0,0.0
175,26250,0.35864452,150,0.0,301,45150,0.32648346,0.685128,0.30823448,408.3539356144369,0.0,0.0
175,26250,0.26133528,150,0.0,305,45750,0.43438187,0.69571716,0.34784767,529.4920241102974,0.0,0.0
176,26400,0.2746209,150,0.0,308,46200,0.40890008,0.683521,0.3172526,217.32527930543853,0.0,0.0
178,26700,0.26392177,150,0.0,310,46500,0.42256466,0.6864864,0.33212537,174.0059823185564,0.0,0.0
178,26700,0.3512045,150,0.0,314,47100,0.33537203,0.68657655,0.33505344,556.174897299419,0.0,0.0
179,26850,0.35318172,150,0.0,317,47550,0.3393194,0.6925011,0.32459643,257.7455718169439,0.0,0.0
179,26850,0.29128608,150,0.0,320,48000,0.3900502,0.6813363,0.32144904,563.0870434926587,0.0,0.0
180,27000,0.2603952,150,0.0,323,48450,0.41937128,0.6797665,0.32219374,267.87621618100326,0.0,0.0
182,27300,0.3739872,150,0.0,325,48750,0.31531984,0.68930703,0.2953838,185.00963062509373,0.0,0.0
182,27300,0.26754218,150,0.0,328,49200,0.41924638,0.68678856,0.31609333,530.5672635642833,0.0,0.0
183,27450,0.25356805,150,0.0,332,49800,0.4276873,0.68125534,0.3330552,427.36688802182397,0.0,0.0
183,27450,0.35573658,150,0.0,334,50100,0.33650282,0.6922394,0.32145196,513.2375674743054,0.0,0.0
184,27600,0.34678653,150,0.0,338,50700,0.3305787,0.67736524,0.3091874,279.6271019958266,0.0,0.0
186,27900,0.2819211,150,0.0,341,51150,0.39750183,0.6794229,0.32416505,254.83924539674027,0.0,0.0
186,27900,0.2594119,150,0.0,343,51450,0.41227219,0.6716841,0.30184138,538.0808046252266,0.0,0.0
186,27900,0.18856958,150,0.0,347,52050,0.48626307,0.67483264,0.29444706,506.35501517506253,0.0,0.0
187,28050,0.3542198,150,0.0,350,52500,0.3202945,0.6745143,0.29652292,218.58866096614676,0.0,0.0
187,28050,0.34168842,150,0.0,353,52950,0.3337305,0.6754189,0.30438963,494.6984374606849,0.0,0.0
188,28200,0.30862233,150,0.0,356,53400,0.3813257,0.689948,0.3381818,216.7389881424014,0.0,0.0
190,28500,0.3558868,150,0.0,359,53850,0.3295054,0.6853922,0.31526607,148.28239633004688,0.0,0.0
191,28650,0.26421887,150,0.0,363,54450,0.426089,0.69030786,0.32347313,245.23236723487122,0.0,0.0
191,28650,0.28704348,150,0.0,366,54900,0.40706065,0.69410414,0.34573376,550.8726552834323,0.0,0.0
192,28800,0.23140165,150,0.0,370,55500,0.47486994,0.7062716,0.3688329,293.200670151017,0.0,0.0
193,28950,0.24067247,150,0.0,373,55950,0.43466294,0.6753354,0.3016003,340.53299212138137,0.0,0.0
194,29100,0.22283497,150,0.0,375,56250,0.4718856,0.69472057,0.3286108,432.20107743608133,0.0,0.0
194,29100,0.2649018,150,0.0,379,56850,0.42283586,0.68773764,0.32639384,534.4855386732704,0.0,0.0
195,29250,0.1763838,150,0.0,381,57150,0.51339775,0.68978155,0.32574123,198.02187619603973,0.0,0.0
195,29250,0.26064798,150,0.0,385,57750,0.42150572,0.6821537,0.32564065,464.795356372687,0.0,0.0
196,29400,0.34689242,150,0.0,387,58050,0.33873028,0.6856227,0.32198107,442.66032873115347,0.0,0.0
197,29550,0.2200661,150,0.0,389,58350,0.47856864,0.69863474,0.34289026,206.12856300373502,0.0,0.0
198,29700,0.19056565,150,0.0,391,58650,0.5078571,0.69842273,0.34402144,327.02560813206077,0.0,0.0
199,29850,0.26996246,150,0.0,395,59250,0.42335954,0.693322,0.33280575,355.90110388662674,0.0,0.0
199,29850,0.2053642,150,0.0,398,59700,0.4815711,0.6869353,0.3264487,554.3303978536783,0.0,0.0
200,30000,0.16093981,150,0.0,401,60150,0.526551,0.6874908,0.33457956,326.6400257928792,0.0,0.0
201,30150,0.22923046,150,0.0,404,60600,0.44812942,0.6773599,0.31377012,276.8523583110194,0.0,0.0
202,30300,0.22675797,150,0.0,406,60900,0.4716721,0.69843006,0.34995186,205.91112916280332,0.0,0.0
202,30300,0.23849371,150,0.0,410,61500,0.44697538,0.6854691,0.33383763,507.32884234836473,0.0,0.0
203,30450,0.14193594,150,0.0,413,61950,0.5457039,0.68763983,0.33413854,176.48585494480832,0.0,0.0
203,30450,0.26273352,150,0.0,417,62550,0.4245847,0.6873182,0.3347505,562.3210530220219,0.0,0.0
204,30600,0.181373,150,0.0,419,62850,0.5061198,0.6874928,0.3357427,295.5226698920817,0.0,0.0
206,30900,0.18354481,150,0.0,422,63300,0.5072132,0.690758,0.34136117,224.305526835564,0.0,0.0
206,30900,0.21780849,150,0.0,425,63750,0.4620434,0.6798519,0.31079337,479.60189295994536,0.0,0.0
207,31050,0.24016035,150,0.0,428,64200,0.44683158,0.68699193,0.31426513,188.89466350453918,0.0,0.0
207,31050,0.26291588,150,0.0,432,64800,0.4119253,0.67484117,0.3068725,531.2298460127719,0.0,0.0
208,31200,0.26456508,150,0.0,434,65100,0.4294066,0.6939717,0.35392264,226.6253000109144,0.0,0.0
209,31350,0.25784737,150,0.0,437,65550,0.44352227,0.70136964,0.3637409,186.2144409768757,0.0,0.0
210,31500,0.15535742,150,0.0,440,66000,0.53501284,0.69037026,0.35009167,190.07264895422304,0.0,0.0
211,31650,0.18811083,150,0.0,443,66450,0.49039364,0.67850447,0.3179822,240.69791597722735,0.0,0.0
211,31650,-0.30828452,150,0.0,446,66900,0.9971684,0.6888839,0.64208686,496.7898536190938,0.0,0.0
212,31800,0.2609418,150,0.0,450,67500,0.42448556,0.68542737,0.3436025,295.5868154626132,0.0,0.0
213,31950,0.2628881,150,0.0,453,67950,0.41802594,0.68091404,0.33934185,423.73612400135244,0.0,0.0
214,32100,0.21545365,150,0.0,455,68250,0.4580333,0.67348695,0.31254804,183.77187883560575,0.0,0.0
215,32250,0.22999948,150,0.0,458,68700,0.47013927,0.70013875,0.35731554,282.0071753992459,0.0,0.0
215,32250,0.26075113,150,0.0,461,69150,0.44386846,0.7046196,0.3696697,530.8228719055505,0.0,0.0
215,32250,0.26816133,150,0.0,465,69750,0.41756895,0.6857303,0.33674484,536.3043457876607,0.0,0.0
216,32400,0.24845535,150,0.0,468,70200,0.43355536,0.6820107,0.32668746,296.47227801061774,0.0,0.0
218,32700,0.2684958,150,0.0,470,70500,0.428618,0.6971138,0.35205474,149.37082900143426,0.0,0.0
219,32850,0.21886054,150,0.0,474,71100,0.45545092,0.67431146,0.31395054,313.3254513780639,0.0,0.0
219,32850,0.22803408,150,0.0,477,71550,0.4727379,0.700772,0.3598551,535.6053408522072,0.0,0.0
219,32850,0.22474125,150,0.0,481,72150,0.4679244,0.69266564,0.34761268,524.1451704410548,0.0,0.0
220,33000,0.27037457,150,0.0,484,72600,0.41504136,0.6854159,0.342551,296.0506849469773,0.0,0.0
222,33300,0.19716272,150,0.0,487,73050,0.4793606,0.6765233,0.32235608,232.80365798289196,0.0,0.0
222,33300,0.20168999,150,0.0,489,73350,0.4846249,0.6863149,0.3403773,469.69110585537163,0.0,0.0
223,33450,0.21728992,150,0.0,491,73650,0.48897594,0.70626587,0.37107128,379.1244192422882,0.0,0.0
223,33450,0.2636072,150,0.0,495,74250,0.41699874,0.68060595,0.33656746,504.1747871576572,0.0,0.0
223,33450,0.19936672,150,0.0,499,74850,0.48618433,0.68555105,0.33791164,556.0131856866367,0.0,0.0
224,33600,0.24660975,150,0.0,502,75300,0.45349598,0.7001057,0.3570832,226.9534492367796,0.0,0.0
226,33900,0.26701218,150,0.0,503,75450,0.41453195,0.6815441,0.3201221,149.4028948007714,0.0,0.0
226,33900,0.2624176,150,0.0,506,75900,0.42942667,0.6918443,0.3511472,541.8120063245573,0.0,0.0
227,34050,0.26596835,150,0.0,508,76200,0.4372622,0.70323056,0.3582338,299.35109611371377,0.0,0.0
227,34050,0.35481983,150,0.0,512,76800,0.33152765,0.6863475,0.32143626,518.1616026513192,0.0,0.0
227,34050,0.2510917,150,0.0,516,77400,0.44173327,0.69282496,0.34156886,523.3990938722403,0.0,0.0
230,34500,0.22483423,150,0.0,518,77700,0.45644167,0.6812759,0.3973683,184.29329187059218,0.0,0.0
230,34500,0.25777268,150,0.0,520,78000,0.418635,0.6764077,0.33220053,514.8676384419733,0.0,0.0
231,34650,0.27145725,150,0.0,523,78450,0.4313141,0.70277137,0.35520765,251.70646695906936,0.0,0.0
231,34650,0.18757004,150,0.0,526,78900,0.5179884,0.7055584,0.37364414,495.8439138802589,0.0,0.0
231,34650,0.20672685,150,0.0,530,79500,0.4675157,0.67424256,0.31798035,521.1761441062324,0.0,0.0
231,34650,0.27062267,150,0.0,534,80100,0.41607702,0.6866997,0.34414923,547.8563224446327,0.0,0.0
234,35100,0.18827727,150,0.0,536,80400,0.48310003,0.6713773,0.3166941,159.16184379590814,0.0,0.0
234,35100,0.23525634,150,0.0,539,80850,0.4540532,0.68930954,0.33551553,528.6040520852763,0.0,0.0
235,35250,0.19737488,150,0.0,542,81300,0.49412757,0.69150245,0.34802437,328.9240868325929,0.0,0.0
235,35250,0.20051283,150,0.0,546,81900,0.49112815,0.691641,0.34582514,468.34567077782475,0.0,0.0
235,35250,0.2689969,150,0.0,550,82500,0.4205895,0.6895864,0.3472076,565.7468738253802,0.0,0.0
238,35700,0.2694991,150,0.0,552,82800,0.42059007,0.69008917,0.34959656,158.6231569998268,0.0,0.0
238,35700,0.19800743,150,0.0,555,83250,0.47381464,0.6718221,0.31372932,548.6819419020119,0.0,0.0
239,35850,0.21632841,150,0.0,557,83550,0.45690724,0.67323565,0.31445676,191.909573858021,0.0,0.0
239,35850,0.19909033,150,0.0,561,84150,0.4769995,0.6760898,0.3150893,508.3573514974487,0.0,0.0
239,35850,0.17323309,150,0.0,565,84750,0.5286535,0.7018866,0.36851346,506.77103680368333,0.0,0.0
240,36000,0.24982387,150,0.0,568,85200,0.44379878,0.69362265,0.34853658,253.56188117914053,0.0,0.0
242,36300,0.25537077,150,0.0,570,85500,0.4238489,0.67921966,0.3297925,166.59241912472635,0.0,0.0
243,36450,0.20892203,150,0.0,572,85800,0.46393257,0.6728546,0.31565952,198.65821485802698,0.0,0.0
243,36450,0.22366938,150,0.0,575,86250,0.4766278,0.7002972,0.356906,558.5038047588781,0.0,0.0
243,36450,0.21270156,150,0.0,579,86850,0.4750136,0.6877152,0.34010208,605.8109729441377,0.0,0.0
243,36450,0.25611174,150,0.0,583,87450,0.42856777,0.6846795,0.34179348,525.6533846666716,0.0,0.0
246,36900,0.35503712,150,0.0,586,87900,0.33334652,0.68838364,0.33267665,174.66723043270525,0.0,0.0
247,37050,0.26543066,150,0.0,588,88200,0.4341828,0.69961345,0.35136634,247.48728725050972,0.0,0.0
247,37050,0.3435013,150,0.0,592,88800,0.3405992,0.6841005,0.33367953,500.989882983425,0.0,0.0
247,37050,0.12838697,150,0.0,596,89400,0.5511945,0.67958146,0.328818,531.2939968383079,0.0,0.0
247,37050,0.23428226,150,0.0,600,90000,0.46121943,0.6955017,0.3489035,569.1647427500308,0.0,0.0
250,37500,0.31145105,150,0.0,604,90600,0.43535694,0.746808,0.33072668,173.6212516216308,0.0,0.0
251,37650,0.3468495,150,0.0,605,90750,0.33524466,0.68209416,0.31636095,109.96986054888654,0.0,0.0
251,37650,0.35167262,150,0.0,609,91350,0.32232162,0.67399424,0.29836214,498.39315307664765,0.0,0.0
251,37650,0.16155457,150,0.0,613,91950,0.5233699,0.6849245,0.3366217,552.5053700929294,0.0,0.0
251,37650,0.26513368,150,0.0,617,92550,0.4739362,0.7390699,0.3297084,544.3683889472933,0.0,0.0
252,37800,0.18955988,150,0.0,621,93150,0.4890964,0.6786563,0.3213632,403.4280240000154,0.0,0.0
254,38100,0.23435089,150,0.0,622,93300,0.46005622,0.6944071,0.34699857,142.034776695794,0.0,0.0
255,38250,0.20392916,150,0.0,624,93600,0.47962514,0.6835543,0.3325115,282.9211390314285,0.0,0.0
255,38250,0.29522684,150,0.0,628,94200,0.38824436,0.6834712,0.3246043,525.2093046552494,0.0,0.0
255,38250,0.23895368,150,0.0,632,94800,0.4441652,0.6831189,0.3440757,526.9808722572345,0.0,0.0
255,38250,0.16283262,150,0.0,636,95400,0.5490194,0.711852,0.37808093,512.1262811386597,0.0,0.0
259,38850,0.2743639,150,0.0,639,95850,0.40972897,0.6840929,0.34336486,132.72537100708283,0.0,0.0
259,38850,0.2614418,150,0.0,641,96150,0.41655967,0.67800146,0.33990228,519.7402726146221,0.0,0.0
259,38850,0.32614887,150,0.0,645,96750,0.3511235,0.6772724,0.3242916,547.5082825185121,0.0,0.0
259,38850,0.2521077,150,0.0,649,97350,0.4269865,0.6790942,0.33824074,529.3294216332049,0.0,0.0
259,38850,0.2314944,150,0.0,653,97950,0.4609883,0.6924827,0.3553359,548.7709590278971,0.0,0.0
261,39150,0.19942957,150,0.0,656,98400,0.4956413,0.69507086,0.34662795,199.61634304997756,0.0,0.0
263,39450,0.26192126,150,0.0,657,98550,0.41804108,0.67996234,0.35697573,138.61719376380205,0.0,0.0
263,39450,0.19770047,150,0.0,659,98850,0.48148224,0.6791827,0.3153755,496.99235172279776,0.0,0.0
263,39450,0.111358106,150,0.0,663,99450,0.5875066,0.6988647,0.3528556,535.7070420232608,0.0,0.0
263,39450,0.34743375,150,0.0,667,100050,0.34653825,0.693972,0.34653825,539.7569854041965,0.0,0.0
263,39450,0.2477825,150,0.0,671,100650,0.43446913,0.68225163,0.33959746,550.1736712314392,0.0,0.0
265,39750,0.22339231,150,0.0,673,100950,0.45824367,0.681636,0.3366178,200.93757685121605,0.0,0.0
267,40050,0.17481863,150,0.0,675,101250,0.5117179,0.68653655,0.33855662,214.98586513151938,0.0,0.0
267,40050,0.25287926,150,0.0,679,101850,0.43184537,0.6847246,0.32196036,527.0108895962472,0.0,0.0
267,40050,0.20815364,150,0.0,683,102450,0.4688165,0.6769701,0.32230124,497.52135130005695,0.0,0.0
267,40050,0.1789754,150,0.0,687,103050,0.51732916,0.69630456,0.35990793,536.7270977632446,0.0,0.0
269,40350,0.182268,150,0.0,690,103500,0.49790213,0.6801701,0.32533988,170.93161437840664,0.0,0.0
271,40650,0.21488458,150,0.0,692,103800,0.46159083,0.6764754,0.33142352,174.34723594723462,0.0,0.0
271,40650,0.15396261,150,0.0,696,104400,0.5375653,0.6915279,0.34192774,513.9536764507662,0.0,0.0
271,40650,0.13713264,150,0.0,700,105000,0.54523754,0.6823702,0.34278223,540.8455353604473,0.0,0.0
271,40650,0.14854842,150,0.0,704,105600,0.5401391,0.6886875,0.3405623,520.6275544360194,0.0,0.0
273,40950,0.302511,150,0.0,708,106200,0.38683072,0.6893417,0.34051442,224.49425549027262,0.0,0.0
275,41250,0.13350159,150,0.0,710,106500,0.54466164,0.67816323,0.33149388,173.53079086352548,0.0,0.0
275,41250,0.3450092,150,0.0,714,107100,0.3419819,0.6869911,0.33845383,522.463296935453,0.0,0.0
275,41250,0.3055939,150,0.0,718,107700,0.42374986,0.7293438,0.3390042,529.1517868407109,0.0,0.0
275,41250,0.23258388,150,0.0,722,108300,0.44696504,0.6795489,0.3332639,524.4859934625321,0.0,0.0
277,41550,0.22351816,150,0.0,725,108750,0.4680225,0.69154066,0.34375814,271.301558005856,0.0,0.0
279,41850,0.3378942,150,0.0,726,108900,0.35217786,0.69007206,0.34818524,132.75435724940078,0.0,0.0
279,41850,0.12998217,150,0.0,729,109350,0.5707957,0.7007779,0.36818573,528.6124906842057,0.0,0.0
279,41850,0.257674,150,0.0,733,109950,0.42180404,0.67947805,0.32410458,537.2211515390087,0.0,0.0
279,41850,0.3386363,150,0.0,737,110550,0.34310254,0.68173885,0.33586144,559.5354706969985,0.0,0.0
279,41850,0.32613775,150,0.0,741,111150,0.3490512,0.67518896,0.31856322,566.8458409991476,0.0,0.0
282,42300,0.19286954,150,0.0,744,111600,0.5005548,0.69342434,0.34811413,125.18177997937067,0.0,0.0
283,42450,0.24924588,150,0.0,746,111900,0.42575842,0.6750043,0.33401236,226.19046078247382,0.0,0.0
283,42450,0.13103104,150,0.0,750,112500,0.57187796,0.702909,0.3695373,607.6488081153049,0.0,0.0
283,42450,0.14963871,150,0.0,754,113100,0.5278486,0.6774873,0.32340932,556.4862971532893,0.0,0.0
283,42450,0.14441079,150,0.0,758,113700,0.5461157,0.6905265,0.34488449,524.1774859133866,0.0,0.0
285,42750,0.34790576,150,0.0,760,114000,0.33485717,0.6827629,0.32700387,212.4834341805036,0.0,0.0
287,43050,0.14686954,150,0.0,762,114300,0.55605644,0.702926,0.3647841,152.0198986414161,0.0,0.0
287,43050,0.14818335,150,0.0,765,114750,0.5313595,0.67954284,0.32366535,541.0818272120954,0.0,0.0
287,43050,0.17028242,150,0.0,769,115350,0.51127255,0.681555,0.33796933,524.2827571724283,0.0,0.0
287,43050,0.26967117,150,0.0,773,115950,0.44921574,0.7188869,0.32288593,569.7528533121786,0.0,0.0
287,43050,0.1669578,150,0.0,777,116550,0.5253706,0.6923284,0.34558734,552.1111829732863,0.0,0.0
290,43500,0.3519228,150,0.0,779,116850,0.32022,0.6721428,0.2912183,145.65679717180979,0.0,0.0
291,43650,0.23968679,150,0.0,781,117150,0.4403016,0.6799884,0.3261689,317.013806308576,0.0,0.0
291,43650,0.18550837,150,0.0,785,117750,0.50163555,0.6871439,0.3339882,500.2911195419062,0.0,0.0
291,43650,0.1646434,150,0.0,789,118350,0.533198,0.6978414,0.35367742,551.4467525637655,0.0,0.0
291,43650,0.20423013,150,0.0,793,118950,0.4913664,0.6955965,0.34886566,545.6109298128615,0.0,0.0
294,44100,0.34907657,150,0.0,795,119250,0.33808666,0.68716323,0.32851386,153.4913643883394,0.0,0.0
295,44250,0.14026618,150,0.0,797,119550,0.5455876,0.6858538,0.34148848,218.90307273659113,0.0,0.0
295,44250,0.13413954,150,0.0,801,120150,0.5578397,0.6919792,0.35132968,521.0889480994595,0.0,0.0
295,44250,0.3431878,150,0.0,805,120750,0.35194767,0.6951355,0.33548766,549.2840878930532,0.0,0.0
295,44250,0.12244284,150,0.0,809,121350,0.56275374,0.6851966,0.34110835,504.00192261475604,0.0,0.0
297,44550,0.17158407,150,0.0,811,121650,0.5082433,0.6798274,0.32529745,176.18353796044602,0.0,0.0
299,44850,0.30958855,150,0.0,813,121950,0.3705235,0.68011206,0.32860768,144.0303506338845,0.0,0.0
299,44850,0.15304637,150,0.0,817,122550,0.5423973,0.6954437,0.3484749,502.20600208818263,0.0,0.0
299,44850,0.04083568,150,0.0,821,123150,0.64812356,0.68895924,0.35114452,510.47662939453954,0.0,0.0
299,44850,0.19518387,150,0.0,825,123750,0.48216766,0.67735153,0.3211925,545.4344953861199,0.0,0.0
301,45150,0.3070603,150,0.0,827,124050,0.37018716,0.67724746,0.31955498,212.9114983842437,0.0,0.0
303,45450,0.30284417,150,0.0,829,124350,0.37389058,0.67673475,0.31957367,157.03631966093997,0.0,0.0
303,45450,0.35061753,150,0.0,831,124650,0.3254652,0.67608273,0.30136698,442.24866196262354,0.0,0.0
303,45450,0.14930522,150,0.0,835,125250,0.53750986,0.6868151,0.33440283,523.8161289704858,0.0,0.0
303,45450,0.14547688,150,0.0,839,125850,0.5548245,0.70030135,0.3605876,536.9882188663721,0.0,0.0
304,45600,0.26659086,150,0.0,843,126450,0.41713986,0.6837307,0.23214729,412.5712651924209,0.0,0.0
306,45900,0.3265092,150,0.0,845,126750,0.3568577,0.6833669,0.33233753,144.93770733505346,0.0,0.0
307,46050,0.318778,150,0.0,847,127050,0.36326376,0.68204176,0.3296525,307.064759563903,0.0,0.0
307,46050,0.31028256,150,0.0,851,127650,0.3749273,0.6852099,0.33667985,531.0056641562973,0.0,0.0
307,46050,0.27121836,150,0.0,855,128250,0.40517056,0.6763889,0.325403,550.6580985773727,0.0,0.0
307,46050,0.2929939,150,0.0,859,128850,0.39500922,0.6880031,0.33230922,560.0654475080185,0.0,0.0
309,46350,0.33764935,150,0.0,861,129150,0.36104095,0.6986903,0.3422623,215.12296099345343,0.0,0.0
311,46650,0.18010628,150,0.0,863,129450,0.5036255,0.6837318,0.33674735,183.27919254631243,0.0,0.0
311,46650,0.33296603,150,0.0,866,129900,0.34467906,0.6776451,0.31796974,478.65538853410146,0.0,0.0
311,46650,0.22446907,150,0.0,870,130500,0.4685741,0.6930432,0.3475363,505.0490000899084,0.0,0.0
311,46650,0.3479473,150,0.0,874,131100,0.3481176,0.6960649,0.329559,498.58313118577473,0.0,0.0
312,46800,0.34758478,150,0.0,876,131400,0.35106885,0.69865364,0.345284,259.7631623821169,0.0,0.0
315,47250,0.18146336,150,0.0,879,131850,0.5198268,0.7012902,0.35888854,149.16591923147777,0.0,0.0
315,47250,0.15215021,150,0.0,881,132150,0.5461271,0.6982773,0.35647982,538.1512239893182,0.0,0.0
315,47250,0.1907092,150,0.0,885,132750,0.49417678,0.684886,0.3336534,554.2913276566127,0.0,0.0
315,47250,0.3324229,150,0.0,889,133350,0.35737002,0.68979293,0.34341034,533.0617522234714,0.0,0.0
316,47400,-0.020324051,150,0.0,893,133950,0.7004299,0.68010587,0.47524822,220.1743629369572,0.0,0.0
319,47850,0.35168502,150,0.0,895,134250,0.32736096,0.679046,0.32118154,152.71551024182938,0.0,0.0
319,47850,0.26041943,150,0.0,899,134850,0.43534696,0.6957664,0.36070698,521.6605695977925,0.0,0.0
319,47850,0.15675235,150,0.0,903,135450,0.5284274,0.68517977,0.32958075,534.1792185297763,0.0,0.0
319,47850,0.1281057,150,0.0,907,136050,0.55085206,0.67895776,0.328159,540.9669114928436,0.0,0.0
319,47850,0.2071977,150,0.0,911,136650,0.46783867,0.6750364,0.3254232,335.7068916574,0.0,0.0
323,48450,0.27467626,150,0.0,913,136950,0.39685035,0.6715266,0.316603,129.8323981304334,0.0,0.0
323,48450,0.1856445,150,0.0,916,137400,0.5026089,0.6882534,0.33804464,536.3404641297694,0.0,0.0
323,48450,0.31847382,150,0.0,920,138000,0.35500455,0.67347836,0.32032126,518.9368957103995,0.0,0.0
323,48450,0.2606575,150,0.0,924,138600,0.4377907,0.6984482,0.36942536,556.7635541435658,0.0,0.0
324,48600,0.28286853,150,0.0,928,139200,0.41330793,0.69617647,0.3549766,298.2603452003049,0.0,0.0
327,49050,0.33018503,150,0.0,930,139500,0.3544406,0.6846256,0.33783096,139.77379214737502,0.0,0.0
327,49050,0.32381094,150,0.0,933,139950,0.35431904,0.67813,0.3314889,496.8231995116624,0.0,0.0
327,49050,0.1435377,150,0.0,937,140550,0.5338895,0.6774272,0.32003075,478.58475151301235,0.0,0.0
327,49050,0.14551854,150,0.0,941,141150,0.5290637,0.67458224,0.31448117,543.6905017041487,0.0,0.0
328,49200,0.1460414,150,0.0,944,141600,0.53792906,0.68397045,0.33033448,251.78342671976506,0.0,0.0
330,49500,0.36045876,150,0.0,946,141900,0.32002506,0.6804838,0.30791527,158.30453562084546,0.0,0.0
331,49650,0.31065556,150,0.0,947,142050,0.36527655,0.6759321,0.3349059,145.90145420114018,0.0,0.0
331,49650,0.16079873,150,0.0,951,142650,0.52008754,0.68088627,0.32032925,550.99326612596,0.0,0.0
331,49650,0.14298624,150,0.0,955,143250,0.53287995,0.6758662,0.32182014,477.6683638064319,0.0,0.0
331,49650,0.36842102,150,0.0,959,143850,0.32163137,0.6900524,0.32044917,518.7383640684081,0.0,0.0
332,49800,0.2054115,150,0.0,961,144150,0.4868192,0.6922307,0.3459447,289.6189423114989,0.0,0.0
335,50250,0.337239,150,0.0,964,144600,0.36381128,0.7010503,0.35846674,128.46850544435426,0.0,0.0
335,50250,0.1954664,150,0.0,967,145050,0.5136615,0.7091279,0.39477244,556.647791619479,0.0,0.0
335,50250,0.12150824,150,0.0,971,145650,0.57169425,0.6932025,0.35614395,515.0944230394508,0.0,0.0
335,50250,0.34841815,150,0.0,975,146250,0.33398375,0.6824019,0.3208945,507.9063279040029,0.0,0.0
336,50400,0.33420154,150,0.0,977,146550,0.35673502,0.69093657,0.3344263,293.3548814565686,0.0,0.0
338,50700,0.17873484,150,0.0,979,146850,0.51155937,0.6902942,0.36890566,170.19109741361285,0.0,0.0
339,50850,0.17183179,150,0.0,981,147150,0.52921665,0.70104843,0.35472536,290.5859471163594,0.0,0.0
339,50850,0.19978482,150,0.0,985,147750,0.4762838,0.6760686,0.32574034,544.5808995883264,0.0,0.0
339,50850,0.16398072,150,0.0,989,148350,0.5144974,0.6784781,0.32761806,525.5203452095163,0.0,0.0
340,51000,0.14073312,150,0.0,992,148800,0.53951895,0.6802521,0.3336192,205.16712359322656,0.0,0.0
340,51000,0.30617622,150,0.0,996,149400,0.38444236,0.6906186,0.3507057,494.7482322152042,0.0,0.0
343,51450,0.1980035,150,0.0,998,149700,0.49141988,0.6894234,0.35352883,177.35020617475635,0.0,0.0
343,51450,0.21637961,150,0.0,1001,150150,0.48161808,0.6979977,0.36171666,537.3647717198014,0.0,0.0
343,51450,0.3603399,150,0.0,1005,150750,0.31621608,0.676556,0.30206162,532.2833393261279,0.0,0.0
344,51600,0.33867094,150,0.0,1008,151200,0.35242084,0.6910918,0.33775342,224.78862611260698,0.0,0.0
344,51600,0.1301055,150,0.0,1012,151800,0.56023425,0.69033974,0.34817237,538.0840260238978,0.0,0.0
347,52050,0.2214348,150,0.0,1014,152100,0.47120026,0.69263506,0.37610996,156.24813116838607,0.0,0.0
347,52050,0.30358675,150,0.0,1016,152400,0.36562887,0.6692156,0.32398933,564.3821804151779,0.0,0.0
347,52050,0.14742321,150,0.0,1020,153000,0.546706,0.6941292,0.34795555,547.7180070464286,0.0,0.0
347,52050,0.10435593,150,0.0,1024,153600,0.5698238,0.67417973,0.32650375,509.67353608082897,0.0,0.0
348,52200,0.16458243,150,0.0,1027,154050,0.5188308,0.6834132,0.3715654,197.63967912503267,0.0,0.0
348,52200,0.19585794,150,0.0,1031,154650,0.52926177,0.7251197,0.31388068,451.06477554862664,0.0,0.0
351,52650,0.12354851,150,0.0,1032,154800,0.5717522,0.6953007,0.35793895,134.46545999199805,0.0,0.0
351,52650,0.12459457,150,0.0,1034,155100,0.56322247,0.68781704,0.34450537,515.1716090678698,0.0,0.0
351,52650,0.35484996,150,0.0,1038,155700,0.3398957,0.69474566,0.33367494,513.6645607755602,0.0,0.0
352,52800,0.16865313,150,0.0,1042,156300,0.5182936,0.68694675,0.37769,350.1634088784006,0.0,0.0
352,52800,0.13164675,150,0.0,1045,156750,0.5414305,0.6730772,0.3188987,502.8245164930632,0.0,0.0
355,53250,0.11555904,150,0.0,1048,157200,0.55739665,0.6729557,0.31965923,187.56390304981664,0.0,0.0
355,53250,0.15018058,150,0.0,1050,157500,0.53414285,0.68432343,0.32645625,387.2251430062643,0.0,0.0
355,53250,0.33927533,150,0.0,1054,158100,0.34321764,0.682493,0.32533306,511.6718770840314,0.0,0.0
355,53250,0.191656,150,0.0,1058,158700,0.50487876,0.69653475,0.38960773,529.127310191123,0.0,0.0
356,53400,0.24566728,150,0.0,1060,159000,0.45106542,0.6967327,0.35827848,272.00062256001866,0.0,0.0
357,53550,0.09487218,150,0.0,1064,159600,0.59106857,0.68594074,0.32075506,384.34296228690397,0.0,0.0
359,53850,0.2055763,150,0.0,1066,159900,0.49780148,0.7033778,0.39981833,151.94896469175507,0.0,0.0
359,53850,0.16385847,150,0.0,1070,160500,0.5433577,0.70721614,0.36702982,523.741562969302,0.0,0.0
359,53850,0.1404376,150,0.0,1074,161100,0.53953576,0.67997336,0.33455604,549.4582233288414,0.0,0.0
360,54000,0.16582716,150,0.0,1077,161550,0.5105247,0.67635185,0.33260828,252.8114647777301,0.0,0.0
360,54000,0.2552139,150,0.0,1080,162000,0.4331592,0.6883731,0.3411171,581.2661277879765,0.0,0.0
363,54450,0.34158537,150,0.0,1083,162450,0.3537719,0.69535726,0.34419256,137.5809850661865,0.0,0.0
363,54450,0.13026452,150,0.0,1085,162750,0.5439775,0.674242,0.31966656,557.5762302389844,0.0,0.0
363,54450,0.14427203,150,0.0,1089,163350,0.5568254,0.7010974,0.3626242,519.2735484339561,0.0,0.0
364,54600,0.1315549,150,0.0,1093,163950,0.558308,0.6898629,0.34499568,467.52361971259523,0.0,0.0
364,54600,0.25970802,150,0.0,1095,164250,0.42162636,0.6813344,0.34272754,510.7493125963522,0.0,0.0
365,54750,0.32518038,150,0.0,1099,164850,0.3549702,0.68015057,0.33004826,189.76696038045955,0.0,0.0
367,55050,0.32506588,150,0.0,1101,165150,0.35451803,0.6795839,0.32743242,218.84375667423342,0.0,0.0
367,55050,0.2162228,150,0.0,1105,165750,0.46394363,0.6801664,0.33277988,545.1433681196993,0.0,0.0
367,55050,0.16035968,150,0.0,1109,166350,0.53600377,0.69636345,0.34970134,520.5228844690075,0.0,0.0
368,55200,0.34042388,150,0.0,1112,166800,0.3475864,0.6880103,0.32367447,180.96165910053818,0.0,0.0
369,55350,0.16688675,150,0.0,1115,167250,0.5244397,0.69132644,0.33706698,181.61201236985198,0.0,0.0
371,55650,0.21583462,150,0.0,1117,167550,0.5342061,0.7500407,0.3471983,178.7605977803015,0.0,0.0
371,55650,0.15268046,150,0.0,1121,168150,0.53176785,0.6844483,0.33045027,519.3584229686559,0.0,0.0
372,55800,0.34695762,150,0.0,1124,168600,0.34942824,0.69638586,0.33273667,269.4718375011136,0.0,0.0
372,55800,0.2966864,150,0.0,1127,169050,0.3952666,0.691953,0.35270965,516.0945686439698,0.0,0.0
373,55950,0.24543986,150,0.0,1130,169500,0.46052054,0.7059604,0.39761758,232.04915795607945,0.0,0.0
375,56250,0.13662213,150,0.0,1133,169950,0.5587383,0.6953604,0.35418165,276.30873715286043,0.0,0.0
375,56250,0.0014028549,150,0.0,1135,170250,0.6807006,0.68210346,0.27367362,502.3050385743267,0.0,0.0
375,56250,0.31602418,150,0.0,1139,170850,0.3634991,0.6795233,0.32697457,529.7367842735739,0.0,0.0
376,56400,0.13935888,150,0.0,1143,171450,0.5671592,0.70651805,0.37398592,204.18909441186867,0.0,0.0
376,56400,0.073830366,150,0.0,1147,172050,0.6167078,0.69053817,0.35093448,523.5881371899561,0.0,0.0
377,56550,0.15724057,150,0.0,1149,172350,0.5321449,0.6893855,0.33108315,247.2094585833343,0.0,0.0
379,56850,0.18171865,150,0.0,1151,172650,0.50541085,0.6871295,0.37358773,172.26124203099656,0.0,0.0
379,56850,0.17128909,150,0.0,1155,173250,0.49722975,0.66851884,0.32089633,512.2968386630274,0.0,0.0
380,57000,0.1573965,150,0.0,1158,173700,0.5475341,0.7049306,0.36618772,322.89211535204544,0.0,0.0
380,57000,0.3281677,150,0.0,1161,174150,0.35682008,0.6849878,0.31345063,514.8874425182236,0.0,0.0
381,57150,0.16655242,150,0.0,1164,174600,0.5394731,0.70602554,0.36420462,281.33616721005495,0.0,0.0
383,57450,0.15156084,150,0.0,1167,175050,0.5336554,0.68521625,0.33195934,171.83657616880552,0.0,0.0
383,57450,0.14750242,150,0.0,1169,175350,0.54327595,0.6907784,0.34120744,565.6756596373681,0.0,0.0
383,57450,0.14516354,150,0.0,1173,175950,0.543857,0.6890205,0.34035167,515.1239450181275,0.0,0.0
384,57600,0.3637833,150,0.0,1175,176250,0.31592566,0.67970896,0.3105202,322.94929740134745,0.0,0.0
384,57600,0.36482498,150,0.0,1179,176850,0.3127754,0.6776004,0.30826655,510.6622543970507,0.0,0.0
386,57900,0.32620642,150,0.0,1182,177300,0.3569387,0.6831451,0.31543463,179.83439627357316,0.0,0.0
387,58050,0.27294958,150,0.0,1184,177600,0.40543145,0.678381,0.3462658,277.80711224739866,0.0,0.0
387,58050,0.35319355,150,0.0,1188,178200,0.33161494,0.6848085,0.3114855,533.2673331106956,0.0,0.0
388,58200,0.22127733,150,0.0,1191,178650,0.45899126,0.6802686,0.35927492,312.167703925109,0.0,0.0
388,58200,0.2199831,150,0.0,1193,178950,0.46299493,0.68297803,0.35828736,528.4575299109978,0.0,0.0
390,58500,0.24385843,150,0.0,1197,179550,0.44313517,0.6869936,0.3686313,176.2710572751159,0.0,0.0
391,58650,0.15627664,150,0.0,1199,179850,0.53965956,0.6959362,0.34990662,197.92637521490806,0.0,0.0
391,58650,0.29560202,150,0.0,1203,180450,0.40020424,0.69580626,0.24547744,541.5550308632146,0.0,0.0
392,58800,0.33918253,150,0.0,1207,181050,0.3561462,0.6953287,0.3309683,188.72076929860714,0.0,0.0
393,58950,0.17006451,150,0.0,1210,181500,0.5208058,0.6908703,0.38386947,231.59216818019516,0.0,0.0
393,58950,0.2647132,150,0.0,1214,182100,0.42087874,0.68559194,0.35157958,541.3439431694591,0.0,0.0
395,59250,0.15365982,150,0.0,1216,182400,0.5429696,0.6966294,0.35264906,158.8104242361825,0.0,0.0
395,59250,0.18150651,150,0.0,1220,183000,0.5173502,0.6988567,0.3876605,532.8834093935175,0.0,0.0
395,59250,0.14343476,150,0.0,1224,183600,0.53734076,0.6807755,0.32538822,525.0480069901182,0.0,0.0
396,59400,0.13495743,150,0.0,1226,183900,0.55996305,0.6949205,0.35434544,287.667937020331,0.0,0.0
397,59550,0.27090853,150,0.0,1229,184350,0.42368686,0.6945954,0.36222228,248.97232654127274,0.0,0.0
398,59700,0.27263662,150,0.0,1232,184800,0.41646513,0.68910176,0.34326857,210.7584543490277,0.0,0.0
399,59850,0.13687515,150,0.0,1234,185100,0.56252635,0.6994015,0.362021,322.59823765732,0.0,0.0
399,59850,0.30952334,150,0.0,1238,185700,0.3806643,0.69018763,0.3499528,530.625436462821,0.0,0.0
400,60000,0.15309262,150,0.0,1241,186150,0.5277411,0.6808337,0.3272954,248.32071032494855,0.0,0.0
401,60150,0.108715236,150,0.0,1243,186450,0.5700768,0.67879206,0.34599203,193.79052796159831,0.0,0.0
402,60300,0.14221168,150,0.0,1246,186900,0.5393237,0.68153536,0.3301153,369.72005916502565,0.0,0.0
402,60300,0.17831331,150,0.0,1248,187200,0.51974833,0.69806165,0.36610457,548.6943834198337,0.0,0.0
403,60450,0.24624074,150,0.0,1250,187500,0.4403184,0.68655914,0.33736402,199.2019202547168,0.0,0.0
403,60450,0.28232053,150,0.0,1254,188100,0.3971484,0.6794689,0.34593108,540.6605532023501,0.0,0.0
404,60600,0.10112399,150,0.0,1256,188400,0.57897633,0.6801003,0.33652562,231.6686630730125,0.0,0.0
405,60750,0.292442,150,0.0,1259,188850,0.3902777,0.6827197,0.3345051,225.16940165684895,0.0,0.0
405,60750,0.26412293,150,0.0,1263,189450,0.42629507,0.690418,0.36885005,486.0038562317694,0.0,0.0
407,61050,0.35111272,150,0.0,1265,189750,0.3224035,0.6735162,0.31574038,199.47571271491785,0.0,0.0
407,61050,0.15224421,150,0.0,1268,190200,0.554484,0.7067282,0.37009653,547.757109835145,0.0,0.0
407,61050,0.32169774,150,0.0,1272,190800,0.36166683,0.68336457,0.33680978,533.602475885308,0.0,0.0
408,61200,0.08636373,150,0.0,1274,191100,0.60276043,0.68912417,0.34572145,404.3793987775014,0.0,0.0
409,61350,0.3712523,150,0.0,1277,191550,0.30880666,0.68005896,0.30644423,234.63911420177948,0.0,0.0
410,61500,0.30159426,150,0.0,1280,192000,0.39521074,0.696805,0.35986906,202.76554608496843,0.0,0.0
411,61650,0.24394795,150,0.0,1283,192450,0.44060603,0.684554,0.3707665,210.05661201339242,0.0,0.0
411,61650,0.07824308,150,0.0,1286,192900,0.62612885,0.7043719,0.3954591,540.0168920078829,0.0,0.0
412,61800,0.11736971,150,0.0,1289,193350,0.55975896,0.6771287,0.3161587,239.80149488681624,0.0,0.0
413,61950,0.05565828,150,0.0,1292,193800,0.6382915,0.69394976,0.3829586,174.53049263077534,0.0,0.0
413,61950,0.07321471,150,0.0,1296,194400,0.60852283,0.68173754,0.36882055,494.57205048970167,0.0,0.0
415,62250,0.3266958,150,0.0,1298,194700,0.35744643,0.68414223,0.33893138,289.50286513899135,0.0,0.0
415,62250,0.32755953,150,0.0,1301,195150,0.35051215,0.6780717,0.32646188,559.7241349859612,0.0,0.0
416,62400,0.11320186,150,0.0,1304,195600,0.5653325,0.6785343,0.3307186,188.16767991501214,0.0,0.0
417,62550,0.33377093,150,0.0,1307,196050,0.3459227,0.67969364,0.32747367,191.00904730098975,0.0,0.0
417,62550,0.26702088,150,0.0,1311,196650,0.41246855,0.67948943,0.3464303,540.6568362652954,0.0,0.0
418,62700,0.1409939,150,0.0,1313,196950,0.5464313,0.6874252,0.3399815,356.4089767084836,0.0,0.0
419,62850,0.16868651,150,0.0,1316,197400,0.5114729,0.6801594,0.3243293,284.77700874094774,0.0,0.0
420,63000,0.16574043,150,0.0,1319,197850,0.5261997,0.6919401,0.33848208,209.58832919805877,0.0,0.0
421,63150,0.26673472,150,0.0,1322,198300,0.41605455,0.68278927,0.35629356,245.06548823548889,0.0,0.0
421,63150,0.037019372,150,0.0,1325,198750,0.6752529,0.7122723,0.41361904,522.9931561109952,0.0,0.0
422,63300,0.15092617,150,0.0,1328,199200,0.54486495,0.6957911,0.3519556,207.5785250488307,0.0,0.0
423,63450,0.32185474,150,0.0,1331,199650,0.36291066,0.6847654,0.33450264,209.88828787473403,0.0,0.0
423,63450,0.027076483,150,0.0,1334,200100,0.68296224,0.7100387,0.41297373,511.82672532736314,0.0,0.0
424,63600,0.30165282,150,0.0,1337,200550,0.3758563,0.6775091,0.32714948,250.62616146707856,0.0,0.0
425,63750,0.21353275,150,0.0,1340,201000,0.5244687,0.73800147,0.36492947,247.3239374607872,0.0,0.0
425,63750,0.20517457,150,0.0,1344,201600,0.4806164,0.68579096,0.33982998,520.9668364178362,0.0,0.0
426,63900,0.23276559,150,0.0,1346,201900,0.4576237,0.6903893,0.35072955,341.24853958814487,0.0,0.0
427,64050,0.1567998,150,0.0,1349,202350,0.5454502,0.70225,0.3614366,282.60419010862694,0.0,0.0
428,64200,0.27385196,150,0.0,1351,202650,0.41116455,0.6850165,0.33562267,209.65488927685135,0.0,0.0
428,64200,0.078603566,150,0.0,1355,203250,0.6085011,0.68710464,0.33919728,560.5564707905403,0.0,0.0
429,64350,0.34864807,150,0.0,1357,203550,0.33377427,0.68242234,0.32992947,207.12864650532367,0.0,0.0
430,64500,0.10977042,150,0.0,1360,204000,0.5856416,0.69541204,0.35837445,206.125253870179,0.0,0.0
431,64650,0.07758707,150,0.0,1363,204450,0.6132323,0.6908194,0.33898842,282.5967007171534,0.0,0.0
431,64650,0.19357705,150,0.0,1366,204900,0.5568556,0.75043267,0.3337834,498.4626500984018,0.0,0.0
432,64800,0.16193092,150,0.0,1369,205350,0.53150755,0.6934385,0.3483254,185.23519572826956,0.0,0.0
433,64950,0.12030673,150,0.0,1372,205800,0.560075,0.6803817,0.32634407,247.07703642148735,0.0,0.0
434,65100,0.330472,150,0.0,1375,206250,0.36193937,0.69241136,0.34603593,226.69291227933633,0.0,0.0
435,65250,0.12648451,150,0.0,1378,206700,0.55208474,0.67856926,0.3211882,230.1839215872795,0.0,0.0
435,65250,0.34166005,150,0.0,1381,207150,0.3436267,0.68528676,0.32542855,525.6208869658643,0.0,0.0
436,65400,0.15408504,150,0.0,1384,207600,0.5390805,0.69316554,0.3513151,226.33017347844373,0.0,0.0
437,65550,0.073394835,150,0.0,1387,208050,0.62619257,0.6995874,0.39639956,298.8061443882802,0.0,0.0
438,65700,0.060783386,150,0.0,1390,208500,0.6311208,0.6919042,0.36756834,329.40612239448484,0.0,0.0
438,65700,0.069974065,150,0.0,1393,208950,0.62928355,0.6992576,0.37697637,525.341309325197,0.0,0.0
439,65850,0.3297289,150,0.0,1396,209400,0.36209816,0.69182706,0.35122842,193.84080140938022,0.0,0.0
439,65850,0.07486701,150,0.0,1400,210000,0.6173562,0.6922232,0.38282764,534.5404865316776,0.0,0.0
440,66000,0.112101674,150,0.0,1402,210300,0.5785838,0.69068545,0.33744144,474.31496573509344,0.0,0.0
441,66150,0.085614145,150,0.0,1405,210750,0.60048974,0.6861039,0.35257226,182.99340503618592,0.0,0.0
442,66300,0.1362586,150,0.0,1408,211200,0.55512434,0.69138294,0.3591666,236.80194877905845,0.0,0.0
443,66450,0.19968349,150,0.0,1411,211650,0.48444384,0.68412733,0.33295754,246.68061978179503,0.0,0.0
443,66450,0.079500854,150,0.0,1414,212100,0.6176867,0.69718754,0.36251178,509.7069822607929,0.0,0.0
444,66600,0.32491344,150,0.0,1417,212550,0.36144948,0.6863629,0.33953422,194.63440711188548,0.0,0.0
445,66750,0.08279443,150,0.0,1420,213000,0.6198795,0.7026739,0.35994995,220.69584837038576,0.0,0.0
446,66900,0.25930715,150,0.0,1423,213450,0.42798418,0.6872913,0.34448183,208.21411503997183,0.0,0.0
447,67050,0.33685407,150,0.0,1426,213900,0.34417585,0.6810299,0.3280625,208.05856832613122,0.0,0.0
447,67050,0.36058408,150,0.0,1429,214350,0.33479267,0.69537675,0.33242154,519.0940316351308,0.0,0.0
448,67200,0.07031578,150,0.0,1432,214800,0.63480127,0.70511705,0.3938209,281.9012865882783,0.0,0.0
449,67350,0.19623291,150,0.0,1435,215250,0.48245144,0.67868435,0.32487985,207.51060730796024,0.0,0.0
449,67350,0.07495546,150,0.0,1439,215850,0.6307419,0.70569736,0.37540236,537.279875113473,0.0,0.0
450,67500,0.05871272,150,0.0,1441,216150,0.6407077,0.6994204,0.38472438,287.28332594362604,0.0,0.0
451,67650,0.07637662,150,0.0,1444,216600,0.61358166,0.6899583,0.3433691,197.43240368061888,0.0,0.0
451,67650,0.36061594,150,0.0,1448,217200,0.3348473,0.69546324,0.33431157,509.2337764827293,0.0,0.0
452,67800,0.0803166,150,0.0,1450,217500,0.6097693,0.6900859,0.34486774,208.75187965933208,0.0,0.0
453,67950,0.12718767,150,0.0,1453,217950,0.5610996,0.68828726,0.33271047,219.2798967218097,0.0,0.0
454,68100,0.1016742,150,0.0,1455,218250,0.5933215,0.6949957,0.34635782,365.93806201243785,0.0,0.0
455,68250,0.08178812,150,0.0,1459,218850,0.6099636,0.6917517,0.34851068,213.7639606697384,0.0,0.0
455,68250,0.14698803,150,0.0,1462,219300,0.55454797,0.701536,0.38524246,538.6640456037549,0.0,0.0
455,68250,0.101995945,150,0.0,1466,219900,0.56798863,0.6699846,0.3129558,562.1170737721835,0.0,0.0
457,68550,0.3474929,150,0.0,1468,220200,0.34706745,0.69456035,0.34156695,213.44515406732654,0.0,0.0
458,68700,0.06356281,150,0.0,1470,220500,0.6334876,0.6970504,0.38676986,196.58569980967783,0.0,0.0
458,68700,0.1409691,150,0.0,1474,221100,0.53859794,0.67956704,0.32352734,508.22922699987157,0.0,0.0
459,68850,0.36229968,150,0.0,1476,221400,0.3130933,0.675393,0.31088367,275.0918874107033,0.0,0.0
459,68850,0.2303887,150,0.0,1480,222000,0.44067264,0.67106134,0.31516388,479.8535603148453,0.0,0.0
460,69000,0.10232556,150,0.0,1483,222450,0.58626527,0.6885908,0.37046528,231.3871520479644,0.0,0.0
461,69150,0.35716695,150,0.0,1486,222900,0.33020592,0.68737286,0.31146026,212.8036909006041,0.0,0.0
462,69300,0.36700037,150,0.0,1488,223200,0.32086292,0.6878633,0.31792298,298.4169537494362,0.0,0.0
463,69450,0.102104664,150,0.0,1491,223650,0.5862506,0.68835527,0.36340085,232.65695995491419,0.0,0.0
463,69450,0.051541865,150,0.0,1495,224250,0.64914966,0.7006915,0.36050856,574.8146902886108,0.0,0.0
463,69450,0.2688603,150,0.0,1499,224850,0.41348413,0.68234444,0.3383686,523.896823704967,0.0,0.0
464,69600,0.090700686,150,0.0,1501,225150,0.5819187,0.6726194,0.3442049,230.86005742645102,0.0,0.0
466,69900,0.2947088,150,0.0,1503,225450,0.39663875,0.69134754,0.34861454,207.4559357081596,0.0,0.0
466,69900,0.3681574,150,0.0,1506,225900,0.31538886,0.68354625,0.3140738,525.9715472608575,0.0,0.0
467,70050,0.18877637,150,0.0,1509,226350,0.4914148,0.68019116,0.3247333,315.9136956813194,0.0,0.0
467,70050,0.21520597,150,0.0,1513,226950,0.48607928,0.70128524,0.38748765,488.67385656197695,0.0,0.0
468,70200,0.23284194,150,0.0,1516,227400,0.43959895,0.6724409,0.33462918,206.16010640511473,0.0,0.0
470,70500,0.37723213,150,0.0,1519,227850,0.30008322,0.67731535,0.29966986,198.65777576253987,0.0,0.0
470,70500,0.2850117,150,0.0,1522,228300,0.39611167,0.6811234,0.33494225,524.1111124995314,0.0,0.0
471,70650,0.19837707,150,0.0,1525,228750,0.504107,0.7024841,0.36236036,276.53633347574515,0.0,0.0
471,70650,0.25712284,150,0.0,1529,229350,0.42440048,0.6815233,0.33487234,529.1513417905062,0.0,0.0
472,70800,0.123483,150,0.0,1532,229800,0.5578059,0.6812889,0.3285356,212.37455416728272,0.0,0.0
473,70950,0.08771974,150,0.0,1535,230250,0.6136967,0.70141643,0.39909333,432.96875569903455,0.0,0.0
474,71100,0.0057056546,150,0.0,1537,230550,0.6886184,0.6943241,0.34663987,228.81300084448463,0.0,0.0
474,71100,-0.028862596,150,0.0,1541,231150,0.7221784,0.6933158,0.34574363,515.3919062056356,0.0,0.0
475,71250,0.21826404,150,0.0,1543,231450,0.47087222,0.68913627,0.38095817,538.582426415763,0.0,0.0
476,71400,0.20780325,150,0.0,1547,232050,0.5213933,0.72919655,0.35955915,253.4788263221764,0.0,0.0
476,71400,0.2079654,150,0.0,1550,232500,0.46528915,0.67325455,0.31882358,516.5636515307765,0.0,0.0
478,71700,0.36075798,150,0.0,1553,232950,0.31891462,0.6796726,0.31163555,196.53933407015924,0.0,0.0
479,71850,0.24411923,150,0.0,1555,233250,0.4396292,0.6837484,0.35718188,187.09965404982955,0.0,0.0
479,71850,0.060425818,150,0.0,1559,233850,0.62427557,0.6847014,0.37137195,509.48904163724353,0.0,0.0
479,71850,0.20877308,150,0.0,1563,234450,0.47190964,0.6806827,0.33061606,538.6502101020202,0.0,0.0
480,72000,0.30021942,150,0.0,1565,234750,0.37765038,0.6778698,0.3269191,207.01714554214917,0.0,0.0
481,72150,0.18619469,150,0.0,1568,235200,0.49000505,0.67619973,0.35515407,209.4341393849454,0.0,0.0
483,72450,0.1459735,150,0.0,1570,235500,0.5307417,0.6767152,0.31777418,307.0451281165311,0.0,0.0
483,72450,0.259922,150,0.0,1572,235800,0.42781916,0.68774116,0.35197622,545.8826632561958,0.0,0.0
483,72450,0.021515787,150,0.0,1576,236400,0.684911,0.7064268,0.4070097,600.1734281050833,0.0,0.0
484,72600,0.2508887,150,0.0,1580,237000,0.4440511,0.6949398,0.3565535,386.60362819427223,0.0,0.0
484,72600,0.2580859,150,0.0,1583,237450,0.42643207,0.684518,0.29939342,533.8093799741387,0.0,0.0
485,72750,0.2581923,150,0.0,1586,237900,0.42758775,0.68578005,0.3321409,315.60546106861653,0.0,0.0
486,72900,0.25860322,150,0.0,1587,238050,0.44305366,0.7016569,0.37676144,148.80359089476013,0.0,0.0
487,73050,0.32245857,150,0.0,1589,238350,0.35950893,0.6819675,0.3332283,186.33836843868295,0.0,0.0
487,73050,0.14917427,150,0.0,1593,238950,0.5402895,0.6894638,0.37002453,542.6180913060615,0.0,0.0
488,73200,0.21824151,150,0.0,1597,239550,0.4818852,0.7001267,0.37945274,186.75897371048134,0.0,0.0
488,73200,0.29999062,150,0.0,1601,240150,0.39002553,0.69001615,0.3441522,525.334290795835,0.0,0.0
490,73500,0.16820365,150,0.0,1603,240450,0.52158785,0.6897915,0.37356842,192.99098704468196,0.0,0.0
491,73650,0.08531326,150,0.0,1605,240750,0.59459156,0.6799048,0.3683336,313.8857041935204,0.0,0.0
491,73650,0.3449395,150,0.0,1609,241350,0.33628258,0.6812221,0.32643723,536.6025820901506,0.0,0.0
491,73650,0.3657327,150,0.0,1613,241950,0.3194941,0.6852268,0.31836963,543.4157827047205,0.0,0.0
492,73800,0.33395842,150,0.0,1615,242250,0.3486347,0.6825931,0.33287132,300.6987117874815,0.0,0.0
492,73800,0.23924828,150,0.0,1619,242850,0.4356931,0.67494136,0.32154748,490.2954106033602,0.0,0.0
495,74250,0.25784302,150,0.0,1621,243150,0.43698615,0.69482917,0.35121995,189.27506975834655,0.0,0.0
495,74250,0.13231522,150,0.0,1623,243450,0.55493283,0.68724805,0.37657434,502.19958811602993,0.0,0.0
495,74250,0.24688348,150,0.0,1627,244050,0.4459513,0.6928348,0.3471047,533.4898100740946,0.0,0.0
496,74400,0.21581763,150,0.0,1630,244500,0.459646,0.6754636,0.34432313,292.5902052866116,0.0,0.0
496,74400,0.2662892,150,0.0,1633,244950,0.41226414,0.67855334,0.33336475,551.9837864869844,0.0,0.0
497,74550,0.25778168,150,0.0,1636,245400,0.42141896,0.67920065,0.325634,340.738630547704,0.0,0.0
499,74850,0.27966982,150,0.0,1638,245700,0.40031397,0.6799838,0.31487012,165.28846934424564,0.0,0.0
499,74850,0.09963399,150,0.0,1642,246300,0.59843975,0.69807374,0.39414862,538.9395199665576,0.0,0.0
499,74850,0.16562843,150,0.0,1646,246900,0.5421311,0.70775956,0.37750596,546.4744054666063,0.0,0.0
500,75000,0.15008569,150,0.0,1648,247200,0.5378106,0.6878963,0.34041938,296.7066113948586,0.0,0.0
500,75000,0.10070211,150,0.0,1652,247800,0.5786546,0.6793567,0.35430264,569.7342791088122,0.0,0.0
503,75450,0.17487842,150,0.0,1655,248250,0.5031439,0.6780223,0.33995005,133.00913956660048,0.0,0.0
503,75450,0.25285846,150,0.0,1657,248550,0.4419213,0.69477975,0.34896228,525.7552954035889,0.0,0.0
503,75450,0.3614829,150,0.0,1661,249150,0.31690565,0.67838854,0.3092765,515.9993307503797,0.0,0.0
504,75600,0.17328054,150,0.0,1665,249750,0.5177847,0.69106525,0.37463334,203.7704022837732,0.0,0.0
504,75600,0.17243242,150,0.0,1669,250350,0.5110029,0.6834353,0.3697751,505.9970499719313,0.0,0.0
505,75750,0.26084673,150,0.0,1671,250650,0.41442305,0.6752698,0.32973674,245.3648284423173,0.0,0.0
507,76050,0.20519361,150,0.0,1673,250950,0.4796178,0.6848114,0.36808503,184.70855537023732,0.0,0.0
507,76050,0.2576306,150,0.0,1677,251550,0.43617827,0.69380885,0.350302,534.1270656552579,0.0,0.0
508,76200,0.336276,150,0.0,1679,251850,0.3522451,0.6885211,0.34609023,269.9074375967409,0.0,0.0
508,76200,0.18844625,150,0.0,1683,252450,0.49876276,0.687209,0.3123739,502.8225071689572,0.0,0.0
509,76350,0.26725733,150,0.0,1686,252900,0.42553568,0.692793,0.3525632,272.09649621683104,0.0,0.0
511,76650,0.3682683,150,0.0,1689,253350,0.3229745,0.6912428,0.31997666,235.17852797360032,0.0,0.0
511,76650,0.30053034,150,0.0,1691,253650,0.3720546,0.67258495,0.3242784,543.3280250926639,0.0,0.0
511,76650,0.29871708,150,0.0,1695,254250,0.39675236,0.69546944,0.355192,535.2480968634404,0.0,0.0
512,76800,0.25297907,150,0.0,1697,254550,0.4456357,0.6986148,0.3533524,263.0352511091749,0.0,0.0
512,76800,0.15691084,150,0.0,1701,255150,0.5354392,0.69235003,0.37605584,569.6249222492532,0.0,0.0
513,76950,0.25375172,150,0.0,1704,255600,0.44316593,0.69691765,0.35782504,210.43214230884624,0.0,0.0
515,77250,0.25341183,150,0.0,1706,255900,0.4464472,0.699859,0.38148397,166.46142057950092,0.0,0.0
515,77250,0.15656471,150,0.0,1710,256500,0.5273969,0.68396163,0.37174535,523.4356722470244,0.0,0.0
516,77400,0.24909228,150,0.0,1714,257100,0.43100435,0.6800966,0.32618856,403.57630830456355,0.0,0.0
516,77400,0.17360681,150,0.0,1717,257550,0.52040577,0.6940126,0.37528104,573.7594525285172,0.0,0.0
517,77550,0.19097653,150,0.0,1720,258000,0.4981694,0.6891459,0.34087738,308.8707373183656,0.0,0.0
519,77850,0.25777432,150,0.0,1723,258450,0.45220557,0.7099799,0.37447128,276.41131556714254,0.0,0.0
519,77850,0.21981269,150,0.0,1725,258750,0.50157946,0.72139215,0.36122417,488.8112980180919,0.0,0.0
519,77850,0.25835672,150,0.0,1729,259350,0.43377164,0.69212836,0.3511282,537.1468479167538,0.0,0.0
520,78000,0.1461268,150,0.0,1731,259650,0.537533,0.6836598,0.35352212,246.12341660733426,0.0,0.0
520,78000,0.15356839,150,0.0,1735,260250,0.54284096,0.69640934,0.3862002,579.4982467096446,0.0,0.0
521,78150,0.18735051,150,0.0,1737,260550,0.50563836,0.6929889,0.34747994,345.76589756596474,0.0,0.0
523,78450,0.1683355,150,0.0,1740,261000,0.51495105,0.68328655,0.3625809,162.78448673561715,0.0,0.0
523,78450,0.1447035,150,0.0,1744,261600,0.53939223,0.68409574,0.33267233,530.3512405576756,0.0,0.0
524,78600,0.32411698,150,0.0,1748,262200,0.41869637,0.74281335,0.31884077,241.1681027989342,0.0,0.0
524,78600,0.17739058,150,0.0,1752,262800,0.50981015,0.6872007,0.3618152,482.126074762058,0.0,0.0
525,78750,0.32718495,150,0.0,1754,263100,0.35247663,0.6796616,0.31579173,434.96954189432756,0.0,0.0
527,79050,0.26678827,150,0.0,1757,263550,0.41513368,0.68192196,0.33583575,209.12636985128873,0.0,0.0
527,79050,0.20420238,150,0.0,1759,263850,0.48150775,0.68571013,0.33376783,511.10074884521214,0.0,0.0
527,79050,0.21334603,150,0.0,1763,264450,0.47519174,0.6885378,0.34142494,535.914212239356,0.0,0.0
528,79200,0.24691045,150,0.0,1765,264750,0.44335485,0.6902653,0.34696642,183.25484908567088,0.0,0.0
528,79200,0.34728205,150,0.0,1769,265350,0.3242604,0.67154247,0.3146804,536.5691741135012,0.0,0.0
529,79350,0.25148568,150,0.0,1771,265650,0.44194344,0.6934291,0.34819135,210.87621414299997,0.0,0.0
531,79650,0.19087154,150,0.0,1774,266100,0.50283116,0.6937027,0.3786451,165.1246612643942,0.0,0.0
531,79650,0.25959808,150,0.0,1778,266700,0.42244613,0.6820442,0.31736064,525.212373777849,0.0,0.0
532,79800,0.24540704,150,0.0,1781,267150,0.42930156,0.6747086,0.3247293,252.3978667086029,0.0,0.0
532,79800,0.3238169,150,0.0,1784,267600,0.37210184,0.69591874,0.36070395,557.6429482469334,0.0,0.0
533,79950,0.34506413,150,0.0,1786,267900,0.3285803,0.6736444,0.31448278,501.3923367684175,0.0,0.0
534,80100,0.12288791,150,0.0,1790,268500,0.5799222,0.7028101,0.40295425,230.82863344384128,0.0,0.0
535,80250,0.32636756,150,0.0,1792,268800,0.36866105,0.6950286,0.35683107,377.14672108151916,0.0,0.0
536,80400,0.2626288,150,0.0,1796,269400,0.421829,0.6844578,0.3324175,475.9364283979784,0.0,0.0
536,80400,0.21488509,150,0.0,1798,269700,0.46566984,0.6805549,0.3275282,493.00788238253415,0.0,0.0
537,80550,0.13970447,150,0.0,1802,270300,0.5413992,0.68110365,0.32253605,316.91192693269016,0.0,0.0
538,80700,0.155173,150,0.0,1805,270750,0.52719647,0.6823695,0.32720742,366.78373046410434,0.0,0.0
538,80700,0.32589132,150,0.0,1808,271200,0.34987205,0.67576337,0.31563747,479.32346465331375,0.0,0.0
539,80850,0.20446867,150,0.0,1810,271500,0.47470272,0.6791714,0.33076262,287.23663323348575,0.0,0.0
540,81000,0.18576083,150,0.0,1813,271950,0.49743542,0.68319625,0.36536396,226.09974405250912,0.0,0.0
540,81000,0.12633902,150,0.0,1817,272550,0.55283076,0.6791698,0.36462682,545.7562309376507,0.0,0.0
541,81150,0.26693356,150,0.0,1819,272850,0.4118113,0.67874485,0.32481107,263.37120005425277,0.0,0.0
542,81300,0.29232225,150,0.0,1823,273450,0.39165166,0.6839739,0.32611933,244.78144791485911,0.0,0.0
543,81450,0.26782352,150,0.0,1825,273750,0.41357815,0.68140167,0.32920054,228.81541415279514,0.0,0.0
543,81450,0.2652472,150,0.0,1829,274350,0.42730543,0.6925526,0.34710526,484.35979989560576,0.0,0.0
544,81600,0.30830497,150,0.0,1831,274650,0.39863902,0.706944,0.351484,357.08583230839173,0.0,0.0
545,81750,0.21819064,150,0.0,1835,275250,0.4642487,0.6824393,0.33242312,315.94082376691074,0.0,0.0
545,81750,0.3381011,150,0.0,1838,275700,0.33379602,0.6718971,0.31776756,549.3248535108927,0.0,0.0
547,82050,0.14356995,150,0.0,1841,276150,0.54675853,0.6903285,0.33924875,181.6088669276726,0.0,0.0
547,82050,0.2473081,150,0.0,1844,276600,0.4373338,0.6846419,0.336857,516.7656151948141,0.0,0.0
548,82200,0.19533417,150,0.0,1847,277050,0.48967656,0.68501073,0.36251286,284.7722394574919,0.0,0.0
549,82350,0.23282722,150,0.0,1851,277650,0.48402664,0.71685386,0.4238978,285.1895754469165,0.0,0.0
549,82350,0.25484368,150,0.0,1854,278100,0.4333479,0.6881916,0.34161228,525.8954872058927,0.0,0.0
551,82650,0.25429583,150,0.0,1857,278550,0.42980188,0.6840977,0.3421771,177.08154955813038,0.0,0.0
551,82650,0.26232368,150,0.0,1860,279000,0.427222,0.6895457,0.34809032,555.4422954851844,0.0,0.0
552,82800,0.2575731,150,0.0,1863,279450,0.42288265,0.68045574,0.3361361,348.32863097004514,0.0,0.0
553,82950,0.25149924,150,0.0,1867,280050,0.42264503,0.67414427,0.31958693,465.6443611231792,0.0,0.0
553,82950,0.26095244,150,0.0,1869,280350,0.44615903,0.7071115,0.36778063,559.6111202529676,0.0,0.0
554,83100,0.41534802,150,0.0,1873,280950,0.3160651,0.7314131,0.31351808,269.42187053699325,0.0,0.0
555,83250,0.26172528,150,0.0,1875,281250,0.41554597,0.67727125,0.319109,281.27881155238464,0.0,0.0
556,83400,0.3370773,150,0.0,1879,281850,0.35436186,0.69143915,0.34810075,329.10457715664,0.0,0.0
556,83400,0.27009782,150,0.0,1882,282300,0.4269853,0.6970831,0.3575326,508.9787669869767,0.0,0.0
557,83550,0.3820341,150,0.0,1885,282750,0.3684292,0.7504633,0.3423792,217.03941199725952,0.0,0.0
557,83550,0.25684926,150,0.0,1888,283200,0.42688933,0.6837386,0.33399457,535.1697856413746,0.0,0.0
560,84000,0.23692095,150,0.0,1891,283650,0.45019752,0.6871185,0.33524492,127.18845937845316,0.0,0.0
560,84000,0.23577979,150,0.0,1895,284250,0.44014886,0.67592865,0.34893388,513.909175934359,0.0,0.0
560,84000,0.2520483,150,0.0,1899,284850,0.442352,0.6944003,0.3532146,516.0086413495466,0.0,0.0
561,84150,0.30136356,150,0.0,1902,285300,0.377108,0.67847157,0.32567692,281.93590019359004,0.0,0.0
561,84150,0.26151416,150,0.0,1906,285900,0.4441872,0.70570135,0.3670762,537.3477902522559,0.0,0.0
563,84450,0.31134897,150,0.0,1908,286200,0.375431,0.68678,0.33865866,190.34004290584704,0.0,0.0
563,84450,0.26764047,150,0.0,1912,286800,0.41453344,0.6821739,0.35851553,544.1706345602449,0.0,0.0
564,84600,0.26616898,150,0.0,1915,287250,0.41354653,0.6797155,0.32089365,311.6256008796804,0.0,0.0
565,84750,0.31367934,150,0.0,1918,287700,0.3593133,0.67299265,0.3206808,210.85345724670344,0.0,0.0
565,84750,0.3677143,150,0.0,1922,288300,0.31926686,0.68698114,0.31725872,525.6823724930377,0.0,0.0
567,85050,0.086446404,150,0.0,1926,288900,0.5923169,0.67876333,0.45891368,169.20999371996982,0.0,0.0
567,85050,0.2695422,150,0.0,1929,289350,0.4167932,0.6863354,0.33725807,539.2180490823416,0.0,0.0
567,85050,0.26748228,150,0.0,1931,289650,0.41100842,0.6784907,0.32986125,221.44795558268163,0.0,0.0
568,85200,0.3171829,150,0.0,1935,290250,0.36318886,0.68037176,0.33112946,544.1880500087361,0.0,0.0
569,85350,0.32638,150,0.0,1937,290550,0.35713416,0.6835142,0.32981315,222.83813794349226,0.0,0.0
569,85350,0.2712495,150,0.0,1941,291150,0.43165466,0.70290416,0.3586996,505.2055445722646,0.0,0.0
570,85500,0.2642528,150,0.0,1943,291450,0.41004518,0.674298,0.3189153,202.89861802870755,0.0,0.0
571,85650,0.2608469,150,0.0,1946,291900,0.42060125,0.68144816,0.32749748,347.66186573300445,0.0,0.0
572,85800,0.2618922,150,0.0,1948,292200,0.43915808,0.7010503,0.3598268,499.4733323912488,0.0,0.0
572,85800,0.26174343,150,0.0,1952,292800,0.42385733,0.68560076,0.3372418,197.33895582606448,0.0,0.0
573,85950,0.32177064,150,0.0,1956,293400,0.3594195,0.68119013,0.3267858,551.9363305868646,0.0,0.0
573,85950,0.26554513,150,0.0,1958,293700,0.4110344,0.67657954,0.32290098,202.73856065088185,0.0,0.0
575,86250,0.27196798,150,0.0,1960,294000,0.4260994,0.69806737,0.35501078,330.2012239285377,0.0,0.0
576,86400,0.33638093,150,0.0,1962,294300,0.3575919,0.6939728,0.34349504,196.8355911522698,0.0,0.0
576,86400,0.31278902,150,0.0,1966,294900,0.36553812,0.67832714,0.3174624,530.2189407008564,0.0,0.0
577,86550,0.27105868,150,0.0,1968,295200,0.4280067,0.6990654,0.35144582,212.52671592497146,0.0,0.0
577,86550,0.2654535,150,0.0,1972,295800,0.41483876,0.68029225,0.3324567,544.2299457885572,0.0,0.0
578,86700,0.2657826,150,0.0,1975,296250,0.42457342,0.690356,0.33730486,246.69213006802656,0.0,0.0
580,87000,0.25320625,150,0.0,1977,296550,0.4157495,0.66895574,0.3101457,220.66449887957137,0.0,0.0
580,87000,0.35177824,150,0.0,1980,297000,0.33991233,0.69169056,0.32578173,505.9640888843138,0.0,0.0
580,87000,0.40076613,150,0.0,1984,297600,0.33084995,0.7316161,0.32395986,529.1611330679449,0.0,0.0
581,87150,0.37189925,150,0.0,1986,297900,0.31805694,0.6899562,0.31136838,275.87970569702264,0.0,0.0
581,87150,0.26983604,150,0.0,1990,298500,0.428593,0.69842905,0.35486802,577.9932016536518,0.0,0.0
583,87450,0.2719443,150,0.0,1992,298800,0.41384295,0.68578726,0.33642548,283.29670240602377,0.0,0.0
584,87600,0.22866186,150,0.0,1995,299250,0.46444365,0.6931055,0.34108555,285.8861282345596,0.0,0.0
584,87600,0.36678818,150,0.0,1998,299700,0.32311645,0.68990463,0.32295373,547.9059422280242,0.0,0.0
585,87750,0.26920316,150,0.0,2001,300150,0.42552897,0.6947321,0.34814438,223.8521338062672,0.0,0.0
585,87750,0.26690146,150,0.0,2004,300600,0.41914788,0.68604934,0.33670688,497.40334898723967,0.0,0.0
586,87900,0.26612818,150,0.0,2007,301050,0.42249542,0.6886236,0.3708272,214.99930970095699,0.0,0.0
587,88050,0.29485387,150,0.0,2010,301500,0.39693093,0.6917848,0.35166973,205.89347396737557,0.0,0.0
588,88200,0.07865584,150,0.0,2012,301800,0.6117035,0.69035935,0.47776932,322.5332429697361,0.0,0.0
588,88200,0.2539254,150,0.0,2016,302400,0.42071953,0.67464495,0.32644406,530.2332402058076,0.0,0.0
589,88350,0.26147115,150,0.0,2019,302850,0.42973173,0.6912029,0.34787047,197.8145450909642,0.0,0.0
590,88500,0.26659822,150,0.0,2022,303300,0.40803277,0.674631,0.3204103,349.1817772624823,0.0,0.0
591,88650,0.4290756,150,0.0,2025,303750,0.3004772,0.7295528,0.29992,448.18218343149744,0.0,0.0
591,88650,0.28949428,150,0.0,2027,304050,0.39625794,0.6857522,0.33202052,523.1723349956218,0.0,0.0
592,88800,0.34985948,150,0.0,2030,304500,0.3274662,0.67732567,0.31094444,327.7035536929217,0.0,0.0
592,88800,0.27163944,150,0.0,2034,305100,0.4101685,0.68180794,0.3324497,563.0809959841657,0.0,0.0
593,88950,0.27168986,150,0.0,2036,305400,0.406911,0.67860085,0.3249601,348.18077523961637,0.0,0.0
594,89100,0.2526501,150,0.0,2039,305850,0.42445108,0.6771012,0.3253991,269.25756036350344,0.0,0.0
595,89250,0.35073203,150,0.0,2042,306300,0.32878345,0.6795155,0.31854105,201.71504676846484,0.0,0.0
596,89400,0.26808012,150,0.0,2045,306750,0.42917484,0.69725496,0.37172624,220.7868510272284,0.0,0.0
596,89400,0.2751395,150,0.0,2048,307200,0.41942084,0.69456035,0.35366046,515.1597976848558,0.0,0.0
597,89550,0.37101752,150,0.0,2052,307800,0.3174531,0.6884706,0.308049,290.4173379186189,0.0,0.0
598,89700,0.15429807,150,0.0,2055,308250,0.53339314,0.6876912,0.33378696,295.4063902884969,0.0,0.0
599,89850,0.29846302,150,0.0,2057,308550,0.3775635,0.6760265,0.31939474,232.62349670889895,0.0,0.0
599,89850,0.28387582,150,0.0,2061,309150,0.40484583,0.68872166,0.33407655,517.3431000017268,0.0,0.0
600,90000,0.27063587,150,0.0,2063,309450,0.41318002,0.6838159,0.32757697,201.8149518931892,0.0,0.0
600,90000,0.25943634,150,0.0,2067,310050,0.41396794,0.6734043,0.32261273,525.065972749624,0.0,0.0
601,90150,0.1971108,150,0.0,2069,310350,0.49577692,0.6928877,0.33667237,226.2020901413454,0.0,0.0
602,90300,0.2589964,150,0.0,2072,310800,0.43728438,0.6962808,0.34894392,239.44628776685994,0.0,0.0
603,90450,0.34809378,150,0.0,2075,311250,0.33423176,0.68232554,0.31265187,203.21351893728098,0.0,0.0
604,90600,0.2505042,150,0.0,2078,311700,0.42284292,0.6733471,0.32705912,298.6015014898143,0.0,0.0
604,90600,0.31612512,150,0.0,2081,312150,0.3672113,0.68333644,0.33660334,566.7973272096151,0.0,0.0
604,90600,0.3501281,150,0.0,2085,312750,0.32360488,0.673733,0.31247878,521.5667256091343,0.0,0.0
606,90900,0.14992833,150,0.0,2087,313050,0.5307897,0.680718,0.32287213,200.74990977917196,0.0,0.0
606,90900,0.27064905,150,0.0,2090,313500,0.41499403,0.6856431,0.32906076,522.8988321027138,0.0,0.0
607,91050,0.3453991,150,0.0,2093,313950,0.33737662,0.68277574,0.31161276,177.8008887421845,0.0,0.0
608,91200,0.3324277,150,0.0,2096,314400,0.35118333,0.68361104,0.33536884,215.3048733537181,0.0,0.0
608,91200,0.1947648,150,0.0,2100,315000,0.4896859,0.6844507,0.33333233,557.1017577850014,0.0,0.0
610,91500,0.25494146,150,0.0,2102,315300,0.4352225,0.69016397,0.33947524,235.7319976529674,0.0,0.0
610,91500,0.16014618,150,0.0,2104,315600,0.54797435,0.7081205,0.36851442,528.6671260272591,0.0,0.0
611,91650,0.14020151,150,0.0,2108,316200,0.5412824,0.6814839,0.32774642,225.86864810664278,0.0,0.0
612,91800,0.26006994,150,0.0,2111,316650,0.44901118,0.7090811,0.37102875,380.6532531060833,0.0,0.0
612,91800,0.18406099,150,0.0,2114,317100,0.5251645,0.7092255,0.37398618,541.7135713049521,0.0,0.0
613,91950,0.18988109,150,0.0,2118,317700,0.49785084,0.6877319,0.34229723,227.49795696980655,0.0,0.0
614,92100,0.25975204,150,0.0,2121,318150,0.41881233,0.67856437,0.32516026,260.4907520271345,0.0,0.0
615,92250,0.2695263,150,0.0,2124,318600,0.41762555,0.68715185,0.333572,198.50502568451822,0.0,0.0
616,92400,0.33063954,150,0.0,2128,319200,0.3659888,0.69662833,0.3500195,452.4401302783553,0.0,0.0
616,92400,0.3511051,150,0.0,2130,319500,0.3368739,0.687979,0.33467555,518.9184909152544,0.0,0.0
617,92550,0.3290992,150,0.0,2134,320100,0.35532323,0.68442243,0.31199586,343.2160686142353,0.0,0.0
618,92700,0.24410528,150,0.0,2136,320400,0.44619817,0.69030344,0.3443721,179.04757351346643,0.0,0.0
618,92700,0.2493324,150,0.0,2140,321000,0.447553,0.6968854,0.3615294,503.46913184077414,0.0,0.0
619,92850,0.3581431,150,0.0,2142,321300,0.31876606,0.67690915,0.30903202,346.60365706188884,0.0,0.0
620,93000,0.31056032,150,0.0,2145,321750,0.3774493,0.6880096,0.34102583,209.60683326720087,0.0,0.0
620,93000,0.28253394,150,0.0,2149,322350,0.40843564,0.6909696,0.35098213,564.1463499928714,0.0,0.0
622,93300,0.29255518,150,0.0,2151,322650,0.4002361,0.6927913,0.34685913,216.82174966708848,0.0,0.0
622,93300,0.36429182,150,0.0,2154,323100,0.33015314,0.69444495,0.32585973,529.7100235157028,0.0,0.0
622,93300,0.2502896,150,0.0,2158,323700,0.43246922,0.6827588,0.3289137,556.8645778013807,0.0,0.0
624,93600,0.34296173,150,0.0,2160,324000,0.3370977,0.68005943,0.32185632,264.80272974107106,0.0,0.0
624,93600,0.14364314,150,0.0,2162,324300,0.5436121,0.68725526,0.33698663,467.1802727731091,0.0,0.0
624,93600,0.35647845,150,0.0,2166,324900,0.31779563,0.6742741,0.3061337,541.1851534537084,0.0,0.0
626,93900,0.25596425,150,0.0,2169,325350,0.43012938,0.6860936,0.33983868,165.73202092007665,0.0,0.0
627,94050,0.23909357,150,0.0,2173,325950,0.4549732,0.69406676,0.34022775,472.31876615947317,0.0,0.0
627,94050,0.14532554,150,0.0,2175,326250,0.53714216,0.6824677,0.3261577,328.3548375985228,0.0,0.0
628,94200,0.35034415,150,0.0,2179,326850,0.34157684,0.691921,0.32508194,206.01995737126978,0.0,0.0
628,94200,0.15600687,150,0.0,2183,327450,0.52718246,0.68318933,0.32883364,540.8246139457478,0.0,0.0
630,94500,0.24058154,150,0.0,2185,327750,0.43062338,0.6712049,0.31276047,155.22443737995403,0.0,0.0
630,94500,0.3315043,150,0.0,2188,328200,0.3583132,0.6898175,0.35055068,531.4025950770905,0.0,0.0
631,94650,0.23195523,150,0.0,2192,328800,0.46871513,0.70067036,0.3736065,382.2522876666802,0.0,0.0
631,94650,0.20258442,150,0.0,2195,329250,0.47113076,0.6737152,0.32269824,465.79501470357417,0.0,0.0
632,94800,0.220144,150,0.0,2197,329550,0.48536608,0.7055101,0.37108296,353.43431687800404,0.0,0.0
632,94800,0.14093721,150,0.0,2201,330150,0.539365,0.6803022,0.32401952,534.3012506889532,0.0,0.0
634,95100,0.14607686,150,0.0,2204,330600,0.53394353,0.6800204,0.32161602,185.7430749218672,0.0,0.0
634,95100,0.2320489,150,0.0,2207,331050,0.46088925,0.69293815,0.3597546,544.5846706760982,0.0,0.0
635,95250,0.27148274,150,0.0,2210,331500,0.4085851,0.68006784,0.34015277,407.43497120120816,0.0,0.0
636,95400,0.31810373,150,0.0,2213,331950,0.37659258,0.6946963,0.34427688,221.6894606299809,0.0,0.0
636,95400,0.20590442,150,0.0,2217,332550,0.50193715,0.7078416,0.36867508,525.6156174470684,0.0,0.0
637,95550,0.2582839,150,0.0,2221,333150,0.41915935,0.67744327,0.3310571,216.11486543350543,0.0,0.0
638,95700,0.18583402,150,0.0,2223,333450,0.4911103,0.6769443,0.32032552,416.2791667080203,0.0,0.0
639,95850,0.20198452,150,0.0,2227,334050,0.4920984,0.6940829,0.35094815,301.86532629175895,0.0,0.0
640,96000,0.27601174,150,0.0,2230,334500,0.41328087,0.6892926,0.3195773,229.47691008082356,0.0,0.0
640,96000,0.21959859,150,0.0,2233,334950,0.46364653,0.6832451,0.34467477,529.6475922606846,0.0,0.0
641,96150,0.27262166,150,0.0,2236,335400,0.4125658,0.68518746,0.33876708,228.25995149963646,0.0,0.0
642,96300,0.1750943,150,0.0,2238,335700,0.50876796,0.68386227,0.3273832,257.1388984822507,0.0,0.0
642,96300,0.22001866,150,0.0,2242,336300,0.479798,0.69981664,0.3531116,508.04454576066706,0.0,0.0
643,96450,0.3118621,150,0.0,2245,336750,0.36950684,0.68136895,0.3393195,189.4761759485997,0.0,0.0
644,96600,0.1402803,150,0.0,2247,337050,0.5418933,0.6821736,0.33159935,357.93908933833006,0.0,0.0
644,96600,0.22349632,150,0.0,2251,337650,0.5105601,0.7340564,0.33426017,513.9902062184141,0.0,0.0
646,96900,0.23089594,150,0.0,2254,338100,0.45605344,0.6869494,0.33247894,177.72022745184444,0.0,0.0
646,96900,0.17203557,150,0.0,2257,338550,0.5017687,0.6738043,0.31818625,514.288096536266,0.0,0.0
647,97050,0.186221,150,0.0,2261,339150,0.5192888,0.7055098,0.36883673,188.09820220929856,0.0,0.0
648,97200,0.18904933,150,0.0,2263,339450,0.48738632,0.67643565,0.32291722,320.6543300232204,0.0,0.0
648,97200,0.18395686,150,0.0,2267,340050,0.50899947,0.6929563,0.31175596,547.6207511548293,0.0,0.0
650,97500,0.3565115,150,0.0,2270,340500,0.3247325,0.681244,0.306778,145.88582403748654,0.0,0.0
650,97500,0.19898134,150,0.0,2273,340950,0.47607803,0.6750594,0.31984147,548.418410041841,0.0,0.0
651,97650,0.20770273,150,0.0,2277,341550,0.4655048,0.6732075,0.31813234,214.17671515335962,0.0,0.0
652,97800,0.18306106,150,0.0,2280,342000,0.50675523,0.6898163,0.3402318,196.8393477458976,0.0,0.0
652,97800,0.19918853,150,0.0,2284,342600,0.48836654,0.6875551,0.33725464,529.7439209323356,0.0,0.0
654,98100,0.23406848,150,0.0,2287,343050,0.45195153,0.68602,0.31635225,184.0597818884376,0.0,0.0
654,98100,0.27239364,150,0.0,2290,343500,0.43050212,0.70289576,0.35742489,510.3598542769047,0.0,0.0
655,98250,0.15082806,150,0.0,2294,344100,0.5210697,0.67189777,0.3120073,220.31746387489704,0.0,0.0
656,98400,-0.43900913,150,0.0,2296,344400,1.1220218,0.68301266,0.65279275,247.8960700820074,0.0,0.0
656,98400,0.31826687,150,0.0,2300,345000,0.3718723,0.6901392,0.32463866,527.2507096124306,0.0,0.0
658,98700,0.148179,150,0.0,2303,345450,0.5538669,0.7020459,0.36060008,179.06576625115378,0.0,0.0
658,98700,0.26898664,150,0.0,2306,345900,0.43046272,0.69944936,0.3600239,539.1949428534209,0.0,0.0
659,98850,0.16342187,150,0.0,2310,346500,0.51712894,0.6805508,0.32795858,275.3879817681945,0.0,0.0
660,99000,0.26555854,150,0.0,2313,346950,0.42864352,0.69420207,0.35428405,245.04553910006138,0.0,0.0
660,99000,0.15963405,150,0.0,2316,347400,0.51824415,0.6778782,0.32605246,561.5511290456465,0.0,0.0
662,99300,0.20101729,150,0.0,2319,347850,0.4947131,0.6957304,0.346753,168.68015402376633,0.0,0.0
662,99300,0.07266986,150,0.0,2322,348300,0.6030356,0.6757055,0.3314759,541.2452125078717,0.0,0.0
662,99300,0.31229067,150,0.0,2326,348900,0.38153875,0.6938294,0.3625307,525.1961516789448,0.0,0.0
663,99450,0.09759492,150,0.0,2329,349350,0.59100395,0.6885989,0.34153873,213.1504029439795,0.0,0.0
664,99600,0.14757979,150,0.0,2331,349650,0.543918,0.6914978,0.34181404,359.18481062666956,0.0,0.0
664,99600,0.24657807,150,0.0,2335,350250,0.44177803,0.6883561,0.3363168,501.07167887862374,0.0,0.0
666,99900,0.123862624,150,0.0,2337,350550,0.5721247,0.69598734,0.35624847,277.7773068282965,0.0,0.0
666,99900,0.24496517,150,0.0,2340,351000,0.4513637,0.6963289,0.36400533,533.0486546389918,0.0,0.0
666,99900,0.08221066,150,0.0,2344,351600,0.60181075,0.6840214,0.33392817,483.53710461352114,0.0,0.0
667,100050,0.107042074,150,0.0,2346,351900,0.56512874,0.6721708,0.3207508,415.4602617388238,0.0,0.0
668,100200,0.107761264,150,0.0,2349,352350,0.57831055,0.6860718,0.33630115,269.4581033940009,0.0,0.0
669,100350,-0.18972343,150,0.0,2353,352950,0.88006735,0.6903439,0.5632193,442.9280271242953,0.0,0.0
670,100500,0.11356419,150,0.0,2355,353250,0.58021724,0.69378144,0.35437417,252.77215633855275,0.0,0.0
670,100500,0.0939545,150,0.0,2359,353850,0.6039637,0.6979182,0.35941923,519.0670505828871,0.0,0.0
672,100800,0.10253185,150,0.0,2362,354300,0.5887327,0.69126457,0.34769455,180.9443801011846,0.0,0.0
672,100800,0.27538866,150,0.0,2365,354750,0.41298825,0.6883769,0.34076563,515.4793175945059,0.0,0.0
673,100950,0.40040395,150,0.0,2369,355350,0.35065565,0.7510596,0.34813452,296.40746830493225,0.0,0.0
674,101100,0.07545811,150,0.0,2371,355650,0.6002586,0.6757167,0.32183716,199.15551015537181,0.0,0.0
674,101100,0.10823375,150,0.0,2375,356250,0.57677495,0.6850087,0.33763242,531.8769983041362,0.0,0.0
675,101250,0.2791003,150,0.0,2378,356700,0.40364057,0.68274087,0.33108896,182.3429677405892,0.0,0.0
676,101400,0.07078099,150,0.0,2380,357000,0.6230079,0.6937889,0.35063216,328.1464122703572,0.0,0.0
676,101400,0.39392847,150,0.0,2384,357600,0.33667707,0.73060554,0.32683563,542.0239262397758,0.0,0.0
678,101700,0.21541777,150,0.0,2386,357900,0.4668385,0.6822563,0.25706095,220.97451443395323,0.0,0.0
678,101700,0.104644656,150,0.0,2389,358350,0.57751113,0.6821558,0.33000356,514.5055347656556,0.0,0.0
679,101850,0.082001746,150,0.0,2393,358950,0.59540373,0.6774055,0.32010254,280.52167631990795,0.0,0.0
680,102000,0.32669452,150,0.0,2395,359250,0.3722007,0.6988952,0.3722007,182.42941485026128,0.0,0.0
680,102000,0.117192626,150,0.0,2399,359850,0.5645792,0.6817718,0.34997955,524.3469890362666,0.0,0.0
681,102150,0.1280576,150,0.0,2401,360150,0.56049293,0.68855053,0.34362388,212.16921992067586,0.0,0.0
682,102300,0.05866766,150,0.0,2404,360600,0.6403615,0.69902915,0.3562801,201.66409703279407,0.0,0.0
682,102300,0.047451675,150,0.0,2408,361200,0.64531505,0.6927667,0.34819305,525.8515318881474,0.0,0.0
683,102450,0.15011102,150,0.0,2412,361800,0.5336089,0.68371993,0.31041798,217.10472102115676,0.0,0.0
684,102600,0.2552764,150,0.0,2414,362100,0.4309303,0.6862067,0.33349174,300.2221798053064,0.0,0.0
685,102750,0.35486007,150,0.0,2418,362700,0.33400482,0.6888649,0.32663208,497.7705199746504,0.0,0.0
686,102900,0.26490098,150,0.0,2420,363000,0.4191339,0.6840349,0.32568243,215.2613365832896,0.0,0.0
686,102900,0.20399517,150,0.0,2424,363600,0.54662794,0.7506231,0.34500253,528.2534223571611,0.0,0.0
688,103200,0.10413498,150,0.0,2428,364200,0.5678089,0.6719439,0.32160494,162.0889329957305,0.0,0.0
688,103200,0.08966452,150,0.0,2431,364650,0.6040034,0.69366795,0.3433623,538.2787621598036,0.0,0.0
689,103350,0.13676465,150,0.0,2435,365250,0.55534846,0.6921131,0.34767798,218.67542556242017,0.0,0.0
690,103500,0.049423993,150,0.0,2437,365550,0.63978255,0.68920654,0.34073582,372.2448863673343,0.0,0.0
690,103500,0.26741636,150,0.0,2441,366150,0.42323732,0.6906537,0.35363108,564.7144992123652,0.0,0.0
690,103500,-0.18641293,150,0.0,2445,366750,0.8773606,0.69094765,0.5962119,521.3471675192187,0.0,0.0
692,103800,0.27053592,150,0.0,2447,367050,0.42747983,0.69801575,0.3713174,229.5629024630887,0.0,0.0
692,103800,0.14064622,150,0.0,2451,367650,0.54465294,0.68529916,0.3361808,531.4385050859312,0.0,0.0
694,104100,0.33026367,150,0.0,2454,368100,0.36086428,0.69112796,0.35246053,193.0441634377351,0.0,0.0
694,104100,0.142977,150,0.0,2457,368550,0.54167813,0.68465513,0.3309458,549.5470125187362,0.0,0.0
694,104100,0.13584036,150,0.0,2461,369150,0.54034615,0.6761865,0.31902802,531.3940671631391,0.0,0.0
696,104400,0.11508995,150,0.0,2463,369450,0.57176715,0.6868571,0.34498596,202.8500118167447,0.0,0.0
696,104400,0.3629808,150,0.0,2467,370050,0.32806477,0.6910456,0.3261757,501.78423167017195,0.0,0.0
698,104700,0.35736403,150,0.0,2470,370500,0.31629667,0.6736607,0.3104042,197.2744176420972,0.0,0.0
698,104700,0.27581397,150,0.0,2474,371100,0.40782264,0.6836366,0.347171,518.6442857637475,0.0,0.0
699,104850,0.251157,150,0.0,2478,371700,0.43436682,0.6855238,0.32624933,268.49193238300364,0.0,0.0
700,105000,0.29849657,150,0.0,2480,372000,0.39074835,0.6892449,0.3448244,210.8654711450965,0.0,0.0
700,105000,0.21400166,150,0.0,2484,372600,0.48344767,0.6974493,0.35497916,548.641271646258,0.0,0.0
702,105300,0.10305494,150,0.0,2487,373050,0.56876206,0.671817,0.32097134,243.77296466652484,0.0,0.0
702,105300,0.13638133,150,0.0,2489,373350,0.5354077,0.67178905,0.31036016,544.4277432937957,0.0,0.0
702,105300,0.19380966,150,0.0,2493,373950,0.47969064,0.6735003,0.3157312,523.4548343885981,0.0,0.0
704,105600,0.20950061,150,0.0,2497,374550,0.46186578,0.6713664,0.3175299,164.89412001513844,0.0,0.0
704,105600,0.19989243,150,0.0,2500,375000,0.47065166,0.6705441,0.31401634,522.9170857069715,0.0,0.0
705,105750,0.14760196,150,0.0,2503,375450,0.5431071,0.69070905,0.34115645,373.75570825761434,0.0,0.0
706,105900,0.21029541,150,0.0,2505,375750,0.49105385,0.70134926,0.35841593,216.65763274526753,0.0,0.0
706,105900,0.24534512,150,0.0,2509,376350,0.43565375,0.68099886,0.32842204,570.7612864830735,0.0,0.0
708,106200,0.15636313,150,0.0,2512,376800,0.5353703,0.6917334,0.3406458,296.23650116889814,0.0,0.0
708,106200,0.27272615,150,0.0,2514,377100,0.4231558,0.69588196,0.35884243,540.9399343112135,0.0,0.0
708,106200,0.19860435,150,0.0,2518,377700,0.4852612,0.68386555,0.33532178,531.949401251525,0.0,0.0
710,106500,0.2024014,150,0.0,2521,378150,0.47455716,0.67695856,0.32239756,248.33011973530742,0.0,0.0
710,106500,0.22501805,150,0.0,2524,378600,0.45380858,0.67882663,0.32562244,533.0608489211194,0.0,0.0
710,106500,0.16574383,150,0.0,2528,379200,0.52847576,0.6942196,0.34007177,521.8717338721718,0.0,0.0
712,106800,0.21085817,150,0.0,2530,379500,0.49109268,0.70195085,0.35724273,173.08546847712333,0.0,0.0
712,106800,0.3527701,150,0.0,2533,379950,0.33446312,0.6872332,0.31926963,556.59460626285,0.0,0.0
712,106800,0.20191443,150,0.0,2537,380550,0.4893458,0.6912602,0.34380648,531.5601863156196,0.0,0.0
714,107100,0.26569396,150,0.0,2539,380850,0.42195457,0.68764853,0.3494443,181.66733753487406,0.0,0.0
714,107100,0.10712165,150,0.0,2542,381300,0.5692553,0.67637694,0.32842276,541.7611515400453,0.0,0.0
714,107100,0.21666446,150,0.0,2546,381900,0.4712434,0.6879079,0.34303987,544.6714201119911,0.0,0.0
716,107400,0.22688052,150,0.0,2548,382200,0.4533061,0.6801866,0.33310705,193.23721827373748,0.0,0.0
716,107400,0.2026582,150,0.0,2552,382800,0.48390678,0.686565,0.33971813,530.31368929461,0.0,0.0
717,107550,0.13262331,150,0.0,2555,383250,0.5451014,0.6777247,0.32250303,210.83699336268506,0.0,0.0
718,107700,0.19286555,150,0.0,2557,383550,0.48753357,0.6803991,0.32700315,280.52142616369383,0.0,0.0
718,107700,0.21664983,150,0.0,2561,384150,0.4623888,0.67903864,0.33247072,545.2680988847558,0.0,0.0
720,108000,0.11793363,150,0.0,2564,384600,0.57146233,0.68939596,0.34842008,246.87537523043562,0.0,0.0
720,108000,0.30124065,150,0.0,2566,384900,0.45452973,0.7557704,0.35486448,555.4006168905116,0.0,0.0
720,108000,0.36563754,150,0.0,2570,385500,0.31653863,0.6821762,0.30381012,526.2421123772943,0.0,0.0
721,108150,0.29721028,150,0.0,2572,385800,0.37211573,0.669326,0.32764512,245.68447121919942,0.0,0.0
722,108300,0.24957526,150,0.0,2575,386250,0.43399048,0.68356574,0.34127364,227.01699779783132,0.0,0.0
722,108300,0.15690374,150,0.0,2578,386700,0.53601635,0.6929201,0.34100485,528.1505409561929,0.0,0.0
723,108450,0.24812809,150,0.0,2582,387300,0.44749573,0.6956238,0.35756183,292.88277996419185,0.0,0.0
724,108600,0.34764254,150,0.0,2584,387600,0.35226107,0.6999036,0.33820993,458.30038316409036,0.0,0.0
724,108600,0.35258737,150,0.0,2588,388200,0.32504037,0.67762774,0.31339064,514.4487391563522,0.0,0.0
725,108750,0.1431768,150,0.0,2590,388500,0.54886633,0.6920431,0.34570488,210.39463440604192,0.0,0.0
726,108900,0.14142293,150,0.0,2593,388950,0.5453779,0.68680084,0.33637002,207.12053205477253,0.0,0.0
727,109050,0.12185389,150,0.0,2596,389400,0.56305075,0.68490463,0.33935222,267.762550858855,0.0,0.0
728,109200,0.17044479,150,0.0,2598,389700,0.5038605,0.67430526,0.31069762,262.46716269406704,0.0,0.0
728,109200,0.12585407,150,0.0,2602,390300,0.55097663,0.6768307,0.32217345,552.2032550509639,0.0,0.0
729,109350,0.22640923,150,0.0,2605,390750,0.4644762,0.6908854,0.3522129,293.26121429590245,0.0,0.0
730,109500,0.33768266,150,0.0,2608,391200,0.3440175,0.68170017,0.31471357,246.38211483997094,0.0,0.0
730,109500,0.082405984,150,0.0,2611,391650,0.5967443,0.6791503,0.33965293,494.2348164016563,0.0,0.0
731,109650,0.34070334,150,0.0,2614,392100,0.33779493,0.67849827,0.31426615,215.18403040472597,0.0,0.0
732,109800,0.3154183,150,0.0,2616,392400,0.37068492,0.6861032,0.34304035,286.7169573656217,0.0,0.0
733,109950,0.11673015,150,0.0,2620,393000,0.56499326,0.6817234,0.3355883,397.8670660015582,0.0,0.0
733,109950,0.11312419,150,0.0,2622,393300,0.57675743,0.6898816,0.34932157,393.36228159846945,0.0,0.0
734,110100,0.34487298,150,0.0,2624,393600,0.3361816,0.6810546,0.2939892,189.85142509514515,0.0,0.0
734,110100,0.04172492,150,0.0,2628,394200,0.6565512,0.6982761,0.35680878,546.2035053114463,0.0,0.0
736,110400,0.14963013,150,0.0,2631,394650,0.53592604,0.6855562,0.33996996,250.32939145838233,0.0,0.0
736,110400,0.22974685,150,0.0,2633,394950,0.45830128,0.6880481,0.33368364,472.8942472837423,0.0,0.0
736,110400,0.35821107,150,0.0,2637,395550,0.31484738,0.67305845,0.3065372,516.6175213517301,0.0,0.0
737,110550,0.108359694,150,0.0,2639,395850,0.580927,0.6892867,0.34890187,207.07070008916133,0.0,0.0
738,110700,0.33543125,150,0.0,2642,396300,0.3539547,0.68938595,0.33830366,189.12952314015823,0.0,0.0
739,110850,0.15047532,150,0.0,2645,396750,0.550686,0.7011613,0.38195413,293.29443536172454,0.0,0.0
740,111000,0.323643,150,0.0,2647,397050,0.37169144,0.69533443,0.33653197,222.3088480353011,0.0,0.0
740,111000,0.024500608,150,0.0,2651,397650,0.65539294,0.67989355,0.31910557,534.670408210093,0.0,0.0
741,111150,0.34969464,150,0.0,2654,398100,0.3389795,0.68867415,0.31826994,179.72163590538602,0.0,0.0
742,111300,0.22043869,150,0.0,2657,398550,0.4544944,0.6749331,0.31813127,296.10335333568656,0.0,0.0
742,111300,-0.016761422,150,0.0,2660,399000,0.6985884,0.68182695,0.3362744,552.3191156511556,0.0,0.0
744,111600,-0.0071519613,150,0.0,2663,399450,0.6766757,0.6695237,0.31872085,159.63211410065202,0.0,0.0
744,111600,-0.06082368,150,0.0,2666,399900,0.74395126,0.6831276,0.3367522,534.2286597869863,0.0,0.0
745,111750,0.29208633,150,0.0,2670,400500,0.4017308,0.69381714,0.34904218,282.28111114949763,0.0,0.0
746,111900,0.32968912,150,0.0,2673,400950,0.36937824,0.69906735,0.3324777,500.5526286058897,0.0,0.0
746,111900,-0.07578111,150,0.0,2675,401250,0.772915,0.6971339,0.3641963,541.2927105003691,0.0,0.0
746,111900,0.1524775,150,0.0,2679,401850,0.53721786,0.68969536,0.37645602,515.9853654815965,0.0,0.0
748,112200,-0.06410855,150,0.0,2682,402300,0.74831617,0.6842076,0.33703098,174.71423199901804,0.0,0.0
748,112200,0.35389614,150,0.0,2686,402900,0.3449257,0.69882184,0.34191936,563.3956387687684,0.0,0.0
749,112350,0.19771114,150,0.0,2689,403350,0.47964588,0.677357,0.32568944,202.50214123009766,0.0,0.0
750,112500,-0.014848053,150,0.0,2692,403800,0.691032,0.67618394,0.31395,405.4313945223364,0.0,0.0
750,112500,0.36423114,150,0.0,2695,404250,0.3092244,0.67345554,0.30078295,492.43099734508843,0.0,0.0
752,112800,-0.0512681,150,0.0,2698,404700,0.73129004,0.68002194,0.32753608,210.80138929189135,0.0,0.0
752,112800,0.35661215,150,0.0,2700,405000,0.32478327,0.6813954,0.3121435,532.3274757017862,0.0,0.0
752,112800,0.25354284,150,0.0,2704,405600,0.43488622,0.68842906,0.3353294,531.5296485197073,0.0,0.0
753,112950,0.24465099,150,0.0,2706,405900,0.43544802,0.680099,0.3238531,278.61465351059576,0.0,0.0
754,113100,0.3454084,150,0.0,2709,406350,0.33338258,0.678791,0.31097218,237.60288864290658,0.0,0.0
754,113100,0.19539523,150,0.0,2713,406950,0.49559307,0.6909883,0.3051094,539.7009599135306,0.0,0.0
756,113400,-0.01708746,150,0.0,2715,407250,0.7118435,0.69475603,0.34256914,194.00595574542564,0.0,0.0
756,113400,0.2654311,150,0.0,2717,407550,0.42304176,0.68847287,0.33537677,531.072450555851,0.0,0.0
757,113550,0.2817843,150,0.0,2721,408150,0.406263,0.6880473,0.3485148,360.2229544615226,0.0,0.0
757,113550,0.28596035,150,0.0,2724,408600,0.40940365,0.695364,0.35588142,507.6657540480807,0.0,0.0
758,113700,0.23099035,150,0.0,2727,409050,0.44650728,0.6774976,0.3355599,216.69248120223062,0.0,0.0
758,113700,0.26523674,150,0.0,2731,409650,0.4693913,0.734628,0.35489887,531.3361743527897,0.0,0.0
760,114000,0.123692095,150,0.0,2733,409950,0.5553107,0.6790028,0.33604348,162.98239005897614,0.0,0.0
760,114000,0.37278092,150,0.0,2736,410400,0.31730342,0.69008434,0.3135722,561.2585697017275,0.0,0.0
761,114150,-0.021959484,150,0.0,2739,410850,0.69618964,0.67423016,0.3136834,476.5240126912377,0.0,0.0
762,114300,0.24338269,150,0.0,2743,411450,0.45043528,0.693818,0.34299606,330.12429530314034,0.0,0.0
762,114300,0.23425087,150,0.0,2746,411900,0.46526346,0.6995143,0.35606676,533.4676444926065,0.0,0.0
763,114450,0.23190734,150,0.0,2749,412350,0.46012446,0.6920318,0.34710592,248.26750176785535,0.0,0.0
764,114600,0.2788833,150,0.0,2751,412650,0.41423872,0.693122,0.35069317,246.0695093046723,0.0,0.0
764,114600,0.21827841,150,0.0,2755,413250,0.48789108,0.7061695,0.36685356,454.3351524198039,0.0,0.0
765,114750,0.054600656,150,0.0,2757,413550,0.6309412,0.68554187,0.33257815,428.9385375830919,0.0,0.0
766,114900,0.21308857,150,0.0,2760,414000,0.4646185,0.6777071,0.35479838,203.51103055937702,0.0,0.0
766,114900,-0.022743285,150,0.0,2764,414600,0.714823,0.6920797,0.34259027,534.7858461601232,0.0,0.0
768,115200,-0.0194453,150,0.0,2766,414900,0.6942402,0.6747949,0.33420226,202.62886338954098,0.0,0.0
768,115200,-0.0376181,150,0.0,2769,415350,0.7136034,0.6759853,0.32054985,522.3587549982067,0.0,0.0
768,115200,0.15169936,150,0.0,2773,415950,0.5443212,0.69602054,0.3579021,530.7427159977257,0.0,0.0
769,115350,-0.023053765,150,0.0,2775,416250,0.72660834,0.7035546,0.35994303,304.2001821877617,0.0,0.0
770,115500,0.34960532,150,0.0,2778,416700,0.33715057,0.6867559,0.32227603,268.54155497809484,0.0,0.0
771,115650,0.19470364,150,0.0,2781,417150,0.48341888,0.6781225,0.35923305,198.4116862351817,0.0,0.0
772,115800,-0.009765565,150,0.0,2784,417600,0.70062286,0.6908573,0.3368469,245.66873790244327,0.0,0.0
772,115800,0.3681626,150,0.0,2787,418050,0.32007775,0.68824035,0.31915513,560.4271444070913,0.0,0.0
773,115950,0.2367307,150,0.0,2790,418500,0.4485587,0.6852894,0.32919157,210.2850725466013,0.0,0.0
774,116100,0.19991237,150,0.0,2793,418950,0.49634123,0.6962536,0.37669858,320.63161531887306,0.0,0.0
774,116100,0.2027027,150,0.0,2796,419400,0.4772318,0.6799345,0.3269704,521.5057667344716,0.0,0.0
775,116250,0.22246665,150,0.0,2799,419850,0.45731986,0.6797865,0.32245585,171.4063400764802,0.0,0.0
776,116400,0.021196425,150,0.0,2802,420300,0.6832091,0.70440555,0.36313745,536.9987606649391,0.0,0.0
776,116400,0.33028927,150,0.0,2805,420750,0.34253737,0.67282665,0.3032788,274.2081294137183,0.0,0.0
777,116550,0.28468093,150,0.0,2808,421200,0.40908632,0.69376725,0.35386652,503.2548816024919,0.0,0.0
778,116700,0.20700517,150,0.0,2810,421500,0.47954455,0.6865497,0.34074777,553.3479920491126,0.0,0.0
778,116700,0.21781275,150,0.0,2814,422100,0.4639792,0.68179196,0.30525908,255.9239809138724,0.0,0.0
779,116850,0.012504458,150,0.0,2817,422550,0.6591285,0.67163295,0.3171446,369.78851111401076,0.0,0.0
780,117000,0.21977982,150,0.0,2820,423000,0.4696959,0.6894757,0.33873668,541.9473545479448,0.0,0.0
780,117000,0.2123372,150,0.0,2823,423450,0.47726774,0.68960494,0.3551297,330.1780029535958,0.0,0.0
781,117150,0.23070616,150,0.0,2826,423900,0.46138388,0.69209003,0.34305537,552.9944001399306,0.0,0.0
782,117300,-0.02211988,150,0.0,2828,424200,0.6974759,0.67535603,0.32612896,389.20837006449216,0.0,0.0
782,117300,-0.013038397,150,0.0,2832,424800,0.69673556,0.68369716,0.3328938,458.6966697142157,0.0,0.0
783,117450,0.22359806,150,0.0,2834,425100,0.4612714,0.68486947,0.33217502,206.27724590163933,0.0,0.0
784,117600,0.05131793,150,0.0,2838,425700,0.65509635,0.7064143,0.36165917,545.6265447891282,0.0,0.0
785,117750,0.35659212,150,0.0,2840,426000,0.32870722,0.68529934,0.3068471,277.19841491537494,0.0,0.0
785,117750,-0.02365452,150,0.0,2843,426450,0.7234701,0.6998156,0.3534011,219.08380784702643,0.0,0.0
786,117900,0.1013965,150,0.0,2846,426900,0.5796935,0.68109,0.3335344,509.4312856074028,0.0,0.0
787,118050,0.252459,150,0.0,2849,427350,0.4372118,0.6896708,0.3261807,230.64931636919547,0.0,0.0
788,118200,0.23276249,150,0.0,2852,427800,0.46008173,0.6928442,0.34785908,532.8834093935175,0.0,0.0
789,118350,0.18703568,150,0.0,2856,428400,0.51161903,0.6986547,0.35598683,232.6548951058002,0.0,0.0
789,118350,0.21760917,150,0.0,2860,429000,0.4819801,0.69958925,0.3286768,554.569334212447,0.0,0.0
790,118500,0.20791051,150,0.0,2862,429300,0.47100034,0.67891085,0.33134156,309.57425922344856,0.0,0.0
791,118650,0.30178544,150,0.0,2866,429900,0.37668315,0.6784686,0.33002555,325.3210832701629,0.0,0.0
792,118800,0.20194697,150,0.0,2868,430200,0.47471833,0.6766653,0.32121786,395.7507837700472,0.0,0.0
792,118800,0.31089723,150,0.0,2872,430800,0.37220144,0.6830987,0.32911596,532.208594406251,0.0,0.0
793,118950,0.210385,150,0.0,2875,431250,0.48488274,0.69526774,0.35704896,353.74412507386705,0.0,0.0
794,119100,0.37472975,150,0.0,2878,431700,0.30537593,0.6801057,0.30157918,232.00825448476218,0.0,0.0
794,119100,0.32907477,150,0.0,2882,432300,0.36678407,0.69585884,0.327617,545.1839938440528,0.0,0.0
796,119400,0.04287404,150,0.0,2884,432600,0.64338577,0.6862598,0.33346152,197.04871175939437,0.0,0.0
796,119400,0.122941375,150,0.0,2887,433050,0.5628168,0.6857582,0.33704415,513.1718426028186,0.0,0.0
797,119550,-0.029691756,150,0.0,2890,433500,0.71162605,0.6819343,0.3372579,199.22992811332387,0.0,0.0
798,119700,0.06828433,150,0.0,2893,433950,0.6046152,0.67289954,0.3300199,222.99404966973327,0.0,0.0
798,119700,0.27285448,150,0.0,2897,434550,0.4187908,0.69164526,0.34602576,532.4045067047133,0.0,0.0
800,120000,0.23821065,150,0.0,2899,434850,0.4541122,0.69232285,0.3566836,235.12535372757483,0.0,0.0
800,120000,0.3432796,150,0.0,2902,435300,0.34862864,0.69190824,0.32820627,503.3386268995836,0.0,0.0
801,120150,0.055749774,150,0.0,2905,435750,0.62741125,0.683161,0.34388134,194.93931942571587,0.0,0.0
801,120150,0.35005134,150,0.0,2909,436350,0.33869255,0.6887439,0.33214176,537.802069674128,0.0,0.0
802,120300,-0.04356301,150,0.0,2911,436650,0.7360103,0.6924473,0.34569138,228.3643459474528,0.0,0.0
803,120450,0.29052186,150,0.0,2915,437250,0.40126318,0.69178504,0.31878287,324.0541379965727,0.0,0.0
804,120600,0.12466186,150,0.0,2917,437550,0.56077945,0.6854413,0.50557256,367.7265729385484,0.0,0.0
804,120600,0.19119906,150,0.0,2921,438150,0.49206108,0.68326014,0.33069125,524.2224721909761,0.0,0.0
805,120750,0.32894066,150,0.0,2923,438450,0.3671477,0.6960884,0.32501474,265.5911518247251,0.0,0.0
806,120900,0.19146314,150,0.0,2926,438900,0.49891254,0.6903757,0.34015185,196.75193633842758,0.0,0.0
806,120900,0.12523955,150,0.0,2930,439500,0.56892973,0.6941693,0.29308388,511.2324025206294,0.0,0.0
808,121200,0.024388254,150,0.0,2934,440100,0.68163794,0.7060262,0.36630014,212.07724566985564,0.0,0.0
808,121200,0.19270688,150,0.0,2937,440550,0.5021891,0.694896,0.35476083,513.5232684843959,0.0,0.0
809,121350,0.010997355,150,0.0,2940,441000,0.68466014,0.6956575,0.35161495,271.62800497193035,0.0,0.0
810,121500,0.3527082,150,0.0,2943,441450,0.33763888,0.6903471,0.3257449,219.68540229788732,0.0,0.0
810,121500,0.013222039,150,0.0,2947,442050,0.67331505,0.6865371,0.33726668,524.5708311064383,0.0,0.0
812,121800,0.25844765,150,0.0,2950,442500,0.42777926,0.6862269,0.33399636,242.08932067526135,0.0,0.0
812,121800,0.21541053,150,0.0,2952,442800,0.47454965,0.6899602,0.3395603,516.5237866142107,0.0,0.0
813,121950,0.35716766,150,0.0,2955,443250,0.31940693,0.6765746,0.30840778,201.8800340004101,0.0,0.0
813,121950,0.14575279,150,0.0,2959,443850,0.52726746,0.67302024,0.31027344,541.5135458949173,0.0,0.0
814,122100,-0.029999793,150,0.0,2961,444150,0.71110547,0.6811057,0.33495253,204.87662866091517,0.0,0.0
814,122100,0.13861328,150,0.0,2965,444750,0.5514972,0.6901105,0.33627376,546.7712331052895,0.0,0.0
816,122400,0.21642846,150,0.0,2967,445050,0.48674732,0.7031758,0.36504707,232.66134788097892,0.0,0.0
816,122400,0.20825511,150,0.0,2970,445500,0.47359884,0.68185395,0.32749826,545.2189557096953,0.0,0.0
817,122550,0.0019926429,150,0.0,2972,445800,0.6962626,0.69825524,0.36118796,288.1902769971568,0.0,0.0
817,122550,0.35320097,150,0.0,2976,446400,0.33893698,0.69213796,0.32068652,522.3882480711811,0.0,0.0
818,122700,0.0044294596,150,0.0,2979,446850,0.6848696,0.68929905,0.34255534,210.79524456808534,0.0,0.0
818,122700,0.012411475,150,0.0,2982,447300,0.6810932,0.6935047,0.34658483,490.491883029556,0.0,0.0
820,123000,0.23579815,150,0.0,2985,447750,0.44745234,0.6832505,0.34184065,158.69173432625976,0.0,0.0
821,123150,0.35853356,150,0.0,2989,448350,0.33407748,0.69261104,0.3256995,242.27334585623615,0.0,0.0
821,123150,0.1882804,150,0.0,2992,448800,0.54363966,0.73192006,0.3340105,560.2400014960022,0.0,0.0
822,123300,0.3547184,150,0.0,2994,449100,0.33506238,0.6897808,0.32341856,397.32157348400693,0.0,0.0
822,123300,0.21059686,150,0.0,2998,449700,0.47910511,0.689702,0.33839637,552.1489772688378,0.0,0.0
823,123450,0.19311112,150,0.0,3001,450150,0.48983645,0.6829476,0.33487266,202.8164655304696,0.0,0.0
824,123600,0.16128284,150,0.0,3003,450450,0.5432611,0.70454395,0.36535308,423.7010238530899,0.0,0.0
825,123750,-0.33158636,150,0.0,3006,450900,1.0193745,0.6877881,0.6621273,303.32008001168646,0.0,0.0
825,123750,0.31008238,150,0.0,3010,451500,0.3801697,0.69025207,0.335857,491.0466003868146,0.0,0.0
826,123900,0.15810573,150,0.0,3012,451800,0.53913397,0.6972397,0.35249525,418.7444965147089,0.0,0.0
826,123900,0.37089983,150,0.0,3016,452400,0.31642982,0.68732965,0.31302422,526.976899630364,0.0,0.0
828,124200,0.20780855,150,0.0,3019,452850,0.4826281,0.69043666,0.34908748,187.15152582435448,0.0,0.0
829,124350,0.03563595,150,0.0,3022,453300,0.6547445,0.69038045,0.33657792,195.1027215337665,0.0,0.0
829,124350,-0.024841964,150,0.0,3026,453900,0.71251404,0.6876721,0.34811923,547.9398224354251,0.0,0.0
830,124500,0.212627,150,0.0,3028,454200,0.47709554,0.68972254,0.3389348,273.3330002541539,0.0,0.0
830,124500,0.1859757,150,0.0,3032,454800,0.489516,0.6754917,0.32346344,549.9014951411845,0.0,0.0
832,124800,0.25750062,150,0.0,3036,455400,0.43803534,0.69553596,0.33750698,177.26121269888318,0.0,0.0
833,124950,0.18576932,150,0.0,3038,455700,0.5024886,0.68825793,0.30559218,214.0778205456258,0.0,0.0
833,124950,0.1711778,150,0.0,3042,456300,0.50409406,0.67527187,0.3234517,526.2865732619623,0.0,0.0
834,125100,0.31038177,150,0.0,3044,456600,0.37032086,0.6807026,0.33540404,274.82007600576594,0.0,0.0
834,125100,0.0076472163,150,0.0,3048,457200,0.70223725,0.70988446,0.36832657,519.0794700839328,0.0,0.0
834,125100,0.3336662,150,0.0,3052,457800,0.3572055,0.6908717,0.3236864,462.53427769453924,0.0,0.0
836,125400,0.061787784,150,0.0,3054,458100,0.6139325,0.6757203,0.33010408,178.95188047984414,0.0,0.0
837,125550,0.35945976,150,0.0,3056,458400,0.32335657,0.6828163,0.31013376,206.48406846858083,0.0,0.0
838,125700,0.18931425,150,0.0,3059,458850,0.50326043,0.6925747,0.3462814,262.7591849417449,0.0,0.0
838,125700,0.027230501,150,0.0,3062,459300,0.66589504,0.69312555,0.3428967,523.0762067876087,0.0,0.0
838,125700,0.029409409,150,0.0,3066,459900,0.6692504,0.69865984,0.35142002,545.2425811304795,0.0,0.0
839,125850,0.13943028,150,0.0,3069,460350,0.53620857,0.67563885,0.31552562,236.612166948605,0.0,0.0
841,126150,0.32692298,150,0.0,3071,460650,0.35996345,0.6868864,0.3144918,218.9297335556226,0.0,0.0
841,126150,0.15425336,150,0.0,3073,460950,0.5249824,0.67923576,0.32263437,487.8341840670993,0.0,0.0
842,126300,0.013136089,150,0.0,3076,461400,0.6638309,0.67696697,0.31589118,218.7087213298028,0.0,0.0
842,126300,0.20408002,150,0.0,3080,462000,0.47344074,0.67752075,0.33069566,528.8484363494534,0.0,0.0
842,126300,0.17044443,150,0.0,3084,462600,0.5189427,0.68938714,0.34117904,539.9529345529384,0.0,0.0
843,126450,0.26043412,150,0.0,3087,463050,0.42826012,0.68869424,0.34766558,322.89460110703095,0.0,0.0
844,126600,0.0720427,150,0.0,3089,463350,0.6060793,0.678122,0.32395616,321.2796738310603,0.0,0.0
845,126750,0.15486878,150,0.0,3091,463650,0.5209059,0.6757747,0.31513444,410.55636110679694,0.0,0.0
846,126900,0.36750352,150,0.0,3094,464100,0.31616294,0.68366647,0.30841863,319.0629732221554,0.0,0.0
846,126900,0.0108014345,150,0.0,3098,464700,0.67671305,0.6875145,0.3235851,569.0468545503716,0.0,0.0
846,126900,0.13041991,150,0.0,3102,465300,0.5657677,0.6961876,0.35080764,540.0864281679598,0.0,0.0
848,127200,0.25882915,150,0.0,3104,465600,0.42027423,0.6791034,0.3338623,178.70103900973112,0.0,0.0
849,127350,0.23441532,150,0.0,3106,465900,0.4438329,0.6782482,0.32452112,187.66460850111858,0.0,0.0
849,127350,0.17121202,150,0.0,3110,466500,0.507031,0.67824304,0.32013682,535.7499231474709,0.0,0.0
850,127500,0.0077691674,150,0.0,3112,466800,0.67278385,0.680553,0.32484016,271.1171881699602,0.0,0.0
850,127500,0.11740756,150,0.0,3116,467400,0.56699383,0.6844014,0.33716825,569.2378682677639,0.0,0.0
852,127800,0.41711247,150,0.0,3120,468000,0.32849318,0.74560565,0.3037644,187.6979770303684,0.0,0.0
853,127950,0.16361362,150,0.0,3122,468300,0.51672226,0.6803359,0.32612818,190.93728205865912,0.0,0.0
853,127950,0.3341422,150,0.0,3126,468900,0.3380652,0.6722074,0.3164535,534.2826473905186,0.0,0.0
854,128100,0.1640203,150,0.0,3128,469200,0.51535875,0.67937905,0.3242492,228.49173697789556,0.0,0.0
854,128100,0.35293698,150,0.0,3132,469800,0.33362144,0.6865584,0.31466615,538.4077430617956,0.0,0.0
855,128250,0.19281572,150,0.0,3135,470250,0.49835855,0.69117427,0.33418873,238.8059882780607,0.0,0.0
857,128550,0.13239086,150,0.0,3137,470550,0.55733347,0.6897243,0.3489721,235.36742490561295,0.0,0.0
857,128550,0.35029885,150,0.0,3139,470850,0.32257703,0.6728759,0.30401954,495.18943105748457,0.0,0.0
857,128550,0.06524396,150,0.0,3143,471450,0.63503605,0.70028,0.35677555,539.616712067463,0.0,0.0
858,128700,0.16870922,150,0.0,3146,471900,0.53341585,0.7021251,0.3564537,262.94796339808966,0.0,0.0
858,128700,0.3699115,150,0.0,3150,472500,0.32055068,0.6904622,0.3145913,549.2471642619748,0.0,0.0
859,128850,0.23006994,150,0.0,3153,472950,0.45245528,0.6825252,0.32699734,194.5465362651009,0.0,0.0
861,129150,0.16965747,150,0.0,3155,473250,0.5286124,0.69826984,0.35227516,190.87222984556882,0.0,0.0
861,129150,0.17051977,150,0.0,3159,473850,0.5196357,0.69015545,0.3363151,551.2877783512337,0.0,0.0
862,129300,0.13876414,150,0.0,3161,474150,0.56898713,0.7077513,0.36562732,201.50288284214093,0.0,0.0
862,129300,0.015927374,150,0.0,3165,474750,0.66206396,0.67799133,0.3167491,505.63227582327056,0.0,0.0
863,129450,0.18547219,150,0.0,3168,475200,0.49237156,0.67784375,0.32774085,200.65048014211314,0.0,0.0
865,129750,0.14096236,150,0.0,3170,475500,0.53277874,0.6737411,0.3162687,219.07419568931115,0.0,0.0
865,129750,0.039764404,150,0.0,3172,475800,0.644099,0.6838634,0.33206007,554.7727633458547,0.0,0.0
866,129900,0.17193586,150,0.0,3176,476400,0.51439315,0.686329,0.329661,337.5795194065985,0.0,0.0
866,129900,0.028509736,150,0.0,3179,476850,0.6714997,0.70000947,0.3614342,560.9393068608666,0.0,0.0
866,129900,0.1867879,150,0.0,3183,477450,0.50731194,0.69409984,0.3512665,538.4805524267956,0.0,0.0
867,130050,0.3073692,150,0.0,3185,477750,0.37722507,0.6845943,0.3281013,213.2617427824725,0.0,0.0
870,130500,0.23544666,150,0.0,3188,478200,0.4457225,0.68116915,0.33842412,123.45524841041548,0.0,0.0
870,130500,0.2815773,150,0.0,3191,478650,0.3982119,0.6797892,0.33003202,544.2101739426039,0.0,0.0
871,130650,0.317099,150,0.0,3195,479250,0.36453393,0.68163294,0.3328949,177.9718450900049,0.0,0.0
871,130650,0.3278487,150,0.0,3199,479850,0.3631157,0.6909644,0.3228376,496.9589831207331,0.0,0.0
872,130800,0.3306575,150,0.0,3201,480150,0.35322377,0.6838813,0.30577722,273.5230132217119,0.0,0.0
873,130950,0.28752548,150,0.0,3204,480600,0.40784705,0.6953725,0.3520847,219.04170368740478,0.0,0.0
873,130950,-0.82899636,150,0.0,3208,481200,1.5149087,0.6859123,0.6859123,533.2402144672137,0.0,0.0
874,131100,0.16166198,150,0.0,3211,481650,0.51316327,0.67482525,0.3174366,236.7329829693293,0.0,0.0
874,131100,0.3061009,150,0.0,3214,482100,0.38369823,0.68979913,0.33813572,517.7156004522586,0.0,0.0
875,131250,0.32115516,150,0.0,3217,482550,0.35642776,0.6775829,0.30557472,231.03087899941613,0.0,0.0
875,131250,0.22455513,150,0.0,3221,483150,0.4644453,0.6890004,0.3416705,460.56128622786576,0.0,0.0
877,131550,0.343658,150,0.0,3223,483450,0.33561638,0.6792744,0.32942095,229.024149721649,0.0,0.0
877,131550,0.19355431,150,0.0,3227,484050,0.48769137,0.6812457,0.33327377,535.7303064621882,0.0,0.0
878,131700,0.15607399,150,0.0,3229,484350,0.52482253,0.6808965,0.32990253,221.04850417470666,0.0,0.0
878,131700,0.30783388,150,0.0,3233,484950,0.36595294,0.6737868,0.32397932,545.2028915929932,0.0,0.0
879,131850,0.14080614,150,0.0,3235,485250,0.5405289,0.68133503,0.32989335,230.87657750556875,0.0,0.0
881,132150,0.089823246,150,0.0,3238,485700,0.58463603,0.6744593,0.32356426,169.49878765019668,0.0,0.0
881,132150,0.31521583,150,0.0,3242,486300,0.36381918,0.679035,0.32665285,621.0845437072239,0.0,0.0
882,132300,0.045416713,150,0.0,3245,486750,0.64616257,0.6915793,0.3393712,198.37815305699672,0.0,0.0
882,132300,0.34950697,150,0.0,3249,487350,0.3411305,0.69063747,0.32844126,544.8506640616881,0.0,0.0
883,132450,0.28231522,150,0.0,3251,487650,0.39893726,0.6812525,0.31817195,207.6189407614453,0.0,0.0
884,132600,0.13423526,150,0.0,3254,488100,0.56081665,0.6950519,0.3508948,272.589280491847,0.0,0.0
885,132750,0.22596613,150,0.0,3256,488400,0.46799454,0.69396067,0.35207498,295.8987761843912,0.0,0.0
885,132750,0.1477611,150,0.0,3260,489000,0.5412947,0.6890558,0.34526277,554.0565341524544,0.0,0.0
886,132900,0.3232808,150,0.0,3262,489300,0.37173194,0.69501275,0.35527584,244.2687203785949,0.0,0.0
887,133050,0.031702697,150,0.0,3266,489900,0.66184306,0.69354576,0.3364507,311.00356755693286,0.0,0.0
887,133050,0.26023778,150,0.0,3269,490350,0.42088494,0.6811227,0.32840422,570.4802622332443,0.0,0.0
889,133350,0.27307338,150,0.0,3272,490800,0.4090346,0.682108,0.3297251,224.37824341438207,0.0,0.0
889,133350,0.0821262,150,0.0,3274,491100,0.61964685,0.70177305,0.35834393,535.740798929107,0.0,0.0
889,133350,0.34675658,150,0.0,3278,491700,0.3414839,0.68824047,0.33284628,546.0546483753209,0.0,0.0
890,133500,0.24393034,150,0.0,3280,492000,0.4576847,0.70161504,0.36349306,281.3154108177185,0.0,0.0
890,133500,0.07892978,150,0.0,3284,492600,0.5928055,0.6717353,0.32416463,513.900780474656,0.0,0.0
891,133650,0.24889037,150,0.0,3286,492900,0.4389378,0.6878282,0.3413822,555.3859082916081,0.0,0.0
893,133950,0.27704617,150,0.0,3289,493350,0.39276692,0.6698131,0.31334263,215.89949716324298,0.0,0.0
893,133950,0.23167473,150,0.0,3292,493800,0.4638605,0.69553524,0.3517697,533.5196686668318,0.0,0.0
894,134100,0.16219795,150,0.0,3295,494250,0.5262955,0.68849343,0.34490234,214.4729243723261,0.0,0.0
894,134100,0.15908873,150,0.0,3299,494850,0.5289192,0.68800795,0.336416,553.7044729671692,0.0,0.0
895,134250,0.35749578,150,0.0,3302,495300,0.33074486,0.68824065,0.31531417,270.3303927563065,0.0,0.0
896,134400,0.05178666,150,0.0,3306,495900,0.6233,0.6750867,0.3145763,265.9391736235866,0.0,0.0
897,134550,0.16678762,150,0.0,3308,496200,0.51014876,0.6769364,0.3163232,225.77389509434016,0.0,0.0
898,134700,0.15849835,150,0.0,3311,496650,0.5174179,0.67591625,0.315769,202.22687368534739,0.0,0.0
898,134700,0.072052956,150,0.0,3315,497250,0.61278147,0.6848344,0.32891414,554.1970934729105,0.0,0.0
899,134850,0.08446956,150,0.0,3317,497550,0.60280794,0.6872775,0.34489092,216.40611644357458,0.0,0.0
899,134850,0.06625384,150,0.0,3321,498150,0.6128875,0.67914134,0.3207901,560.2115667156404,0.0,0.0
901,135150,0.16011512,150,0.0,3323,498450,0.52763325,0.6877484,0.3271228,248.91933081913095,0.0,0.0
901,135150,0.25995523,150,0.0,3325,498750,0.43445647,0.6944117,0.3427469,472.91095396161063,0.0,0.0
902,135300,0.34823915,150,0.0,3329,499350,0.33068416,0.6789233,0.31467533,228.32058808159283,0.0,0.0
902,135300,0.34279898,150,0.0,3332,499800,0.32919434,0.6719933,0.31963313,543.0878925470021,0.0,0.0
903,135450,0.28667787,150,0.0,3335,500250,0.4039425,0.69062036,0.34223107,198.3904764337332,0.0,0.0
905,135750,0.3244591,150,0.0,3339,500850,0.35744163,0.68190074,0.3284335,199.9171282656166,0.0,0.0
905,135750,0.14884079,150,0.0,3341,501150,0.5369415,0.6857823,0.32992628,366.3377959138042,0.0,0.0
906,135900,0.4187148,150,0.0,3345,501750,0.31439534,0.73311013,0.31292853,276.28495469360547,0.0,0.0
906,135900,0.39953414,150,0.0,3348,502200,0.2812071,0.68074125,0.2772306,528.9364700106099,0.0,0.0
907,136050,0.07367289,150,0.0,3351,502650,0.61237156,0.68604445,0.34399143,199.31058930643613,0.0,0.0
908,136200,0.15858305,150,0.0,3354,503100,0.5440408,0.70262384,0.36088306,232.59821210709612,0.0,0.0
909,136350,0.052317023,150,0.0,3357,503550,0.6254689,0.67778593,0.31722015,257.9142070051161,0.0,0.0
909,136350,0.36995673,150,0.0,3360,504000,0.31836087,0.6883176,0.3169216,498.75229797080954,0.0,0.0
910,136500,0.34093317,150,0.0,3363,504450,0.3499076,0.6908408,0.3463714,196.8384855641903,0.0,0.0
911,136650,0.09261876,150,0.0,3366,504900,0.592219,0.68483776,0.401026,324.08451857800515,0.0,0.0
911,136650,0.36309007,150,0.0,3369,505350,0.31884924,0.6819393,0.31572786,544.6025840562723,0.0,0.0
912,136800,0.32932577,150,0.0,3372,505800,0.35177812,0.6811039,0.32700142,193.20179203093463,0.0,0.0
913,136950,0.26895702,150,0.0,3374,506100,0.40853238,0.6774894,0.34028912,304.9866132651562,0.0,0.0
913,136950,0.11625707,150,0.0,3378,506700,0.57103366,0.6872907,0.3420162,508.91001172082593,0.0,0.0
914,137100,0.30379012,150,0.0,3380,507000,0.3714809,0.67527103,0.32822075,368.05054405054403,0.0,0.0
915,137250,0.1317941,150,0.0,3384,507600,0.5447573,0.6765514,0.3226083,310.23524590931885,0.0,0.0
915,137250,0.28825864,150,0.0,3387,508050,0.38266525,0.6709239,0.3183181,541.4007762010895,0.0,0.0
917,137550,0.34901738,150,0.0,3390,508500,0.32060063,0.669618,0.30693495,158.11277642599043,0.0,0.0
917,137550,-0.04534167,150,0.0,3393,508950,0.7392358,0.69389415,0.56905085,516.0365751631414,0.0,0.0
918,137700,0.1499893,150,0.0,3397,509550,0.53775084,0.68774015,0.34579647,207.7808983568962,0.0,0.0
919,137850,0.31159565,150,0.0,3400,510000,0.3846415,0.69623715,0.35063395,341.79859628802444,0.0,0.0
919,137850,0.32403997,150,0.0,3403,510450,0.36375806,0.687798,0.3414959,587.0647954613318,0.0,0.0
921,138150,0.15315282,150,0.0,3406,510900,0.5425439,0.6956967,0.3459715,167.15036065835093,0.0,0.0
921,138150,0.17730653,150,0.0,3409,511350,0.5014244,0.6787309,0.3290136,516.1085398246786,0.0,0.0
922,138300,0.28415194,150,0.0,3413,511950,0.3892227,0.67337465,0.31989673,195.16669396506796,0.0,0.0
923,138450,0.19428346,150,0.0,3416,512400,0.49933776,0.6936212,0.34705958,243.49624583946127,0.0,0.0
923,138450,0.10601896,150,0.0,3419,512850,0.59164035,0.6976593,0.34774375,546.5679307504926,0.0,0.0
925,138750,0.12203294,150,0.0,3422,513300,0.5776471,0.69968003,0.3491616,183.17065778567354,0.0,0.0
925,138750,0.10611093,150,0.0,3425,513750,0.57277906,0.67889,0.32751733,570.9985351695447,0.0,0.0
925,138750,0.3676551,150,0.0,3429,514350,0.30538636,0.67304146,0.3001671,534.6086193974681,0.0,0.0
926,138900,0.079865694,150,0.0,3431,514650,0.59828436,0.67815006,0.31770384,204.61190624243858,0.0,0.0
927,139050,0.32943743,150,0.0,3434,515100,0.35141277,0.6808502,0.33281425,209.00638966385333,0.0,0.0
927,139050,0.13594276,150,0.0,3438,515700,0.5466071,0.68254983,0.33016828,539.3710622807972,0.0,0.0
929,139350,0.2952444,150,0.0,3440,516000,0.40462446,0.69986886,0.35811183,190.78020141605597,0.0,0.0
929,139350,0.1158216,150,0.0,3444,516600,0.5720135,0.6878351,0.34046122,567.2710747885172,0.0,0.0
930,139500,0.36953557,150,0.0,3447,517050,0.31797886,0.6875144,0.31524402,197.30182419614977,0.0,0.0
931,139650,0.27291775,150,0.0,3450,517500,0.4310972,0.70401496,0.36946526,273.1768147833914,0.0,0.0
931,139650,0.21303591,150,0.0,3453,517950,0.48670605,0.69974196,0.36033538,500.77654138210994,0.0,0.0
932,139800,0.3207365,150,0.0,3456,518400,0.35543266,0.67616916,0.31342435,225.1914041890941,0.0,0.0
933,139950,0.32751504,150,0.0,3458,518700,0.35999444,0.6875095,0.31209037,327.6136241146976,0.0,0.0
933,139950,0.21941167,150,0.0,3462,519300,0.4846965,0.7041082,0.35994077,563.6091303257248,0.0,0.0
934,140100,0.121141136,150,0.0,3464,519600,0.5800437,0.7011848,0.35807267,315.5119212335517,0.0,0.0
935,140250,0.34512946,150,0.0,3468,520200,0.34762493,0.6927544,0.34343684,402.1541268147879,0.0,0.0
935,140250,0.14916563,150,0.0,3471,520650,0.528603,0.67776865,0.32807726,544.8100879980741,0.0,0.0
937,140550,0.30014345,150,0.0,3473,520950,0.37826392,0.6784074,0.31977823,195.0149110035798,0.0,0.0
937,140550,0.11671859,150,0.0,3476,521400,0.55639553,0.6731141,0.3225164,554.5678677172517,0.0,0.0
937,140550,0.197994,150,0.0,3480,522000,0.4833334,0.6813274,0.32427076,552.2725716603143,0.0,0.0
938,140700,0.35100397,150,0.0,3482,522300,0.3914303,0.74243426,0.33132026,222.42076370593801,0.0,0.0
939,140850,0.35152653,150,0.0,3485,522750,0.32564172,0.67716825,0.3001355,166.07960948382842,0.0,0.0
940,141000,0.08380616,150,0.0,3488,523200,0.59651816,0.6803243,0.32570454,220.67649578075796,0.0,0.0
941,141150,0.084681034,150,0.0,3490,523500,0.6107669,0.6954479,0.35184962,255.24131761670327,0.0,0.0
941,141150,0.3365467,150,0.0,3494,524100,0.34571454,0.6822612,0.30716708,516.0547760930816,0.0,0.0
941,141150,0.07782471,150,0.0,3498,524700,0.620733,0.69855773,0.34992403,575.8095161390702,0.0,0.0
943,141450,0.22553724,150,0.0,3500,525000,0.46393007,0.6894673,0.3338339,196.12443070055394,0.0,0.0
943,141450,0.083634496,150,0.0,3503,525450,0.6058194,0.6894539,0.3413947,540.9450504664894,0.0,0.0
944,141600,0.15407085,150,0.0,3506,525900,0.55371183,0.7077827,0.3566398,201.46223249189214,0.0,0.0
945,141750,0.09001845,150,0.0,3508,526200,0.5888901,0.6789085,0.32325268,290.18319282615454,0.0,0.0
945,141750,0.3352294,150,0.0,3512,526800,0.36324918,0.6984786,0.35176265,516.7859900445204,0.0,0.0
946,141900,0.11047387,150,0.0,3515,527250,0.56984293,0.6803168,0.32750702,203.7626148126077,0.0,0.0
947,142050,0.104548156,150,0.0,3518,527700,0.5957861,0.70033425,0.36003515,229.17748693826718,0.0,0.0
948,142200,0.36239412,150,0.0,3521,528150,0.32945612,0.69185024,0.32816252,408.9963575894172,0.0,0.0
949,142350,0.34746423,150,0.0,3523,528450,0.3315082,0.6789724,0.29994592,188.64596139199895,0.0,0.0
949,142350,0.31462198,150,0.0,3527,529050,0.37508178,0.68970376,0.33682632,534.4392277653802,0.0,0.0
950,142500,0.07190287,150,0.0,3531,529650,0.60781455,0.6797174,0.33159176,176.92274595920696,0.0,0.0
951,142650,0.36874858,150,0.0,3534,530100,0.32915166,0.69790024,0.32564446,259.1741877758238,0.0,0.0
952,142800,0.3414137,150,0.0,3537,530550,0.3532801,0.6946938,0.33946937,544.7237660186618,0.0,0.0
953,142950,0.35331848,150,0.0,3539,530850,0.33558056,0.68889904,0.33558056,187.26087349928326,0.0,0.0
953,142950,0.23360428,150,0.0,3543,531450,0.44856778,0.68217206,0.3187193,529.2942413662558,0.0,0.0
953,142950,0.122467816,150,0.0,3547,532050,0.5691168,0.6915846,0.33843315,550.6677379883309,0.0,0.0
954,143100,0.052238584,150,0.0,3549,532350,0.6387918,0.6910304,0.33932817,184.0986680954177,0.0,0.0
955,143250,0.03255278,150,0.0,3552,532800,0.6496843,0.6822371,0.3280928,237.9000068063738,0.0,0.0
956,143400,0.30769515,150,0.0,3554,533100,0.37856257,0.6862577,0.31371558,279.7979694659408,0.0,0.0
957,143550,0.29254907,150,0.0,3557,533550,0.40819222,0.7007413,0.33943486,184.7368666775702,0.0,0.0
957,143550,0.2730566,150,0.0,3561,534150,0.40737942,0.680436,0.3390175,547.956525488017,0.0,0.0
958,143700,0.33698776,150,0.0,3565,534750,0.3538752,0.69086295,0.32312548,230.8924220588122,0.0,0.0
959,143850,0.34327757,150,0.0,3568,535200,0.338255,0.68153256,0.3212774,193.76898165472446,0.0,0.0
960,144000,0.34723973,150,0.0,3571,535650,0.3455764,0.69281614,0.34422457,278.4117123579555,0.0,0.0
961,144150,0.31807113,150,0.0,3573,535950,0.34993702,0.66800815,0.30713338,224.42874876931637,0.0,0.0
961,144150,0.3340238,150,0.0,3577,536550,0.34822878,0.6822526,0.3249964,540.1671125519865,0.0,0.0
961,144150,0.03301531,150,0.0,3581,537150,0.6522707,0.685286,0.3341316,524.7370874907108,0.0,0.0
963,144450,0.08480859,150,0.0,3583,537450,0.6055662,0.6903748,0.34342113,249.45742679781893,0.0,0.0
963,144450,0.23725021,150,0.0,3585,537750,0.44178528,0.6790355,0.3083992,483.6876608235241,0.0,0.0
964,144600,0.3621152,150,0.0,3587,538050,0.3201021,0.6822173,0.3183416,210.7981403128338,0.0,0.0
965,144750,0.10382867,150,0.0,3590,538500,0.57744974,0.6812784,0.32349065,208.34422554782017,0.0,0.0
965,144750,0.1747821,150,0.0,3593,538950,0.4952711,0.6700532,0.32216927,621.6816896342511,0.0,0.0
965,144750,0.32017514,150,0.0,3597,539550,0.36227134,0.6824465,0.34475636,541.269891796884,0.0,0.0
966,144900,0.21352375,150,0.0,3599,539850,0.46593398,0.6794577,0.32160276,435.2551153124533,0.0,0.0
968,145200,0.36436442,150,0.0,3602,540300,0.31525758,0.679622,0.30542612,213.99393744795947,0.0,0.0
968,145200,0.03527218,150,0.0,3605,540750,0.6571679,0.6924401,0.32103097,485.33164239412923,0.0,0.0
969,145350,0.36099964,150,0.0,3607,541050,0.31653374,0.6775334,0.30849043,473.5983716201822,0.0,0.0
969,145350,0.08553338,150,0.0,3611,541650,0.60377365,0.68930703,0.3361145,533.7613748004161,0.0,0.0
969,145350,-0.024825752,150,0.0,3615,542250,0.7165754,0.69174963,0.33903515,542.9411972836785,0.0,0.0
971,145650,0.37007946,150,0.0,3617,542550,0.31532544,0.6854049,0.31408465,149.47026360785227,0.0,0.0
972,145800,0.2611127,150,0.0,3619,542850,0.42263532,0.683748,0.3764007,274.61722896336124,0.0,0.0
972,145800,0.34023657,150,0.0,3623,543450,0.34729043,0.687527,0.32185027,462.4462227475297,0.0,0.0
973,145950,0.3423681,150,0.0,3625,543750,0.34500113,0.6873692,0.33742052,472.94792612594193,0.0,0.0
973,145950,0.072232366,150,0.0,3629,544350,0.60452056,0.6767529,0.31984913,514.4369608963032,0.0,0.0
974,146100,0.28791195,150,0.0,3632,544800,0.413666,0.70157796,0.3288352,187.21473470461436,0.0,0.0
976,146400,0.2864103,150,0.0,3635,545250,0.39384148,0.6802518,0.32950002,266.02328454690524,0.0,0.0
976,146400,-0.019137442,150,0.0,3637,545550,0.7135629,0.69442546,0.34018278,452.50846728631836,0.0,0.0
976,146400,0.2110776,150,0.0,3641,546150,0.4738225,0.6849001,0.3297469,543.368380687854,0.0,0.0
977,146550,0.03698969,150,0.0,3643,546450,0.6577131,0.6947028,0.3595039,228.93097963786335,0.0,0.0
977,146550,0.27699137,150,0.0,3647,547050,0.40784615,0.6848375,0.332676,558.7612403582705,0.0,0.0
978,146700,0.3472585,150,0.0,3649,547350,0.34582275,0.69308126,0.32156646,223.60025404208753,0.0,0.0
979,146850,0.07552624,150,0.0,3652,547800,0.61559784,0.6911241,0.3392807,228.40613046849813,0.0,0.0
980,147000,0.08069104,150,0.0,3654,548100,0.5990202,0.6797112,0.3225859,299.8590178529725,0.0,0.0
980,147000,0.23860607,150,0.0,3658,548700,0.44771907,0.68632513,0.32740077,509.83833194220466,0.0,0.0
981,147150,0.3435885,150,0.0,3660,549000,0.36071,0.7042985,0.3500379,321.0370413460228,0.0,0.0
981,147150,0.05323708,150,0.0,3664,549600,0.6396509,0.69288796,0.34379774,531.0697608460034,0.0,0.0
982,147300,-0.0065712333,150,0.0,3668,550200,0.68841034,0.6818391,0.34196717,197.58238990471446,0.0,0.0
984,147600,0.33185154,150,0.0,3670,550500,0.34152222,0.67337376,0.31477588,188.22408740671378,0.0,0.0
984,147600,0.06027478,150,0.0,3674,551100,0.62836397,0.68863875,0.33916977,551.8603213031065,0.0,0.0
985,147750,0.115640104,150,0.0,3676,551400,0.56714547,0.6827856,0.31363714,219.44923663989005,0.0,0.0
985,147750,0.1400249,150,0.0,3680,552000,0.55488545,0.69491035,0.33224133,507.11865281131816,0.0,0.0
987,148050,0.16242391,150,0.0,3684,552600,0.52710986,0.68953377,0.33071083,157.33281317988806,0.0,0.0
988,148200,0.03909737,150,0.0,3686,552900,0.6456779,0.6847753,0.3188682,222.14714672301096,0.0,0.0
988,148200,0.055101156,150,0.0,3690,553500,0.6165303,0.67163146,0.31220248,523.558944170243,0.0,0.0
989,148350,0.07684511,150,0.0,3693,553950,0.59791565,0.67476076,0.3014771,317.2961528801705,0.0,0.0
989,148350,0.038244188,150,0.0,3696,554400,0.6328929,0.6711371,0.30376783,582.4483833160214,0.0,0.0
989,148350,-0.10877234,150,0.0,3700,555000,0.79203326,0.6832609,0.5389621,537.9689999769129,0.0,0.0
991,148650,0.32150397,150,0.0,3702,555300,0.36609665,0.6876006,0.34944314,219.86820047199566,0.0,0.0
992,148800,-0.027258992,150,0.0,3704,555600,0.7122597,0.6850007,0.3279991,205.18445368339897,0.0,0.0
992,148800,0.21414968,150,0.0,3708,556200,0.4813253,0.695475,0.33728126,539.0535758655848,0.0,0.0
993,148950,0.012506127,150,0.0,3710,556500,0.6782488,0.69075495,0.34887293,189.71156945620862,0.0,0.0
993,148950,0.2805659,150,0.0,3714,557100,0.40769026,0.68825614,0.33365652,570.206232751628,0.0,0.0
993,148950,0.24553081,150,0.0,3717,557550,0.44729933,0.69283015,0.3248601,338.5972937859979,0.0,0.0
995,149250,0.035226226,150,0.0,3719,557850,0.64228517,0.6775114,0.31969872,200.9761538999677,0.0,0.0
996,149400,0.13878214,150,0.0,3721,558150,0.53289694,0.6716791,0.29632226,321.1166761856492,0.0,0.0
996,149400,0.3608271,150,0.0,3725,558750,0.32384753,0.6846746,0.31381902,468.3676363628242,0.0,0.0
997,149550,0.0032792687,150,0.0,3728,559200,0.7341456,0.73742485,0.3544687,250.3732244627673,0.0,0.0
997,149550,-0.040272653,150,0.0,3732,559800,0.73939794,0.6991253,0.35483477,586.9295203871159,0.0,0.0
998,149700,-0.037083983,150,0.0,3734,560100,0.740201,0.703117,0.36230427,207.73308019315695,0.0,0.0
999,149850,0.03025198,150,0.0,3737,560550,0.6535531,0.6838051,0.32981393,375.57680081425787,0.0,0.0
1000,150000,-0.031200707,150,0.0,3740,561000,0.7212265,0.6900258,0.34404224,524.6977014552197,0.0,0.0
1000,150000,0.0002322197,150,0.0,3743,561450,0.6834547,0.6836869,0.331265,215.30391550267476,0.0,0.0
1001,150150,0.31902206,150,0.0,3747,562050,0.3684885,0.68751055,0.32639167,543.065859766061,0.0,0.0
1002,150300,-0.010700524,150,0.0,3751,562650,0.6885754,0.67787486,0.32157084,269.40906443766914,0.0,0.0
1004,150600,0.004738927,150,0.0,3753,562950,0.68037146,0.6851104,0.33475387,197.1215632728142,0.0,0.0
1004,150600,-0.037495434,150,0.0,3756,563400,0.72046256,0.6829671,0.32722583,565.2543370310441,0.0,0.0
1005,150750,0.2738108,150,0.0,3759,563850,0.40672618,0.680537,0.32249662,234.1108803620474,0.0,0.0
1005,150750,0.037166,150,0.0,3762,564300,0.6669111,0.7040771,0.35735038,536.5243315891089,0.0,0.0
1005,150750,0.3143399,150,0.0,3766,564900,0.37057218,0.6849121,0.34513658,504.316236507252,0.0,0.0
1007,151050,-0.024038196,150,0.0,3768,565200,0.7163318,0.6922936,0.34816706,163.49674199636075,0.0,0.0
1008,151200,-0.035216033,150,0.0,3770,565500,0.7241634,0.6889474,0.32999495,343.42383650476535,0.0,0.0
1009,151350,-0.017924786,150,0.0,3774,566100,0.6961338,0.678209,0.31693086,319.5791674476512,0.0,0.0
1009,151350,0.07695222,150,0.0,3777,566550,0.6235311,0.7004833,0.34109482,570.1209754152583,0.0,0.0
1009,151350,-0.025895953,150,0.0,3781,567150,0.71115685,0.6852609,0.3337658,543.1010193088589,0.0,0.0
1010,151500,0.21381152,150,0.0,3785,567750,0.47241884,0.68623036,0.31766313,234.30443514974695,0.0,0.0
1012,151800,0.32855272,150,0.0,3787,568050,0.35897428,0.687527,0.3399803,275.24340717103445,0.0,0.0
1013,151950,0.078700185,150,0.0,3790,568500,0.60119325,0.67989343,0.31372717,394.6366920915295,0.0,0.0
1013,151950,0.012974322,150,0.0,3792,568800,0.6657425,0.67871684,0.3180291,466.556666842172,0.0,0.0
1013,151950,0.18341601,150,0.0,3796,569400,0.5250872,0.7085032,0.34784254,515.9481284602143,0.0,0.0
1013,151950,-0.041079402,150,0.0,3800,570000,0.74889004,0.70781064,0.3705058,517.843438409,0.0,0.0
1015,152250,-0.027627647,150,0.0,3803,570450,0.72724175,0.6996141,0.34786427,172.27577021485402,0.0,0.0
1016,152400,0.04755938,150,0.0,3805,570750,0.6387861,0.68634546,0.3139112,525.08656915726,0.0,0.0
1017,152550,0.035872936,150,0.0,3808,571200,0.64898235,0.6848553,0.31559038,280.2104521478795,0.0,0.0
1017,152550,0.34059164,150,0.0,3812,571800,0.3459386,0.68653023,0.3375554,518.7516233003273,0.0,0.0
1017,152550,0.021467984,150,0.0,3816,572400,0.6708769,0.6923449,0.33836815,539.414069533159,0.0,0.0
1019,152850,0.3428907,150,0.0,3819,572850,0.3280858,0.6709765,0.32808277,238.06789608414073,0.0,0.0
1020,153000,-0.061724603,150,0.0,3821,573150,0.76292676,0.70120215,0.36443675,309.1936042697176,0.0,0.0
1020,153000,0.025681138,150,0.0,3824,573600,0.65796244,0.6836436,0.32047588,555.7906788352828,0.0,0.0
1021,153150,0.33615062,150,0.0,3826,573900,0.33653262,0.67268324,0.31579024,416.0025390779973,0.0,0.0
1021,153150,-0.042437553,150,0.0,3830,574500,0.7319112,0.6894736,0.34031337,569.6775321014607,0.0,0.0
1021,153150,-0.025918782,150,0.0,3834,575100,0.7027823,0.6768635,0.29997343,527.6208047500041,0.0,0.0
1023,153450,0.35075146,150,0.0,3837,575550,0.3353219,0.68607336,0.32728505,195.87707246179178,0.0,0.0
1024,153600,0.34872118,150,0.0,3839,575850,0.3376226,0.6863438,0.3273802,333.78407629524935,0.0,0.0
1025,153750,-0.046875715,150,0.0,3842,576300,0.7256605,0.6787848,0.30603352,242.44288881884034,0.0,0.0
1025,153750,-0.030687153,150,0.0,3846,576900,0.71387863,0.6831915,0.32866606,521.882123411075,0.0,0.0
1025,153750,-0.021990716,150,0.0,3850,577500,0.70414233,0.6821516,0.3268249,551.5879250364718,0.0,0.0
1028,154200,-0.034870446,150,0.0,3854,578100,0.73496,0.7000896,0.3579483,144.26278826389992,0.0,0.0
1029,154350,0.3496663,150,0.0,3855,578250,0.3458444,0.6955107,0.32874578,135.0949009934156,0.0,0.0
1029,154350,0.098140776,150,0.0,3858,578700,0.5751062,0.673247,0.28848666,530.0474067808462,0.0,0.0
1029,154350,-0.003764093,150,0.0,3862,579300,0.6832705,0.6795064,0.3190069,537.7841411762695,0.0,0.0
1029,154350,-0.02652347,150,0.0,3866,579900,0.6999191,0.67339563,0.31418946,541.6958474717096,0.0,0.0
1030,154500,-0.036696315,150,0.0,3870,580500,0.745134,0.7084377,0.36816293,443.52754733155496,0.0,0.0
1031,154650,0.22582173,150,0.0,3872,580800,0.46030974,0.6861315,0.32948563,176.81052546381648,0.0,0.0
1033,154950,-0.031475306,150,0.0,3874,581100,0.73696923,0.7054939,0.36287922,306.4825793528235,0.0,0.0
1033,154950,0.109525025,150,0.0,3877,581550,0.56465787,0.6741829,0.33206677,542.6719155939372,0.0,0.0
1033,154950,0.037777126,150,0.0,3881,582150,0.6695544,0.70733154,0.37120983,539.3812354201442,0.0,0.0
1033,154950,0.34867665,150,0.0,3885,582750,0.3437188,0.69239545,0.3356896,564.0745266770609,0.0,0.0
1034,155100,-0.08018178,150,0.0,3888,583200,0.76556605,0.6853843,0.31645206,264.7541449262921,0.0,0.0
1036,155400,-0.023356378,150,0.0,3890,583500,0.69661707,0.6732607,0.3111478,210.4270747940282,0.0,0.0
1037,155550,0.17539299,150,0.0,3892,583800,0.5181531,0.69354606,0.35993677,293.74578334235224,0.0,0.0
1037,155550,-0.041596293,150,0.0,3895,584250,0.7447013,0.70310503,0.36091995,525.9469242569271,0.0,0.0
1037,155550,0.3308709,150,0.0,3899,584850,0.3497868,0.6806577,0.3164273,545.5688211503375,0.0,0.0
1037,155550,-0.016548812,150,0.0,3903,585450,0.6907935,0.6742447,0.31872135,535.4913719876006,0.0,0.0
1040,156000,0.02001977,150,0.0,3906,585900,0.6836905,0.70371026,0.35869923,166.7409008762605,0.0,0.0
1041,156150,-0.038825214,150,0.0,3908,586200,0.7331082,0.694283,0.34164307,289.1527991234585,0.0,0.0
1041,156150,0.23408723,150,0.0,3911,586650,0.4591542,0.6932414,0.3619914,511.61404116523426,0.0,0.0
1041,156150,-0.00095033646,150,0.0,3915,587250,0.7000853,0.69913495,0.3493064,562.8658899901052,0.0,0.0
1041,156150,0.09501785,150,0.0,3919,587850,0.58927613,0.684294,0.34372407,544.0195905492202,0.0,0.0
1043,156450,0.010897398,150,0.0,3922,588300,0.6734146,0.684312,0.32272288,174.9347344151567,0.0,0.0
1045,156750,-0.08646762,150,0.0,3924,588600,0.78224117,0.69577354,0.33764789,175.30528522033617,0.0,0.0
1045,156750,0.1777091,150,0.0,3927,589050,0.51873344,0.69644254,0.34209076,542.5006510225797,0.0,0.0
1045,156750,0.2886142,150,0.0,3931,589650,0.3993513,0.6879655,0.32413998,565.0573593588757,0.0,0.0
1045,156750,-0.02047807,150,0.0,3935,590250,0.72192854,0.70145047,0.35824573,508.7375877349031,0.0,0.0
1046,156900,0.15214765,150,0.0,3937,590550,0.54398215,0.6961298,0.35790184,229.9628964525558,0.0,0.0
1048,157200,-0.064794004,150,0.0,3940,591000,0.74279463,0.6780006,0.31291124,176.07289354029191,0.0,0.0
1049,157350,0.2246491,150,0.0,3942,591300,0.4501643,0.6748134,0.3353961,354.81723527680055,0.0,0.0
1049,157350,-0.0052385926,150,0.0,3944,591600,0.70629185,0.70105326,0.35812044,536.9666782171711,0.0,0.0
1049,157350,0.2694224,150,0.0,3948,592200,0.42191577,0.6913382,0.34812382,537.3826722664528,0.0,0.0
1049,157350,0.098754585,150,0.0,3952,592800,0.5821834,0.680938,0.33755952,504.53705604598645,0.0,0.0
1050,157500,-0.034056544,150,0.0,3955,593250,0.713331,0.67927444,0.31601945,188.55233708832276,0.0,0.0
1052,157800,0.12050307,150,0.0,3957,593550,0.5613412,0.6818443,0.33626914,203.53558816259928,0.0,0.0
1053,157950,0.19530144,150,0.0,3959,593850,0.4853709,0.68067235,0.3211408,278.51228291361787,0.0,0.0
1053,157950,0.05708015,150,0.0,3963,594450,0.6198128,0.67689294,0.3267432,542.1037892815814,0.0,0.0
1053,157950,0.07280183,150,0.0,3967,595050,0.62258863,0.69539046,0.32951912,534.2808325039318,0.0,0.0
1054,158100,0.024539113,150,0.0,3971,595650,0.6672962,0.6918353,0.3427806,202.92616970829582,0.0,0.0
1055,158250,0.18525773,150,0.0,3973,595950,0.50605553,0.69131327,0.34266093,298.1007935037595,0.0,0.0
1057,158550,-0.028230071,150,0.0,3975,596250,0.70211023,0.67388016,0.31026524,171.38201362948047,0.0,0.0
1057,158550,0.3803342,150,0.0,3978,596700,0.30409628,0.6844305,0.30409628,534.5300410277933,0.0,0.0
1057,158550,0.10373628,150,0.0,3982,597300,0.58048105,0.68421733,0.30637524,531.8913873826348,0.0,0.0
1057,158550,0.09488982,150,0.0,3986,597900,0.59300196,0.6878918,0.3360864,473.56272350713607,0.0,0.0
1058,158700,0.16348082,150,0.0,3988,598200,0.5355055,0.6989863,0.35527653,440.80719813796804,0.0,0.0
1060,159000,0.14238203,150,0.0,3991,598650,0.54831016,0.6906922,0.33765757,188.0188298073268,0.0,0.0
1061,159150,0.23693138,150,0.0,3993,598950,0.45891047,0.69584185,0.3327054,343.39665688749403,0.0,0.0
1061,159150,0.32040706,150,0.0,3997,599550,0.35313937,0.67354643,0.31844902,499.3781838905654,0.0,0.0
1061,159150,0.3209738,150,0.0,4001,600150,0.3691846,0.6901584,0.34430388,512.4107459185626,0.0,0.0
1062,159300,0.34647343,150,0.0,4003,600450,0.34106925,0.6875427,0.3335407,289.27524583855006,0.0,0.0
1062,159300,-0.18402243,150,0.0,4007,601050,0.86342365,0.6794012,0.31907073,547.0488804179216,0.0,0.0
1065,159750,0.28766134,150,0.0,4009,601350,0.39819166,0.685853,0.33450472,210.21270339804204,0.0,0.0
1065,159750,0.33267263,150,0.0,4012,601800,0.34112504,0.67379767,0.31532004,577.2756509364107,0.0,0.0
1065,159750,0.15758681,150,0.0,4016,602400,0.5372979,0.6948847,0.35307115,539.2712009250347,0.0,0.0
1065,159750,-0.009636581,150,0.0,4020,603000,0.68782973,0.67819315,0.31084403,531.1450830218116,0.0,0.0
1066,159900,-0.03965324,150,0.0,4023,603450,0.73241186,0.6927586,0.3469797,319.7706722778769,0.0,0.0
1069,160350,0.089279234,150,0.0,4026,603900,0.58597594,0.6752552,0.33611766,131.12483238037993,0.0,0.0
1069,160350,0.09926623,150,0.0,4029,604350,0.6006246,0.69989085,0.36785907,522.1905346856792,0.0,0.0
1069,160350,-0.1776278,150,0.0,4033,604950,0.86291957,0.68529177,0.3258446,530.5354975971208,0.0,0.0
1069,160350,0.3150917,150,0.0,4037,605550,0.37908795,0.69417965,0.33556014,567.9260151923415,0.0,0.0
1070,160500,-0.20299149,150,0.0,4039,605850,0.88384986,0.6808584,0.32257938,288.2791472577664,0.0,0.0
1071,160650,-0.20974398,150,0.0,4042,606300,0.88803387,0.6782899,0.3180241,221.68133688364213,0.0,0.0
1073,160950,0.07643175,150,0.0,4044,606600,0.6198708,0.69630253,0.36068848,222.10644450336102,0.0,0.0
1073,160950,-0.18207157,150,0.0,4047,607050,0.8770531,0.6949815,0.34494647,529.3948960976891,0.0,0.0
1073,160950,-0.20415807,150,0.0,4051,607650,0.8953912,0.69123316,0.33457604,570.7426464718305,0.0,0.0
1074,161100,-0.01734972,150,0.0,4054,608100,0.7044433,0.68709356,0.3308955,326.0281241708676,0.0,0.0
1074,161100,0.15231484,150,0.0,4057,608550,0.53870124,0.6910161,0.34571126,477.7898864125676,0.0,0.0
1076,161400,0.13081294,150,0.0,4059,608850,0.55150414,0.6823171,0.34895447,191.4952561866199,0.0,0.0
1077,161550,-0.18561941,150,0.0,4062,609300,0.8895493,0.7039299,0.3587965,192.4650690970185,0.0,0.0
1077,161550,0.32211736,150,0.0,4066,609900,0.3684291,0.69054645,0.33876222,520.7249396007817,0.0,0.0
1077,161550,0.1963529,150,0.0,4070,610500,0.48827106,0.68462396,0.3306126,552.9482282506095,0.0,0.0
1078,161700,-0.14750272,150,0.0,4073,610950,0.8198642,0.6723615,0.31914806,244.37859272837022,0.0,0.0
1080,162000,-0.123919964,150,0.0,4076,611400,0.8159024,0.69198245,0.35342583,199.30692721151772,0.0,0.0
1081,162150,-0.2021681,150,0.0,4078,611700,0.90580094,0.70363283,0.34998214,194.6262185298201,0.0,0.0
1081,162150,-0.21006495,150,0.0,4082,612300,0.89549714,0.6854322,0.34089798,527.5261312355676,0.0,0.0
1081,162150,0.25767598,150,0.0,4086,612900,0.42801455,0.6856905,0.3467345,532.2112956642007,0.0,0.0
1082,162300,0.26696217,150,0.0,4090,613500,0.42818063,0.6951428,0.3519464,326.64324794117005,0.0,0.0
1083,162450,-0.1430844,150,0.0,4092,613800,0.816675,0.6735906,0.32969669,200.98649069989727,0.0,0.0
1085,162750,-0.18359643,150,0.0,4095,614250,0.86443806,0.6808416,0.3072881,164.22953192102517,0.0,0.0
1085,162750,-0.023950398,150,0.0,4098,614700,0.7178383,0.6938879,0.39850795,533.4649304663474,0.0,0.0
1085,162750,0.006630063,150,0.0,4102,615300,0.6801114,0.6867415,0.35279605,506.542956012618,0.0,0.0
1086,162900,0.23502591,150,0.0,4106,615900,0.45731524,0.69234115,0.3290068,338.53061136640014,0.0,0.0
1087,163050,0.17230564,150,0.0,4108,616200,0.5118033,0.684109,0.32263163,331.19532791014626,0.0,0.0
1088,163200,0.27279195,150,0.0,4112,616800,0.41358295,0.6863749,0.33850724,213.95718649858307,0.0,0.0
1089,163350,0.13908613,150,0.0,4114,617100,0.54398495,0.6830711,0.2978554,253.76151695714762,0.0,0.0
1089,163350,-0.15389854,150,0.0,4118,617700,0.8567517,0.70285314,0.3874066,513.809707367747,0.0,0.0
1089,163350,0.36318663,150,0.0,4122,618300,0.3196955,0.68288213,0.30469036,483.8115217387961,0.0,0.0
1091,163650,0.32939488,150,0.0,4124,618600,0.34269792,0.6720928,0.31084603,187.43599529164877,0.0,0.0
1092,163800,0.2818873,150,0.0,4127,619050,0.40301752,0.6849048,0.33165628,292.9086876444418,0.0,0.0
1093,163950,0.14209986,150,0.0,4130,619500,0.55666465,0.6987645,0.3202693,394.7013103685808,0.0,0.0
1093,163950,-0.11624402,150,0.0,4133,619950,0.8039624,0.6877184,0.3886375,562.0723788831195,0.0,0.0
1093,163950,-0.027233064,150,0.0,4137,620550,0.70766234,0.6804293,0.37447947,512.0679256769901,0.0,0.0
1095,164250,-0.06999946,150,0.0,4141,621150,0.75722635,0.6872269,0.33247632,192.39144095974078,0.0,0.0
1096,164400,-0.17884761,150,0.0,4143,621450,0.8766762,0.6978286,0.35707796,365.2459237190034,0.0,0.0
1096,164400,0.34048975,150,0.0,4146,621900,0.34030938,0.6807991,0.32137424,535.0300661531907,0.0,0.0
1097,164550,0.28746715,150,0.0,4148,622200,0.38877812,0.6762453,0.32360613,275.5838814168479,0.0,0.0
1097,164550,-0.17783701,150,0.0,4152,622800,0.8583942,0.6805572,0.3243876,525.8458182365257,0.0,0.0
1097,164550,0.15585107,150,0.0,4156,623400,0.518407,0.67425805,0.34670004,536.0242509750998,0.0,0.0
1099,164850,0.19097203,150,0.0,4158,623700,0.48571277,0.6766848,0.308088,156.01948279483523,0.0,0.0
1100,165000,-0.10915142,150,0.0,4160,624000,0.79124385,0.6820924,0.35493523,189.88672211242798,0.0,0.0
1100,165000,-0.093777955,150,0.0,4164,624600,0.8065,0.71272206,0.42708373,533.2293677820927,0.0,0.0
1101,165150,-0.101414144,150,0.0,4166,624900,0.8023861,0.70097196,0.43389383,240.441361936049,0.0,0.0
1101,165150,0.13063473,150,0.0,4170,625500,0.56508744,0.69572216,0.37234333,555.2084859288544,0.0,0.0
1101,165150,0.12520385,150,0.0,4174,626100,0.558374,0.68357784,0.30100176,486.7694345496916,0.0,0.0
1104,165600,0.33833554,150,0.0,4176,626400,0.34446737,0.6828029,0.34446737,164.48517596886538,0.0,0.0
1104,165600,0.036236465,150,0.0,4178,626700,0.63851804,0.6747545,0.3168136,531.4174073676769,0.0,0.0
1105,165750,-0.0016506314,150,0.0,4182,627300,0.7060938,0.70444316,0.3853617,225.236954226619,0.0,0.0
1105,165750,-0.20921558,150,0.0,4186,627900,0.8887596,0.67954403,0.33948314,544.96393156352,0.0,0.0
1105,165750,0.23087782,150,0.0,4190,628500,0.46904236,0.6999202,0.37611705,543.9857230309507,0.0,0.0
1106,165900,0.24778926,150,0.0,4193,628950,0.44864732,0.6964366,0.32438767,265.42554448160763,0.0,0.0
1108,166200,-0.18143052,150,0.0,4194,629100,0.86148345,0.68005294,0.3477169,128.65102885757946,0.0,0.0
1108,166200,0.14255476,150,0.0,4197,629550,0.5536682,0.69622296,0.33270788,533.4685491741631,0.0,0.0
1109,166350,-0.11710644,150,0.0,4199,629850,0.80459803,0.6874916,0.36653328,233.94974182239255,0.0,0.0
1109,166350,0.31485665,150,0.0,4203,630450,0.3579176,0.67277426,0.31496024,526.9685131703264,0.0,0.0
1109,166350,-0.11893588,150,0.0,4207,631050,0.8009383,0.6820024,0.41938806,555.5747278181386,0.0,0.0
1110,166500,-0.17030412,150,0.0,4210,631500,0.8442351,0.673931,0.33674037,279.83468221873113,0.0,0.0
1112,166800,0.18141598,150,0.0,4212,631800,0.5092958,0.6907118,0.31325394,166.46150866537232,0.0,0.0
1112,166800,0.23719999,150,0.0,4216,632400,0.4494013,0.6866013,0.33815956,546.9960867096801,0.0,0.0
1113,166950,-0.08052343,150,0.0,4218,632700,0.8015405,0.72101706,0.5573166,302.798772528983,0.0,0.0
1113,166950,-0.15861112,150,0.0,4222,633300,0.84830797,0.68969685,0.36735582,543.2717249764263,0.0,0.0
1113,166950,-0.18052274,150,0.0,4226,633900,0.8784919,0.69796914,0.37724602,545.5139477052097,0.0,0.0
1116,167400,-0.17091143,150,0.0,4228,634200,0.87233245,0.701421,0.3786482,168.8102303766629,0.0,0.0
1116,167400,0.22255781,150,0.0,4231,634650,0.45877197,0.6813298,0.312478,344.14406726815037,0.0,0.0
1116,167400,-0.5415722,150,0.0,4235,635250,1.2256945,0.6841223,0.3484478,483.93991303404715,0.0,0.0
1117,167550,-0.1121003,150,0.0,4237,635550,0.79447484,0.68237454,0.50824356,401.35651348475454,0.0,0.0
1117,167550,0.34478012,150,0.0,4241,636150,0.33275208,0.6775322,0.3237932,563.8945429612401,0.0,0.0
1117,167550,-0.1281972,150,0.0,4245,636750,0.8273999,0.6992027,0.40959573,452.1985130496283,0.0,0.0
1120,168000,-0.11556202,150,0.0,4247,637050,0.8053808,0.6898188,0.47600144,169.27851306156384,0.0,0.0
1120,168000,0.11572337,150,0.0,4251,637650,0.5624999,0.67822325,0.4339839,535.5602033806543,0.0,0.0
1121,168150,0.29839638,150,0.0,4253,637950,0.3908902,0.6892866,0.30730236,198.2372625011816,0.0,0.0
1121,168150,-0.16365403,150,0.0,4257,638550,0.8476376,0.68398356,0.3523107,538.2073885873401,0.0,0.0
1121,168150,-0.12874854,150,0.0,4261,639150,0.8108406,0.6820921,0.42072564,565.9076803514472,0.0,0.0
1123,168450,-0.1270976,150,0.0,4263,639450,0.8215972,0.6944996,0.37030655,171.29200515554015,0.0,0.0
1124,168600,0.27155432,150,0.0,4265,639750,0.42067334,0.69222766,0.35105306,324.26658750001934,0.0,0.0
1125,168750,0.14427531,150,0.0,4269,640350,0.56155765,0.70583296,0.3921801,232.76085195174198,0.0,0.0
1125,168750,-0.10913789,150,0.0,4272,640800,0.79741216,0.68827426,0.5265732,513.8101269854492,0.0,0.0
1125,168750,0.2667141,150,0.0,4275,641250,0.43143916,0.69815326,0.32189193,479.5664320206113,0.0,0.0
1126,168900,0.359347,150,0.0,4278,641700,0.32309735,0.68244433,0.31278747,343.976984572184,0.0,0.0
1128,169200,0.33573064,150,0.0,4280,642000,0.35283676,0.6885674,0.3165954,161.03592010473872,0.0,0.0
1129,169350,0.001822114,150,0.0,4284,642600,0.67755157,0.6793737,0.38569507,361.38083309735094,0.0,0.0
1129,169350,0.3016083,150,0.0,4286,642900,0.37719312,0.6788014,0.32869497,523.7136606854483,0.0,0.0
1129,169350,0.10430843,150,0.0,4290,643500,0.5812337,0.6855421,0.32386804,551.8685505970029,0.0,0.0
1129,169350,0.25493982,150,0.0,4294,644100,0.4346948,0.6896346,0.31201988,547.308240693781,0.0,0.0
1132,169800,0.31573957,150,0.0,4297,644550,0.37651688,0.69225645,0.33253804,119.85860338936554,0.0,0.0
1132,169800,0.11250228,150,0.0,4300,645000,0.56912005,0.6816223,0.334167,510.6759330057322,0.0,0.0
1133,169950,-0.062969446,150,0.0,4302,645300,0.7543945,0.691425,0.32651895,287.1629525934764,0.0,0.0
1133,169950,-0.054489315,150,0.0,4306,645900,0.7529145,0.6984252,0.4253506,544.9969767897145,0.0,0.0
1133,169950,-0.16604322,150,0.0,4310,646500,0.85132605,0.6852828,0.3888269,533.7183586317237,0.0,0.0
1134,170100,0.2635404,150,0.0,4313,646950,0.42450976,0.68805015,0.34633598,267.57578850668574,0.0,0.0
1136,170400,0.4011704,150,0.0,4315,647250,0.33972457,0.740895,0.33530527,160.27072095962876,0.0,0.0
1137,170550,-0.120295525,150,0.0,4319,647850,0.809244,0.68894845,0.50735104,224.45437031751695,0.0,0.0
1137,170550,0.31905517,150,0.0,4322,648300,0.37052342,0.6895786,0.3348169,502.1214309942337,0.0,0.0
1137,170550,0.009731889,150,0.0,4326,648900,0.67001045,0.67974234,0.41049513,602.9082392445555,0.0,0.0
1138,170700,-0.093526244,150,0.0,4329,649350,0.79010636,0.6965801,0.48132312,240.49954223918624,0.0,0.0
1140,171000,0.07095313,150,0.0,4331,649650,0.634465,0.7054181,0.48633835,141.84478647154484,0.0,0.0
1141,171150,-0.20605558,150,0.0,4335,650250,0.8877108,0.6816552,0.42570725,509.5484615035733,0.0,0.0
1141,171150,-0.041262507,150,0.0,4338,650700,0.73247755,0.69121504,0.44155067,559.9662495928056,0.0,0.0
1141,171150,0.2304267,150,0.0,4342,651300,0.465454,0.6958807,0.31844193,535.550629743506,0.0,0.0
1141,171150,0.31424356,150,0.0,4346,651900,0.38127708,0.69552064,0.35486397,514.090164764946,0.0,0.0
1144,171600,-0.15133363,150,0.0,4349,652350,0.83684313,0.6855095,0.4103269,176.5444909820393,0.0,0.0
1144,171600,-0.20052403,150,0.0,4351,652650,0.8928007,0.69227666,0.4416627,506.5478500450071,0.0,0.0
1145,171750,-0.15227574,150,0.0,4353,652950,0.83931196,0.6870362,0.40232146,250.7224435516877,0.0,0.0
1145,171750,0.10639167,150,0.0,4357,653550,0.5865188,0.6929105,0.34613287,523.3964813268067,0.0,0.0
1145,171750,0.24824348,150,0.0,4361,654150,0.4346985,0.682942,0.3270502,483.0871106251497,0.0,0.0
1146,171900,0.3416754,150,0.0,4364,654600,0.3473389,0.6890143,0.30553252,364.7635325521045,0.0,0.0
1148,172200,0.3173636,150,0.0,4366,654900,0.3792654,0.696629,0.36235264,154.22155503675458,0.0,0.0
1149,172350,-0.7643673,150,0.0,4370,655500,1.4525803,0.68821305,0.6053805,416.6190546194281,0.0,0.0
1149,172350,-0.14782667,150,0.0,4372,655800,0.84480226,0.6969756,0.47892776,551.3095171330829,0.0,0.0
1149,172350,-0.053879023,150,0.0,4376,656400,0.74776167,0.69388264,0.42285958,514.0074231965497,0.0,0.0
1149,172350,-0.12562323,150,0.0,4380,657000,0.8093791,0.6837559,0.45864052,551.7475562976748,0.0,0.0
1151,172650,0.1823133,150,0.0,4383,657450,0.49467954,0.67699283,0.46454686,312.7863209280196,0.0,0.0
1152,172800,0.31420827,150,0.0,4385,657750,0.36796987,0.68217814,0.31121755,135.87345657882432,0.0,0.0
1153,172950,0.18523565,150,0.0,4387,658050,0.49689987,0.6821355,0.32281572,178.2730108103651,0.0,0.0
1153,172950,-0.004254341,150,0.0,4391,658650,0.6777468,0.67349243,0.30933613,541.9949758613917,0.0,0.0
1153,172950,0.36545295,150,0.0,4395,659250,0.31045395,0.6759069,0.307385,515.0935796040674,0.0,0.0
1155,173250,0.22564909,150,0.0,4399,659850,0.45526585,0.68091494,0.34717238,161.21963513344178,0.0,0.0
1156,173400,0.024006248,150,0.0,4401,660150,0.651145,0.6751512,0.31821585,188.9314778890217,0.0,0.0
1157,173550,0.026101649,150,0.0,4403,660450,0.66269135,0.688793,0.34610727,359.14421297974474,0.0,0.0
1157,173550,0.21853504,150,0.0,4407,661050,0.4679931,0.68652815,0.3316147,563.7970155245773,0.0,0.0
1157,173550,0.052877903,150,0.0,4411,661650,0.62769854,0.68057644,0.3215516,497.64492037150995,0.0,0.0
1158,173700,0.22259289,150,0.0,4415,662250,0.4642679,0.6868608,0.3271693,209.12643936437615,0.0,0.0
1160,174000,-0.30389768,150,0.0,4417,662550,0.9887254,0.68482774,0.6440471,182.91211260824642,0.0,0.0
1161,174150,0.35608676,150,0.0,4420,663000,0.33243772,0.6885245,0.32681268,254.12929157960343,0.0,0.0
1161,174150,0.047414184,150,0.0,4423,663450,0.6426875,0.6901017,0.33442077,509.21316849112725,0.0,0.0
1161,174150,0.28812394,150,0.0,4427,664050,0.38770488,0.6758288,0.3313646,532.2779353749238,0.0,0.0
1162,174300,0.021915615,150,0.0,4430,664500,0.659715,0.6816306,0.32447925,211.30278828263016,0.0,0.0
1164,174600,0.0067554116,150,0.0,4432,664800,0.67669785,0.68345326,0.34377155,189.84558172545087,0.0,0.0
1165,174750,0.23147932,150,0.0,4435,665250,0.45435688,0.6858362,0.32179582,260.01641567870894,0.0,0.0
1165,174750,0.16275185,150,0.0,4438,665700,0.5069052,0.66965705,0.31991443,531.1634684630302,0.0,0.0
1165,174750,0.17633271,150,0.0,4442,666300,0.5035102,0.6798429,0.32803017,543.3627493146922,0.0,0.0
1165,174750,0.056398094,150,0.0,4446,666900,0.6207143,0.6771124,0.3102304,519.9885612460969,0.0,0.0
1168,175200,0.32289383,150,0.0,4448,667200,0.35802355,0.6809174,0.31109604,133.6394079168866,0.0,0.0
1168,175200,0.22626111,150,0.0,4451,667650,0.48450288,0.710764,0.35439643,515.8516757199959,0.0,0.0
1169,175350,0.24582776,150,0.0,4453,667950,0.45414338,0.69997114,0.34108266,203.11779849307914,0.0,0.0
1169,175350,0.36231884,150,0.0,4456,668400,0.31371453,0.6760334,0.3067793,530.1639841577484,0.0,0.0
1169,175350,0.32440773,150,0.0,4460,669000,0.3595009,0.68390864,0.31813252,476.31620985466253,0.0,0.0
1171,175650,0.34458044,150,0.0,4462,669300,0.338757,0.68333745,0.3267044,146.6329652042889,0.0,0.0
1172,175800,0.2468932,150,0.0,4464,669600,0.42847303,0.6753662,0.29899693,212.53669547803608,0.0,0.0
1173,175950,0.17748737,150,0.0,4466,669900,0.5065237,0.6840111,0.41433868,199.19933434060331,0.0,0.0
1173,175950,0.0083498955,150,0.0,4469,670350,0.6808073,0.6891572,0.44167122,527.575233349797,0.0,0.0
1173,175950,-1.2017376,150,0.0,4473,670950,1.9001824,0.69844466,0.3610374,566.6472423995425,0.0,0.0
1175,176250,0.2520154,150,0.0,4475,671250,0.42096907,0.6729845,0.31843305,170.47401401302673,0.0,0.0
1176,176400,0.331165,150,0.0,4477,671550,0.36183622,0.6930012,0.3491718,345.2761350315451,0.0,0.0
1176,176400,0.087394655,150,0.0,4479,671850,0.60017484,0.6875695,0.43904617,273.9248217723754,0.0,0.0
1177,176550,-0.69420236,150,0.0,4481,672150,1.383785,0.68958265,0.37872607,445.6955350084018,0.0,0.0
1177,176550,0.27698687,150,0.0,4485,672750,0.39785329,0.67484015,0.38572878,532.7259348700627,0.0,0.0
1179,176850,0.09156084,150,0.0,4489,673350,0.59957075,0.6911316,0.43993318,223.4859577442875,0.0,0.0
1179,176850,0.17068279,150,0.0,4491,673650,0.5113646,0.68204737,0.32787567,364.81767976304513,0.0,0.0
1180,177000,0.32474795,150,0.0,4493,673950,0.3652816,0.69002956,0.33027866,523.7097371652134,0.0,0.0
1181,177150,0.2677046,150,0.0,4495,674250,0.41790605,0.68561065,0.3263139,231.375068541413,0.0,0.0
1181,177150,0.086851776,150,0.0,4498,674700,0.59025776,0.67710954,0.36732042,300.80136165980974,0.0,0.0
1181,177150,0.17212546,150,0.0,4501,675150,0.5195697,0.69169515,0.3607898,527.0766748404684,0.0,0.0
1183,177450,0.0979116,150,0.0,4503,675450,0.61184293,0.7097545,0.37112686,165.92941429658782,0.0,0.0
1184,177600,0.087739706,150,0.0,4506,675900,0.60343254,0.69117224,0.41670272,262.9933589689033,0.0,0.0
1185,177750,0.1557818,150,0.0,4508,676200,0.5243895,0.6801713,0.40063778,157.2691003989561,0.0,0.0
1185,177750,0.105439484,150,0.0,4511,676650,0.59771985,0.70315933,0.44731948,500.61436390936285,0.0,0.0
1185,177750,0.14741951,150,0.0,4515,677250,0.5449264,0.6923459,0.37153712,528.4033816709136,0.0,0.0
1186,177900,-1.3894765,150,0.0,4517,677550,2.1001701,0.7106936,0.3681842,212.36286946891528,0.0,0.0
1187,178050,0.18005079,150,0.0,4519,677850,0.55959296,0.73964375,0.3532613,333.0918755509436,0.0,0.0
1188,178200,0.082840085,150,0.0,4521,678150,0.6173357,0.70017576,0.44854477,194.8001330155327,0.0,0.0
1189,178350,0.15604824,150,0.0,4523,678450,0.5285475,0.68459576,0.32689664,404.9173522602868,0.0,0.0
1189,178350,0.22730783,150,0.0,4526,678900,0.46897647,0.6962843,0.34849668,491.2720611316476,0.0,0.0
1189,178350,0.34441265,150,0.0,4529,679350,0.3329408,0.67735344,0.30445132,472.8402252573527,0.0,0.0
1191,178650,0.025689006,150,0.0,4532,679800,0.652895,0.678584,0.3835956,135.21882326239964,0.0,0.0
1192,178800,0.09224093,150,0.0,4534,680100,0.5833565,0.6755974,0.39486083,238.63642311787314,0.0,0.0
1193,178950,0.06751174,150,0.0,4536,680400,0.6119494,0.6794611,0.33020937,233.9689692835252,0.0,0.0
1193,178950,0.06787568,150,0.0,4539,680850,0.6273978,0.69527346,0.4851553,297.3346736290207,0.0,0.0
1194,179100,-0.82461524,150,0.0,4543,681450,1.5072575,0.6826422,0.3518192,431.15434905962945,0.0,0.0
1195,179250,-0.988175,150,0.0,4545,681750,1.6888142,0.7006392,0.46823847,172.21602223782483,0.0,0.0
1197,179550,0.08381146,150,0.0,4548,682200,0.6027182,0.68652964,0.45178956,168.44017126052975,0.0,0.0
1197,179550,0.07689911,150,0.0,4550,682500,0.62631595,0.70321506,0.4821475,345.1070050382739,0.0,0.0
1197,179550,0.12110895,150,0.0,4554,683100,0.5708796,0.6919885,0.44779295,308.3596611867482,0.0,0.0
1198,179700,0.17351663,150,0.0,4556,683400,0.519892,0.6934086,0.34665194,189.4818824658989,0.0,0.0
1199,179850,-1.409174,150,0.0,4558,683700,2.0862062,0.67703223,0.3510342,384.5231335844481,0.0,0.0
1201,180150,-0.8023924,150,0.0,4562,684300,1.4794697,0.67707723,0.38525385,177.99838056130358,0.0,0.0
1201,180150,0.08379418,150,0.0,4564,684600,0.5930207,0.67681485,0.4513438,321.3225004443337,0.0,0.0
1201,180150,0.11105579,150,0.0,4567,685050,0.591094,0.7021498,0.45243928,334.0226020975375,0.0,0.0
1203,180450,0.073008716,150,0.0,4570,685500,0.6020405,0.67504925,0.42791072,144.2016834458106,0.0,0.0
1203,180450,0.11173719,150,0.0,4572,685800,0.577526,0.68926316,0.43875486,508.064238697783,0.0,0.0
1205,180750,-0.16786617,150,0.0,4574,686100,0.8579697,0.69010353,0.6131847,177.23045303310852,0.0,0.0
1205,180750,0.10347229,150,0.0,4575,686250,0.56748116,0.67095345,0.42394045,145.35614873631798,0.0,0.0
1205,180750,0.05002588,150,0.0,4578,686700,0.6373734,0.68739927,0.45908782,316.20155420571365,0.0,0.0
1205,180750,0.061342657,150,0.0,4582,687300,0.6231269,0.6844696,0.44172573,296.76049329141597,0.0,0.0
1207,181050,-0.16505855,150,0.0,4583,687450,0.8524926,0.687434,0.39871842,143.5643408464685,0.0,0.0
1207,181050,-1.3603384,150,0.0,4585,687750,2.0459528,0.68561435,0.38366377,490.5377747525853,0.0,0.0
1209,181350,-0.37862933,150,0.0,4588,688200,1.0644245,0.6857952,0.39895973,270.43520535208836,0.0,0.0
1209,181350,0.0029063225,150,0.0,4589,688350,0.6883438,0.69125015,0.47418034,141.89302839481698,0.0,0.0
1209,181350,0.13555235,150,0.0,4593,688950,0.54397637,0.6795287,0.40191647,528.0441540827084,0.0,0.0
1210,181500,0.21371087,150,0.0,4596,689400,0.47020206,0.68391293,0.37252706,180.4684783918214,0.0,0.0
1211,181650,0.27125818,150,0.0,4597,689550,0.41915375,0.6904119,0.32813624,122.44343653633383,0.0,0.0
1212,181800,0.08081293,150,0.0,4600,690000,0.60217124,0.6829842,0.30369803,155.75385989555767,0.0,0.0
1213,181950,0.07492864,150,0.0,4601,690150,0.60543126,0.6803599,0.44848442,109.23565585084606,0.0,0.0
1213,181950,0.05928397,150,0.0,4604,690600,0.62123805,0.680522,0.380059,315.6338030288816,0.0,0.0
1215,182250,0.16332811,150,0.0,4606,690900,0.5120027,0.6753308,0.4030287,237.52762648911212,0.0,0.0
1215,182250,0.11667776,150,0.0,4607,691050,0.58472145,0.7013992,0.43162358,117.87483203444971,0.0,0.0
1217,182550,0.14720929,150,0.0,4610,691500,0.53072274,0.677932,0.4038822,162.7139684899345,0.0,0.0
1217,182550,0.12721092,150,0.0,4611,691650,0.5522337,0.6794446,0.39531806,121.35603368326191,0.0,0.0
1218,182700,0.116303265,150,0.0,4614,692100,0.5601694,0.67647266,0.39894012,167.89443191828502,0.0,0.0
1219,182850,0.05099976,150,0.0,4615,692250,0.65492105,0.7059208,0.47061986,136.86906054499568,0.0,0.0
1219,182850,-0.9186277,150,0.0,4618,692700,1.627969,0.70934135,0.44794887,435.9720515810897,0.0,0.0
1221,183150,0.13999349,150,0.0,4621,693150,0.5397171,0.67971057,0.39371225,100.93140210203167,0.0,0.0
1221,183150,0.09880257,150,0.0,4625,693750,0.5881383,0.68694085,0.44163185,501.78062984816074,0.0,0.0
1223,183450,0.35740677,150,0.0,4628,694200,0.32201877,0.67942554,0.32201877,120.1334719608635,0.0,0.0
1223,183450,0.07741523,150,0.0,4631,694650,0.5976971,0.6751123,0.41084445,548.7364973594351,0.0,0.0
1224,183600,-0.60236114,150,0.0,4634,695100,1.3075664,0.70520526,0.372775,413.3872298820969,0.0,0.0
1225,183750,-0.89964104,150,0.0,4635,695250,1.5804318,0.6807908,0.25150773,129.6511850755533,0.0,0.0
1225,183750,0.32573763,150,0.0,4638,695700,0.3600637,0.6858013,0.35924453,469.4328191161932,0.0,0.0
1225,183750,0.027823806,150,0.0,4642,696300,0.666073,0.69389683,0.4370271,540.6814619255837,0.0,0.0
1227,184050,-0.90409464,150,0.0,4644,696600,1.5992901,0.6951955,0.43020517,212.42238163906885,0.0,0.0
1227,184050,0.039832175,150,0.0,4647,697050,0.64492005,0.6847522,0.4376292,290.59198687511775,0.0,0.0
1229,184350,0.021344483,150,0.0,4649,697350,0.65892553,0.68027,0.40105462,146.89281524156408,0.0,0.0
1229,184350,0.04155284,150,0.0,4652,697800,0.6430802,0.684633,0.41378558,533.1177629488402,0.0,0.0
1229,184350,0.0068603754,150,0.0,4656,698400,0.67604923,0.6829096,0.4118985,550.0442818687386,0.0,0.0
1231,184650,0.031620264,150,0.0,4658,698700,0.67167836,0.7032986,0.43789116,224.4157800906159,0.0,0.0
1231,184650,0.052915215,150,0.0,4659,698850,0.63743657,0.6903518,0.42391917,143.3932110252749,0.0,0.0
1232,184800,0.078574955,150,0.0,4663,699450,0.618423,0.69699794,0.4305211,244.67349675347907,0.0,0.0
1233,184950,-0.005659759,150,0.0,4665,699750,0.6861239,0.68046415,0.39574748,219.31200073621582,0.0,0.0
1233,184950,0.085715234,150,0.0,4669,700350,0.59279406,0.6785093,0.40507284,307.19895000358883,0.0,0.0
1235,185250,-1.5013355,150,0.0,4671,700650,2.189635,0.68829954,0.42655447,162.5219218199896,0.0,0.0
1235,185250,0.2978537,150,0.0,4672,700800,0.383457,0.6813107,0.33946064,116.19735829465448,0.0,0.0
1236,185400,0.3528715,150,0.0,4674,701100,0.3283184,0.6811899,0.32535455,178.80337459448168,0.0,0.0
1237,185550,0.10612172,150,0.0,4676,701400,0.5892578,0.6953795,0.4373853,398.0480546028444,0.0,0.0
1237,185550,0.112021565,150,0.0,4679,701850,0.57479143,0.686813,0.417576,315.896723166792,0.0,0.0
1238,185700,-1.2591577,150,0.0,4682,702300,1.9383606,0.67920285,0.38472512,194.75774060248247,0.0,0.0
1239,185850,0.119598866,150,0.0,4684,702600,0.57035655,0.6899554,0.40588626,379.41959221531573,0.0,0.0
1240,186000,0.03999108,150,0.0,4687,703050,0.657388,0.69737905,0.41130808,192.12306711360824,0.0,0.0
1241,186150,-0.45344162,150,0.0,4689,703350,1.1343582,0.68091655,0.2411602,281.8534226513805,0.0,0.0
1241,186150,0.17819291,150,0.0,4693,703950,0.5134016,0.69159454,0.34282285,528.4677394291014,0.0,0.0
1242,186300,0.053179204,150,0.0,4696,704400,0.63955057,0.6927298,0.45249477,176.7465981344486,0.0,0.0
1243,186450,-1.4193196,150,0.0,4698,704700,2.0986204,0.6793007,0.3938871,288.9619572481205,0.0,0.0
1244,186600,0.24253502,150,0.0,4702,705300,0.44379106,0.6863261,0.32384065,162.81401729414486,0.0,0.0
1245,186750,-0.16569495,150,0.0,4704,705600,0.84501296,0.679318,0.3113754,311.13814600623715,0.0,0.0
1245,186750,0.108573794,150,0.0,4707,706050,0.5636093,0.6721831,0.3194729,340.24404291599,0.0,0.0
1246,186900,-1.5011599,150,0.0,4709,706350,2.188018,0.6868582,0.31689548,184.03194687065988,0.0,0.0
1247,187050,0.09568483,150,0.0,4711,706650,0.58635443,0.68203926,0.32963002,192.08998355858228,0.0,0.0
1249,187350,0.36416113,150,0.0,4713,706950,0.3261481,0.6903092,0.32409388,135.48937709768805,0.0,0.0
1249,187350,0.38574597,150,0.0,4715,707250,0.31303456,0.69878054,0.31272063,287.7751756440281,0.0,0.0
1249,187350,0.16445798,150,0.0,4718,707700,0.51918924,0.6836472,0.36027867,480.4882891854821,0.0,0.0
1250,187500,0.081537664,150,0.0,4720,708000,0.607825,0.68936265,0.3433598,225.8491074024748,0.0,0.0
1251,187650,0.10997659,150,0.0,4722,708300,0.5661676,0.6761442,0.4180555,134.77237201676274,0.0,0.0
1253,187950,0.28241953,150,0.0,4725,708750,0.39545128,0.6778708,0.3723136,112.33134111864693,0.0,0.0
1253,187950,0.15967762,150,0.0,4728,709200,0.5493239,0.70900154,0.4377052,530.86318290628,0.0,0.0
1253,187950,0.1587556,150,0.0,4732,709800,0.52085227,0.67960787,0.32235402,487.03132148472247,0.0,0.0
1255,188250,0.16405225,150,0.0,4734,710100,0.5233906,0.68744284,0.33177024,168.86813672308438,0.0,0.0
1255,188250,0.34312406,150,0.0,4736,710400,0.3499075,0.69303155,0.32883286,320.31313163197666,0.0,0.0
1256,188400,0.17185801,150,0.0,4738,710700,0.5257686,0.6976266,0.3676853,196.26612893665845,0.0,0.0
1257,188550,0.28150702,150,0.0,4740,711000,0.39608395,0.67759097,0.34285346,224.2880147047552,0.0,0.0
1257,188550,0.37692317,150,0.0,4744,711600,0.31411877,0.69104195,0.3127025,319.84772874242,0.0,0.0
1259,188850,0.19753551,150,0.0,4747,712050,0.4954285,0.692964,0.35458678,208.07233023788507,0.0,0.0
1259,188850,0.16851223,150,0.0,4749,712350,0.5309441,0.69945633,0.34862286,536.8809910458052,0.0,0.0
1261,189150,0.12003994,150,0.0,4751,712650,0.5788852,0.69892514,0.44657877,166.03266893411111,0.0,0.0
1261,189150,0.17189157,150,0.0,4754,713100,0.5096134,0.68150496,0.4103577,317.30879508562583,0.0,0.0
1261,189150,0.23586887,150,0.0,4758,713700,0.45786804,0.6937369,0.35455385,506.4300117120054,0.0,0.0
1263,189450,0.034701288,150,0.0,4760,714000,0.6469209,0.6816222,0.44877562,151.5030731872241,0.0,0.0
1263,189450,-0.8985738,150,0.0,4762,714300,1.603848,0.70527416,0.37471956,480.0366238879309,0.0,0.0
1264,189600,0.0853014,150,0.0,4764,714600,0.5967219,0.6820233,0.33364147,275.6432853456989,0.0,0.0
1265,189750,0.3187466,150,0.0,4765,714750,0.35702124,0.67576784,0.31641868,130.6206241058243,0.0,0.0
1265,189750,0.19313407,150,0.0,4768,715200,0.50680953,0.6999436,0.3509159,531.3271998527154,0.0,0.0
1265,189750,0.19835362,150,0.0,4772,715800,0.4869524,0.685306,0.32056168,351.70001173925436,0.0,0.0
1267,190050,-1.0339534,150,0.0,4774,716100,1.73101,0.6970565,0.34528503,147.45398402756211,0.0,0.0
1269,190350,0.116684616,150,0.0,4776,716400,0.5659397,0.68262434,0.3347482,134.42035503545185,0.0,0.0
1269,190350,0.03687799,150,0.0,4778,716700,0.6427505,0.6796285,0.46103126,447.1336058629885,0.0,0.0
1269,190350,0.025365174,150,0.0,4781,717150,0.6596258,0.684991,0.33509415,416.12360442351445,0.0,0.0
1270,190500,0.19560379,150,0.0,4784,717600,0.505145,0.7007488,0.35154644,197.896616184826,0.0,0.0
1271,190650,0.075353265,150,0.0,4785,717750,0.631077,0.70643026,0.36220995,134.0810011337772,0.0,0.0
1273,190950,0.13427901,150,0.0,4788,718200,0.55966777,0.6939468,0.40832287,168.1082419974012,0.0,0.0
1273,190950,0.14984655,150,0.0,4790,718500,0.5200743,0.66992086,0.36352682,226.73269824429136,0.0,0.0
1273,190950,0.18602663,150,0.0,4793,718950,0.5098556,0.69588226,0.3479836,503.0420202737387,0.0,0.0
1275,191250,0.13905692,150,0.0,4796,719400,0.5412029,0.6802598,0.4085428,187.6763085304945,0.0,0.0
1275,191250,0.19202787,150,0.0,4798,719700,0.4859479,0.6779758,0.32900038,537.085402426313,0.0,0.0
1277,191550,0.15727466,150,0.0,4801,720150,0.5133161,0.67059076,0.3712362,157.5099854243098,0.0,0.0
1277,191550,0.33162498,150,0.0,4803,720450,0.3486424,0.6802674,0.31649715,498.3520957628488,0.0,0.0
1277,191550,0.094628155,150,0.0,4806,720900,0.58984405,0.6844722,0.43116072,501.80504320985193,0.0,0.0
1278,191700,0.25285223,150,0.0,4809,721350,0.42813691,0.68098915,0.3065803,289.8062478638069,0.0,0.0
1279,191850,0.38056344,150,0.0,4810,721500,0.3097753,0.69033873,0.30864707,103.88791024576602,0.0,0.0
1280,192000,0.12059772,150,0.0,4812,721800,0.5652375,0.68583524,0.32932794,175.32321394235458,0.0,0.0
1281,192150,0.19408289,150,0.0,4813,721950,0.4852794,0.6793623,0.33214015,125.40864987868675,0.0,0.0
1281,192150,0.32770476,150,0.0,4816,722400,0.3692161,0.6969209,0.3692161,326.05853806176367,0.0,0.0
1281,192150,0.18851167,150,0.0,4819,722850,0.5045998,0.6931115,0.34614643,527.8912980183906,0.0,0.0
1283,192450,0.34574524,150,0.0,4822,723300,0.33835647,0.6841017,0.33835647,117.13766895618743,0.0,0.0
1284,192600,0.16419399,150,0.0,4824,723600,0.5108702,0.6750642,0.31401655,214.63089130352463,0.0,0.0
1285,192750,0.3728582,150,0.0,4825,723750,0.31126252,0.6841207,0.31100187,130.5594724708815,0.0,0.0
1285,192750,0.35270977,150,0.0,4828,724200,0.31730336,0.6700131,0.31718144,331.43645241721407,0.0,0.0
1285,192750,0.30606428,150,0.0,4831,724650,0.38215348,0.68821776,0.32106832,493.4544958281764,0.0,0.0
1287,193050,-0.22618645,150,0.0,4834,725100,0.9190778,0.69289136,0.37138125,226.2348702237373,0.0,0.0
1287,193050,0.16387588,150,0.0,4835,725250,0.5242412,0.6881171,0.37832832,149.20189530300658,0.0,0.0
1289,193350,-0.19198835,150,0.0,4839,725850,0.8915347,0.69954634,0.36995986,138.6620424357525,0.0,0.0
1289,193350,0.18594772,150,0.0,4842,726300,0.50373393,0.68968165,0.33495268,516.730811876309,0.0,0.0
1289,193350,0.19366488,150,0.0,4846,726900,0.49952635,0.69319123,0.3440433,484.9792216381721,0.0,0.0
1290,193500,0.19622895,150,0.0,4849,727350,0.47625306,0.672482,0.34172726,168.0810256928131,0.0,0.0
1291,193650,-1.4601552,150,0.0,4850,727500,2.1388679,0.6787126,0.31913322,141.70411909941183,0.0,0.0
1293,193950,0.063182235,150,0.0,4852,727800,0.6201513,0.6833335,0.36962357,179.9973907848931,0.0,0.0
1293,193950,0.041641355,150,0.0,4854,728100,0.63113624,0.6727776,0.33321512,276.33665036262437,0.0,0.0
1293,193950,0.24729812,150,0.0,4857,728550,0.43099785,0.67829597,0.31793302,356.41321675445585,0.0,0.0
1295,194250,0.17889547,150,0.0,4861,729150,0.506013,0.68490845,0.3530452,161.46167789408256,0.0,0.0
1295,194250,0.25846547,150,0.0,4863,729450,0.43062294,0.6890884,0.33991042,462.133032661351,0.0,0.0
1297,194550,0.078470945,150,0.0,4865,729750,0.6150484,0.69351935,0.32675898,145.11174247404162,0.0,0.0
1297,194550,0.11169535,150,0.0,4867,730050,0.56964445,0.6813398,0.34982458,466.45911938960637,0.0,0.0
1297,194550,0.2972978,150,0.0,4870,730500,0.39242962,0.6897274,0.36169767,311.94389284306504,0.0,0.0
1299,194850,0.33152044,150,0.0,4873,730950,0.3489185,0.68043894,0.3216718,146.02376921050524,0.0,0.0
1299,194850,0.18388808,150,0.0,4875,731250,0.5035004,0.6873885,0.33374873,450.33445163174457,0.0,0.0
1301,195150,-0.29331332,150,0.0,4877,731550,0.9794025,0.68608916,0.3570551,127.30810922814707,0.0,0.0
1301,195150,0.30608156,150,0.0,4879,731850,0.38157144,0.687653,0.32506004,447.2013027676705,0.0,0.0
1301,195150,0.2808309,150,0.0,4882,732300,0.40332702,0.6841579,0.3145373,322.7706914056668,0.0,0.0
1303,195450,0.20541847,150,0.0,4886,732900,0.49151367,0.69693214,0.35339892,161.69621972849032,0.0,0.0
1303,195450,0.142434,150,0.0,4888,733200,0.5488476,0.6912816,0.41311467,472.2943011249113,0.0,0.0
1305,195750,0.29616168,150,0.0,4890,733500,0.4106278,0.7067895,0.3816184,139.83573881084004,0.0,0.0
1305,195750,0.07842773,150,0.0,4893,733950,0.6026759,0.68110365,0.41683808,298.053201317005,0.0,0.0
1306,195900,0.079241276,150,0.0,4896,734400,0.6048901,0.6841314,0.33699092,265.8171499841983,0.0,0.0
1307,196050,0.34834027,150,0.0,4898,734700,0.3387738,0.68711406,0.33189407,175.05481370019743,0.0,0.0
1309,196350,0.09993601,150,0.0,4901,735150,0.5867127,0.6866487,0.45414224,111.79108824316984,0.0,0.0
1309,196350,0.36769852,150,0.0,4904,735600,0.31998482,0.68768334,0.31685013,317.9929734256799,0.0,0.0
1309,196350,0.26330763,150,0.0,4907,736050,0.42123407,0.6845417,0.39686397,323.3827153132797,0.0,0.0
1311,196650,0.086315274,150,0.0,4909,736350,0.6026065,0.68892175,0.41741475,121.3986050688493,0.0,0.0
1312,196800,0.28224668,150,0.0,4911,736650,0.41068617,0.69293284,0.3485533,150.0553096553629,0.0,0.0
1313,196950,0.3522277,150,0.0,4913,736950,0.31763542,0.6698631,0.31698963,256.0689769135403,0.0,0.0
1313,196950,-0.7662341,150,0.0,4917,737550,1.4543818,0.6881477,0.30583203,407.15178781752434,0.0,0.0
1315,197250,-0.8357014,150,0.0,4919,737850,1.579155,0.74345356,0.32192424,171.89469910908662,0.0,0.0
1315,197250,0.10274899,150,0.0,4920,738000,0.5687623,0.6715113,0.3690542,119.8160325885129,0.0,0.0
1316,197400,0.30691662,150,0.0,4922,738300,0.3816701,0.6885867,0.3816701,263.54021409257797,0.0,0.0
1317,197550,0.20734534,150,0.0,4924,738600,0.48186836,0.6892137,0.41806728,291.61686610838126,0.0,0.0
1317,197550,0.31145808,150,0.0,4927,739050,0.3723676,0.6838257,0.3269619,443.25506419722467,0.0,0.0
1317,197550,0.25092232,150,0.0,4930,739500,0.43094057,0.6818629,0.30617258,451.2126132432169,0.0,0.0
1319,197850,0.35832393,150,0.0,4931,739650,0.32845986,0.6867838,0.1432733,127.23601956271274,0.0,0.0
1320,198000,0.33568496,150,0.0,4933,739950,0.35345286,0.6891378,0.34475106,175.08443294677107,0.0,0.0
1321,198150,0.13520527,150,0.0,4934,740100,0.5542145,0.68941975,0.3359029,148.1058375035841,0.0,0.0
1321,198150,0.17699742,150,0.0,4937,740550,0.5033485,0.68034595,0.37736914,514.8461506357983,0.0,0.0
1321,198150,0.08697504,150,0.0,4940,741000,0.6067761,0.69375116,0.45157352,309.9946440986294,0.0,0.0
1323,198450,0.020631015,150,0.0,4942,741300,0.6793769,0.7000079,0.44349766,131.26432958958407,0.0,0.0
1324,198600,0.09329051,150,0.0,4944,741600,0.6003793,0.6936698,0.4331786,142.34891033256912,0.0,0.0
1325,198750,0.06521726,150,0.0,4945,741750,0.6194262,0.68464345,0.39244816,115.98517945520598,0.0,0.0
1325,198750,0.23894319,150,0.0,4949,742350,0.4522563,0.6911995,0.36312294,455.7794161433178,0.0,0.0
1325,198750,0.24103114,150,0.0,4952,742800,0.4372727,0.67830384,0.33235848,496.2314853448405,0.0,0.0
1327,199050,-1.1685876,150,0.0,4954,743100,1.844378,0.6757904,0.3406797,128.55014083096913,0.0,0.0
1329,199350,0.25476572,150,0.0,4956,743400,0.44845662,0.70322233,0.4461339,131.80431023953713,0.0,0.0
1329,199350,0.13354087,150,0.0,4958,743700,0.5488458,0.6823867,0.34306476,396.1365164676578,0.0,0.0
1329,199350,0.3100201,150,0.0,4962,744300,0.36838162,0.6784017,0.3325253,473.0944496079263,0.0,0.0
1329,199350,-0.94787383,150,0.0,4966,744900,1.6403327,0.69245887,0.35858825,496.48680747635524,0.0,0.0
1331,199650,-0.877157,150,0.0,4967,745050,1.570656,0.69349897,0.4767519,127.10636097893291,0.0,0.0
1331,199650,0.26824665,150,0.0,4969,745350,0.40768784,0.6759345,0.35679272,513.0910701222571,0.0,0.0
1333,199950,-0.32800436,150,0.0,4971,745650,1.0323888,0.70438445,0.43204066,135.6337589106279,0.0,0.0
1333,199950,0.20155895,150,0.0,4973,745950,0.48903435,0.6905933,0.363059,464.8132127118049,0.0,0.0
1333,199950,-1.3593829,150,0.0,4977,746550,2.050369,0.69098616,0.38961512,485.53839457495894,0.0,0.0
1334,200100,0.33567673,150,0.0,4980,747000,0.36654186,0.7022186,0.33712676,179.88776914732344,0.0,0.0
1335,200250,0.16724706,150,0.0,4982,747300,0.5127724,0.68001944,0.3855619,257.9560829926149,0.0,0.0
1337,200550,0.36853373,150,0.0,4984,747600,0.31603783,0.68457156,0.31358245,152.14669447719234,0.0,0.0
1337,200550,0.13867319,150,0.0,4986,747900,0.54369414,0.6823673,0.33308557,476.9137705976795,0.0,0.0
1337,200550,0.265732,150,0.0,4989,748350,0.41387218,0.6796042,0.32493752,504.30734306765936,0.0,0.0
1337,200550,0.3355953,150,0.0,4992,748800,0.33993423,0.67552954,0.32555997,507.2098225982643,0.0,0.0
1339,200850,-0.93095344,150,0.0,4994,749100,1.6217213,0.6907678,0.4102792,168.03178030268634,0.0,0.0
1340,201000,-0.8646142,150,0.0,4996,749400,1.5469369,0.6823227,0.4008681,221.11143053752437,0.0,0.0
1341,201150,0.23554805,150,0.0,4998,749700,0.45870742,0.6942555,0.35450262,200.60908552036443,0.0,0.0
1341,201150,0.20034769,150,0.0,5002,750300,0.48256734,0.68291503,0.38279957,322.52894399035404,0.0,0.0
1343,201450,0.34155378,150,0.0,5005,750750,0.339842,0.68139577,0.31769046,237.16052240139385,0.0,0.0
1343,201450,-1.2373047,150,0.0,5006,750900,1.9201825,0.6828777,0.33609807,123.35849604128514,0.0,0.0
1345,201750,0.13502121,150,0.0,5009,751350,0.5414322,0.6764534,0.4027571,126.68676405530158,0.0,0.0
1345,201750,0.08298284,150,0.0,5011,751650,0.6026235,0.68560636,0.39403704,321.98143175394233,0.0,0.0
1345,201750,0.044032454,150,0.0,5015,752250,0.6497975,0.69382995,0.34556386,422.27427649409555,0.0,0.0
1346,201900,-0.92855316,150,0.0,5017,752550,1.6258324,0.6972793,0.43784747,181.22218026368205,0.0,0.0
1347,202050,0.34854823,150,0.0,5018,752700,0.3302911,0.6788393,0.31229436,119.11185460433062,0.0,0.0
1349,202350,0.1273877,150,0.0,5020,753000,0.5556097,0.6829974,0.37349123,131.93490927956722,0.0,0.0
1349,202350,0.24720556,150,0.0,5023,753450,0.4404754,0.68768096,0.31917676,464.38675276131767,0.0,0.0
1349,202350,0.37716115,150,0.0,5027,754050,0.31598532,0.69314647,0.2569192,415.1803372807032,0.0,0.0
1350,202500,0.37319484,150,0.0,5029,754350,0.33916107,0.7123559,0.33916107,157.2404857781528,0.0,0.0
1352,202800,0.31312677,150,0.0,5030,754500,0.36066195,0.6737887,0.3113813,137.73803297372834,0.0,0.0
1352,202800,0.36848944,150,0.0,5031,754650,0.31065416,0.6791436,0.30916548,137.7746506447084,0.0,0.0
1353,202950,0.049209952,150,0.0,5033,754950,0.647906,0.69711596,0.38594663,208.34132783713267,0.0,0.0
1353,202950,0.3590204,150,0.0,5036,755400,0.32711112,0.68613154,0.3186236,323.2223928436937,0.0,0.0
1354,203100,0.34749368,150,0.0,5039,755850,0.3336915,0.6811852,0.33362278,142.80883321314292,0.0,0.0
1356,203400,0.15067118,150,0.0,5041,756150,0.5414935,0.69216466,0.36276352,169.75448497372923,0.0,0.0
1356,203400,0.3537566,150,0.0,5043,756450,0.3317328,0.6854894,0.3239812,376.2371240368256,0.0,0.0
1357,203550,0.29704282,150,0.0,5045,756750,0.39471582,0.69175863,0.3496516,217.8420141810378,0.0,0.0
1357,203550,-0.9659487,150,0.0,5048,757200,1.6537361,0.6877874,0.32867968,375.1501744134045,0.0,0.0
1358,203700,0.1404844,150,0.0,5051,757650,0.5582162,0.6987006,0.3753512,270.3436350956318,0.0,0.0
1359,203850,0.14561749,150,0.0,5053,757950,0.5503486,0.69596606,0.44260532,317.0991287588215,0.0,0.0
1360,204000,0.075776696,150,0.0,5055,758250,0.61231035,0.68808705,0.42279106,136.38694231408735,0.0,0.0
1361,204150,0.10302824,150,0.0,5057,758550,0.5811228,0.68415105,0.46946505,198.74312220473576,0.0,0.0
1361,204150,0.237506,150,0.0,5060,759000,0.44119492,0.6787009,0.35706964,500.64304613364635,0.0,0.0
1362,204300,0.34791732,150,0.0,5063,759450,0.3507371,0.6986544,0.3159213,141.3395846835928,0.0,0.0
1363,204450,0.17466998,150,0.0,5065,759750,0.515502,0.69017196,0.39558038,201.66881591385317,0.0,0.0
1364,204600,-0.012674451,150,0.0,5066,759900,0.71814364,0.7054692,0.44793886,105.96407689089472,0.0,0.0
1365,204750,0.02025634,150,0.0,5068,760200,0.6709542,0.69121057,0.49204424,145.29542300628182,0.0,0.0
1365,204750,-0.0011450052,150,0.0,5071,760650,0.680636,0.679491,0.37416884,461.90265727119083,0.0,0.0
1366,204900,0.19444251,150,0.0,5074,761100,0.49889106,0.69333357,0.41722232,288.32155490796237,0.0,0.0
1366,204900,0.21106651,150,0.0,5076,761400,0.47310963,0.68417615,0.34640107,471.28705751218024,0.0,0.0
1368,205200,0.02106464,150,0.0,5078,761700,0.65993685,0.6810015,0.4325093,161.06684006999282,0.0,0.0
1369,205350,0.31206957,150,0.0,5079,761850,0.3703319,0.6824015,0.31278512,123.43773605191896,0.0,0.0
1369,205350,0.109945774,150,0.0,5082,762300,0.5699041,0.67984986,0.3409669,406.02062159052264,0.0,0.0
1369,205350,0.083162904,150,0.0,5085,762750,0.5979144,0.6810773,0.33974233,331.3914112058118,0.0,0.0
1370,205500,0.3134368,150,0.0,5087,763050,0.36647153,0.67990834,0.3178175,453.93817479718206,0.0,0.0
1372,205800,0.13848245,150,0.0,5089,763350,0.5431174,0.68159986,0.3307384,127.41758405335962,0.0,0.0
1373,205950,0.0935114,150,0.0,5091,763650,0.5895577,0.6830691,0.3952375,253.96372267443854,0.0,0.0
1373,205950,-1.311621,150,0.0,5093,763950,1.9955568,0.6839359,0.31173244,341.8338811008524,0.0,0.0
1373,205950,0.045051754,150,0.0,5096,764400,0.6356162,0.68066794,0.3667768,330.06887347175183,0.0,0.0
1374,206100,0.1819362,150,0.0,5098,764700,0.5064709,0.6884071,0.44150957,267.0236343989454,0.0,0.0
1376,206400,0.09803492,150,0.0,5101,765150,0.5975022,0.6955371,0.44495246,107.79590066019561,0.0,0.0
1377,206550,0.20630863,150,0.0,5103,765450,0.47522286,0.6815315,0.3332638,173.18638194697925,0.0,0.0
1377,206550,0.15961194,150,0.0,5106,765900,0.54836756,0.7079795,0.43361917,320.69878825321285,0.0,0.0
1378,206700,0.20029321,150,0.0,5108,766200,0.48583415,0.68612736,0.39691487,135.60233268249218,0.0,0.0
1380,207000,0.13492525,150,0.0,5111,766650,0.54297876,0.677904,0.418851,115.21680010592365,0.0,0.0
1381,207150,-0.6125897,150,0.0,5112,766800,1.3015385,0.68894875,0.34270728,138.83222995712202,0.0,0.0
1381,207150,0.16560423,150,0.0,5114,767100,0.51904714,0.6846514,0.3227788,338.3190777480585,0.0,0.0
1381,207150,0.025067389,150,0.0,5117,767550,0.6776414,0.7027088,0.47527406,293.741668934973,0.0,0.0
1382,207300,-0.8637228,150,0.0,5119,767850,1.5395502,0.6758274,0.397182,233.35914897405084,0.0,0.0
1384,207600,0.09080058,150,0.0,5121,768150,0.60077864,0.6915792,0.35228515,166.5490680572722,0.0,0.0
1385,207750,0.16385925,150,0.0,5123,768450,0.5172159,0.68107516,0.4103714,141.5577423052822,0.0,0.0
1385,207750,0.13869053,150,0.0,5126,768900,0.5383207,0.67701125,0.39334017,322.3967236905216,0.0,0.0
1385,207750,0.14342695,150,0.0,5130,769500,0.5392676,0.68269455,0.36096016,408.87807464944706,0.0,0.0
1386,207900,0.15649265,150,0.0,5131,769650,0.5236788,0.68017143,0.45124185,144.60909874906451,0.0,0.0
1388,208200,-0.32929254,150,0.0,5133,769950,1.0145217,0.6852292,0.40951028,155.36001351245235,0.0,0.0
1389,208350,0.3593927,150,0.0,5134,770100,0.31631,0.6757027,0.3117124,100.09967875280162,0.0,0.0
1389,208350,0.2353802,150,0.0,5136,770400,0.44495443,0.6803346,0.33645132,308.4688190094412,0.0,0.0
1389,208350,0.19536427,150,0.0,5139,770850,0.49578038,0.69114465,0.41572437,508.1126569918777,0.0,0.0
1390,208500,0.12294608,150,0.0,5141,771150,0.5845026,0.70744866,0.4517834,205.1124760377137,0.0,0.0
1392,208800,0.307147,150,0.0,5143,771450,0.38603082,0.6931778,0.35469118,154.32933420954447,0.0,0.0
1393,208950,0.16026849,150,0.0,5145,771750,0.53093666,0.69120514,0.40647268,347.19660852515324,0.0,0.0
1393,208950,0.13899022,150,0.0,5148,772200,0.54324263,0.68223286,0.40119624,323.57431383662095,0.0,0.0
1394,209100,0.27940878,150,0.0,5151,772650,0.41608533,0.6954941,0.39531082,121.34133499353125,0.0,0.0
1396,209400,0.067276716,150,0.0,5154,773100,0.60606754,0.67334425,0.31775877,137.08061459782033,0.0,0.0
1397,209550,0.22977889,150,0.0,5155,773250,0.4509797,0.6807586,0.38794357,123.103389373177,0.0,0.0
1397,209550,0.17112601,150,0.0,5158,773700,0.52521735,0.69634336,0.43558326,484.56049982131634,0.0,0.0
1398,209700,0.36430666,150,0.0,5161,774150,0.31462255,0.6789292,0.31043926,194.48838054020635,0.0,0.0
1398,209700,0.18108058,150,0.0,5163,774450,0.51212484,0.6932054,0.37899837,299.97554024821164,0.0,0.0
1400,210000,0.38901666,150,0.0,5165,774750,0.31845298,0.70746964,0.31745726,123.29489212821818,0.0,0.0
1401,210150,0.13697201,150,0.0,5166,774900,0.5575904,0.69456244,0.44590604,137.16118508615938,0.0,0.0
1401,210150,0.16093612,150,0.0,5169,775350,0.539307,0.7002431,0.43468216,307.854792713408,0.0,0.0
1401,210150,0.08951199,150,0.0,5172,775800,0.6026741,0.6921861,0.40813422,348.72694237249056,0.0,0.0
1402,210300,0.12219244,150,0.0,5174,776100,0.5604345,0.68262696,0.41096783,167.63586086938912,0.0,0.0
1403,210450,0.14542645,150,0.0,5177,776550,0.5375182,0.68294466,0.3109574,231.2772556352973,0.0,0.0
1405,210750,0.15870708,150,0.0,5179,776850,0.5221031,0.68081015,0.37038144,125.88201562296477,0.0,0.0
1405,210750,-1.2965708,150,0.0,5182,777300,1.9866344,0.6900636,0.40848297,421.55729708288214,0.0,0.0
1406,210900,-2.9712272,150,0.0,5185,777750,3.6533551,0.6821281,0.2866331,203.11970021434016,0.0,0.0
1406,210900,0.17004156,150,0.0,5187,778050,0.5135698,0.68361133,0.32948303,433.75740715844336,0.0,0.0
1408,211200,0.19815707,150,0.0,5189,778350,0.5111822,0.70933926,0.4211554,185.59721332309098,0.0,0.0
1409,211350,0.3405457,150,0.0,5190,778500,0.3517322,0.6922779,0.33900034,114.19533337774243,0.0,0.0
1409,211350,-0.17339748,150,0.0,5193,778950,0.8537751,0.6803776,0.40899238,332.2606982725386,0.0,0.0
1410,211500,0.07904309,150,0.0,5196,779400,0.6164671,0.6955102,0.35907167,189.87526060309017,0.0,0.0
1410,211500,0.2948514,150,0.0,5199,779850,0.4026045,0.6974559,0.3611632,485.0562465643376,0.0,0.0
1411,211650,0.13866669,150,0.0,5200,780000,0.54692686,0.68559355,0.40073583,135.5380639173672,0.0,0.0
1413,211950,0.0911752,150,0.0,5201,780150,0.5892722,0.6804474,0.4328181,148.35250111828125,0.0,0.0
1413,211950,0.24141634,150,0.0,5202,780300,0.4369784,0.67839473,0.40063006,142.89183388410044,0.0,0.0
1413,211950,0.18988857,150,0.0,5205,780750,0.49348184,0.6833704,0.36852223,278.8266640193866,0.0,0.0
1414,212100,0.22830263,150,0.0,5207,781050,0.45023522,0.67853785,0.3892806,432.2114694330959,0.0,0.0
1414,212100,0.22014356,150,0.0,5210,781500,0.46631187,0.6864554,0.4166209,298.37775081880756,0.0,0.0
1416,212400,0.1597113,150,0.0,5212,781800,0.5211683,0.6808796,0.38385305,171.3021724474804,0.0,0.0
1417,212550,0.21038532,150,0.0,5213,781950,0.48601496,0.6964003,0.39881238,109.29220404040895,0.0,0.0
1417,212550,0.18576202,150,0.0,5216,782400,0.49616405,0.6819261,0.37560332,321.26802565464277,0.0,0.0
1418,212700,0.13475758,150,0.0,5218,782700,0.56428874,0.6990463,0.4466227,276.1711952943242,0.0,0.0
1418,212700,0.2504143,150,0.0,5220,783000,0.44331396,0.69372827,0.3624476,299.9460794105826,0.0,0.0
1419,212850,0.12674367,150,0.0,5222,783300,0.56437325,0.6911169,0.40469742,158.3440989952636,0.0,0.0
1421,213150,0.22478378,150,0.0,5223,783450,0.4790991,0.7038829,0.47153986,121.31047465381009,0.0,0.0
1421,213150,0.19957978,150,0.0,5225,783750,0.53782415,0.7374039,0.33665344,456.19946892978186,0.0,0.0
1421,213150,0.23394758,150,0.0,5228,784200,0.43919998,0.67314756,0.3342548,278.2820392600915,0.0,0.0
1422,213300,0.10166401,150,0.0,5229,784350,0.5890885,0.6907525,0.39380702,131.1090109812249,0.0,0.0
1422,213300,0.21774161,150,0.0,5232,784800,0.4865988,0.7043404,0.45376164,335.80723467760356,0.0,0.0
1424,213600,0.20253819,150,0.0,5235,785250,0.48335475,0.68589294,0.39311972,112.8418167812012,0.0,0.0
1425,213750,0.18564808,150,0.0,5237,785550,0.4973719,0.68302,0.42014095,364.7206069308704,0.0,0.0
1426,213900,0.31210774,150,0.0,5240,786000,0.38572538,0.6978331,0.38367817,207.70057366893587,0.0,0.0
1426,213900,0.30136314,150,0.0,5242,786300,0.38507327,0.6864364,0.34951302,304.69681450001815,0.0,0.0
1428,214200,0.30875856,150,0.0,5246,786900,0.37410367,0.6828622,0.3721614,221.33662716716336,0.0,0.0
1428,214200,0.18684065,150,0.0,5247,787050,0.53899485,0.7258355,0.32485116,128.38765486365386,0.0,0.0
1429,214350,0.31155622,150,0.0,5249,787350,0.3860864,0.6976426,0.36869872,231.1666991229456,0.0,0.0
1430,214500,0.31764138,150,0.0,5251,787650,0.370551,0.68819237,0.35345763,184.45073666471802,0.0,0.0
1430,214500,0.2148158,150,0.0,5254,788100,0.46890336,0.68371916,0.3379559,492.86073521877483,0.0,0.0
1431,214650,0.1850945,150,0.0,5258,788700,0.49199966,0.67709416,0.41999206,178.05636316450384,0.0,0.0
1433,214950,0.14491218,150,0.0,5260,789000,0.5395801,0.6844923,0.31900895,129.8748246889196,0.0,0.0
1433,214950,-0.6003701,150,0.0,5263,789450,1.2944849,0.69411474,0.4856588,405.582985702157,0.0,0.0
1434,215100,-0.92781276,150,0.0,5266,789900,1.6273452,0.69953245,0.42245522,193.42798350493405,0.0,0.0
1434,215100,0.106649876,150,0.0,5269,790350,0.57041353,0.6770634,0.5035692,524.577829250661,0.0,0.0
1436,215400,-0.11447334,150,0.0,5271,790650,0.7924587,0.67798537,0.4199681,142.04879070850137,0.0,0.0
1437,215550,0.20562238,150,0.0,5272,790800,0.48280513,0.6884275,0.3843086,124.52935728626039,0.0,0.0
1437,215550,0.24354249,150,0.0,5274,791100,0.43993872,0.6834812,0.39543733,327.1529770011123,0.0,0.0
1438,215700,0.15654379,150,0.0,5276,791400,0.52517587,0.68171966,0.32133836,158.8227720857717,0.0,0.0
1438,215700,0.3657463,150,0.0,5279,791850,0.3204204,0.6861667,0.3204204,316.97100260571483,0.0,0.0
1440,216000,0.32676813,150,0.0,5281,792150,0.3618792,0.68864733,0.3618792,119.7687038181003,0.0,0.0
1441,216150,0.1837765,150,0.0,5282,792300,0.51109874,0.69487524,0.45387462,124.69838002956789,0.0,0.0
1441,216150,0.21853518,150,0.0,5284,792600,0.4574566,0.6759918,0.41744146,311.87971862963315,0.0,0.0
1442,216300,0.21500415,150,0.0,5287,793050,0.47379935,0.6888035,0.3974759,154.1527067018122,0.0,0.0
1442,216300,0.0507378,150,0.0,5291,793650,0.6356616,0.6863994,0.56680584,503.02392128737927,0.0,0.0
1444,216600,0.17225623,150,0.0,5292,793800,0.5274082,0.6996644,0.4220396,126.08886305789927,0.0,0.0
1445,216750,0.1866557,150,0.0,5295,794250,0.5109368,0.6975925,0.41662264,161.77426065187396,0.0,0.0
1445,216750,0.2256996,150,0.0,5297,794550,0.47346634,0.69916594,0.44649836,311.59797414087706,0.0,0.0
1446,216900,0.1061492,150,0.0,5300,795000,0.5725634,0.6787126,0.5008114,180.7485048605499,0.0,0.0
1447,217050,0.19065535,150,0.0,5302,795300,0.48811567,0.678771,0.3207516,232.37424500464826,0.0,0.0
1448,217200,-0.82610655,150,0.0,5303,795450,1.5119731,0.6858666,0.46391043,140.15563254039347,0.0,0.0
1449,217350,0.19601667,150,0.0,5305,795750,0.50765127,0.70366794,0.43059075,269.4713758277153,0.0,0.0
1449,217350,0.15582365,150,0.0,5306,795900,0.5209792,0.6768029,0.42752275,145.77745235814027,0.0,0.0
1449,217350,0.19338045,150,0.0,5309,796350,0.4946032,0.68798363,0.4384896,511.1082226323862,0.0,0.0
1450,217500,0.17903721,150,0.0,5311,796650,0.4985823,0.6776195,0.42728886,173.74673092058933,0.0,0.0
1451,217650,0.20038953,150,0.0,5314,797100,0.48150894,0.6818985,0.3805308,181.87025736346266,0.0,0.0
1452,217800,-1.2229478,150,0.0,5315,797250,1.906613,0.68366516,0.39087334,127.49217897947993,0.0,0.0
1453,217950,0.34781212,150,0.0,5316,797400,0.32989872,0.67771083,0.3232416,146.17688374680122,0.0,0.0
1453,217950,0.2018834,150,0.0,5319,797850,0.47969797,0.6815814,0.3477091,427.917429008672,0.0,0.0
1453,217950,0.14599937,150,0.0,5322,798300,0.53212625,0.6781256,0.41004068,419.2777828870291,0.0,0.0
1454,218100,0.34877345,150,0.0,5324,798600,0.33038154,0.679155,0.31326076,188.22594571371985,0.0,0.0
1456,218400,0.3710276,150,0.0,5326,798900,0.3222131,0.6932407,0.31981638,132.32884837445656,0.0,0.0
1456,218400,-0.92402333,150,0.0,5328,799200,1.6131696,0.6891462,0.38052878,518.7178349820181,0.0,0.0
1457,218550,0.08602697,150,0.0,5330,799500,0.5971785,0.6832055,0.43166822,145.99588150198477,0.0,0.0
1457,218550,0.3899503,150,0.0,5333,799950,0.30979517,0.6997455,0.30979517,295.2653957705629,0.0,0.0
1457,218550,-0.6957846,150,0.0,5336,800400,1.3824848,0.68670017,0.41062883,482.3789194759311,0.0,0.0
1459,218850,0.19529688,150,0.0,5338,800700,0.50259984,0.6978967,0.44026867,162.20418766368132,0.0,0.0
1460,219000,0.1896151,150,0.0,5340,801000,0.4854206,0.6750357,0.3400332,214.49712746056332,0.0,0.0
1461,219150,0.33251777,150,0.0,5343,801450,0.35884634,0.6913641,0.34524748,175.18617925501567,0.0,0.0
1461,219150,-0.3853894,150,0.0,5345,801750,1.0714207,0.6860313,0.40635255,329.55675707387803,0.0,0.0
1462,219300,0.14686555,150,0.0,5348,802200,0.5357656,0.68263113,0.41047516,198.66913014111086,0.0,0.0
1464,219600,0.2080796,150,0.0,5350,802500,0.47511658,0.6831962,0.43120053,131.94218620598392,0.0,0.0
1464,219600,0.1977055,150,0.0,5353,802950,0.48607183,0.68377733,0.4102187,492.2699424905129,0.0,0.0
1465,219750,0.26640308,150,0.0,5355,803250,0.41142684,0.6778299,0.38755122,220.71040375394486,0.0,0.0
1465,219750,0.18645346,150,0.0,5358,803700,0.5043688,0.69082224,0.46258616,436.74319126382557,0.0,0.0
1466,219900,0.17246771,150,0.0,5360,804000,0.5639883,0.73645604,0.4434102,176.31423190745224,0.0,0.0
1468,220200,0.21174607,150,0.0,5362,804300,0.4758384,0.68758446,0.36802363,140.97167730020826,0.0,0.0
1469,220350,0.35878348,150,0.0,5365,804750,0.32460988,0.68339336,0.3245964,179.90891109380752,0.0,0.0
1469,220350,0.2166822,150,0.0,5368,805200,0.46107692,0.6777591,0.42813748,314.9493219143486,0.0,0.0
1469,220350,0.19055143,150,0.0,5372,805800,0.49934378,0.6898952,0.3464592,522.6130252540607,0.0,0.0
1472,220800,0.111221075,150,0.0,5374,806100,0.5780923,0.68931335,0.39939016,120.15432724755956,0.0,0.0
1472,220800,0.16705686,150,0.0,5376,806400,0.51469845,0.6817553,0.4172273,323.64955167677516,0.0,0.0
1473,220950,0.124426305,150,0.0,5377,806550,0.56097883,0.68540514,0.4294144,134.62595698187528,0.0,0.0
1473,220950,0.14147484,150,0.0,5380,807000,0.5521501,0.6936249,0.4556805,325.80813047537816,0.0,0.0
1474,221100,0.26033252,150,0.0,5382,807300,0.4141127,0.6744452,0.388147,205.8909135415743,0.0,0.0
1475,221250,0.30513677,150,0.0,5383,807450,0.37841776,0.68355453,0.35142395,134.90484333538825,0.0,0.0
1476,221400,0.18006241,150,0.0,5385,807750,0.5184425,0.6985049,0.42621908,295.0348543573222,0.0,0.0
1476,221400,0.19202375,150,0.0,5388,808200,0.500143,0.69216675,0.42140412,281.3535294541171,0.0,0.0
1477,221550,0.3142009,150,0.0,5390,808500,0.36788443,0.68208534,0.33383718,508.9375939375211,0.0,0.0
1477,221550,0.22540352,150,0.0,5393,808950,0.46007225,0.68547577,0.40566418,449.58528388420393,0.0,0.0
1479,221850,0.36158568,150,0.0,5396,809400,0.3243764,0.6859621,0.32289642,144.0951384985784,0.0,0.0
1480,222000,0.16720098,150,0.0,5397,809550,0.50697273,0.6741737,0.39296976,148.76752520423017,0.0,0.0
1480,222000,-1.0636744,150,0.0,5399,809850,1.7426791,0.67900467,0.3248037,439.2398231997604,0.0,0.0
1481,222150,-1.2899611,150,0.0,5401,810150,1.9645977,0.6746366,0.3360292,240.7951059100178,0.0,0.0
1481,222150,0.37096307,150,0.0,5404,810600,0.31327912,0.6842422,0.3128992,357.6625538359385,0.0,0.0
1482,222300,0.2842066,150,0.0,5407,811050,0.40091625,0.68512285,0.33910242,285.82196821704724,0.0,0.0
1484,222600,0.3015117,150,0.0,5409,811350,0.38440692,0.6859186,0.31963003,116.16062940428927,0.0,0.0
1485,222750,0.19889838,150,0.0,5411,811650,0.48642427,0.68532264,0.34902212,150.14107369695657,0.0,0.0
1485,222750,-0.858708,150,0.0,5414,812100,1.5410569,0.68234885,0.39891726,413.5896864479816,0.0,0.0
1485,222750,0.36436707,150,0.0,5418,812700,0.32862777,0.69299483,0.31101367,342.4551563770642,0.0,0.0
1487,223050,0.22771215,150,0.0,5420,813000,0.4571514,0.68486357,0.34566548,103.20673939882289,0.0,0.0
1488,223200,0.2184237,150,0.0,5421,813150,0.4693348,0.6877585,0.37931412,142.0288448232308,0.0,0.0
1489,223350,0.35663956,150,0.0,5423,813450,0.32540196,0.6820415,0.3227497,183.2722518655798,0.0,0.0
1489,223350,0.3603735,150,0.0,5426,813900,0.319951,0.6803245,0.3126288,344.28926739175046,0.0,0.0
1489,223350,0.15883267,150,0.0,5430,814500,0.5359077,0.69474036,0.35861415,497.5953279572784,0.0,0.0
1491,223650,0.31981182,150,0.0,5432,814800,0.36811823,0.68793005,0.32020938,161.13944556783386,0.0,0.0
1491,223650,0.3142993,150,0.0,5434,815100,0.37198913,0.6862884,0.34036827,442.77590730460435,0.0,0.0
1493,223950,0.291862,150,0.0,5436,815400,0.39007735,0.68193936,0.33605605,128.9251280243774,0.0,0.0
1493,223950,0.1450038,150,0.0,5438,815700,0.54399055,0.68899435,0.31989235,385.22027173480444,0.0,0.0
1493,223950,-0.8361509,150,0.0,5441,816150,1.5208675,0.6847166,0.37753677,519.9838338155914,0.0,0.0
1493,223950,-0.9416272,150,0.0,5444,816600,1.6708537,0.7292265,0.3207974,365.24889231540914,0.0,0.0
1495,224250,0.3682244,150,0.0,5446,816900,0.3093132,0.6775376,0.3093132,114.73330770515732,0.0,0.0
1497,224550,0.20022747,150,0.0,5449,817350,0.49415818,0.69438565,0.37394077,124.15653285203058,0.0,0.0
1497,224550,0.36741453,150,0.0,5452,817800,0.30782455,0.6752391,0.30748713,306.2400093457034,0.0,0.0
1498,224700,0.2819366,150,0.0,5455,818250,0.4051754,0.687112,0.33317062,191.38585745509633,0.0,0.0
1499,224850,0.26849726,150,0.0,5456,818400,0.42282662,0.6913239,0.36983824,124.23066883029436,0.0,0.0
1500,225000,0.22951943,150,0.0,5459,818850,0.44638997,0.6759094,0.32507485,227.6367367702747,0.0,0.0
1501,225150,0.36837763,150,0.0,5460,819000,0.3216924,0.69007003,0.3216924,118.19975155615575,0.0,0.0
1501,225150,0.36771762,150,0.0,5462,819300,0.3166623,0.68437994,0.31654158,349.12984680131785,0.0,0.0
1501,225150,0.1888184,150,0.0,5465,819750,0.50101423,0.6898326,0.34937936,492.91942906658437,0.0,0.0
1503,225450,-0.8980859,150,0.0,5468,820200,1.5964524,0.69836646,0.3911842,151.4239097654965,0.0,0.0
1504,225600,-0.2629683,150,0.0,5470,820500,0.9638767,0.7009084,0.42944196,212.5051805149812,0.0,0.0
1505,225750,-0.39394033,150,0.0,5471,820650,1.079349,0.6854087,0.34829533,132.24968343095264,0.0,0.0
1505,225750,0.37406597,150,0.0,5473,820950,0.3083115,0.68237746,0.307636,337.6273456718571,0.0,0.0
1505,225750,0.20157066,150,0.0,5476,821400,0.49189928,0.69346994,0.41488287,470.8574507734794,0.0,0.0
1507,226050,0.25369143,150,0.0,5478,821700,0.41852522,0.67221665,0.31125405,201.46294211922628,0.0,0.0
1507,226050,0.37328106,150,0.0,5479,821850,0.3250903,0.69837135,0.3191879,148.24556980279183,0.0,0.0
1509,226350,0.13736492,150,0.0,5483,822450,0.54720813,0.68457305,0.32707608,207.42761907430884,0.0,0.0
1509,226350,0.15690279,150,0.0,5485,822750,0.530303,0.6872058,0.35456365,454.145591800996,0.0,0.0
1509,226350,0.08609563,150,0.0,5488,823200,0.6007878,0.68688345,0.3553549,422.04567637460127,0.0,0.0
1510,226500,0.16406792,150,0.0,5491,823650,0.5245839,0.6886518,0.43061182,259.3240668761114,0.0,0.0
1511,226650,0.16311604,150,0.0,5494,824100,0.54346114,0.7065772,0.4643916,216.52028831487772,0.0,0.0
1513,226950,0.07017076,150,0.0,5496,824400,0.6050958,0.67526656,0.3105591,165.1677508597105,0.0,0.0
1513,226950,0.41206282,150,0.0,5498,824700,0.32057905,0.7326419,0.31899762,361.4063668626273,0.0,0.0
1513,226950,0.21613312,150,0.0,5502,825300,0.46089047,0.6770236,0.34899396,494.27597471212533,0.0,0.0
1514,227100,0.29765308,150,0.0,5504,825600,0.38372236,0.68137544,0.35517657,184.7646440550242,0.0,0.0
1515,227250,0.15904903,150,0.0,5507,826050,0.51174515,0.6707942,0.32351226,196.27617059908093,0.0,0.0
1516,227400,0.33958122,150,0.0,5509,826350,0.36500433,0.70458555,0.3519733,211.24595863156387,0.0,0.0
1517,227550,0.15168881,150,0.0,5511,826650,0.5480138,0.6997026,0.34645355,231.06991093563494,0.0,0.0
1517,227550,0.36450738,150,0.0,5514,827100,0.31206286,0.67657024,0.30749342,315.11211438376785,0.0,0.0
1519,227850,0.32362375,150,0.0,5517,827550,0.352057,0.67568076,0.33897904,143.88943066820602,0.0,0.0
1519,227850,0.39193752,150,0.0,5519,827850,0.31052932,0.70246685,0.31007576,250.98449721567425,0.0,0.0
1521,228150,0.22622338,150,0.0,5521,828150,0.47001466,0.69623804,0.3461433,165.07102577214502,0.0,0.0
1521,228150,0.19582808,150,0.0,5522,828300,0.5040436,0.69987166,0.45562938,129.20886204631796,0.0,0.0
1521,228150,0.16049272,150,0.0,5525,828750,0.5519082,0.7124009,0.44965622,492.6947690900491,0.0,0.0
1523,228450,0.34709013,150,0.0,5527,829050,0.34602016,0.6931103,0.32809266,139.9821869947262,0.0,0.0
1523,228450,0.3048275,150,0.0,5529,829350,0.37100852,0.675836,0.31799713,442.46669081267737,0.0,0.0
1525,228750,0.22865942,150,0.0,5532,829800,0.4604704,0.6891298,0.36446136,150.77091048868664,0.0,0.0
1525,228750,0.20463154,150,0.0,5534,830100,0.482928,0.68755955,0.4342319,472.64485390840923,0.0,0.0
1525,228750,0.28565666,150,0.0,5537,830550,0.39756557,0.68322223,0.3285783,299.1536718677562,0.0,0.0
1526,228900,0.2661535,150,0.0,5539,830850,0.4139186,0.6800721,0.3174414,411.73938282181047,0.0,0.0
1527,229050,0.2695368,150,0.0,5541,831150,0.41219592,0.6817327,0.39699596,198.91837476085522,0.0,0.0
1528,229200,0.2827741,150,0.0,5543,831450,0.39595437,0.67872846,0.35119677,282.09366391184574,0.0,0.0
1529,229350,0.042350113,150,0.0,5545,831750,0.6383642,0.6807143,0.3318323,172.7477086022453,0.0,0.0
1529,229350,0.2603516,150,0.0,5548,832200,0.42327642,0.683628,0.3082178,342.10023772911063,0.0,0.0
1531,229650,0.26151243,150,0.0,5550,832500,0.42490873,0.68642116,0.32968092,162.538254820637,0.0,0.0
1531,229650,0.24798167,150,0.0,5552,832800,0.43311703,0.6810987,0.30820987,336.2176518841734,0.0,0.0
1532,229800,0.28905332,150,0.0,5553,832950,0.4100806,0.69913393,0.33742768,134.77274733108894,0.0,0.0
1533,229950,0.2472027,150,0.0,5555,833250,0.46442276,0.71162546,0.46109396,215.24808015091932,0.0,0.0
1533,229950,0.09498608,150,0.0,5558,833700,0.582569,0.6775551,0.41082662,470.73907636778284,0.0,0.0
1534,230100,-0.80083674,150,0.0,5560,834000,1.5008166,0.69997984,0.4010527,189.0776857318453,0.0,0.0
1535,230250,0.23295102,150,0.0,5562,834300,0.45912746,0.6920785,0.41076177,166.7884638785064,0.0,0.0
1536,230400,0.07849133,150,0.0,5564,834600,0.60778934,0.68628067,0.32898408,165.24314668856093,0.0,0.0
1537,230550,0.25310087,150,0.0,5567,835050,0.43411458,0.68721545,0.39544225,190.0262048618536,0.0,0.0
1537,230550,0.1785996,150,0.0,5570,835500,0.52873737,0.70733696,0.46533164,445.7264793773459,0.0,0.0
1538,230700,0.37657025,150,0.0,5572,835800,0.3095636,0.68613386,0.3071718,194.04431082097216,0.0,0.0
1539,230850,0.12113947,150,0.0,5574,836100,0.5641339,0.68527335,0.41607997,318.4191440505587,0.0,0.0
1540,231000,0.26163077,150,0.0,5577,836550,0.438713,0.7003438,0.4354864,186.25992255867237,0.0,0.0
1541,231150,0.27676883,150,0.0,5578,836700,0.4103053,0.6870741,0.37583432,120.22017557637871,0.0,0.0
1542,231300,0.29678,150,0.0,5581,837150,0.4017113,0.6984913,0.36155185,156.2520116826608,0.0,0.0
1543,231450,0.3731872,150,0.0,5584,837600,0.3125426,0.6857298,0.3089033,270.901920461107,0.0,0.0
1543,231450,0.21990016,150,0.0,5585,837750,0.47176275,0.6916629,0.41200912,131.06192461454526,0.0,0.0
1544,231600,-0.88650733,150,0.0,5587,838050,1.5699213,0.6834139,0.33334643,189.2571915377995,0.0,0.0
1545,231750,0.36729342,150,0.0,5588,838200,0.31716543,0.68445885,0.31716543,127.90161214284015,0.0,0.0
1546,231900,0.26415464,150,0.0,5591,838650,0.42138514,0.6855398,0.37966916,210.74207588844575,0.0,0.0
1546,231900,0.14426869,150,0.0,5594,839100,0.5340789,0.6783476,0.3134296,433.9192531419105,0.0,0.0
1547,232050,0.23599812,150,0.0,5596,839400,0.43427888,0.670277,0.3684834,186.39600369387526,0.0,0.0
1547,232050,0.296532,150,0.0,5599,839850,0.4102123,0.7067443,0.38714325,294.3044911511566,0.0,0.0
1549,232350,0.17277807,150,0.0,5601,840150,0.51166517,0.68444324,0.3546928,169.15212559421434,0.0,0.0
1549,232350,0.32079738,150,0.0,5605,840750,0.37629873,0.6970961,0.32778403,310.3883001317735,0.0,0.0
1550,232500,0.061678946,150,0.0,5607,841050,0.6196238,0.6813027,0.34620366,482.6805355976987,0.0,0.0
1551,232650,0.29625574,150,0.0,5609,841350,0.3832334,0.67948914,0.33991718,177.11863977338564,0.0,0.0
1551,232650,-0.8074359,150,0.0,5612,841800,1.4902794,0.6828435,0.38569063,532.7687912080468,0.0,0.0
1553,232950,0.13108063,150,0.0,5614,842100,0.5550068,0.6860874,0.42373365,164.13634303809457,0.0,0.0
1553,232950,0.17533362,150,0.0,5616,842400,0.5173907,0.69272435,0.44332093,456.9486236972897,0.0,0.0
1554,233100,0.3584178,150,0.0,5618,842700,0.32394826,0.6823661,0.31946075,168.017779591392,0.0,0.0
1554,233100,-0.9572502,150,0.0,5621,843150,1.636105,0.67885476,0.55744267,445.4698973815406,0.0,0.0
1555,233250,0.17222285,150,0.0,5623,843450,0.5087198,0.68094265,0.35272557,218.18174251842757,0.0,0.0
1556,233400,0.06251943,150,0.0,5625,843750,0.6122294,0.67474884,0.3332704,175.27969307242668,0.0,0.0
1557,233550,0.32465458,150,0.0,5627,844050,0.37372893,0.6983835,0.3605376,292.75671590883184,0.0,0.0
1557,233550,0.35859135,150,0.0,5630,844500,0.323522,0.68211335,0.32185096,335.56543825158064,0.0,0.0
1558,233700,0.33064565,150,0.0,5632,844800,0.34255275,0.6731984,0.32456812,248.2280265467557,0.0,0.0
1559,233850,0.34228468,150,0.0,5634,845100,0.35211498,0.69439965,0.34194925,269.3354818105773,0.0,0.0
1560,234000,0.23597863,150,0.0,5636,845400,0.45262626,0.6886049,0.41644177,254.60988143348206,0.0,0.0
1561,234150,0.30652466,150,0.0,5637,845550,0.3669214,0.67344606,0.33359522,143.74425384523994,0.0,0.0
1561,234150,-0.96344596,150,0.0,5640,846000,1.6428105,0.6793645,0.33292696,415.5335265876609,0.0,0.0
1562,234300,0.12292135,150,0.0,5642,846300,0.5647551,0.6876764,0.3950141,241.17910438606714,0.0,0.0
1563,234450,0.10802388,150,0.0,5645,846750,0.5793549,0.68737876,0.38325465,408.2921890818472,0.0,0.0
1563,234450,0.3676088,150,0.0,5646,846900,0.31425333,0.6818621,0.31334636,145.59952641348704,0.0,0.0
1564,234600,0.10792565,150,0.0,5648,847200,0.57198226,0.6799079,0.32947758,174.34742920610745,0.0,0.0
1565,234750,0.3281652,150,0.0,5650,847500,0.3506349,0.6788001,0.3098106,332.1359848086912,0.0,0.0
1566,234900,-0.88188505,150,0.0,5653,847950,1.5708178,0.6889328,0.3953341,170.8214365228913,0.0,0.0
1566,234900,0.35326174,150,0.0,5656,848400,0.3250735,0.67833525,0.31881073,475.2953477163151,0.0,0.0
1567,235050,0.30949897,150,0.0,5658,848700,0.37087244,0.6803714,0.34979823,206.34185458069658,0.0,0.0
1569,235350,-0.21623224,150,0.0,5661,849150,0.902302,0.6860698,0.32844546,133.16908008869675,0.0,0.0
1569,235350,-1.0007977,150,0.0,5663,849450,1.6763906,0.6755929,0.38742602,535.47268572304,0.0,0.0
1569,235350,0.30552158,150,0.0,5667,850050,0.37966558,0.68518716,0.32521003,399.0516312931228,0.0,0.0
1570,235500,-0.22740579,150,0.0,5669,850350,0.92003787,0.6926321,0.35986027,229.02540028306666,0.0,0.0
1571,235650,0.3401752,150,0.0,5672,850800,0.35017604,0.69035125,0.32154438,228.31926234743528,0.0,0.0
1571,235650,0.13675612,150,0.0,5674,851100,0.56576455,0.70252067,0.43909782,508.4937600675033,0.0,0.0
1573,235950,0.34035483,150,0.0,5676,851400,0.3412368,0.68159163,0.31903479,166.91120972540838,0.0,0.0
1573,235950,0.36482912,150,0.0,5679,851850,0.31231254,0.67714167,0.30952132,320.41818902233445,0.0,0.0
1574,236100,-1.2276158,150,0.0,5681,852150,1.9055909,0.67797506,0.3100678,271.00145678031737,0.0,0.0
1575,236250,0.3702013,150,0.0,5684,852600,0.3109591,0.6811604,0.29398403,188.1168745739197,0.0,0.0
1576,236400,0.19666111,150,0.0,5686,852900,0.522587,0.7192481,0.45064557,324.9611583088162,0.0,0.0
1577,236550,0.29147387,150,0.0,5687,853050,0.39228255,0.6837564,0.32017624,142.6878944979898,0.0,0.0
1577,236550,0.3647845,150,0.0,5690,853500,0.3171657,0.6819502,0.31235278,323.6132600322612,0.0,0.0
1578,236700,0.35993117,150,0.0,5693,853950,0.3174278,0.677359,0.30252323,165.14186839585398,0.0,0.0
1579,236850,0.1815255,150,0.0,5696,854400,0.49985948,0.681385,0.42459133,163.70813821055071,0.0,0.0
1580,237000,-1.3189977,150,0.0,5698,854700,1.9981852,0.6791874,0.6791874,171.96541042525212,0.0,0.0
1581,237150,0.3369845,150,0.0,5700,855000,0.3508406,0.6878251,0.31969136,309.216702881046,0.0,0.0
1581,237150,0.3348609,150,0.0,5704,855600,0.34628537,0.68114626,0.31867597,434.5297286993301,0.0,0.0
1582,237300,0.3792815,150,0.0,5706,855900,0.32167247,0.70095396,0.31645313,237.33318847665092,0.0,0.0
1583,237450,0.27215415,150,0.0,5710,856500,0.40210724,0.6742614,0.3315196,170.73701973008085,0.0,0.0
1584,237600,0.26353794,150,0.0,5711,856650,0.41318977,0.6767277,0.31101263,138.32391966317456,0.0,0.0
1585,237750,-0.5757942,150,0.0,5713,856950,1.2508507,0.67505646,0.32792157,172.71062457089695,0.0,0.0
1585,237750,0.10009265,150,0.0,5716,857400,0.57701164,0.6771043,0.32796395,544.8893584957951,0.0,0.0
1586,237900,0.36788282,150,0.0,5719,857850,0.3264368,0.6943196,0.32425848,209.48825439107634,0.0,0.0
1587,238050,0.35202265,150,0.0,5721,858150,0.32645184,0.6784745,0.314127,277.4009358902399,0.0,0.0
1587,238050,-0.8706563,150,0.0,5723,858450,1.555658,0.6850017,0.4036498,452.5742204612599,0.0,0.0
1589,238350,0.3436533,150,0.0,5725,858750,0.33137587,0.67502916,0.29765183,159.7214736570063,0.0,0.0
1589,238350,0.16097093,150,0.0,5728,859200,0.5419434,0.7029143,0.43748367,485.9163969257647,0.0,0.0
1589,238350,0.3452181,150,0.0,5731,859650,0.3460743,0.6912924,0.32935706,375.37534814121824,0.0,0.0
1590,238500,0.32374382,150,0.0,5733,859950,0.36312544,0.68686926,0.34837362,208.19909419606427,0.0,0.0
1591,238650,0.36174548,150,0.0,5735,860250,0.3109243,0.67266977,0.3103336,205.6885047062016,0.0,0.0
1592,238800,0.1946336,150,0.0,5737,860550,0.49660993,0.6912435,0.3604451,215.13892398667883,0.0,0.0
1593,238950,0.36727536,150,0.0,5739,860850,0.32023162,0.687507,0.32009655,171.21532297371107,0.0,0.0
1593,238950,0.3646604,150,0.0,5742,861300,0.3086649,0.6733253,0.30754784,335.40675850811056,0.0,0.0
1594,239100,0.09472847,150,0.0,5745,861750,0.5973469,0.6920754,0.4152305,174.91771178286086,0.0,0.0
1596,239400,0.16301852,150,0.0,5748,862200,0.5085413,0.6715598,0.35943344,163.84285871654532,0.0,0.0
1597,239550,0.30690524,150,0.0,5749,862350,0.37652555,0.6834308,0.33214936,144.46485517362999,0.0,0.0
1597,239550,-0.882794,150,0.0,5751,862650,1.5732826,0.6904886,0.41654536,498.3284119279658,0.0,0.0
1597,239550,-0.87422097,150,0.0,5755,863250,1.5571194,0.6828984,0.34530565,476.4568898730525,0.0,0.0
1597,239550,0.10657942,150,0.0,5758,863700,0.58758974,0.69416916,0.42829192,502.28659157263945,0.0,0.0
1599,239850,0.08463764,150,0.0,5760,864000,0.5926359,0.6772736,0.31869552,213.45232327591472,0.0,0.0
1599,239850,0.07159829,150,0.0,5762,864300,0.62359756,0.69519585,0.35724303,502.2501025821975,0.0,0.0
1601,240150,0.06267947,150,0.0,5764,864600,0.62010574,0.6827852,0.3511572,179.54986506910927,0.0,0.0
1601,240150,0.3779,150,0.0,5767,865050,0.31171197,0.689612,0.31167752,406.9021539480424,0.0,0.0
1601,240150,0.23865691,150,0.0,5770,865500,0.44503245,0.68368936,0.332794,487.01548722402714,0.0,0.0
1603,240450,-0.6142095,150,0.0,5774,866100,1.314758,0.70054847,0.43160138,129.81602991061482,0.0,0.0
1604,240600,0.23507732,150,0.0,5776,866400,0.43968707,0.6747644,0.3541785,211.3121564033254,0.0,0.0
1605,240750,0.26735365,150,0.0,5777,866550,0.4301722,0.69752586,0.37980872,146.79410766220903,0.0,0.0
1605,240750,-1.1095825,150,0.0,5780,867000,1.7944497,0.68486714,0.38176745,543.3669728336205,0.0,0.0
1605,240750,-0.10762942,150,0.0,5784,867600,0.8020657,0.69443625,0.3516184,429.1064647081933,0.0,0.0
1607,241050,0.34520477,150,0.0,5787,868050,0.35099554,0.6962003,0.3310192,126.9140831137226,0.0,0.0
1607,241050,-0.6571728,150,0.0,5790,868500,1.3370103,0.67983747,0.36405396,522.9105664162984,0.0,0.0
1609,241350,0.15315574,150,0.0,5792,868800,0.5571432,0.71029896,0.43391815,177.2619618498823,0.0,0.0
1609,241350,0.3624426,150,0.0,5795,869250,0.3117277,0.6741703,0.30753157,293.59897035476655,0.0,0.0
1609,241350,0.3272204,150,0.0,5798,869700,0.3667328,0.6939532,0.3534819,488.199859548927,0.0,0.0
1611,241650,0.28465715,150,0.0,5801,870150,0.39677337,0.6814305,0.33045557,188.06058752792234,0.0,0.0
1611,241650,0.13372594,150,0.0,5803,870450,0.55348665,0.6872126,0.40439776,538.8716634518862,0.0,0.0
1613,241950,0.23547173,150,0.0,5804,870600,0.44689256,0.6823643,0.32372707,142.07952218129444,0.0,0.0
1613,241950,0.118419886,150,0.0,5807,871050,0.5753181,0.693738,0.42709002,535.4038768226326,0.0,0.0
1613,241950,0.1966579,150,0.0,5811,871650,0.5042177,0.7008756,0.41981715,540.3517571539243,0.0,0.0
1613,241950,-0.6347635,150,0.0,5814,872100,1.3152447,0.6804812,0.34310514,512.5355596179602,0.0,0.0
1615,242250,-0.76710784,150,0.0,5817,872550,1.4461088,0.679001,0.3457884,172.85881884247112,0.0,0.0
1616,242400,0.38570032,150,0.0,5818,872700,0.3165342,0.7022345,0.31488946,127.89129032166262,0.0,0.0
1617,242550,0.15902054,150,0.0,5820,873000,0.5313781,0.69039863,0.3959955,244.0048805195752,0.0,0.0
1617,242550,0.18729076,150,0.0,5823,873450,0.49255726,0.679848,0.3241629,489.4482572984041,0.0,0.0
1617,242550,0.366071,150,0.0,5827,874050,0.32222342,0.6882944,0.3117224,351.0974697813543,0.0,0.0
1619,242850,0.3752983,150,0.0,5829,874350,0.324443,0.6997413,0.324443,139.6998325544298,0.0,0.0
1621,243150,-1.1195233,150,0.0,5832,874800,1.826323,0.7067998,0.4359583,173.69492536159663,0.0,0.0
1621,243150,0.08261323,150,0.0,5834,875100,0.6063463,0.68895954,0.34786654,522.9444685030044,0.0,0.0
1621,243150,0.07617229,150,0.0,5837,875550,0.61659175,0.69276404,0.35794783,503.5174841796845,0.0,0.0
1622,243300,0.36609223,150,0.0,5840,876000,0.31169018,0.6777824,0.3092461,248.97065161000037,0.0,0.0
1623,243450,0.35398713,150,0.0,5841,876150,0.33147207,0.6854592,0.32523617,139.8129917322754,0.0,0.0
1623,243450,0.35512802,150,0.0,5843,876450,0.34116045,0.69628847,0.33991373,400.9339790976294,0.0,0.0
1625,243750,0.35904476,150,0.0,5844,876600,0.31923535,0.6782801,0.31589276,129.92073984405684,0.0,0.0
1625,243750,0.1235829,150,0.0,5846,876900,0.5659776,0.6895605,0.33419406,480.47654686807897,0.0,0.0
1625,243750,0.14232212,150,0.0,5849,877350,0.53135616,0.6736783,0.32306135,494.13272679291754,0.0,0.0
1625,243750,0.11879486,150,0.0,5853,877950,0.5529667,0.6717616,0.3665355,517.9291251657771,0.0,0.0
1627,244050,0.3610574,150,0.0,5854,878100,0.3090763,0.6701337,0.3078404,112.62039224713757,0.0,0.0
1628,244200,0.35232395,150,0.0,5856,878400,0.3240564,0.67638034,0.31538814,169.66114456206813,0.0,0.0
1629,244350,0.11179018,150,0.0,5858,878700,0.577605,0.6893952,0.4242958,431.62081042236224,0.0,0.0
1629,244350,0.3798443,150,0.0,5861,879150,0.3089522,0.6887965,0.30738539,352.0455885858429,0.0,0.0
1629,244350,0.33440548,150,0.0,5865,879750,0.342551,0.6769565,0.32184625,343.4900228048615,0.0,0.0
1631,244650,0.36320207,150,0.0,5867,880050,0.31969044,0.6828925,0.31843942,146.56662683803617,0.0,0.0
1632,244800,0.24559435,150,0.0,5869,880350,0.44726142,0.6928558,0.32529026,183.21722553917175,0.0,0.0
1633,244950,0.35811308,150,0.0,5872,880800,0.33145514,0.6895682,0.31786373,135.8612212673588,0.0,0.0
1633,244950,0.14768577,150,0.0,5875,881250,0.527127,0.6748128,0.37468833,496.425302520531,0.0,0.0
1634,245100,0.33668888,150,0.0,5878,881700,0.3575179,0.6942068,0.3290446,246.89407320579176,0.0,0.0
1634,245100,0.2581191,150,0.0,5880,882000,0.43274993,0.69086903,0.39435372,495.99480311434723,0.0,0.0
1636,245400,0.10739803,150,0.0,5882,882300,0.58793217,0.6953302,0.39882123,147.689880772129,0.0,0.0
1637,245550,0.3503416,150,0.0,5884,882600,0.34853807,0.69887966,0.33405522,200.80084718985364,0.0,0.0
1637,245550,0.1332516,150,0.0,5887,883050,0.54944724,0.68269885,0.3280134,466.40309993617166,0.0,0.0
1637,245550,0.3807732,150,0.0,5890,883500,0.30853635,0.68930954,0.30831924,179.37427974657342,0.0,0.0
1638,245700,0.24985391,150,0.0,5892,883800,0.42653763,0.67639154,0.3832473,390.77536361959335,0.0,0.0
1639,245850,0.19824347,150,0.0,5894,884100,0.49507234,0.6933158,0.38574684,155.04663507141709,0.0,0.0
1641,246150,0.360166,150,0.0,5895,884250,0.31032938,0.6704954,0.30746683,145.51069256080487,0.0,0.0
1641,246150,-0.007937789,150,0.0,5897,884550,0.6989359,0.69099814,0.5583879,514.370087430854,0.0,0.0
1642,246300,0.3348883,150,0.0,5901,885150,0.35553947,0.6904278,0.34308147,177.92785493270708,0.0,0.0
1643,246450,0.35333285,150,0.0,5904,885600,0.32471552,0.6780484,0.3060227,200.8593128944823,0.0,0.0
1644,246600,0.22019905,150,0.0,5906,885900,0.4567632,0.67696226,0.31689125,211.4011239636098,0.0,0.0
1645,246750,0.21859008,150,0.0,5908,886200,0.4794764,0.6980665,0.41178307,210.92570260726308,0.0,0.0
1645,246750,-0.79631144,150,0.0,5911,886650,1.4899467,0.6936353,0.35322896,504.8933629511691,0.0,0.0
1645,246750,0.30071425,150,0.0,5914,887100,0.3703804,0.67109466,0.31184018,437.31817091777333,0.0,0.0
1646,246900,0.30766276,150,0.0,5917,887550,0.3773482,0.68501097,0.3504844,215.38300374351047,0.0,0.0
1648,247200,-0.7542937,150,0.0,5919,887850,1.4534132,0.69911957,0.36648023,206.85141116291976,0.0,0.0
1648,247200,0.35826534,150,0.0,5921,888150,0.31497186,0.6732372,0.30561104,510.7625812139697,0.0,0.0
1649,247350,0.32323304,150,0.0,5923,888450,0.37094685,0.6941799,0.35757795,392.05795880418214,0.0,0.0
1649,247350,-1.3693051,150,0.0,5926,888900,2.0628567,0.6935515,0.35227448,407.73995192503986,0.0,0.0
1650,247500,0.11457205,150,0.0,5929,889350,0.5861744,0.7007465,0.3749039,231.14351351619447,0.0,0.0
1650,247500,0.10249567,150,0.0,5932,889800,0.5941925,0.6966882,0.41551995,473.5691397714297,0.0,0.0
1652,247800,-0.31306952,150,0.0,5933,889950,0.9975515,0.684482,0.33941108,145.2454437768189,0.0,0.0
1653,247950,0.3399559,150,0.0,5935,890250,0.3441902,0.6841461,0.33508956,162.79489071719783,0.0,0.0
1653,247950,-0.8567434,150,0.0,5938,890700,1.5425456,0.68580216,0.34311193,437.4121206727774,0.0,0.0
1654,248100,-0.15399247,150,0.0,5941,891150,0.8296197,0.67562723,0.33392012,315.6007115174122,0.0,0.0
1654,248100,0.119336486,150,0.0,5943,891450,0.58191913,0.7012556,0.37400797,538.4390763242621,0.0,0.0
1655,248250,0.35411635,150,0.0,5947,892050,0.32285395,0.6769703,0.29273725,196.55787774117601,0.0,0.0
1656,248400,0.12049973,150,0.0,5949,892350,0.5734536,0.69395334,0.36167514,349.02370870310284,0.0,0.0
1657,248550,0.3822078,150,0.0,5951,892650,0.31320775,0.69541556,0.3105097,168.93701450239692,0.0,0.0
1658,248700,-0.81156915,150,0.0,5954,893100,1.4976634,0.6860942,0.35613808,255.96594203163886,0.0,0.0
1658,248700,0.13709915,150,0.0,5956,893400,0.55835664,0.6954558,0.3907377,503.6359866699434,0.0,0.0
1659,248850,0.33028704,150,0.0,5959,893850,0.36267608,0.6929631,0.3361783,268.2531297127968,0.0,0.0
1660,249000,-0.02118814,150,0.0,5961,894150,0.6969809,0.67579275,0.32089785,198.13344175138403,0.0,0.0
1661,249150,0.35579985,150,0.0,5963,894450,0.33729225,0.6930921,0.31420782,452.4918692579556,0.0,0.0
1661,249150,0.37612382,150,0.0,5966,894900,0.31009653,0.68622035,0.30756617,337.1793250256712,0.0,0.0
1662,249300,-0.9230012,150,0.0,5968,895200,1.6165588,0.69355756,0.42553246,202.88075597352002,0.0,0.0
1663,249450,0.12700826,150,0.0,5971,895650,0.565233,0.69224125,0.39224327,382.2220980169755,0.0,0.0
1664,249600,-1.409044,150,0.0,5972,895800,2.1117685,0.70272446,0.4118781,124.38911694873131,0.0,0.0
1665,249750,0.08887255,150,0.0,5974,896100,0.6158356,0.70470816,0.41679814,175.44260422615648,0.0,0.0
1665,249750,0.37476444,150,0.0,5977,896550,0.3118599,0.68662435,0.30948156,380.4520708069704,0.0,0.0
1666,249900,0.22841278,150,0.0,5980,897000,0.44716343,0.6755762,0.33521432,140.5298962329728,0.0,0.0
1667,250050,0.35736343,150,0.0,5983,897450,0.3321412,0.6895046,0.3118772,240.72333439063837,0.0,0.0
1668,250200,0.12999004,150,0.0,5985,897750,0.5690114,0.69900143,0.43532953,209.19082832366868,0.0,0.0
1669,250350,0.37379637,150,0.0,5987,898050,0.32303193,0.6968283,0.31813598,166.3989471420784,0.0,0.0
1669,250350,0.37160736,150,0.0,5989,898350,0.3170784,0.6886858,0.31320179,331.69139278145065,0.0,0.0
1670,250500,0.10450828,150,0.0,5991,898650,0.5828481,0.68735635,0.33365062,166.05002201171214,0.0,0.0
1671,250650,0.12747222,150,0.0,5995,899250,0.5663027,0.69377494,0.3835754,265.74024053007344,0.0,0.0
1672,250800,0.36338115,150,0.0,5996,899400,0.33550322,0.69888437,0.32252708,127.46526413037752,0.0,0.0
1672,250800,0.033313513,150,0.0,5999,899850,0.6538374,0.6871509,0.41522017,531.3361743527897,0.0,0.0
1673,250950,0.37740442,150,0.0,6001,900150,0.31496695,0.69237137,0.3128257,192.355500766798,0.0,0.0
1674,251100,0.26810178,150,0.0,6004,900600,0.41432932,0.6824311,0.41137567,200.97621810041247,0.0,0.0
1674,251100,0.2513315,150,0.0,6006,900900,0.43362933,0.68496084,0.30988795,439.1518303995845,0.0,0.0
1676,251400,0.1016261,150,0.0,6008,901200,0.5904439,0.69207,0.4199236,169.47801269039977,0.0,0.0
1676,251400,0.33450618,150,0.0,6011,901650,0.35372415,0.68823034,0.32217717,475.0039637419536,0.0,0.0
1677,251550,-1.2004917,150,0.0,6013,901950,1.8918349,0.6913431,0.34798905,253.1751643145068,0.0,0.0
1677,251550,0.24925637,150,0.0,6016,902400,0.4334641,0.6827205,0.30678362,511.0505140595719,0.0,0.0
1678,251700,0.20558769,150,0.0,6018,902700,0.48254782,0.6881355,0.3860769,510.99572373630923,0.0,0.0
1680,252000,0.0701862,150,0.0,6022,903300,0.6246777,0.6948639,0.41978696,167.90146651607958,0.0,0.0
1680,252000,0.3291979,150,0.0,6024,903600,0.3592024,0.6884003,0.3377974,463.3996084479779,0.0,0.0
1681,252150,0.26573545,150,0.0,6026,903900,0.41605455,0.68179,0.3087793,174.88260698795924,0.0,0.0
1681,252150,0.15022546,150,0.0,6029,904350,0.5545708,0.70479625,0.42688826,521.9513975768476,0.0,0.0
1682,252300,0.37278697,150,0.0,6032,904800,0.30844644,0.6812334,0.30759293,199.03523468700806,0.0,0.0
1683,252450,0.11338097,150,0.0,6035,905250,0.58555984,0.6989408,0.40403098,227.81214084439722,0.0,0.0
1684,252600,0.34166783,150,0.0,6036,905400,0.343296,0.6849638,0.30638865,150.11305979630865,0.0,0.0
1685,252750,0.101076245,150,0.0,6039,905850,0.58909863,0.6901749,0.3934835,288.35868835868837,0.0,0.0
1685,252750,0.38181043,150,0.0,6042,906300,0.3196913,0.7015017,0.3196913,433.3949635867154,0.0,0.0
1686,252900,0.087616384,150,0.0,6046,906900,0.60636175,0.69397813,0.38058797,301.8783620579213,0.0,0.0
1686,252900,0.3567045,150,0.0,6049,907350,0.31380996,0.67051446,0.30981895,346.39736512624336,0.0,0.0
1688,253200,-0.6986229,150,0.0,6051,907650,1.3742343,0.67561144,0.32779437,137.62043923352874,0.0,0.0
1688,253200,0.1507526,150,0.0,6053,907950,0.53978443,0.69053704,0.4069707,516.3203169752109,0.0,0.0
1689,253350,-0.8124678,150,0.0,6055,908250,1.5027932,0.6903254,0.35854378,199.93421811556829,0.0,0.0
1689,253350,0.35514715,150,0.0,6058,908700,0.31762013,0.6727673,0.3173258,332.75028242850436,0.0,0.0
1690,253500,0.16571432,150,0.0,6060,909000,0.5218281,0.68754244,0.317831,192.59185791295883,0.0,0.0
1691,253650,0.21030009,150,0.0,6063,909450,0.46856332,0.6788634,0.3405639,212.38437604332043,0.0,0.0
1692,253800,0.23921698,150,0.0,6065,909750,0.44285202,0.682069,0.3178464,261.3380986383241,0.0,0.0
1693,253950,-0.40863454,150,0.0,6067,910050,1.0914438,0.68280923,0.30655405,190.5209162631778,0.0,0.0
1693,253950,-0.8109091,150,0.0,6070,910500,1.4862779,0.67536885,0.3713297,475.49255750503534,0.0,0.0
1694,254100,-1.3038325,150,0.0,6073,910950,2.0040672,0.7002346,0.39694354,248.8399779457773,0.0,0.0
1694,254100,0.16554391,150,0.0,6075,911250,0.52525014,0.69079405,0.32520875,449.7578732305158,0.0,0.0
1696,254400,0.36855197,150,0.0,6077,911550,0.31142223,0.6799742,0.31059942,173.3592274101,0.0,0.0
1697,254550,-0.6926263,150,0.0,6079,911850,1.36663,0.67400366,0.33622342,427.11418417327724,0.0,0.0
1697,254550,0.3637401,150,0.0,6080,912000,0.30926555,0.67300564,0.3084601,147.56572895376422,0.0,0.0
1697,254550,0.35929444,150,0.0,6084,912600,0.31440374,0.6736982,0.30841807,370.48271735942876,0.0,0.0
1698,254700,0.266293,150,0.0,6086,912900,0.42534,0.691633,0.30715013,226.9439527661817,0.0,0.0
1700,255000,0.35592034,150,0.0,6090,913500,0.31559238,0.6715127,0.31331518,156.0020352438375,0.0,0.0
1700,255000,0.24165839,150,0.0,6092,913800,0.43419504,0.67585343,0.3030746,417.11209099823185,0.0,0.0
1701,255150,0.33675852,150,0.0,6094,914100,0.35378954,0.69054806,0.35024258,148.17050596171728,0.0,0.0
1701,255150,0.34402785,150,0.0,6098,914700,0.33567992,0.67970777,0.31414923,331.4980984105473,0.0,0.0
1702,255300,0.25193396,150,0.0,6100,915000,0.42619875,0.6781327,0.29863694,170.07713605563183,0.0,0.0
1704,255600,0.32924417,150,0.0,6103,915450,0.3590922,0.6883364,0.34704888,152.2635306508885,0.0,0.0
1704,255600,-0.7954008,150,0.0,6105,915750,1.4994613,0.7040605,0.43053588,401.1968074930556,0.0,0.0
1705,255750,0.07518196,150,0.0,6107,916050,0.6191066,0.69428855,0.41708872,192.16314632356938,0.0,0.0
1705,255750,0.13259399,150,0.0,6111,916650,0.5530634,0.6856574,0.33947706,504.0265526073132,0.0,0.0
1706,255900,0.25589365,150,0.0,6113,916950,0.4183315,0.67422515,0.34058198,177.07148204646137,0.0,0.0
1707,256050,0.362706,150,0.0,6116,917400,0.3145513,0.6772573,0.30865064,287.39959901274364,0.0,0.0
1708,256200,0.30897462,150,0.0,6117,917550,0.38807082,0.69704545,0.34929395,137.3785932892659,0.0,0.0
1709,256350,-1.3981178,150,0.0,6120,918000,2.0823972,0.6842795,0.41602877,297.4347579635209,0.0,0.0
1709,256350,0.36646092,150,0.0,6122,918300,0.32317007,0.689631,0.32198125,371.21873766455377,0.0,0.0
1710,256500,0.3475866,150,0.0,6125,918750,0.32383135,0.67141795,0.3149236,138.4028226761791,0.0,0.0
1711,256650,0.3715879,150,0.0,6129,919350,0.31274012,0.684328,0.30848503,188.5346516317359,0.0,0.0
1712,256800,0.18332303,150,0.0,6130,919500,0.5078199,0.6911429,0.33624902,139.43925589914292,0.0,0.0
1713,256950,0.3604115,150,0.0,6132,919800,0.31852415,0.67893565,0.31267387,193.21306530533653,0.0,0.0
1713,256950,0.031636536,150,0.0,6135,920250,0.6449097,0.6765462,0.34925455,511.0272682450966,0.0,0.0
1714,257100,0.13026708,150,0.0,6139,920850,0.54875666,0.67902374,0.33026057,205.4785071538309,0.0,0.0
1714,257100,0.3741218,150,0.0,6142,921300,0.31351894,0.6876407,0.31270337,373.70220510493317,0.0,0.0
1716,257400,-0.092773736,150,0.0,6144,921600,0.7714583,0.6786846,0.3171851,165.41388729166025,0.0,0.0
1717,257550,0.26567027,150,0.0,6146,921900,0.42846164,0.6941319,0.3155417,213.02482468457444,0.0,0.0
1717,257550,0.37319785,150,0.0,6149,922350,0.3182636,0.69146144,0.3089157,355.938555122066,0.0,0.0
1718,257700,0.05598849,150,0.0,6152,922800,0.63323194,0.6892204,0.35779178,188.36728449212782,0.0,0.0
1718,257700,0.1452105,150,0.0,6155,923250,0.5403032,0.6855137,0.41238874,518.6502715482703,0.0,0.0
1720,258000,-0.49782044,150,0.0,6156,923400,1.201229,0.70340854,0.37974212,148.19134164567382,0.0,0.0
1720,258000,-0.028030157,150,0.0,6158,923700,0.7217432,0.69371307,0.40548253,333.0430336004472,0.0,0.0
1721,258150,-0.8452615,150,0.0,6160,924000,1.5458857,0.70062417,0.37702268,178.35918045204863,0.0,0.0
1722,258300,0.3567971,150,0.0,6163,924450,0.32898694,0.68578404,0.32237366,310.44282389234814,0.0,0.0
1722,258300,0.15927601,150,0.0,6165,924750,0.5249236,0.68419963,0.3955535,499.3765983893474,0.0,0.0
1723,258450,0.06060803,150,0.0,6168,925200,0.61792123,0.67852926,0.3160281,317.9179324856136,0.0,0.0
1724,258600,0.37574026,150,0.0,6169,925350,0.31442305,0.6901633,0.30975556,113.59832873959412,0.0,0.0
1725,258750,0.28093833,150,0.0,6171,925650,0.39105964,0.67199796,0.3214121,222.31701783919704,0.0,0.0
1725,258750,0.06930286,150,0.0,6174,926100,0.63395435,0.7032572,0.4230239,536.3765873371101,0.0,0.0
1726,258900,0.31180677,150,0.0,6178,926700,0.42515352,0.7369603,0.4084777,164.57833096550593,0.0,0.0
1727,259050,0.38667098,150,0.0,6181,927150,0.3096443,0.6963153,0.30929577,140.7418443428832,0.0,0.0
1729,259350,0.017225802,150,0.0,6184,927600,0.664764,0.6819898,0.33140412,187.2209743712438,0.0,0.0
1729,259350,0.35214534,150,0.0,6186,927900,0.339241,0.69138634,0.32928583,440.1601840269324,0.0,0.0
1729,259350,0.14948434,150,0.0,6189,928350,0.5371778,0.68666214,0.36417234,522.9918518604725,0.0,0.0
1730,259500,0.1714288,150,0.0,6191,928650,0.50283194,0.67426074,0.37494642,202.08877385235965,0.0,0.0
1731,259650,-0.20026499,150,0.0,6194,929100,0.8907709,0.6905059,0.34986046,366.378329398638,0.0,0.0
1732,259800,-0.47743195,150,0.0,6196,929400,1.1689063,0.6914744,0.36954388,189.02604710917169,0.0,0.0
1733,259950,-1.5027313,150,0.0,6198,929700,2.181737,0.6790056,0.67002094,361.2490698123088,0.0,0.0
1733,259950,-1.2452549,150,0.0,6201,930150,1.9354383,0.6901834,0.34730282,445.60525253383764,0.0,0.0
1734,260100,0.24713823,150,0.0,6205,930750,0.43741992,0.68455815,0.31613424,227.64134920640663,0.0,0.0
1735,260250,0.19426233,150,0.0,6208,931200,0.54105204,0.73531437,0.32500568,188.90651741801432,0.0,0.0
1737,260550,0.31264013,150,0.0,6211,931650,0.3699059,0.682546,0.33447543,114.88576807101036,0.0,0.0
1737,260550,0.2446968,150,0.0,6214,932100,0.44336784,0.68806463,0.32481542,497.9549000007123,0.0,0.0
1738,260700,0.351059,150,0.0,6217,932550,0.3315055,0.6825645,0.3207691,209.00069628629592,0.0,0.0
1739,260850,0.06350571,150,0.0,6219,932850,0.6196576,0.6831633,0.3863047,512.5839986964315,0.0,0.0
1739,260850,0.32195708,150,0.0,6221,933150,0.35785088,0.67980796,0.29765147,253.42746783847394,0.0,0.0
1741,261150,0.35805786,150,0.0,6223,933450,0.31725353,0.6753114,0.303672,166.92803829594507,0.0,0.0
1741,261150,0.34500283,150,0.0,6225,933750,0.3310235,0.67602634,0.30743846,451.89190431589776,0.0,0.0
1741,261150,0.36729497,150,0.0,6229,934350,0.3200482,0.6873432,0.31844997,402.38587101816523,0.0,0.0
1743,261450,0.35324588,150,0.0,6232,934800,0.3270407,0.6802866,0.31679162,160.18743448538902,0.0,0.0
1743,261450,0.35888866,150,0.0,6234,935100,0.32339957,0.6822882,0.31578577,337.1950471133083,0.0,0.0
1745,261750,0.34743676,150,0.0,6236,935400,0.32180932,0.6692461,0.32148275,132.4211508249886,0.0,0.0
1745,261750,0.37178162,150,0.0,6238,935700,0.32862243,0.70040405,0.31427974,422.05133881403515,0.0,0.0
1745,261750,0.3529884,150,0.0,6242,936300,0.3233361,0.6763245,0.30898935,491.55417837646525,0.0,0.0
1747,262050,0.14197141,150,0.0,6244,936600,0.5531857,0.6951571,0.41513196,259.9696786006042,0.0,0.0
1747,262050,0.3301083,150,0.0,6247,937050,0.37789658,0.7080049,0.34372357,466.4279958097918,0.0,0.0
1748,262200,0.10606098,150,0.0,6250,937500,0.5900716,0.6961326,0.36199716,188.25466967006503,0.0,0.0
1749,262350,0.3728097,150,0.0,6251,937650,0.3233109,0.6961206,0.3148492,139.96275494188885,0.0,0.0
1749,262350,0.35916054,150,0.0,6254,938100,0.32613868,0.6852992,0.30136478,501.20500356099825,0.0,0.0
1749,262350,-0.05547285,150,0.0,6258,938700,0.7406033,0.6851305,0.42755854,518.776860485443,0.0,0.0
1751,262650,0.13800693,150,0.0,6260,939000,0.55550253,0.69350946,0.40577862,184.70920610743948,0.0,0.0
1752,262800,0.019797921,150,0.0,6263,939450,0.6577446,0.6775425,0.33176786,267.6845117164647,0.0,0.0
1753,262950,0.346202,150,0.0,6264,939600,0.32751915,0.67372113,0.3204299,143.65432301727563,0.0,0.0
1753,262950,0.18865943,150,0.0,6266,939900,0.4883275,0.67698693,0.30808687,472.9642810426562,0.0,0.0
1753,262950,0.24513808,150,0.0,6269,940350,0.44322214,0.6883602,0.32257524,492.0204770790288,0.0,0.0
1754,263100,0.2425709,150,0.0,6272,940800,0.4594004,0.7019713,0.34149495,189.72610072214937,0.0,0.0
1755,263250,0.03264928,150,0.0,6274,941100,0.6632028,0.6958521,0.37121424,259.78622353291917,0.0,0.0
1756,263400,0.34881604,150,0.0,6277,941550,0.3296985,0.67851454,0.31141475,170.5621011424203,0.0,0.0
1757,263550,0.33698332,150,0.0,6279,941850,0.36106986,0.6980532,0.299085,273.61175258000964,0.0,0.0
1757,263550,0.37829864,150,0.0,6282,942300,0.31313533,0.69143397,0.30831936,342.33887949957176,0.0,0.0
1758,263700,0.38603196,150,0.0,6285,942750,0.31171766,0.6977496,0.30967504,250.3565860378719,0.0,0.0
1759,263850,0.35982585,150,0.0,6287,943050,0.32329172,0.68311757,0.31648475,149.1144438548137,0.0,0.0
1760,264000,0.27625355,150,0.0,6290,943500,0.4100825,0.68633604,0.34180164,210.4453753038459,0.0,0.0
1761,264150,-0.83075833,150,0.0,6292,943800,1.5081457,0.67738736,0.3892201,169.15389926460625,0.0,0.0
1761,264150,0.039432704,150,0.0,6295,944250,0.644438,0.68387073,0.3725315,527.7881148483024,0.0,0.0
1762,264300,0.25030884,150,0.0,6297,944550,0.43121138,0.6815202,0.3017597,194.06813330536602,0.0,0.0
1763,264450,0.36173177,150,0.0,6299,944850,0.31000072,0.6717325,0.30851513,203.4556824730346,0.0,0.0
1764,264600,-0.004055083,150,0.0,6301,945150,0.69389564,0.68984056,0.40983227,434.7366064395227,0.0,0.0
1764,264600,0.28788212,150,0.0,6303,945450,0.39672235,0.68460447,0.36769867,331.4416905619982,0.0,0.0
1765,264750,0.016257048,150,0.0,6305,945750,0.67616177,0.6924188,0.3763233,256.7538802081633,0.0,0.0
1765,264750,0.24225298,150,0.0,6308,946200,0.45655015,0.6988031,0.34450632,475.5698336268737,0.0,0.0
1766,264900,-0.917232,150,0.0,6310,946500,1.5972424,0.6800104,0.32584625,197.2294576943538,0.0,0.0
1767,265050,-0.034700096,150,0.0,6312,946800,0.73321646,0.69851637,0.4216851,286.8220496420113,0.0,0.0
1767,265050,0.24826139,150,0.0,6314,947100,0.4372878,0.6855492,0.31529737,476.4727666815861,0.0,0.0
1769,265350,0.24627149,150,0.0,6316,947400,0.44216865,0.68844014,0.3212405,169.3018815069601,0.0,0.0
1769,265350,0.32780796,150,0.0,6318,947700,0.36063296,0.6884409,0.33820933,420.4487268163492,0.0,0.0
1769,265350,-0.64558184,150,0.0,6321,948150,1.330011,0.68442917,0.21055742,507.83007369500115,0.0,0.0
1770,265500,0.17316806,150,0.0,6323,948450,0.5085737,0.6817418,0.38424003,376.3226414247903,0.0,0.0
1771,265650,-1.3771621,150,0.0,6325,948750,2.085893,0.7087308,0.403759,179.14438913799097,0.0,0.0
1772,265800,0.07592374,150,0.0,6327,949050,0.6085403,0.68446404,0.3429438,171.86422426450804,0.0,0.0
1773,265950,0.07772511,150,0.0,6329,949350,0.60937893,0.68710405,0.33189374,222.26282555381508,0.0,0.0
1773,265950,0.3513215,150,0.0,6331,949650,0.33919582,0.6905173,0.32368696,364.29992142438994,0.0,0.0
1774,266100,0.015962362,150,0.0,6334,950100,0.6711458,0.68710816,0.39562738,223.218347495016,0.0,0.0
1775,266250,0.31109333,150,0.0,6336,950400,0.39041293,0.70150626,0.32268006,223.23149496780923,0.0,0.0
1775,266250,0.24975356,150,0.0,6339,950850,0.43041632,0.6801699,0.30427936,496.9735077261891,0.0,0.0
1777,266550,-0.44192535,150,0.0,6341,951150,1.1454014,0.703476,0.3361696,176.9235420051175,0.0,0.0
1777,266550,0.3469407,150,0.0,6343,951450,0.32627547,0.67321616,0.3171139,345.82310487173424,0.0,0.0
1778,266700,0.3586252,150,0.0,6345,951750,0.33845177,0.697077,0.32824257,215.15488934911727,0.0,0.0
1778,266700,0.35621375,150,0.0,6348,952200,0.33882433,0.6950381,0.3175463,355.162953278372,0.0,0.0
1779,266850,-2.4990878,150,0.0,6350,952500,3.1839497,0.6848618,0.25899363,213.36277894796814,0.0,0.0
1780,267000,0.029611707,150,0.0,6353,952950,0.6517212,0.6813329,0.36257637,215.6969066142257,0.0,0.0
1781,267150,0.31626216,150,0.0,6355,953250,0.36571065,0.6819728,0.34517258,258.9226782294775,0.0,0.0
1781,267150,-1.1358035,150,0.0,6357,953550,1.8211557,0.6853522,0.3311524,498.35643804344124,0.0,0.0
1782,267300,0.37793973,150,0.0,6359,953850,0.3202829,0.69822264,0.31703588,194.7409816945602,0.0,0.0
1783,267450,0.35745522,150,0.0,6362,954300,0.33775613,0.69521135,0.32186928,173.4189109662766,0.0,0.0
1784,267600,0.36443493,150,0.0,6364,954600,0.3471674,0.71160233,0.34592962,255.26430782376477,0.0,0.0
1784,267600,0.36439982,150,0.0,6366,954900,0.32092342,0.68532324,0.31353664,347.203697939776,0.0,0.0
1785,267750,-0.00019776821,150,0.0,6369,955350,0.6826501,0.6824523,0.37918487,224.5465762073545,0.0,0.0
1786,267900,-0.84647155,150,0.0,6372,955800,1.5397252,0.69325364,0.34166265,189.21023459646798,0.0,0.0
1787,268050,0.28712156,150,0.0,6375,956250,0.40651682,0.6936384,0.33327273,163.64630925115975,0.0,0.0
1788,268200,-0.19476539,150,0.0,6378,956700,0.8893109,0.6945455,0.42008096,217.99811088927495,0.0,0.0
1788,268200,-3.9733052,150,0.0,6382,957300,4.65193,0.6786245,0.35055995,450.87502544095264,0.0,0.0
1790,268500,0.2932899,150,0.0,6385,957750,0.40100634,0.69429624,0.34399122,178.01016545172428,0.0,0.0
1790,268500,0.19281137,150,0.0,6388,958200,0.509589,0.7024004,0.37514618,461.4293960047555,0.0,0.0
1791,268650,-0.8472767,150,0.0,6390,958500,1.5441866,0.6969099,0.37881592,208.7678809455627,0.0,0.0
1792,268800,-1.034514,150,0.0,6392,958800,1.727168,0.69265395,0.39796585,208.9540500470287,0.0,0.0
1792,268800,0.3552899,150,0.0,6396,959400,0.31386015,0.66915005,0.3089976,385.2172054887789,0.0,0.0
1794,269100,-0.8325183,150,0.0,6398,959700,1.5418063,0.70928806,0.40453422,194.10591410903635,0.0,0.0
1794,269100,0.3285467,150,0.0,6400,960000,0.35336816,0.68191487,0.32061753,374.78076824786757,0.0,0.0
1795,269250,-0.166717,150,0.0,6403,960450,0.8614045,0.6946875,0.4040374,256.5362250113457,0.0,0.0
1796,269400,0.34841037,150,0.0,6406,960900,0.32792073,0.6763311,0.3177389,149.7619122431666,0.0,0.0
1796,269400,0.36114693,150,0.0,6409,961350,0.319977,0.6811239,0.3038455,356.2122284439563,0.0,0.0
1798,269700,0.35870516,150,0.0,6412,961800,0.33127153,0.6899767,0.31652576,133.2460762923043,0.0,0.0
1798,269700,0.25104678,150,0.0,6416,962400,0.4294045,0.6804513,0.30398968,467.6282168014348,0.0,0.0
1799,269850,-1.2656851,150,0.0,6418,962700,1.9466368,0.6809517,0.3956676,214.52623689740687,0.0,0.0
1800,270000,0.3393269,150,0.0,6420,963000,0.33637092,0.6756978,0.3174909,283.17709685971215,0.0,0.0
1800,270000,0.3564094,150,0.0,6423,963450,0.31896815,0.67537755,0.31595728,350.64388733392855,0.0,0.0
1802,270300,0.35747278,150,0.0,6426,963900,0.3319592,0.68943197,0.32053873,130.465255023357,0.0,0.0
1802,270300,0.3093872,150,0.0,6429,964350,0.39678574,0.70617294,0.37197134,463.3248716946033,0.0,0.0
1804,270600,0.32751566,150,0.0,6432,964800,0.3648646,0.69238025,0.30445084,206.58326005538697,0.0,0.0
1804,270600,0.041543007,150,0.0,6434,965100,0.65603524,0.69757825,0.35530356,476.74355692660225,0.0,0.0
1804,270600,0.24740818,150,0.0,6438,965700,0.43993393,0.6873421,0.31518596,437.059030300841,0.0,0.0
1806,270900,0.24477333,150,0.0,6441,966150,0.43738884,0.68216217,0.32385316,130.43390646010496,0.0,0.0
1807,271050,0.35207477,150,0.0,6444,966600,0.3249847,0.6770595,0.32149386,195.88615950223428,0.0,0.0
1808,271200,0.37683386,150,0.0,6446,966900,0.30988222,0.6867161,0.3078245,178.54686834861084,0.0,0.0
1808,271200,0.02622044,150,0.0,6448,967200,0.65867716,0.6848976,0.33661774,459.1167586998546,0.0,0.0
1809,271350,-1.0114547,150,0.0,6452,967800,1.6967943,0.68533957,0.39661753,222.13749918350703,0.0,0.0
1810,271500,-1.4089766,150,0.0,6454,968100,2.092586,0.6836094,0.32239547,216.89350752504902,0.0,0.0
1811,271650,0.02052921,150,0.0,6458,968700,0.66377354,0.68430275,0.3639348,178.46061854488693,0.0,0.0
1812,271800,-0.9414218,150,0.0,6460,969000,1.6301466,0.6887248,0.4082106,289.5017994193818,0.0,0.0
1812,271800,-0.7281245,150,0.0,6464,969600,1.4177287,0.68960416,0.32821652,485.4488552539799,0.0,0.0
1814,272100,0.35367972,150,0.0,6466,969900,0.3270563,0.680736,0.31693307,119.0106432181051,0.0,0.0
1814,272100,0.086106,150,0.0,6469,970350,0.59801114,0.68411714,0.34377635,504.7090732749803,0.0,0.0
1815,272250,0.35174078,150,0.0,6470,970500,0.3229382,0.674679,0.31487688,136.17663801630712,0.0,0.0
1816,272400,-0.11340606,150,0.0,6472,970800,0.79444206,0.681036,0.21363245,147.13149459188878,0.0,0.0
1816,272400,0.37124756,150,0.0,6476,971400,0.31424132,0.6854889,0.31250268,351.814276104142,0.0,0.0
1818,272700,-0.036989212,150,0.0,6478,971700,0.72254765,0.68555844,0.39740235,168.31967022330235,0.0,0.0
1818,272700,-0.02997744,150,0.0,6480,972000,0.70953846,0.679561,0.35340336,484.0359719370268,0.0,0.0
1818,272700,0.24770585,150,0.0,6483,972450,0.4446043,0.69231015,0.33008263,447.1037367516654,0.0,0.0
1820,273000,-1.43575,150,0.0,6485,972750,2.116238,0.68048817,0.32740095,181.79820676913013,0.0,0.0
1820,273000,-0.2580495,150,0.0,6488,973200,0.9497395,0.69169,0.3834235,491.53612852921736,0.0,0.0
1822,273300,-1.2135086,150,0.0,6491,973650,1.8982952,0.68478656,0.3192896,247.6434444781207,0.0,0.0
1822,273300,-1.4039875,150,0.0,6493,973950,2.0991328,0.69514525,0.34234703,360.0504068371999,0.0,0.0
1822,273300,0.37283987,150,0.0,6496,974400,0.33163303,0.7044729,0.3278203,339.6732980313226,0.0,0.0
1824,273600,0.36500254,150,0.0,6498,974700,0.33382455,0.6988271,0.32842878,151.87175431147168,0.0,0.0
1824,273600,0.13047451,150,0.0,6502,975300,0.54833573,0.67881024,0.3088472,468.9677791576038,0.0,0.0
1825,273750,-1.0342302,150,0.0,6505,975750,1.7228016,0.68857133,0.36488163,195.21338338823796,0.0,0.0
1826,273900,-0.8349282,150,0.0,6507,976050,1.5346094,0.6996812,0.36201575,512.3928011219539,0.0,0.0
1827,274050,-0.81374997,150,0.0,6510,976500,1.5052273,0.69147736,0.41488963,347.5763952459901,0.0,0.0
1827,274050,-1.4316021,150,0.0,6512,976800,2.1092288,0.6776267,0.309737,517.7492583250696,0.0,0.0
1828,274200,-3.0090656,150,0.0,6514,977100,3.7095883,0.7005228,0.3932523,254.67749261039475,0.0,0.0
1828,274200,0.3036748,150,0.0,6518,977700,0.37101236,0.67468715,0.30503836,425.76176123067427,0.0,0.0
1829,274350,0.29978037,150,0.0,6520,978000,0.3835289,0.68330926,0.3197821,205.0211051175959,0.0,0.0
1830,274500,0.34916028,150,0.0,6521,978150,0.32652733,0.6756876,0.31238067,132.72422302044598,0.0,0.0
1831,274650,0.35290423,150,0.0,6524,978600,0.3297334,0.68263763,0.31098947,356.4233125080729,0.0,0.0
1832,274800,0.24722898,150,0.0,6525,978750,0.43052018,0.67774916,0.29734698,141.10266510181376,0.0,0.0
1832,274800,0.36889458,150,0.0,6528,979200,0.3129148,0.68180937,0.3107782,303.06073492320706,0.0,0.0
1833,274950,0.38155103,150,0.0,6532,979800,0.31450957,0.6960606,0.31377348,210.16088117534585,0.0,0.0
1834,275100,-1.1022825,150,0.0,6534,980100,1.7804828,0.6782003,0.3211029,185.92119179523732,0.0,0.0
1835,275250,0.27125525,150,0.0,6537,980550,0.4030794,0.67433465,0.3069077,169.4607117211123,0.0,0.0
1836,275400,0.221475,150,0.0,6539,980850,0.4584552,0.6799302,0.37288183,319.27799988429484,0.0,0.0
1836,275400,-1.0427086,150,0.0,6542,981300,1.7280008,0.6852922,0.4084322,536.050283342237,0.0,0.0
1837,275550,0.24423876,150,0.0,6545,981750,0.4482775,0.69251627,0.36702907,230.02242291004987,0.0,0.0
1838,275700,0.35942322,150,0.0,6547,982050,0.31427777,0.673701,0.31281707,127.94921286736974,0.0,0.0
1840,276000,0.07432085,150,0.0,6551,982650,0.65253806,0.7268589,0.37199768,269.86957892501806,0.0,0.0
1840,276000,-0.9706259,150,0.0,6553,982950,1.6548027,0.6841768,0.3805815,466.54628751435837,0.0,0.0
1840,276000,0.37167296,150,0.0,6556,983400,0.3142183,0.6858913,0.31299123,378.2393755264216,0.0,0.0
1841,276150,-0.052400887,150,0.0,6559,983850,0.7488475,0.6964466,0.4093686,274.35341275094913,0.0,0.0
1842,276300,-0.29554874,150,0.0,6561,984150,0.9947954,0.69924664,0.38864303,214.67431990604285,0.0,0.0
1843,276450,-0.42124844,150,0.0,6565,984750,1.1013608,0.68011236,0.37388894,214.64751366739176,0.0,0.0
1844,276600,0.023534954,150,0.0,6566,984900,0.6769552,0.7004902,0.3991493,147.5920383490971,0.0,0.0
1844,276600,0.35752812,150,0.0,6569,985350,0.31150094,0.66902906,0.3085948,344.56022055513387,0.0,0.0
1844,276600,-0.9122012,150,0.0,6573,985950,1.6031842,0.690983,0.4031177,492.42829938660293,0.0,0.0
1846,276900,0.19301125,150,0.0,6574,986100,0.49320915,0.6862204,0.38278443,139.28320947597356,0.0,0.0
1846,276900,0.20377833,150,0.0,6576,986400,0.48196656,0.6857449,0.3878472,514.940120348605,0.0,0.0
1848,277200,0.2451157,150,0.0,6578,986700,0.43424952,0.6793652,0.30924025,171.44833228099137,0.0,0.0
1848,277200,0.22256815,150,0.0,6580,987000,0.45630682,0.67887497,0.36303142,533.2646211222241,0.0,0.0
1848,277200,0.28388822,150,0.0,6584,987600,0.39764404,0.68153226,0.33529928,474.79891749768694,0.0,0.0
1850,277500,0.24287522,150,0.0,6587,988050,0.44990963,0.69278485,0.33040264,155.85417803098426,0.0,0.0
1850,277500,0.36118764,150,0.0,6589,988350,0.3286053,0.68979293,0.29891598,514.9329555304014,0.0,0.0
1851,277650,0.2447938,150,0.0,6591,988650,0.43748328,0.6822771,0.31518266,190.33422700135955,0.0,0.0
1852,277800,0.24144515,150,0.0,6593,988950,0.4450659,0.68651104,0.38188094,182.79885999424127,0.0,0.0
1852,277800,0.0724473,150,0.0,6596,989400,0.62410784,0.69655514,0.37497213,492.8476082447092,0.0,0.0
1852,277800,0.28835458,150,0.0,6599,989850,0.39708245,0.685437,0.33855718,485.907390030005,0.0,0.0
1854,278100,-0.13764429,150,0.0,6601,990150,0.8204615,0.6828172,0.39728302,155.59408097824016,0.0,0.0
1854,278100,-0.26639158,150,0.0,6603,990450,0.94304115,0.6766496,0.3626289,485.027826753309,0.0,0.0
1856,278400,0.35492536,150,0.0,6606,990900,0.33428314,0.6892085,0.30488694,140.65078746212922,0.0,0.0
1856,278400,0.35937348,150,0.0,6609,991350,0.31363085,0.6730043,0.3102525,353.9749956818293,0.0,0.0
1856,278400,-0.32201678,150,0.0,6613,991950,1.0057409,0.6837241,0.32781002,496.7565122024592,0.0,0.0
1858,278700,-0.37023038,150,0.0,6615,992250,1.0468216,0.6765912,0.33384654,143.3161887262914,0.0,0.0
1858,278700,0.25050268,150,0.0,6617,992550,0.4371507,0.68765336,0.31929988,486.4386166072998,0.0,0.0
1860,279000,0.0075510144,150,0.0,6619,992850,0.6707738,0.6783248,0.3102445,167.86347773188615,0.0,0.0
1860,279000,0.24867275,150,0.0,6621,993150,0.4445705,0.69324327,0.32023436,451.7319444175191,0.0,0.0
1860,279000,0.35692906,150,0.0,6624,993600,0.33370715,0.6906362,0.32903075,363.4478073398311,0.0,0.0
1860,279000,0.3714191,150,0.0,6627,994050,0.32067397,0.6920931,0.3175541,341.2766760726572,0.0,0.0
1862,279300,0.36086807,150,0.0,6630,994500,0.32576546,0.6866335,0.3219236,121.78064426214911,0.0,0.0
1864,279600,-0.8486301,150,0.0,6632,994800,1.5200909,0.67146087,0.34527084,171.4942249260006,0.0,0.0
1864,279600,0.27475563,150,0.0,6634,995100,0.41940108,0.6941567,0.34780595,508.47691046896745,0.0,0.0
1864,279600,-0.2198366,150,0.0,6637,995550,0.91790783,0.69807124,0.36549878,524.4689417849158,0.0,0.0
1864,279600,0.24371314,150,0.0,6640,996000,0.45201594,0.6957291,0.3307757,476.4399317235561,0.0,0.0
1866,279900,0.36663982,150,0.0,6643,996450,0.32688382,0.69352365,0.3228017,115.16862807695877,0.0,0.0
1867,280050,0.032223105,150,0.0,6645,996750,0.66263354,0.69485664,0.3920949,225.51630026657816,0.0,0.0
1868,280200,-1.3628365,150,0.0,6647,997050,2.06315,0.70031345,0.38605708,169.1529442066963,0.0,0.0
1868,280200,0.20691922,150,0.0,6650,997500,0.49479672,0.70171595,0.2981751,373.960093605098,0.0,0.0
1870,280500,0.24345279,150,0.0,6654,998100,0.4369406,0.6803934,0.3166979,246.04776054494982,0.0,0.0
1870,280500,0.16619033,150,0.0,6655,998250,0.507798,0.67398834,0.31439403,138.17457622726192,0.0,0.0
1871,280650,-1.0205245,150,0.0,6658,998700,1.7127044,0.6921799,0.3242419,151.0005128989157,0.0,0.0
1872,280800,0.3615456,150,0.0,6660,999000,0.3259366,0.6874822,0.32183412,254.92515687032457,0.0,0.0
1872,280800,0.36706847,150,0.0,6663,999450,0.32316,0.69022846,0.3221329,423.74953778883565,0.0,0.0
1872,280800,-0.19996923,150,0.0,6666,999900,0.8710487,0.67107946,0.34515387,544.6506731674885,0.0,0.0
1874,281100,0.3492169,150,0.0,6668,1000200,0.33149108,0.680708,0.29627797,165.0398482929149,0.0,0.0
1874,281100,-0.30360794,150,0.0,6669,1000350,0.9997788,0.69617087,0.36540484,151.85316952111913,0.0,0.0
1875,281250,0.38139442,150,0.0,6672,1000800,0.3178093,0.6992037,0.31735417,359.48979119562404,0.0,0.0
1876,281400,-0.6098365,150,0.0,6674,1001100,1.3128132,0.70297664,0.38961253,297.4436169850641,0.0,0.0
1876,281400,0.36150086,150,0.0,6678,1001700,0.32391316,0.685414,0.29283944,461.77247298632324,0.0,0.0
1876,281400,0.34714553,150,0.0,6682,1002300,0.33613637,0.6832819,0.3005573,464.1650835340684,0.0,0.0
1879,281850,-1.3975525,150,0.0,6684,1002600,2.095817,0.69826454,0.33774233,147.79156768215205,0.0,0.0
1880,282000,0.37775484,150,0.0,6686,1002900,0.31919107,0.6969459,0.3184362,256.61166631725524,0.0,0.0
1880,282000,0.05842811,150,0.0,6688,1003200,0.62977844,0.68820655,0.32707527,488.7718041605131,0.0,0.0
1880,282000,0.24851963,150,0.0,6692,1003800,0.4459866,0.6945062,0.32792264,478.7715844432962,0.0,0.0
1880,282000,0.24503466,150,0.0,6696,1004400,0.44082287,0.68585753,0.3201797,484.34488460786383,0.0,0.0
1883,282450,0.33509374,150,0.0,6698,1004700,0.35167933,0.68677306,0.3130242,123.14027814258966,0.0,0.0
1883,282450,-0.8656501,150,0.0,6700,1005000,1.5374539,0.6718038,0.32378203,484.35383367027526,0.0,0.0
1884,282600,-0.24167126,150,0.0,6703,1005450,0.9179054,0.6762341,0.34105608,217.7564371246604,0.0,0.0
1884,282600,0.33119342,150,0.0,6707,1006050,0.36222288,0.6934163,0.3385549,468.12786978193566,0.0,0.0
1885,282750,-0.20952213,150,0.0,6710,1006500,0.8985439,0.68902177,0.35485852,291.99582853554585,0.0,0.0
1887,283050,-0.10644001,150,0.0,6712,1006800,0.7998242,0.6933842,0.3772712,142.01361660863287,0.0,0.0
1887,283050,0.35896948,150,0.0,6714,1007100,0.31826863,0.6772381,0.3011669,477.5831534903705,0.0,0.0
1888,283200,0.10933584,150,0.0,6716,1007400,0.56163335,0.6709692,0.31436858,245.8489281669854,0.0,0.0
1888,283200,-0.17794913,150,0.0,6720,1008000,0.87300384,0.6950547,0.6950547,410.8703275948881,0.0,0.0
1889,283350,0.24692771,150,0.0,6723,1008450,0.45150056,0.6984283,0.33043265,199.90169273419068,0.0,0.0
1891,283650,0.36456183,150,0.0,6724,1008600,0.3192865,0.6838483,0.31603542,117.46296152120593,0.0,0.0
1891,283650,0.35345614,150,0.0,6726,1008900,0.3339451,0.68740124,0.3303199,494.76107155074453,0.0,0.0
1892,283800,0.25013027,150,0.0,6729,1009350,0.43408212,0.6842124,0.3101056,204.8048667823161,0.0,0.0
1892,283800,0.16238415,150,0.0,6732,1009800,0.52904916,0.6914333,0.32862344,438.4115752893439,0.0,0.0
1893,283950,-1.3188772,150,0.0,6736,1010400,2.0129616,0.69408435,0.32877365,232.0207464839843,0.0,0.0
1895,284250,-0.77236176,150,0.0,6738,1010700,1.4595284,0.6871667,0.36987206,180.05879605461988,0.0,0.0
1895,284250,0.36725354,150,0.0,6740,1011000,0.3218251,0.6890786,0.31962225,413.6302015602544,0.0,0.0
1896,284400,0.35815418,150,0.0,6742,1011300,0.31980926,0.67796344,0.30989516,175.37320900791562,0.0,0.0
1896,284400,0.32458276,150,0.0,6745,1011750,0.37018758,0.69477034,0.34101722,479.7101360872032,0.0,0.0
1896,284400,-0.026197314,150,0.0,6749,1012350,0.7266051,0.7004078,0.38668874,498.63213031496906,0.0,0.0
1898,284700,0.19342816,150,0.0,6751,1012650,0.5027235,0.6961517,0.38387197,141.1475534514705,0.0,0.0
1899,284850,0.30756983,150,0.0,6753,1012950,0.39020345,0.6977733,0.35040003,425.0917722224587,0.0,0.0
1900,285000,0.34738734,150,0.0,6756,1013400,0.33314756,0.6805349,0.30580202,255.20839291212195,0.0,0.0
1900,285000,-0.09748757,150,0.0,6758,1013700,0.7798176,0.68233,0.38613683,515.7869710717852,0.0,0.0
1900,285000,0.34931648,150,0.0,6762,1014300,0.35158736,0.70090383,0.33674157,462.78230359290467,0.0,0.0
1902,285300,0.33961073,150,0.0,6764,1014600,0.34755167,0.6871624,0.32637012,171.10771090196138,0.0,0.0
1903,285450,0.3517803,150,0.0,6765,1014750,0.32408226,0.67586255,0.30438748,144.84220917741757,0.0,0.0
1904,285600,0.3580662,150,0.0,6769,1015350,0.3278728,0.685939,0.31215018,283.94173365659395,0.0,0.0
1904,285600,-0.18679571,150,0.0,6771,1015650,0.8908661,0.7040704,0.4028319,481.5581421515386,0.0,0.0
1904,285600,-0.6214134,150,0.0,6775,1016250,1.3043495,0.68293613,0.35371634,474.4745034630885,0.0,0.0
1906,285900,0.2500457,150,0.0,6777,1016550,0.43442044,0.6844661,0.31052595,214.23090176806852,0.0,0.0
1906,285900,-0.0150716305,150,0.0,6778,1016700,0.6944248,0.6793532,0.48412284,133.4197427397437,0.0,0.0
1907,286050,0.37794563,150,0.0,6779,1016850,0.32527247,0.7032181,0.31192786,135.0934505790496,0.0,0.0
1908,286200,-0.16056472,150,0.0,6782,1017300,0.854093,0.6935283,0.38733992,208.01805006883836,0.0,0.0
1908,286200,0.35161006,150,0.0,6786,1017900,0.32626623,0.6778763,0.3026774,456.62957621662895,0.0,0.0
1910,286500,-0.69070935,150,0.0,6790,1018500,1.3965104,0.705801,0.3897345,185.95570194741302,0.0,0.0
1911,286650,0.31350097,150,0.0,6792,1018800,0.3637189,0.67721987,0.3062517,160.05812657795036,0.0,0.0
1912,286800,0.34585342,150,0.0,6796,1019400,0.34324977,0.6891032,0.3357048,273.68709535548686,0.0,0.0
1912,286800,-1.3245151,150,0.0,6798,1019700,2.0134223,0.6889071,0.3834373,524.7489044544125,0.0,0.0
1912,286800,-0.94543076,150,0.0,6801,1020150,1.6157136,0.67028284,0.34063715,478.6659494679212,0.0,0.0
1913,286950,0.36069337,150,0.0,6803,1020450,0.31955943,0.6802528,0.3117493,191.56895815171734,0.0,0.0
1915,287250,0.35273564,150,0.0,6805,1020750,0.34781343,0.70054907,0.29720917,139.00262077504416,0.0,0.0
1916,287400,0.37445158,150,0.0,6808,1021200,0.31385243,0.688304,0.3137754,177.0716315555872,0.0,0.0
1916,287400,0.36213,150,0.0,6810,1021500,0.31637287,0.67850286,0.3132358,350.3283637938965,0.0,0.0
1916,287400,0.35893735,150,0.0,6813,1021950,0.31706348,0.67600083,0.31529072,342.5881143445857,0.0,0.0
1918,287700,0.052010655,150,0.0,6816,1022400,0.6380966,0.6901072,0.3777232,130.6711661976886,0.0,0.0
1919,287850,0.3680057,150,0.0,6817,1022550,0.31395054,0.68195623,0.3121246,143.57374354124724,0.0,0.0
1920,288000,0.36532754,150,0.0,6820,1023000,0.32448167,0.6898092,0.32279179,154.38060957149295,0.0,0.0
1920,288000,-0.5589299,150,0.0,6824,1023600,1.2447141,0.6857842,0.3580897,540.5764700019419,0.0,0.0
1921,288150,0.369224,150,0.0,6827,1024050,0.32753664,0.69676065,0.31764314,219.83101737241483,0.0,0.0
1922,288300,0.24636611,150,0.0,6828,1024200,0.43268904,0.67905515,0.30892932,139.00421776853753,0.0,0.0
1923,288450,-2.6067917,150,0.0,6830,1024500,3.2949092,0.68811744,0.2873997,284.1004679122048,0.0,0.0
1924,288600,0.28032008,150,0.0,6834,1025100,0.41838118,0.69870126,0.35136274,174.90181077390457,0.0,0.0
1924,288600,-0.28456825,150,0.0,6837,1025550,0.9717046,0.68713635,0.35601506,534.2767490541924,0.0,0.0
1924,288600,0.16467762,150,0.0,6840,1026000,0.51648927,0.6811669,0.31118432,463.9371256270735,0.0,0.0
1926,288900,0.28071332,150,0.0,6842,1026300,0.4089927,0.689706,0.35491186,163.75675698186754,0.0,0.0
1927,289050,0.24653587,150,0.0,6844,1026600,0.44864717,0.69518304,0.3329943,272.6322773046938,0.0,0.0
1928,289200,0.3564713,150,0.0,6847,1027050,0.3157645,0.6722358,0.31437632,155.3770107590349,0.0,0.0
1928,289200,0.2741475,150,0.0,6851,1027650,0.41433752,0.688485,0.29019552,361.73988239562425,0.0,0.0
1930,289500,0.24005029,150,0.0,6855,1028250,0.4589834,0.6990337,0.3358315,163.95229024045113,0.0,0.0
1931,289650,-0.8895659,150,0.0,6857,1028550,1.5757439,0.686178,0.3316583,175.62827011015682,0.0,0.0
1932,289800,0.25039384,150,0.0,6860,1029000,0.42729232,0.67768615,0.30167568,179.91986982421122,0.0,0.0
1932,289800,0.3554148,150,0.0,6864,1029600,0.32550514,0.68091995,0.31854105,337.1842041373485,0.0,0.0
1934,290100,0.24607578,150,0.0,6867,1030050,0.4442484,0.6903242,0.33748555,148.147199276625,0.0,0.0
1935,290250,0.32230365,150,0.0,6869,1030350,0.3608954,0.68319905,0.30308226,172.1881194703526,0.0,0.0
1936,290400,0.24848291,150,0.0,6873,1030950,0.43882456,0.6873075,0.32006064,250.20723818432148,0.0,0.0
1936,290400,0.37188938,150,0.0,6875,1031250,0.30923858,0.68112797,0.3079618,359.23095545881847,0.0,0.0
1936,290400,-0.96251565,150,0.0,6879,1031850,1.6374527,0.67493707,0.31255606,555.7312755718556,0.0,0.0
1938,290700,-0.0145664215,150,0.0,6881,1032150,0.7122179,0.6976515,0.3808049,193.14906244608275,0.0,0.0
1939,290850,0.33743843,150,0.0,6884,1032600,0.33546916,0.6729076,0.31066412,183.39309476372105,0.0,0.0
1940,291000,-0.42624795,150,0.0,6886,1032900,1.11988,0.693632,0.36917385,213.70579963179097,0.0,0.0
1940,291000,-0.2726131,150,0.0,6889,1033350,0.95856565,0.68595254,0.37433767,469.0016899535356,0.0,0.0
1940,291000,0.24964601,150,0.0,6892,1033800,0.44148827,0.6911343,0.28542084,380.0131554389405,0.0,0.0
1941,291150,0.24562529,150,0.0,6895,1034250,0.44221434,0.6878396,0.32153654,201.9819182942674,0.0,0.0
1943,291450,0.25228843,150,0.0,6896,1034400,0.43539366,0.6876821,0.31245574,139.60029857343318,0.0,0.0
1943,291450,0.33558935,150,0.0,6898,1034700,0.36174792,0.69733727,0.3261139,452.0519775391502,0.0,0.0
1944,291600,0.38202554,150,0.0,6901,1035150,0.31664312,0.69866866,0.31427082,282.8351596479989,0.0,0.0
1944,291600,0.27971652,150,0.0,6903,1035450,0.40081498,0.6805315,0.32067782,496.576937800176,0.0,0.0
1944,291600,-0.2529239,150,0.0,6907,1036050,0.95799464,0.70507073,0.41193548,507.0177092777274,0.0,0.0
1945,291750,0.34623003,150,0.0,6909,1036350,0.3243472,0.6705772,0.3218116,181.7730471864924,0.0,0.0
1947,292050,0.36744314,150,0.0,6911,1036650,0.31351054,0.6809537,0.31167868,114.68050097036624,0.0,0.0
1948,292200,-0.17772532,150,0.0,6914,1037100,0.8678223,0.690097,0.3530856,204.77267031418333,0.0,0.0
1948,292200,0.36963734,150,0.0,6917,1037550,0.31572786,0.6853652,0.31331626,344.63005486511594,0.0,0.0
1948,292200,0.36528513,150,0.0,6920,1038000,0.3165932,0.6818783,0.31477186,396.14624425043996,0.0,0.0
1950,292500,-0.8338159,150,0.0,6922,1038300,1.5449209,0.71110505,0.40857512,160.89647442069577,0.0,0.0
1951,292650,-0.070839286,150,0.0,6923,1038450,0.76943725,0.69859797,0.40291083,139.3441973029295,0.0,0.0
1951,292650,-0.3065297,150,0.0,6925,1038750,0.9864079,0.6798782,0.34541655,498.9105015784603,0.0,0.0
1952,292800,0.3552358,150,0.0,6928,1039200,0.33572784,0.6909636,0.3124356,161.7071500685747,0.0,0.0
1952,292800,0.36106676,150,0.0,6931,1039650,0.32343435,0.6845011,0.31549764,367.7648346201149,0.0,0.0
1953,292950,-0.25103354,150,0.0,6933,1039950,0.93115383,0.6801203,0.36868405,180.0120686039189,0.0,0.0
1955,293250,0.35491535,150,0.0,6934,1040100,0.32948205,0.6843974,0.3203737,143.17539136549522,0.0,0.0
1955,293250,0.34682086,150,0.0,6936,1040400,0.32984087,0.67666173,0.30844432,282.3851308590331,0.0,0.0
1956,293400,0.29372,150,0.0,6939,1040850,0.39933705,0.69305706,0.3719253,177.74417711766796,0.0,0.0
1956,293400,-0.14349914,150,0.0,6942,1041300,0.8375247,0.6940256,0.38000834,484.6045417503039,0.0,0.0
1958,293700,-0.9099511,150,0.0,6945,1041750,1.6160096,0.7060585,0.39058024,161.47502169398658,0.0,0.0
1959,293850,0.33350837,150,0.0,6946,1041900,0.35525352,0.6887619,0.31970197,131.98639071601465,0.0,0.0
1959,293850,0.37926736,150,0.0,6948,1042200,0.3143367,0.69360405,0.3107311,349.7357576808713,0.0,0.0
1960,294000,0.3374432,150,0.0,6950,1042500,0.33406457,0.6715078,0.32362226,169.86916081644688,0.0,0.0
1960,294000,-0.99492526,150,0.0,6953,1042950,1.6787357,0.6838105,0.37181023,505.10698323416847,0.0,0.0
1961,294150,-0.28957653,150,0.0,6956,1043400,0.96734935,0.6777728,0.37646195,233.887122233317,0.0,0.0
1962,294300,0.3088541,150,0.0,6958,1043700,0.36892128,0.6777754,0.3164413,241.00495344011455,0.0,0.0
1963,294450,0.22052363,150,0.0,6960,1044000,0.46870717,0.6892308,0.34909776,197.04507059721846,0.0,0.0
1964,294600,-0.3333978,150,0.0,6964,1044600,1.0376279,0.7042301,0.39209783,192.78956174273299,0.0,0.0
1964,294600,0.36308172,150,0.0,6967,1045050,0.31390533,0.67698705,0.30768052,371.23297532491597,0.0,0.0
1965,294750,0.24750587,150,0.0,6971,1045650,0.4341701,0.681676,0.304007,194.82022007422512,0.0,0.0
1967,295050,0.33542177,150,0.0,6972,1045800,0.3454384,0.68086016,0.33639428,138.13992949248288,0.0,0.0
1967,295050,0.2979871,150,0.0,6974,1046100,0.39740062,0.6953877,0.34932,458.59402391280423,0.0,0.0
1968,295200,-0.9999125,150,0.0,6977,1046550,1.7036142,0.70370173,0.39023793,248.88092794883337,0.0,0.0
1968,295200,0.36138603,150,0.0,6979,1046850,0.3219696,0.6833556,0.31230426,474.48738562899905,0.0,0.0
1968,295200,0.3653104,150,0.0,6982,1047300,0.32183447,0.6871449,0.31321213,357.643848698796,0.0,0.0
1970,295500,-0.35098803,150,0.0,6984,1047600,1.0540535,0.7030655,0.37862375,169.91122910021903,0.0,0.0
1971,295650,-0.039189517,150,0.0,6986,1047900,0.73381436,0.69462484,0.3720756,237.98819791193827,0.0,0.0
1972,295800,-0.5617145,150,0.0,6989,1048350,1.2445962,0.6828818,0.32189053,345.54883413869504,0.0,0.0
1972,295800,0.3700551,150,0.0,6991,1048650,0.30899313,0.67904824,0.308158,318.51377088718715,0.0,0.0
1972,295800,0.37478256,150,0.0,6994,1049100,0.30864674,0.6834293,0.30762726,360.5712327306864,0.0,0.0
1974,296100,-1.4212313,150,0.0,6997,1049550,2.0953212,0.67408997,0.32573968,158.96840495068193,0.0,0.0
1975,296250,0.24176624,150,0.0,6999,1049850,0.44277516,0.6845414,0.32342702,170.45378439037182,0.0,0.0
1975,296250,0.24984372,150,0.0,7002,1050300,0.4337893,0.683633,0.3110261,495.2256809154753,0.0,0.0
1976,296400,0.04238832,150,0.0,7004,1050600,0.6524152,0.69480354,0.39155722,209.44529483006232,0.0,0.0
1976,296400,0.32203758,150,0.0,7007,1051050,0.38261783,0.7046554,0.34642562,420.3669776261511,0.0,0.0
1976,296400,0.3771367,150,0.0,7010,1051500,0.31013954,0.68727624,0.3007178,373.81389089418286,0.0,0.0
1979,296850,-1.1038997,150,0.0,7012,1051800,1.8034686,0.6995689,0.397772,135.23844285219582,0.0,0.0
1980,297000,-0.05837542,150,0.0,7015,1052250,0.7508847,0.6925093,0.5116133,184.18662657850786,0.0,0.0
1980,297000,-0.28384972,150,0.0,7018,1052700,0.9694284,0.6855787,0.38410807,538.1737804930208,0.0,0.0
1980,297000,0.35810462,150,0.0,7021,1053150,0.32085827,0.6789629,0.31854945,392.26500253448046,0.0,0.0
1981,297150,0.35814768,150,0.0,7024,1053600,0.31228745,0.67043513,0.3105319,198.54843871006833,0.0,0.0
1983,297450,0.24842122,150,0.0,7026,1053900,0.4454607,0.6938819,0.32535812,139.61296879628878,0.0,0.0
1984,297600,-0.2506023,150,0.0,7029,1054350,0.9573579,0.7067556,0.38220435,224.9987661906189,0.0,0.0
1984,297600,0.32614222,150,0.0,7031,1054650,0.35644737,0.6825896,0.31941342,450.9138029396503,0.0,0.0
1984,297600,0.2412219,150,0.0,7035,1055250,0.43684244,0.67806435,0.3169944,434.7960939605664,0.0,0.0
1986,297900,0.3762775,150,0.0,7038,1055700,0.32405347,0.700331,0.32016352,124.4421130958562,0.0,0.0
1987,298050,0.3748452,150,0.0,7040,1056000,0.3099031,0.6847483,0.3081886,203.10835599076185,0.0,0.0
1988,298200,0.36710602,150,0.0,7042,1056300,0.36658692,0.73369294,0.33674178,188.74392536710297,0.0,0.0
1988,298200,0.3832408,150,0.0,7045,1056750,0.3130671,0.6963079,0.3130671,390.8955463131983,0.0,0.0
1988,298200,-0.30260748,150,0.0,7048,1057200,0.9893113,0.6867038,0.38149133,501.5674141135034,0.0,0.0
1989,298350,-0.47257686,150,0.0,7051,1057650,1.1509016,0.6783247,0.37329176,206.00106938599367,0.0,0.0
1991,298650,0.3736596,150,0.0,7052,1057800,0.3169306,0.6905902,0.31284997,100.66704886758178,0.0,0.0
1992,298800,-0.8086514,150,0.0,7055,1058250,1.4899418,0.68129045,0.34413987,211.91716057649685,0.0,0.0
1992,298800,0.33704832,150,0.0,7058,1058700,0.35943457,0.6964829,0.3242552,478.73916047518895,0.0,0.0
1992,298800,-0.26440245,150,0.0,7062,1059300,0.95528144,0.690879,0.33326244,514.0658015364478,0.0,0.0
1993,298950,0.24296859,150,0.0,7064,1059600,0.4326522,0.6756208,0.3103224,183.00735117877164,0.0,0.0
1995,299250,-0.13406944,150,0.0,7066,1059900,0.8188271,0.68475765,0.40334812,146.47527934450136,0.0,0.0
1996,299400,-0.18458831,150,0.0,7069,1060350,0.8777675,0.6931792,0.33655626,242.70289162371165,0.0,0.0
1996,299400,0.27749243,150,0.0,7073,1060950,0.4299604,0.70745283,0.3972308,506.19327763545783,0.0,0.0
1997,299550,-0.013684273,150,0.0,7077,1061550,0.6987624,0.68507814,0.3880504,343.0876743330016,0.0,0.0
1999,299850,0.2438761,150,0.0,7079,1061850,0.43759143,0.68146753,0.31931636,164.00250769316992,0.0,0.0
2000,300000,-0.25693703,150,0.0,7081,1062150,0.942837,0.6859,0.37388146,387.8630056926838,0.0,0.0
2000,300000,0.38570738,150,0.0,7083,1062450,0.3166163,0.7023237,0.31501427,334.03608029027333,0.0,0.0
2000,300000,0.25089845,150,0.0,7086,1062900,0.429683,0.68058145,0.3295928,446.51511377112917,0.0,0.0
2000,300000,0.36500692,150,0.0,7089,1063350,0.3149196,0.6799265,0.31187952,346.0112050887624,0.0,0.0
2003,300450,0.33050865,150,0.0,7091,1063650,0.36581117,0.6963198,0.332448,142.74846779441353,0.0,0.0
2004,300600,0.19598392,150,0.0,7092,1063800,0.4895421,0.685526,0.31984672,130.77011174827445,0.0,0.0
2004,300600,0.38382968,150,0.0,7094,1064100,0.31767854,0.7015082,0.31182486,346.9846347301426,0.0,0.0
2004,300600,0.37831786,150,0.0,7097,1064550,0.3166196,0.69493747,0.31404638,333.5225507669243,0.0,0.0
2004,300600,0.36922798,150,0.0,7100,1065000,0.31006202,0.67929,0.30910313,338.2914268077734,0.0,0.0
2006,300900,-0.21326232,150,0.0,7102,1065300,0.89803845,0.6847761,0.34882116,168.0681840949192,0.0,0.0
2007,301050,-0.7972998,150,0.0,7104,1065600,1.4747616,0.6774618,0.35191342,343.42046224941294,0.0,0.0
2008,301200,0.24794364,150,0.0,7106,1065900,0.43546486,0.6834085,0.309392,210.40357034765407,0.0,0.0
2008,301200,-0.8799405,150,0.0,7110,1066500,1.57202,0.69207954,0.34232926,502.80562948044786,0.0,0.0
2008,301200,0.38672972,150,0.0,7113,1066950,0.31596828,0.702698,0.3145845,379.89383549029685,0.0,0.0
2010,301500,0.39620072,150,0.0,7115,1067250,0.2948457,0.6910464,0.28217283,145.7176904111461,0.0,0.0
2011,301650,0.38706055,150,0.0,7116,1067400,0.31415185,0.7012124,0.3138876,124.21965561012189,0.0,0.0
2012,301800,0.35927024,150,0.0,7118,1067700,0.3207241,0.67999434,0.31181034,174.33443350126342,0.0,0.0
2012,301800,0.35645297,150,0.0,7121,1068150,0.32625493,0.6827079,0.31627902,479.15408131091806,0.0,0.0
2012,301800,0.36521602,150,0.0,7124,1068600,0.3282737,0.69348973,0.32317427,343.9369314258818,0.0,0.0
2013,301950,0.35853776,150,0.0,7126,1068900,0.31236383,0.6709016,0.30861592,217.00243096849675,0.0,0.0
2015,302250,0.25343123,150,0.0,7128,1069200,0.42626682,0.67969805,0.29839122,136.37405270146718,0.0,0.0
2016,302400,0.15537065,150,0.0,7130,1069500,0.53793764,0.6933083,0.36015636,260.62131993826074,0.0,0.0
2016,302400,-0.8494503,150,0.0,7132,1069800,1.5257276,0.67627734,0.36935216,516.5013122993274,0.0,0.0
2016,302400,0.35882926,150,0.0,7135,1070250,0.31959504,0.6784243,0.31496495,338.1779597698987,0.0,0.0
2017,302550,0.24796215,150,0.0,7138,1070700,0.4351748,0.68313694,0.31443307,189.85933140319145,0.0,0.0
2019,302850,0.3699615,150,0.0,7140,1071000,0.30559963,0.67556113,0.30219707,159.79615846484893,0.0,0.0
2019,302850,-1.0458074,150,0.0,7143,1071450,1.7304556,0.6846482,0.33914268,476.1053455240563,0.0,0.0
2020,303000,0.35177585,150,0.0,7145,1071750,0.32425287,0.6760287,0.31558028,217.66098687970597,0.0,0.0
2020,303000,0.36147818,150,0.0,7148,1072200,0.3160446,0.6775228,0.31316346,363.5133261225282,0.0,0.0
2022,303300,0.35858786,150,0.0,7150,1072500,0.32077098,0.67935884,0.31432647,130.65841168600892,0.0,0.0
2023,303450,-0.59327435,150,0.0,7152,1072800,1.2974629,0.7041886,0.38493538,203.3375187251846,0.0,0.0
2024,303600,-1.215173,150,0.0,7155,1073250,1.9198599,0.7046869,0.39233556,189.23038053874566,0.0,0.0
2024,303600,0.24458,150,0.0,7158,1073700,0.44162008,0.6862001,0.31532302,501.94957092844766,0.0,0.0
2024,303600,-0.6427318,150,0.0,7162,1074300,1.3238299,0.6810981,0.34289983,550.3002334517357,0.0,0.0
2026,303900,-0.09635544,150,0.0,7164,1074600,0.78185177,0.68549633,0.35691756,182.54570565586636,0.0,0.0
2027,304050,-0.79952794,150,0.0,7166,1074900,1.4753429,0.6758149,0.3244765,179.16377503262788,0.0,0.0
2028,304200,-0.1539982,150,0.0,7169,1075350,0.8495265,0.6955283,0.39103565,224.97672083453125,0.0,0.0
2028,304200,-0.71720725,150,0.0,7172,1075800,1.4087108,0.6915036,0.39851156,530.2033015004062,0.0,0.0
2028,304200,0.33574703,150,0.0,7176,1076400,0.36435047,0.7000975,0.33313814,468.7591783636864,0.0,0.0
2030,304500,-1.3921456,150,0.0,7178,1076700,2.0845363,0.69239074,0.33471408,155.21279585063448,0.0,0.0
2031,304650,0.36260903,150,0.0,7180,1077000,0.3212545,0.6838635,0.30944613,203.73173477093417,0.0,0.0
2032,304800,-0.14150625,150,0.0,7183,1077450,0.83113045,0.6896242,0.3322348,198.43189920352287,0.0,0.0
2032,304800,0.35881418,150,0.0,7186,1077900,0.31786054,0.6766747,0.3019577,469.8752691448531,0.0,0.0
2032,304800,0.3754439,150,0.0,7189,1078350,0.3092952,0.6847391,0.3074955,325.2892931170962,0.0,0.0
2034,305100,0.36540505,150,0.0,7191,1078650,0.31921384,0.6846189,0.31522873,112.09940862983507,0.0,0.0
2036,305400,0.37801585,150,0.0,7193,1078950,0.31037274,0.6883886,0.31037274,142.61560411272595,0.0,0.0
2036,305400,0.30473298,150,0.0,7195,1079250,0.38279277,0.68752575,0.32376975,382.8535890454973,0.0,0.0
2036,305400,0.37313253,150,0.0,7198,1079700,0.31128192,0.68441445,0.30846292,357.6172175861479,0.0,0.0
2036,305400,-0.25416827,150,0.0,7201,1080150,0.9372107,0.6830424,0.34081465,485.38256498879406,0.0,0.0
2038,305700,0.35857219,150,0.0,7204,1080600,0.31835556,0.67692775,0.31723374,148.5721248737193,0.0,0.0
2039,305850,0.34461614,150,0.0,7206,1080900,0.34093574,0.6855519,0.30411628,224.40569437667463,0.0,0.0
2040,306000,0.23023567,150,0.0,7208,1081200,0.46524277,0.69547844,0.31609118,258.7684730887543,0.0,0.0
2040,306000,-0.31288135,150,0.0,7211,1081650,1.0080088,0.6951275,0.40263477,366.5204807822265,0.0,0.0
2040,306000,0.35859057,150,0.0,7215,1082250,0.31877646,0.67736703,0.3115792,334.06694235413306,0.0,0.0
2042,306300,-0.31613296,150,0.0,7217,1082550,0.9939676,0.67783463,0.31536305,149.4859609568404,0.0,0.0
2043,306450,0.3853252,150,0.0,7218,1082700,0.31068575,0.69601095,0.3097681,125.08058773078389,0.0,0.0
2044,306600,-0.99157315,150,0.0,7220,1083000,1.6785603,0.6869871,0.37505847,175.49472340594085,0.0,0.0
2044,306600,0.3840244,150,0.0,7224,1083600,0.31855747,0.7025819,0.3177154,364.54372469354126,0.0,0.0
2044,306600,-0.20244831,150,0.0,7227,1084050,0.8809718,0.6785235,0.3580985,460.0399681483253,0.0,0.0
2046,306900,0.30815536,150,0.0,7230,1084500,0.38763076,0.6957861,0.343562,146.54815706513105,0.0,0.0
2047,307050,0.37388366,150,0.0,7231,1084650,0.31206053,0.6859442,0.31161022,144.00503191410954,0.0,0.0
2048,307200,-0.91817343,150,0.0,7232,1084800,1.597053,0.6788796,0.326052,139.3740783003576,0.0,0.0
2048,307200,0.13763577,150,0.0,7235,1085250,0.53919566,0.6768314,0.3088491,449.99109524228453,0.0,0.0
2048,307200,0.3556501,150,0.0,7239,1085850,0.3224409,0.678091,0.314619,343.55510899480146,0.0,0.0
2050,307500,-0.19078279,150,0.0,7242,1086300,0.867417,0.6766342,0.3386979,218.0741266575344,0.0,0.0
2050,307500,-0.28786016,150,0.0,7243,1086450,0.98430634,0.6964462,0.38022754,138.8807433985105,0.0,0.0
2052,307800,0.3512986,150,0.0,7245,1086750,0.32543394,0.67673254,0.3113202,166.46168483739478,0.0,0.0
2052,307800,0.35118666,150,0.0,7248,1087200,0.3257508,0.67693746,0.31674457,344.65988462865874,0.0,0.0
2052,307800,0.36639002,150,0.0,7251,1087650,0.31817195,0.68456197,0.3128781,330.6393947914012,0.0,0.0
2054,308100,0.24592441,150,0.0,7253,1087950,0.44280392,0.68872833,0.32792926,145.8120488897325,0.0,0.0
2054,308100,-0.36774164,150,0.0,7255,1088250,1.0475149,0.6797733,0.33329764,206.62810720236098,0.0,0.0
2055,308250,-1.3451111,150,0.0,7257,1088550,2.0313616,0.68625045,0.34699407,350.8298356053927,0.0,0.0
2056,308400,-0.25793308,150,0.0,7259,1088850,0.95318186,0.6952488,0.3893126,511.27394772235067,0.0,0.0
2056,308400,0.29404053,150,0.0,7262,1089300,0.41007683,0.70411736,0.37468618,498.343411428671,0.0,0.0
2056,308400,-0.33528018,150,0.0,7265,1089750,1.0173068,0.6820266,0.32432434,381.8849948466561,0.0,0.0
2059,308850,0.382771,150,0.0,7267,1090050,0.3104199,0.6931909,0.30927736,106.00512312535245,0.0,0.0
2060,309000,-0.13126296,150,0.0,7269,1090350,0.80751145,0.6762485,0.31832314,210.88363593215476,0.0,0.0
2060,309000,0.3703263,150,0.0,7271,1090650,0.31631085,0.68663716,0.31024596,351.0890449295557,0.0,0.0
2060,309000,-0.07506704,150,0.0,7274,1091100,0.7697599,0.69469285,0.355136,504.7410611710492,0.0,0.0
2062,309300,-0.13628983,150,0.0,7277,1091550,0.81552184,0.679232,0.3553087,174.65699918216146,0.0,0.0
2063,309450,0.36105418,150,0.0,7279,1091850,0.3100617,0.6711159,0.3100617,133.26134508585955,0.0,0.0
2064,309600,0.13760889,150,0.0,7283,1092450,0.6275576,0.76516646,0.3567235,190.64059201870452,0.0,0.0
2064,309600,-0.9475023,150,0.0,7287,1093050,1.6705714,0.72306913,0.35786036,461.6620095334257,0.0,0.0
2065,309750,0.37587333,150,0.0,7289,1093350,0.31407762,0.68995094,0.31349656,194.98952599997335,0.0,0.0
2066,309900,0.16568649,150,0.0,7290,1093500,0.5145036,0.6801901,0.321077,132.79759407028158,0.0,0.0
2067,310050,0.22734046,150,0.0,7293,1093950,0.4607963,0.68813676,0.35031188,208.4539148459057,0.0,0.0
2068,310200,-0.31141394,150,0.0,7295,1094250,1.0001574,0.6887434,0.38659087,223.46365222753067,0.0,0.0
2068,310200,0.25320587,150,0.0,7297,1094550,0.43476,0.68796587,0.3167596,436.4783722638827,0.0,0.0
2068,310200,-0.33699006,150,0.0,7301,1095150,1.0313205,0.6943304,0.3780792,442.7220046654493,0.0,0.0
2070,310500,0.2531461,150,0.0,7304,1095600,0.4356333,0.6887794,0.31494272,137.33340172947652,0.0,0.0
2071,310650,0.37178528,150,0.0,7305,1095750,0.31083858,0.68262386,0.3104417,139.27627190796878,0.0,0.0
2072,310800,0.110426664,150,0.0,7308,1096200,0.5771133,0.68753994,0.3654064,190.54497789402336,0.0,0.0
2072,310800,0.03420776,150,0.0,7311,1096650,0.6575379,0.69174564,0.31879136,493.28890317623353,0.0,0.0
2072,310800,0.38801768,150,0.0,7314,1097100,0.3120918,0.7001095,0.31063583,337.3990249333268,0.0,0.0
2074,311100,-0.34492904,150,0.0,7316,1097400,1.0251216,0.68019253,0.34143767,140.99208565315098,0.0,0.0
2075,311250,-0.21510541,150,0.0,7319,1097850,0.8927404,0.677635,0.35865718,162.42026081393735,0.0,0.0
2076,311400,0.30345264,150,0.0,7321,1098150,0.3875158,0.69096845,0.33455592,198.67747424106346,0.0,0.0
2076,311400,0.25100872,150,0.0,7324,1098600,0.42753002,0.67853874,0.30848795,480.932717107305,0.0,0.0
2076,311400,-0.24804586,150,0.0,7328,1099200,0.94120175,0.6931559,0.3538257,502.90369664579316,0.0,0.0
2079,311850,0.3791634,150,0.0,7330,1099500,0.31360033,0.69276375,0.31360033,96.53086377890864,0.0,0.0
2079,311850,-0.16962087,150,0.0,7332,1099800,0.85565037,0.6860295,0.32587233,488.932857621352,0.0,0.0
2080,312000,-1.216716,150,0.0,7334,1100100,1.9205263,0.7038103,0.38325778,165.66943929791373,0.0,0.0
2080,312000,-0.008143544,150,0.0,7337,1100550,0.70104176,0.6928982,0.3943697,513.0119963208673,0.0,0.0
2080,312000,0.0648821,150,0.0,7341,1101150,0.6223319,0.687214,0.31599385,413.1231117452809,0.0,0.0
2083,312450,-1.4527311,150,0.0,7343,1101450,2.143587,0.6908559,0.35292926,168.5352426359241,0.0,0.0
2083,312450,0.369131,150,0.0,7344,1101600,0.31383494,0.68296593,0.31218663,143.81171014725973,0.0,0.0
2084,312600,-0.11439109,150,0.0,7347,1102050,0.78865516,0.6742641,0.32659155,395.3665469111046,0.0,0.0
2084,312600,0.36317644,150,0.0,7348,1102200,0.32010487,0.6832813,0.31557676,142.07743663999813,0.0,0.0
2084,312600,-1.3956196,150,0.0,7352,1102800,2.0883114,0.6926918,0.34717736,459.4312403744411,0.0,0.0
2086,312900,0.37718913,150,0.0,7355,1103250,0.31603655,0.6932257,0.31570393,177.27929397742113,0.0,0.0
2087,313050,-0.9107201,150,0.0,7356,1103400,1.5809528,0.67023265,0.32558113,119.51588462034563,0.0,0.0
2087,313050,0.028168738,150,0.0,7359,1103850,0.6612206,0.68938935,0.32705915,499.4269429681639,0.0,0.0
2088,313200,0.35974178,150,0.0,7361,1104150,0.31370923,0.673451,0.3135462,175.9216974500333,0.0,0.0
2088,313200,-0.20212913,150,0.0,7365,1104750,0.8925899,0.6904608,0.35985315,515.8872067441768,0.0,0.0
2089,313350,0.3628415,150,0.0,7368,1105200,0.3236115,0.686453,0.3231267,321.8035652084513,0.0,0.0
2091,313650,0.24812582,150,0.0,7370,1105500,0.43277928,0.6809051,0.31102967,141.39031145414486,0.0,0.0
2091,313650,0.36155397,150,0.0,7372,1105800,0.31762642,0.6791804,0.3143904,362.5388673887338,0.0,0.0
2092,313800,-0.9311596,150,0.0,7374,1106100,1.6143585,0.6831989,0.34459916,223.1294447100414,0.0,0.0
2092,313800,-0.24136096,150,0.0,7378,1106700,0.92271733,0.6813564,0.36206588,513.2455225816557,0.0,0.0
2092,313800,0.24836004,150,0.0,7381,1107150,0.43914002,0.68750006,0.31388795,443.73838894648867,0.0,0.0
2095,314250,0.3573614,150,0.0,7383,1107450,0.32589665,0.68325806,0.31169835,128.7680445888696,0.0,0.0
2095,314250,0.30529675,150,0.0,7385,1107750,0.38483462,0.69013137,0.33717656,481.83216209095866,0.0,0.0
2096,314400,0.3807679,150,0.0,7388,1108200,0.31187388,0.6926418,0.3109907,149.19612805890958,0.0,0.0
2096,314400,0.36078885,150,0.0,7391,1108650,0.31703922,0.6778281,0.3164445,320.8377997150355,0.0,0.0
2096,314400,0.29957196,150,0.0,7394,1109100,0.38165596,0.6812279,0.3172396,428.23345233517,0.0,0.0
2099,314850,-1.0359297,150,0.0,7396,1109400,1.7153976,0.67946786,0.42878112,131.4243267158708,0.0,0.0
2100,315000,0.053830802,150,0.0,7399,1109850,0.63727206,0.69110286,0.3365383,431.91415890625376,0.0,0.0
2100,315000,0.3703622,150,0.0,7401,1110150,0.31212065,0.68248284,0.30913246,368.9971055973115,0.0,0.0
2100,315000,0.35471588,150,0.0,7404,1110600,0.32946473,0.6841806,0.32190257,337.8906325524442,0.0,0.0
2101,315150,0.36395392,150,0.0,7407,1111050,0.32736197,0.6913159,0.3252218,211.39927710786696,0.0,0.0
2103,315450,0.36172408,150,0.0,7409,1111350,0.31833702,0.6800611,0.3125058,137.62284754304915,0.0,0.0
2104,315600,-0.86824846,150,0.0,7411,1111650,1.5522963,0.6840478,0.3702733,365.58805379002087,0.0,0.0
2104,315600,-0.0951395,150,0.0,7413,1111950,0.7814787,0.6863392,0.35152084,512.2171754137293,0.0,0.0
2104,315600,-0.90418017,150,0.0,7416,1112400,1.593887,0.6897068,0.3408719,457.66495039594497,0.0,0.0
2104,315600,0.35428792,150,0.0,7419,1112850,0.34625685,0.7005448,0.34234285,425.279409478359,0.0,0.0
2107,316050,-1.4249971,150,0.0,7421,1113150,2.1005025,0.6755054,0.3336176,115.4817051580843,0.0,0.0
2108,316200,-0.955383,150,0.0,7423,1113450,1.6261622,0.67077917,0.3427647,294.5531973864336,0.0,0.0
2108,316200,0.3760969,150,0.0,7425,1113750,0.31827462,0.6943715,0.31581616,362.4684785896383,0.0,0.0
2108,316200,0.36633423,150,0.0,7428,1114200,0.31392995,0.6802642,0.31184167,339.3418722697796,0.0,0.0
2108,316200,0.39150104,150,0.0,7431,1114650,0.31507686,0.7065779,0.3148139,366.65163101819314,0.0,0.0
2110,316500,-0.19640803,150,0.0,7433,1114950,0.8811307,0.68472266,0.33516502,157.72835485029051,0.0,0.0
2111,316650,0.3725987,150,0.0,7435,1115250,0.31677026,0.68936896,0.31210378,180.18880218215708,0.0,0.0
2112,316800,-0.30781072,150,0.0,7437,1115550,0.98536664,0.6775559,0.32110888,212.14632618261066,0.0,0.0
2112,316800,-0.9218521,150,0.0,7440,1116000,1.6186043,0.6967522,0.36555237,528.5290048228661,0.0,0.0
2112,316800,0.2570271,150,0.0,7444,1116600,0.4479878,0.7050149,0.34550732,456.96189935945716,0.0,0.0
2113,316950,-0.25484025,150,0.0,7446,1116900,0.94930214,0.6944619,0.37945357,198.77288518577961,0.0,0.0
2115,317250,0.36923873,150,0.0,7447,1117050,0.31298923,0.68222797,0.31268325,115.36259478997131,0.0,0.0
2116,317400,0.36785537,150,0.0,7449,1117350,0.3190922,0.6869476,0.31573933,243.96428941195722,0.0,0.0
2116,317400,-0.13250703,150,0.0,7451,1117650,0.85848093,0.7259739,0.30399525,464.471776396415,0.0,0.0
2116,317400,0.24637422,150,0.0,7455,1118250,0.43167153,0.67804575,0.30722076,457.21195772240503,0.0,0.0
2116,317400,0.32572398,150,0.0,7459,1118850,0.3664882,0.69221216,0.3326949,464.60691830866097,0.0,0.0
2118,317700,0.3690995,150,0.0,7460,1119000,0.31301892,0.6821184,0.31046087,136.65744605289308,0.0,0.0
2119,317850,-0.66114247,150,0.0,7461,1119150,1.3626802,0.7015377,0.32989705,133.5511262504784,0.0,0.0
2120,318000,-0.25929475,150,0.0,7463,1119450,0.94728905,0.6879943,0.35746586,221.22883340576988,0.0,0.0
2120,318000,0.34579766,150,0.0,7465,1119750,0.33074284,0.6765405,0.3087947,466.04965798834627,0.0,0.0
2120,318000,-1.0930166,150,0.0,7468,1120200,1.7665576,0.673541,0.31791323,491.93430091905526,0.0,0.0
2120,318000,-1.4119205,150,0.0,7472,1120800,2.0979805,0.6860599,0.37934563,267.62871599849416,0.0,0.0
2122,318300,-0.30959797,150,0.0,7474,1121100,0.9966975,0.6870995,0.34390926,204.50908050722117,0.0,0.0
2123,318450,0.3437795,150,0.0,7476,1121400,0.33920068,0.6829802,0.31523627,278.6076208341415,0.0,0.0
2124,318600,0.20715514,150,0.0,7478,1121700,0.48064283,0.68779796,0.36614895,464.102766489355,0.0,0.0
2124,318600,0.098581195,150,0.0,7481,1122150,0.5786277,0.6772089,0.31929561,401.0190793738411,0.0,0.0
2124,318600,-0.3134536,150,0.0,7484,1122600,1.0000757,0.6866221,0.32221752,268.6781404259335,0.0,0.0
2126,318900,0.37980157,150,0.0,7485,1122750,0.31641144,0.696213,0.30131844,119.26840365191543,0.0,0.0
2127,319050,0.26534912,150,0.0,7487,1123050,0.431232,0.6965811,0.33653,266.55255716843493,0.0,0.0
2128,319200,-0.14173734,150,0.0,7489,1123350,0.8313123,0.68957496,0.35422269,257.3080032898356,0.0,0.0
2128,319200,0.37906492,150,0.0,7492,1123800,0.3183862,0.6974511,0.3173223,356.30926376584404,0.0,0.0
2129,319350,0.35836822,150,0.0,7495,1124250,0.31772906,0.6760973,0.31418216,246.1275568945343,0.0,0.0
2130,319500,-0.6727214,150,0.0,7497,1124550,1.3574386,0.6847172,0.322872,315.01476571629996,0.0,0.0
2131,319650,0.24023837,150,0.0,7498,1124700,0.43462002,0.6748584,0.30741787,146.43317570777305,0.0,0.0
2131,319650,0.37120852,150,0.0,7500,1125000,0.32162997,0.6928385,0.32116562,325.2640672587619,0.0,0.0
2132,319800,-0.2700295,150,0.0,7502,1125300,0.95750725,0.68747777,0.38759056,267.2313046152356,0.0,0.0
2132,319800,-0.27311897,150,0.0,7506,1125900,0.96284366,0.6897247,0.33487028,476.5182379419176,0.0,0.0
2133,319950,0.36111504,150,0.0,7508,1126200,0.3225609,0.68367594,0.3177173,160.14148241931272,0.0,0.0
2135,320250,-0.31480134,150,0.0,7511,1126650,1.0012646,0.68646324,0.37418708,143.96614809658556,0.0,0.0
2136,320400,-0.53279895,150,0.0,7513,1126950,1.2267631,0.6939642,0.4050766,304.22327625349425,0.0,0.0
2136,320400,0.26019922,150,0.0,7515,1127250,0.44020894,0.70040816,0.3949392,471.57531166237925,0.0,0.0
2136,320400,0.32691467,150,0.0,7518,1127700,0.3661576,0.69307226,0.32417843,356.19932128310785,0.0,0.0
2137,320550,0.36399683,150,0.0,7520,1128000,0.31492296,0.6789198,0.31143945,164.1367284293637,0.0,0.0
2138,320700,0.3532312,150,0.0,7523,1128450,0.31821018,0.6714414,0.3126235,223.181526974593,0.0,0.0
2140,321000,0.27545026,150,0.0,7525,1128750,0.42246673,0.697917,0.3185303,123.9590978417785,0.0,0.0
2140,321000,0.37586185,150,0.0,7528,1129200,0.3204638,0.69632566,0.31896755,338.3128922768512,0.0,0.0
2141,321150,0.34414864,150,0.0,7531,1129650,0.34062552,0.68477416,0.32029507,391.86236045859084,0.0,0.0
2141,321150,0.3845817,150,0.0,7533,1129950,0.325138,0.7097197,0.32282254,325.6548340010559,0.0,0.0
2143,321450,-0.29901922,150,0.0,7535,1130250,0.97746396,0.67844474,0.38986617,182.741782008428,0.0,0.0
2144,321600,0.34760907,150,0.0,7537,1130550,0.32642016,0.67402923,0.3180846,221.71297598230655,0.0,0.0
2144,321600,-0.23701859,150,0.0,7539,1130850,0.9221894,0.6851708,0.36082816,472.7958084966318,0.0,0.0
2144,321600,0.3174424,150,0.0,7542,1131300,0.3734658,0.6909082,0.3375879,471.40464806810036,0.0,0.0
2145,321750,0.32187578,150,0.0,7544,1131600,0.3668349,0.6887107,0.3029226,181.50083473947097,0.0,0.0
2146,321900,0.35110855,150,0.0,7547,1132050,0.3224243,0.67353284,0.30952057,223.51152327818718,0.0,0.0
2148,322200,-0.31493247,150,0.0,7549,1132350,1.0026809,0.68774843,0.36331692,164.63212058854006,0.0,0.0
2148,322200,0.28263438,150,0.0,7551,1132650,0.41163975,0.6942741,0.33146974,392.73980298887597,0.0,0.0
2149,322350,0.31128907,150,0.0,7555,1133250,0.37973464,0.6910237,0.3183325,316.72064102712545,0.0,0.0
2149,322350,0.0376575,150,0.0,7557,1133550,0.6622342,0.6998917,0.3530906,492.6469298520365,0.0,0.0
2150,322500,0.36484933,150,0.0,7560,1134000,0.30958635,0.6744357,0.3093865,168.39098564618402,0.0,0.0
2151,322650,0.33583584,150,0.0,7561,1134150,0.35606048,0.6918963,0.3295138,137.9206812976363,0.0,0.0
2152,322800,-0.89631456,150,0.0,7564,1134600,1.5655307,0.6692161,0.34391722,224.47318986786263,0.0,0.0
2153,322950,0.3512628,150,0.0,7568,1135200,0.3260901,0.6773529,0.31541574,166.75919792810552,0.0,0.0
2153,322950,-0.6732185,150,0.0,7571,1135650,1.3569757,0.6837572,0.34439418,488.77066500932256,0.0,0.0
2155,323250,0.27249834,150,0.0,7573,1135950,0.3993974,0.67189574,0.31695446,159.03458770535107,0.0,0.0
2156,323400,0.3522178,150,0.0,7575,1136250,0.32427585,0.67649364,0.31581008,227.7470746341596,0.0,0.0
2156,323400,0.3590937,150,0.0,7577,1136550,0.32359782,0.6826915,0.32009056,352.9281489023333,0.0,0.0
2156,323400,0.35600173,150,0.0,7580,1137000,0.31267506,0.6686768,0.30736455,339.3340021358532,0.0,0.0
2157,323550,0.3804047,150,0.0,7582,1137300,0.31009603,0.69050074,0.30923757,354.514734313536,0.0,0.0
2159,323850,0.41972417,150,0.0,7585,1137750,0.3132878,0.73301196,0.3106882,108.80143439391047,0.0,0.0
2160,324000,0.35068217,150,0.0,7587,1138050,0.3271251,0.6778073,0.3271251,250.0501176831561,0.0,0.0
2160,324000,0.19243103,150,0.0,7590,1138500,0.48690373,0.67933476,0.3158358,383.06734884366614,0.0,0.0
2161,324150,-3.9923127,150,0.0,7592,1138800,4.6750016,0.6826889,0.3602376,221.27917597682347,0.0,0.0
2161,324150,0.15021688,150,0.0,7594,1139100,0.53755224,0.6877691,0.3224252,413.79343003379296,0.0,0.0
2163,324450,0.30450636,150,0.0,7597,1139550,0.38454854,0.6890549,0.31664282,190.4089394618515,0.0,0.0
2164,324600,0.2206774,150,0.0,7599,1139850,0.46518925,0.68586665,0.2139335,130.59475778203029,0.0,0.0
2164,324600,0.35490215,150,0.0,7602,1140300,0.3337617,0.68866384,0.3204838,538.6635844089128,0.0,0.0
2165,324750,-0.34754455,150,0.0,7605,1140750,1.0374054,0.6898608,0.3298005,247.70994169729843,0.0,0.0
2165,324750,-0.09532076,150,0.0,7607,1141050,0.7785037,0.68318295,0.3507641,426.0108475586222,0.0,0.0
2167,325050,0.36666515,150,0.0,7609,1141350,0.3171253,0.68379045,0.3160206,149.02995424725904,0.0,0.0
2168,325200,0.05260545,150,0.0,7610,1141500,0.65025353,0.702859,0.34246686,122.85187843720148,0.0,0.0
2168,325200,0.33692682,150,0.0,7613,1141950,0.3501463,0.6870731,0.31030038,322.13623670151486,0.0,0.0
2169,325350,0.37818173,150,0.0,7617,1142550,0.3230181,0.7011998,0.31613028,188.4597089106135,0.0,0.0
2169,325350,-0.29156768,150,0.0,7620,1143000,0.9758876,0.6843199,0.35372382,509.1698971374926,0.0,0.0
2171,325650,0.28148186,150,0.0,7623,1143450,0.40384167,0.68532354,0.35166237,196.24433471722713,0.0,0.0
2172,325800,0.37948093,150,0.0,7624,1143600,0.31452855,0.6940095,0.31029013,117.38855426070349,0.0,0.0
2172,325800,0.38783997,150,0.0,7627,1144050,0.31084573,0.6986857,0.30769774,359.2881915196772,0.0,0.0
2173,325950,-3.390985,150,0.0,7630,1144500,4.0813804,0.69039536,0.27002937,199.09759093869403,0.0,0.0
2173,325950,0.29608116,150,0.0,7633,1144950,0.3942022,0.69028336,0.3379248,496.72984229121846,0.0,0.0
2174,326100,0.027125299,150,0.0,7636,1145400,0.6654177,0.69254297,0.33619216,313.35650671916954,0.0,0.0
2176,326400,-0.986099,150,0.0,7637,1145550,1.6688446,0.6827456,0.34401977,145.04991651761569,0.0,0.0
2176,326400,0.36384907,150,0.0,7638,1145700,0.31242415,0.6762732,0.31220102,134.12158964454278,0.0,0.0
2176,326400,0.048452497,150,0.0,7642,1146300,0.6525042,0.7009567,0.3534742,478.54361687643427,0.0,0.0
2177,326550,0.36054,150,0.0,7645,1146750,0.31386408,0.6744041,0.3122015,156.55478037262364,0.0,0.0
2177,326550,0.33788493,150,0.0,7648,1147200,0.35238793,0.69027287,0.32765386,476.551805630039,0.0,0.0
2178,326700,-0.23430604,150,0.0,7650,1147500,0.9161727,0.68186665,0.3650983,188.64686642814908,0.0,0.0
2180,327000,0.3623365,150,0.0,7651,1147650,0.31854263,0.6808791,0.31827727,109.84506002804329,0.0,0.0
2180,327000,-0.17901433,150,0.0,7654,1148100,0.8767606,0.6977463,0.3682304,541.0441369204256,0.0,0.0
2181,327150,0.34962794,150,0.0,7658,1148700,0.33256647,0.6821944,0.31447753,223.1929281598614,0.0,0.0
2181,327150,0.34053475,150,0.0,7660,1149000,0.3589378,0.69947255,0.35379362,459.26020011518995,0.0,0.0
2181,327150,0.37557948,150,0.0,7663,1149450,0.30949283,0.6850723,0.3092116,352.9762646137067,0.0,0.0
2183,327450,-0.25200003,150,0.0,7665,1149750,0.93203497,0.68003494,0.3620028,177.25222338077842,0.0,0.0
2184,327600,0.35316896,150,0.0,7666,1149900,0.33627647,0.68944544,0.3302177,110.2711797863092,0.0,0.0
2184,327600,-0.091305554,150,0.0,7670,1150500,0.7908023,0.69949675,0.35301813,533.9036039063534,0.0,0.0
2185,327750,0.37115338,150,0.0,7672,1150800,0.31907532,0.6902287,0.31809112,189.0955300527692,0.0,0.0
2185,327750,0.19878447,150,0.0,7675,1151250,0.506517,0.70530146,0.3923999,496.85811942052425,0.0,0.0
2186,327900,0.37337026,150,0.0,7677,1151550,0.32317063,0.6965409,0.31566128,172.85482950127675,0.0,0.0
2188,328200,-0.24928522,150,0.0,7679,1151850,0.9376917,0.68840647,0.36510393,148.73857974526433,0.0,0.0
2188,328200,-0.19866174,150,0.0,7683,1152450,0.87142843,0.6727667,0.30872482,491.8923779017084,0.0,0.0
2188,328200,0.28059104,150,0.0,7686,1152900,0.40080044,0.6813915,0.32791984,413.9625072295078,0.0,0.0
2189,328350,0.05438304,150,0.0,7688,1153200,0.6281416,0.6825246,0.32712084,332.46384301614955,0.0,0.0
2190,328500,-0.9472575,150,0.0,7691,1153650,1.6565989,0.7093414,0.38655505,245.97445898142442,0.0,0.0
2192,328800,0.32136697,150,0.0,7693,1153950,0.3600214,0.6813884,0.3324428,119.73314632134154,0.0,0.0
2192,328800,-0.8313586,150,0.0,7696,1154400,1.5457934,0.7144348,0.3939956,463.02139488056594,0.0,0.0
2193,328950,0.22315916,150,0.0,7700,1155000,0.44999585,0.673155,0.31442353,156.59444828165545,0.0,0.0
2193,328950,0.35066074,150,0.0,7703,1155450,0.32569057,0.6763513,0.320869,332.4090379540177,0.0,0.0
2196,329400,0.3580346,150,0.0,7705,1155750,0.31326753,0.67130214,0.31247884,114.26250903082412,0.0,0.0
2196,329400,-0.098917305,150,0.0,7706,1155900,0.78707993,0.6881626,0.36593163,148.41710511137316,0.0,0.0
2196,329400,-0.70320463,150,0.0,7710,1156500,1.375871,0.6726663,0.3165439,456.3894240813389,0.0,0.0
2197,329550,-0.22885627,150,0.0,7712,1156800,0.9238065,0.6949502,0.34178928,270.5527804153078,0.0,0.0
2197,329550,-0.26145512,150,0.0,7715,1157250,0.9605174,0.6990623,0.3580052,489.92620880199104,0.0,0.0
2200,330000,0.06710863,150,0.0,7718,1157700,0.63405585,0.7011645,0.35351226,159.45478576796208,0.0,0.0
2200,330000,-1.1714898,150,0.0,7720,1158000,1.8605844,0.68909454,0.3294099,435.82316186148324,0.0,0.0
2200,330000,-0.16944897,150,0.0,7724,1158600,0.8501784,0.68072945,0.36453134,499.4709532368389,0.0,0.0
2201,330150,-0.88377684,150,0.0,7726,1158900,1.5897222,0.7059453,0.33653092,181.3408043442545,0.0,0.0
2201,330150,0.28633553,150,0.0,7729,1159350,0.4068377,0.6931732,0.35742524,489.67034677604516,0.0,0.0
2202,330300,-0.8050546,150,0.0,7731,1159650,1.4780902,0.67303556,0.32281893,204.92514308868306,0.0,0.0
2204,330600,0.3450752,150,0.0,7733,1159950,0.34171605,0.68679124,0.3250611,184.72786252380868,0.0,0.0
2204,330600,0.3763767,150,0.0,7735,1160250,0.32788432,0.704261,0.32073152,353.6892381363036,0.0,0.0
2205,330750,0.067403376,150,0.0,7739,1160850,0.62553364,0.692937,0.34145576,161.89727486239985,0.0,0.0
2205,330750,0.28131056,150,0.0,7742,1161300,0.39945668,0.68076724,0.33013117,449.68779305139407,0.0,0.0
2206,330900,0.059555113,150,0.0,7745,1161750,0.6302771,0.6898322,0.37352705,216.74750040135515,0.0,0.0
2208,331200,0.37494066,150,0.0,7747,1162050,0.32207152,0.6970122,0.32148144,138.77370959288936,0.0,0.0
2208,331200,0.0075782537,150,0.0,7751,1162650,0.68969285,0.6972711,0.38435358,493.8732287673846,0.0,0.0
2209,331350,-0.3308578,150,0.0,7753,1162950,1.0046096,0.6737518,0.33083695,176.96942625387857,0.0,0.0
2209,331350,-0.022072315,150,0.0,7757,1163550,0.705785,0.68371266,0.37486798,513.4084471642176,0.0,0.0
2209,331350,-0.3757056,150,0.0,7760,1164000,1.0504326,0.67472696,0.3307249,471.40464806810036,0.0,0.0
2212,331800,0.38218606,150,0.0,7761,1164150,0.31603187,0.6982179,0.31518254,144.67647111578384,0.0,0.0
2212,331800,-0.13452584,150,0.0,7762,1164300,0.81111324,0.6765874,0.30661517,140.35430255927815,0.0,0.0
2212,331800,0.37961626,150,0.0,7765,1164750,0.31364268,0.69325894,0.31038576,317.52947571310256,0.0,0.0
2213,331950,-0.6211661,150,0.0,7767,1165050,1.3193218,0.69815564,0.36476988,294.93762270597256,0.0,0.0
2213,331950,-0.12894249,150,0.0,7771,1165650,0.82802165,0.69907916,0.39602578,526.8259841787813,0.0,0.0
2215,332250,-1.9330814,150,0.0,7774,1166100,2.638903,0.70582145,0.40409464,249.87810835607135,0.0,0.0
2216,332400,0.345498,150,0.0,7775,1166250,0.332054,0.677552,0.3214687,107.71187492563352,0.0,0.0
2216,332400,-0.274087,150,0.0,7778,1166700,0.9588121,0.6847251,0.34569803,500.1877058622902,0.0,0.0
2217,332550,-0.22217834,150,0.0,7781,1167150,0.9012929,0.6791146,0.3448408,182.00463093142818,0.0,0.0
2217,332550,0.26479682,150,0.0,7784,1167600,0.4327896,0.6975864,0.35603067,513.6599476335064,0.0,0.0
2217,332550,0.3617136,150,0.0,7787,1168050,0.31461114,0.6763247,0.31426638,360.5881786544519,0.0,0.0
2220,333000,-0.07488614,150,0.0,7789,1168350,0.7624159,0.68752974,0.32158905,121.3360696095715,0.0,0.0
2220,333000,0.3746909,150,0.0,7791,1168650,0.31643283,0.6911237,0.31643283,330.14196492384355,0.0,0.0
2221,333150,0.36294812,150,0.0,7794,1169100,0.31436372,0.67731184,0.31401834,151.3102503520937,0.0,0.0
2221,333150,0.34559095,150,0.0,7797,1169550,0.32916552,0.67475647,0.30565712,377.2290335578196,0.0,0.0
2221,333150,-0.008028269,150,0.0,7801,1170150,0.7023619,0.6943336,0.36099276,549.8798672552836,0.0,0.0
2224,333600,0.38101777,150,0.0,7803,1170450,0.31546763,0.6964854,0.315134,129.1123171118369,0.0,0.0
2224,333600,0.369026,150,0.0,7806,1170900,0.3154317,0.6844577,0.31404856,338.4197143839201,0.0,0.0
2225,333750,0.38085416,150,0.0,7809,1171350,0.32246414,0.7033183,0.3189039,167.15515688490643,0.0,0.0
2225,333750,-0.06968498,150,0.0,7813,1171950,0.7497793,0.6800943,0.3409171,488.4291592267681,0.0,0.0
2228,334200,0.34732962,150,0.0,7816,1172400,0.3321991,0.6795287,0.3266901,121.68233213948493,0.0,0.0
2228,334200,-0.64078283,150,0.0,7817,1172550,1.328809,0.6880262,0.3905118,142.39343503167802,0.0,0.0
2228,334200,-0.049503624,150,0.0,7820,1173000,0.7224423,0.6729387,0.34065437,493.5156539255615,0.0,0.0
2229,334350,-0.3221954,150,0.0,7822,1173300,0.9988838,0.6766884,0.34379902,200.19104433539545,0.0,0.0
2229,334350,-0.1736362,150,0.0,7825,1173750,0.86042213,0.68678594,0.3732774,479.02274564982025,0.0,0.0
2231,334650,0.33095503,150,0.0,7829,1174350,0.34979814,0.6807532,0.33944502,218.31968832967874,0.0,0.0
2232,334800,-1.0954008,150,0.0,7830,1174500,1.779888,0.68448716,0.32322899,128.7654881927474,0.0,0.0
2232,334800,-0.60254043,150,0.0,7833,1174950,1.284858,0.68231755,0.1907951,372.9185115637259,0.0,0.0
2233,334950,0.31527984,150,0.0,7837,1175550,0.36176133,0.6770412,0.31604436,149.73439600318343,0.0,0.0
2233,334950,-0.233944,150,0.0,7840,1176000,0.9188071,0.6848631,0.34577996,516.4470427730975,0.0,0.0
2236,335400,0.32817277,150,0.0,7843,1176450,0.35397473,0.6821475,0.34857816,134.42113047006382,0.0,0.0
2236,335400,0.31453556,150,0.0,7845,1176750,0.36972713,0.6842627,0.32361558,504.64875270714685,0.0,0.0
2236,335400,-0.26346844,150,0.0,7848,1177200,0.957885,0.6944166,0.38594425,526.7854017923305,0.0,0.0
2237,335550,0.37361258,150,0.0,7850,1177500,0.31131005,0.68492264,0.29121086,151.392464277,0.0,0.0
2237,335550,0.37311876,150,0.0,7853,1177950,0.31325263,0.6863714,0.31321082,384.2593938535168,0.0,0.0
2238,335700,-0.045541525,150,0.0,7856,1178400,0.74022764,0.6946861,0.33871028,211.1706585690776,0.0,0.0
2240,336000,0.36545983,150,0.0,7857,1178550,0.31549087,0.6809507,0.31213486,91.34010216399811,0.0,0.0
2240,336000,0.33182412,150,0.0,7860,1179000,0.35530072,0.68712485,0.3298261,486.68320542483644,0.0,0.0
2241,336150,-2.162637,150,0.0,7862,1179300,2.8430142,0.6803773,0.21824329,204.93462176651198,0.0,0.0
2241,336150,-0.19861972,150,0.0,7865,1179750,0.89753634,0.6989166,0.36734128,492.797037322499,0.0,0.0
2242,336300,-0.11161035,150,0.0,7869,1180350,0.79967815,0.6880678,0.33661917,297.59275271555583,0.0,0.0
2244,336600,0.36827758,150,0.0,7871,1180650,0.3171812,0.6854588,0.3154869,101.280654253616,0.0,0.0
2244,336600,0.28079915,150,0.0,7875,1181250,0.4134336,0.69423276,0.294035,343.9783010310947,0.0,0.0
2245,336750,0.3660411,150,0.0,7877,1181550,0.3249677,0.6910088,0.3194318,200.56220930788578,0.0,0.0
2245,336750,-0.26687545,150,0.0,7879,1181850,0.95586306,0.6889876,0.37732428,473.59480656736775,0.0,0.0
2245,336750,0.013898253,150,0.0,7882,1182300,0.6626891,0.67658734,0.33772123,522.5179703753535,0.0,0.0
2248,337200,0.3748493,150,0.0,7884,1182600,0.32092568,0.695775,0.31929478,125.17102084082727,0.0,0.0
2248,337200,0.36433434,150,0.0,7885,1182750,0.3113079,0.67564225,0.309682,103.00495291683775,0.0,0.0
2249,337350,-0.9089438,150,0.0,7889,1183350,1.5909827,0.6820389,0.32236806,188.46569310267355,0.0,0.0
2249,337350,0.33341467,150,0.0,7892,1183800,0.3604278,0.6938425,0.32648936,482.1770659456377,0.0,0.0
2250,337500,0.36743855,150,0.0,7895,1184250,0.3243742,0.69181275,0.31157568,256.1133835291666,0.0,0.0
2251,337650,0.3638011,150,0.0,7896,1184400,0.33763435,0.70143545,0.30811673,129.24796122061548,0.0,0.0
2252,337800,-0.66873944,150,0.0,7898,1184700,1.361139,0.6923996,0.34496942,229.14201258860354,0.0,0.0
2253,337950,0.19228756,150,0.0,7901,1185150,0.5481096,0.74039716,0.30723074,236.14679601563537,0.0,0.0
2253,337950,-0.2528476,150,0.0,7904,1185600,0.9503238,0.6974762,0.3815454,541.4972333226895,0.0,0.0
2253,337950,0.2589073,150,0.0,7908,1186200,0.44029698,0.69920427,0.35602072,489.33633659793173,0.0,0.0
2254,338100,0.37649065,150,0.0,7909,1186350,0.30846983,0.6849605,0.30834413,148.36534044441763,0.0,0.0
2256,338400,-0.03445947,150,0.0,7911,1186650,0.71064484,0.67618537,0.30575827,179.11572610917153,0.0,0.0
2256,338400,0.25157246,150,0.0,7913,1186950,0.44099244,0.6925649,0.31859598,479.0621387877431,0.0,0.0
2257,338550,0.0028560758,150,0.0,7916,1187400,0.6870756,0.6899317,0.35319534,201.78595368785133,0.0,0.0
2257,338550,-0.26279902,150,0.0,7920,1188000,0.9485622,0.6857632,0.37140372,470.84793634471566,0.0,0.0
2258,338700,-0.12245804,150,0.0,7924,1188600,0.80629253,0.6838345,0.32129085,339.4237066849377,0.0,0.0
2260,339000,0.023493648,150,0.0,7926,1188900,0.6506603,0.6741539,0.33523488,124.19153047910255,0.0,0.0
2260,339000,-0.7571127,150,0.0,7929,1189350,1.4554626,0.6983499,0.34291017,525.8704317742807,0.0,0.0
2261,339150,-1.0467668,150,0.0,7931,1189650,1.7541635,0.70739675,0.36882693,175.18730121956722,0.0,0.0
2261,339150,0.37396792,150,0.0,7934,1190100,0.31481192,0.68877983,0.31375638,339.90507551547995,0.0,0.0
2262,339300,-0.22535014,150,0.0,7936,1190400,0.9199304,0.69458026,0.37508884,246.59940124313778,0.0,0.0
2264,339600,0.3696915,150,0.0,7938,1190700,0.31763726,0.68732876,0.3144144,119.58167125083702,0.0,0.0
2264,339600,0.36970848,150,0.0,7941,1191150,0.3185026,0.6882111,0.3164605,384.5710824240342,0.0,0.0
2265,339750,0.34240028,150,0.0,7942,1191300,0.3385009,0.68090117,0.31194124,144.16596376245207,0.0,0.0
2265,339750,0.353989,150,0.0,7945,1191750,0.3178181,0.6718071,0.31300738,358.2076907441537,0.0,0.0
2265,339750,0.30077174,150,0.0,7949,1192350,0.38437405,0.6851458,0.32745132,492.3026843458154,0.0,0.0
2267,340050,0.26681134,150,0.0,7950,1192500,0.42379937,0.6906107,0.32343447,129.34154486054186,0.0,0.0
2268,340200,0.325942,150,0.0,7951,1192650,0.36955848,0.6955005,0.345651,130.67056912244178,0.0,0.0
2269,340350,-1.400561,150,0.0,7955,1193250,2.0821338,0.6815728,0.33944663,218.15987799744372,0.0,0.0
2269,340350,0.1936321,150,0.0,7958,1193700,0.4851031,0.6787352,0.3119493,517.5959161343135,0.0,0.0
2269,340350,0.0859378,150,0.0,7961,1194150,0.5843689,0.6703067,0.31858993,402.2214877216581,0.0,0.0
2270,340500,0.34909624,150,0.0,7963,1194450,0.33438897,0.6834852,0.32077008,218.9310286750674,0.0,0.0
2272,340800,0.36579758,150,0.0,7965,1194750,0.3126034,0.678401,0.3126034,111.74831790207607,0.0,0.0
2273,340950,0.36147982,150,0.0,7968,1195200,0.31352824,0.67500806,0.31213677,160.02010343706715,0.0,0.0
2273,340950,0.24376309,150,0.0,7971,1195650,0.43734008,0.68110317,0.3153671,487.11842832654315,0.0,0.0
2273,340950,-0.25395066,150,0.0,7974,1196100,0.9349459,0.6809952,0.35580036,467.5302208030295,0.0,0.0
2276,341400,-0.25787908,150,0.0,7977,1196550,0.94844025,0.6905612,0.3662814,124.31997495996598,0.0,0.0
2276,341400,0.35432273,150,0.0,7979,1196850,0.3330872,0.68740994,0.3307335,372.36165290312726,0.0,0.0
2277,341550,-1.1129208,150,0.0,7982,1197300,1.7954913,0.68257064,0.2134723,168.64194770950655,0.0,0.0
2277,341550,-0.19985944,150,0.0,7985,1197750,0.8747921,0.67493266,0.30818772,462.3734922138596,0.0,0.0
2277,341550,0.36533207,150,0.0,7988,1198200,0.32097715,0.6863092,0.32041967,391.0938271205869,0.0,0.0
2279,341850,0.34821168,150,0.0,7990,1198500,0.33638707,0.68459874,0.30470505,156.8018431043468,0.0,0.0
2280,342000,-0.055259526,150,0.0,7992,1198800,0.750422,0.6951625,0.34673673,175.92740381738432,0.0,0.0
2281,342150,0.116058946,150,0.0,7995,1199250,0.56353617,0.6795951,0.32730278,190.23046423935554,0.0,0.0
2281,342150,-0.3262638,150,0.0,7998,1199700,1.00855,0.68228626,0.36136603,498.29210108632634,0.0,0.0
2281,342150,-0.05785221,150,0.0,8001,1200150,0.7648436,0.7069914,0.37966895,505.81398714291686,0.0,0.0
2282,342300,-0.9264695,150,0.0,8003,1200450,1.6142497,0.6877802,0.3431916,185.02932727259895,0.0,0.0
2284,342600,0.36745346,150,0.0,8005,1200750,0.3190642,0.68651766,0.31199586,139.630010619634,0.0,0.0
2285,342750,0.36808065,150,0.0,8008,1201200,0.32012478,0.6882054,0.31817535,249.56201886633036,0.0,0.0
2285,342750,0.369959,150,0.0,8010,1201500,0.31332016,0.68327916,0.31312713,378.4181930713168,0.0,0.0
2285,342750,-0.5239396,150,0.0,8013,1201950,1.2138394,0.6898998,0.37954187,489.1134091788995,0.0,0.0
2286,342900,-0.56466186,150,0.0,8015,1202250,1.2568492,0.6921873,0.3836626,194.03826634702483,0.0,0.0
2288,343200,-0.351555,150,0.0,8017,1202550,1.0622655,0.7107105,0.39706284,160.65119920453927,0.0,0.0
2288,343200,0.36490706,150,0.0,8020,1203000,0.31906387,0.6839709,0.3175533,363.01057102945936,0.0,0.0
2289,343350,0.014064908,150,0.0,8022,1203300,0.66470903,0.67877394,0.33096516,296.062805376461,0.0,0.0
2289,343350,0.028335333,150,0.0,8025,1203750,0.6697298,0.69806516,0.3474631,492.42020568852433,0.0,0.0
2290,343500,0.14907008,150,0.0,8029,1204350,0.5226447,0.6717148,0.3218682,248.93538476147896,0.0,0.0
2290,343500,0.31548768,150,0.0,8030,1204500,0.37470585,0.69019353,0.34649697,152.164651939215,0.0,0.0
2292,343800,-0.24122071,150,0.0,8031,1204650,0.9211225,0.6799018,0.3667347,139.48621534436697,0.0,0.0
2292,343800,-0.660076,150,0.0,8035,1205250,1.3413647,0.6812887,0.31916308,426.3309934601459,0.0,0.0
2293,343950,0.4520682,150,0.0,8037,1205550,0.22998433,0.68205255,0.1835502,235.04278357756186,0.0,0.0
2293,343950,-1.3557911,150,0.0,8041,1206150,2.066384,0.710593,0.3879062,515.5485921159806,0.0,0.0
2295,344250,0.37515607,150,0.0,8043,1206450,0.29848972,0.6736458,0.29848972,155.77634307432328,0.0,0.0
2296,344400,0.361598,150,0.0,8044,1206600,0.31905723,0.68065524,0.3186256,136.65076758672816,0.0,0.0
2296,344400,0.35446507,150,0.0,8046,1206900,0.32295066,0.6774157,0.3198016,351.070629219615,0.0,0.0
2296,344400,0.36723918,150,0.0,8049,1207350,0.31624126,0.68348044,0.29903924,388.8172617160486,0.0,0.0
2297,344550,0.35814542,150,0.0,8051,1207650,0.31971616,0.6778616,0.31575423,223.35441159555296,0.0,0.0
2299,344850,-0.9168307,150,0.0,8054,1208100,1.598975,0.6821442,0.39998877,155.51231550472212,0.0,0.0
2300,345000,0.3641234,150,0.0,8056,1208400,0.3184036,0.682527,0.31646457,142.33976398786703,0.0,0.0
2300,345000,0.34784907,150,0.0,8059,1208850,0.3336668,0.6815159,0.31451494,438.683640050287,0.0,0.0
2301,345150,0.34076482,150,0.0,8062,1209300,0.3322962,0.673061,0.30285084,211.74555756968317,0.0,0.0
2301,345150,0.04373783,150,0.0,8065,1209750,0.64208513,0.68582296,0.3513328,522.9822875554033,0.0,0.0
2302,345300,0.36624208,150,0.0,8067,1210050,0.31642565,0.68266773,0.31340206,164.5889655165197,0.0,0.0
2304,345600,-1.1333363,150,0.0,8069,1210350,1.8229836,0.6896473,0.33250627,164.2140573854037,0.0,0.0
2304,345600,0.35438985,150,0.0,8073,1210950,0.32916027,0.6835501,0.30454046,439.48344355132207,0.0,0.0
2305,345750,0.38116905,150,0.0,8075,1211250,0.31820795,0.699377,0.31422624,213.63932716129872,0.0,0.0
2305,345750,0.36926508,150,0.0,8078,1211700,0.31754768,0.68681276,0.31671405,393.11452731263745,0.0,0.0
2307,346050,0.3726499,150,0.0,8081,1212150,0.3119222,0.6845721,0.30978104,145.84388950048785,0.0,0.0
2308,346200,-0.5293955,150,0.0,8083,1212450,1.2165784,0.68718284,0.38228443,227.97178876942567,0.0,0.0
2308,346200,0.3677595,150,0.0,8086,1212900,0.3088412,0.6766007,0.3074164,326.37924272638423,0.0,0.0
2309,346350,0.3520023,150,0.0,8088,1213200,0.33853737,0.69053966,0.32320583,154.53547536908604,0.0,0.0
2309,346350,0.3757094,150,0.0,8092,1213800,0.30964023,0.68534964,0.3083599,374.23213916072433,0.0,0.0
2312,346800,0.33984262,150,0.0,8094,1214100,0.34558177,0.6854244,0.32064378,102.11715012032103,0.0,0.0
2312,346800,-1.4058748,150,0.0,8096,1214400,2.1027617,0.6968869,0.36947754,493.0156090703282,0.0,0.0
2313,346950,0.034248233,150,0.0,8099,1214850,0.6447409,0.6789891,0.31354326,213.3106216311333,0.0,0.0
2313,346950,0.17055887,150,0.0,8102,1215300,0.5160162,0.68657506,0.35465473,486.4152994395535,0.0,0.0
2313,346950,0.32929,150,0.0,8105,1215750,0.3682427,0.6975327,0.34492368,491.21759416859,0.0,0.0
2316,347400,0.041432917,150,0.0,8107,1216050,0.6355517,0.6769846,0.3593935,148.7503253899182,0.0,0.0
2316,347400,0.3632202,150,0.0,8109,1216350,0.31908166,0.6823019,0.31788164,408.06973848069737,0.0,0.0
2316,347400,-0.48033398,150,0.0,8112,1216800,1.1511701,0.67083615,0.3145538,392.91222973238814,0.0,0.0
2317,347550,0.3861298,150,0.0,8114,1217100,0.29697853,0.6831083,0.27334613,179.01782081304793,0.0,0.0
2317,347550,0.33247042,150,0.0,8117,1217550,0.34559268,0.6780631,0.32045814,460.2833050203897,0.0,0.0
2319,347850,-0.66157776,150,0.0,8119,1217850,1.3675952,0.70601743,0.3351719,170.3055342986078,0.0,0.0
2320,348000,-0.48194736,150,0.0,8120,1218000,1.1708905,0.6889431,0.33832973,139.7105352450964,0.0,0.0
2320,348000,0.070635796,150,0.0,8123,1218450,0.66883147,0.73946726,0.3225266,492.7943353515732,0.0,0.0
2321,348150,0.5297268,150,0.0,8126,1218900,0.15696166,0.6866885,0.15684813,170.52294520650048,0.0,0.0
2321,348150,0.369365,150,0.0,8128,1219200,0.31403163,0.68339664,0.31270283,327.7064554690613,0.0,0.0
2322,348300,0.34266448,150,0.0,8131,1219650,0.36808318,0.71074766,0.3224354,153.60993814297066,0.0,0.0
2324,348600,0.36320445,150,0.0,8132,1219800,0.31749937,0.6807038,0.3152076,105.38026856872277,0.0,0.0
2324,348600,-2.9862754,150,0.0,8136,1220400,3.673634,0.6873586,0.34036675,454.71080508551137,0.0,0.0
2325,348750,0.17519051,150,0.0,8138,1220700,0.5005814,0.6757719,0.31337437,171.75049691016198,0.0,0.0
2325,348750,0.3520721,150,0.0,8141,1221150,0.3220528,0.6741249,0.31238624,316.35116809142596,0.0,0.0
2326,348900,-0.2650143,150,0.0,8143,1221450,0.9585618,0.6935475,0.3809863,174.72272311079996,0.0,0.0
2328,349200,-1.1533685,150,0.0,8145,1221750,1.8595886,0.7062202,0.37725,175.3651433591851,0.0,0.0
2328,349200,0.25547534,150,0.0,8148,1222200,0.42651522,0.68199056,0.29858014,480.04871099743855,0.0,0.0
2329,349350,0.19621262,150,0.0,8150,1222500,0.48521116,0.6814238,0.3582344,240.7932627169891,0.0,0.0
2329,349350,-0.91216034,150,0.0,8153,1222950,1.595559,0.68339866,0.31885216,511.7859228805659,0.0,0.0
2329,349350,-0.8992171,150,0.0,8156,1223400,1.643907,0.7446898,0.33858237,466.5033911915773,0.0,0.0
2332,349800,0.36254516,150,0.0,8158,1223700,0.3131006,0.67564577,0.3131006,111.14698162683291,0.0,0.0
2332,349800,0.38158357,150,0.0,8159,1223850,0.3148842,0.69646776,0.31162956,139.35938315072028,0.0,0.0
2333,349950,-0.9251362,150,0.0,8163,1224450,1.6196039,0.69446766,0.35158828,205.71601215176563,0.0,0.0
2333,349950,-1.0507221,150,0.0,8166,1224900,1.7401075,0.6893855,0.3130419,422.5175952291409,0.0,0.0
2334,350100,0.20148861,150,0.0,8169,1225350,0.48800576,0.6894944,0.3882449,282.2567960365781,0.0,0.0
2336,350400,0.3608695,150,0.0,8170,1225500,0.3154082,0.6762777,0.31304327,114.10033572918813,0.0,0.0
2336,350400,0.35697794,150,0.0,8172,1225800,0.3215857,0.67856365,0.29828012,489.0286283706212,0.0,0.0
2337,350550,0.3541232,150,0.0,8175,1226250,0.32105538,0.6751786,0.3104335,231.80352620892197,0.0,0.0
2337,350550,0.22377083,150,0.0,8177,1226550,0.46952966,0.6933005,0.35959777,540.7785925303871,0.0,0.0
2337,350550,0.3647639,150,0.0,8181,1227150,0.31575808,0.68052197,0.31324446,334.5447893812726,0.0,0.0
2340,351000,0.35675263,150,0.0,8183,1227450,0.32829762,0.68505025,0.3083833,118.67651045045326,0.0,0.0
2340,351000,0.27787715,150,0.0,8185,1227750,0.39435798,0.67223513,0.3122007,432.20078052922383,0.0,0.0
2340,351000,0.24776638,150,0.0,8189,1228350,0.43417096,0.68193734,0.30833134,495.3020958475106,0.0,0.0
2341,351150,-0.23751563,150,0.0,8191,1228650,0.9240882,0.68657255,0.33355376,293.09153520197674,0.0,0.0
2341,351150,0.38037637,150,0.0,8194,1229100,0.31796232,0.6983387,0.31720072,355.5660046794995,0.0,0.0
2344,351600,0.3455417,150,0.0,8197,1229550,0.34875742,0.6942991,0.32213116,86.04350030935669,0.0,0.0
2344,351600,0.32881728,150,0.0,8199,1229850,0.35270587,0.68152314,0.31902024,449.91740312566594,0.0,0.0
2345,351750,-0.049954414,150,0.0,8203,1230450,0.73468304,0.6847286,0.36206084,244.1355449714672,0.0,0.0
2345,351750,0.36735615,150,0.0,8206,1230900,0.3112261,0.67858225,0.30998564,349.16685536182854,0.0,0.0
2347,352050,0.36677602,150,0.0,8209,1231350,0.32907662,0.69585264,0.3240942,154.16932745289367,0.0,0.0
2348,352200,0.3335323,150,0.0,8210,1231500,0.33684745,0.67037976,0.32472318,114.79671906985452,0.0,0.0
2348,352200,-0.8405399,150,0.0,8213,1231950,1.5179056,0.6773657,0.3843141,449.86850290666496,0.0,0.0
2348,352200,0.36405534,150,0.0,8216,1232400,0.3147785,0.67883384,0.29459885,383.42009582674643,0.0,0.0
2349,352350,0.36753106,150,0.0,8217,1232550,0.31006676,0.6775978,0.30935138,148.99635457851724,0.0,0.0
2350,352500,-1.085314,150,0.0,8221,1233150,1.7877928,0.7024787,0.35825273,212.16628638450473,0.0,0.0
2351,352650,-0.5084532,150,0.0,8222,1233300,1.1868678,0.67841464,0.33741385,143.06749403758099,0.0,0.0
2352,352800,0.37294212,150,0.0,8224,1233600,0.31563917,0.6885813,0.31556004,281.0071932806139,0.0,0.0
2352,352800,0.27765796,150,0.0,8228,1234200,0.4023246,0.67998254,0.35483977,447.60918887653327,0.0,0.0
2353,352950,-0.09744394,150,0.0,8230,1234500,0.77680206,0.6793581,0.36152926,235.9484168862467,0.0,0.0
2353,352950,0.36607808,150,0.0,8233,1234950,0.3049307,0.67100877,0.29637718,372.9196167818854,0.0,0.0
2355,353250,-0.020978928,150,0.0,8236,1235400,0.6951637,0.6741848,0.35820577,165.24314668856093,0.0,0.0
2356,353400,-0.054018438,150,0.0,8237,1235550,0.73233604,0.6783176,0.35660973,132.09482675542057,0.0,0.0
2356,353400,0.33816808,150,0.0,8240,1236000,0.33672315,0.67489123,0.3095813,451.8321900099969,0.0,0.0
2357,353550,0.38898215,150,0.0,8243,1236450,0.29196945,0.6809516,0.29196945,309.8937148002313,0.0,0.0
2357,353550,-0.07422203,150,0.0,8245,1236750,0.76224595,0.6880239,0.32485574,283.87280748853715,0.0,0.0
2359,353850,-1.4910032,150,0.0,8248,1237200,2.1653259,0.6743227,0.31847844,168.38260306364006,0.0,0.0
2360,354000,-0.8995529,150,0.0,8250,1237500,1.5815989,0.682046,0.33428505,159.7336391520386,0.0,0.0
2360,354000,0.33798957,150,0.0,8253,1237950,0.35241336,0.6904029,0.33338276,467.18512957488565,0.0,0.0
2361,354150,0.34639597,150,0.0,8256,1238400,0.3357553,0.68215126,0.303816,194.64337921708358,0.0,0.0
2361,354150,0.29004556,150,0.0,8259,1238850,0.3911118,0.68115735,0.316677,542.0131862224393,0.0,0.0
2362,354300,0.37425154,150,0.0,8261,1239150,0.3258996,0.70015115,0.31908694,167.67383606253293,0.0,0.0
2364,354600,-0.29249805,150,0.0,8263,1239450,0.98348886,0.6909908,0.37223655,163.03961982465765,0.0,0.0
2364,354600,0.32773876,150,0.0,8266,1239900,0.35975325,0.687492,0.32290554,435.3641473058649,0.0,0.0
2365,354750,-0.68524456,150,0.0,8269,1240350,1.3635851,0.67834055,0.32485157,203.72645706802825,0.0,0.0
2365,354750,-0.26581275,150,0.0,8272,1240800,0.96816057,0.7023478,0.4011625,506.3464571998841,0.0,0.0
2366,354900,-1.419853,150,0.0,8274,1241100,2.101682,0.6818289,0.33505955,170.92065520540777,0.0,0.0
2368,355200,-1.004465,150,0.0,8277,1241550,1.6887796,0.6843146,0.3364856,179.22175368209773,0.0,0.0
2368,355200,0.35715494,150,0.0,8279,1241850,0.31962565,0.6767806,0.31840923,372.9346483992714,0.0,0.0
2369,355350,0.31596544,150,0.0,8282,1242300,0.37326178,0.6892272,0.3363407,205.32226176870464,0.0,0.0
2369,355350,0.35958445,150,0.0,8285,1242750,0.3202734,0.67985785,0.3202734,372.20304449607147,0.0,0.0
2370,355500,0.33839458,150,0.0,8288,1243200,0.34921646,0.68761104,0.32344505,304.5916366583428,0.0,0.0
2372,355800,-0.020440817,150,0.0,8290,1243500,0.70242566,0.68198484,0.3449858,131.78009839537782,0.0,0.0
2372,355800,0.13541192,150,0.0,8292,1243800,0.54766524,0.68307716,0.3345391,506.58578200273286,0.0,0.0
2373,355950,0.38374627,150,0.0,8294,1244100,0.31461924,0.6983655,0.31232607,198.18405872702667,0.0,0.0
2373,355950,-0.19111484,150,0.0,8297,1244550,0.8856434,0.6945286,0.3645099,488.2271368186287,0.0,0.0
2373,355950,0.31692708,150,0.0,8300,1245000,0.3722086,0.6891357,0.364836,448.62832792346705,0.0,0.0
2375,356250,-0.028208673,150,0.0,8303,1245450,0.7185142,0.69030553,0.3636386,163.69893755615277,0.0,0.0
2376,356400,0.36427143,150,0.0,8304,1245600,0.31925115,0.6835226,0.318569,117.51478447751738,0.0,0.0
2376,356400,0.3738047,150,0.0,8306,1245900,0.31211305,0.68591774,0.31193477,368.1983058604307,0.0,0.0
2377,356550,0.3502628,150,0.0,8308,1246200,0.32490942,0.6751722,0.323657,177.5328197454334,0.0,0.0
2377,356550,0.32932293,150,0.0,8311,1246650,0.3599208,0.68924373,0.33338615,468.05821624046524,0.0,0.0
2378,356700,0.3259993,150,0.0,8315,1247250,0.3501627,0.676162,0.31072176,203.9792358935935,0.0,0.0
2380,357000,0.33069772,150,0.0,8316,1247400,0.36157084,0.69226855,0.3336647,145.03470229929388,0.0,0.0
2380,357000,0.36970693,150,0.0,8318,1247700,0.33032048,0.7000274,0.32041654,340.13790508402,0.0,0.0
2381,357150,0.36610302,150,0.0,8322,1248300,0.3108869,0.6769899,0.30221343,184.58543168765632,0.0,0.0
2381,357150,0.362284,150,0.0,8325,1248750,0.31366342,0.6759474,0.31145158,361.8726284566224,0.0,0.0
2381,357150,0.35926518,150,0.0,8328,1249200,0.31290135,0.6721665,0.3116693,345.6456529048392,0.0,0.0
2384,357600,0.34038547,150,0.0,8331,1249650,0.35453793,0.6949234,0.34596336,121.58215795684117,0.0,0.0
2384,357600,-0.629665,150,0.0,8333,1249950,1.3262132,0.6965482,0.37496722,480.41160754033496,0.0,0.0
2384,357600,-0.19821864,150,0.0,8337,1250550,0.8901974,0.69197875,0.36166626,451.7549742580798,0.0,0.0
2385,357750,0.36924,150,0.0,8339,1250850,0.31347638,0.68271637,0.31143624,239.00702457251768,0.0,0.0
2386,357900,0.34770694,150,0.0,8342,1251300,0.34666976,0.6943767,0.33186042,164.21234293487865,0.0,0.0
2388,358200,0.0049418807,150,0.0,8345,1251750,0.6797345,0.6846764,0.3661896,155.16640026478234,0.0,0.0
2388,358200,-1.364445,150,0.0,8347,1252050,2.0595465,0.69510144,0.33502483,458.1281821253393,0.0,0.0
2389,358350,0.3627991,150,0.0,8350,1252500,0.3144663,0.6772654,0.3118677,145.73669412244885,0.0,0.0
2389,358350,0.3724854,150,0.0,8353,1252950,0.31496525,0.68745065,0.31496525,407.39566058909116,0.0,0.0
2390,358500,0.091319025,150,0.0,8356,1253400,0.5950064,0.68632543,0.38753685,177.10128919042626,0.0,0.0
2392,358800,0.36406636,150,0.0,8358,1253700,0.30920517,0.67327154,0.30623314,138.3553727077687,0.0,0.0
2393,358950,-2.8522265,150,0.0,8361,1254150,3.5557463,0.7035198,0.32728383,288.4853575977895,0.0,0.0
2393,358950,0.36186728,150,0.0,8363,1254450,0.3223687,0.684236,0.3218728,415.2872178565181,0.0,0.0
2393,358950,0.11265159,150,0.0,8367,1255050,0.5702095,0.6828611,0.37966856,513.204493619465,0.0,0.0
2394,359100,0.37381065,150,0.0,8368,1255200,0.30923378,0.68304443,0.3082337,147.9629580851392,0.0,0.0
2396,359400,0.23364294,150,0.0,8371,1255650,0.46719766,0.7008406,0.3689814,219.4682980073472,0.0,0.0
2396,359400,0.2912882,150,0.0,8373,1255950,0.39330536,0.68459356,0.3297693,495.8912034756372,0.0,0.0
2397,359550,-0.1080398,150,0.0,8377,1256550,0.88320553,0.77516574,0.41948572,188.45445894186193,0.0,0.0
2398,359700,0.3573721,150,0.0,8381,1257150,0.31529683,0.67266893,0.31392103,233.34495461025946,0.0,0.0
2399,359850,0.38162127,150,0.0,8383,1257450,0.31326976,0.69489104,0.3099949,236.3168346732164,0.0,0.0
2400,360000,0.24746203,150,0.0,8385,1257750,0.44242877,0.6898908,0.31838214,185.46404510479388,0.0,0.0
2401,360150,0.29866952,150,0.0,8389,1258350,0.37438577,0.6730553,0.304827,230.40191251587538,0.0,0.0
2401,360150,0.1907207,150,0.0,8392,1258800,0.49475053,0.68547124,0.31957164,523.3054939351368,0.0,0.0
2402,360300,0.30546787,150,0.0,8396,1259400,0.3808621,0.68632996,0.29559508,277.6408723407917,0.0,0.0
2404,360600,0.34397152,150,0.0,8398,1259700,0.3406172,0.68458873,0.33361444,151.18560719294317,0.0,0.0
2404,360600,0.030242562,150,0.0,8400,1260000,0.6468776,0.67712015,0.32649276,500.7594021886638,0.0,0.0
2405,360750,0.34044245,150,0.0,8404,1260600,0.3421572,0.68259966,0.3184238,272.6427923254732,0.0,0.0
2405,360750,0.34432158,150,0.0,8406,1260900,0.35106817,0.69538975,0.3416654,443.5059739611567,0.0,0.0
2407,361050,0.25212735,150,0.0,8409,1261350,0.43619096,0.6883183,0.3412239,196.3208194512964,0.0,0.0
2407,361050,0.030185461,150,0.0,8411,1261650,0.66412735,0.6943128,0.36361453,430.7033421416542,0.0,0.0
2408,361200,0.28929216,150,0.0,8413,1261950,0.3846169,0.67390907,0.3419077,222.58278499481173,0.0,0.0
2409,361350,0.29666144,150,0.0,8416,1262400,0.39083457,0.687496,0.35312793,303.9782461856901,0.0,0.0
2409,361350,-0.02021575,150,0.0,8418,1262700,0.7096877,0.68947196,0.34883657,481.2726524455079,0.0,0.0
2410,361500,0.06290865,150,0.0,8421,1263150,0.6281366,0.6910452,0.38399175,172.25548803826965,0.0,0.0
2412,361800,-1.8437157,150,0.0,8423,1263450,2.5320091,0.6882935,0.42154494,155.71638950283764,0.0,0.0
2412,361800,0.38788006,150,0.0,8425,1263750,0.3169615,0.70484155,0.31672505,400.27866690334264,0.0,0.0
2413,361950,-0.687867,150,0.0,8428,1264200,1.3848621,0.6969951,0.3597681,172.337872796421,0.0,0.0
2413,361950,-0.003239572,150,0.0,8431,1264650,0.6754399,0.6722003,0.3179195,401.4328282022651,0.0,0.0
2415,362250,0.3656521,150,0.0,8434,1265100,0.312816,0.6784681,0.31265423,131.48634634893207,0.0,0.0
2416,362400,-0.021674812,150,0.0,8436,1265400,0.7046376,0.6829628,0.37442538,205.50488442943782,0.0,0.0
2417,362550,0.37879217,150,0.0,8438,1265700,0.31257844,0.6913706,0.31231257,217.2021584000497,0.0,0.0
2417,362550,0.3562808,150,0.0,8440,1266000,0.3313436,0.6876244,0.32927573,368.9027711731384,0.0,0.0
2417,362550,0.37270063,150,0.0,8443,1266450,0.32210904,0.6948097,0.32067665,325.9217202197727,0.0,0.0
2419,362850,0.36646527,150,0.0,8445,1266750,0.31700557,0.68347085,0.31328392,132.76662770407196,0.0,0.0
2420,363000,0.35932726,150,0.0,8448,1267200,0.31938577,0.678713,0.31938577,170.3408546641068,0.0,0.0
2421,363150,-0.0053420663,150,0.0,8451,1267650,0.69414777,0.6888057,0.35804367,201.22240708650688,0.0,0.0
2421,363150,0.38226077,150,0.0,8455,1268250,0.318274,0.70053476,0.31467912,345.1585030061341,0.0,0.0
2422,363300,-1.074733,150,0.0,8457,1268550,1.7848353,0.7101023,0.32454768,201.17164155480882,0.0,0.0
2424,363600,-0.107247114,150,0.0,8459,1268850,0.8018085,0.69456136,0.3827182,200.85341349435348,0.0,0.0
2424,363600,-0.78159034,150,0.0,8461,1269150,1.4889714,0.707381,0.32850507,449.683614648145,0.0,0.0
2425,363750,0.19977027,150,0.0,8463,1269450,0.4937954,0.69356567,0.34054604,198.45017577228617,0.0,0.0
2425,363750,0.36837935,150,0.0,8467,1270050,0.31632888,0.68470824,0.31387445,363.571094638943,0.0,0.0
2426,363900,0.029498577,150,0.0,8470,1270500,0.6604174,0.68991596,0.35643068,337.35090154796967,0.0,0.0
2428,364200,0.34099373,150,0.0,8471,1270650,0.33503953,0.67603326,0.31707785,137.8670051259756,0.0,0.0
2428,364200,0.24629232,150,0.0,8473,1270950,0.4482074,0.69449973,0.3706354,334.3353633262124,0.0,0.0
2429,364350,0.28859004,150,0.0,8475,1271250,0.3844799,0.67306995,0.3126233,191.8335038802992,0.0,0.0
2429,364350,-0.71101195,150,0.0,8478,1271700,1.3891642,0.67815226,0.327423,523.26458168898,0.0,0.0
2429,364350,-2.183769,150,0.0,8482,1272300,2.8698056,0.6860366,0.21557847,440.0905999096239,0.0,0.0
2431,364650,0.3050558,150,0.0,8484,1272600,0.39015758,0.6952134,0.35015714,167.28885135584287,0.0,0.0
2432,364800,0.14386845,150,0.0,8486,1272900,0.53794396,0.6818124,0.38701826,235.80930777687033,0.0,0.0
2433,364950,0.30389923,150,0.0,8490,1273500,0.38505602,0.68895525,0.28275853,169.7761524296388,0.0,0.0
2433,364950,0.24802446,150,0.0,8493,1273950,0.43375623,0.6817807,0.30712372,458.6114069405598,0.0,0.0
2434,365100,0.083431184,150,0.0,8496,1274400,0.60678446,0.69021565,0.365968,341.5862984469293,0.0,0.0
2436,365400,0.41296762,150,0.0,8498,1274700,0.3313467,0.7443143,0.3114965,154.81253440336778,0.0,0.0
2436,365400,0.37808016,150,0.0,8499,1274850,0.3155906,0.69367075,0.31282544,128.28992604543308,0.0,0.0
2437,365550,0.35579222,150,0.0,8501,1275150,0.31864452,0.67443675,0.31861293,219.9020142067866,0.0,0.0
2437,365550,0.35412857,150,0.0,8504,1275600,0.32273802,0.6768666,0.31981286,353.92660732126626,0.0,0.0
2438,365700,-0.5441047,150,0.0,8508,1276200,1.2359667,0.691862,0.3974812,219.2478785097243,0.0,0.0
2440,366000,0.35843655,150,0.0,8511,1276650,0.3161426,0.67457914,0.3160664,134.75565821365203,0.0,0.0
2440,366000,0.23682359,150,0.0,8513,1276950,0.4452527,0.6820763,0.3639937,476.28447815768254,0.0,0.0
2441,366150,0.3027025,150,0.0,8515,1277250,0.38041198,0.68311447,0.3333398,387.7126610961533,0.0,0.0
2441,366150,0.38556126,150,0.0,8518,1277700,0.3210214,0.70658267,0.32042527,364.58132686162907,0.0,0.0
2442,366300,0.28014314,150,0.0,8522,1278300,0.40902168,0.6891648,0.34422207,204.87849674175294,0.0,0.0
2443,366450,0.12590307,150,0.0,8523,1278450,0.5500458,0.67594886,0.3597272,148.00079323240087,0.0,0.0
2444,366600,0.35630292,150,0.0,8524,1278600,0.32052946,0.6768324,0.31716254,124.16655466632879,0.0,0.0
2445,366750,-0.5085975,150,0.0,8527,1279050,1.1932398,0.6846423,0.32087347,378.2889542941493,0.0,0.0
2445,366750,0.046925962,150,0.0,8529,1279350,0.63558227,0.68250823,0.39361614,509.8924610922141,0.0,0.0
2445,366750,0.3583426,150,0.0,8532,1279800,0.32674277,0.68508536,0.3172514,371.1539153575556,0.0,0.0
2446,366900,0.3039131,150,0.0,8534,1280100,0.38271752,0.6866306,0.3468936,208.84113025616784,0.0,0.0
2448,367200,0.15922004,150,0.0,8536,1280400,0.5172714,0.67649144,0.3450672,177.923628191173,0.0,0.0
2448,367200,0.3466975,150,0.0,8539,1280850,0.3289817,0.6756792,0.32429782,343.9243344772959,0.0,0.0
2449,367350,0.2449669,150,0.0,8541,1281150,0.44622716,0.69119406,0.37767273,199.7016278423122,0.0,0.0
2449,367350,0.34894502,150,0.0,8544,1281600,0.34619713,0.69514215,0.31333578,450.01072909186104,0.0,0.0
2449,367350,-1.3530288,150,0.0,8548,1282200,2.039643,0.6866142,0.33702067,559.5290016186123,0.0,0.0
2452,367800,0.29124513,150,0.0,8550,1282500,0.3873267,0.6785718,0.30880108,172.98034446740846,0.0,0.0
2452,367800,0.37559062,150,0.0,8551,1282650,0.3107708,0.68636143,0.3104359,142.5051592370105,0.0,0.0
2452,367800,0.37087196,150,0.0,8554,1283100,0.31742924,0.6883012,0.31694055,391.8118443029792,0.0,0.0
2453,367950,0.3426479,150,0.0,8556,1283400,0.3398891,0.682537,0.31593975,278.2351502586457,0.0,0.0
2453,367950,0.35930982,150,0.0,8559,1283850,0.32053146,0.6798413,0.31677565,381.9540838380355,0.0,0.0
2456,368400,0.26851234,150,0.0,8562,1284300,0.42259863,0.69111097,0.37022707,191.19032345015935,0.0,0.0
2456,368400,0.3513793,150,0.0,8563,1284450,0.32599595,0.67737526,0.32513136,106.94653315892674,0.0,0.0
2457,368550,-0.71024597,150,0.0,8567,1285050,1.4141517,0.7039057,0.33021513,270.995503549478,0.0,0.0
2457,368550,0.147062,150,0.0,8569,1285350,0.5459927,0.6930547,0.36445376,480.7111350180053,0.0,0.0
2457,368550,0.38176894,150,0.0,8572,1285800,0.3207674,0.70253634,0.32002357,347.63554786894576,0.0,0.0
2458,368700,-1.2428777,150,0.0,8575,1286250,1.9469258,0.704048,0.365041,169.3114493984914,0.0,0.0
2460,369000,0.3549524,150,0.0,8576,1286400,0.32468092,0.6796333,0.32296798,129.13205982623546,0.0,0.0
2460,369000,0.37631,150,0.0,8578,1286700,0.30758262,0.6838926,0.28802463,395.87678685364006,0.0,0.0
2461,369150,0.20365766,150,0.0,8581,1287150,0.47642192,0.6800796,0.34576154,213.11906669354033,0.0,0.0
2461,369150,-0.10073936,150,0.0,8584,1287600,0.77656627,0.6758269,0.36507338,501.21378791693087,0.0,0.0
2463,369450,0.25435737,150,0.0,8588,1288200,0.43523476,0.6895921,0.3419451,165.25799102770097,0.0,0.0
2464,369600,0.24268153,150,0.0,8589,1288350,0.4555767,0.6982582,0.35822815,142.53130941913923,0.0,0.0
2464,369600,-0.33904088,150,0.0,8591,1288650,1.025706,0.6866652,0.33785164,474.9602152453368,0.0,0.0
2464,369600,-0.16836298,150,0.0,8595,1289250,0.8643842,0.6960212,0.3515598,485.4503535482915,0.0,0.0
2465,369750,0.3320974,150,0.0,8597,1289550,0.35179657,0.683894,0.31775388,248.20374034192113,0.0,0.0
2466,369900,0.36499572,150,0.0,8600,1290000,0.3178205,0.6828162,0.31740403,171.7999760791812,0.0,0.0
2468,370200,-0.8710009,150,0.0,8601,1290150,1.5589049,0.687904,0.25203723,130.7024660070455,0.0,0.0
2468,370200,0.12045109,150,0.0,8604,1290600,0.5779597,0.6984108,0.36957103,479.56825977589756,0.0,0.0
2468,370200,0.014585733,150,0.0,8608,1291200,0.67476,0.6893457,0.38976368,389.8503729986064,0.0,0.0
2469,370350,-0.24228495,150,0.0,8611,1291650,0.92633593,0.684051,0.39108098,193.70956017169348,0.0,0.0
2470,370500,-0.7058169,150,0.0,8613,1291950,1.3871211,0.68130416,0.32214484,223.15413722115736,0.0,0.0
2472,370800,0.33221647,150,0.0,8615,1292250,0.33892152,0.671138,0.32306457,126.80667263937696,0.0,0.0
2472,370800,0.35662594,150,0.0,8617,1292550,0.31542924,0.6720552,0.31270748,317.78737822442923,0.0,0.0
2472,370800,0.32870322,150,0.0,8620,1293000,0.3586825,0.68738574,0.33349615,443.1195723371437,0.0,0.0
2473,370950,0.35242814,150,0.0,8623,1293450,0.32910657,0.6815347,0.32650095,147.1145333760467,0.0,0.0
2474,371100,0.02848047,150,0.0,8626,1293900,0.6652912,0.69377166,0.3881717,184.2285873581673,0.0,0.0
2476,371400,0.34927437,150,0.0,8628,1294200,0.32623717,0.67551154,0.32535544,131.13442545044882,0.0,0.0
2476,371400,0.3286154,150,0.0,8631,1294650,0.37156764,0.70018303,0.37047377,437.7593854696127,0.0,0.0
2476,371400,-0.9322256,150,0.0,8635,1295250,1.6056465,0.6734209,0.31925988,561.1033966100788,0.0,0.0
2477,371550,0.26566905,150,0.0,8638,1295700,0.4083252,0.67399424,0.3078139,233.61112637627863,0.0,0.0
2478,371700,0.2721592,150,0.0,8640,1296000,0.40888825,0.68104744,0.3623646,188.35527259238725,0.0,0.0
2479,371850,0.35608664,150,0.0,8641,1296150,0.31629232,0.67237896,0.31418025,142.16472875530255,0.0,0.0
2480,372000,0.35437927,150,0.0,8642,1296300,0.32513407,0.67951334,0.3143905,122.54241002083128,0.0,0.0
2480,372000,-1.4308152,150,0.0,8645,1296750,2.11544,0.68462473,0.32840627,498.7957939601801,0.0,0.0
2481,372150,-1.3494272,150,0.0,8649,1297350,2.0853212,0.73589396,0.42063108,341.7989676691717,0.0,0.0
2482,372300,0.36414373,150,0.0,8651,1297650,0.32128555,0.6854293,0.31223887,248.63189260323344,0.0,0.0
2482,372300,0.3640954,150,0.0,8653,1297950,0.31313616,0.67723155,0.31164902,310.36058612511,0.0,0.0
2484,372600,0.35788295,150,0.0,8654,1298100,0.33146015,0.6893431,0.32286796,135.09063686399435,0.0,0.0
2484,372600,0.36954656,150,0.0,8656,1298400,0.318319,0.68786556,0.318319,334.7929553301178,0.0,0.0
2484,372600,0.43070063,150,0.0,8659,1298850,0.3147814,0.745482,0.3127269,331.20613784567894,0.0,0.0
2485,372750,0.3690142,150,0.0,8661,1299150,0.31309605,0.68211025,0.3097712,144.88346948997392,0.0,0.0
2486,372900,0.29782635,150,0.0,8663,1299450,0.38524365,0.68307,0.3154539,223.82895882784882,0.0,0.0
2487,373050,0.30643815,150,0.0,8665,1299750,0.38650936,0.6929475,0.3481436,416.56112695751665,0.0,0.0
2488,373200,0.36894605,150,0.0,8666,1299900,0.31337348,0.6823195,0.3132955,139.68528572906615,0.0,0.0
2488,373200,0.33824867,150,0.0,8668,1300200,0.34861803,0.6868667,0.32534248,455.3637615777851,0.0,0.0
2488,373200,0.35398188,150,0.0,8671,1300650,0.3247094,0.67869127,0.3161173,361.34907661929054,0.0,0.0
2489,373350,-1.4629486,150,0.0,8673,1300950,2.142522,0.6795735,0.31672144,220.39942968643263,0.0,0.0
2490,373500,0.3593066,150,0.0,8675,1301250,0.3132256,0.6725322,0.31117305,144.6936068735866,0.0,0.0
2491,373650,0.11161822,150,0.0,8677,1301550,0.57750314,0.68912137,0.3738925,213.922703030777,0.0,0.0
2492,373800,0.38653016,150,0.0,8679,1301850,0.3103345,0.69686466,0.31018555,244.05239589248973,0.0,0.0
2492,373800,0.36473253,150,0.0,8681,1302150,0.3158866,0.6806191,0.3158866,376.4915398770253,0.0,0.0
2493,373950,0.27187634,150,0.0,8684,1302600,0.41687196,0.6887483,0.3381989,187.84766542070975,0.0,0.0
2494,374100,0.3749064,150,0.0,8688,1303200,0.30186334,0.67676973,0.2744656,165.25673219370225,0.0,0.0
2495,374250,0.35710043,150,0.0,8689,1303350,0.31628823,0.67338866,0.30899495,147.8563789022759,0.0,0.0
2496,374400,-0.07561278,150,0.0,8691,1303650,0.76035506,0.6847423,0.6838303,140.3155186502853,0.0,0.0
2496,374400,0.38411286,150,0.0,8694,1304100,0.31223676,0.6963496,0.308526,322.98112922775067,0.0,0.0
2497,374550,0.36578542,150,0.0,8697,1304550,0.31389952,0.67968494,0.31375995,154.6275407794128,0.0,0.0
2498,374700,-1.2096949,150,0.0,8699,1304850,1.9177918,0.7080969,0.38260642,203.48345147088693,0.0,0.0
2499,374850,0.15589482,150,0.0,8702,1305300,0.5187753,0.6746701,0.3565522,166.3870653284379,0.0,0.0
2500,375000,0.03972447,150,0.0,8704,1305600,0.6377944,0.67751884,0.32357642,363.74787525583656,0.0,0.0
2500,375000,-0.5417478,150,0.0,8707,1306050,1.2337272,0.6919794,0.4107019,468.3254503146508,0.0,0.0
2501,375150,0.18093187,150,0.0,8709,1306350,0.4915862,0.6725181,0.32985723,195.51215437472965,0.0,0.0
2501,375150,0.06318265,150,0.0,8712,1306800,0.6142227,0.67740536,0.33393636,504.7244593518078,0.0,0.0
2503,375450,0.32729468,150,0.0,8714,1307100,0.34635893,0.6736536,0.32127616,159.42108822662658,0.0,0.0
2504,375600,0.10889578,150,0.0,8717,1307550,0.5744231,0.68331885,0.35782433,230.42393686160514,0.0,0.0
2504,375600,0.35326865,150,0.0,8720,1308000,0.32786354,0.6811322,0.31307352,375.4358284589688,0.0,0.0
2505,375750,0.19121617,150,0.0,8723,1308450,0.4963326,0.68754876,0.32473513,176.78429327374823,0.0,0.0
2507,376050,0.35665685,150,0.0,8727,1309050,0.3213876,0.67804444,0.3206207,116.32392024059612,0.0,0.0
2508,376200,0.1609205,150,0.0,8729,1309350,0.5298479,0.6907684,0.37006226,170.3985238073442,0.0,0.0
2508,376200,0.28473675,150,0.0,8733,1309950,0.4033879,0.68812466,0.34377226,458.669248423097,0.0,0.0
2509,376350,0.26151973,150,0.0,8735,1310250,0.41790533,0.67942506,0.32755303,161.1520344257886,0.0,0.0
2509,376350,0.032414854,150,0.0,8738,1310700,0.65304893,0.6854638,0.3593989,490.8098594845583,0.0,0.0
2512,376800,-0.020310938,150,0.0,8740,1311000,0.6986186,0.67830765,0.3109391,149.26115035921146,0.0,0.0
2512,376800,0.04997301,150,0.0,8742,1311300,0.63199866,0.68197167,0.32746646,431.06129588558485,0.0,0.0
2512,376800,0.12898982,150,0.0,8746,1311900,0.5572153,0.6862051,0.31773773,489.80834941645327,0.0,0.0
2513,376950,-0.03791821,150,0.0,8749,1312350,0.7350184,0.69710016,0.37045416,185.74784586791927,0.0,0.0
2515,377250,0.36748102,150,0.0,8752,1312800,0.32304785,0.69052887,0.321258,119.57698928446598,0.0,0.0
2516,377400,0.35752174,150,0.0,8754,1313100,0.31468675,0.6722085,0.3124705,223.2429012589902,0.0,0.0
2516,377400,0.31445032,150,0.0,8756,1313400,0.36768955,0.6821399,0.3446815,499.3464757789669,0.0,0.0
2516,377400,-0.83876216,150,0.0,8759,1313850,1.5225382,0.683776,0.31601328,425.5523967800782,0.0,0.0
2517,377550,0.3756748,150,0.0,8761,1314150,0.31635758,0.6920324,0.3144073,222.0460068850096,0.0,0.0
2519,377850,0.374377,150,0.0,8764,1314600,0.31181413,0.68619114,0.3108432,204.81806826057897,0.0,0.0
2519,377850,-0.573048,150,0.0,8765,1314750,1.28261,0.70956206,0.38600525,121.2163529064962,0.0,0.0
2520,378000,0.014072359,150,0.0,8767,1315050,0.68065697,0.6947293,0.37601367,307.45491134739643,0.0,0.0
2520,378000,0.37488827,150,0.0,8770,1315500,0.31358722,0.6884755,0.31295693,395.7557626065274,0.0,0.0
2521,378150,0.33346188,150,0.0,8772,1315800,0.35156196,0.68502384,0.33582482,196.87334835983623,0.0,0.0
2521,378150,-0.24682033,150,0.0,8775,1316250,0.9288649,0.68204457,0.3401346,463.8755538122262,0.0,0.0
2523,378450,0.2922857,150,0.0,8777,1316550,0.39505908,0.6873448,0.32153705,137.87664320676382,0.0,0.0
2524,378600,-0.5827605,150,0.0,8779,1316850,1.2590895,0.67632896,0.41534543,215.11943032871807,0.0,0.0
2524,378600,0.38099003,150,0.0,8782,1317300,0.2966711,0.6776611,0.29200652,378.2766721040122,0.0,0.0
2525,378750,0.3668754,150,0.0,8785,1317750,0.32069588,0.6875713,0.31859183,161.68138509092665,0.0,0.0
2526,378900,0.2881985,150,0.0,8788,1318200,0.4041119,0.6923104,0.31879687,175.9331597525649,0.0,0.0
2527,379050,0.3718762,150,0.0,8789,1318350,0.3149921,0.6868683,0.31494936,137.79752394198073,0.0,0.0
2528,379200,-0.82146204,150,0.0,8791,1318650,1.4961299,0.67466784,0.30906132,186.41754325352815,0.0,0.0
2528,379200,0.36368573,150,0.0,8793,1318950,0.31079328,0.674479,0.3094645,340.4570701276662,0.0,0.0
2529,379350,0.3634282,150,0.0,8796,1319400,0.32494834,0.68837655,0.31091395,158.7180366909524,0.0,0.0
2531,379650,0.36874604,150,0.0,8799,1319850,0.32282925,0.6915753,0.31963992,192.1210723921172,0.0,0.0
2531,379650,0.39213094,150,0.0,8800,1320000,0.306954,0.69908494,0.306954,123.39582830335482,0.0,0.0
2532,379800,0.35929802,150,0.0,8801,1320150,0.32134733,0.68064535,0.3123298,138.40720712475962,0.0,0.0
2532,379800,0.3404531,150,0.0,8804,1320600,0.34154218,0.6819953,0.3012159,470.6038641922671,0.0,0.0
2533,379950,0.24252936,150,0.0,8807,1321050,0.4465874,0.6891168,0.32765564,176.0419045060775,0.0,0.0
2533,379950,0.36170915,150,0.0,8810,1321500,0.3124617,0.67417085,0.31051987,344.6070252890688,0.0,0.0
2535,380250,0.080783606,150,0.0,8812,1321800,0.6080544,0.688838,0.37812147,201.55665683037245,0.0,0.0
2536,380400,0.3102499,150,0.0,8814,1322100,0.38034454,0.69059443,0.36642462,207.25119059501586,0.0,0.0
2536,380400,0.3917343,150,0.0,8817,1322550,0.2933665,0.6851008,0.2933665,347.8056277295594,0.0,0.0
2537,380550,0.16218066,150,0.0,8820,1323000,0.54013056,0.7023112,0.3409121,214.37426741174866,0.0,0.0
2537,380550,-0.678667,150,0.0,8822,1323300,1.3617039,0.68303686,0.4045363,434.85980572002063,0.0,0.0
2539,380850,0.35080618,150,0.0,8824,1323600,0.3368132,0.6876194,0.32884032,118.08330397574616,0.0,0.0
2540,381000,0.386232,150,0.0,8825,1323750,0.31406483,0.7002968,0.31271914,141.7228884234466,0.0,0.0
2540,381000,0.2551878,150,0.0,8827,1324050,0.42530864,0.68049645,0.30077028,476.96185718866866,0.0,0.0
2540,381000,0.33533892,150,0.0,8830,1324500,0.34435973,0.67969865,0.31576225,524.0521765205657,0.0,0.0
2541,381150,0.29639998,150,0.0,8832,1324800,0.38527134,0.6816713,0.3677765,476.19723778692946,0.0,0.0
2542,381300,0.29299682,150,0.0,8835,1325250,0.39062393,0.68362075,0.32857028,239.16384253812336,0.0,0.0
2543,381450,0.3702214,150,0.0,8836,1325400,0.31477043,0.68499184,0.31160146,132.8827489253562,0.0,0.0
2544,381600,0.374196,150,0.0,8837,1325550,0.34117508,0.7153711,0.3338628,142.5592781326836,0.0,0.0
2544,381600,0.37156823,150,0.0,8840,1326000,0.31012627,0.6816945,0.31012627,338.95502100334403,0.0,0.0
2545,381750,0.21285036,150,0.0,8843,1326450,0.48280522,0.6956556,0.375957,381.00664215223173,0.0,0.0
2545,381750,0.36670303,150,0.0,8845,1326750,0.3266735,0.69337654,0.29291573,351.38768808015817,0.0,0.0
2547,382050,0.3563713,150,0.0,8847,1327050,0.3288273,0.6851986,0.30387032,146.2108546544947,0.0,0.0
2548,382200,0.3526429,150,0.0,8848,1327200,0.3373276,0.6899705,0.3315917,145.60576030275286,0.0,0.0
2548,382200,0.36475804,150,0.0,8851,1327650,0.32266638,0.6874244,0.32246515,327.5249374124438,0.0,0.0
2549,382350,0.3735388,150,0.0,8855,1328250,0.31015795,0.68369675,0.30793774,224.52702319302037,0.0,0.0
2549,382350,0.35421178,150,0.0,8857,1328550,0.31672773,0.6709395,0.31241256,367.15017343685076,0.0,0.0
2552,382800,0.3394411,150,0.0,8860,1329000,0.35001555,0.68945664,0.34934896,113.263589430434,0.0,0.0
2552,382800,0.3734423,150,0.0,8861,1329150,0.31386018,0.6873025,0.3135336,148.33263428010838,0.0,0.0
2552,382800,0.3062698,150,0.0,8865,1329750,0.3708656,0.6771354,0.35043913,463.04047833008394,0.0,0.0
2552,382800,0.331555,150,0.0,8868,1330200,0.3515234,0.6830784,0.32782125,489.64100265232173,0.0,0.0
2553,382950,0.37674278,150,0.0,8870,1330500,0.30957276,0.68631554,0.3075539,227.6254535626717,0.0,0.0
2555,383250,0.37901157,150,0.0,8871,1330650,0.32510972,0.7041213,0.31327376,145.05530077484028,0.0,0.0
2556,383400,0.3818342,150,0.0,8872,1330800,0.3119952,0.6938294,0.30834663,123.73427399441968,0.0,0.0
2556,383400,-0.0071683526,150,0.0,8874,1331100,0.7018559,0.69468755,0.36434942,546.8601066173882,0.0,0.0
2556,383400,0.3606061,150,0.0,8877,1331550,0.32268915,0.68329525,0.31568012,374.21255112261576,0.0,0.0
2557,383550,0.32223558,150,0.0,8880,1332000,0.36365223,0.6858878,0.36266488,211.54022806089066,0.0,0.0
2557,383550,-0.18350863,150,0.0,8883,1332450,0.86430484,0.6807962,0.1782165,314.20878911780704,0.0,0.0
2560,384000,-0.10257459,150,0.0,8885,1332750,0.78978807,0.6872135,0.35356438,140.3701791547878,0.0,0.0
2560,384000,0.3738792,150,0.0,8886,1332900,0.30859423,0.6824734,0.30728754,127.56174009095946,0.0,0.0
2560,384000,0.34955466,150,0.0,8889,1333350,0.34014887,0.6897035,0.32739532,478.03202757203775,0.0,0.0
2561,384150,0.33654743,150,0.0,8892,1333800,0.35271525,0.6892627,0.33315474,256.92226898477526,0.0,0.0
2561,384150,0.36568338,150,0.0,8894,1334100,0.3089171,0.6746005,0.3084537,351.3990712700276,0.0,0.0
2564,384600,0.33378896,150,0.0,8896,1334400,0.36088315,0.6946721,0.3386556,135.17228221565927,0.0,0.0
2564,384600,-1.3512999,150,0.0,8897,1334550,2.049134,0.69783413,0.32448208,113.81985094316548,0.0,0.0
2564,384600,-0.45947385,150,0.0,8900,1335000,1.2047687,0.7452948,0.43672463,490.75855742574413,0.0,0.0
2564,384600,0.23665822,150,0.0,8904,1335600,0.46973562,0.70639384,0.39447558,501.88470331837334,0.0,0.0
2565,384750,0.14614767,150,0.0,8906,1335900,0.5475823,0.69373,0.37687555,301.28550658843676,0.0,0.0
2566,384900,0.05873078,150,0.0,8908,1336200,0.67996544,0.7386962,0.3335986,197.0886499450535,0.0,0.0
2568,385200,0.35902187,150,0.0,8909,1336350,0.32581565,0.6848375,0.32099363,127.61687933928822,0.0,0.0
2568,385200,0.050067842,150,0.0,8911,1336650,0.64523894,0.6953068,0.36848864,485.1071113814951,0.0,0.0
2568,385200,0.19269246,150,0.0,8914,1337100,0.4922831,0.68497556,0.34096703,472.88393949688975,0.0,0.0
2569,385350,0.31452557,150,0.0,8917,1337550,0.37822375,0.6927493,0.35140583,190.36601727239884,0.0,0.0
2569,385350,0.3497867,150,0.0,8919,1337850,0.3245262,0.6743129,0.31306088,405.86137203584946,0.0,0.0
2571,385650,0.3602834,150,0.0,8920,1338000,0.31473163,0.67501503,0.31473163,129.9510369407228,0.0,0.0
2572,385800,0.3732194,150,0.0,8921,1338150,0.31328407,0.68650347,0.31301165,121.42796346423867,0.0,0.0
2572,385800,0.3594835,150,0.0,8924,1338600,0.31840417,0.6778877,0.29794675,451.72156553867717,0.0,0.0
2572,385800,0.3710744,150,0.0,8927,1339050,0.31007382,0.68114823,0.31003052,321.1765102267727,0.0,0.0
2573,385950,0.3597241,150,0.0,8929,1339350,0.32576627,0.68549037,0.31057706,209.33316697027925,0.0,0.0
2574,386100,0.27593252,150,0.0,8931,1339650,0.4066154,0.6825479,0.31802788,276.0094497101255,0.0,0.0
2575,386250,-0.22137457,150,0.0,8932,1339800,0.90952283,0.68814826,0.33541927,143.09010839353365,0.0,0.0
2576,386400,0.33759692,150,0.0,8934,1340100,0.33520636,0.6728033,0.3178485,234.46317935263636,0.0,0.0
2576,386400,0.36611885,150,0.0,8937,1340550,0.31274104,0.6788599,0.3109092,339.94346033145735,0.0,0.0
2576,386400,0.35927573,150,0.0,8940,1341000,0.334556,0.69383174,0.29613882,363.1054782187132,0.0,0.0
2577,386550,0.15542817,150,0.0,8942,1341300,0.54790556,0.70333374,0.39594987,472.0423524327439,0.0,0.0
2579,386850,-1.0530319,150,0.0,8944,1341600,1.7370151,0.68398327,0.32467115,193.07277711576745,0.0,0.0
2580,387000,0.2534953,150,0.0,8946,1341900,0.4467105,0.7002058,0.36785427,184.27898712776718,0.0,0.0
2580,387000,0.38358495,150,0.0,8949,1342350,0.2988638,0.68244874,0.2988638,352.920427849243,0.0,0.0
2581,387150,0.36779886,150,0.0,8952,1342800,0.32575744,0.6935563,0.3232784,206.30037859982988,0.0,0.0
2582,387300,0.25322363,150,0.0,8955,1343250,0.43198135,0.685205,0.38926417,226.23584645125655,0.0,0.0
2583,387450,0.30582985,150,0.0,8957,1343550,0.37575302,0.68158287,0.36565527,202.66065031604845,0.0,0.0
2584,387600,0.34802654,150,0.0,8959,1343850,0.34507737,0.6931039,0.3223209,386.99791106397953,0.0,0.0
2584,387600,0.31478375,150,0.0,8962,1344300,0.3855039,0.70028764,0.35376748,478.59385305167996,0.0,0.0
2584,387600,-0.3564849,150,0.0,8965,1344750,1.0562978,0.6998129,0.3926717,455.33476005648026,0.0,0.0
2585,387750,0.36773884,150,0.0,8967,1345050,0.31624204,0.6839809,0.31252217,282.4953156592359,0.0,0.0
2587,388050,0.36107937,150,0.0,8969,1345350,0.3190517,0.6801311,0.31824663,127.72981630450076,0.0,0.0
2588,388200,0.3679046,150,0.0,8971,1345650,0.3183831,0.6862877,0.3087491,225.43008125070767,0.0,0.0
2588,388200,-0.66350406,150,0.0,8974,1346100,1.3610089,0.6975048,0.34713933,472.13764317506246,0.0,0.0
2589,388350,0.3534619,150,0.0,8977,1346550,0.32454887,0.67801076,0.31389698,175.32976103820246,0.0,0.0
2591,388650,0.3602256,150,0.0,8979,1346850,0.31838623,0.6786118,0.31732982,134.67872429467906,0.0,0.0
2592,388800,0.37586,150,0.0,8980,1347000,0.31007066,0.68593067,0.309435,123.35905235115195,0.0,0.0
2592,388800,0.3534426,150,0.0,8982,1347300,0.3187579,0.6722005,0.3127733,346.6842558565886,0.0,0.0
2592,388800,0.33526114,150,0.0,8986,1347900,0.35588834,0.6911495,0.33647496,485.5927336943434,0.0,0.0
2592,388800,0.38001475,150,0.0,8989,1348350,0.31603816,0.6960529,0.3087973,378.9278162005046,0.0,0.0
2594,389100,0.36368075,150,0.0,8991,1348650,0.31709877,0.6807795,0.31498244,153.9567391139968,0.0,0.0
2595,389250,-1.6481571,150,0.0,8993,1348950,2.3443828,0.6962256,0.36767963,216.02277705977605,0.0,0.0
2596,389400,0.3709937,150,0.0,8994,1349100,0.32018527,0.691179,0.31576425,131.6923257259717,0.0,0.0
2596,389400,0.37488788,150,0.0,8996,1349400,0.30914903,0.6840369,0.30914903,354.6216403289045,0.0,0.0
2596,389400,-1.397137,150,0.0,8999,1349850,2.0894527,0.6923157,0.32462978,469.15942210549395,0.0,0.0
2597,389550,-0.38718158,150,0.0,9001,1350150,1.06609,0.6789084,0.34100646,145.34214609811997,0.0,0.0
2599,389850,-0.8783183,150,0.0,9003,1350450,1.589063,0.71074474,0.35900855,145.38580831400503,0.0,0.0
2600,390000,0.36122215,150,0.0,9005,1350750,0.3105033,0.67172545,0.3105033,202.00254098273808,0.0,0.0
2600,390000,-1.772356,150,0.0,9009,1351350,2.4519114,0.6795554,0.31245136,490.35311282681994,0.0,0.0
2600,390000,0.3207892,150,0.0,9013,1351950,0.37885955,0.69964874,0.36809438,521.778679367807,0.0,0.0
2601,390150,0.348499,150,0.0,9015,1352250,0.33138072,0.6798797,0.3287014,166.25177642117657,0.0,0.0
2603,390450,0.37853083,150,0.0,9016,1352400,0.31787422,0.69640505,0.31573704,130.2374492781464,0.0,0.0
2604,390600,0.37994397,150,0.0,9018,1352700,0.29793525,0.6778792,0.29793525,187.2315047518715,0.0,0.0
2604,390600,0.071774244,150,0.0,9022,1353300,0.6107673,0.68254155,0.33121616,501.86668751311214,0.0,0.0
2604,390600,0.26062712,150,0.0,9025,1353750,0.41592905,0.67655617,0.31463948,480.2715158029251,0.0,0.0
2606,390900,-1.3316772,150,0.0,9029,1354350,2.0167406,0.6850634,0.29664317,168.80411582809575,0.0,0.0
2607,391050,0.33608,150,0.0,9030,1354500,0.33690768,0.6729877,0.3115056,127.48145817194991,0.0,0.0
2608,391200,0.3477774,150,0.0,9032,1354800,0.3330731,0.6808505,0.3141202,268.8109598218482,0.0,0.0
2608,391200,0.3567835,150,0.0,9035,1355250,0.3201152,0.6768987,0.31788108,393.5416557201084,0.0,0.0
2608,391200,0.2286104,150,0.0,9039,1355850,0.46535444,0.69396484,0.35168597,480.09560009126574,0.0,0.0
2609,391350,0.33252636,150,0.0,9042,1356300,0.34643665,0.678963,0.3122976,181.60126589220636,0.0,0.0
2611,391650,0.34786716,150,0.0,9044,1356600,0.33787397,0.6857411,0.3288159,150.47906564798296,0.0,0.0
2612,391800,0.23570028,150,0.0,9046,1356900,0.453532,0.6892323,0.3307727,490.17508211843756,0.0,0.0
2612,391800,0.33831427,150,0.0,9049,1357350,0.34274974,0.681064,0.32613224,521.7656976565785,0.0,0.0
2612,391800,0.3211312,150,0.0,9052,1357800,0.39433786,0.71546906,0.32199603,348.8197484976223,0.0,0.0
2613,391950,0.3407097,150,0.0,9054,1358100,0.35406935,0.69477904,0.32168278,232.4930046517403,0.0,0.0
2614,392100,0.3666517,150,0.0,9055,1358250,0.31710052,0.68375224,0.31426293,132.66030311662698,0.0,0.0
2616,392400,-0.8474875,150,0.0,9057,1358550,1.5276877,0.68020016,0.35260874,153.4758254673831,0.0,0.0
2616,392400,0.37249798,150,0.0,9059,1358850,0.3168422,0.6893402,0.3113648,328.9254625587511,0.0,0.0
2616,392400,-0.54392517,150,0.0,9062,1359300,1.2295702,0.685645,0.37608808,483.789199771772,0.0,0.0
2617,392550,-0.04900241,150,0.0,9065,1359750,0.74326557,0.69426316,0.4328909,286.0863262375486,0.0,0.0
2617,392550,0.33368158,150,0.0,9068,1360200,0.3692286,0.7029102,0.3482019,251.9290133034986,0.0,0.0
2620,393000,0.27736515,150,0.0,9070,1360500,0.41250908,0.68987423,0.3845332,143.42351345954114,0.0,0.0
2620,393000,-1.0326242,150,0.0,9072,1360800,1.7236284,0.6910041,0.3310836,481.0794484389182,0.0,0.0
2620,393000,0.35200146,150,0.0,9075,1361250,0.32577088,0.67777234,0.3230306,364.0499136377182,0.0,0.0
2621,393150,0.3659557,150,0.0,9078,1361700,0.31953573,0.68549144,0.31217527,294.4150825434946,0.0,0.0
2621,393150,0.30184028,150,0.0,9080,1362000,0.38668802,0.6885283,0.3530131,463.0244617574372,0.0,0.0
2624,393600,0.38485497,150,0.0,9082,1362300,0.31476718,0.69962215,0.31308207,108.6315881077148,0.0,0.0
2624,393600,-0.990678,150,0.0,9084,1362600,1.6703359,0.6796579,0.32405698,362.3377992122561,0.0,0.0
2624,393600,0.339143,150,0.0,9087,1363050,0.34112433,0.68026733,0.32176352,479.74086263218413,0.0,0.0
2625,393750,0.35646424,150,0.0,9091,1363650,0.318509,0.67497325,0.318509,271.7951044138555,0.0,0.0
2626,393900,-0.97038764,150,0.0,9093,1363950,1.6660508,0.69566315,0.32169884,363.25390941654945,0.0,0.0
2628,394200,0.3530421,150,0.0,9094,1364100,0.32540718,0.6784493,0.3116928,110.3525887654789,0.0,0.0
2628,394200,0.3705237,150,0.0,9095,1364250,0.31319577,0.68371946,0.31319577,120.21852159706498,0.0,0.0
2628,394200,0.2587592,150,0.0,9099,1364850,0.42878503,0.6875442,0.3952261,451.64665715245616,0.0,0.0
2628,394200,-1.0369337,150,0.0,9102,1365300,1.7410126,0.7040789,0.36351332,499.9404819137329,0.0,0.0
2629,394350,0.106161535,150,0.0,9104,1365600,0.57667696,0.6828385,0.31862527,264.23020758480186,0.0,0.0
2630,394500,-3.158688,150,0.0,9106,1365900,3.8452837,0.6865957,0.22975495,336.4314223745171,0.0,0.0
2632,394800,0.36125213,150,0.0,9108,1366200,0.31569225,0.6769444,0.3156766,124.2571183444013,0.0,0.0
2632,394800,0.32983267,150,0.0,9111,1366650,0.36607504,0.6959077,0.36535674,479.0409824082647,0.0,0.0
2632,394800,0.32866058,150,0.0,9114,1367100,0.36477426,0.69343483,0.33313656,482.42700475260824,0.0,0.0
2633,394950,0.38208616,150,0.0,9117,1367550,0.313473,0.69555914,0.31297442,155.01332337929685,0.0,0.0
2634,395100,0.1953187,150,0.0,9119,1367850,0.48588252,0.6812012,0.321635,455.23657778945153,0.0,0.0
2636,395400,0.26818374,150,0.0,9121,1368150,0.41621116,0.6843949,0.36753678,136.43473791726032,0.0,0.0
2636,395400,0.30590817,150,0.0,9124,1368600,0.38016257,0.68607074,0.35570705,480.83347599598915,0.0,0.0
2636,395400,-0.026311874,150,0.0,9127,1369050,0.7045414,0.6782295,0.3403561,454.6664431198654,0.0,0.0
2637,395550,0.36856654,150,0.0,9129,1369350,0.31557617,0.6841427,0.31206545,169.89122457014506,0.0,0.0
2638,395700,0.33133587,150,0.0,9131,1369650,0.35412648,0.68546236,0.33703145,370.78927423451796,0.0,0.0
2640,396000,0.3698673,150,0.0,9133,1369950,0.3108215,0.6806888,0.3108215,120.18005644672184,0.0,0.0
2640,396000,0.36226776,150,0.0,9136,1370400,0.31406054,0.6763283,0.3107896,320.52004951882174,0.0,0.0
2640,396000,0.35389864,150,0.0,9139,1370850,0.3168248,0.67072344,0.3165459,342.8520981888629,0.0,0.0
2641,396150,0.36941886,150,0.0,9142,1371300,0.31523448,0.68465334,0.3148142,156.55330003426454,0.0,0.0
2642,396300,0.36392194,150,0.0,9144,1371600,0.31891835,0.6828403,0.31852165,179.66471870273827,0.0,0.0
2644,396600,0.36768034,150,0.0,9145,1371750,0.31660333,0.6842837,0.31374756,132.58043388654414,0.0,0.0
2644,396600,0.3589806,150,0.0,9147,1372050,0.3181216,0.6771022,0.3011343,439.8899760458778,0.0,0.0
2644,396600,0.365599,150,0.0,9151,1372650,0.31228003,0.67787904,0.31202763,370.24594177243796,0.0,0.0
2645,396750,0.37070674,150,0.0,9155,1373250,0.30967665,0.6803834,0.3083862,221.48880666636157,0.0,0.0
2646,396900,0.3755439,150,0.0,9156,1373400,0.30900276,0.68454665,0.30703837,138.39764694857615,0.0,0.0
2648,397200,0.35799912,150,0.0,9157,1373550,0.3144816,0.6724807,0.31197104,128.14062307146148,0.0,0.0
2648,397200,0.36913994,150,0.0,9159,1373850,0.3122973,0.68143725,0.31079757,242.5147547062608,0.0,0.0
2648,397200,0.3670451,150,0.0,9162,1374300,0.32557207,0.6926172,0.32529825,328.8015214395352,0.0,0.0
2648,397200,0.29139882,150,0.0,9165,1374750,0.39834875,0.6897476,0.33972138,475.07498255692786,0.0,0.0
2649,397350,0.3737707,150,0.0,9167,1375050,0.31170243,0.68547314,0.31075242,145.56775871978144,0.0,0.0
2651,397650,-0.81634754,150,0.0,9169,1375350,1.5002975,0.68395,0.22261433,137.73221334138958,0.0,0.0
2652,397800,-0.77175045,150,0.0,9171,1375650,1.4638281,0.69207764,0.34180564,199.51512237848172,0.0,0.0
2652,397800,-1.153978,150,0.0,9174,1376100,1.8449707,0.6909927,0.3362375,516.3923608033173,0.0,0.0
2652,397800,0.28669918,150,0.0,9178,1376700,0.4061032,0.69280237,0.3427449,463.60551511306335,0.0,0.0
2654,398100,0.1997897,150,0.0,9181,1377150,0.48023385,0.68002355,0.32136807,174.8671497886654,0.0,0.0
2655,398250,0.27012786,150,0.0,9183,1377450,0.42233512,0.692463,0.35943913,194.57505549827212,0.0,0.0
2656,398400,-0.5768051,150,0.0,9185,1377750,1.2654762,0.6886711,0.40233228,251.63116448670124,0.0,0.0
2656,398400,0.36597398,150,0.0,9187,1378050,0.325025,0.690999,0.31403607,432.56806901336114,0.0,0.0
2656,398400,0.3807569,150,0.0,9190,1378500,0.31718004,0.69793695,0.312438,339.3105769210026,0.0,0.0
2657,398550,0.39021203,150,0.0,9192,1378800,0.31192484,0.7021369,0.31045684,230.27103472810882,0.0,0.0
2658,398700,0.36001214,150,0.0,9193,1378950,0.3256171,0.68562925,0.32519907,129.56147515157656,0.0,0.0
2659,398850,0.28127053,150,0.0,9195,1379250,0.40368828,0.6849588,0.34279573,266.9658481608655,0.0,0.0
2660,399000,-0.9802563,150,0.0,9197,1379550,1.6637166,0.68346024,0.22068869,281.39027402143347,0.0,0.0
2660,399000,0.032835066,150,0.0,9200,1380000,0.653391,0.68622607,0.2995993,491.34342345719506,0.0,0.0
2660,399000,0.22447374,150,0.0,9204,1380600,0.45411268,0.6785864,0.34750447,523.8946424393018,0.0,0.0
2662,399300,0.36382464,150,0.0,9207,1381050,0.3322679,0.69609255,0.3035641,119.72831577819572,0.0,0.0
2664,399600,0.2662246,150,0.0,9209,1381350,0.41264996,0.67887455,0.32266054,174.1797933415595,0.0,0.0
2664,399600,0.33521023,150,0.0,9211,1381650,0.3458433,0.6810535,0.32386807,538.4132721960638,0.0,0.0
2664,399600,0.38782075,150,0.0,9214,1382100,0.31556228,0.703383,0.3147142,363.23838974253573,0.0,0.0
2664,399600,0.38302708,150,0.0,9217,1382550,0.30893272,0.6919598,0.30736545,322.68179346989854,0.0,0.0
2665,399750,0.24537855,150,0.0,9219,1382850,0.44089967,0.6862782,0.2962276,181.18335169226117,0.0,0.0
2667,400050,0.36150774,150,0.0,9221,1383150,0.31668046,0.6781882,0.31408438,157.993499908842,0.0,0.0
2668,400200,0.31687656,150,0.0,9223,1383450,0.37797025,0.6948468,0.34734786,261.3208393560285,0.0,0.0
2668,400200,0.4074399,150,0.0,9226,1383900,0.27488244,0.6823223,0.18389113,328.86872340647966,0.0,0.0
2668,400200,0.37657526,150,0.0,9229,1384350,0.3099433,0.68651855,0.3084977,361.0015733501341,0.0,0.0
2670,400500,0.3745109,150,0.0,9232,1384800,0.31543222,0.68994313,0.31539547,129.113906905585,0.0,0.0
2671,400650,0.3640339,150,0.0,9234,1385100,0.3122637,0.6762976,0.3117703,272.9923757727389,0.0,0.0
2672,400800,0.38708875,150,0.0,9236,1385400,0.31775776,0.7048465,0.31653705,213.1902725052599,0.0,0.0
2672,400800,-0.95349914,150,0.0,9239,1385850,1.6296834,0.67618424,0.32660875,427.54375533031833,0.0,0.0
2672,400800,-0.37826294,150,0.0,9243,1386450,1.0660595,0.68779653,0.39295134,463.6215719102978,0.0,0.0
2674,401100,0.38596368,150,0.0,9244,1386600,0.31565183,0.7016155,0.31110436,132.10553314294103,0.0,0.0
2676,401400,0.36642632,150,0.0,9246,1386900,0.30998,0.6764063,0.3093854,129.25523686139013,0.0,0.0
2676,401400,0.36934805,150,0.0,9248,1387200,0.30923194,0.67858,0.30784762,344.58513116946705,0.0,0.0
2676,401400,0.33321232,150,0.0,9251,1387650,0.3593136,0.6925259,0.35087544,512.589010158157,0.0,0.0
2676,401400,0.37437648,150,0.0,9254,1388100,0.31503314,0.6894096,0.3128898,355.1753844208368,0.0,0.0
2678,401700,0.33382758,150,0.0,9256,1388400,0.34785762,0.6816852,0.3263421,143.05090387703288,0.0,0.0
2679,401850,0.29271448,150,0.0,9258,1388700,0.38654536,0.67925984,0.33647722,229.78206799829073,0.0,0.0
2680,402000,0.3484498,150,0.0,9260,1389000,0.33681354,0.68526334,0.3268414,261.865985611942,0.0,0.0
2680,402000,0.3318355,150,0.0,9264,1389600,0.35233915,0.68417466,0.32622227,474.5518069526493,0.0,0.0
2680,402000,0.35472697,150,0.0,9267,1390050,0.32159555,0.6763225,0.32092276,440.308662625256,0.0,0.0
2683,402450,-0.36193752,150,0.0,9270,1390500,1.0454874,0.6835499,0.36221611,118.52713718648916,0.0,0.0
2684,402600,-0.7683048,150,0.0,9272,1390800,1.4574841,0.6891793,0.4114894,192.222738567609,0.0,0.0
2684,402600,0.3717416,150,0.0,9275,1391250,0.3190269,0.6907685,0.316258,455.97100434630414,0.0,0.0
2684,402600,-1.0524658,150,0.0,9278,1391700,1.7423342,0.68986845,0.33720392,494.7599043108858,0.0,0.0
2685,402750,0.3337468,150,0.0,9281,1392150,0.3476323,0.6813791,0.322209,239.34699641481066,0.0,0.0
2687,403050,0.34171,150,0.0,9283,1392450,0.33611086,0.67782086,0.31374988,166.44869315101764,0.0,0.0
2688,403200,0.37105036,150,0.0,9285,1392750,0.30990487,0.68095523,0.30956262,213.85805830549404,0.0,0.0
2688,403200,0.3796691,150,0.0,9287,1393050,0.31431165,0.69398075,0.31411475,348.4382061302071,0.0,0.0
2688,403200,0.3685694,150,0.0,9290,1393500,0.30838898,0.6769584,0.30617902,344.3638925242162,0.0,0.0
2690,403500,0.3843765,150,0.0,9293,1393950,0.31170413,0.6960806,0.29203165,149.52280229769778,0.0,0.0
2691,403650,0.3307353,150,0.0,9294,1394100,0.347608,0.6783433,0.3453394,128.94557993226698,0.0,0.0
2692,403800,-1.1953429,150,0.0,9296,1394400,1.8692172,0.67387426,0.3298717,349.42283596811603,0.0,0.0
2692,403800,0.3187303,150,0.0,9297,1394550,0.35127723,0.6700075,0.29441077,134.8695326705319,0.0,0.0
2692,403800,-0.91888225,150,0.0,9300,1395000,1.6036623,0.68478,0.36500487,489.9109487277722,0.0,0.0
2692,403800,0.37991723,150,0.0,9303,1395450,0.31046012,0.69037735,0.30869424,305.4563038824756,0.0,0.0
2693,403950,0.36484745,150,0.0,9305,1395750,0.31757084,0.6824183,0.31716442,159.05485136490066,0.0,0.0
2696,404400,0.08011335,150,0.0,9307,1396050,0.6112845,0.69139785,0.32655597,140.0746565402843,0.0,0.0
2696,404400,-0.5133094,150,0.0,9309,1396350,1.1940535,0.6807441,0.3674766,490.6957844245993,0.0,0.0
2696,404400,0.37133706,150,0.0,9312,1396800,0.31486076,0.6861978,0.31482175,371.19617868517224,0.0,0.0
2696,404400,0.36304602,150,0.0,9315,1397250,0.32072553,0.68377155,0.32005173,382.8368153887906,0.0,0.0
2698,404700,0.31141075,150,0.0,9317,1397550,0.37973282,0.6911436,0.34060475,148.7002610515568,0.0,0.0
2699,404850,0.211487,150,0.0,9318,1397700,0.4636374,0.6751244,0.32534418,145.36279841575043,0.0,0.0
2700,405000,0.36598283,150,0.0,9320,1398000,0.3189783,0.68496114,0.31377828,278.77922073318365,0.0,0.0
2700,405000,0.3027825,150,0.0,9324,1398600,0.38992766,0.69271016,0.3797564,469.23535321366745,0.0,0.0
2700,405000,-0.26588655,150,0.0,9327,1399050,0.94635856,0.680472,0.3315624,496.37438638181845,0.0,0.0
2702,405300,-1.3562529,150,0.0,9329,1399350,2.1120877,0.75583476,0.31595847,214.72692646366187,0.0,0.0
2704,405600,0.36845276,150,0.0,9331,1399650,0.31874534,0.6871981,0.31071094,197.09025521823713,0.0,0.0
2704,405600,0.36207387,150,0.0,9332,1399800,0.3154402,0.6775141,0.31475285,107.77224652103821,0.0,0.0
2704,405600,-0.8297925,150,0.0,9335,1400250,1.5085241,0.67873156,0.36085045,362.0465107714122,0.0,0.0
2704,405600,-0.08328855,150,0.0,9338,1400700,0.76022035,0.6769318,0.36352658,484.9037160925343,0.0,0.0
2706,405900,0.35363987,150,0.0,9341,1401150,0.3297371,0.68337697,0.3244572,121.18156463318797,0.0,0.0
2707,406050,0.36359268,150,0.0,9342,1401300,0.31501937,0.67861205,0.3148271,128.9560462084628,0.0,0.0
2708,406200,-0.087062776,150,0.0,9343,1401450,0.7877561,0.7006933,0.38545027,144.83107258846462,0.0,0.0
2708,406200,0.3542827,150,0.0,9346,1401900,0.37145147,0.7257342,0.29885018,502.7461647507068,0.0,0.0
2708,406200,0.36145735,150,0.0,9350,1402500,0.32189792,0.6833553,0.3186589,350.48351632435117,0.0,0.0
2709,406350,0.35091943,150,0.0,9352,1402800,0.32099432,0.67191374,0.31314376,188.0323161415732,0.0,0.0
2711,406650,0.27475113,150,0.0,9354,1403100,0.39996344,0.67471457,0.31389904,158.6358757359165,0.0,0.0
2712,406800,0.36553037,150,0.0,9355,1403250,0.30949068,0.67502105,0.3088256,130.5491777408931,0.0,0.0
2712,406800,-1.3506558,150,0.0,9358,1403700,2.0568454,0.7061896,0.35727257,445.7495325672561,0.0,0.0
2712,406800,0.3802967,150,0.0,9362,1404300,0.29920965,0.67950636,0.28166935,367.66060098888914,0.0,0.0
2713,406950,0.37855724,150,0.0,9364,1404600,0.3083637,0.68692094,0.30721283,164.85916450683013,0.0,0.0
2714,407100,0.33277273,150,0.0,9366,1404900,0.3512137,0.6839864,0.3489858,218.50401412549854,0.0,0.0
2716,407400,0.35260364,150,0.0,9368,1405200,0.31736234,0.669966,0.3154945,126.9814512740215,0.0,0.0
2716,407400,0.024724662,150,0.0,9370,1405500,0.66240317,0.6871278,0.2819024,365.17320817775465,0.0,0.0
2716,407400,0.50029814,150,62.0,9373,1405950,0.18694177,0.68723994,0.09437941,304.70212694856474,1.0,0.0
2717,407550,0.36515474,150,0.0,9376,1406400,0.31380308,0.6789578,0.31198937,175.82779235994045,0.0,0.001
2719,407850,-0.015820026,150,0.0,9378,1406700,0.7062788,0.6904588,0.3721063,178.77990069639827,0.0,0.001
2720,408000,0.37087432,150,0.0,9380,1407000,0.32166645,0.69254076,0.31328654,199.38000513387692,0.0,0.001
2720,408000,-0.831503,150,0.0,9384,1407600,1.5186012,0.6870982,0.3296337,463.1458063718237,0.0,0.001
2720,408000,0.3612544,150,0.0,9387,1408050,0.31339532,0.6746497,0.31234694,365.6592344786261,0.0,0.001
2722,408300,0.36033672,150,0.0,9389,1408350,0.31676477,0.6771015,0.3141079,133.27150740523655,0.0,0.001
2724,408600,0.3626164,150,0.0,9391,1408650,0.3275701,0.6901865,0.32716694,180.61431977412644,0.0,0.001
2724,408600,0.37886232,150,0.0,9393,1408950,0.31255203,0.69141436,0.3122636,345.98437546400123,0.0,0.001
2724,408600,-0.022755802,150,0.0,9396,1409400,0.7033144,0.6805586,0.2934918,402.6542147947899,0.0,0.001
2725,408750,0.32969022,150,0.0,9399,1409850,0.3587616,0.6884518,0.3393828,177.7783303611569,0.0,0.001
2726,408900,0.38062307,150,0.0,9401,1410150,0.31036928,0.69099236,0.3096933,180.02808818361936,0.0,0.001
2727,409050,0.38831437,150,0.0,9402,1410300,0.3247066,0.713021,0.31455913,150.06704942002608,0.0,0.001
2728,409200,0.3594981,150,0.0,9403,1410450,0.31990412,0.67940223,0.31942996,121.03676607660951,0.0,0.001
2728,409200,-2.0496118,150,0.0,9406,1410900,2.737504,0.6878922,0.22454368,457.34756186211507,0.0,0.001
2729,409350,-0.66988266,150,0.0,9409,1411350,1.3533132,0.68343055,0.46134418,467.323243765204,0.0,0.001
2729,409350,-0.8036192,150,0.0,9411,1411650,1.4827816,0.67916244,0.49279225,441.16544503572334,0.0,0.001
2730,409500,-0.732148,150,0.0,9413,1411950,1.4157106,0.6835626,0.31551802,246.01687621489157,0.0,0.001
2732,409800,0.33027214,150,0.0,9415,1412250,0.35605764,0.6863298,0.31444728,118.30721806007149,0.0,0.001
2732,409800,-0.28221458,150,0.0,9418,1412700,0.9736774,0.6914628,0.35156262,480.4780146263678,0.0,0.001
2732,409800,0.358826,150,0.0,9422,1413300,0.31782064,0.67664665,0.31649303,393.9669995929741,0.0,0.001
2734,410100,0.38022816,150,0.0,9424,1413600,0.31070602,0.6909342,0.3080068,118.01189412149786,0.0,0.001
2735,410250,0.37438437,150,0.0,9425,1413750,0.32022753,0.6946119,0.30963984,112.25728196482218,0.0,0.001
2736,410400,0.3291839,150,0.0,9427,1414050,0.34127846,0.67046237,0.33564344,176.17455894447417,0.0,0.001
2736,410400,0.37114596,150,0.0,9430,1414500,0.30918157,0.68032753,0.27358672,406.0782755800767,0.0,0.001
2737,410550,0.29380518,150,0.0,9434,1415100,0.38786304,0.6816682,0.33973014,282.4170743334659,0.0,0.001
2737,410550,0.23753631,150,0.0,9436,1415400,0.4379263,0.6754626,0.3502275,420.7042925979867,0.0,0.001
2738,410700,0.14901781,150,0.0,9438,1415700,0.54229754,0.69131535,0.38240293,408.64888037283015,0.0,0.001
2740,411000,0.14431465,150,0.0,9440,1416000,0.5342924,0.67860705,0.357582,160.97086206173097,0.0,0.001
2740,411000,0.26760152,150,0.0,9443,1416450,0.42921105,0.69681257,0.3584654,447.4913918740429,0.0,0.001
2740,411000,0.35873094,150,0.0,9446,1416900,0.37838534,0.7371163,0.37528682,498.27039604517137,0.0,0.001
2742,411300,0.3529239,150,0.0,9448,1417200,0.31727895,0.67020285,0.3160054,137.64536931616803,0.0,0.001
2742,411300,0.3863088,150,0.0,9449,1417350,0.3100133,0.6963221,0.30959114,135.73193171308208,0.0,0.001
2744,411600,0.38211474,150,0.0,9451,1417650,0.31221554,0.6943303,0.30949208,107.06484892544701,0.0,0.001
2744,411600,-0.6525048,150,0.0,9454,1418100,1.3379772,0.68547237,0.33526552,529.1669189931165,0.0,0.001
2744,411600,-0.6056278,150,0.0,9458,1418700,1.2809802,0.67535245,0.3619438,533.9507283473255,0.0,0.001
2746,411900,0.120075285,150,0.0,9460,1419000,0.5675239,0.6875992,0.36648664,155.66622592061822,0.0,0.001
2746,411900,0.23714867,150,0.0,9462,1419300,0.45213857,0.68928725,0.31757414,461.91995289360017,0.0,0.001
2748,412200,-0.022856712,150,0.0,9464,1419600,0.69939095,0.67653424,0.3580968,154.7755916582224,0.0,0.001
2748,412200,0.34908274,150,0.0,9467,1420050,0.32191023,0.670993,0.31945443,402.2680364911419,0.0,0.001
2748,412200,0.37135616,150,0.0,9470,1420500,0.30963925,0.6809954,0.3094578,387.65269920059745,0.0,0.001
2750,412500,-1.1550665,150,0.0,9473,1420950,1.8453714,0.69030493,0.39328825,189.08126569176608,0.0,0.001
2750,412500,0.3686447,150,0.0,9475,1421250,0.31222057,0.6808653,0.31035888,392.6922467159426,0.0,0.001
2752,412800,0.34167236,150,0.0,9477,1421550,0.34271014,0.6843825,0.32178667,170.13734126330598,0.0,0.001
2752,412800,0.37294593,150,0.0,9479,1421850,0.3095707,0.68251663,0.3081872,348.6490620241127,0.0,0.001
2752,412800,0.04451257,150,0.0,9482,1422300,0.68308735,0.7275999,0.30719265,460.1695138399244,0.0,0.001
2753,412950,0.38780567,150,0.0,9484,1422600,0.31116417,0.69896984,0.30737013,247.97540842424647,0.0,0.001
2754,413100,0.28413865,150,0.0,9486,1422900,0.40533152,0.6894702,0.3525474,204.00370818202776,0.0,0.001
2756,413400,0.035149515,150,0.0,9488,1423200,0.64841574,0.68356526,0.2713487,144.00344978967544,0.0,0.001
2756,413400,0.37828296,150,0.0,9490,1423500,0.30810112,0.6863841,0.30810112,296.6644991750486,0.0,0.001
2756,413400,0.3317418,150,0.0,9493,1423950,0.3514982,0.68324,0.3253699,489.00772282399174,0.0,0.001
2757,413550,0.37225127,150,0.0,9496,1424400,0.30947065,0.6817219,0.30718482,162.47394949649896,0.0,0.001
2758,413700,0.39302093,150,0.0,9497,1424550,0.3115592,0.7045801,0.30973008,140.60065269194644,0.0,0.001
2760,414000,0.16683936,150,0.0,9500,1425000,0.5498942,0.7167336,0.3327496,155.34977091828986,0.0,0.001
2760,414000,0.4222071,150,0.0,9502,1425300,0.28036615,0.70257324,0.2771578,474.5210256936284,0.0,0.001
2760,414000,0.32494068,150,0.0,9505,1425750,0.36620635,0.691147,0.32422006,375.2640704879869,0.0,0.001
2761,414150,0.14203423,150,0.0,9508,1426200,0.5350175,0.6770517,0.35035038,275.3820753313012,0.0,0.001
2762,414300,0.29977438,150,0.0,9509,1426350,0.385237,0.6850114,0.36671495,128.11505123619722,0.0,0.001
2763,414450,0.07984704,150,0.0,9512,1426800,0.6123253,0.69217235,0.34332567,191.27594396699018,0.0,0.001
2764,414600,0.33619034,150,0.0,9514,1427100,0.34990495,0.6860953,0.3366119,323.88781351674146,0.0,0.001
2764,414600,-2.6096735,150,0.0,9517,1427550,3.3165586,0.706885,0.34769294,489.746200480136,0.0,0.001
2765,414750,0.17769128,150,0.0,9520,1428000,0.49215,0.6698413,0.31379014,260.2755469175655,0.0,0.001
2766,414900,0.37664315,150,0.0,9522,1428300,0.31334856,0.6899917,0.3121865,245.2696523122913,0.0,0.001
2767,415050,0.38264635,150,0.0,9524,1428600,0.3103476,0.69299394,0.30923584,162.9828122717085,0.0,0.001
2768,415200,0.342033,150,0.0,9525,1428750,0.3522875,0.6943205,0.31480724,127.59563046554327,0.0,0.001
2768,415200,0.3607448,150,0.0,9528,1429200,0.31448105,0.67522585,0.31095546,360.54891613934024,0.0,0.001
2768,415200,0.36835808,150,0.0,9531,1429650,0.311113,0.6794711,0.31036198,353.9546829069326,0.0,0.001
2770,415500,-0.83905905,150,0.0,9533,1429950,1.5071626,0.6681035,0.31327072,183.73688658785818,0.0,0.001
2770,415500,-1.5006511,150,0.0,9534,1430100,2.1848578,0.6842068,0.359132,143.93927122727305,0.0,0.001
2772,415800,-0.0004079938,150,0.0,9537,1430550,0.6721241,0.6717161,0.31934708,124.3543028391878,0.0,0.001
2772,415800,-0.84722817,150,0.0,9539,1430850,1.5377687,0.69054055,0.3671596,514.1926836444474,0.0,0.001
2772,415800,0.37079448,150,0.0,9542,1431300,0.30865288,0.67944735,0.30853578,351.39494968507444,0.0,0.001
2774,416100,-0.040997088,150,0.0,9545,1431750,0.74131626,0.7003192,0.35044304,140.3726533461759,0.0,0.001
2774,416100,0.21777806,150,0.0,9547,1432050,0.46115175,0.6789298,0.35351086,494.1261292959979,0.0,0.001
2775,416250,-0.6271354,150,0.0,9549,1432350,1.3148843,0.6877489,0.40973982,182.1922647889086,0.0,0.001
2776,416400,-0.33931804,150,0.0,9550,1432500,1.0328221,0.6935041,0.376019,149.1805976370899,0.0,0.001
2776,416400,0.33542323,150,0.0,9553,1432950,0.34899014,0.6844134,0.32392302,448.7537660914818,0.0,0.001
2776,416400,0.3151496,150,0.0,9556,1433400,0.36638844,0.68153805,0.36565483,474.53569998182246,0.0,0.001
2778,416700,0.19956759,150,0.0,9558,1433700,0.49229017,0.69185776,0.3043762,119.8673723931784,0.0,0.001
2778,416700,0.3796451,150,0.0,9561,1434150,0.31647074,0.69611585,0.31647074,396.7978445429587,0.0,0.001
2780,417000,0.40233946,150,0.0,9563,1434450,0.2938437,0.69618315,0.28040537,128.05708273687264,0.0,0.001
2780,417000,0.3597432,150,0.0,9565,1434750,0.31697556,0.6767188,0.3162618,400.79043829574164,0.0,0.001
2780,417000,-1.2324028,150,0.0,9568,1435200,1.9180708,0.68566793,0.32400924,479.66368795072424,0.0,0.001
2782,417300,-0.75891125,150,0.0,9570,1435500,1.4348935,0.67598224,0.36056125,181.49648889896648,0.0,0.001
2782,417300,0.3612809,150,0.0,9573,1435950,0.31426647,0.67554736,0.3137098,380.6035132040065,0.0,0.001
2784,417600,-0.015472949,150,0.0,9575,1436250,0.71164125,0.6961683,0.38659272,137.64103300082522,0.0,0.001
2784,417600,0.3759887,150,0.0,9578,1436700,0.3137842,0.6897729,0.311637,329.72982038338336,0.0,0.001
2785,417750,0.3605121,150,0.0,9581,1437150,0.31383893,0.67435104,0.31327873,178.32111403079395,0.0,0.001
2786,417900,-0.8918098,150,0.0,9583,1437450,1.5791674,0.68735754,0.23981133,355.3456984598284,0.0,0.001
2787,418050,0.2538494,150,0.0,9585,1437750,0.4176212,0.6714706,0.31862003,328.7432790431552,0.0,0.001
2788,418200,-0.9660337,150,0.0,9587,1438050,1.668693,0.70265925,0.33689666,173.89728614409128,0.0,0.001
2788,418200,0.16605991,150,0.0,9590,1438500,0.51600075,0.68206066,0.33213624,473.9783572351986,0.0,0.001
2788,418200,0.37676838,150,0.0,9593,1438950,0.3117706,0.68853897,0.3106598,356.4960188213535,0.0,0.001
2790,418500,0.36462507,150,0.0,9595,1439250,0.31464824,0.6792733,0.31457242,139.9265211041095,0.0,0.001
2792,418800,0.3847018,150,0.0,9598,1439700,0.31103528,0.69573706,0.30726466,118.72519779022207,0.0,0.001
2792,418800,0.2772911,150,0.0,9600,1440000,0.41099086,0.68828195,0.3669455,466.9410268989303,0.0,0.001
2792,418800,0.38380292,150,0.0,9604,1440600,0.3157048,0.6995077,0.31268585,322.90487596701485,0.0,0.001
2793,418950,0.35889116,150,0.0,9606,1440900,0.3233854,0.68227655,0.3233854,165.5700343905959,0.0,0.001
2794,419100,0.36763656,150,0.0,9608,1441200,0.31499904,0.6826356,0.31180608,170.66467594914664,0.0,0.001
2796,419400,0.34504646,150,0.0,9610,1441500,0.33039653,0.675443,0.31947374,156.3345570494047,0.0,0.001
2796,419400,0.1703533,150,0.0,9612,1441800,0.50101376,0.67136705,0.3106978,468.631035114613,0.0,0.001
2796,419400,-0.044972718,150,0.0,9616,1442400,0.72147906,0.67650634,0.33068267,503.647678713522,0.0,0.001
2798,419700,0.35965616,150,0.0,9619,1442850,0.33050233,0.6901585,0.31404644,131.12010468840757,0.0,0.001
2800,420000,0.3815349,150,0.0,9622,1443300,0.31623992,0.6977748,0.31160983,159.4031543372327,0.0,0.001
2800,420000,0.3634001,150,0.0,9624,1443600,0.31830257,0.6817027,0.30945852,243.19655629876334,0.0,0.001
2800,420000,-0.8175954,150,0.0,9628,1444200,1.5142375,0.6966421,0.38591036,442.5264452108126,0.0,0.001
2801,420150,0.3674773,150,0.0,9630,1444500,0.30905527,0.67653257,0.30794713,156.40183034800924,0.0,0.001
2802,420300,0.33765358,150,0.0,9632,1444800,0.35178077,0.68943435,0.33301696,506.64697455191447,0.0,0.001
2804,420600,-0.020496845,150,0.0,9635,1445250,0.6915251,0.67102826,0.30967933,109.7660448146587,0.0,0.001
2804,420600,0.3665522,150,0.0,9638,1445700,0.31346068,0.6800129,0.3117348,355.71738490060596,0.0,0.001
2804,420600,0.36516258,150,0.0,9641,1446150,0.3145099,0.6796725,0.3137062,341.60132134910526,0.0,0.001
2806,420900,-0.8635614,150,0.0,9643,1446450,1.5597332,0.69617176,0.3270017,149.55671095119826,0.0,0.001
2807,421050,0.37291715,150,0.0,9645,1446750,0.31023136,0.6831485,0.30844435,301.93312457258037,0.0,0.001
2808,421200,0.13317782,150,0.0,9646,1446900,0.5432608,0.6764386,0.30253452,124.0638159626672,0.0,0.001
2808,421200,-0.7071811,150,0.0,9649,1447350,1.3974185,0.6902374,0.3776647,448.73520194116867,0.0,0.001
2808,421200,0.36725926,150,0.0,9652,1447800,0.31596905,0.6832283,0.31300256,394.9475983766325,0.0,0.001
2809,421350,0.35447717,150,0.0,9654,1448100,0.32523334,0.6797105,0.3236654,209.3577565236952,0.0,0.001
2810,421500,0.36560017,150,0.0,9655,1448250,0.31115758,0.67675775,0.30813387,123.44885328036007,0.0,0.001
2812,421800,0.020439684,150,0.0,9658,1448700,0.6596521,0.6800918,0.32391012,157.40083040370348,0.0,0.001
2812,421800,-0.45737386,150,0.0,9659,1448850,1.1347632,0.6773894,0.31234783,145.80687863795515,0.0,0.001
2812,421800,0.27735004,150,0.0,9662,1449300,0.41675535,0.6941054,0.35401288,443.48971715569655,0.0,0.001
2812,421800,0.36245176,150,0.0,9665,1449750,0.31292048,0.67537224,0.3104892,397.4950340414563,0.0,0.001
2814,422100,0.37241346,150,0.0,9667,1450050,0.30862302,0.6810365,0.307382,132.51980649424263,0.0,0.001
2814,422100,0.3562607,150,0.0,9669,1450350,0.32630315,0.68256384,0.3231733,369.1696719551137,0.0,0.001
2816,422400,0.3868524,150,0.0,9670,1450500,0.29544988,0.6823023,0.2768637,132.58876017103995,0.0,0.001
2816,422400,-0.23170781,150,0.0,9673,1450950,0.92328995,0.69158214,0.3926887,498.0562095373503,0.0,0.001
2816,422400,0.35666004,150,0.0,9677,1451550,0.32010022,0.67676026,0.31951442,360.10543095331445,0.0,0.001
2818,422700,0.35541284,150,0.0,9679,1451850,0.3216346,0.67704743,0.32034737,145.20789812780555,0.0,0.001
2818,422700,0.09832358,150,0.0,9681,1452150,0.5898736,0.6881972,0.34556478,354.2705910839072,0.0,0.001
2820,423000,0.32889038,150,0.0,9683,1452450,0.36566192,0.6945523,0.3523097,148.48130984488827,0.0,0.001
2820,423000,-0.010318875,150,0.0,9686,1452900,0.6892553,0.6789364,0.28129575,466.65737029334014,0.0,0.001
2820,423000,0.014849067,150,0.0,9689,1453350,0.6771125,0.6919616,0.29606518,401.261800680903,0.0,0.001
2821,423150,-0.4961183,150,0.0,9691,1453650,1.1900873,0.693969,0.42885357,206.1992958071916,0.0,0.001
2822,423300,0.3353218,150,0.0,9692,1453800,0.33778974,0.67311156,0.3254194,143.08551986699993,0.0,0.001
2824,423600,0.3390186,150,0.0,9696,1454400,0.34481773,0.68383634,0.32028097,265.0723871975651,0.0,0.001
2824,423600,0.33190736,150,0.0,9697,1454550,0.34261838,0.67452574,0.32673752,139.1200361230359,0.0,0.001
2824,423600,0.318098,150,0.0,9700,1455000,0.3745541,0.6926521,0.32378006,398.46831041667986,0.0,0.001
2824,423600,0.3745541,150,0.0,9703,1455450,0.31652933,0.69108343,0.31480286,315.10611710319716,0.0,0.001
2826,423900,0.3741255,150,0.0,9705,1455750,0.3225794,0.6967049,0.31647792,130.39384335302813,0.0,0.001
2827,424050,0.11848074,150,0.0,9708,1456200,0.5639056,0.68238634,0.34706554,376.17795975767547,0.0,0.001
2828,424200,0.36842632,150,0.0,9709,1456350,0.31510466,0.683531,0.30947337,136.00231042336432,0.0,0.001
2828,424200,0.36601856,150,0.0,9712,1456800,0.3192359,0.68525445,0.31818545,387.7602137919473,0.0,0.001
2828,424200,0.2743353,150,0.0,9715,1457250,0.40631518,0.6806505,0.35933638,493.6341424758222,0.0,0.001
2830,424500,-0.023384452,150,0.0,9718,1457700,0.6999485,0.67656404,0.3375376,158.831994134927,0.0,0.001
2830,424500,0.3321389,150,0.0,9720,1458000,0.3508048,0.6829437,0.32637376,482.80091718619065,0.0,0.001
2832,424800,0.3655357,150,0.0,9723,1458450,0.3125774,0.6781131,0.31094947,115.4139144494682,0.0,0.001
2832,424800,0.3706686,150,0.0,9726,1458900,0.31156576,0.68223435,0.30924687,333.4847183792895,0.0,0.001
2834,425100,0.2856683,150,0.0,9729,1459350,0.387595,0.6732633,0.33072183,157.04255217710698,0.0,0.001
2834,425100,-0.22148019,150,0.0,9731,1459650,0.91557586,0.6940957,0.34917235,473.1179302534393,0.0,0.001
2836,425400,0.34036887,150,0.0,9734,1460100,0.3441705,0.6845394,0.3273449,231.6159554929057,0.0,0.001
2836,425400,0.37634343,150,0.0,9735,1460250,0.31463528,0.6909787,0.31308597,119.11602661825881,0.0,0.001
2836,425400,0.26317617,150,0.0,9738,1460700,0.4109461,0.6741223,0.31877694,444.88997001753694,0.0,0.001
2837,425550,0.33127517,150,0.0,9741,1461150,0.36308753,0.6943627,0.3449557,164.0604134565162,0.0,0.001
2838,425700,0.28436142,150,0.0,9742,1461300,0.39437622,0.67873764,0.3179541,129.10590534110034,0.0,0.001
2839,425850,0.36710316,150,0.0,9745,1461750,0.31206012,0.6791633,0.31111804,303.4546758585563,0.0,0.001
2840,426000,0.35531804,150,0.0,9747,1462050,0.3173944,0.67271245,0.31532657,143.6984866500968,0.0,0.001
2840,426000,0.37775594,150,0.0,9750,1462500,0.3157552,0.6935111,0.3081953,293.9590673795432,0.0,0.001
2841,426150,0.37288514,150,0.0,9753,1462950,0.32720652,0.70009166,0.32421994,257.0847856556188,0.0,0.001
2842,426300,0.4205161,150,0.0,9754,1463100,0.2605072,0.6810233,0.17997603,101.87043622030593,0.0,0.001
2842,426300,0.3758249,150,0.0,9757,1463550,0.31017694,0.68600184,0.30731556,464.3966934340351,0.0,0.001
2844,426600,-0.00295794,150,0.0,9759,1463850,0.6838607,0.6809028,0.3310648,160.65690146426965,0.0,0.001
2844,426600,-0.12388098,150,0.0,9761,1464150,0.81376296,0.689882,0.3424672,364.4018358358683,0.0,0.001
2846,426900,0.38520846,150,0.0,9764,1464600,0.31050345,0.6957119,0.30834404,169.56886649097396,0.0,0.001
2846,426900,-0.6236695,150,0.0,9765,1464750,1.3021071,0.6784376,0.31860253,131.81198700286797,0.0,0.001
2847,427050,0.39615154,150,0.0,9769,1465350,0.3167507,0.71290225,0.3071488,275.46985419676867,0.0,0.001
2848,427200,-0.04635662,150,0.0,9770,1465500,0.73954034,0.6931837,0.31178474,129.13741392489348,0.0,0.001
2848,427200,0.30041003,150,0.0,9772,1465800,0.390876,0.691286,0.366918,473.4682819562282,0.0,0.001
2848,427200,-0.79601043,150,0.0,9775,1466250,1.482522,0.6865116,0.3409565,508.0658798447891,0.0,0.001
2850,427500,0.34747103,150,0.0,9777,1466550,0.3446199,0.6920909,0.32316428,174.9449009384776,0.0,0.001
2850,427500,0.13347632,150,0.0,9779,1466850,0.5474892,0.68096554,0.3593335,476.9177473163477,0.0,0.001
2851,427650,-0.15879393,150,0.0,9783,1467450,0.88382995,0.725036,0.34881303,246.07278157470472,0.0,0.001
2852,427800,0.3421411,150,0.0,9784,1467600,0.33616877,0.67830986,0.31127486,128.56112095700902,0.0,0.001
2852,427800,0.38256708,150,0.0,9786,1467900,0.3115339,0.694101,0.30900413,301.34092019426964,0.0,0.001
2854,428100,0.37480408,150,0.0,9788,1468200,0.31160796,0.68641204,0.3098078,196.4039853602071,0.0,0.001
2854,428100,0.36211175,150,0.0,9789,1468350,0.30941415,0.6715259,0.30892995,118.821615241153,0.0,0.001
2855,428250,0.36222926,150,0.0,9792,1468800,0.3085889,0.67081815,0.30821344,149.15400178374404,0.0,0.001
2855,428250,0.36838147,150,0.0,9795,1469250,0.31321844,0.6815999,0.31278503,305.8825245366515,0.0,0.001
2856,428400,0.3551526,150,0.0,9797,1469550,0.3423044,0.697457,0.33841774,355.977625561992,0.0,0.001
2858,428700,0.36952406,150,0.0,9800,1470000,0.30865085,0.6781749,0.30713493,120.93439702781674,0.0,0.001
2858,428700,0.28962004,150,0.0,9802,1470300,0.37926733,0.6688874,0.3108524,409.28158106160896,0.0,0.001
2859,428850,-2.0246851,150,0.0,9804,1470600,2.7070954,0.68241024,0.24876599,203.9895532236022,0.0,0.001
2860,429000,0.36718142,150,0.0,9806,1470900,0.31282443,0.68000585,0.31251213,155.96336279342339,0.0,0.001
2860,429000,-1.1117241,150,0.0,9809,1471350,1.8159852,0.704261,0.3413407,473.79810027585387,0.0,0.001
2861,429150,0.38316056,150,0.0,9810,1471500,0.31291315,0.6960737,0.3126877,141.72231377852825,0.0,0.001
2862,429300,-0.021587968,150,0.0,9812,1471800,0.70861167,0.6870237,0.3535574,361.3895515383648,0.0,0.001
2863,429450,-0.83152205,150,0.0,9815,1472250,1.5145189,0.6829968,0.40228721,178.0553553250145,0.0,0.001
2863,429450,0.36993197,150,0.0,9818,1472700,0.30431828,0.67425025,0.30431828,399.3003389142052,0.0,0.001
2864,429600,0.3489186,150,0.0,9820,1473000,0.3273051,0.6762237,0.31645662,178.02351347275186,0.0,0.001
2864,429600,0.24907154,150,0.0,9823,1473450,0.4566667,0.70573825,0.37025386,466.8932071257092,0.0,0.001
2866,429900,0.35808277,150,0.0,9824,1473600,0.31932634,0.6774091,0.31544343,138.37728269676919,0.0,0.001
2866,429900,0.00902313,150,0.0,9826,1473900,0.6768097,0.68583286,0.3477225,479.2321872000731,0.0,0.001
2867,430050,-0.88589275,150,0.0,9828,1474200,1.5727715,0.6868788,0.3397238,322.8008318022228,0.0,0.001
2868,430200,0.18964565,150,0.0,9831,1474650,0.49611467,0.6857603,0.3552666,360.8854043877869,0.0,0.001
2868,430200,0.3552993,150,0.0,9833,1474950,0.32667345,0.68197274,0.31688976,284.68654848347865,0.0,0.001
2869,430350,0.37873068,150,0.0,9835,1475250,0.30970356,0.68843424,0.3090129,216.04087687489698,0.0,0.001
2870,430500,0.123530686,150,0.0,9837,1475550,0.5570917,0.6806224,0.47271314,274.9539919193597,0.0,0.001
2871,430650,0.3241987,150,0.0,9839,1475850,0.35469624,0.67889494,0.3342705,168.90272729542465,0.0,0.001
2872,430800,-0.17935044,150,0.0,9842,1476300,0.8585505,0.67920005,0.35636264,320.93714403478174,0.0,0.001
2872,430800,0.31924585,150,0.0,9844,1476600,0.38358906,0.7028349,0.3612528,480.78350338992374,0.0,0.001
2873,430950,0.37334013,150,0.0,9847,1477050,0.30992675,0.6832669,0.30915487,153.11862584350908,0.0,0.001
2875,431250,0.3627569,150,0.0,9850,1477500,0.31303287,0.6757898,0.31091374,131.26016691845123,0.0,0.001
2875,431250,-0.008898139,150,0.0,9853,1477950,0.7197567,0.7108586,0.3402548,452.24206962484817,0.0,0.001
2876,431400,0.3360459,150,0.0,9856,1478400,0.3529782,0.6890241,0.31534848,139.0823309490692,0.0,0.001
2877,431550,0.27596468,150,0.0,9859,1478850,0.41995907,0.69592375,0.3791815,378.1148037052685,0.0,0.001
2878,431700,-1.1456219,150,0.0,9860,1479000,1.8197367,0.6741148,0.36177015,149.08730631725592,0.0,0.001
2879,431850,-0.6984326,150,0.0,9862,1479300,1.388164,0.6897314,0.3647317,178.15185729176136,0.0,0.001
2879,431850,0.3407905,150,0.0,9865,1479750,0.34597754,0.68676805,0.3313187,434.29156792674115,0.0,0.001
2880,432000,0.3842361,150,0.0,9867,1480050,0.31038308,0.6946192,0.26583457,181.21622964489552,0.0,0.001
2880,432000,0.36471388,150,0.0,9869,1480350,0.31275567,0.67746955,0.30878687,328.15736641896257,0.0,0.001
2881,432150,-0.80095977,150,0.0,9871,1480650,1.4993553,0.69839555,0.4513548,320.66413592605124,0.0,0.001
2882,432300,0.32310337,150,0.0,9873,1480950,0.35356444,0.6766678,0.33927193,182.33456532833927,0.0,0.001
2883,432450,0.36538696,150,0.0,9874,1481100,0.31108314,0.6764701,0.30902457,134.04851944755814,0.0,0.001
2883,432450,0.36950004,150,0.0,9877,1481550,0.31599015,0.6854902,0.3146314,415.27652732270013,0.0,0.001
2884,432600,0.062330782,150,0.0,9879,1481850,0.6225037,0.6848345,0.34924355,224.27985930319647,0.0,0.001
2884,432600,0.40511197,150,0.0,9881,1482150,0.28840446,0.69351643,0.28176838,462.3340777467422,0.0,0.001
2885,432750,0.38601863,150,0.0,9883,1482450,0.2986673,0.68468595,0.27732483,209.92897767559964,0.0,0.001
2887,433050,0.3849191,150,0.0,9885,1482750,0.3120346,0.6969537,0.31081098,172.30020950581275,0.0,0.001
2887,433050,0.32077545,150,0.0,9886,1482900,0.37450552,0.69528097,0.3475126,136.54930557198423,0.0,0.001
2887,433050,-1.4603279,150,0.0,9889,1483350,2.1404858,0.6801579,0.32353207,491.918530872277,0.0,0.001
2888,433200,0.35809243,150,0.0,9890,1483500,0.31827742,0.67636985,0.31467676,132.6357757966424,0.0,0.001
2889,433350,0.34910357,150,0.0,9893,1483950,0.33542442,0.684528,0.32854563,283.7354393747178,0.0,0.001
2890,433500,0.30137587,150,0.0,9895,1484250,0.37261498,0.67399085,0.31507286,147.39912466588086,0.0,0.001
2891,433650,0.26429403,150,0.0,9897,1484550,0.4237457,0.6880397,0.3428217,198.26143843988916,0.0,0.001
2891,433650,0.3714157,150,0.0,9900,1485000,0.31202552,0.6834412,0.3111714,319.0399980527344,0.0,0.001
2892,433800,0.36985335,150,0.0,9902,1485300,0.31533816,0.6851915,0.31499365,159.55074416113482,0.0,0.001
2893,433950,-1.4834433,150,0.0,9904,1485600,2.1661868,0.68274355,0.3309548,202.47229362179655,0.0,0.001
2894,434100,0.36515155,150,0.0,9906,1485900,0.32282296,0.6879745,0.32073408,154.81782970534823,0.0,0.001
2895,434250,0.23306704,150,0.0,9908,1486200,0.44993365,0.6830007,0.32940525,429.87287180180954,0.0,0.001
2895,434250,-1.4115359,150,0.0,9911,1486650,2.1077,0.69616425,0.34260947,509.7804966981323,0.0,0.001
2895,434250,-1.3763785,150,0.0,9914,1487100,2.0653365,0.688958,0.18682824,399.20178120810226,0.0,0.001
2897,434550,0.35469666,150,0.0,9915,1487250,0.33010474,0.6848014,0.3142849,133.78715455708837,0.0,0.001
2897,434550,0.33918563,150,0.0,9917,1487550,0.35428926,0.6934749,0.34718964,413.1168725425563,0.0,0.001
2899,434850,0.35213348,150,0.0,9919,1487850,0.33385345,0.68598694,0.3265707,176.9298608736344,0.0,0.001
2899,434850,0.35358664,150,0.0,9922,1488300,0.33044812,0.68403476,0.32651317,352.0579994639213,0.0,0.001
2899,434850,0.37603277,150,0.0,9925,1488750,0.31231135,0.6883441,0.31010595,306.6914432903252,0.0,0.001
2900,435000,0.36470205,150,0.0,9927,1489050,0.3127473,0.67744935,0.3111429,182.32383884563845,0.0,0.001
2902,435300,0.37731567,150,0.0,9929,1489350,0.31293085,0.6902465,0.31178933,121.87765153305588,0.0,0.001
2903,435450,0.2927784,150,0.0,9932,1489800,0.38909003,0.68186843,0.3837676,176.43576784519422,0.0,0.001
2903,435450,-0.17811382,150,0.0,9935,1490250,0.8752271,0.6971133,0.35628957,433.057268722467,0.0,0.001
2904,435600,0.38073188,150,0.0,9937,1490550,0.3078189,0.6885508,0.30750778,179.70638944016562,0.0,0.001
2905,435750,0.3488023,150,0.0,9939,1490850,0.32842848,0.6772308,0.32666826,285.69217775113754,0.0,0.001
2906,435900,0.31422803,150,0.0,9941,1491150,0.37349084,0.68771887,0.36969936,409.4134183640268,0.0,0.001
2907,436050,0.19114345,150,0.0,9943,1491450,0.49900472,0.6901482,0.2792932,166.1955624166903,0.0,0.001
2907,436050,0.4213132,150,0.0,9946,1491900,0.2864258,0.707739,0.275942,378.4193311287038,0.0,0.001
2907,436050,0.35160396,150,0.0,9948,1492200,0.3222513,0.67385525,0.3133889,190.3158027199484,0.0,0.001
2908,436200,0.36720887,150,0.0,9950,1492500,0.31341556,0.6806244,0.30757096,300.5122811341546,0.0,0.001
2909,436350,-0.07468271,150,0.0,9952,1492800,0.7573679,0.6826852,0.298237,169.70855726621514,0.0,0.001
2911,436650,0.32025257,150,0.0,9954,1493100,0.36605647,0.68630904,0.36388174,171.23172578781706,0.0,0.001
2911,436650,-0.9515703,150,0.0,9956,1493400,1.6410906,0.68952036,0.20324486,335.986029633625,0.0,0.001
2911,436650,0.34013805,150,0.0,9959,1493850,0.38480392,0.72494197,0.35483405,446.1430674491628,0.0,0.001
2912,436800,0.32706484,150,0.0,9961,1494150,0.36349478,0.6905596,0.34643415,182.45184632467812,0.0,0.001
2912,436800,0.24646568,150,0.0,9964,1494600,0.43853784,0.6850035,0.35053965,467.7885044344118,0.0,0.001
2914,437100,-0.23996645,150,0.0,9966,1494900,0.93190145,0.691935,0.34781566,145.71961418484923,0.0,0.001
2915,437250,0.2206757,150,0.0,9968,1495200,0.4636752,0.6843509,0.39217559,262.2597221023777,0.0,0.001
2915,437250,-1.125657,150,0.0,9971,1495650,1.8240421,0.6983851,0.29948702,337.3402294240592,0.0,0.001
2916,437400,0.39153078,150,0.0,9973,1495950,0.3023061,0.69383687,0.29573482,212.9223788180094,0.0,0.001
2918,437700,0.35881448,150,0.0,9976,1496400,0.31886303,0.6776775,0.31560123,178.00653916539065,0.0,0.001
2918,437700,-0.10000956,150,0.0,9977,1496550,0.8056359,0.70562637,0.35085887,142.06245462787234,0.0,0.001
2919,437850,-0.15426981,150,0.0,9978,1496700,0.84675145,0.69248164,0.3048358,134.61650876602133,0.0,0.001
2919,437850,0.37838143,150,0.0,9981,1497150,0.31820297,0.6965844,0.3072573,298.6352347897411,0.0,0.001
2920,438000,0.37659898,150,0.0,9983,1497450,0.31336847,0.68996745,0.3101913,176.0400327039703,0.0,0.001
2920,438000,-0.051516175,150,0.0,9985,1497750,0.7261819,0.67466575,0.3007684,351.2223225216504,0.0,0.001
2922,438300,0.38129166,150,0.0,9987,1498050,0.32677695,0.7080686,0.3264364,161.99665524712935,0.0,0.001
2922,438300,-0.49581617,150,0.0,9989,1498350,1.1903048,0.6944886,0.36002204,434.8321549275332,0.0,0.001
2923,438450,0.36718836,150,0.0,9991,1498650,0.31863716,0.6858255,0.31711206,140.87798848605766,0.0,0.001
2923,438450,0.28751323,150,0.0,9994,1499100,0.40536365,0.6928769,0.34394294,341.8437250060855,0.0,0.001
2924,438600,-0.45797324,150,0.0,9997,1499550,1.1445382,0.6865649,0.4083401,191.25024394722107,0.0,0.001
2924,438600,0.3744896,150,0.0,9999,1499850,0.31232274,0.68681234,0.31156248,325.65011428760727,0.0,0.001
2926,438900,-0.35977334,150,0.0,10000,1500000,1.0710449,0.7112716,0.3028331,136.30252417618343,0.0,0.001
2926,438900,0.35181424,150,0.0,10002,1500300,0.31815597,0.6699702,0.3129649,398.352758825049,0.0,0.001
2927,439050,0.35992238,150,0.0,10004,1500600,0.3233284,0.6832508,0.3219079,210.7226650616598,0.0,0.001
2928,439200,-0.065971196,150,0.0,10008,1501200,0.7604439,0.69447273,0.31412005,153.24868039333657,0.0,0.001
2929,439350,0.3662543,150,0.0,10011,1501650,0.31047508,0.6767294,0.30908948,242.45428732623634,0.0,0.001
2930,439500,0.30857906,150,0.0,10012,1501800,0.37279925,0.6813783,0.35010543,136.48061295766826,0.0,0.001
2931,439650,0.27714697,150,0.0,10014,1502100,0.4117401,0.68888706,0.34903753,183.28907057530708,0.0,0.001
2931,439650,0.14730567,150,0.0,10017,1502550,0.5441851,0.69149077,0.31850392,469.5028824089103,0.0,0.001
2932,439800,0.39338458,150,0.0,10019,1502850,0.31163293,0.7050175,0.30779883,224.11535885781052,0.0,0.001
2932,439800,0.37897334,150,0.0,10022,1503300,0.31129482,0.69026816,0.31005633,327.00946028898034,0.0,0.001
2934,440100,0.3839186,150,0.0,10025,1503750,0.3202342,0.7041528,0.3158953,140.9632755779053,0.0,0.001
2935,440250,-1.1397915,150,0.0,10027,1504050,1.8155138,0.6757223,0.36004803,173.37250810583802,0.0,0.001
2935,440250,0.3710329,150,0.0,10030,1504500,0.32092208,0.691955,0.32002023,357.7837780047451,0.0,0.001
2936,440400,-2.144505,150,0.0,10032,1504800,2.8287203,0.6842154,0.1292396,262.0261973887573,0.0,0.001
2936,440400,0.22285965,150,0.0,10035,1505250,0.4546189,0.67747855,0.35609284,471.5382003700981,0.0,0.001
2938,440700,0.3789225,150,0.0,10036,1505400,0.31892684,0.69784933,0.31892684,106.42920458774572,0.0,0.001
2939,440850,0.3859222,150,0.0,10037,1505550,0.30879807,0.69472027,0.30848196,110.89378921695553,0.0,0.001
2939,440850,0.354886,150,0.0,10040,1506000,0.33084857,0.68573457,0.1803099,371.4115864223513,0.0,0.001
2940,441000,0.031080306,150,0.0,10043,1506450,0.66053826,0.69161856,0.38633668,189.1801374952152,0.0,0.001
2940,441000,0.38414493,150,0.0,10046,1506900,0.29593876,0.6800837,0.2745209,404.3383367995126,0.0,0.001
2942,441300,0.10526061,150,0.0,10047,1507050,0.5782582,0.6835188,0.53419805,131.7450249493297,0.0,0.001
2942,441300,-1.1477048,150,0.0,10049,1507350,1.8331648,0.6854599,0.33090013,533.1670079049776,0.0,0.001
2943,441450,-1.0088452,150,0.0,10051,1507650,1.7026954,0.69385016,0.37283263,265.7747039346675,0.0,0.001
2944,441600,-2.068521,150,0.0,10054,1508100,2.7565746,0.6880535,0.30647203,178.18470390516538,0.0,0.001
2944,441600,0.36316687,150,0.0,10057,1508550,0.32029706,0.68346393,0.30818665,462.84869306770446,0.0,0.001
2946,441900,0.38142496,150,0.0,10060,1509000,0.31098783,0.6924128,0.31013447,101.21837758266332,0.0,0.001
2947,442050,0.22249061,150,0.0,10062,1509300,0.530721,0.7532116,0.3775055,321.80060243089923,0.0,0.001
2947,442050,-0.09780949,150,0.0,10066,1509900,0.7860359,0.6882264,0.3630039,517.6938742764042,0.0,0.001
2948,442200,-1.0510951,150,0.0,10068,1510200,1.7343602,0.6832651,0.2509639,199.3652841818868,0.0,0.001
2949,442350,0.37171483,150,0.0,10071,1510650,0.30939728,0.6811121,0.30726337,224.60293037206915,0.0,0.001
2950,442500,0.35513255,150,0.0,10072,1510800,0.32327327,0.6784058,0.31167457,117.14857462806488,0.0,0.001
2951,442650,-0.31952417,150,0.0,10074,1511100,1.0091621,0.6896379,0.3680684,335.75060517181754,0.0,0.001
2951,442650,0.3705398,150,0.0,10077,1511550,0.31024173,0.68078154,0.30895126,365.15180183056003,0.0,0.001
2952,442800,0.38252014,150,0.0,10079,1511850,0.31071973,0.69323987,0.30789965,133.0813622177858,0.0,0.001
2952,442800,0.3810425,150,0.0,10082,1512300,0.31144246,0.692485,0.31102094,336.8412035458118,0.0,0.001
2955,443250,0.3607429,150,0.0,10084,1512600,0.36315158,0.7238945,0.2912072,119.8152339617575,0.0,0.001
2955,443250,0.3662525,150,0.0,10086,1512900,0.31744602,0.68369853,0.31616253,389.7530442022629,0.0,0.001
2955,443250,0.35628965,150,0.0,10089,1513350,0.32211044,0.6784001,0.31878036,345.50860386418776,0.0,0.001
2956,443400,0.15033925,150,0.0,10092,1513800,0.5354497,0.6857889,0.5113567,220.92353460463136,0.0,0.001
2957,443550,0.36141002,150,0.0,10096,1514400,0.31839734,0.67980736,0.3182995,178.07581670191036,0.0,0.001
2959,443850,-0.023888826,150,0.0,10097,1514550,0.7050349,0.6811461,0.31466043,134.82467633493758,0.0,0.001
2959,443850,-2.734747,150,0.0,10099,1514850,3.428863,0.69411623,0.32139054,471.42831452052826,0.0,0.001
2959,443850,0.23672873,150,0.0,10102,1515300,0.4478646,0.6845933,0.36749357,486.4702111750911,0.0,0.001
2960,444000,-2.6074786,150,0.0,10105,1515750,3.3089302,0.7014515,0.3583196,200.28498191167088,0.0,0.001
2960,444000,0.27263233,150,0.0,10108,1516200,0.40846422,0.68109655,0.33668068,353.61687705467654,0.0,0.001
2963,444450,0.16251177,150,0.0,10111,1516650,0.5332047,0.69571644,0.39749283,135.8237368401282,0.0,0.001
2963,444450,0.2836915,150,0.0,10112,1516800,0.4017752,0.6854667,0.34344044,140.07861734992068,0.0,0.001
2963,444450,0.33090988,150,0.0,10115,1517250,0.3478172,0.6787271,0.31614763,329.4540758804835,0.0,0.001
2963,444450,0.3237788,150,0.0,10118,1517700,0.38082314,0.70460194,0.38075078,476.4897271686247,0.0,0.001
2964,444600,0.36696616,150,0.0,10119,1517850,0.32199988,0.68896604,0.32121542,145.2831094936358,0.0,0.001
2965,444750,-0.23749417,150,0.0,10122,1518300,0.9342022,0.696708,0.36202163,304.33541320297184,0.0,0.001
2967,445050,0.27382308,150,0.0,10123,1518450,0.4152425,0.6890656,0.36738506,122.140714697563,0.0,0.001
2967,445050,0.36585146,150,0.0,10124,1518600,0.32058293,0.6864344,0.3076481,141.64484324962987,0.0,0.001
2967,445050,-0.99509794,150,0.0,10127,1519050,1.672385,0.67728704,0.3252485,379.9608290046545,0.0,0.001
2968,445200,-0.074869215,150,0.0,10130,1519500,0.7831328,0.7082636,0.34308872,199.35081806809438,0.0,0.001
2968,445200,0.24552345,150,0.0,10133,1519950,0.43361276,0.6791362,0.3829069,472.78195217515787,0.0,0.001
2971,445650,0.36110976,150,0.0,10135,1520250,0.3160089,0.67711866,0.309258,103.99411949349228,0.0,0.001
2971,445650,-0.34376037,150,0.0,10137,1520550,1.0220838,0.6783234,0.31536648,393.51507145430526,0.0,0.001
2971,445650,0.38325858,150,0.0,10140,1521000,0.3105595,0.6938181,0.30725497,310.52571831322376,0.0,0.001
2972,445800,0.34689713,150,0.0,10143,1521450,0.3340093,0.6809064,0.31635323,190.7681111960121,0.0,0.001
2972,445800,0.22968751,150,0.0,10146,1521900,0.52304775,0.75273526,0.430887,550.2732799630554,0.0,0.001
2975,446250,0.3599424,150,0.0,10149,1522350,0.31813273,0.67807513,0.3148662,100.15320371509458,0.0,0.001
2975,446250,0.35984957,150,0.0,10152,1522800,0.31695938,0.67680895,0.31695938,387.27829755172417,0.0,0.001
2976,446400,-0.70761716,150,0.0,10155,1523250,1.4154491,0.707832,0.43318242,183.74053546364618,0.0,0.001
2976,446400,0.3588845,150,0.0,10158,1523700,0.31783897,0.6767235,0.3082734,464.5458546108612,0.0,0.001
2978,446700,0.37746337,150,0.0,10160,1524000,0.31987384,0.6973372,0.31841436,215.89097729654497,0.0,0.001
2979,446850,0.30326217,150,0.0,10161,1524150,0.37906158,0.68232375,0.35913274,116.94286553381636,0.0,0.001
2979,446850,0.38437974,150,0.0,10163,1524450,0.3097645,0.69414425,0.3081748,326.4498621081498,0.0,0.001
2979,446850,-0.116892755,150,0.0,10166,1524900,0.80777717,0.6908844,0.29325768,333.1594315253688,0.0,0.001
2980,447000,0.23942679,150,0.0,10168,1525200,0.45439857,0.69382536,0.3293492,156.22636505650038,0.0,0.001
2981,447150,0.34786206,150,0.0,10171,1525650,0.3270191,0.67488116,0.3179186,243.42002987685953,0.0,0.001
2983,447450,0.36909568,150,0.0,10173,1525950,0.31013614,0.6792318,0.30391228,142.3941118157498,0.0,0.001
2983,447450,-0.13220423,150,0.0,10175,1526250,0.81249374,0.6802895,0.30688494,404.0314159661437,0.0,0.001
2984,447600,0.3198133,150,0.0,10178,1526700,0.4197243,0.7395376,0.36856514,426.3746213327731,0.0,0.001
2984,447600,-0.11869651,150,0.0,10180,1527000,0.8007426,0.6820461,0.32293764,508.8075308731834,0.0,0.001
2985,447750,-0.08249366,150,0.0,10183,1527450,0.76330656,0.6808129,0.32665554,348.25478379711353,0.0,0.001
2986,447900,0.28326315,150,0.0,10184,1527600,0.39109898,0.6743621,0.31514546,125.09866887245374,0.0,0.001
2987,448050,-1.2144403,150,0.0,10186,1527900,1.8941514,0.67971116,0.40278804,224.59635559833043,0.0,0.001
2987,448050,0.35097325,150,0.0,10189,1528350,0.317423,0.66839623,0.2968578,377.9385430326724,0.0,0.001
2988,448200,0.3829192,150,0.0,10191,1528650,0.3613813,0.7443005,0.35056102,165.98505424924974,0.0,0.001
2988,448200,0.19262901,150,0.0,10194,1529100,0.49980327,0.6924323,0.37908688,501.2852720775418,0.0,0.001
2990,448500,-0.860127,150,0.0,10197,1529550,1.552809,0.692682,0.43058372,163.82169804467156,0.0,0.001
2991,448650,0.37830696,150,0.0,10198,1529700,0.32052156,0.6988285,0.31753924,126.82106363129857,0.0,0.001
2991,448650,0.1764451,150,0.0,10200,1530000,0.49936357,0.67580867,0.3640974,487.13766390634254,0.0,0.001
2991,448650,-0.54213256,150,0.0,10203,1530450,1.2370232,0.6948907,0.43574443,445.47967553360223,0.0,0.001
2992,448800,-0.16250485,150,0.0,10205,1530750,0.84617406,0.6836692,0.2965921,239.26279997429185,0.0,0.001
2992,448800,-0.069208026,150,0.0,10208,1531200,0.7574324,0.6882244,0.31065795,363.90651444357167,0.0,0.001
2995,449250,-0.015783131,150,0.0,10210,1531500,0.7053499,0.6895668,0.3096034,123.31028546094635,0.0,0.001
2995,449250,0.021587431,150,0.0,10212,1531800,0.6523352,0.67392266,0.32207543,485.3758246200634,0.0,0.001
2996,449400,-0.20486319,150,0.0,10215,1532250,0.88823956,0.6833764,0.3396956,325.08709181042457,0.0,0.001
2996,449400,0.33861482,150,0.0,10217,1532550,0.34295112,0.68156594,0.29535237,483.08377221843847,0.0,0.001
2996,449400,0.33763573,150,0.0,10220,1533000,0.33246747,0.6701032,0.31542686,394.73424659596975,0.0,0.001
2999,449850,-0.7483882,150,0.0,10222,1533300,1.4457147,0.69732654,0.35125995,183.71140215864963,0.0,0.001
2999,449850,0.28092918,150,0.0,10223,1533450,0.40156344,0.6824926,0.3131701,118.65972325299849,0.0,0.001
3000,450000,-0.16793281,150,0.0,10226,1533900,0.8456386,0.67770576,0.29649147,310.5683319281188,0.0,0.001
3000,450000,-0.016122878,150,0.0,10227,1534050,0.69189095,0.6757681,0.29985505,145.78292454432525,0.0,0.001
3000,450000,-1.0637445,150,0.0,10230,1534500,1.746251,0.68250644,0.32066157,443.83167364122994,0.0,0.001
3001,450150,0.22401947,150,0.0,10233,1534950,0.4567817,0.68080115,0.3662903,330.5942225083089,0.0,0.001
3003,450450,0.24528015,150,0.0,10234,1535100,0.4415698,0.68684995,0.29325777,97.56173810130798,0.0,0.001
3003,450450,0.38320684,150,0.0,10236,1535400,0.3116663,0.69487315,0.3065856,357.6601139244824,0.0,0.001
3004,450600,-0.12593472,150,0.0,10238,1535700,0.8124551,0.6865204,0.33308288,244.80906976961364,0.0,0.001
3004,450600,0.36200243,150,0.0,10240,1536000,0.3130297,0.67503214,0.3130297,355.38945680927344,0.0,0.001
3004,450600,0.38155842,150,0.0,10243,1536450,0.31001282,0.69157124,0.30707732,324.8343160438244,0.0,0.001
3006,450900,0.37412903,150,0.0,10245,1536750,0.31354573,0.68767476,0.31250572,158.71219096755704,0.0,0.001
3007,451050,-0.075748384,150,0.0,10246,1536900,0.7602261,0.6844777,0.29463747,117.51085556495259,0.0,0.001
3007,451050,0.23595959,150,0.0,10249,1537350,0.4435904,0.67955,0.31227195,384.0954143271675,0.0,0.001
3008,451200,-0.1511848,150,0.0,10251,1537650,0.8285265,0.6773417,0.353892,170.56117635576953,0.0,0.001
3008,451200,0.21627033,150,0.0,10254,1538100,0.4656437,0.68191403,0.35886696,479.39687694543227,0.0,0.001
3010,451500,0.37431854,150,0.0,10258,1538700,0.31390685,0.6882254,0.2922235,214.0067486665941,0.0,0.001
3011,451650,0.34879127,150,0.0,10259,1538850,0.34362665,0.6924179,0.3197425,122.11084477655393,0.0,0.001
3011,451650,0.3931148,150,0.0,10261,1539150,0.29539776,0.68851256,0.2750179,385.7725192412403,0.0,0.001
3012,451800,0.11603266,150,0.0,10264,1539600,0.5668163,0.68284893,0.4565228,207.87550180899044,0.0,0.001
3012,451800,0.36184686,150,0.0,10267,1540050,0.31784374,0.6796906,0.30928934,304.7306107344972,0.0,0.001
3014,452100,0.115228355,150,0.0,10270,1540500,0.57959867,0.694827,0.40422416,273.76545775044724,0.0,0.001
3015,452250,-0.12650603,150,0.0,10271,1540650,0.80916417,0.68265814,0.30739617,99.33398477557688,0.0,0.001
3015,452250,0.3628054,150,0.0,10273,1540950,0.30930945,0.67211485,0.30787668,361.798753032023,0.0,0.001
3016,452400,0.33273244,150,0.0,10275,1541250,0.39925814,0.7319906,0.32005268,232.55281682331702,0.0,0.001
3016,452400,0.34820825,150,0.0,10277,1541550,0.32585537,0.6740636,0.32025626,415.5162370470171,0.0,0.001
3016,452400,0.35579854,150,0.0,10280,1542000,0.32108027,0.6768788,0.3010668,408.16610397328134,0.0,0.001
3019,452850,0.1259507,150,0.0,10282,1542300,0.5555021,0.6814528,0.34079,104.52602602444613,0.0,0.001
3019,452850,0.3961287,150,0.0,10284,1542600,0.304043,0.7001717,0.2964503,311.67422966412363,0.0,0.001
3020,453000,-0.6767099,150,0.0,10287,1543050,1.3717748,0.6950649,0.3230909,362.64021677292624,0.0,0.001
3020,453000,-0.83674294,150,0.0,10289,1543350,1.5100985,0.6733555,0.34136695,289.79396686334934,0.0,0.001
3020,453000,-0.96487945,150,0.0,10292,1543800,1.648856,0.6839766,0.3407272,432.8248875190908,0.0,0.001
3023,453450,0.28847727,150,0.0,10294,1544100,0.39446136,0.68293864,0.30326915,111.32293946282923,0.0,0.001
3023,453450,0.16261351,150,0.0,10296,1544400,0.5212017,0.68381524,0.31382158,423.3531906646991,0.0,0.001
3023,453450,0.3620717,150,0.0,10299,1544850,0.31909734,0.68116903,0.29473183,343.6525029755386,0.0,0.001
3024,453600,0.26419833,150,0.0,10300,1545000,0.4297386,0.69393694,0.32720885,149.23831353714712,0.0,0.001
3024,453600,0.35544246,150,0.0,10302,1545300,0.31362498,0.66906744,0.30818862,341.5495813592916,0.0,0.001
3026,453900,0.37755018,150,0.0,10304,1545600,0.31191725,0.68946743,0.30745345,188.51770382842088,0.0,0.001
3027,454050,0.17678261,150,0.0,10305,1545750,0.5147005,0.6914831,0.34791774,132.36008421959704,0.0,0.001
3027,454050,-0.7463311,150,0.0,10306,1545900,1.4339976,0.68766654,0.3883239,148.98259438254848,0.0,0.001
3027,454050,0.21358415,150,0.0,10309,1546350,0.48005453,0.6936387,0.35074136,506.32200743614095,0.0,0.001
3028,454200,0.20250079,150,0.0,10311,1546650,0.49518904,0.69768983,0.32686287,222.35921186423604,0.0,0.001
3028,454200,-0.060272932,150,0.0,10314,1547100,0.7390189,0.678746,0.31343058,449.44942685242466,0.0,0.001
3031,454650,0.32992822,150,0.0,10316,1547400,0.35938185,0.6893101,0.31197944,126.20042689601345,0.0,0.001
3031,454650,0.3263449,150,0.0,10318,1547700,0.35567856,0.68202347,0.30219665,443.35345696908024,0.0,0.001
3031,454650,-1.0159414,150,0.0,10321,1548150,1.7025272,0.6865857,0.33298343,393.5798153418066,0.0,0.001
3032,454800,0.23041877,150,0.0,10323,1548450,0.46227333,0.6926921,0.31734663,185.89086860675275,0.0,0.001
3033,454950,0.37575835,150,0.0,10326,1548900,0.32021898,0.69597733,0.3175316,184.035392141606,0.0,0.001
3034,455100,-0.36057276,150,0.0,10328,1549200,1.0419961,0.68142337,0.36269495,265.66460954439987,0.0,0.001
3035,455250,0.30568677,150,0.0,10330,1549500,0.38260782,0.6882946,0.36961117,274.3032935373143,0.0,0.001
3035,455250,0.3713704,150,0.0,10333,1549950,0.31987485,0.69124526,0.3010531,343.26044874327005,0.0,0.001
3036,455400,0.26345378,150,0.0,10336,1550400,0.43036872,0.6938225,0.30182865,169.77399917912086,0.0,0.001
3036,455400,-0.9001084,150,0.0,10339,1550850,1.5868003,0.68669194,0.34061322,462.59583407167327,0.0,0.001
3039,455850,-0.10059118,150,0.0,10341,1551150,0.7957529,0.6951617,0.3160437,156.82623262691448,0.0,0.001
3039,455850,0.13227844,150,0.0,10343,1551450,0.54875696,0.6810354,0.3759351,423.69731442109673,0.0,0.001
3039,455850,0.47518334,150,0.0,10347,1552050,0.21041659,0.6855999,0.19205284,347.45296940028805,0.0,0.001
3040,456000,-0.8803687,150,0.0,10350,1552500,1.5620037,0.681635,0.34843466,167.764465203196,0.0,0.001
3041,456150,0.34145868,150,0.0,10352,1552800,0.34643453,0.6878932,0.33342904,207.67554920606418,0.0,0.001
3043,456450,0.371249,150,0.0,10354,1553100,0.3051043,0.6763533,0.3051043,114.9696396892262,0.0,0.001
3043,456450,-1.5690567,150,0.0,10357,1553550,2.2395284,0.6704716,0.3237743,491.7605016203237,0.0,0.001
3044,456600,0.24644813,150,0.0,10361,1554150,0.4390892,0.68553734,0.371936,215.12884569222973,0.0,0.001
3045,456750,0.28552532,150,0.0,10363,1554450,0.40178078,0.6873061,0.31660855,259.0748268841788,0.0,0.001
3045,456750,0.28836554,150,0.0,10365,1554750,0.41119003,0.6995556,0.33115175,380.0372579861841,0.0,0.001
3047,457050,-0.09327358,150,0.0,10366,1554900,0.7812574,0.6879838,0.30267134,116.21719125015032,0.0,0.001
3047,457050,0.15242845,150,0.0,10368,1555200,0.5421305,0.6945589,0.30250514,341.95260296696165,0.0,0.001
3047,457050,0.30069745,150,0.0,10372,1555800,0.38426095,0.6849584,0.36420634,313.638783702135,0.0,0.001
3049,457350,-0.10786331,150,0.0,10374,1556100,0.80086654,0.69300324,0.30321556,122.00338660421953,0.0,0.0
3050,457500,0.24518713,150,0.0,10376,1556400,0.4612603,0.7064474,0.33307552,197.3004629686252,0.0,0.0
3051,457650,0.1684078,150,0.0,10378,1556700,0.5229521,0.6913599,0.3206601,217.68252555707255,0.0,0.0
3051,457650,-0.09437525,150,0.0,10382,1557300,0.7682899,0.6739147,0.29793105,391.1079282666428,0.0,0.0
3051,457650,-1.054707,150,0.0,10385,1557750,1.7383171,0.6836101,0.3684774,477.1329505018975,0.0,0.0
3053,457950,0.27101567,150,0.0,10387,1558050,0.42409006,0.69510573,0.30721927,124.79855846391666,0.0,0.0
3055,458250,-0.8915105,150,0.0,10390,1558500,1.5876073,0.6960968,0.3408994,113.08459879985513,0.0,0.0
3055,458250,0.24599266,150,0.0,10392,1558800,0.45876253,0.7047552,0.30240917,322.31348054886143,0.0,0.0
3055,458250,0.30833417,150,0.0,10396,1559400,0.36639518,0.67472935,0.3126019,344.5843762494454,0.0,0.0
3057,458550,0.27951446,150,0.0,10398,1559700,0.4005107,0.68002516,0.3484883,122.02529858246788,0.0,0.0
3057,458550,-0.6382531,150,0.0,10399,1559850,1.3280164,0.6897633,0.30907747,138.5335924567089,0.0,0.0
3059,458850,-0.062343836,150,0.0,10400,1560000,0.76653254,0.7041887,0.29790702,138.16131618596998,0.0,0.0
3059,458850,0.35628268,150,0.0,10401,1560150,0.32305452,0.6793372,0.3092065,137.63452904007147,0.0,0.0
3059,458850,0.32268623,150,0.0,10404,1560600,0.3617728,0.68445903,0.32663858,414.6412930650981,0.0,0.0
3060,459000,-0.15677035,150,0.0,10408,1561200,0.84225017,0.6854798,0.34590054,349.66306172820293,0.0,0.0
3061,459150,0.36642635,150,0.0,10409,1561350,0.3090136,0.67543995,0.30786937,120.77358599949552,0.0,0.0
3061,459150,-0.16365981,150,0.0,10412,1561800,0.8490854,0.6854256,0.36533543,496.35323967129926,0.0,0.0
3063,459450,-0.062648416,150,0.0,10414,1562100,0.74209094,0.6794425,0.30786237,115.93461105844996,0.0,0.0
3063,459450,-0.14188701,150,0.0,10417,1562550,0.81981426,0.67792726,0.34100366,463.5334440447895,0.0,0.0
3063,459450,0.12492424,150,0.0,10420,1563000,0.5567899,0.6817141,0.3245217,379.36148159135763,0.0,0.0
3065,459750,0.37270278,150,0.0,10422,1563300,0.31906033,0.6917631,0.31906033,138.7216003489066,0.0,0.0
3067,460050,0.34317806,150,0.0,10424,1563600,0.33535996,0.678538,0.3310931,238.65253594037875,0.0,0.0
3067,460050,0.05002427,150,0.0,10425,1563750,0.6211749,0.67119914,0.29868865,121.65833174447066,0.0,0.0
3067,460050,-0.64318717,150,0.0,10428,1564200,1.3310194,0.68783224,0.3175827,379.94499621350747,0.0,0.0
3067,460050,0.2871649,150,0.0,10431,1564650,0.4035835,0.6907484,0.32924992,366.52966251537293,0.0,0.0
3069,460350,-0.5434662,150,0.0,10433,1564950,1.245245,0.70177877,0.37170094,182.2458324172458,0.0,0.0
3069,460350,-0.06878483,150,0.0,10435,1565250,0.7696127,0.7008279,0.30808797,386.23954816133585,0.0,0.0
3071,460650,0.279727,150,0.0,10437,1565550,0.40088418,0.6806112,0.32696578,113.94530804296681,0.0,0.0
3071,460650,0.36301678,150,0.0,10440,1566000,0.3154286,0.6784454,0.31480107,404.6371360636053,0.0,0.0
3073,460950,0.25537574,150,0.0,10443,1566450,0.4347911,0.69016683,0.33452857,147.77643241262598,0.0,0.0
3073,460950,0.29952276,150,0.0,10444,1566600,0.36856318,0.66808593,0.31227124,127.98226808175382,0.0,0.0
3075,461250,0.09373772,150,0.0,10447,1567050,0.60018766,0.6939254,0.40025052,141.8913003324089,0.0,0.0
3075,461250,-1.532145,150,0.0,10450,1567500,2.2221794,0.6900344,0.33413526,473.85234141106025,0.0,0.0
3075,461250,-0.86364967,150,0.0,10453,1567950,1.5447847,0.681135,0.20337695,402.1831766524369,0.0,0.0
3076,461400,0.15591508,150,0.0,10456,1568400,0.5323353,0.68825036,0.3596982,182.62518831585393,0.0,0.0
3077,461550,-0.0980131,150,0.0,10458,1568700,0.7790319,0.68101877,0.2990345,219.5660299329414,0.0,0.0
3079,461850,-0.39560694,150,0.0,10460,1569000,1.080647,0.68504006,0.39309132,148.41458429118006,0.0,0.0
3079,461850,-0.10427272,150,0.0,10463,1569450,0.78689414,0.6826214,0.3064868,331.2342121029926,0.0,0.0
3079,461850,-0.189004,150,0.0,10466,1569900,0.8746271,0.6856231,0.35628587,480.16961557923366,0.0,0.0
3081,462150,0.3757807,150,0.0,10467,1570050,0.31755596,0.69333667,0.3122821,129.07345883181293,0.0,0.0
3082,462300,0.4109982,150,0.0,10469,1570350,0.27701607,0.68801427,0.19206122,207.0985103220805,0.0,0.0
3083,462450,-0.64631134,150,0.0,10470,1570500,1.347031,0.70071965,0.3862876,142.59052176053328,0.0,0.0
3083,462450,-0.43791854,150,0.0,10472,1570800,1.1177737,0.6798551,0.30671868,414.7366866713778,0.0,0.0
3083,462450,-0.98107177,150,0.0,10475,1571250,1.7373594,0.75628763,0.33995023,508.9775316985641,0.0,0.0
3083,462450,0.39013523,150,0.0,10478,1571700,0.31300342,0.70313865,0.31147614,374.5598749295258,0.0,0.0
3085,462750,-0.62429696,150,0.0,10480,1572000,1.3127067,0.68840975,0.3274874,138.34703656222308,0.0,0.0
3086,462900,0.33251756,150,0.0,10482,1572300,0.35324305,0.6857606,0.29937437,224.77786439706662,0.0,0.0
3087,463050,-1.0849411,150,0.0,10483,1572450,1.777261,0.6923199,0.24528515,145.36612348362652,0.0,0.0
3087,463050,0.34225664,150,0.0,10485,1572750,0.33835772,0.68061435,0.32512483,450.5366518766345,0.0,0.0
3087,463050,0.36379936,150,0.0,10489,1573350,0.31073663,0.674536,0.30799356,338.76484445461523,0.0,0.0
3089,463350,-0.14174575,150,0.0,10492,1573800,0.8193723,0.67762655,0.338953,150.1560521677492,0.0,0.0
3090,463500,-0.56189126,150,0.0,10494,1574100,1.2531493,0.691258,0.3810203,339.79015657514617,0.0,0.0
3091,463650,0.35083428,150,0.0,10496,1574400,0.3534625,0.70429677,0.31297624,175.60028000227754,0.0,0.0
3091,463650,0.36590236,150,0.0,10499,1574850,0.30984676,0.6757491,0.3075892,328.5271551798414,0.0,0.0
3091,463650,-0.088876605,150,0.0,10502,1575300,0.784849,0.6959724,0.6959724,343.904030890631,0.0,0.0
3093,463950,0.35095656,150,0.0,10504,1575600,0.35071975,0.7016763,0.32053924,178.493022084038,0.0,0.0
3094,464100,-0.09107953,150,0.0,10506,1575900,0.78425586,0.6931763,0.35323232,197.20961257435965,0.0,0.0
3095,464250,-0.054037392,150,0.0,10507,1576050,0.7479752,0.6939378,0.30707583,121.2965820981072,0.0,0.0
3095,464250,-0.42946637,150,0.0,10510,1576500,1.1350812,0.7056148,0.4344833,465.6788270273991,0.0,0.0
3095,464250,0.083809316,150,0.0,10513,1576950,0.6069841,0.6907934,0.3382764,398.8292727455988,0.0,0.0
3096,464400,-0.100525856,150,0.0,10515,1577250,0.7951694,0.69464356,0.37125885,185.6882540548294,0.0,0.0
3097,464550,0.047237337,150,0.0,10516,1577400,0.6317419,0.6789792,0.32796276,131.45093470489826,0.0,0.0
3099,464850,-0.8647585,150,0.0,10518,1577700,1.5392243,0.6744658,0.3185021,154.16196099600376,0.0,0.0
3099,464850,0.2907496,150,0.0,10519,1577850,0.3878882,0.6786378,0.317662,145.7868093702772,0.0,0.0
3099,464850,-0.10980463,150,0.0,10522,1578300,0.81129014,0.7014855,0.3098443,354.14914390607595,0.0,0.0
3099,464850,-0.032084346,150,0.0,10525,1578750,0.73209894,0.7000146,0.3115653,346.5830359046341,0.0,0.0
3101,465150,-1.0081627,150,0.0,10526,1578900,1.6920758,0.6839131,0.27712968,132.3314090475227,0.0,0.0
3102,465300,0.236758,150,0.0,10528,1579200,0.4374416,0.6741996,0.2923054,229.73591960738491,0.0,0.0
3103,465450,-0.0976522,150,0.0,10530,1579500,0.7856581,0.6880059,0.29476005,194.99006989504585,0.0,0.0
3103,465450,-0.03157401,150,0.0,10532,1579800,0.7284193,0.6968453,0.37098283,497.57683173062094,0.0,0.0
3103,465450,0.36136916,150,0.0,10535,1580250,0.31885347,0.68022263,0.3052152,410.44601046166775,0.0,0.0
3104,465600,0.29693037,150,0.0,10537,1580550,0.3965969,0.6935273,0.36503476,356.27375198552585,0.0,0.0
3106,465900,0.1214208,150,0.0,10539,1580850,0.57246715,0.69388795,0.3872489,173.24265486209055,0.0,0.0
3106,465900,-1.0238385,150,0.0,10541,1581150,1.7174027,0.6935641,0.3422263,445.12761734959196,0.0,0.0
3107,466050,0.35808626,150,0.0,10543,1581450,0.3217832,0.6798695,0.30531514,228.74212222109918,0.0,0.0
3107,466050,0.3030844,150,0.0,10546,1581900,0.38992998,0.6930144,0.3111058,320.22672302167064,0.0,0.0
3108,466200,0.15453541,150,0.0,10548,1582200,0.5223949,0.6769303,0.3250788,149.70076294028965,0.0,0.0
3110,466500,-1.1231229,150,0.0,10550,1582500,1.7978008,0.6746779,0.3300866,182.71280534873225,0.0,0.0
3110,466500,-0.37360215,150,0.0,10552,1582800,1.0629617,0.68935955,0.33902428,451.6573568293956,0.0,0.0
3111,466650,-0.7085348,150,0.0,10554,1583100,1.3965312,0.68799645,0.32469603,279.86020014492425,0.0,0.0
3111,466650,-1.2228547,150,0.0,10557,1583550,1.978824,0.7559693,0.33060598,405.40526956433206,0.0,0.0
3112,466800,-0.20875496,150,0.0,10560,1584000,0.901178,0.69242305,0.3028193,165.34554872688426,0.0,0.0
3114,467100,0.22572514,150,0.0,10563,1584450,0.45869103,0.6844162,0.3067353,139.28539880755898,0.0,0.0
3115,467250,-0.67729527,150,0.0,10565,1584750,1.3504907,0.6731954,0.31580895,199.19309058085383,0.0,0.0
3115,467250,-0.90948915,150,0.0,10567,1585050,1.5992792,0.68979,0.38997635,349.13643413864,0.0,0.0
3115,467250,-0.62812996,150,0.0,10570,1585500,1.3318058,0.70367587,0.33203447,415.9370830848646,0.0,0.0
3116,467400,0.31044975,150,0.0,10571,1585650,0.36246058,0.67291033,0.31616953,144.449763435024,0.0,0.0
3118,467700,-0.3072775,150,0.0,10574,1586100,0.9939457,0.6866682,0.38616273,151.77312732024654,0.0,0.0
3118,467700,-1.575672,150,0.0,10576,1586400,2.2636628,0.6879908,0.33669338,472.7442955072635,0.0,0.0
3119,467850,-0.36953372,150,0.0,10579,1586850,1.0565943,0.68706053,0.30128732,178.2165529677803,0.0,0.0
3120,468000,-0.6187792,150,0.0,10582,1587300,1.3157616,0.6969824,0.32123345,147.58085570988143,0.0,0.0
3121,468150,0.25807172,150,0.0,10585,1587750,0.43649513,0.69456685,0.32205445,192.81786361277892,0.0,0.0
3122,468300,0.39737326,150,0.0,10586,1587900,0.30870068,0.70607394,0.3085455,125.77903478834727,0.0,0.0
3123,468450,0.38930967,150,0.0,10587,1588050,0.30988774,0.6991974,0.29932275,113.28708424573755,0.0,0.0
3123,468450,0.37734812,150,0.0,10590,1588500,0.3136059,0.690954,0.3122556,356.27334848324404,0.0,0.0
3124,468600,0.27896893,150,0.0,10592,1588800,0.43347967,0.7124486,0.31331062,289.8859661773535,0.0,0.0
3125,468750,-0.029506803,150,0.0,10595,1589250,0.7279422,0.6984354,0.5555715,347.82389478136116,0.0,0.0
3126,468900,-0.9963763,150,0.0,10596,1589400,1.6828697,0.6864934,0.31619576,141.66257614008606,0.0,0.0
3127,469050,0.2916063,150,0.0,10598,1589700,0.39968002,0.6912863,0.32375732,175.49041567098672,0.0,0.0
3127,469050,0.36936545,150,0.0,10600,1590000,0.3096571,0.67902255,0.30732977,315.27823505092647,0.0,0.0
3128,469200,-0.041484952,150,0.0,10603,1590450,0.730835,0.68935007,0.29012206,156.6102742933072,0.0,0.0
3128,469200,0.2659777,150,0.0,10605,1590750,0.43249676,0.69847447,0.31348243,395.6198853282256,0.0,0.0
3130,469500,-0.44719988,150,0.0,10607,1591050,1.1328648,0.68566495,0.40171772,146.39450261122244,0.0,0.0
3131,469650,0.34206143,150,0.0,10609,1591350,0.35155126,0.6936127,0.3143427,144.44137312901026,0.0,0.0
3131,469650,-0.6175877,150,0.0,10612,1591800,1.3045343,0.68694663,0.38856602,492.98933931992616,0.0,0.0
3132,469800,-0.11207783,150,0.0,10614,1592100,0.80723476,0.69515693,0.3515456,180.75857937674272,0.0,0.0
3132,469800,-0.59669775,150,0.0,10617,1592550,1.2812797,0.68458194,0.31872755,489.93040548906555,0.0,0.0
3134,470100,0.15313911,150,0.0,10619,1592850,0.5322865,0.68542564,0.31757593,141.65868472993586,0.0,0.0
3135,470250,-0.9111049,150,0.0,10621,1593150,1.5902256,0.67912066,0.31293297,288.3409793991613,0.0,0.0
3135,470250,0.23345676,150,0.0,10624,1593600,0.45744076,0.6908975,0.32635525,365.01367469201483,0.0,0.0
3136,470400,-0.052723885,150,0.0,10626,1593900,0.7627064,0.7099825,0.3011448,128.28725780423858,0.0,0.0
3136,470400,0.095752895,150,0.0,10629,1594350,0.59741664,0.69316953,0.3215059,453.1420541671138,0.0,0.0
3139,470850,0.22616333,150,0.0,10631,1594650,0.47526067,0.701424,0.3187155,118.11500537589896,0.0,0.0
3139,470850,0.16983789,150,0.0,10633,1594950,0.5264071,0.696245,0.34791717,373.6498268186418,0.0,0.0
3139,470850,-0.96338505,150,0.0,10637,1595550,1.6445683,0.6811833,0.403072,484.9119383279265,0.0,0.0
3140,471000,0.26798293,150,0.0,10639,1595850,0.4066055,0.67458844,0.32862976,225.9810931002639,0.0,0.0
3141,471150,-0.2086426,150,0.0,10642,1596300,0.890365,0.6817224,0.32356057,263.6844666277448,0.0,0.0
3143,471450,-0.07875836,150,0.0,10644,1596600,0.75654644,0.6777881,0.29273072,114.55913588867939,0.0,0.0
3143,471450,-0.64605474,150,0.0,10647,1597050,1.3388815,0.69282675,0.3291838,448.58642416757993,0.0,0.0
3144,471600,-0.017268777,150,0.0,10650,1597500,0.70351464,0.68624586,0.35600212,185.77708011842097,0.0,0.0
3144,471600,-0.93934846,150,0.0,10653,1597950,1.6231812,0.68383276,0.33955723,430.40927991199516,0.0,0.0
3146,471900,0.35005143,150,0.0,10656,1598400,0.32361975,0.6736712,0.3152943,140.23004441076336,0.0,0.0
3147,472050,0.16764545,150,0.0,10657,1598550,0.50386155,0.671507,0.31704223,131.50412804409154,0.0,0.0
3147,472050,0.11231953,150,0.0,10659,1598850,0.57992405,0.6922436,0.35875148,514.5825443939432,0.0,0.0
3148,472200,0.36188075,150,0.0,10662,1599300,0.3157359,0.67761666,0.31492978,142.44001923514054,0.0,0.0
3148,472200,-0.5515827,150,0.0,10665,1599750,1.2517349,0.70015216,0.38658386,445.6863788250912,0.0,0.0
3148,472200,-0.9265606,150,0.0,10669,1600350,1.6188616,0.692301,0.3176892,514.3511641348841,0.0,0.0
3151,472650,0.08426094,150,0.0,10671,1600650,0.61205643,0.6963174,0.4113748,124.21595227104638,0.0,0.0
3152,472800,-0.49883622,150,0.0,10674,1601100,1.1839123,0.68507606,0.3962774,346.5614626907437,0.0,0.0
3152,472800,0.34556955,150,0.0,10676,1601400,0.3336218,0.67919135,0.31623685,350.299300176,0.0,0.0
3152,472800,-0.09922582,150,0.0,10679,1601850,0.79260206,0.69337624,0.3034909,342.6718954248366,0.0,0.0
3153,472950,0.08291936,150,0.0,10681,1602150,0.6089548,0.69187415,0.36754867,212.72418357669233,0.0,0.0
3155,473250,0.00086438656,150,0.0,10682,1602300,0.67931414,0.6801785,0.309332,128.06253053248656,0.0,0.0
3155,473250,-0.07845336,150,0.0,10684,1602600,0.77517766,0.6967243,0.31454057,369.0888899448607,0.0,0.0
3156,473400,-0.13286775,150,0.0,10686,1602900,0.82569176,0.692824,0.31075308,167.10964822927343,0.0,0.0
3156,473400,-0.34265155,150,0.0,10689,1603350,1.0366151,0.6939636,0.32112128,385.57203441766967,0.0,0.0
3156,473400,-0.88420415,150,0.0,10692,1603800,1.5780069,0.6938027,0.3159965,432.8001744558402,0.0,0.0
3159,473850,0.19404316,150,0.0,10694,1604100,0.5037285,0.69777167,0.34184128,144.7760483076513,0.0,0.0
3159,473850,0.34835833,150,0.0,10696,1604400,0.32341105,0.6717694,0.31253618,290.34804628064387,0.0,0.0
3159,473850,0.30024397,150,0.0,10699,1604850,0.39178783,0.6920318,0.31111994,190.77158191576459,0.0,0.0
3160,474000,-0.090666294,150,0.0,10702,1605300,0.7749889,0.6843226,0.29597864,368.76308908579057,0.0,0.0
3160,474000,0.10362059,150,0.0,10705,1605750,0.57439107,0.67801166,0.35778707,323.1259437305476,0.0,0.0
3163,474450,0.2809534,150,0.0,10706,1605900,0.39142638,0.6723798,0.29388422,123.8390512147886,0.0,0.0
3163,474450,-1.3486341,150,0.0,10708,1606200,2.0270338,0.6783997,0.40163445,514.4521044725715,0.0,0.0
3164,474600,0.31594798,150,0.0,10711,1606650,0.37365702,0.689605,0.31262267,200.35552487049966,0.0,0.0
3164,474600,0.36443448,150,0.0,10713,1606950,0.31645668,0.68089116,0.3160427,346.43417814709966,0.0,0.0
3164,474600,-1.0431672,150,0.0,10716,1607400,1.724315,0.6811478,0.3111137,417.0357805480929,0.0,0.0
3165,474750,0.2996418,150,0.0,10718,1607700,0.38673198,0.6863738,0.30809066,214.95428068308894,0.0,0.0
3167,475050,0.38913596,150,0.0,10719,1607850,0.3257835,0.71491945,0.32078752,119.23971852292956,0.0,0.0
3167,475050,0.18726525,150,0.0,10721,1608150,0.4949368,0.68220204,0.3217553,431.743434935401,0.0,0.0
3168,475200,0.3731094,150,0.0,10724,1608600,0.31034392,0.6834533,0.31034392,219.50551166267473,0.0,0.0
3168,475200,0.11189705,150,0.0,10727,1609050,0.5673104,0.67920744,0.31589213,368.11945608163455,0.0,0.0
3169,475350,0.37223983,150,0.0,10731,1609650,0.31043595,0.6826758,0.30782062,162.2456408186738,0.0,0.0
3171,475650,0.25257495,150,0.0,10732,1609800,0.43158445,0.6841594,0.3200287,116.29325884400568,0.0,0.0
3171,475650,0.24926895,150,0.0,10734,1610100,0.45008117,0.6993501,0.3558537,348.85785197655156,0.0,0.0
3172,475800,0.35366833,150,0.0,10736,1610400,0.33457142,0.68823975,0.28758827,161.01016253400522,0.0,0.0
3172,475800,-0.6807875,150,0.0,10739,1610850,1.3659964,0.68520886,0.3263921,462.8984125302396,0.0,0.0
3173,475950,-0.050833046,150,0.0,10741,1611150,0.7410951,0.6902621,0.29989502,219.05230447839145,0.0,0.0
3175,476250,0.37217733,150,0.0,10742,1611300,0.32222393,0.69440126,0.29419518,113.95434766543646,0.0,0.0
3175,476250,-0.7477713,150,0.0,10743,1611450,1.4387714,0.69100004,0.24230738,147.7944145700495,0.0,0.0
3176,476400,0.3683758,150,0.0,10747,1612050,0.31101117,0.679387,0.2986411,173.87152679420007,0.0,0.0
3176,476400,-0.564216,150,0.0,10750,1612500,1.2496294,0.68541336,0.37531814,524.490803110536,0.0,0.0
3176,476400,0.36270437,150,0.0,10753,1612950,0.3161796,0.67888397,0.31407213,360.4995401686335,0.0,0.0
3179,476850,-0.7781257,150,0.0,10755,1613250,1.4579288,0.6798031,0.3247567,113.19693111194835,0.0,0.0
3179,476850,-0.07770139,150,0.0,10757,1613550,0.7692667,0.69156533,0.29782158,313.90199144428357,0.0,0.0
3180,477000,0.11340517,150,0.0,10760,1614000,0.57629484,0.6897,0.35255617,212.53231584654597,0.0,0.0
3180,477000,0.37293392,150,0.0,10763,1614450,0.313087,0.6860209,0.28993845,326.1790666386705,0.0,0.0
3181,477150,-0.95434743,150,0.0,10765,1614750,1.6273252,0.67297775,0.31118336,204.64125647325008,0.0,0.0
3182,477300,-0.09128749,150,0.0,10766,1614900,0.7762544,0.6849669,0.29806638,124.24641941097524,0.0,0.0
3183,477450,0.23468801,150,0.0,10767,1615050,0.43909398,0.673782,0.3010693,136.79689297218033,0.0,0.0
3183,477450,-0.52419823,150,0.0,10770,1615500,1.2192242,0.695026,0.40240145,533.1010488390577,0.0,0.0
3184,477600,0.31371593,150,0.0,10772,1615800,0.36577457,0.6794905,0.29841685,233.7041522105748,0.0,0.0
3184,477600,0.2102491,150,0.0,10775,1616250,0.47775975,0.68800884,0.29808953,348.1276010152571,0.0,0.0
3185,477750,-0.15835255,150,0.0,10777,1616550,0.83523875,0.6768862,0.31821212,188.41354179207192,0.0,0.0
3187,478050,0.31454313,150,0.0,10779,1616850,0.36933136,0.6838745,0.3139723,156.70240929615557,0.0,0.0
3187,478050,0.36231047,150,0.0,10782,1617300,0.3093291,0.67163956,0.30903667,361.9552798147034,0.0,0.0
3188,478200,-0.08920652,150,0.0,10784,1617600,0.7706296,0.68142307,0.33789894,144.44402608482434,0.0,0.0
3188,478200,0.37234473,150,0.0,10787,1618050,0.32352614,0.6958709,0.32142353,485.04764548061803,0.0,0.0
3190,478500,0.004073024,150,0.0,10789,1618350,0.7313686,0.7354416,0.43722853,149.81504861790097,0.0,0.0
3191,478650,-1.353647,150,0.0,10791,1618650,2.0412388,0.68759173,0.39840454,193.34119835811717,0.0,0.0
3191,478650,0.06361663,150,0.0,10794,1619100,0.61703104,0.6806477,0.3115672,388.46411274089695,0.0,0.0
3192,478800,0.17103755,150,0.0,10796,1619400,0.5036896,0.67472714,0.33825377,293.2874624152157,0.0,0.0
3192,478800,-0.869884,150,0.0,10799,1619850,1.5684046,0.69852054,0.31374767,406.49938360784535,0.0,0.0
3194,479100,-0.13779116,150,0.0,10801,1620150,0.8196577,0.6818665,0.34788924,172.4372072295041,0.0,0.0
3195,479250,-0.61440635,150,0.0,10802,1620300,1.311051,0.69664466,0.3410969,138.18513753157865,0.0,0.0
3195,479250,0.36919168,150,0.0,10804,1620600,0.31353918,0.68273085,0.31277648,410.03379226069245,0.0,0.0
3196,479400,0.12036139,150,0.0,10807,1621050,0.55914503,0.6795064,0.3226065,234.2845418041544,0.0,0.0
3197,479550,-1.0902253,150,0.0,10809,1621350,1.7775015,0.6872761,0.39482906,186.9138309774965,0.0,0.0
3198,479700,0.25437257,150,0.0,10812,1621800,0.42929187,0.68366444,0.32115406,158.6595988278551,0.0,0.0
3199,479850,-1.1869063,150,0.0,10814,1622100,1.8860762,0.6991699,0.3156714,192.38226346356547,0.0,0.0
3200,480000,0.32252717,150,0.0,10818,1622700,0.35682762,0.6793548,0.30530465,261.07695672146633,0.0,0.0
3200,480000,-0.2804113,150,0.0,10820,1623000,0.9793094,0.6988981,0.38751483,478.72203947743867,0.0,0.0
3201,480150,0.1401236,150,0.0,10822,1623300,0.54858273,0.68870634,0.35325176,228.60257320038937,0.0,0.0
3202,480300,-0.77676547,150,0.0,10824,1623600,1.4624931,0.6857276,0.3302499,296.84702516293316,0.0,0.0
3203,480450,0.3688673,150,0.0,10825,1623750,0.3054404,0.6743077,0.30380464,127.85404682276966,0.0,0.0
3203,480450,-0.08049518,150,0.0,10827,1624050,0.75796187,0.6774667,0.31673393,469.71530193315164,0.0,0.0
3204,480600,-0.11074805,150,0.0,10830,1624500,0.81569934,0.7049513,0.34655023,271.44787594812186,0.0,0.0
3204,480600,-0.119133234,150,0.0,10832,1624800,0.89210546,0.7729722,0.3852391,534.4641983363236,0.0,0.0
3205,480750,0.36516026,150,0.0,10834,1625100,0.31293276,0.678093,0.30839646,281.3172976359166,0.0,0.0
3206,480900,-0.29687244,150,0.0,10836,1625400,0.9723695,0.67549706,0.31708235,288.331068617454,0.0,0.0
3207,481050,-0.056385636,150,0.0,10838,1625700,0.7358949,0.6795093,0.29515785,148.74825042557217,0.0,0.0
3207,481050,0.15843171,150,0.0,10841,1626150,0.5191652,0.6775969,0.33208078,444.7264399016032,0.0,0.0
3208,481200,0.25657976,150,0.0,10842,1626300,0.42783427,0.684414,0.32208323,148.3295567953047,0.0,0.0
3208,481200,0.3134839,150,0.0,10844,1626600,0.37227345,0.68575734,0.3141309,455.197382605789,0.0,0.0
3209,481350,-0.15197897,150,0.0,10846,1626900,0.8481182,0.6961392,0.3778901,359.3680242188839,0.0,0.0
3211,481650,0.28729707,150,0.0,10848,1627200,0.4043516,0.69164866,0.31432766,124.22929513722285,0.0,0.0
3211,481650,0.19609526,150,0.0,10850,1627500,0.48906478,0.68516004,0.29999492,406.8716290499903,0.0,0.0
3212,481800,0.27176625,150,0.0,10852,1627800,0.42389393,0.6956602,0.3503596,158.62555660525067,0.0,0.0
3213,481950,-0.040792823,150,0.0,10855,1628250,0.7147278,0.673935,0.29295048,311.6810234642982,0.0,0.0
3213,481950,-0.7865572,150,0.0,10857,1628550,1.4845825,0.69802535,0.3235387,442.37957790301544,0.0,0.0
3215,482250,-0.20253241,150,0.0,10860,1629000,0.8924161,0.6898837,0.34899768,153.6516923906529,0.0,0.0
3215,482250,0.3578302,150,0.0,10862,1629300,0.31372175,0.67155194,0.312445,391.6091785891016,0.0,0.0
3216,482400,0.35785142,150,0.0,10864,1629600,0.3308141,0.6886655,0.3050331,202.68754971380633,0.0,0.0
3217,482550,-0.794232,150,0.0,10866,1629900,1.472561,0.678329,0.32267532,278.7853973301287,0.0,0.0
3217,482550,-0.08846289,150,0.0,10868,1630200,0.76898974,0.68052685,0.30764952,337.8225955846227,0.0,0.0
3219,482850,-0.69036955,150,0.0,10870,1630500,1.3681056,0.6777361,0.33756468,186.11699227630527,0.0,0.0
3219,482850,0.043031752,150,0.0,10872,1630800,0.65482646,0.6978582,0.38891235,500.40691403901155,0.0,0.0
3220,483000,-0.7432716,150,0.0,10876,1631400,1.4353071,0.69203556,0.31199515,174.11977775391526,0.0,0.0
3221,483150,-0.8490145,150,0.0,10878,1631700,1.5401537,0.6911392,0.33739927,291.36850373133984,0.0,0.0
3221,483150,-0.23307502,150,0.0,10880,1632000,0.91928965,0.6862146,0.32589296,422.3851247426162,0.0,0.0
3222,483300,-0.5856211,150,0.0,10883,1632450,1.2599012,0.67428005,0.34367967,231.9420522379256,0.0,0.0
3223,483450,0.20688054,150,0.0,10884,1632600,0.48776904,0.6946496,0.3147765,128.67944695778306,0.0,0.0
3223,483450,0.35147187,150,0.0,10887,1633050,0.35115942,0.7026313,0.28673384,439.7845065312807,0.0,0.0
3224,483600,0.1625408,150,0.0,10889,1633350,0.5353702,0.69791096,0.33385852,208.756312670467,0.0,0.0
3225,483750,-0.28731012,150,0.0,10892,1633800,0.96792966,0.68061954,0.24947979,171.00358045922184,0.0,0.0
3225,483750,-0.8134536,150,0.0,10895,1634250,1.5070978,0.6936442,0.38739577,539.3063331113174,0.0,0.0
3227,484050,0.28893822,150,0.0,10897,1634550,0.39140272,0.68034095,0.35141012,160.17544444764098,0.0,0.0
3228,484200,0.2549698,150,0.0,10899,1634850,0.427887,0.6828568,0.25319237,274.02050540509936,0.0,0.0
3228,484200,0.13986653,150,0.0,10901,1635150,0.52921796,0.6690845,0.3154875,420.20638111712964,0.0,0.0
3229,484350,0.35171333,150,0.0,10904,1635600,0.32176957,0.6734829,0.31843463,169.24868553258628,0.0,0.0
3229,484350,-0.5301292,150,0.0,10907,1636050,1.2191722,0.68904305,0.37451038,506.86126494250186,0.0,0.0
3231,484650,-0.2005623,150,0.0,10909,1636350,0.8907809,0.6902186,0.32177228,168.26888976257914,0.0,0.0
3232,484800,0.11809683,150,0.0,10911,1636650,0.57158047,0.6896773,0.30145428,259.98976811304334,0.0,0.0
3232,484800,-1.1614625,150,0.0,10913,1636950,1.8648593,0.70339686,0.40161064,532.4333427552507,0.0,0.0
3232,484800,0.27284172,150,0.0,10916,1637400,0.40508744,0.67792916,0.34668612,497.15808338943833,0.0,0.0
3233,484950,0.33837965,150,0.0,10918,1637700,0.34388164,0.6822613,0.32468852,192.32751083693546,0.0,0.0
3234,485100,0.10639691,150,0.0,10920,1638000,0.58065677,0.6870537,0.31510156,164.52216717336833,0.0,0.0
3235,485250,-0.18647087,150,0.0,10922,1638300,0.867056,0.68058515,0.36551672,294.0801208581226,0.0,0.0
3236,485400,-0.95644903,150,0.0,10925,1638750,1.6470717,0.6906227,0.31661847,163.12822567158142,0.0,0.0
3236,485400,0.33309886,150,0.0,10927,1639050,0.35185823,0.6849571,0.32064167,307.7718123760209,0.0,0.0
3237,485550,0.34882203,150,0.0,10929,1639350,0.32655832,0.67538035,0.31455663,167.58607242517908,0.0,0.0
3238,485700,-0.6408417,150,0.0,10932,1639800,1.3359722,0.69513047,0.3442621,295.3475915494743,0.0,0.0
3239,485850,-1.1878557,150,0.0,10933,1639950,1.8724647,0.6846089,0.3222928,143.30091169764083,0.0,0.0
3240,486000,0.39367202,150,0.0,10935,1640250,0.31166825,0.70534027,0.29968718,182.86740066043743,0.0,0.0
3240,486000,-0.9980458,150,0.0,10938,1640700,1.6882514,0.6902056,0.38978022,418.61633077541876,0.0,0.0
3241,486150,0.07762289,150,0.0,10941,1641150,0.6268316,0.7044545,0.3437449,211.59095380548564,0.0,0.0
3242,486300,0.085730135,150,0.0,10944,1641600,0.5903835,0.67611367,0.36105806,162.29029671872857,0.0,0.0
3243,486450,0.18057251,150,0.0,10946,1641900,0.51403123,0.69460374,0.29717585,164.86287971594595,0.0,0.0
3244,486600,0.0736084,150,0.0,10947,1642050,0.6258226,0.699431,0.31144983,135.77065464507643,0.0,0.0
3244,486600,-0.15377504,150,0.0,10950,1642500,0.844681,0.690906,0.30418757,356.1821804061349,0.0,0.0
3245,486750,0.24860087,150,0.0,10953,1642950,0.4369605,0.68556136,0.31359518,233.7942113463913,0.0,0.0
3246,486900,0.3683309,150,0.0,10956,1643400,0.31439686,0.68272775,0.31034708,186.53438539284568,0.0,0.0
3248,487200,-0.31613654,150,0.0,10959,1643850,1.0145636,0.698427,0.354402,175.23121546668955,0.0,0.0
3248,487200,-0.52525187,150,0.0,10961,1644150,1.2152604,0.6900085,0.37603194,505.8229338015736,0.0,0.0
3248,487200,0.36714342,150,0.0,10964,1644600,0.3116096,0.678753,0.30959025,341.432250879975,0.0,0.0
3249,487350,0.21205261,150,0.0,10966,1644900,0.46100697,0.6730596,0.30254114,365.24783209686757,0.0,0.0
3250,487500,0.3627315,150,0.0,10969,1645350,0.31602773,0.6787592,0.29608038,240.55922237440095,0.0,0.0
3251,487650,0.05839467,150,0.0,10972,1645800,0.6402551,0.69864976,0.38446662,314.0902004070745,0.0,0.0
3252,487800,0.36558458,150,0.0,10973,1645950,0.31567344,0.681258,0.31311405,118.90290677731464,0.0,0.0
3252,487800,0.23389792,150,0.0,10975,1646250,0.45173883,0.68563676,0.31250346,355.6988826629292,0.0,0.0
3253,487950,-0.04103124,150,0.0,10978,1646700,0.7168085,0.67577726,0.2907884,203.0656134228552,0.0,0.0
3253,487950,-1.0612202,150,0.0,10980,1647000,1.752228,0.6910078,0.35924062,502.37242174505667,0.0,0.0
3254,488100,0.2725861,150,0.0,10981,1647150,0.43254727,0.7051334,0.3028991,150.46265527369135,0.0,0.0
3255,488250,-1.0504203,150,0.0,10983,1647450,1.7259856,0.67556536,0.3245608,175.8729624493294,0.0,0.0
3256,488400,0.3809243,150,0.0,10985,1647750,0.30801514,0.68893945,0.30720016,293.465170853758,0.0,0.0
3256,488400,-0.18417698,150,0.0,10988,1648200,0.88021034,0.69603336,0.35749382,490.5767894696213,0.0,0.0
3257,488550,0.17632556,150,0.0,10991,1648650,0.50261116,0.6789367,0.33823314,276.9867992843155,0.0,0.0
3258,488700,0.36521986,150,0.0,10993,1648950,0.31004456,0.6752644,0.3087573,140.75705294752902,0.0,0.0
3258,488700,0.20521235,150,0.0,10996,1649400,0.47167683,0.6768892,0.34554285,458.62411075578194,0.0,0.0
3260,489000,-0.005185783,150,0.0,10998,1649700,0.69252765,0.68734187,0.3143634,109.4419595214127,0.0,0.0
3260,489000,-0.099307,150,0.0,11001,1650150,0.77696913,0.67766213,0.3086251,442.6858692049893,0.0,0.0
3261,489150,-0.21730083,150,0.0,11003,1650450,0.9020472,0.6847464,0.33892453,209.21844567049635,0.0,0.0
3262,489300,0.35919714,150,0.0,11006,1650900,0.31621838,0.6754155,0.30791143,149.45133883586058,0.0,0.0
3264,489600,-1.4019271,150,0.0,11009,1651350,2.0995722,0.69764507,0.38052312,162.48708345848485,0.0,0.0
3264,489600,-0.5031149,150,0.0,11011,1651650,1.1840309,0.680916,0.3037659,395.9096704201209,0.0,0.0
3264,489600,0.33173025,150,0.0,11014,1652100,0.36070043,0.6924307,0.31629625,429.2487497356194,0.0,0.0
3265,489750,0.38329574,150,0.0,11016,1652400,0.31145337,0.6947491,0.310708,195.1319487650603,0.0,0.0
3266,489900,0.2725246,150,0.0,11018,1652700,0.40522486,0.67774945,0.3305224,197.81442069823336,0.0,0.0
3268,490200,0.12825131,150,0.0,11021,1653150,0.56285053,0.69110185,0.5452442,175.43712494701853,0.0,0.0
3268,490200,-0.9961761,150,0.0,11023,1653450,1.6813713,0.6851952,0.31836924,384.76087966926787,0.0,0.0
3268,490200,-0.3522938,150,0.0,11026,1653900,1.0273712,0.6750774,0.32893154,456.5427610453788,0.0,0.0
3269,490350,-0.06658918,150,0.0,11027,1654050,0.7493157,0.6827265,0.2958449,146.12884187524693,0.0,0.0
3269,490350,-0.099229634,150,0.0,11030,1654500,0.77692616,0.6776965,0.31454358,434.0958957417389,0.0,0.0
3270,490500,0.22103816,150,0.0,11032,1654800,0.45876098,0.67979914,0.3437112,229.92953139584264,0.0,0.0
3272,490800,-0.32304877,150,0.0,11034,1655100,0.9974745,0.6744257,0.32670474,132.8827489253562,0.0,0.0
3272,490800,-0.66149384,150,0.0,11037,1655550,1.3444929,0.6829991,0.3800656,507.7698244685187,0.0,0.0
3273,490950,0.339483,150,0.0,11039,1655850,0.35516474,0.6946477,0.30574447,251.00021782893964,0.0,0.0
3273,490950,0.23499864,150,0.0,11042,1656300,0.45659584,0.6915945,0.38302913,488.2116035552824,0.0,0.0
3274,491100,-0.77406025,150,0.0,11044,1656600,1.4514158,0.6773555,0.32445827,201.81113245658295,0.0,0.0
3276,491400,-0.063771546,150,0.0,11046,1656900,0.7875899,0.72381836,0.4469691,161.21732164944808,0.0,0.0
3276,491400,0.30732042,150,0.0,11048,1657200,0.39939183,0.70671225,0.3124818,480.31844843421123,0.0,0.0
3277,491550,-0.6601397,150,0.0,11050,1657500,1.3445998,0.68446016,0.3856066,196.16778722498043,0.0,0.0
3277,491550,-0.96950907,150,0.0,11053,1657950,1.6632961,0.69378704,0.29883358,505.4255196082212,0.0,0.0
3277,491550,0.33738744,150,0.0,11056,1658400,0.34903908,0.6864265,0.30515844,403.8921311902688,0.0,0.0
3278,491700,0.30360138,150,0.0,11058,1658700,0.38437378,0.68797517,0.3011984,270.5003183769953,0.0,0.0
3280,492000,-0.20803231,150,0.0,11060,1659000,0.90769434,0.699662,0.37543523,137.6946237331032,0.0,0.0
3281,492150,0.27340138,150,0.0,11062,1659300,0.42351162,0.696913,0.29115424,221.17509251873489,0.0,0.0
3281,492150,-0.10462195,150,0.0,11064,1659600,0.7959364,0.69131446,0.38320193,514.8406736387293,0.0,0.0
3281,492150,0.35497668,150,0.0,11068,1660200,0.31950125,0.67447793,0.29632595,338.46868947708197,0.0,0.0
3283,492450,0.3846093,150,0.0,11071,1660650,0.30993995,0.69454926,0.30785888,139.72946285677736,0.0,0.0
3284,492600,-0.0010572076,150,0.0,11073,1660950,0.67712516,0.67606795,0.3191878,227.88549828183673,0.0,0.0
3285,492750,-0.87870556,150,0.0,11075,1661250,1.5639616,0.68525606,0.3238733,167.64716227580715,0.0,0.0
3285,492750,0.36093923,150,0.0,11078,1661700,0.3129867,0.67392594,0.31279254,377.55660388115183,0.0,0.0
3285,492750,0.1563896,150,0.0,11081,1662150,0.52884954,0.68523914,0.33467877,478.83207234551344,0.0,0.0
3287,493050,0.038085997,150,0.0,11083,1662450,0.6414786,0.6795646,0.3261172,141.3174249882581,0.0,0.0
3288,493200,-0.2920735,150,0.0,11085,1662750,0.97615427,0.6840808,0.34260613,244.49644998698133,0.0,0.0
3289,493350,0.25356635,150,0.0,11088,1663200,0.42539772,0.6789641,0.3091457,151.16373947805076,0.0,0.0
3289,493350,-0.045797825,150,0.0,11091,1663650,0.72951806,0.68372023,0.31123495,409.657074618469,0.0,0.0
3290,493500,-1.3253988,150,0.0,11094,1664100,2.0081685,0.68276966,0.33210176,185.5621793230701,0.0,0.0
3291,493650,0.3830702,150,0.0,11096,1664400,0.31254742,0.6956176,0.30521855,313.5159377737646,0.0,0.0
3292,493800,-0.9875521,150,0.0,11098,1664700,1.6719445,0.6843924,0.31990674,204.65949645897396,0.0,0.0
3293,493950,-0.4212796,150,0.0,11100,1665000,1.1095213,0.68824166,0.2134501,158.17729406449476,0.0,0.0
3293,493950,-6.171719,150,0.0,11103,1665450,6.8646903,0.6929713,0.33029473,548.3811247143238,0.0,0.0
3293,493950,-0.3992536,150,0.0,11107,1666050,1.0774523,0.6781987,0.30495048,405.2535501399701,0.0,0.0
3295,494250,0.16251636,150,0.0,11108,1666200,0.5142604,0.67677677,0.35495993,146.4302106151997,0.0,0.0
3295,494250,0.32241654,150,0.0,11110,1666500,0.36967695,0.6920935,0.27866435,464.10516298935534,0.0,0.0
3296,494400,-1.0734339,150,0.0,11112,1666800,1.7556448,0.6822109,0.33781907,207.27174251803572,0.0,0.0
3297,494550,0.36535656,150,0.0,11114,1667100,0.3118729,0.67722946,0.3055985,438.38744202640027,0.0,0.0
3297,494550,0.17258972,150,0.0,11117,1667550,0.5212241,0.6938138,0.3433354,402.717876599697,0.0,0.0
3297,494550,0.3701751,150,0.0,11121,1668150,0.32196411,0.6921392,0.32061017,498.00338152320523,0.0,0.0
3299,494850,-0.354927,150,0.0,11123,1668450,1.0473641,0.6924371,0.36224547,156.6539488450254,0.0,0.0
3300,495000,0.36748418,150,0.0,11124,1668600,0.3093514,0.6768356,0.308812,135.5418307226564,0.0,0.0
3301,495150,0.3599885,150,0.0,11127,1669050,0.3218645,0.681853,0.29594773,203.06522016987688,0.0,0.0
3301,495150,-0.61790067,150,0.0,11130,1669500,1.2930773,0.6751767,0.31634098,506.5091082108748,0.0,0.0
3302,495300,0.13757402,150,0.0,11134,1670100,0.5505206,0.6880946,0.3306318,225.66813155595347,0.0,0.0
3303,495450,0.2718287,150,0.0,11135,1670250,0.40853125,0.68035996,0.3706994,130.41379073036794,0.0,0.0
3304,495600,-1.1392369,150,0.0,11138,1670700,1.8241043,0.6848674,0.33393657,215.08214475815012,0.0,0.0
3305,495750,0.35585973,150,0.0,11140,1671000,0.31782433,0.67368406,0.31685007,186.55761650554962,0.0,0.0
3305,495750,-0.9677675,150,0.0,11144,1671600,1.6516174,0.68384993,0.36320147,481.26344873588573,0.0,0.0
3306,495900,-0.13878894,150,0.0,11147,1672050,0.8341826,0.6953937,0.3435082,177.64540751715123,0.0,0.0
3307,496050,0.078412116,150,0.0,11148,1672200,0.61886424,0.69727635,0.32315373,147.20843681165564,0.0,0.0
3308,496200,-1.1096544,150,0.0,11150,1672500,1.8644149,0.75476044,0.31093308,186.0940909425688,0.0,0.0
3309,496350,0.36291957,150,0.0,11152,1672800,0.31159234,0.6745119,0.31159234,192.8183363659182,0.0,0.0
3309,496350,0.33467788,150,0.0,11154,1673100,0.34074652,0.6754244,0.3072172,344.5275780059372,0.0,0.0
3310,496500,-0.15824658,150,0.0,11157,1673550,0.84545314,0.68720657,0.353403,394.44444792751426,0.0,0.0
3311,496650,-0.024000227,150,0.0,11159,1673850,0.70586455,0.6818643,0.2942335,193.67825327252814,0.0,0.0
3311,496650,-1.0442171,150,0.0,11161,1674150,1.7362133,0.6919963,0.37071496,209.6589415173595,0.0,0.0
3312,496800,-0.8803549,150,0.0,11163,1674450,1.5599444,0.6795895,0.32020354,263.02953276029297,0.0,0.0
3313,496950,0.14120185,150,0.0,11165,1674750,0.5349305,0.6761324,0.3513113,502.1037989048849,0.0,0.0
3313,496950,0.32538757,150,0.0,11168,1675200,0.35009822,0.6754858,0.32417578,325.0205867614467,0.0,0.0
3315,497250,0.3753051,150,0.0,11171,1675650,0.30398628,0.67929137,0.30398628,103.4044571634816,0.0,0.0
3316,497400,0.36261138,150,0.0,11174,1676100,0.33132896,0.69394034,0.30126643,165.9688968709045,0.0,0.0
3317,497550,0.19118014,150,0.0,11177,1676550,0.4872178,0.67839795,0.34696746,181.45869409971746,0.0,0.0
3317,497550,0.26350224,150,0.0,11180,1677000,0.41445792,0.67796016,0.34698224,325.23329700937325,0.0,0.0
3319,497850,0.358834,150,0.0,11183,1677450,0.32862332,0.6874573,0.30640733,184.65363883062932,0.0,0.0
3319,497850,-1.3040814,150,0.0,11185,1677750,2.000243,0.69616145,0.32949713,432.27561396071394,0.0,0.0
3320,498000,0.351803,150,0.0,11187,1678050,0.3483464,0.7001494,0.3092569,178.71723222267389,0.0,0.0
3321,498150,0.29551658,150,0.0,11190,1678500,0.3860096,0.6815262,0.31374797,154.69867786599653,0.0,0.0
3321,498150,-0.34220338,150,0.0,11193,1678950,1.0333997,0.6911963,0.3669828,501.75501838279274,0.0,0.0
3321,498150,0.19225484,150,0.0,11195,1679250,0.4943775,0.68663234,0.297717,186.06607750505574,0.0,0.0
3323,498450,0.3739616,150,0.0,11196,1679400,0.31411758,0.6880792,0.25433394,126.91236782432777,0.0,0.0
3324,498600,0.3591155,150,0.0,11198,1679700,0.32065925,0.67977476,0.29555884,181.43268660387875,0.0,0.0
3324,498600,-0.75622934,150,0.0,11201,1680150,1.4594399,0.70321053,0.3142781,434.5402329812231,0.0,0.0
3325,498750,-0.85202914,150,0.0,11203,1680450,1.5508205,0.6987913,0.36840305,190.6328515589492,0.0,0.0
3325,498750,0.25937757,150,0.0,11206,1680900,0.42299393,0.6823715,0.34394464,345.9126599475808,0.0,0.0
3327,499050,-0.15016806,150,0.0,11208,1681200,0.84822285,0.6980548,0.36812866,172.4072011715496,0.0,0.0
3327,499050,-0.08421922,150,0.0,11210,1681500,0.81673884,0.7325196,0.3995667,541.480921733233,0.0,0.0
3328,499200,0.029414415,150,0.0,11213,1681950,0.6550041,0.6844185,0.18114556,153.46579236614855,0.0,0.0
3329,499350,-0.029838145,150,0.0,11215,1682250,0.7075475,0.67770934,0.2726029,189.87852699227471,0.0,0.0
3329,499350,0.38169906,150,0.0,11218,1682700,0.31103417,0.6927332,0.29058874,475.24508359809465,0.0,0.0
3331,499650,0.3686277,150,0.0,11222,1683300,0.3200381,0.6886658,0.3158375,155.26377875416944,0.0,0.0
3331,499650,0.3668447,150,0.0,11224,1683600,0.3068772,0.6737219,0.3060254,395.8366862609766,0.0,0.0
3332,499800,-0.7164921,150,0.0,11226,1683900,1.4018669,0.6853748,0.3698302,186.51801646492893,0.0,0.0
3333,499950,-0.6633126,150,0.0,11228,1684200,1.3502475,0.6869349,0.38891008,190.83095077336895,0.0,0.0
3333,499950,0.12946981,150,0.0,11231,1684650,0.55419797,0.6836678,0.31804332,449.2446724343283,0.0,0.0
3335,500250,0.12816316,150,0.0,11234,1685100,0.55618435,0.6843475,0.32111558,142.28822506099564,0.0,0.0
3335,500250,0.17039669,150,0.0,11236,1685400,0.5249771,0.6953738,0.31898278,349.16433620573395,0.0,0.0
3336,500400,0.115792096,150,0.0,11239,1685850,0.5709561,0.6867482,0.37985072,226.46484164088182,0.0,0.0
3337,500550,0.10136747,150,0.0,11241,1686150,0.58317673,0.6845442,0.38813436,187.79916289016023,0.0,0.0
3337,500550,0.35985988,150,0.0,11244,1686600,0.3356902,0.6955501,0.3131663,390.4954668940823,0.0,0.0
3339,500850,0.23058984,150,0.0,11247,1687050,0.4446762,0.675266,0.35994783,134.5015082488707,0.0,0.0
3339,500850,-0.36864233,150,0.0,11249,1687350,1.0678649,0.69922256,0.31662983,425.2368676825831,0.0,0.0
3340,501000,-0.81625617,150,0.0,11251,1687650,1.5036676,0.6874114,0.34676832,175.75779755208447,0.0,0.0
3341,501150,0.27799243,150,0.0,11253,1687950,0.40139794,0.6793904,0.3714701,175.89036821912936,0.0,0.0
3341,501150,0.0081474185,150,0.0,11256,1688400,0.67363834,0.68178576,0.32529587,423.31131816493615,0.0,0.0
3342,501300,0.32826367,150,0.0,11258,1688700,0.35429844,0.6825621,0.32916084,199.8106525563334,0.0,0.0
3343,501450,0.2730938,150,0.0,11259,1688850,0.41450235,0.68759614,0.36535418,117.16024594605769,0.0,0.0
3344,501600,-1.5072207,150,0.0,11262,1689300,2.1885765,0.68135566,0.36744246,190.06765325907205,0.0,0.0
3345,501750,-0.14996767,150,0.0,11265,1689750,0.85216236,0.7021947,0.35511264,189.7983323936116,0.0,0.0
3345,501750,-0.09939623,150,0.0,11267,1690050,0.80307406,0.70367783,0.34515992,453.84714156898104,0.0,0.0
3345,501750,0.3581894,150,0.0,11271,1690650,0.31311166,0.67130107,0.31180206,399.67677506899025,0.0,0.0
3347,502050,-0.76814675,150,0.0,11273,1690950,1.4376614,0.66951466,0.32062575,160.98132383533041,0.0,0.0
3348,502200,0.3415321,150,0.0,11276,1691400,0.34426892,0.685801,0.3229259,176.99252667987943,0.0,0.0
3349,502350,-1.2814226,150,0.0,11278,1691700,1.9636843,0.68226165,0.31473556,265.2756900526086,0.0,0.0
3349,502350,0.20572662,150,0.0,11282,1692300,0.4740529,0.6797795,0.36381724,333.8256962952862,0.0,0.0
3351,502650,0.13594705,150,0.0,11285,1692750,0.5366196,0.67256665,0.31865185,186.57249852022048,0.0,0.0
3351,502650,0.36162305,150,0.0,11287,1693050,0.315248,0.67687106,0.31484434,316.3120417616263,0.0,0.0
3352,502800,-1.0525794,150,0.0,11289,1693350,1.7331767,0.68059736,0.30749887,258.41485824974103,0.0,0.0
3353,502950,-0.06577641,150,0.0,11291,1693650,0.75718397,0.69140756,0.31409392,151.49107119853235,0.0,0.0
3353,502950,-0.54430705,150,0.0,11294,1694100,1.2335265,0.6892194,0.3705599,501.61180245055203,0.0,0.0
3354,503100,-1.293715,150,0.0,11297,1694550,1.9977754,0.70406044,0.4148721,281.0093269932529,0.0,0.0
3355,503250,-0.035585165,150,0.0,11300,1695000,0.72034913,0.68476397,0.31363097,226.95958961927232,0.0,0.0
3357,503550,-0.27941036,150,0.0,11302,1695300,0.96293956,0.6835292,0.34255865,155.2825562528353,0.0,0.0
3357,503550,0.25304565,150,0.0,11303,1695450,0.43060675,0.6836524,0.33564863,142.27117167681482,0.0,0.0
3358,503700,0.37598145,150,0.0,11307,1696050,0.3111539,0.68713534,0.31112912,164.10881365570165,0.0,0.0
3358,503700,0.33623642,150,0.0,11310,1696500,0.33518636,0.6714228,0.30796716,357.9504936468535,0.0,0.0
3359,503850,0.06472701,150,0.0,11313,1696950,0.61123925,0.67596626,0.2975777,182.74698392024433,0.0,0.0
3361,504150,0.28630716,150,0.0,11314,1697100,0.4054013,0.69170845,0.3732798,104.71302621513897,0.0,0.0
3361,504150,0.2858009,150,0.0,11316,1697400,0.40152177,0.6873227,0.31680757,436.7471326446034,0.0,0.0
3362,504300,0.38994792,150,0.0,11318,1697700,0.31574193,0.70568985,0.29448923,148.50973457844916,0.0,0.0
3362,504300,0.35973638,150,0.0,11321,1698150,0.31012666,0.66986305,0.30959707,340.2747745457653,0.0,0.0
3363,504450,0.22387907,150,0.0,11323,1698450,0.47396222,0.6978413,0.31502625,183.0111308430381,0.0,0.0
3365,504750,0.25204504,150,0.0,11326,1698900,0.42743826,0.6794833,0.32745802,131.47944933517934,0.0,0.0
3365,504750,-0.22546875,150,0.0,11329,1699350,0.9067663,0.68129754,0.33981538,483.0448275491417,0.0,0.0
3366,504900,-0.33345526,150,0.0,11331,1699650,1.0230424,0.6895872,0.35537174,295.0471684840618,0.0,0.0
3366,504900,0.19830066,150,0.0,11334,1700100,0.5023087,0.7006094,0.30485094,431.2492160140819,0.0,0.0
3369,505350,0.37342763,150,0.0,11337,1700550,0.31886852,0.69229615,0.31755605,123.72047766683748,0.0,0.0
3370,505500,0.208296,150,0.0,11338,1700700,0.48451865,0.69281465,0.41766503,115.4790343928576,0.0,0.0
3370,505500,0.35042915,150,0.0,11341,1701150,0.32841673,0.6788459,0.3196376,393.8737691945549,0.0,0.0
3370,505500,-0.08850485,150,0.0,11344,1701600,0.7769135,0.6884087,0.3657055,483.166875171354,0.0,0.0
3370,505500,0.34662428,150,0.0,11347,1702050,0.32383505,0.67045933,0.3222867,406.0017565676075,0.0,0.0
3371,505650,-0.05451137,150,0.0,11351,1702650,0.7955872,0.7410758,0.33584586,207.70955652222142,0.0,0.0
3373,505950,0.36594737,150,0.0,11352,1702800,0.3130784,0.67902577,0.2899022,134.52221454855683,0.0,0.0
3373,505950,-0.7348526,150,0.0,11354,1703100,1.4162742,0.6814216,0.3581247,477.13114126259575,0.0,0.0
3374,506100,-0.53287554,150,0.0,11356,1703400,1.2215769,0.6887014,0.38739142,190.4820381281614,0.0,0.0
3374,506100,0.35151103,150,0.0,11359,1703850,0.3282312,0.6797422,0.32218972,395.0532444951804,0.0,0.0
3374,506100,-0.04461813,150,0.0,11362,1704300,0.7325806,0.6879625,0.32058063,460.58252768346193,0.0,0.0
3375,506250,0.19839576,150,0.0,11364,1704600,0.49246684,0.6908626,0.32720485,197.28827463196535,0.0,0.0
3377,506550,-0.9376062,150,0.0,11366,1704900,1.6229668,0.68536055,0.34313557,149.86583085182937,0.0,0.0
3378,506700,-0.33871675,150,0.0,11369,1705350,1.0162625,0.6775458,0.31464764,163.9730573037913,0.0,0.0
3378,506700,0.34888574,150,0.0,11372,1705800,0.32123098,0.6701167,0.31820062,402.5879969515336,0.0,0.0
3378,506700,0.2569418,150,0.0,11376,1706400,0.42916948,0.6861113,0.37182963,218.70279120455103,0.0,0.0
3380,507000,-0.5065598,150,0.0,11377,1706550,1.1927052,0.68614537,0.30924222,131.83306127666174,0.0,0.0
3381,507150,-0.74484617,150,0.0,11378,1706700,1.4230473,0.67820114,0.32191688,127.03060082875857,0.0,0.0
3382,507300,0.26079327,150,0.0,11380,1707000,0.4224519,0.6832452,0.36795494,174.8472733194785,0.0,0.0
3382,507300,0.40903342,150,0.0,11384,1707600,0.27622604,0.68525946,0.23836806,380.0257802014335,0.0,0.0
3382,507300,0.22128469,150,0.0,11387,1708050,0.46165305,0.68293774,0.34607163,498.2968369829684,0.0,0.0
3383,507450,0.089987874,150,0.0,11389,1708350,0.5897136,0.67970145,0.34715447,496.716900572237,0.0,0.0
3385,507750,-0.28078598,150,0.0,11391,1708650,0.9680798,0.6872938,0.34756163,165.8383084295162,0.0,0.0
3385,507750,0.36353135,150,0.0,11393,1708950,0.31810862,0.68163997,0.31449565,390.16103906412786,0.0,0.0
3386,507900,-1.0550053,150,0.0,11395,1709250,1.7480986,0.69309336,0.3307678,390.8899604292209,0.0,0.0
3386,507900,-0.034118414,150,0.0,11399,1709850,0.7079818,0.6738634,0.31674182,472.76916244541684,0.0,0.0
3386,507900,-0.06784642,150,0.0,11402,1710300,0.7534643,0.68561786,0.37263367,238.5160983854036,0.0,0.0
3388,508200,0.33019537,150,0.0,11403,1710450,0.34362954,0.6738249,0.31430233,130.5929957742497,0.0,0.0
3389,508350,-0.8864894,150,0.0,11405,1710750,1.5675668,0.68107736,0.33856302,277.3099665233422,0.0,0.0
3390,508500,-1.3536136,150,0.0,11407,1711050,2.034971,0.68135744,0.3936513,293.8415444361673,0.0,0.0
3390,508500,-0.87661093,150,0.0,11410,1711500,1.5821375,0.70552653,0.32164213,417.4472472772681,0.0,0.0
3390,508500,0.36689547,150,0.0,11414,1712100,0.31328204,0.6801775,0.31227872,446.2750333210146,0.0,0.0
3391,508650,0.36845836,150,0.0,11416,1712400,0.3196484,0.6881068,0.3196425,355.13087693075363,0.0,0.0
3393,508950,-0.34633982,150,0.0,11418,1712700,1.0324767,0.68613684,0.3340145,166.23890532837532,0.0,0.0
3394,509100,0.2556336,150,0.0,11420,1713000,0.44688284,0.70251644,0.37760842,242.6678803681218,0.0,0.0
3394,509100,-1.1365418,150,0.0,11423,1713450,1.814404,0.6778621,0.34617084,530.0237402423223,0.0,0.0
3394,509100,0.37609366,150,0.0,11427,1714050,0.31582406,0.6919177,0.28650087,429.9401434943379,0.0,0.0
3395,509250,0.1371553,150,0.0,11429,1714350,0.5494466,0.6866019,0.32202092,207.00386339722317,0.0,0.0
3397,509550,0.34606442,150,0.0,11431,1714650,0.34216788,0.6882323,0.33022156,147.21288022850388,0.0,0.0
3398,509700,-0.7718292,150,0.0,11432,1714800,1.4626336,0.6908044,0.3531521,150.4154594176659,0.0,0.0
3398,509700,-1.5208224,150,0.0,11435,1715250,2.2031498,0.6823274,0.3768659,487.657599419597,0.0,0.0
3398,509700,0.36281347,150,0.0,11438,1715700,0.3217798,0.68459326,0.30924034,448.18888820025774,0.0,0.0
3398,509700,0.23102805,150,0.0,11441,1716150,0.476391,0.70741904,0.32635495,451.4943228219543,0.0,0.0
3399,509850,0.28458613,150,0.0,11443,1716450,0.39682686,0.681413,0.30853745,355.962721392652,0.0,0.0
3402,510300,0.38007364,150,0.0,11445,1716750,0.3167337,0.6968073,0.3167337,113.31101736949465,0.0,0.0
3402,510300,-0.21584308,150,0.0,11447,1717050,0.9019941,0.686151,0.33128166,500.33050753105465,0.0,0.0
3402,510300,-0.44912535,150,0.0,11451,1717650,1.1427749,0.6936496,0.32064697,424.2518812126885,0.0,0.0
3403,510450,0.3473837,150,0.0,11454,1718100,0.32942572,0.67680943,0.3287941,346.67432222671,0.0,0.0
3403,510450,0.24894682,150,0.0,11455,1718250,0.42988768,0.6788345,0.35728776,147.70614266050404,0.0,0.0
3406,510900,0.3109799,150,0.0,11458,1718700,0.36503327,0.6760132,0.32581306,111.92365762275442,0.0,0.0
3406,510900,-1.7697382,150,0.0,11460,1719000,2.4471948,0.67745656,0.36346838,376.8950317680733,0.0,0.0
3406,510900,0.33612096,150,0.0,11463,1719450,0.33454192,0.6706629,0.31438953,426.8423755709985,0.0,0.0
3407,511050,0.36733246,150,0.0,11466,1719900,0.3095883,0.6769208,0.3095883,231.54605688090209,0.0,0.0
3407,511050,0.37126112,150,0.0,11468,1720200,0.30856538,0.6798265,0.30801487,372.7682628990038,0.0,0.0
3408,511200,-0.18410832,150,0.0,11470,1720500,0.86974066,0.68563235,0.35328335,479.9692402525473,0.0,0.0
3410,511500,0.46393174,150,0.0,11471,1720650,0.21886571,0.68279743,0.16858967,114.53077370479562,0.0,0.0
3410,511500,-0.07494849,150,0.0,11474,1721100,0.75440574,0.67945725,0.3416331,545.1754902844308,0.0,0.0
3410,511500,0.3730549,150,0.0,11478,1721700,0.32241753,0.6954724,0.31972703,407.4924997279694,0.0,0.0
3411,511650,0.3688425,150,0.0,11481,1722150,0.332616,0.7014585,0.32996985,155.71534891594976,0.0,0.0
3413,511950,-0.43078113,150,0.0,11483,1722450,1.109062,0.67828083,0.3545046,158.02318309116254,0.0,0.0
3414,512100,0.39504325,150,0.0,11485,1722750,0.29635656,0.6913998,0.2902943,157.49981224559278,0.0,0.0
3414,512100,0.26380563,150,0.0,11488,1723200,0.40539426,0.6691999,0.31816578,343.6596361109791,0.0,0.0
3415,512250,-0.17074192,150,0.0,11492,1723800,0.8602949,0.68955296,0.3116255,206.72757311336565,0.0,0.0
3416,512400,0.1359554,150,0.0,11494,1724100,0.53664625,0.67260164,0.3070503,193.87467008102948,0.0,0.0
3417,512550,-0.9399817,150,0.0,11495,1724250,1.632171,0.69218934,0.37275866,137.29602946227763,0.0,0.0
3418,512700,0.36145163,150,0.0,11497,1724550,0.31048828,0.6719399,0.30781832,268.5192053500206,0.0,0.0
3418,512700,0.25135612,150,0.0,11500,1725000,0.43867302,0.69002914,0.39971542,445.38254391205976,0.0,0.0
3418,512700,0.029178202,150,0.0,11503,1725450,0.65729105,0.68646926,0.37106025,449.86850290666496,0.0,0.0
3419,512850,-0.9056182,150,0.0,11506,1725900,1.5904555,0.68483734,0.33152077,152.55642614643628,0.0,0.0
3421,513150,0.11295897,150,0.0,11509,1726350,0.5787948,0.69175375,0.32484338,179.7869631750631,0.0,0.0
3422,513300,-0.37803495,150,0.0,11511,1726650,1.070135,0.69210005,0.33577788,167.96480443303105,0.0,0.0
3422,513300,0.041315734,150,0.0,11514,1727100,0.6562961,0.6976118,0.2607626,441.11193376859393,0.0,0.0
3422,513300,-0.41493547,150,0.0,11517,1727550,1.1008966,0.6859611,0.30603254,372.59650918187504,0.0,0.0
3423,513450,0.082886994,150,0.0,11519,1727850,0.6165067,0.6993937,0.34183973,270.772970458146,0.0,0.0
3425,513750,-0.7496281,150,0.0,11521,1728150,1.4466074,0.6969792,0.35197893,163.37192242434566,0.0,0.0
3426,513900,0.36624727,150,0.0,11522,1728300,0.31070063,0.6769479,0.30862346,117.42214091464676,0.0,0.0
3426,513900,0.3551761,150,0.0,11525,1728750,0.31305242,0.6682285,0.31305242,419.3342326826381,0.0,0.0
3426,513900,0.33874318,150,0.0,11529,1729350,0.35084167,0.68958485,0.32922986,438.86571445312825,0.0,0.0
3427,514050,-0.89192617,150,0.0,11531,1729650,1.5763123,0.68438613,0.34025228,464.9354968153007,0.0,0.0
3429,514350,-0.27216864,150,0.0,11535,1730250,0.96297574,0.6908071,0.35678104,163.82084490641589,0.0,0.0
3430,514500,0.16212326,150,0.0,11537,1730550,0.5389173,0.70104057,0.3590853,183.56249994529412,0.0,0.0
3430,514500,-0.051890016,150,0.0,11540,1731000,0.74804467,0.69615465,0.38443664,502.2276504538161,0.0,0.0
3431,514650,0.35876924,150,0.0,11543,1731450,0.33183903,0.69060826,0.28894305,387.5767581686462,0.0,0.0
3431,514650,-0.7920106,150,0.0,11545,1731750,1.4785236,0.686513,0.36488575,472.6200000450726,0.0,0.0
3432,514800,-0.012765408,150,0.0,11547,1732050,0.70265514,0.6898897,0.31474054,316.8640439014514,0.0,0.0
3433,514950,0.39944988,150,0.0,11549,1732350,0.29765677,0.69710666,0.29765677,171.9105277524799,0.0,0.0
3434,515100,-0.69373846,150,0.0,11551,1732650,1.371485,0.67774653,0.34843478,384.7620561965074,0.0,0.0
3434,515100,-0.8224738,150,0.0,11555,1733250,1.5358242,0.71335036,0.38995937,505.36096833348995,0.0,0.0
3434,515100,-0.08087438,150,0.0,11558,1733700,0.7794398,0.6985654,0.31673518,383.61179909491005,0.0,0.0
3435,515250,0.1650967,150,0.0,11560,1734000,0.51707244,0.68216914,0.31646222,291.9326900545449,0.0,0.0
3437,515550,0.3662782,150,0.0,11562,1734300,0.32839718,0.6946754,0.30649114,185.42687531056973,0.0,0.0
3438,515700,-0.99837637,150,0.0,11564,1734600,1.6813976,0.6830212,0.32267633,234.19881222793254,0.0,0.0
3438,515700,0.15619928,150,0.0,11568,1735200,0.526011,0.68221027,0.34923777,476.8465379403178,0.0,0.0
3439,515850,-1.1859057,150,0.0,11571,1735650,1.8730315,0.6871258,0.31952465,190.91891465411163,0.0,0.0
3440,516000,0.22698602,150,0.0,11573,1735950,0.46013716,0.6871232,0.3240538,192.30452520180424,0.0,0.0
3442,516300,0.3189353,150,0.0,11576,1736400,0.35569486,0.67463017,0.3209493,167.14001418103211,0.0,0.0
3442,516300,-0.9786357,150,0.0,11578,1736700,1.6686672,0.69003147,0.35114133,453.5471215794493,0.0,0.0
3442,516300,-0.34176123,150,0.0,11581,1737150,1.0208502,0.67908895,0.32019812,463.50783176423005,0.0,0.0
3443,516450,-0.22262084,150,0.0,11583,1737450,0.900885,0.67826414,0.3211696,180.2710488659306,0.0,0.0
3443,516450,-0.35109544,150,0.0,11586,1737900,1.0300612,0.6789658,0.36248606,526.2064610559331,0.0,0.0
3445,516750,0.10456437,150,0.0,11587,1738050,0.5785129,0.6830773,0.3212958,123.39962812154306,0.0,0.0
3446,516900,0.24517712,150,0.0,11589,1738350,0.45476434,0.69994146,0.3731833,182.74724933184885,0.0,0.0
3446,516900,0.20945466,150,0.0,11593,1738950,0.48011976,0.6895744,0.38197815,483.76427600938393,0.0,0.0
3447,517050,-0.2679118,150,0.0,11596,1739400,0.95549417,0.6875824,0.34064046,201.29599500875867,0.0,0.0
3448,517200,-0.23081595,150,0.0,11600,1740000,0.93062216,0.6998062,0.37389585,212.49972557063575,0.0,0.0
3449,517350,-0.7856393,150,0.0,11601,1740150,1.4822092,0.6965699,0.33717212,137.37976320685894,0.0,0.0
3450,517500,0.2217687,150,0.0,11603,1740450,0.4778885,0.6996572,0.31568468,180.8647416072596,0.0,0.0
3450,517500,0.32042232,150,0.0,11606,1740900,0.35350528,0.6739276,0.32531682,460.3435900100023,0.0,0.0
3451,517650,0.36751664,150,0.0,11608,1741200,0.31450456,0.6820212,0.31450456,203.3012488985012,0.0,0.0
3451,517650,0.12089127,150,0.0,11611,1741650,0.55874777,0.67963904,0.32051885,449.5377406417399,0.0,0.0
3453,517950,-0.41216487,150,0.0,11614,1742100,1.0846082,0.67244333,0.32181185,143.577904708699,0.0,0.0
3454,518100,-0.939962,150,0.0,11616,1742400,1.6211528,0.6811907,0.31613395,180.1767786692571,0.0,0.0
3454,518100,0.3558572,150,0.0,11620,1743000,0.33799773,0.6938549,0.33555532,393.2228814004245,0.0,0.0
3455,518250,-1.1167586,150,0.0,11622,1743300,1.8082883,0.69152975,0.36711657,200.9536862634746,0.0,0.0
3456,518400,-0.8097366,150,0.0,11625,1743750,1.4963797,0.6866431,0.353017,190.02471259750482,0.0,0.0
3458,518700,0.057778895,150,0.0,11627,1744050,0.6241603,0.6819392,0.31366017,126.43865547029118,0.0,0.0
3458,518700,0.21854836,150,0.0,11630,1744500,0.47294724,0.6914956,0.37850273,440.86187119021275,0.0,0.0
3459,518850,0.3137855,150,0.0,11634,1745100,0.3641678,0.6779533,0.301529,221.89673926077873,0.0,0.0
3459,518850,-0.11325055,150,0.0,11637,1745550,0.8019756,0.68872505,0.35891074,476.11651484662985,0.0,0.0
3461,519150,0.3333702,150,0.0,11639,1745850,0.33962196,0.67299217,0.3214058,152.52975945150482,0.0,0.0
3462,519300,-1.9079633,150,0.0,11641,1746150,2.5937219,0.6857586,0.17721887,161.7481416123046,0.0,0.0
3462,519300,-0.7932029,150,0.0,11644,1746600,1.4781438,0.68494093,0.34457684,523.6901204458244,0.0,0.0
3463,519450,0.3607664,150,0.0,11646,1746900,0.31873047,0.6794969,0.317091,234.55058913003361,0.0,0.0
3463,519450,-0.2563622,150,0.0,11648,1747200,0.94165796,0.68529576,0.35099587,428.05310168024687,0.0,0.0
3465,519750,0.45883018,150,0.0,11650,1747500,0.22290982,0.68174,0.19351879,117.15180309644911,0.0,0.0
3466,519900,-0.08115113,150,0.0,11652,1747800,0.7862024,0.70505124,0.3818586,184.2361401709632,0.0,0.0
3466,519900,0.3287934,150,0.0,11656,1748400,0.35629082,0.6850842,0.34044644,503.26454309915215,0.0,0.0
3467,520050,-0.21393847,150,0.0,11659,1748850,0.9014916,0.6875531,0.2783474,239.15347857372834,0.0,0.0
3467,520050,-0.7221363,150,0.0,11661,1749150,1.403204,0.68106765,0.39207366,525.3812307777099,0.0,0.0
3469,520350,-0.15113121,150,0.0,11663,1749450,0.8242401,0.6731089,0.33857393,151.31534516446504,0.0,0.0
3470,520500,-0.16033411,150,0.0,11665,1749750,0.85047466,0.69014055,0.33803162,206.70040568297853,0.0,0.0
3470,520500,-1.1758811,150,0.0,11667,1750050,1.8646808,0.68879956,0.36327833,465.7557043720564,0.0,0.0
3470,520500,0.27233842,150,0.0,11670,1750500,0.42019603,0.69253445,0.3186812,342.79997864125704,0.0,0.0
3471,520650,0.3585245,150,0.0,11672,1750800,0.3178162,0.6763407,0.3169871,411.1936430710952,0.0,0.0
3473,520950,0.19483119,150,0.0,11674,1751100,0.5069747,0.7018059,0.31600866,112.9440555448442,0.0,0.0
3474,521100,-1.0369725,150,0.0,11676,1751400,1.718095,0.68112236,0.60932606,188.74183033006275,0.0,0.0
3474,521100,0.19535035,150,0.0,11679,1751850,0.47575325,0.6711036,0.3038488,458.1865691370243,0.0,0.0
3475,521250,0.35287118,150,0.0,11682,1752300,0.31994432,0.6728155,0.319579,222.13718545645335,0.0,0.0
3475,521250,0.26306403,150,0.0,11685,1752750,0.40999603,0.67306006,0.30741218,337.96831890809386,0.0,0.0
3477,521550,-0.47995275,150,0.0,11687,1753050,1.1708654,0.69091266,0.34585539,138.69591201880183,0.0,0.0
3478,521700,0.35923135,150,0.0,11689,1753350,0.32916772,0.6883991,0.32001454,277.42564486535184,0.0,0.0
3478,521700,-0.56460124,150,0.0,11691,1753650,1.2412446,0.6766433,0.32246542,445.64849516877246,0.0,0.0
3479,521850,-0.51876557,150,0.0,11694,1754100,1.2124287,0.6936631,0.3939584,179.85305775205975,0.0,0.0
3479,521850,0.20629409,150,0.0,11697,1754550,0.47781506,0.68410915,0.35795134,463.7510918479042,0.0,0.0
3481,522150,0.35634282,150,0.0,11699,1754850,0.32756636,0.6839092,0.32516876,158.5146108333898,0.0,0.0
3482,522300,-0.1552996,150,0.0,11701,1755150,0.853414,0.6981144,0.35805672,189.70750796496682,0.0,0.0
3482,522300,-0.09178984,150,0.0,11704,1755600,0.7710894,0.67929953,0.30693957,392.2275864820652,0.0,0.0
3483,522450,0.14511704,150,0.0,11707,1756050,0.52988195,0.674999,0.32253474,163.11621427732518,0.0,0.0
3484,522600,0.2748264,150,0.0,11710,1756500,0.41318834,0.68801475,0.38408032,240.546437849959,0.0,0.0
3485,522750,0.07243532,150,0.0,11711,1756650,0.6130955,0.68553084,0.30524194,109.33592666560543,0.0,0.0
3486,522900,0.1442942,150,0.0,11714,1757100,0.54196477,0.686259,0.31893706,144.77954648695146,0.0,0.0
3486,522900,0.30599666,150,0.0,11717,1757550,0.3793478,0.68534446,0.3124501,450.7232111002695,0.0,0.0
3487,523050,0.19339126,150,0.0,11719,1757850,0.51293373,0.706325,0.31238002,197.80154689657058,0.0,0.0
3488,523200,0.335881,150,0.0,11722,1758300,0.3388844,0.6747654,0.31431928,209.15480456031472,0.0,0.0
3489,523350,-0.8143944,150,0.0,11723,1758450,1.5138236,0.6994292,0.34138498,146.3192934204348,0.0,0.0
3490,523500,-1.348438,150,0.0,11726,1758900,2.027102,0.678664,0.31698358,169.41485157819594,0.0,0.0
3490,523500,-0.72308826,150,0.0,11729,1759350,1.4047557,0.68166745,0.31424454,379.323513398959,0.0,0.0
3491,523650,-1.3160096,150,0.0,11731,1759650,1.999415,0.6834054,0.3294713,331.92378387846276,0.0,0.0
3492,523800,0.359204,150,0.0,11734,1760100,0.3196262,0.6788302,0.31702727,346.4065199652462,0.0,0.0
3493,523950,0.0114809275,150,0.0,11735,1760250,0.6693516,0.6808325,0.2858866,144.8555486636542,0.0,0.0
3493,523950,-0.7416497,150,0.0,11737,1760550,1.4169881,0.67533845,0.36366013,417.4486321934337,0.0,0.0
3494,524100,-0.13786697,150,0.0,11740,1761000,0.8164415,0.6785745,0.34414196,189.7081371987045,0.0,0.0
3495,524250,-0.24058914,150,0.0,11743,1761450,0.94041866,0.6998295,0.3416354,197.6589278118094,0.0,0.0
3495,524250,-0.22824001,150,0.0,11746,1761900,0.92679834,0.69855833,0.3552058,479.63077739380617,0.0,0.0
3496,524400,0.3569841,150,0.0,11749,1762350,0.32224283,0.67922693,0.32224283,181.04565496022235,0.0,0.0
3497,524550,0.38591713,150,0.0,11751,1762650,0.30589414,0.69181126,0.21671034,333.49055178588185,0.0,0.0
3498,524700,0.3677749,150,0.0,11753,1762950,0.31477934,0.68255424,0.31444326,311.7928549056611,0.0,0.0
3499,524850,0.336311,150,0.0,11756,1763400,0.36036333,0.69667435,0.30674762,188.46179768919626,0.0,0.0
3499,524850,-1.2494271,150,0.0,11758,1763700,1.9333026,0.68387556,0.31222212,451.31068598412816,0.0,0.0
3501,525150,0.27416402,150,0.0,11760,1764000,0.4111747,0.68533874,0.34811053,136.34488269143625,0.0,0.0
3501,525150,0.35459036,150,0.0,11761,1764150,0.34192675,0.6965171,0.32803357,149.46646406650456,0.0,0.0
3502,525300,0.29553902,150,0.0,11764,1764600,0.41216248,0.7077015,0.30377173,327.3720656507473,0.0,0.0
3502,525300,0.36285925,150,0.0,11765,1764750,0.3255812,0.68844044,0.3244799,138.3484968363129,0.0,0.0
3503,525450,0.36725584,150,0.0,11767,1765050,0.32585815,0.693114,0.30724463,231.16788825380402,0.0,0.0
3504,525600,-1.0089389,150,0.0,11770,1765500,1.6962674,0.68732846,0.4145055,451.11587696636343,0.0,0.0
3505,525750,0.27745897,150,0.0,11772,1765800,0.40954,0.68699896,0.31979898,157.3973257653331,0.0,0.0
3505,525750,-0.14603406,150,0.0,11775,1766250,0.84587777,0.6998437,0.3589443,427.69140199330127,0.0,0.0
3506,525900,0.3519346,150,0.0,11777,1766550,0.3343497,0.6862843,0.3343497,388.8124559288211,0.0,0.0
3507,526050,0.36053798,150,0.0,11780,1767000,0.32643095,0.6869689,0.32271686,195.35249394050612,0.0,0.0
3507,526050,-0.06772578,150,0.0,11783,1767450,0.75197154,0.68424577,0.3352116,477.19809225616194,0.0,0.0
3509,526350,0.34964755,150,0.0,11785,1767750,0.34238955,0.6920371,0.34070155,131.07825352501192,0.0,0.0
3510,526500,-1.3375249,150,0.0,11788,1768200,2.0194726,0.68194777,0.3165669,175.30269636184804,0.0,0.0
3510,526500,0.43466032,150,0.0,11791,1768650,0.25185353,0.68651384,0.17722312,311.5982827924631,0.0,0.0
3511,526650,0.055851996,150,0.0,11793,1768950,0.636145,0.691997,0.3593018,257.4289738203357,0.0,0.0
3513,526950,0.36549127,150,0.0,11796,1769400,0.31944716,0.68493843,0.31852168,194.30073943815302,0.0,0.0
3513,526950,0.3418585,150,0.0,11797,1769550,0.34421277,0.6860713,0.34066427,136.5572189927318,0.0,0.0
3514,527100,0.22708377,150,0.0,11801,1770150,0.44683704,0.6739208,0.33043304,274.2362174795809,0.0,0.0
3514,527100,0.28188518,150,0.0,11803,1770450,0.40259436,0.68447953,0.3417743,461.37356303295013,0.0,0.0
3515,527250,0.21905875,150,0.0,11805,1770750,0.45720208,0.6762608,0.3196287,354.9051031891759,0.0,0.0
3515,527250,-0.36165237,150,0.0,11809,1771350,1.0429674,0.68131506,0.3174263,432.41228151566327,0.0,0.0
3517,527550,0.20974195,150,0.0,11810,1771500,0.45841926,0.6681612,0.31626573,112.23549370850678,0.0,0.0
3518,527700,-1.5235513,150,0.0,11813,1771950,2.203064,0.6795126,0.30701554,322.10143796016183,0.0,0.0
3518,527700,0.14845198,150,0.0,11815,1772250,0.54859746,0.69704944,0.35824117,511.7684381090587,0.0,0.0
3519,527850,-1.6183193,150,0.0,11818,1772700,2.2937248,0.67540544,0.3160991,308.79069425016564,0.0,0.0
3519,527850,0.41978365,150,0.0,11819,1772850,0.266621,0.68640465,0.16645256,149.24624367243928,0.0,0.0
3520,528000,0.3807517,150,0.0,11822,1773300,0.3180293,0.698781,0.3166619,281.8074683644661,0.0,0.0
3521,528150,-0.21277714,150,0.0,11823,1773450,0.8846983,0.67192113,0.32760704,149.39349355500826,0.0,0.0
3521,528150,0.20539719,150,0.0,11826,1773900,0.4793237,0.6847209,0.30606735,346.0397518110631,0.0,0.0
3522,528300,-0.6115888,150,0.0,11829,1774350,1.3135881,0.70199937,0.3720894,273.4780707435752,0.0,0.0
3523,528450,-0.736839,150,0.0,11831,1774650,1.4466076,0.7097686,0.38872242,172.1555619646695,0.0,0.0
3523,528450,0.34136721,150,0.0,11834,1775100,0.3337842,0.6751514,0.32617295,389.49751590286485,0.0,0.0
3526,528900,-1.1742802,150,0.0,11835,1775250,1.8645368,0.6902566,0.23011489,130.1150579632875,0.0,0.0
3526,528900,0.3419052,150,0.0,11837,1775550,0.33403352,0.6759387,0.31758496,459.03200952581074,0.0,0.0
3526,528900,0.354284,150,0.0,11840,1776000,0.33144033,0.6857243,0.32918492,364.35097700487097,0.0,0.0
3527,529050,0.35927218,150,0.0,11842,1776300,0.3283136,0.6875858,0.3272096,431.61015071302097,0.0,0.0
3527,529050,0.17537937,150,0.0,11845,1776750,0.4951479,0.6705273,0.32297683,361.70327992976877,0.0,0.0
3528,529200,0.34704316,150,0.0,11849,1777350,0.34009564,0.6871388,0.31669277,173.63706439671498,0.0,0.0
3529,529350,0.0021362305,150,0.0,11851,1777650,0.68499565,0.6871319,0.32384944,375.37086889283466,0.0,0.0
3529,529350,-0.10370189,150,0.0,11855,1778250,0.77814686,0.674445,0.29606792,515.7468031508198,0.0,0.0
3530,529500,0.36376354,150,0.0,11857,1778550,0.31143478,0.6751983,0.31115124,293.7088949391057,0.0,0.0
3531,529650,0.36067516,150,0.0,11861,1779150,0.3095668,0.67024195,0.30854303,215.86956946903916,0.0,0.0
3533,529950,0.36326542,150,0.0,11863,1779450,0.3190243,0.6822897,0.2973816,167.05835306900676,0.0,0.0
3533,529950,-0.929662,150,0.0,11865,1779750,1.6298194,0.7001574,0.3863882,526.4129536227906,0.0,0.0
3533,529950,0.0076598525,150,0.0,11868,1780200,0.68836147,0.6960213,0.3104076,444.744045060737,0.0,0.0
3534,530100,0.36821598,150,0.0,11870,1780500,0.32461077,0.69282675,0.32065332,181.5563017488858,0.0,0.0
3534,530100,0.330456,150,0.0,11874,1781100,0.34952614,0.6799821,0.33569646,486.57367449026,0.0,0.0
3537,530550,-0.15992743,150,0.0,11877,1781550,0.8424688,0.6825414,0.3155181,104.25980900841542,0.0,0.0
3537,530550,0.3627433,150,0.0,11880,1782000,0.31298473,0.675728,0.312973,423.121429267981,0.0,0.0
3537,530550,-0.06527388,150,0.0,11884,1782600,0.741543,0.6762691,0.33769402,474.24774878676453,0.0,0.0
3538,530700,0.32852235,150,0.0,11886,1782900,0.34197995,0.6705023,0.32949567,232.40385915374335,0.0,0.0
3539,530850,-0.27046484,150,0.0,11890,1783500,0.9570139,0.68654907,0.33461174,322.52216506340017,0.0,0.0
3541,531150,-0.90211654,150,0.0,11892,1783800,1.5990858,0.6969693,0.38352084,128.00080729675827,0.0,0.0
3541,531150,0.36927348,150,0.0,11895,1784250,0.3165025,0.685776,0.31458667,372.6660304970475,0.0,0.0
3542,531300,0.33655357,150,0.0,11898,1784700,0.3525864,0.68913996,0.3283111,278.3554196398233,0.0,0.0
3542,531300,0.36323598,150,0.0,11900,1785000,0.31864706,0.68188304,0.31312323,326.8039271806257,0.0,0.0
3543,531450,-0.668897,150,0.0,11903,1785450,1.3684278,0.6995308,0.29464066,317.6619031774491,0.0,0.0
3544,531600,0.36541292,150,0.0,11904,1785600,0.31109604,0.67650896,0.30897632,135.50005718114406,0.0,0.0
3545,531750,0.38941774,150,0.0,11905,1785750,0.31848767,0.7079054,0.3107592,135.94224418306166,0.0,0.0
3545,531750,-0.8234287,150,0.0,11908,1786200,1.5181196,0.6946909,0.40030816,510.94384978966,0.0,0.0
3546,531900,0.32975674,150,0.0,11911,1786650,0.36349952,0.69325626,0.34527802,234.58644598023443,0.0,0.0
3546,531900,-0.23107684,150,0.0,11914,1787100,0.92148393,0.6904071,0.3514488,470.82749924228534,0.0,0.0
3547,532050,-0.20533544,150,0.0,11916,1787400,0.8796286,0.67429316,0.3194644,195.92019765610354,0.0,0.0
3549,532350,-1.4623625,150,0.0,11918,1787700,2.1715755,0.7092131,0.4342887,251.06422205062822,0.0,0.0
3549,532350,-0.9414918,150,0.0,11919,1787850,1.6250236,0.6835318,0.3574263,150.34278107056087,0.0,0.0
3549,532350,-0.9637533,150,0.0,11922,1788300,1.6377475,0.67399424,0.3304175,466.9181553505417,0.0,0.0
3550,532500,-0.041835606,150,0.0,11924,1788600,0.7227293,0.6808937,0.6808937,151.12027711302645,0.0,0.0
3550,532500,0.23205698,150,0.0,11927,1789050,0.4456966,0.67775357,0.34940124,472.635622168317,0.0,0.0
3551,532650,-0.24098432,150,0.0,11930,1789500,0.92757195,0.68658763,0.33229408,217.3662004336644,0.0,0.0
3553,532950,0.34021547,150,0.0,11932,1789800,0.3364642,0.6766797,0.31551412,160.62962453280744,0.0,0.0
3553,532950,0.36033392,150,0.0,11935,1790250,0.3310157,0.6913496,0.32935566,462.71661378649947,0.0,0.0
3554,533100,0.361262,150,0.0,11938,1790700,0.3225567,0.6838187,0.32080638,188.44774166648696,0.0,0.0
3554,533100,0.35766023,150,0.0,11941,1791150,0.31670195,0.6743622,0.31546772,374.8084540554838,0.0,0.0
3555,533250,-0.28188288,150,0.0,11943,1791450,0.9621018,0.68021894,0.3242263,205.8020119442219,0.0,0.0
3557,533550,-0.1653831,150,0.0,11944,1791600,0.8590611,0.693678,0.32603848,145.60929869359205,0.0,0.0
3557,533550,-0.7672226,150,0.0,11946,1791900,1.4683797,0.70115715,0.38366997,346.5137438837129,0.0,0.0
3557,533550,0.36555094,150,0.0,11949,1792350,0.32457298,0.6901239,0.30966467,435.5199590193723,0.0,0.0
3558,533700,-2.4557316,150,0.0,11953,1792950,3.1394236,0.6836919,0.37531838,227.9772408889997,0.0,0.0
3558,533700,0.3381377,150,0.0,11956,1793400,0.34007192,0.6782096,0.32078323,480.2792150588034,0.0,0.0
3560,534000,-1.0186119,150,0.0,11958,1793700,1.6880062,0.6693943,0.31308112,147.886337689055,0.0,0.0
3561,534150,-1.0600616,150,0.0,11959,1793850,1.7484305,0.6883689,0.321346,140.83604568389288,0.0,0.0
3561,534150,-0.45738322,150,0.0,11963,1794450,1.1466324,0.6892492,0.33436328,523.3420592279455,0.0,0.0
3561,534150,0.3712335,150,0.0,11966,1794900,0.3187689,0.6900024,0.31831214,452.62273381294966,0.0,0.0
3562,534300,-0.20195991,150,0.0,11968,1795200,0.88778067,0.68582076,0.34883717,250.8848123006396,0.0,0.0
3563,534450,-0.12803185,150,0.0,11971,1795650,0.81639105,0.6883592,0.3598834,200.7934132023191,0.0,0.0
3565,534750,0.05156684,150,0.0,11973,1795950,0.64212143,0.6936883,0.3261692,148.41861064205327,0.0,0.0
3565,534750,0.37985978,150,0.0,11977,1796550,0.313283,0.6931428,0.2882596,463.47300360452874,0.0,0.0
3566,534900,0.16306931,150,0.0,11980,1797000,0.5417475,0.7048168,0.38734314,225.21800639771814,0.0,0.0
3566,534900,-0.6782156,150,0.0,11983,1797450,1.4391501,0.7609345,0.33471125,415.2844766415287,0.0,0.0
3567,535050,-0.24596983,150,0.0,11986,1797900,0.9234891,0.67751926,0.33136475,345.2210027967953,0.0,0.0
3569,535350,-0.13621944,150,0.0,11987,1798050,0.81447536,0.6782559,0.34189785,114.82481496312037,0.0,0.0
3569,535350,-0.14870518,150,0.0,11989,1798350,0.83666486,0.6879597,0.37856305,488.0453459083882,0.0,0.0
3569,535350,0.3895308,150,0.0,11992,1798800,0.30480197,0.6943328,0.30480197,378.9401407114596,0.0,0.0
3570,535500,0.35502207,150,0.0,11994,1799100,0.37666303,0.7316851,0.34227988,276.992408906437,0.0,0.0
3570,535500,0.021785915,150,0.0,11998,1799700,0.6681156,0.68990153,0.3305321,441.29974432983903,0.0,0.0
3573,535950,-0.004646182,150,0.0,12000,1800000,0.6867404,0.6820942,0.30814627,127.43580514409572,0.0,0.0
3573,535950,-0.07073414,150,0.0,12002,1800300,0.758362,0.68762785,0.32545948,434.36352853536,0.0,0.0
3573,535950,-0.16900414,150,0.0,12005,1800750,0.8635369,0.69453275,0.34610188,529.9817708245585,0.0,0.0
3574,536100,-0.27482265,150,0.0,12008,1801200,0.9601981,0.68537545,0.36767796,185.7487233099671,0.0,0.0
3574,536100,0.042807102,150,0.0,12012,1801800,0.64634013,0.68914723,0.41220093,506.9878834568411,0.0,0.0
3575,536250,-0.06608993,150,0.0,12015,1802250,0.7648683,0.6987784,0.40456206,184.03415398251056,0.0,0.0
3577,536550,0.21554357,150,0.0,12016,1802400,0.48568547,0.70122904,0.28886336,116.99775505558804,0.0,0.0
3577,536550,0.35123336,150,0.0,12019,1802850,0.3236363,0.67486966,0.29951784,448.4511700512499,0.0,0.0
3578,536700,0.3003687,150,0.0,12022,1803300,0.38876012,0.6891288,0.3443828,183.39940305503595,0.0,0.0
3579,536850,-0.86939365,150,0.0,12025,1803750,1.559852,0.69045836,0.32884246,314.1292494997064,0.0,0.0
3579,536850,0.087132335,150,0.0,12027,1804050,0.6058461,0.69297844,0.3598896,502.36399786005734,0.0,0.0
3581,537150,0.21207553,150,0.0,12029,1804350,0.48362613,0.69570166,0.31461176,159.96802396981803,0.0,0.0
3581,537150,-0.28107578,150,0.0,12032,1804800,0.9688037,0.6877279,0.3720329,488.3874523563705,0.0,0.0
3582,537300,-0.9725462,150,0.0,12034,1805100,1.6608506,0.6883044,0.34056017,194.54346823815638,0.0,0.0
3582,537300,0.04894328,150,0.0,12038,1805700,0.642086,0.6910293,0.38002658,485.1265625132531,0.0,0.0
3584,537600,-1.6264689,150,0.0,12040,1806000,2.3168561,0.6903872,0.3125226,199.3956129805978,0.0,0.0
3585,537750,-0.1629383,150,0.0,12042,1806300,0.8628179,0.6998796,0.31883067,179.8149163825496,0.0,0.0
3586,537900,0.26202047,150,0.0,12045,1806750,0.42280662,0.6848271,0.32223213,166.3864052774334,0.0,0.0
3586,537900,-0.098011196,150,0.0,12049,1807350,0.806423,0.7084118,0.3723721,486.9551756619007,0.0,0.0
3586,537900,0.29999608,150,0.0,12052,1807800,0.37954038,0.67953646,0.3188571,432.47975583265736,0.0,0.0
3589,538350,0.1349057,150,0.0,12054,1808100,0.5477622,0.6826679,0.36144036,218.69815376657758,0.0,0.0
3589,538350,-1.0902251,150,0.0,12055,1808250,1.792192,0.7019669,0.33859757,135.21344703535217,0.0,0.0
3589,538350,-1.4890492,150,0.0,12058,1808700,2.172196,0.6831467,0.33082545,459.0557897325178,0.0,0.0
3590,538500,0.33241314,150,0.0,12060,1809000,0.33706492,0.66947806,0.32145384,144.30855157148673,0.0,0.0
3590,538500,-1.0301492,150,0.0,12064,1809600,1.7185072,0.68835795,0.35563007,546.000151004833,0.0,0.0
3591,538650,-0.14572465,150,0.0,12066,1809900,0.8288849,0.68316025,0.3320236,173.27271385277047,0.0,0.0
3593,538950,0.35137996,150,0.0,12067,1810050,0.3186666,0.67004657,0.31828663,111.41094004113991,0.0,0.0
3593,538950,0.23720002,150,0.0,12070,1810500,0.44669855,0.68389857,0.32273534,373.4353622582803,0.0,0.0
3593,538950,-1.0916226,150,0.0,12073,1810950,1.7658541,0.6742315,0.31255287,421.69264045181046,0.0,0.0
3594,539100,-0.49076623,150,0.0,12075,1811250,1.1920418,0.7012755,0.39146686,275.38328070600863,0.0,0.0
3596,539400,0.3008643,150,0.0,12078,1811700,0.37744233,0.67830664,0.3156628,136.8448275599558,0.0,0.0
3597,539550,0.13154644,150,0.0,12079,1811850,0.5568415,0.68838793,0.3683941,137.21359474216248,0.0,0.0
3597,539550,-0.23388577,150,0.0,12082,1812300,0.9296579,0.6957721,0.3165349,415.1573240493349,0.0,0.0
3597,539550,-0.04304719,150,0.0,12085,1812750,0.7438199,0.7007727,0.34487465,425.1426161911442,0.0,0.0
3598,539700,-0.13608843,150,0.0,12087,1813050,0.81041956,0.6743311,0.32403028,204.7962000705065,0.0,0.0
3598,539700,0.35196623,150,0.0,12090,1813500,0.31804636,0.6700126,0.3031167,340.1233783680775,0.0,0.0
3601,540150,0.36355695,150,0.0,12092,1813800,0.31488737,0.6784443,0.31133324,133.67799684941397,0.0,0.0
3601,540150,-0.8199945,150,0.0,12093,1813950,1.4923273,0.6723328,0.33682847,149.3131168865381,0.0,0.0
3601,540150,-0.80306816,150,0.0,12096,1814400,1.4928204,0.6897522,0.33232644,524.3587884364389,0.0,0.0
3602,540300,0.1714549,150,0.0,12100,1815000,0.5080516,0.6795065,0.30056965,204.95818875831574,0.0,0.0
3602,540300,-1.3856869,150,0.0,12103,1815450,2.0679574,0.6822706,0.33223847,415.41691867636143,0.0,0.0
3604,540600,-0.20731294,150,0.0,12105,1815750,0.91505504,0.7077421,0.32553563,171.77731999295577,0.0,0.0
3605,540750,-0.8494686,150,0.0,12107,1816050,1.5493189,0.6998503,0.36100566,161.41830506387248,0.0,0.0
3605,540750,0.1451273,150,0.0,12111,1816650,0.5561191,0.7012464,0.33144572,465.2879384453365,0.0,0.0
3606,540900,-0.91042423,150,0.0,12114,1817100,1.5919995,0.6815753,0.38355032,298.8643408146135,0.0,0.0
3606,540900,-0.23802626,150,0.0,12116,1817400,0.9159075,0.67788124,0.34534085,425.4171537997053,0.0,0.0
3607,541050,-0.8249872,150,0.0,12119,1817850,1.5206531,0.69566596,0.5492755,189.94921166676428,0.0,0.0
3609,541350,-0.77863663,150,0.0,12121,1818150,1.4625986,0.6839619,0.3468222,171.09807851557136,0.0,0.0
3609,541350,-0.60093457,150,0.0,12125,1818750,1.2893213,0.68838674,0.38868806,531.9120730470071,0.0,0.0
3609,541350,0.30479005,150,0.0,12128,1819200,0.37903652,0.68382657,0.285471,380.1626405339656,0.0,0.0
3610,541500,-0.70248234,150,0.0,12130,1819500,1.3999052,0.69742286,0.4205664,202.44734047688002,0.0,0.0
3610,541500,-0.25679755,150,0.0,12133,1819950,0.9493603,0.69256276,0.33048847,378.48421171681974,0.0,0.0
3613,541950,0.11858106,150,0.0,12135,1820250,0.5774047,0.69598573,0.36304486,118.63723585281375,0.0,0.0
3613,541950,-0.14939922,150,0.0,12138,1820700,0.8514101,0.70201087,0.37086558,496.68513739363016,0.0,0.0
3614,542100,0.29003373,150,0.0,12141,1821150,0.3933142,0.68334794,0.2998796,203.93883639786682,0.0,0.0
3614,542100,-0.043299556,150,0.0,12144,1821600,0.7330378,0.6897383,0.35994238,460.80720011250173,0.0,0.0
3616,542400,0.2241588,150,0.0,12147,1822050,0.46960577,0.69376457,0.34698048,122.37432157780826,0.0,0.0
3617,542550,-0.7640474,150,0.0,12149,1822350,1.4525688,0.6885214,0.34019005,207.64278656159095,0.0,0.0
3618,542700,0.26465312,150,0.0,12152,1822800,0.44387838,0.7085315,0.30903953,349.7606445225093,0.0,0.0
3618,542700,-0.82743347,150,0.0,12154,1823100,1.5127201,0.68528664,0.31815362,530.6876508292922,0.0,0.0
3618,542700,-0.049137473,150,0.0,12157,1823550,0.7404524,0.69131494,0.33668306,397.9606862821995,0.0,0.0
3619,542850,-0.8286008,150,0.0,12160,1824000,1.5102954,0.68169457,0.35723522,253.46636768048552,0.0,0.0
3621,543150,0.19658121,150,0.0,12162,1824300,0.49657592,0.69315714,0.33557308,134.09160322589378,0.0,0.0
3621,543150,-0.7698705,150,0.0,12165,1824750,1.4450144,0.67514384,0.3063417,401.92881181818876,0.0,0.0
3622,543300,0.3214045,150,0.0,12167,1825050,0.37538663,0.6967911,0.30710635,238.95954732013246,0.0,0.0
3622,543300,-0.83840114,150,0.0,12171,1825650,1.5333738,0.6949727,0.42546904,547.1540225646627,0.0,0.0
3623,543450,0.22232285,150,0.0,12173,1825950,0.45385793,0.6761808,0.32463884,153.67147074017578,0.0,0.0
3625,543750,0.11642611,150,0.0,12174,1826100,0.5753495,0.6917756,0.33609128,135.3253024487351,0.0,0.0
3625,543750,-0.46556598,150,0.0,12177,1826550,1.1565264,0.69096047,0.32186693,397.7860646502506,0.0,0.0
3626,543900,-1.3607329,150,0.0,12180,1827000,2.0414615,0.68072855,0.34935352,213.67742040659957,0.0,0.0
3626,543900,0.2198067,150,0.0,12183,1827450,0.4648371,0.6846438,0.32518658,436.5092613599702,0.0,0.0
3628,544200,-1.1089284,150,0.0,12186,1827900,1.8124802,0.70355177,0.38665104,158.62823625044248,0.0,0.0
3629,544350,0.38346544,150,0.0,12188,1828200,0.3282852,0.7117506,0.3197678,167.8959104790838,0.0,0.0
3629,544350,-0.19635546,150,0.0,12191,1828650,0.8862028,0.68984735,0.35062936,518.9792745045472,0.0,0.0
3630,544500,-0.27722806,150,0.0,12194,1829100,0.9609875,0.68375945,0.35204926,222.13428352321597,0.0,0.0
3630,544500,0.33638433,150,0.0,12197,1829550,0.35871515,0.6950995,0.35389888,492.1590377505793,0.0,0.0
3632,544800,-1.0759685,150,0.0,12201,1830150,1.7530249,0.6770565,0.3294288,142.74982812723349,0.0,0.0
3633,544950,-0.044626415,150,0.0,12202,1830300,0.7222316,0.6776052,0.33873916,119.42536474676767,0.0,0.0
3633,544950,0.3584548,150,0.0,12205,1830750,0.3171248,0.6755796,0.31545267,393.8219935926407,0.0,0.0
3634,545100,0.17485785,150,0.0,12207,1831050,0.5112788,0.68613666,0.33100325,178.8455109647577,0.0,0.0
3634,545100,-0.2288723,150,0.0,12211,1831650,0.9224212,0.6935489,0.37008107,460.5390353757063,0.0,0.0
3635,545250,-0.104691744,150,0.0,12214,1832100,0.7828438,0.6781521,0.3223369,220.32247886321701,0.0,0.0
3637,545550,0.36193547,150,0.0,12216,1832400,0.31694332,0.6788788,0.31427652,161.97250760373754,0.0,0.0
3637,545550,0.12492359,150,0.0,12219,1832850,0.57738644,0.70231,0.3966893,381.4968923384774,0.0,0.0
3638,545700,-0.13130832,150,0.0,12221,1833150,0.82072705,0.68941873,0.34644073,279.13098107140195,0.0,0.0
3638,545700,-1.1633242,150,0.0,12225,1833750,1.8646369,0.70131266,0.35682988,472.8135741995217,0.0,0.0
3640,546000,0.37891814,150,0.0,12229,1834350,0.31344166,0.6923598,0.31139356,162.84950183208588,0.0,0.0
3641,546150,0.3731793,150,0.0,12230,1834500,0.3105413,0.6837206,0.30877894,134.81722243936557,0.0,0.0
3641,546150,0.3564415,150,0.0,12233,1834950,0.33521342,0.6916549,0.31216776,434.5015197127567,0.0,0.0
3642,546300,-0.98193914,150,0.0,12236,1835400,1.6656075,0.6836683,0.32638708,198.89271794340044,0.0,0.0
3642,546300,0.35876477,150,0.0,12239,1835850,0.31222618,0.67099094,0.31137094,478.23333297860535,0.0,0.0
3643,546450,0.37158522,150,0.0,12242,1836300,0.31944987,0.6910351,0.3180963,296.82279675410456,0.0,0.0
3645,546750,0.15039295,150,0.0,12244,1836600,0.530839,0.681232,0.30753922,136.52794095372101,0.0,0.0
3645,546750,0.1756078,150,0.0,12247,1837050,0.5301368,0.7057446,0.3691571,430.5609752926145,0.0,0.0
3646,546900,0.2946217,150,0.0,12250,1837500,0.38629234,0.68091404,0.31393835,180.83438196834493,0.0,0.0
3646,546900,0.17706108,150,0.0,12253,1837950,0.52475923,0.7018203,0.38236934,379.7278301434122,0.0,0.0
3648,547200,-0.94554,150,0.0,12256,1838400,1.6316501,0.6861101,0.32062757,163.48701280646395,0.0,0.0
3649,547350,-0.1807217,150,0.0,12257,1838550,0.8779562,0.6972345,0.35959673,127.66325802808956,0.0,0.0
3649,547350,0.35535884,150,0.0,12261,1839150,0.33880705,0.6941659,0.31743643,443.0724505813892,0.0,0.0
3650,547500,-0.8973953,150,0.0,12264,1839600,1.5822756,0.6848803,0.3843795,228.79652513415502,0.0,0.0
3650,547500,0.32420513,150,0.0,12266,1839900,0.3471997,0.67140484,0.3223273,418.01361252926745,0.0,0.0
3650,547500,-1.3350501,150,0.0,12269,1840350,2.0267687,0.69171864,0.33114317,417.110155243101,0.0,0.0
3652,547800,0.28978223,150,0.0,12270,1840500,0.38844186,0.6782241,0.3146898,148.0502830894638,0.0,0.0
3653,547950,0.34923244,150,0.0,12272,1840800,0.33511353,0.68434596,0.31134194,204.08179418070065,0.0,0.0
3653,547950,0.3431844,150,0.0,12275,1841250,0.34147114,0.68465555,0.3147568,342.23701581813526,0.0,0.0
3654,548100,-0.2006408,150,0.0,12277,1841550,0.88956976,0.68892896,0.34888366,228.63397557707634,0.0,0.0
3654,548100,0.26110274,150,0.0,12280,1842000,0.41980785,0.6809106,0.29911983,371.4289087830578,0.0,0.0
3655,548250,-0.19056302,150,0.0,12282,1842300,0.88284385,0.6922808,0.343267,184.10464790306807,0.0,0.0
3657,548550,-0.1582464,150,0.0,12283,1842450,0.86025655,0.70201015,0.3968431,118.24180359526007,0.0,0.0
3657,548550,0.33630323,150,0.0,12285,1842750,0.34613848,0.6824417,0.3354662,328.3106300017951,0.0,0.0
3657,548550,-0.14882964,150,0.0,12288,1843200,0.8354377,0.6866081,0.3173209,418.8094451959228,0.0,0.0
3658,548700,-0.2208423,150,0.0,12290,1843500,0.91677076,0.69592845,0.32438573,191.55991727988192,0.0,0.0
3658,548700,-0.49214846,150,0.0,12293,1843950,1.1687825,0.676634,0.359781,408.93734046847266,0.0,0.0
3661,549150,-1.0873666,150,0.0,12295,1844250,1.7700205,0.6826539,0.33500412,149.9728609558426,0.0,0.0
3661,549150,0.35978976,150,0.0,12298,1844700,0.32667843,0.6864682,0.3162701,423.2985017086133,0.0,0.0
3661,549150,-0.08673233,150,0.0,12301,1845150,0.78551495,0.6987826,0.32783896,371.4890013923185,0.0,0.0
3662,549300,-0.11769837,150,0.0,12303,1845450,0.8070959,0.6893975,0.3103541,415.1129485926705,0.0,0.0
3663,549450,0.321692,150,0.0,12306,1845900,0.35840327,0.68009526,0.31390494,161.64046890065984,0.0,0.0
3665,549750,-1.0630419,150,0.0,12308,1846200,1.7408135,0.6777715,0.3673875,130.9468093941022,0.0,0.0
3665,549750,-1.0070617,150,0.0,12310,1846500,1.6999178,0.69285613,0.38146776,410.7732175164353,0.0,0.0
3665,549750,0.3650235,150,0.0,12314,1847100,0.3141718,0.6791953,0.31268153,432.3558213993404,0.0,0.0
3666,549900,-0.9651569,150,0.0,12316,1847400,1.6482604,0.68310344,0.32757795,269.8068518511371,0.0,0.0
3667,550050,0.36509973,150,0.0,12318,1847700,0.31013763,0.67523736,0.30984133,185.50374577774423,0.0,0.0
3669,550350,0.25993064,150,0.0,12321,1848150,0.42065474,0.6805854,0.31030542,125.96798710898895,0.0,0.0
3669,550350,0.40633693,150,0.0,12324,1848600,0.3109962,0.71733314,0.31090972,457.66961136911203,0.0,0.0
3669,550350,0.3569463,150,0.0,12327,1849050,0.32195872,0.678905,0.32124323,413.27318063938077,0.0,0.0
3670,550500,-0.123232126,150,0.0,12329,1849350,0.8088246,0.6855925,0.3716247,358.0073223721572,0.0,0.0
3671,550650,-0.28155667,150,0.0,12332,1849800,0.969837,0.68828034,0.36211878,293.7981835426103,0.0,0.0
3673,550950,-0.1632489,150,0.0,12334,1850100,0.8524486,0.6891997,0.32236645,163.27097514054535,0.0,0.0
3673,550950,-0.6928108,150,0.0,12336,1850400,1.3916445,0.6988337,0.3703813,444.0876252457269,0.0,0.0
3674,551100,0.3602233,150,0.0,12340,1851000,0.31272918,0.6729525,0.31182453,226.88273598367687,0.0,0.0
3674,551100,0.368836,150,0.0,12342,1851300,0.31142467,0.68026066,0.30252984,384.81030000917457,0.0,0.0
3675,551250,0.36210895,150,0.0,12345,1851750,0.31619883,0.6783078,0.31007764,178.27210154567797,0.0,0.0
3677,551550,-0.086271584,150,0.0,12348,1852200,0.77369446,0.6874229,0.37835377,178.05837887771068,0.0,0.0
3677,551550,0.080091655,150,0.0,12350,1852500,0.6191933,0.699285,0.37065917,487.4660344246481,0.0,0.0
3678,551700,-0.73816013,150,0.0,12354,1853100,1.4209858,0.6828257,0.33742517,344.0187400345142,0.0,0.0
3679,551850,0.11083841,150,0.0,12356,1853400,0.57984185,0.69068027,0.31005055,235.35870803382545,0.0,0.0
3679,551850,-0.18230301,150,0.0,12358,1853700,0.8760587,0.6937557,0.33733565,420.16540935610027,0.0,0.0
3681,552150,0.22006854,150,0.0,12360,1854000,0.4602644,0.68033296,0.3650534,143.2684098860107,0.0,0.0
3681,552150,-0.7681561,150,0.0,12363,1854450,1.4554554,0.6872993,0.3211242,458.52450497737425,0.0,0.0
3682,552300,0.072108865,150,0.0,12366,1854900,0.6122521,0.684361,0.30442622,176.25525491705594,0.0,0.0
3683,552450,0.3619735,150,0.0,12368,1855200,0.31857678,0.6805503,0.31857678,271.867805164725,0.0,0.0
3683,552450,0.2581945,150,0.0,12370,1855500,0.42721123,0.68540573,0.34986445,315.1880470678765,0.0,0.0
3685,552750,-0.8783764,150,0.0,12373,1855950,1.5719305,0.6935541,0.32435185,160.60944966595093,0.0,0.0
3685,552750,0.31152773,150,0.0,12375,1856250,0.3635627,0.67509043,0.33951473,458.8813471797363,0.0,0.0
3686,552900,0.024350822,150,0.0,12378,1856700,0.720095,0.7444458,0.32254845,173.95286774706304,0.0,0.0
3687,553050,-0.6854144,150,0.0,12382,1857300,1.3663845,0.68097013,0.39696082,210.22618979198774,0.0,0.0
3688,553200,0.3777901,150,0.0,12385,1857750,0.3053059,0.683096,0.3053059,177.11983649062947,0.0,0.0
3689,553350,0.21422341,150,0.0,12387,1858050,0.4640483,0.6782717,0.36837795,357.2665045616179,0.0,0.0
3689,553350,-0.7115124,150,0.0,12390,1858500,1.3929782,0.6814658,0.33614606,550.2496978262733,0.0,0.0
3690,553500,0.1912024,150,0.0,12392,1858800,0.4867841,0.6779865,0.32513613,157.12805420337654,0.0,0.0
3691,553650,-0.15799558,150,0.0,12395,1859250,0.860038,0.7020424,0.3715498,250.43072874000796,0.0,0.0
3693,553950,0.3697049,150,0.0,12397,1859550,0.31253898,0.6822439,0.31142816,131.65572858662094,0.0,0.0
3693,553950,-1.1185032,150,0.0,12399,1859850,1.808983,0.69047976,0.38921148,371.71924380616224,0.0,0.0
3693,553950,0.37338907,150,0.0,12403,1860450,0.31355,0.68693906,0.31281462,366.08498421369296,0.0,0.0
3694,554100,0.36956844,150,0.0,12405,1860750,0.31847808,0.6880465,0.3104522,176.49278622945485,0.0,0.0
3695,554250,0.14120299,150,0.0,12406,1860900,0.533642,0.674845,0.3223828,147.5998291147303,0.0,0.0
3695,554250,0.28942853,150,0.0,12409,1861350,0.4018252,0.6912537,0.31736577,374.3474830511601,0.0,0.0
3697,554550,-0.82627475,150,0.0,12411,1861650,1.5230021,0.6967274,0.31584054,176.33612369484712,0.0,0.0
3697,554550,-1.0573449,150,0.0,12414,1862100,1.7422853,0.68494034,0.3189368,439.83954116266943,0.0,0.0
3698,554700,0.037486374,150,0.0,12417,1862550,0.64336354,0.6808499,0.31052536,218.07080080359037,0.0,0.0
3699,554850,-0.66883445,150,0.0,12420,1863000,1.3695896,0.7007551,0.38778496,190.53539867498003,0.0,0.0
3700,555000,0.18957084,150,0.0,12423,1863450,0.49532348,0.6848943,0.31041676,190.62551603171346,0.0,0.0
3701,555150,-1.2654536,150,0.0,12425,1863750,1.9556609,0.6902073,0.3363423,267.85751234562906,0.0,0.0
3701,555150,-0.09281659,150,0.0,12428,1864200,0.7983386,0.705522,0.35048607,446.21489530561485,0.0,0.0
3702,555300,-0.18874943,150,0.0,12430,1864500,0.87217796,0.6834285,0.40828013,190.75584899756592,0.0,0.0
3703,555450,0.27352452,150,0.0,12433,1864950,0.4156106,0.68913513,0.3280156,142.0561996906646,0.0,0.0
3704,555600,-1.341491,150,0.0,12435,1865250,2.0242658,0.68277484,0.3326965,190.27585731343066,0.0,0.0
3705,555750,-0.23585731,150,0.0,12436,1865400,0.91450965,0.67865235,0.31051356,143.82009321225675,0.0,0.0
3705,555750,0.35384527,150,0.0,12439,1865850,0.31942812,0.6732734,0.31842265,360.42684369516434,0.0,0.0
3706,555900,0.33222434,150,0.0,12442,1866300,0.3396574,0.67188174,0.32416657,188.79659968689222,0.0,0.0
3707,556050,0.34792814,150,0.0,12445,1866750,0.3258122,0.6737403,0.32032296,234.2931792892542,0.0,0.0
3707,556050,-1.0566301,150,0.0,12447,1867050,1.7416986,0.6850685,0.32954526,422.2966682529891,0.0,0.0
3709,556350,-2.0923944,150,0.0,12449,1867350,2.7769272,0.68453294,0.34685412,203.9270699965966,0.0,0.0
3709,556350,-1.3641245,150,0.0,12451,1867650,2.0549057,0.69078106,0.3607789,436.60619670768244,0.0,0.0
3710,556500,-0.8770385,150,0.0,12454,1868100,1.5531558,0.6761173,0.32857355,155.8776170663585,0.0,0.0
3710,556500,-0.5585407,150,0.0,12457,1868550,1.2446883,0.6861476,0.33351502,438.00228070492994,0.0,0.0
3711,556650,-0.5107698,150,0.0,12459,1868850,1.1836567,0.6728869,0.30167896,246.71070355098848,0.0,0.0
3713,556950,-0.084480464,150,0.0,12461,1869150,0.78279144,0.698311,0.37112007,166.60887462286652,0.0,0.0
3713,556950,-0.7272635,150,0.0,12464,1869600,1.4190638,0.6918003,0.41744798,532.223001432186,0.0,0.0
3714,557100,-0.23488683,150,0.0,12468,1870200,0.91528624,0.6803994,0.3022157,217.25983753830087,0.0,0.0
3715,557250,-0.198201,150,0.0,12470,1870500,0.8953873,0.6971863,0.321898,327.5273245023804,0.0,0.0
3715,557250,-0.020109951,150,0.0,12472,1870800,0.69703054,0.6769206,0.32836416,409.6032000250002,0.0,0.0
3716,557400,-0.59098464,150,0.0,12474,1871100,1.2953223,0.70433766,0.44894034,446.672034010215,0.0,0.0
3717,557550,-1.0100734,150,0.0,12476,1871400,1.715794,0.70572054,0.34363005,153.00512533667322,0.0,0.0
3717,557550,0.32527822,150,0.0,12479,1871850,0.3542961,0.6795743,0.30853382,355.4563194999226,0.0,0.0
3718,557700,-1.6696873,150,0.0,12481,1872150,2.3501232,0.68043596,0.3687911,350.9186754296086,0.0,0.0
3719,557850,-0.11336678,150,0.0,12484,1872600,0.7858609,0.6724941,0.31780803,219.20555851904294,0.0,0.0
3719,557850,0.34912774,150,0.0,12486,1872900,0.32965103,0.67877877,0.3212345,426.2232622041686,0.0,0.0
3720,558000,-0.4669748,150,0.0,12488,1873200,1.1553268,0.68835205,0.33682263,320.1564892507782,0.0,0.0
3721,558150,0.36854863,150,0.0,12489,1873350,0.3132218,0.68177044,0.3117157,141.13295685650974,0.0,0.0
3721,558150,0.22093883,150,0.0,12492,1873800,0.48949066,0.7104295,0.32859784,312.0888845677255,0.0,0.0
3722,558300,-1.6400803,150,0.0,12494,1874100,2.3279681,0.6878878,0.35040623,506.1081726805057,0.0,0.0
3723,558450,0.35806614,150,0.0,12496,1874400,0.32306677,0.6811329,0.3140783,192.6201607347876,0.0,0.0
3725,558750,-0.6142828,150,0.0,12499,1874850,1.3274226,0.71313983,0.35241663,172.0457771032446,0.0,0.0
3725,558750,0.32778487,150,0.0,12501,1875150,0.34984538,0.67763025,0.3014015,365.5232715883336,0.0,0.0
3726,558900,-0.20246822,150,0.0,12505,1875750,0.89630526,0.69383705,0.22155651,284.49962490012035,0.0,0.0
3726,558900,-1.3404454,150,0.0,12507,1876050,2.0157602,0.6753148,0.37000713,484.13653954033833,0.0,0.0
3727,559050,0.1229977,150,0.0,12509,1876350,0.56457657,0.68757427,0.33323264,208.62305828985262,0.0,0.0
3728,559200,0.36080584,150,0.0,12511,1876650,0.31486586,0.6756717,0.31376114,265.58487335504236,0.0,0.0
3729,559350,-0.32570648,150,0.0,12512,1876800,1.01025,0.6845435,0.32101297,127.75038356856436,0.0,0.0
3729,559350,0.2790678,150,0.0,12515,1877250,0.40335745,0.68242526,0.31081092,353.9704151466527,0.0,0.0
3729,559350,0.23682517,150,0.0,12519,1877850,0.4359122,0.67273736,0.31115615,348.77604612756926,0.0,0.0
3731,559650,0.30733764,150,0.0,12521,1878150,0.3638355,0.67117316,0.3251906,147.99470071058653,0.0,0.0
3733,559950,-0.27872854,150,0.0,12523,1878450,0.9672541,0.68852556,0.32323584,199.55606671813536,0.0,0.0
3733,559950,-0.17560065,150,0.0,12524,1878600,0.8590012,0.6834006,0.33322817,145.26237919345164,0.0,0.0
3733,559950,-0.79095244,150,0.0,12527,1879050,1.4704081,0.67945564,0.39206925,475.55904940436596,0.0,0.0
3733,559950,0.22997889,150,0.0,12530,1879500,0.44064525,0.67062414,0.31098375,310.6457714798376,0.0,0.0
3734,560100,-0.102246165,150,0.0,12532,1879800,0.8067086,0.7044624,0.34479594,203.66875003844208,0.0,0.0
3735,560250,0.3577368,150,0.0,12533,1879950,0.31935528,0.6770921,0.3146307,128.5367203058997,0.0,0.0
3736,560400,0.36230776,150,0.0,12535,1880250,0.31244704,0.6747548,0.30714503,192.09778415037928,0.0,0.0
3737,560550,-0.19524753,150,0.0,12537,1880550,0.8866154,0.69136786,0.34787545,302.1948970181371,0.0,0.0
3737,560550,-1.1518384,150,0.0,12541,1881150,1.8468432,0.6950048,0.3178287,417.194792173672,0.0,0.0
3738,560700,-1.5309594,150,0.0,12544,1881600,2.2094738,0.6785144,0.3610673,247.257938817626,0.0,0.0
3739,560850,0.29641354,150,0.0,12546,1881900,0.38428754,0.6807011,0.32252908,207.85634074471997,0.0,0.0
3741,561150,-0.21623755,150,0.0,12548,1882200,0.91992944,0.7036919,0.3631304,218.68401459595225,0.0,0.0
3741,561150,0.16050202,150,0.0,12550,1882500,0.5259621,0.68646413,0.33195293,335.66551762956544,0.0,0.0
3741,561150,-0.9243476,150,0.0,12554,1883100,1.6110847,0.6867371,0.36403117,454.9505093687992,0.0,0.0
3742,561300,0.30093968,150,0.0,12556,1883400,0.37349248,0.67443216,0.31211305,171.18671876721845,0.0,0.0
3742,561300,0.13608289,150,0.0,12559,1883850,0.56476486,0.70084774,0.3491121,454.87452634227424,0.0,0.0
3745,561750,-0.14340776,150,0.0,12561,1884150,0.82901096,0.6856032,0.30366376,184.93425624251174,0.0,0.0
3745,561750,-0.10993075,150,0.0,12562,1884300,0.7924954,0.6825647,0.3586219,120.83693535490852,0.0,0.0
3745,561750,0.2749538,150,0.0,12565,1884750,0.40153137,0.6764852,0.31698173,470.05009469803093,0.0,0.0
3746,561900,0.18467194,150,0.0,12569,1885350,0.5140955,0.6987674,0.3326607,322.669381454138,0.0,0.0
3746,561900,0.27964097,150,0.0,12571,1885650,0.4147337,0.6943747,0.3335845,472.1131968999322,0.0,0.0
3748,562200,0.3438682,150,0.0,12573,1885950,0.331356,0.6752242,0.3157675,115.82891481088724,0.0,0.0
3749,562350,-0.17108065,150,0.0,12574,1886100,0.86789864,0.696818,0.35035267,144.3577555062951,0.0,0.0
3749,562350,-0.50380343,150,0.0,12577,1886550,1.1978679,0.69406444,0.35017905,432.77308265359886,0.0,0.0
3749,562350,-1.0936863,150,0.0,12580,1887000,1.783849,0.69016266,0.36018687,500.2692400052798,0.0,0.0
3750,562500,0.38528022,150,0.0,12582,1887300,0.29620656,0.6814868,0.29620656,178.54433487052145,0.0,0.0
3752,562800,-0.34224916,150,0.0,12586,1887900,1.0424645,0.70021534,0.33524588,185.98846547135392,0.0,0.0
3753,562950,-0.93467677,150,0.0,12587,1888050,1.6209514,0.68627465,0.35326913,136.56738626884177,0.0,0.0
3753,562950,-1.1593862,150,0.0,12589,1888350,1.8489683,0.68958205,0.36104894,427.92703390043783,0.0,0.0
3753,562950,0.14546925,150,0.0,12592,1888800,0.5615409,0.70701015,0.39659828,374.59221171410405,0.0,0.0
3754,563100,0.24884313,150,0.0,12596,1889400,0.43581057,0.6846537,0.3354097,411.5403484397138,0.0,0.0
3754,563100,-0.011747539,150,0.0,12598,1889700,0.69381976,0.6820722,0.6804229,315.21615617475265,0.0,0.0
3757,563550,0.07200366,150,0.0,12600,1890000,0.6177713,0.689775,0.35917148,108.07842719579055,0.0,0.0
3757,563550,0.17189455,150,0.0,12603,1890450,0.50993186,0.6818264,0.32820007,351.80050537951274,0.0,0.0
3757,563550,-1.5228523,150,0.0,12607,1891050,2.2047172,0.68186486,0.3888315,501.86548650541556,0.0,0.0
3758,563700,0.284117,150,0.0,12609,1891350,0.40052053,0.68463755,0.34171158,179.7051575155356,0.0,0.0
3758,563700,0.47308356,150,0.0,12612,1891800,0.21498223,0.68806577,0.18835679,338.7121365474647,0.0,0.0
3761,564150,0.22126654,150,0.0,12613,1891950,0.46171275,0.6829793,0.32461172,96.90059175771648,0.0,0.0
3761,564150,-1.3032584,150,0.0,12615,1892250,1.9941982,0.69093984,0.3189424,349.17945168757836,0.0,0.0
3761,564150,0.37900975,150,0.0,12618,1892700,0.31685004,0.6958598,0.30139095,468.6198651819299,0.0,0.0
3761,564150,0.23032817,150,0.0,12621,1893150,0.45198628,0.68231446,0.3566803,521.2270938911244,0.0,0.0
3763,564450,-1.2722617,150,0.0,12623,1893450,1.966223,0.69396126,0.36008433,182.1639895625949,0.0,0.0
3764,564600,-0.15933031,150,0.0,12625,1893750,0.8364027,0.6770724,0.37188107,196.71533280346088,0.0,0.0
3765,564750,-0.31024277,150,0.0,12627,1894050,1.004346,0.69410324,0.34951445,195.99209484195913,0.0,0.0
3765,564750,-0.84216076,150,0.0,12630,1894500,1.529784,0.6876232,0.32915598,407.7214552481827,0.0,0.0
3765,564750,0.3557763,150,0.0,12633,1894950,0.325702,0.6814783,0.3253886,406.1199538847454,0.0,0.0
3766,564900,0.36798704,150,0.0,12635,1895250,0.31411016,0.6820972,0.31314528,222.59459761627699,0.0,0.0
3768,565200,0.323526,150,0.0,12637,1895550,0.41118827,0.73471427,0.3285487,176.19932746082154,0.0,0.0
3769,565350,0.37333426,150,0.0,12639,1895850,0.32313427,0.69646853,0.31733528,233.38962075729833,0.0,0.0
3769,565350,-1.5838246,150,0.0,12642,1896300,2.2849867,0.70116216,0.3854817,461.711474360762,0.0,0.0
3769,565350,0.26988298,150,0.0,12645,1896750,0.41806638,0.68794936,0.30981216,414.6822878046369,0.0,0.0
3770,565500,0.11680502,150,0.0,12649,1897350,0.5671241,0.68392915,0.5339538,173.52705761254447,0.0,0.0
3772,565800,0.20342642,150,0.0,12650,1897500,0.48042822,0.68385464,0.3143797,124.07644100958677,0.0,0.0
3772,565800,-0.8396162,150,0.0,12652,1897800,1.5211067,0.68149054,0.30747065,429.6072222863335,0.0,0.0
3773,565950,-0.342153,150,0.0,12654,1898100,1.0342655,0.6921125,0.36797896,195.9529049446569,0.0,0.0
3773,565950,0.3214966,150,0.0,12657,1898550,0.35644883,0.67794544,0.31964657,447.53340963588886,0.0,0.0
3774,566100,-0.874925,150,0.0,12660,1899000,1.5698141,0.69488907,0.36138275,197.89462426809303,0.0,0.0
3776,566400,-1.1452527,150,0.0,12664,1899600,1.824099,0.6788463,0.3915565,253.92415761287424,0.0,0.0
3776,566400,-0.21974337,150,0.0,12665,1899750,0.9003684,0.680625,0.2993691,136.0863864209863,0.0,0.0
3777,566550,0.32377735,150,0.0,12667,1900050,0.35743847,0.6812158,0.35054532,194.49601638211075,0.0,0.0
3777,566550,-2.0797904,150,0.0,12670,1900500,2.761769,0.6819787,0.34419957,476.62725995174225,0.0,0.0
3778,566700,0.1410175,150,0.0,12673,1900950,0.5583537,0.6993712,0.36187598,215.82661847082608,0.0,0.0
3778,566700,-1.1708646,150,0.0,12675,1901250,1.846571,0.6757063,0.41974375,488.63248739480133,0.0,0.0
3780,567000,0.36145455,150,0.0,12677,1901550,0.3151899,0.67664444,0.31475556,125.01025283979818,0.0,0.0
3781,567150,0.30945346,150,0.0,12680,1902000,0.3751596,0.68461305,0.3210223,153.32546655963176,0.0,0.0
3781,567150,0.25795552,150,0.0,12683,1902450,0.43046573,0.68842125,0.31809348,305.35074934369635,0.0,0.0
3782,567300,-0.03281015,150,0.0,12686,1902900,0.72373587,0.6909257,0.33913973,219.75100882188676,0.0,0.0
3783,567450,-0.035546064,150,0.0,12689,1903350,0.72590894,0.6903629,0.37636602,209.9569304125483,0.0,0.0
3784,567600,0.3588479,150,0.0,12690,1903500,0.31736848,0.67621636,0.31494558,148.20914561535554,0.0,0.0
3785,567750,0.41928986,150,0.0,12692,1903800,0.26315477,0.68244463,0.23301029,148.0096718051072,0.0,0.0
3785,567750,-0.009995401,150,0.0,12696,1904400,0.6952572,0.6852618,0.35868993,507.3190241731162,0.0,0.0
3786,567900,0.38043436,150,0.0,12698,1904700,0.32227764,0.702712,0.3182012,171.98515419999077,0.0,0.0
3786,567900,-0.84908134,150,0.0,12701,1905150,1.5284613,0.67938,0.5707258,506.7698122083123,0.0,0.0
3788,568200,0.022693336,150,0.0,12703,1905450,0.6579286,0.6806219,0.333501,146.44425326525368,0.0,0.0
3789,568350,-0.2895099,150,0.0,12705,1905750,0.9810761,0.6915662,0.34152675,167.42240343772502,0.0,0.0
3789,568350,-0.00092417,150,0.0,12708,1906200,0.6784256,0.67750144,0.309649,399.0445443762963,0.0,0.0
3790,568500,0.3560437,150,0.0,12710,1906500,0.3280397,0.6840834,0.32123843,263.7547723744552,0.0,0.0
3791,568650,0.34929582,150,0.0,12713,1906950,0.33247802,0.68177384,0.32572606,234.45557778248153,0.0,0.0
3792,568800,-0.042665124,150,0.0,12715,1907250,0.73110247,0.68843734,0.3676356,341.8821773887225,0.0,0.0
3793,568950,0.3868603,150,0.0,12717,1907550,0.303388,0.6902483,0.2987454,160.17519977168223,0.0,0.0
3793,568950,0.27226162,150,0.0,12719,1907850,0.40473515,0.67699677,0.37405849,321.27754100319567,0.0,0.0
3794,569100,0.34347758,150,0.0,12721,1908150,0.35044923,0.6939268,0.32463053,487.31840165572453,0.0,0.0
3795,569250,-0.02650112,150,0.0,12725,1908750,0.7280971,0.70159596,0.3159932,190.53135953396335,0.0,0.0
3796,569400,-0.9905183,150,0.0,12727,1909050,1.667408,0.6768897,0.3147298,167.04415928129754,0.0,0.0
3797,569550,0.1974493,150,0.0,12728,1909200,0.48525319,0.6827025,0.39500922,132.765927274615,0.0,0.0
3798,569700,0.19932705,150,0.0,12732,1909800,0.48165452,0.6809816,0.32493195,366.0903096965878,0.0,0.0
3798,569700,-0.23860526,150,0.0,12734,1910100,0.9356305,0.69702524,0.3651978,527.8102537600923,0.0,0.0
3798,569700,0.23811746,150,0.0,12737,1910550,0.43727624,0.6753937,0.33235928,376.64074692905285,0.0,0.0
3799,569850,-1.0860608,150,0.0,12739,1910850,1.7901531,0.7040924,0.37124774,193.06744473150655,0.0,0.0
3801,570150,0.35305363,150,0.0,12741,1911150,0.32044065,0.6734943,0.31931597,175.7714483037231,0.0,0.0
3801,570150,-0.89634293,150,0.0,12743,1911450,1.5932419,0.696899,0.36246395,490.54771909114515,0.0,0.0
3802,570300,0.07610452,150,0.0,12746,1911900,0.61106634,0.68717086,0.35585952,331.60310654435153,0.0,0.0
3802,570300,0.2826681,150,0.0,12748,1912200,0.40306967,0.6857378,0.30712092,446.17185909905487,0.0,0.0
3803,570450,0.35128117,150,0.0,12752,1912800,0.3416642,0.69294536,0.30919844,154.9843782832641,0.0,0.0
3805,570750,0.13373351,150,0.0,12754,1913100,0.5538782,0.6876117,0.31528458,149.09794107610057,0.0,0.0
3805,570750,0.093720615,150,0.0,12756,1913400,0.57905036,0.672771,0.36090162,447.12566156085364,0.0,0.0
3806,570900,-1.3602791,150,0.0,12759,1913850,2.0632536,0.7029745,0.3632918,369.9296237998444,0.0,0.0
3806,570900,0.10855293,150,0.0,12761,1914150,0.58570457,0.6942575,0.3031388,481.70525542080117,0.0,0.0
3807,571050,-0.25651962,150,0.0,12764,1914600,0.9458596,0.68934,0.33889693,276.579855051184,0.0,0.0
3807,571050,0.32989192,150,0.0,12766,1914900,0.34586024,0.67575216,0.2916451,409.7363120152603,0.0,0.0
3809,571350,-0.28770947,150,0.0,12768,1915200,0.96712446,0.679415,0.3403215,172.01289716145976,0.0,0.0
3809,571350,0.3280313,150,0.0,12771,1915650,0.36648375,0.69451505,0.2849455,479.11357847000903,0.0,0.0
3810,571500,0.47445926,150,0.0,12774,1916100,0.21307167,0.68753093,0.21289504,176.9124975079107,0.0,0.0
3810,571500,0.2310862,150,0.0,12777,1916550,0.4569419,0.6880281,0.35494986,478.7905308170051,0.0,0.0
3812,571800,-1.4488004,150,0.0,12779,1916850,2.1978185,0.7490181,0.35790658,155.4397370637484,0.0,0.0
3813,571950,0.35860318,150,0.0,12780,1917000,0.3151713,0.6737745,0.3151713,142.13652928701703,0.0,0.0
3813,571950,0.32973465,150,0.0,12782,1917300,0.35341367,0.6831483,0.33473083,438.28269170081904,0.0,0.0
3813,571950,-0.1619839,150,0.0,12785,1917750,0.84948266,0.68749875,0.32470137,391.7230455426755,0.0,0.0
3814,572100,0.35718888,150,0.0,12787,1918050,0.32826728,0.68545616,0.32588068,289.15598860189357,0.0,0.0
3815,572250,0.18253282,150,0.0,12790,1918500,0.49802908,0.6805619,0.32465994,168.24486076079353,0.0,0.0
3816,572400,-0.46457595,150,0.0,12792,1918800,1.1427388,0.6781629,0.319384,206.11573226226005,0.0,0.0
3817,572550,-0.21312469,150,0.0,12794,1919100,0.89313465,0.68000996,0.32216805,194.19608462890895,0.0,0.0
3818,572700,0.1388334,150,0.0,12797,1919550,0.5419217,0.6807551,0.30705974,290.5890340728013,0.0,0.0
3818,572700,-0.92808133,150,0.0,12799,1919850,1.6038048,0.6757235,0.3263495,406.65414022248984,0.0,0.0
3818,572700,-0.013689756,150,0.0,12802,1920300,0.6979955,0.6843057,0.30498934,412.0470659738368,0.0,0.0
3819,572850,-1.7666119,150,0.0,12804,1920600,2.4567404,0.69012845,0.34859326,289.8328157628878,0.0,0.0
3821,573150,-2.4896727,150,0.0,12806,1920900,3.177236,0.68756354,0.30697513,121.01523092595043,0.0,0.0
3821,573150,-0.6748097,150,0.0,12809,1921350,1.3588234,0.6840137,0.3264029,427.9418786722044,0.0,0.0
3822,573300,-0.9151297,150,0.0,12812,1921800,1.5910219,0.6758922,0.3358178,227.27425762818154,0.0,0.0
3822,573300,0.36492684,150,0.0,12815,1922250,0.31111422,0.67604107,0.30942243,437.98398560904667,0.0,0.0
3823,573450,0.005715549,150,0.0,12817,1922550,0.67136705,0.6770826,0.3205054,323.21525264035034,0.0,0.0
3825,573750,-0.9972746,150,0.0,12819,1922850,1.6717012,0.6744266,0.30923927,151.0128360008094,0.0,0.0
3825,573750,-0.008591831,150,0.0,12821,1923150,0.6942689,0.68567705,0.30457178,383.84748247614016,0.0,0.0
3826,573900,0.083548784,150,0.0,12823,1923450,0.6001779,0.68372667,0.3036901,204.2575737997856,0.0,0.0
3826,573900,0.3258465,150,0.0,12825,1923750,0.38140917,0.70725566,0.3469873,427.4659040646065,0.0,0.0
3827,574050,-1.0602225,150,0.0,12828,1924200,1.7331537,0.6729312,0.31598452,156.52377702737834,0.0,0.0
3827,574050,0.15566736,150,0.0,12831,1924650,0.5389927,0.69466007,0.33707872,499.2196835885985,0.0,0.0
3829,574350,-1.0398805,150,0.0,12832,1924800,1.7295077,0.68962723,0.3223852,142.50277068637598,0.0,0.0
3829,574350,0.25554472,150,0.0,12834,1925100,0.4221133,0.677658,0.34333646,465.34713223155165,0.0,0.0
3830,574500,-0.18234563,150,0.0,12838,1925700,0.86728984,0.6849442,0.3697202,203.8622469363744,0.0,0.0
3831,574650,0.37508228,150,0.0,12841,1926150,0.3141819,0.6892642,0.20295192,151.87487054999775,0.0,0.0
3831,574650,0.36661205,150,0.0,12844,1926600,0.31905398,0.685666,0.31890985,463.87247565048773,0.0,0.0
3833,574950,0.24306616,150,0.0,12846,1926900,0.43926963,0.6823358,0.32459664,102.56451388090761,0.0,0.0
3834,575100,0.38024744,150,0.0,12850,1927500,0.30096343,0.6812109,0.21694148,182.42973223831234,0.0,0.0
3835,575250,0.12931967,150,0.0,12852,1927800,0.5520283,0.68134797,0.33371052,186.41737754560836,0.0,0.0
3835,575250,0.31872886,150,0.0,12854,1928100,0.36556762,0.6842965,0.3006516,398.92132289487716,0.0,0.0
3836,575400,0.30650604,150,0.0,12856,1928400,0.37458807,0.6810941,0.32237792,178.6311220946509,0.0,0.0
3837,575550,-0.2040813,150,0.0,12858,1928700,0.9089728,0.7048915,0.3829124,286.32888890507047,0.0,0.0
3837,575550,0.32818216,150,0.0,12861,1929150,0.3778034,0.70598555,0.30023846,379.902093687899,0.0,0.0
3838,575700,-0.28627056,150,0.0,12863,1929450,0.97610146,0.6898309,0.38519323,187.10354899982246,0.0,0.0
3839,575850,0.36719784,150,0.0,12865,1929750,0.3146821,0.68187994,0.30816877,267.06886107695107,0.0,0.0
3839,575850,-0.71367997,150,0.0,12867,1930050,1.3959212,0.68224126,0.3229231,502.43219932918066,0.0,0.0
3841,576150,-0.14775652,150,0.0,12869,1930350,0.82870066,0.68094414,0.35468432,146.58475973817494,0.0,0.0
3841,576150,0.35871798,150,0.0,12872,1930800,0.35093516,0.70965314,0.3280711,462.2640996495982,0.0,0.0
3842,576300,-1.0905834,150,0.0,12876,1931400,1.774414,0.6838305,0.42915267,206.58420971752125,0.0,0.0
3843,576450,-0.2465651,150,0.0,12878,1931700,0.94545835,0.69889325,0.41389334,293.00540467535853,0.0,0.0
3845,576750,0.18231511,150,0.0,12881,1932150,0.50459236,0.6869075,0.3187926,203.308804045329,0.0,0.0
3845,576750,0.3545919,150,0.0,12882,1932300,0.3281893,0.6827812,0.31368947,133.803742787914,0.0,0.0
3845,576750,0.16456592,150,0.0,12885,1932750,0.52384514,0.68841106,0.33428013,461.33330400255176,0.0,0.0
3846,576900,-0.096448064,150,0.0,12888,1933200,0.8295661,0.73311806,0.40989125,409.5658695108741,0.0,0.0
3846,576900,0.15840209,150,0.0,12890,1933500,0.5203379,0.67873996,0.3240778,424.0840152607951,0.0,0.0
3847,577050,-2.471406,150,0.0,12892,1933800,3.1472182,0.6758122,0.3206186,244.141987127498,0.0,0.0
3849,577350,0.25095293,150,0.0,12894,1934100,0.42548683,0.67643976,0.33037674,129.30209673710047,0.0,0.0
3849,577350,-0.62381667,150,0.0,12896,1934400,1.3114496,0.687633,0.4047752,506.0784537692913,0.0,0.0
3850,577500,0.2935774,150,0.0,12899,1934850,0.38079956,0.67437696,0.32979625,270.4477604241221,0.0,0.0
3851,577650,-1.1496406,150,0.0,12901,1935150,1.8425395,0.69289905,0.4031276,196.3790343196729,0.0,0.0
3851,577650,-0.10575074,150,0.0,12903,1935450,0.7945924,0.68884164,0.19189708,331.74106351924814,0.0,0.0
3852,577800,-0.20328003,150,0.0,12906,1935900,0.8959075,0.6926275,0.3526643,257.4593132460602,0.0,0.0
3853,577950,0.241873,150,0.0,12907,1936050,0.43605557,0.67792857,0.31911153,124.13384885298456,0.0,0.0
3853,577950,-0.14385426,150,0.0,12910,1936500,0.8364281,0.69257385,0.360315,499.80504964322654,0.0,0.0
3854,578100,0.34787804,150,0.0,12912,1936800,0.32200307,0.6698811,0.31330353,151.16076130872523,0.0,0.0
3855,578250,0.35341293,150,0.0,12914,1937100,0.34037232,0.69378525,0.30139282,174.04579139035107,0.0,0.0
3855,578250,0.27335525,150,0.0,12917,1937550,0.4111337,0.68448895,0.32157093,416.3535472855597,0.0,0.0
3857,578550,0.24577364,150,0.0,12919,1937850,0.44232842,0.68810207,0.31114233,134.25599274801309,0.0,0.0
3857,578550,0.32113904,150,0.0,12921,1938150,0.35900712,0.68014616,0.35348895,400.316615975872,0.0,0.0
3858,578700,0.2566169,150,0.0,12925,1938750,0.41516238,0.6717793,0.34176514,239.71524304700912,0.0,0.0
3859,578850,-1.1131556,150,0.0,12927,1939050,1.8132074,0.70005184,0.4059536,228.67220174906473,0.0,0.0
3859,578850,0.016256094,150,0.0,12930,1939500,0.66633946,0.68259555,0.3492524,384.7834702494826,0.0,0.0
3860,579000,-0.088728964,150,0.0,12932,1939800,0.8276654,0.7389364,0.30225238,381.4418438839133,0.0,0.0
3861,579150,-0.9686314,150,0.0,12934,1940100,1.6518023,0.6831709,0.39561728,203.1640400847731,0.0,0.0
3861,579150,0.32799077,150,0.0,12937,1940550,0.3457132,0.67370397,0.3093572,398.91247007263723,0.0,0.0
3863,579450,-0.6504801,150,0.0,12940,1941000,1.3307538,0.6802737,0.37653095,115.6071581939248,0.0,0.0
3863,579450,-0.119722605,150,0.0,12943,1941450,0.7929701,0.6732475,0.32919806,403.74309656403653,0.0,0.0
3864,579600,0.3728213,150,0.0,12945,1941750,0.312143,0.6849643,0.3085347,213.75030704631806,0.0,0.0
3865,579750,0.15121758,150,0.0,12947,1942050,0.55042034,0.7016379,0.34771004,153.31810579717808,0.0,0.0
3865,579750,-0.8432904,150,0.0,12950,1942500,1.5307481,0.68745774,0.4119192,501.7862327047436,0.0,0.0
3867,580050,0.37174287,150,0.0,12952,1942800,0.31825796,0.69000083,0.30114844,141.48961506414474,0.0,0.0
3867,580050,-0.048172593,150,0.0,12955,1943250,0.7512013,0.7030287,0.380851,458.6769394300162,0.0,0.0
3868,580200,-0.13342726,150,0.0,12957,1943550,0.82643044,0.6930032,0.29981586,173.75992708743294,0.0,0.0
3869,580350,0.37725893,150,0.0,12960,1944000,0.31089726,0.6881562,0.30926442,168.91655842220655,0.0,0.0
3869,580350,-0.09637785,150,0.0,12963,1944450,0.7803866,0.6840088,0.67058176,498.4705487136256,0.0,0.0
3871,580650,-0.99981403,150,0.0,12964,1944600,1.6892722,0.68945813,0.3748907,150.8847016016218,0.0,0.0
3871,580650,0.34512588,150,0.0,12966,1944900,0.33306727,0.67819315,0.31913152,352.14588563224663,0.0,0.0
3872,580800,0.22347099,150,0.0,12969,1945350,0.45703757,0.68050855,0.33493212,208.48271965563578,0.0,0.0
3872,580800,-0.15928978,150,0.0,12972,1945800,0.84395635,0.6846666,0.3713303,482.2325033802117,0.0,0.0
3873,580950,-0.2250601,150,0.0,12974,1946100,0.90859705,0.68353695,0.68353695,142.7292963372659,0.0,0.0
3874,581100,-0.5654805,150,0.0,12977,1946550,1.2488874,0.68340695,0.37100133,368.3280721638862,0.0,0.0
3875,581250,-0.25487888,150,0.0,12979,1946850,0.93989056,0.6850117,0.33316758,189.43435766805774,0.0,0.0
3876,581400,-0.17224032,150,0.0,12982,1947300,0.8473934,0.6751531,0.30101475,164.6008502845183,0.0,0.0
3876,581400,-1.3150103,150,0.0,12985,1947750,2.0034368,0.68842643,0.33314997,456.6899023751816,0.0,0.0
3877,581550,0.045509696,150,0.0,12987,1948050,0.6524488,0.69795847,0.3566388,178.76521994114898,0.0,0.0
3878,581700,-0.43406117,150,0.0,12990,1948500,1.1260915,0.6920303,0.3168801,318.3113670054794,0.0,0.0
3879,581850,0.20916232,150,0.0,12991,1948650,0.4772524,0.6864147,0.34770435,110.5501010798544,0.0,0.0
3880,582000,0.19521421,150,0.0,12993,1948950,0.481956,0.6771702,0.3133053,263.2854521372869,0.0,0.0
3880,582000,-1.1223466,150,0.0,12995,1949250,1.8017006,0.6793539,0.3234492,460.6418792767912,0.0,0.0
3881,582150,0.22956759,150,0.0,12998,1949700,0.44221538,0.671783,0.29387516,175.3423680178189,0.0,0.0
3881,582150,0.3562194,150,0.0,13000,1950000,0.3168149,0.6730343,0.3163737,475.98215744781294,0.0,0.0
3883,582450,-0.28021646,150,0.0,13002,1950300,0.96095264,0.6807362,0.3672602,181.5427330314862,0.0,0.0
3883,582450,-0.899481,150,0.0,13004,1950600,1.5783696,0.6788886,0.30882466,369.9768303440165,0.0,0.0
3884,582600,0.29856142,150,0.0,13007,1951050,0.38498822,0.68354964,0.3338403,171.77624128075558,0.0,0.0
3884,582600,-0.69822025,150,0.0,13010,1951500,1.391457,0.6932367,0.35256308,496.503655441494,0.0,0.0
3885,582750,-1.1430168,150,0.0,13012,1951800,1.8335638,0.69054705,0.31703767,191.75240953224764,0.0,0.0
3886,582900,-0.50175804,150,0.0,13015,1952250,1.1971633,0.6954053,0.4049225,282.0706457071072,0.0,0.0
3887,583050,-0.099359214,150,0.0,13016,1952400,0.7718632,0.672504,0.34555867,138.43952055120064,0.0,0.0
3888,583200,-0.049860477,150,0.0,13019,1952850,0.7298555,0.679995,0.3112568,167.0705971484542,0.0,0.0
