actor_episodes,actor_steps,delta_dist,delta_dist_10,delta_dist_100,delta_dist_1000,episode_length,episode_return,final_dist,final_dist_10,final_dist_100,final_dist_1000,init_dist,init_dist_10,init_dist_100,init_dist_1000,min_dist,min_dist_10,min_dist_100,min_dist_1000,steps_per_second,success,success_1000
4,600,0.08635795,0.05196028,0.05196028,0.05196028,150,0.0,0.62725675,0.6332427,0.6332427,0.6332427,0.7136147,0.685203,0.685203,0.685203,0.5184825,0.55635864,0.55635864,0.55635864,41.78555581155369,0.0,0.0
43,6450,0.24104622,0.09600161,0.09495089,0.09495089,150,0.0,0.4162852,0.58712345,0.5872096,0.5872096,0.6573314,0.683125,0.6821605,0.6821605,0.2915336,0.4005824,0.42999938,0.42999938,157.66594133728418,0.0,0.0
81,12150,0.30902666,0.08865168,0.09880213,0.09880213,150,0.0,0.37466794,0.58764833,0.58199865,0.58199865,0.6836946,0.6763,0.6808008,0.6808008,0.2898627,0.4522106,0.4108345,0.4108345,39.20540253789067,0.0,0.0
102,15300,0.20563903,0.32140937,0.13616395,0.13209978,150,0.0,0.4633412,0.36240327,0.545659,0.5497385,0.66898024,0.6838127,0.6818229,0.6818383,0.28857034,0.28015134,0.3807156,0.3886126,80.90237869959141,0.0,0.0
110,16500,-0.1303159,0.2310309,0.14652736,0.13568969,150,0.0,0.8376299,0.45508653,0.53510594,0.5464766,0.707314,0.6861175,0.6816333,0.6821662,0.707314,0.34868607,0.3761599,0.38794026,16.754580784754207,0.0,0.0
118,17700,-0.028205872,-0.09707939,0.13341542,0.12077565,150,0.0,0.69508976,0.77078664,0.5473981,0.56069547,0.6668839,0.6737073,0.6808136,0.6814711,0.45780084,0.558378,0.38254315,0.4002484,16.91112687086781,0.0,0.0
126,18900,0.18468583,0.13779679,0.13640137,0.12346125,150,0.0,0.5204068,0.5438958,0.5452168,0.5582692,0.7050926,0.68169254,0.6816182,0.6817304,0.38841695,0.3738234,0.37931865,0.39748892,19.78492318873996,0.0,0.0
134,20100,0.05077052,0.13213697,0.13200684,0.12218478,150,0.0,0.6086958,0.55971134,0.55055463,0.56002945,0.6594663,0.69184834,0.6825614,0.6822142,0.31656602,0.3634557,0.37832806,0.39525342,30.91667412786752,0.0,0.0
142,21300,0.113512814,0.14461903,0.13465656,0.124264,150,0.0,0.5415032,0.53272086,0.5471852,0.5575954,0.655016,0.6773399,0.68184173,0.6818594,0.26963887,0.31567496,0.37417307,0.39042783,16.998147954870607,0.0,0.0
146,21900,0.24523881,0.16669896,0.1385562,0.12477854,150,0.0,0.42560747,0.51402104,0.5435171,0.55715525,0.6708463,0.68072,0.68207335,0.68193376,0.27593496,0.30778816,0.36973226,0.38834277,10.663577826145431,0.0,0.0
154,23100,-0.0011239052,0.15811864,0.1449708,0.12692101,150,0.0,0.6883974,0.52440846,0.5370856,0.5548078,0.6872735,0.6825272,0.68205637,0.6817288,0.32997137,0.3118699,0.36281335,0.38398397,15.388533406620263,0.0,0.0
162,24300,-0.058849156,0.008379519,0.1322707,0.120010376,150,0.0,0.73651224,0.67370397,0.5493924,0.5617507,0.6776631,0.6820835,0.681663,0.6817611,0.32691142,0.32213798,0.35851085,0.38111,16.818509702007553,0.0,0.0
170,25500,-0.033439577,-0.05982221,0.11926628,0.111672886,150,0.0,0.72597575,0.7324384,0.5618743,0.5696433,0.6925362,0.6726161,0.68114054,0.6813162,0.4070974,0.3347222,0.35910732,0.37911314,15.161255776692117,0.0,0.0
178,26700,-0.08197868,-0.03877169,0.10768344,0.10527666,150,0.0,0.7390507,0.72107387,0.57438064,0.57625645,0.657072,0.6823021,0.68206406,0.68153304,0.2715492,0.37470374,0.35698232,0.379199,16.86739584514649,0.0,0.0
186,27900,-0.03147459,-0.026093876,0.092503384,0.099341944,150,0.0,0.7402039,0.70523125,0.5888039,0.58196443,0.7087293,0.67913735,0.6813073,0.6813064,0.388266,0.3278946,0.3501294,0.37658396,16.285468251967504,0.0,0.0
190,28500,-0.07020044,-0.01877169,0.0867111,0.09700071,150,0.0,0.7412271,0.707864,0.5954328,0.5846786,0.67102665,0.68909234,0.6821439,0.68167925,0.3135017,0.34559262,0.35427397,0.37634024,10.816162580223729,0.0,0.0
198,29700,-0.009478927,-0.0067733885,0.06431645,0.09281853,150,0.0,0.6656442,0.68682635,0.6166756,0.5887407,0.6561653,0.680053,0.68099195,0.68155915,0.27560574,0.3249206,0.35383433,0.37414083,36.64709927574364,0.0,0.0
202,30300,-0.0020748973,0.0042345105,0.04851605,0.09112736,150,0.0,0.6721002,0.6767342,0.6326253,0.5903693,0.6700253,0.68096876,0.6811414,0.6814966,0.30846772,0.32527667,0.35694173,0.37308767,14.977834839618323,0.0,0.0
210,31500,-0.0030846596,0.04853933,0.038697835,0.08993881,150,0.0,0.6577216,0.6347896,0.64198095,0.59152585,0.6546369,0.6833289,0.68067884,0.6814647,0.27541468,0.33471277,0.3530661,0.37149018,10.714490989316582,0.0,0.0
218,32700,0.14884478,0.06908359,0.051164113,0.089134045,150,0.0,0.5655235,0.6054303,0.6294713,0.5919572,0.7143683,0.67451394,0.6806354,0.6810912,0.38799846,0.31780607,0.33213374,0.3692872,16.397760453980965,0.0,0.0
222,33300,0.1545906,0.10716933,0.05461679,0.09063663,150,0.0,0.5192727,0.5748521,0.6272231,0.59087193,0.6738633,0.68202144,0.6818399,0.6815085,0.3202875,0.3326686,0.33355677,0.36940244,10.637171808239033,0.0,0.0
230,34500,0.15030688,0.17729554,0.054152478,0.09365661,150,0.0,0.51064974,0.51913285,0.6276213,0.5883458,0.6609566,0.69642836,0.68177384,0.6820024,0.2881947,0.36513108,0.33299404,0.3692591,16.627534491110108,0.0,0.0
238,35700,0.07779592,0.15291113,0.05674178,0.095369585,150,0.0,0.5867075,0.52726984,0.62441176,0.5863977,0.6645034,0.6801809,0.68115366,0.68176734,0.29660603,0.33078763,0.33169445,0.3675904,15.210122365522624,0.0,0.0
246,36900,0.20677283,0.15599003,0.056838166,0.09738324,150,0.0,0.49394253,0.52121913,0.6243063,0.58423233,0.70071536,0.67720914,0.6811445,0.68161553,0.3764142,0.32369828,0.33333033,0.36616036,15.535305453921762,0.0,0.0
254,38100,0.18701595,0.13664468,0.05429065,0.098549776,150,0.0,0.47275418,0.54725087,0.6272734,0.5831146,0.65977013,0.68389547,0.68156403,0.6816644,0.28957573,0.33961123,0.3362988,0.36535692,16.457777990072056,0.0,0.0
258,38700,0.22071156,0.15825103,0.062201664,0.10012103,150,0.0,0.47155288,0.51739246,0.61911094,0.5813859,0.69226444,0.67564344,0.68131256,0.68150693,0.36048466,0.32454324,0.33658218,0.3645878,10.755823858189467,0.0,0.0
266,39900,0.07771617,0.16952315,0.078633256,0.10192108,150,0.0,0.58743185,0.5121545,0.60291904,0.5796207,0.665148,0.6816777,0.68155235,0.68154186,0.304865,0.33690396,0.33708134,0.36381987,14.771917555993273,0.0,0.0
274,41100,0.07733697,0.13162863,0.09362708,0.10284393,150,0.0,0.6028298,0.5525602,0.5884723,0.57876486,0.6801668,0.6841887,0.6820994,0.68160886,0.33692247,0.34196514,0.33499324,0.36320212,16.66792199087726,0.0,0.0
278,41700,0.14996439,0.13850541,0.09904201,0.103049986,150,0.0,0.5071636,0.5479151,0.5828199,0.5786005,0.657128,0.6864205,0.68186194,0.68165046,0.28921545,0.34800687,0.33368477,0.36294392,14.987554513546174,0.0,0.0
286,42900,0.2390976,0.14420885,0.11310512,0.10412082,150,0.0,0.47006565,0.53109926,0.5683395,0.57723355,0.70916325,0.6753081,0.68144447,0.68135434,0.38847953,0.32613635,0.33366016,0.36167982,16.558069726396873,0.0,0.0
290,43500,0.24030286,0.16303647,0.121328704,0.10533222,150,0.0,0.46870428,0.51763564,0.55979854,0.576158,0.70900714,0.6806721,0.6811272,0.68149024,0.3884445,0.33623758,0.3333265,0.36160952,14.025273668631304,0.0,0.0
298,44700,0.13574493,0.12353353,0.1305632,0.105400085,150,0.0,0.5646214,0.56534314,0.55124426,0.5762418,0.7003663,0.68887675,0.6818074,0.68164194,0.37606326,0.35302645,0.33558583,0.36128917,17.18209300685699,0.0,0.0
302,45300,0.06758112,0.115094505,0.13553165,0.105734035,150,0.0,0.5981409,0.5739113,0.5471072,0.5761383,0.665722,0.6890058,0.6826389,0.68187237,0.3067478,0.3523143,0.33757633,0.36140633,14.686554771836596,0.0,0.0
310,46500,0.18145838,0.11858116,0.1405741,0.10616808,150,0.0,0.49659142,0.56526124,0.5420654,0.5756731,0.6780498,0.68384236,0.6826395,0.68184125,0.3326595,0.34146604,0.33802643,0.36076462,15.265848179513945,0.0,0.0
318,47700,0.101620495,0.14919648,0.147685,0.10743122,150,0.0,0.6037769,0.5366492,0.53585696,0.5744259,0.70539737,0.68584573,0.68354195,0.6818571,0.3853524,0.344081,0.3401284,0.36017507,16.59847345741352,0.0,0.0
326,48900,0.1866925,0.1342971,0.14214821,0.10747492,150,0.0,0.47888038,0.56667143,0.54159087,0.5748656,0.6655729,0.7009686,0.683739,0.6823405,0.30642775,0.36966324,0.34035414,0.3604295,16.725877368991917,0.0,0.0
334,50100,0.09467,0.14243256,0.14181748,0.108497985,150,0.0,0.5682049,0.5377508,0.54123735,0.5735919,0.6628749,0.6801833,0.683055,0.68208987,0.3005228,0.3334871,0.33935508,0.35945526,16.57324138410649,0.0,0.0
342,51300,0.09174031,0.1685534,0.14245003,0.109677136,150,0.0,0.59390026,0.5181861,0.54149294,0.57265514,0.6856406,0.68673944,0.68394303,0.68233234,0.3478704,0.34878358,0.341477,0.35947838,15.222899504641958,0.0,0.0
350,52500,0.12903118,0.14033598,0.14313833,0.11062167,150,0.0,0.53163433,0.54631543,0.54087806,0.57175446,0.6606655,0.68665135,0.68401635,0.68237615,0.29561773,0.3488752,0.342003,0.3591274,16.67172753349427,0.0,0.0
354,53100,0.21071702,0.17107242,0.14401488,0.11132087,150,0.0,0.5064511,0.51137185,0.54018205,0.57105494,0.7171681,0.6824443,0.68419677,0.6823758,0.3912178,0.34019673,0.34241885,0.3589137,14.6484634070024,0.0,0.0
362,54300,0.21912834,0.17227249,0.14248943,0.1122895,150,0.0,0.4709768,0.509376,0.5419445,0.56999743,0.69010514,0.68164855,0.6844339,0.6822869,0.35658926,0.337214,0.34289196,0.3582829,14.91188864473129,0.0,0.0
370,55500,0.21957433,0.18175851,0.14462888,0.1135938,150,0.0,0.4587161,0.49609867,0.5393518,0.56862646,0.6782904,0.6778572,0.6839807,0.6822203,0.3331499,0.32901835,0.3419034,0.3576953,16.353141111686586,0.0,0.0
374,56100,0.21096534,0.17885347,0.14728296,0.11466282,150,0.0,0.45144188,0.49651152,0.5365768,0.56754464,0.6624072,0.6753651,0.68385977,0.68220747,0.29949015,0.32564783,0.34174523,0.3574955,14.990572778268518,0.0,0.0
382,57300,0.20914471,0.18238667,0.15040396,0.11585406,150,0.0,0.45252597,0.49678308,0.53310823,0.5662049,0.6616707,0.6791697,0.6835122,0.682059,0.29785752,0.33477142,0.3411056,0.3568561,16.69923413907381,0.0,0.0
390,58500,0.20428401,0.18735743,0.15208034,0.11725776,150,0.0,0.45234346,0.4939301,0.53169537,0.5648155,0.6566275,0.68128747,0.6837758,0.68207324,0.2906952,0.33816165,0.341715,0.35653436,16.822864281465613,0.0,0.0
398,59700,0.15427434,0.18538925,0.15844543,0.118661426,150,0.0,0.53449,0.49529618,0.52461475,0.56333506,0.68876433,0.68068546,0.68306005,0.68199646,0.3539878,0.3363002,0.34023112,0.35602462,15.427293659086622,0.0,0.0
406,60900,0.18020707,0.18764937,0.16455548,0.12017679,150,0.0,0.53442705,0.49199653,0.5181297,0.5618184,0.7146341,0.6796459,0.6826853,0.68199515,0.3894295,0.3334932,0.3394828,0.35566533,15.172488270027856,0.0,0.0
414,62100,0.15580106,0.19551942,0.16932441,0.121450305,150,0.0,0.533529,0.48868218,0.51360154,0.56056637,0.68933004,0.68420154,0.6829259,0.6820167,0.3550872,0.34053677,0.33979562,0.35534665,16.93947767563701,0.0,0.0
422,63300,0.14690042,0.18962385,0.1722165,0.12271327,150,0.0,0.5076946,0.49149337,0.5093341,0.55927354,0.654595,0.68111724,0.6815506,0.6819868,0.29027182,0.33822834,0.33767155,0.3549966,15.373021279303323,0.0,0.0
430,64500,0.20898253,0.1937698,0.17767595,0.12397404,150,0.0,0.4815067,0.48449984,0.503053,0.557934,0.69048923,0.6782696,0.6807291,0.681908,0.35733238,0.3325557,0.3364346,0.35456043,16.524512577969638,0.0,0.0
438,65700,0.16319805,0.19218855,0.17910679,0.12534107,150,0.0,0.5112129,0.48729149,0.5018934,0.5565404,0.67441094,0.67948,0.68100023,0.6818814,0.3251785,0.333072,0.3367701,0.3541967,15.195658728261199,0.0,0.0
446,66900,0.2503701,0.18846981,0.18406628,0.12648693,150,0.0,0.4614321,0.49136734,0.49611264,0.5553832,0.7118022,0.67983717,0.68017876,0.68187004,0.38924846,0.33374345,0.3349551,0.35387683,16.759918423393582,0.0,0.0
454,68100,0.21492577,0.20034404,0.18709835,0.12793873,150,0.0,0.47282708,0.47795263,0.4931439,0.55396914,0.68775284,0.6782967,0.68024224,0.68190783,0.35201555,0.33077607,0.33488855,0.353645,16.372081636196402,0.0,0.0
462,69300,0.13940328,0.2059443,0.19125107,0.12930708,150,0.0,0.5210683,0.4878931,0.49049318,0.5528629,0.66047156,0.6938374,0.68174416,0.68217,0.29518402,0.35881108,0.3376248,0.3538307,16.405826585119286,0.0,0.0
470,70500,0.20281604,0.18421741,0.19145374,0.13008955,150,0.0,0.47403952,0.5022854,0.490397,0.5520524,0.67685556,0.6865028,0.68185073,0.68214196,0.3302185,0.34540653,0.33794144,0.35351017,15.121746836801188,0.0,0.0
478,71700,0.17802593,0.1675431,0.18855685,0.13059963,150,0.0,0.49070933,0.51098096,0.49322262,0.55147547,0.66873527,0.6785241,0.6817794,0.68207514,0.31323746,0.3328174,0.33772042,0.3531518,16.717295862095572,0.0,0.0
486,72900,-0.0071638227,0.082710356,0.180326,0.12979926,150,0.0,0.68386316,0.59653175,0.50163305,0.5522248,0.67669934,0.67924213,0.6819591,0.6820241,0.32989782,0.33236092,0.33786348,0.35279608,15.978241300280098,0.0,0.0
494,74100,0.15320611,0.08293457,0.17492165,0.12933823,150,0.0,0.5305678,0.60293055,0.5076506,0.55272204,0.68377393,0.6858651,0.6825722,0.68206024,0.34417635,0.34542924,0.33899266,0.35263646,15.49820532163047,0.0,0.0
502,75300,0.14414161,0.06963389,0.16334198,0.12805124,150,0.0,0.53235394,0.6111149,0.51920336,0.5540329,0.67649555,0.6807488,0.6825454,0.68208414,0.3294798,0.3369276,0.33909202,0.35247755,15.043974072103834,0.0,0.0
510,76500,0.008321881,0.042739004,0.15183626,0.12670432,150,0.0,0.7012018,0.63769656,0.53081644,0.5553975,0.7095237,0.68043554,0.68265283,0.68210185,0.38853127,0.33684862,0.3394719,0.35230258,16.730998290322812,0.0,0.0
514,77100,0.00542444,0.036617875,0.1450963,0.12603286,150,0.0,0.7017263,0.6499067,0.5375274,0.5561015,0.70715076,0.6865245,0.6826237,0.68213433,0.38854563,0.3472116,0.33940202,0.3522566,14.911036906040234,0.0,0.0
522,78300,0.12439132,0.105476715,0.13896981,0.12581566,150,0.0,0.55643654,0.58544624,0.54471374,0.5564949,0.68082786,0.6909229,0.68368345,0.68231064,0.3382874,0.3531433,0.34108508,0.35234174,15.946533432826136,0.0,0.0
530,79500,0.30854937,0.1698722,0.13813306,0.12663552,150,0.0,0.38984135,0.5240717,0.54657465,0.55579877,0.6983907,0.6939439,0.6847078,0.6824343,0.36433974,0.34751314,0.3419747,0.3521947,16.728306891531002,0.0,0.0
538,80700,0.14248377,0.18904762,0.1352559,0.12717715,150,0.0,0.5329171,0.49179912,0.54936075,0.5552109,0.67540085,0.6808467,0.6846167,0.682388,0.3272565,0.33240777,0.34190696,0.3519208,14.824164365093907,0.0,0.0
546,81900,0.26935825,0.15099296,0.13500345,0.12804104,150,0.0,0.3938068,0.53907317,0.550544,0.55450016,0.66316503,0.69006616,0.6855474,0.68254125,0.3560549,0.3442222,0.3427662,0.35184935,15.428250799808911,0.0,0.0
554,83100,0.22430763,0.14881214,0.128844,0.12810154,150,0.0,0.4501243,0.5316795,0.55616945,0.55436486,0.6744319,0.6804917,0.68501353,0.68246645,0.3330626,0.34554344,0.34314686,0.35175687,16.15455981591453,0.0,0.0
562,84300,0.2345322,0.17117396,0.12767737,0.12901813,150,0.0,0.45615527,0.51304543,0.5565947,0.5535246,0.6906875,0.6842193,0.684272,0.6825426,0.35563627,0.3565861,0.3426515,0.35184857,17.016880381948937,0.0,0.0
570,85500,-0.06342906,0.17642638,0.12705743,0.12955946,150,0.0,0.71990275,0.5050339,0.55738115,0.552984,0.6564737,0.68146026,0.6844385,0.68254346,0.31754383,0.35255367,0.34403297,0.3518533,14.857004435265408,0.0,0.0
578,86700,-0.09548384,0.041475095,0.11649564,0.12816791,150,0.0,0.749382,0.6334683,0.56774896,0.5542813,0.6538982,0.6749434,0.68424463,0.6824492,0.33151045,0.34484518,0.34491807,0.3517322,15.451702990231823,0.0,0.0
586,87900,0.28427723,0.026074797,0.113459714,0.12702043,150,0.0,0.4138812,0.65305,0.5706613,0.5553603,0.69815844,0.6791248,0.68412095,0.68238074,0.36994016,0.35326776,0.34620044,0.35167438,16.149856934857134,0.0,0.0
594,89100,0.12924355,0.19424412,0.1230526,0.12828359,150,0.0,0.5731903,0.48470134,0.5604862,0.5540247,0.7024338,0.6789454,0.68353873,0.68230826,0.39336094,0.3397208,0.34564918,0.35146412,16.664198958286264,0.0,0.0
602,90300,0.24189311,0.2146481,0.135717,0.12932041,150,0.0,0.45592344,0.4681266,0.547977,0.5530303,0.69781655,0.6827747,0.683694,0.68235064,0.36965078,0.34561944,0.34630683,0.35145593,16.561838782093115,0.0,0.0
610,91500,0.292238,0.23045978,0.1499262,0.13049875,150,0.0,0.38580972,0.45479292,0.533683,0.55184937,0.6780477,0.6852527,0.6836092,0.68234813,0.32997358,0.3434831,0.34591413,0.35125872,15.24898286282526,0.0,0.0
618,92700,0.301094,0.270139,0.16434766,0.13226075,150,0.0,0.3866527,0.41072768,0.5184653,0.55007905,0.6877467,0.68086666,0.68281287,0.6823398,0.3236418,0.32690248,0.34350652,0.35095733,14.843136336181093,0.0,0.0
626,93900,0.19558406,0.27435258,0.17642266,0.13397892,150,0.0,0.46356988,0.4134223,0.50622934,0.5484189,0.65915394,0.6877749,0.68265206,0.6823978,0.3325383,0.33664447,0.34317672,0.350837,16.725670160672035,0.0,0.0
634,95100,0.06351721,0.1798397,0.16975446,0.13434379,150,0.0,0.5996955,0.49468297,0.51170754,0.5479453,0.6632127,0.67452264,0.68146205,0.6822892,0.21141925,0.3373639,0.34268063,0.3506319,16.538484084801496,0.0,0.0
642,96300,0.23371705,0.24465182,0.18424498,0.13612074,150,0.0,0.43521222,0.4310655,0.49669608,0.54610753,0.6689293,0.67571735,0.680941,0.6822282,0.31125933,0.28607538,0.3382481,0.34977543,15.204262104800305,0.0,0.0
650,97500,0.21656922,0.24514627,0.18820997,0.13748053,150,0.0,0.4517531,0.43944487,0.49303663,0.54476655,0.6683223,0.6845912,0.6812466,0.68224704,0.30995283,0.34099552,0.33770362,0.3496399,16.865782044425877,0.0,0.0
654,98100,0.246299,0.25147036,0.19452536,0.13822713,150,0.0,0.45807394,0.42706737,0.48616052,0.5439679,0.70437294,0.6785377,0.6806858,0.68219507,0.38151956,0.32893938,0.3366578,0.34945515,14.825516949114201,0.0,0.0
662,99300,0.28781253,0.24483797,0.19853762,0.13948792,150,0.0,0.39727193,0.43158168,0.481083,0.5426147,0.68508446,0.6764196,0.67962056,0.6821026,0.34461084,0.32549405,0.33375806,0.3491241,14.186086453364068,0.0,0.0
670,100500,0.22608212,0.24146017,0.20450108,0.14071149,150,0.0,0.44265315,0.43649593,0.47511673,0.5413966,0.66873527,0.6779561,0.67961794,0.6821081,0.31084234,0.3282659,0.3325559,0.34898168,16.54037459668835,0.0,0.0
678,101700,0.25578597,0.23822108,0.22075707,0.14178397,150,0.0,0.42748556,0.44566926,0.45932916,0.5403177,0.6832715,0.68389034,0.6800864,0.6821017,0.34099257,0.34005186,0.3320503,0.34883782,16.857952104217517,0.0,0.0
686,102900,0.27036256,0.23489094,0.23581056,0.14283295,150,0.0,0.38671637,0.45056105,0.44468126,0.5392732,0.6570789,0.685452,0.6804918,0.68210614,0.28687742,0.341443,0.33108675,0.34868202,14.920208283437894,0.0,0.0
694,104100,0.2719406,0.25392872,0.2391668,0.14421508,150,0.0,0.39502168,0.42540163,0.4414546,0.53785086,0.66696227,0.67933035,0.68062127,0.68206596,0.3070093,0.33122417,0.3305992,0.34846628,15.250873225560065,0.0,0.0
702,105300,0.22683594,0.25395852,0.24307646,0.14547895,150,0.0,0.42624143,0.42684656,0.43730983,0.5365927,0.65307736,0.680805,0.68038636,0.6820716,0.28762498,0.33501136,0.32960546,0.34835216,16.507900390293944,0.0,0.0
706,105900,0.2698034,0.24921183,0.24462688,0.14607973,150,0.0,0.39211392,0.42876142,0.43479934,0.5359399,0.6619173,0.6779732,0.6794262,0.6820196,0.29589015,0.33033642,0.32779226,0.34820074,14.658778573983861,0.0,0.0
714,107100,0.21818301,0.25930265,0.24620315,0.14736369,150,0.0,0.46465728,0.4172801,0.4332636,0.5346054,0.6828403,0.67658275,0.6794668,0.68196905,0.34012762,0.32614493,0.32789955,0.34797233,16.67401496338661,0.0,0.0
722,108300,0.2500923,0.23780665,0.24254374,0.14833434,150,0.0,0.44181684,0.44197536,0.43679553,0.5336356,0.69190913,0.67978203,0.67933923,0.68196994,0.3579864,0.3327473,0.32906994,0.34784675,16.18585520531508,0.0,0.0
730,109500,0.23869276,0.1918821,0.24003118,0.14874347,150,0.0,0.4526317,0.498102,0.44065818,0.5333523,0.6913245,0.68998414,0.68068933,0.6820957,0.35685495,0.35369045,0.33069065,0.3479865,15.251802314314462,0.0,0.0
738,110700,0.25506014,0.2026352,0.23883222,0.1494578,150,0.0,0.44822305,0.4908441,0.44335082,0.53273535,0.7032832,0.69347936,0.682183,0.6821931,0.3795039,0.35905617,0.3357424,0.34805244,16.52670031028857,0.0,0.0
742,111300,0.21982574,0.23800954,0.23888224,0.14993277,150,0.0,0.43406093,0.4512731,0.44339615,0.5323022,0.6538867,0.6892827,0.6822785,0.682235,0.28877702,0.35079083,0.337174,0.34808168,14.856264897544659,0.0,0.0
750,112500,0.3153462,0.1964956,0.23387237,0.15029858,150,0.0,0.38598594,0.47815132,0.44729093,0.5318043,0.70133215,0.6746469,0.68116343,0.6821029,0.375876,0.32463208,0.33530223,0.3477333,15.125969929702876,0.0,0.0
758,113700,0.21585736,0.21991923,0.23369412,0.15130672,150,0.0,0.44875225,0.46135116,0.44820595,0.5308234,0.6646096,0.6812704,0.6819,0.6821301,0.301864,0.33651602,0.33689514,0.34768477,16.350665931429482,0.0,0.0
762,114300,0.25512478,0.2567646,0.23411757,0.151874,150,0.0,0.45384142,0.4261508,0.4480092,0.5302318,0.7089662,0.6829154,0.68212676,0.6821057,0.38661498,0.33949012,0.33737186,0.34758583,15.006159091681559,0.0,0.0
770,115500,0.25666803,0.25204143,0.23451868,0.15286268,150,0.0,0.45305157,0.43101043,0.44777283,0.5292692,0.7097196,0.6830518,0.6822915,0.6821318,0.38951614,0.33959287,0.33780304,0.34753367,16.847316109917195,0.0,0.0
774,116100,0.23815134,0.24448046,0.23529299,0.15333202,150,0.0,0.4600089,0.43992776,0.44757935,0.5288344,0.69816023,0.6844082,0.6828724,0.68216634,0.36992386,0.34206623,0.3388578,0.34754607,14.954390987170461,0.0,0.0
782,117300,0.2448768,0.22263293,0.23345795,0.1539863,150,0.0,0.4643643,0.45878258,0.44934407,0.5281992,0.7092411,0.6814155,0.682802,0.6821854,0.3891341,0.3357022,0.33880433,0.34747815,16.683207239419687,0.0,0.0
790,118500,0.27426592,0.2258317,0.2329702,0.15486467,150,0.0,0.38357517,0.45710883,0.44995567,0.5273214,0.6578411,0.6829405,0.6829259,0.682186,0.2868669,0.33489242,0.3388484,0.34733385,16.197189462255984,0.0,0.0
798,119700,0.28546733,0.2529388,0.23312946,0.1559269,150,0.0,0.4007162,0.41927576,0.44938096,0.52617705,0.6861835,0.67221457,0.68251044,0.68210393,0.34679067,0.3179826,0.33803383,0.3470718,15.302097103655036,0.0,0.0
806,120900,0.27115807,0.24044344,0.23261479,0.15678954,150,0.0,0.3851919,0.44088656,0.45015985,0.52532357,0.65634996,0.6813301,0.68277466,0.68211305,0.28663433,0.33406046,0.3382558,0.34696993,15.131740502171901,0.0,0.0
814,122100,0.26379275,0.25441632,0.23275326,0.15782811,150,0.0,0.40789264,0.43159723,0.4507476,0.5243287,0.6716854,0.6860136,0.6835008,0.6821568,0.31713906,0.34510028,0.3397796,0.3469683,14.560589509544352,0.0,0.0
818,122700,0.27120423,0.26525974,0.23342022,0.15833595,150,0.0,0.38653982,0.4196713,0.4498472,0.52378875,0.65774405,0.6849311,0.68326753,0.6821247,0.28844565,0.34294036,0.3392669,0.34685436,14.518487079759954,0.0,0.0
822,123300,0.1967768,0.26086462,0.23522039,0.15887876,150,0.0,0.494662,0.4194425,0.4477767,0.5232159,0.6914388,0.68030715,0.6829971,0.68209463,0.35707635,0.333943,0.33883423,0.34675294,14.826884106216143,0.0,0.0
826,123900,0.28753352,0.22929683,0.23396735,0.15892293,150,0.0,0.39581895,0.44761056,0.44894817,0.5231887,0.6833525,0.6769074,0.6829155,0.68211156,0.34115466,0.32654393,0.3385822,0.34673476,14.148541815198534,0.0,0.0
830,124500,0.30065486,0.21714687,0.23665361,0.1593096,150,0.0,0.39784452,0.4708355,0.44577348,0.52282596,0.6984994,0.6879824,0.682427,0.6821355,0.37056354,0.34830937,0.3375621,0.34673354,13.588542995193706,0.0,0.0
838,125700,0.2558462,0.2559798,0.23997591,0.16023377,150,0.0,0.43114793,0.43270975,0.4420351,0.5219377,0.68699414,0.68868953,0.68201095,0.6821714,0.34839186,0.3506961,0.33689132,0.3467237,15.632946824252047,0.0,0.0
842,126300,0.2734983,0.2513027,0.2401016,0.1606163,150,0.0,0.3867761,0.43253088,0.4416174,0.52155757,0.6602744,0.68383354,0.68171906,0.6821738,0.29219556,0.3415304,0.3363201,0.34668815,13.472275655116068,0.0,0.0
846,126900,0.2501699,0.24413125,0.24042682,0.16102053,150,0.0,0.45850477,0.4323895,0.4411274,0.521086,0.70867467,0.6765207,0.6815542,0.6821065,0.3867211,0.32655305,0.33587536,0.34650874,13.175024752948497,0.0,0.0
850,127500,0.22899833,0.24691522,0.2451637,0.161433,150,0.0,0.44558188,0.43484586,0.4373482,0.5207179,0.6745802,0.6817611,0.68251175,0.6821509,0.32322502,0.33714923,0.33772781,0.3465589,12.249221166817783,0.0,0.0
854,128100,0.21974987,0.24514067,0.24512869,0.16178612,150,0.0,0.46540838,0.44190478,0.4376708,0.5203967,0.68515825,0.68704545,0.6827995,0.6821829,0.3447576,0.3468372,0.3381935,0.34656993,12.588641846222727,0.0,0.0
858,128700,0.27639675,0.22268729,0.2422916,0.16188635,150,0.0,0.43780714,0.46325904,0.44001347,0.5202641,0.7142039,0.68594635,0.6823052,0.6821505,0.38695493,0.34440032,0.33720276,0.34646592,10.600441048153465,0.0,0.0
862,129300,0.047349274,0.22635686,0.24255359,0.16236934,150,0.0,0.6499198,0.4618172,0.44078162,0.51987875,0.6972691,0.6881741,0.68333524,0.682248,0.36823916,0.34857136,0.33909455,0.34660304,13.937989238419087,0.0,0.0
866,129900,0.22008672,0.25057766,0.24217515,0.16274016,150,0.0,0.45152614,0.4468163,0.44174996,0.51960903,0.67161286,0.697394,0.6839249,0.68234915,0.31698543,0.3647899,0.3401117,0.34674323,13.992844438782374,0.0,0.0
870,130500,0.27115884,0.23940942,0.24124679,0.16299848,150,0.0,0.38880953,0.44788298,0.44197413,0.51925826,0.6599684,0.6872924,0.6832209,0.6822567,0.29150343,0.34668493,0.33875492,0.34652692,14.719843149457814,0.0,0.0
878,131700,0.2583869,0.26356417,0.24238968,0.16397475,150,0.0,0.45686507,0.40571842,0.43976915,0.5181829,0.715252,0.6692826,0.6821588,0.6821576,0.3870439,0.31234375,0.33667374,0.34625012,16.27275832230736,0.0,0.0
882,132300,0.02526933,0.26063326,0.245536,0.16434261,150,0.0,0.65129125,0.419591,0.43657616,0.51783454,0.6765606,0.68022424,0.6821123,0.6821771,0.32733807,0.3319524,0.33646274,0.3462321,14.716473339921544,0.0,0.0
890,133500,0.2988623,0.24808995,0.24606815,0.16508926,150,0.0,0.39723262,0.42012793,0.4348358,0.51695305,0.69609493,0.6682179,0.68090385,0.6820423,0.36601105,0.31098473,0.33454266,0.34589985,14.874549327438228,0.0,0.0
898,134700,0.23936462,0.256127,0.24540797,0.16586924,150,0.0,0.45847356,0.4259004,0.43660977,0.51622516,0.6978382,0.68202746,0.68201774,0.68209434,0.36931577,0.3384028,0.33686432,0.34593764,15.013574236922564,0.0,0.0
906,135900,0.27027214,0.25887412,0.24667643,0.16668896,150,0.0,0.38682455,0.43119484,0.43604496,0.5154911,0.6570967,0.6900689,0.6827215,0.68218,0.28881353,0.35286155,0.33840603,0.34602678,15.911828908263612,0.0,0.0
910,136500,0.036664605,0.26594126,0.24684118,0.16715845,150,0.0,0.6498513,0.425742,0.43664205,0.51508147,0.6865159,0.6916833,0.6834833,0.6822399,0.34744796,0.35437804,0.33976024,0.34609234,12.967946141845692,0.0,0.0
914,137100,0.28868935,0.21376213,0.24131416,0.1669423,150,0.0,0.39328608,0.4754525,0.44132283,0.51526695,0.6819754,0.6892146,0.6826371,0.68220925,0.33838806,0.35043806,0.33808994,0.34599906,11.738910402445278,0.0,0.0
855,128110,0.31985986,0.0,0.0,0.0,10,0.0,3157,473410,0.3438455,0.6834009,0.6834009,0.6834009,0.66370535,0.6834009,0.6834009,0.6834009,1762,1780.0076682567596,0.3438455,0.6834009,0.6834009,0.6834009,2.9360510861061626,0.0,nan
1122,130780,0.32293186,0.11009057,0.1290706,0.13257106,10,0.0,3220,474040,0.35847315,0.56992084,0.55348235,0.5495312,0.681405,0.6800114,0.68255293,0.6821023,1762,1780.0076682567596,0.35847315,0.42231426,0.4360921,0.42620215,75.20312696107436,0.0,0.0
1443,133990,0.31700817,0.072816804,0.11688181,0.13369784,10,0.0,3308,474920,0.3805093,0.6010285,0.5665487,0.5483184,0.69751745,0.67384523,0.68343055,0.6820162,1762,1780.0076682567596,0.3805093,0.47486496,0.42775333,0.424435,78.45392989413041,0.0,0.0
1775,137310,0.0011633039,0.15615216,0.118103504,0.13025856,10,0.0,3390,475740,0.6911838,0.52730787,0.5651209,0.5519683,0.6923471,0.68345994,0.68322426,0.68222684,1762,1780.0076682567596,0.38649616,0.43093428,0.4472681,0.4292398,9.420514164672758,0.0,0.0
1933,138890,0.0,0.12032354,0.12443436,0.12972976,10,0.0,3431,476150,0.6971363,0.5582201,0.5608851,0.5526632,0.6971363,0.6785436,0.68531936,0.68239295,1766,1783.7520048618317,0.6971363,0.4469083,0.4545097,0.43271753,26.62840512873907,0.0,0.0
2013,139690,0.32141912,0.1627092,0.12847783,0.12877439,10,0.0,3526,477100,0.39239007,0.51228654,0.55446255,0.55379283,0.7138092,0.6749957,0.6829403,0.68256724,1776,1794.4924020767212,0.3638536,0.47124615,0.444767,0.43441522,9.250366602465748,0.0,0.0
2070,140260,0.27273652,0.119892836,0.13207944,0.12803774,10,0.0,3635,478190,0.4175612,0.55919033,0.5511335,0.55466527,0.6902977,0.67908317,0.683213,0.68270296,1785,1804.816704750061,0.4175612,0.51067924,0.49914536,0.44053602,9.969435460427846,0.0,0.0
2126,140820,0.29490936,0.12147026,0.118369035,0.12708838,10,0.0,3743,479270,0.35978782,0.55818236,0.56532335,0.55560535,0.6546972,0.68289876,0.6837944,0.68270206,1793,1814.3228693008423,0.35978782,0.51884824,0.52363443,0.44480395,27.336904557841,0.0,0.0
2189,141450,0.3142028,0.08022038,0.10956997,0.12565681,10,0.0,3847,480310,0.35574436,0.6199225,0.57211125,0.55692214,0.66994715,0.700143,0.6816812,0.682579,1803,1825.7143268585205,0.35574436,0.55499107,0.5107325,0.4499939,9.719005767258038,0.0,0.0
2247,142030,0.26994592,0.08995895,0.11105809,0.1243235,10,0.0,3956,481400,0.38952148,0.5937258,0.57025605,0.5582119,0.6594674,0.68368477,0.6813141,0.68253535,1812,1836.10116147995,0.37448606,0.45943785,0.49626416,0.45499444,12.488344014946815,0.0,0.0
2305,142610,0.0012107491,0.14263783,0.110052034,0.12251391,10,0.0,4060,482440,0.66407555,0.5359127,0.569834,0.55987644,0.6652863,0.67855054,0.6798861,0.6823904,1821,1846.43847990036,0.3347988,0.51683134,0.5083177,0.4609593,10.490543687921692,0.0,0.0
2359,143150,0.31792924,0.11814904,0.11038082,0.11891515,10,0.0,4165,483490,0.3392283,0.5623094,0.5708483,0.5635501,0.65715754,0.68045837,0.6812292,0.68246526,1830,1856.9358413219452,0.3392283,0.44313455,0.5032315,0.46507612,9.50473797468125,0.0,0.0
2420,143760,0.0025740266,0.11723258,0.11596945,0.118530855,10,0.0,4278,484620,0.71417904,0.56653386,0.5671154,0.56402284,0.71675307,0.6837665,0.68308485,0.6825537,1839,1867.5763158798218,0.42300358,0.48512053,0.48274875,0.46800825,12.373454167846692,0.0,0.0
2474,144300,0.28733012,0.12104382,0.12213067,0.118662536,10,0.0,4380,485640,0.38238117,0.5573272,0.56117815,0.563798,0.6697113,0.6783711,0.6833088,0.68246055,1848,1877.7821645736694,0.3710966,0.4391827,0.49183092,0.47192213,10.077781184315361,0.0,0.0
2531,144870,0.36402267,0.12787484,0.12171082,0.11942146,10,0.0,4486,486700,0.33596146,0.5500098,0.5602065,0.5627436,0.69998413,0.6778846,0.68191737,0.682165,1857,1888.519217967987,0.33596146,0.5135613,0.48786667,0.47400975,8.957556135502582,0.0,0.0
2594,145500,0.08311206,0.12927692,0.12920982,0.12022533,10,0.0,4591,487750,0.6203193,0.547701,0.55050623,0.5618455,0.70343137,0.67697793,0.6797161,0.6820708,1866,1898.963073015213,0.41602233,0.48637858,0.47782195,0.47610706,11.397977155152619,0.0,0.0
2652,146080,0.32184452,0.17747763,0.1383695,0.120704666,10,0.0,4706,488900,0.33249623,0.49617425,0.5434557,0.5616596,0.65434074,0.6736519,0.6818251,0.6823642,1875,1909.339081287384,0.33249623,0.410499,0.46517614,0.47742534,11.060470333902314,0.0,0.0
2703,146590,0.2330589,0.15776794,0.12509008,0.12028701,10,0.0,4791,489750,0.42252782,0.5345162,0.557379,0.56195974,0.6555867,0.69228417,0.6824691,0.6822467,1883,1918.6496891975403,0.37334555,0.43513805,0.4862465,0.4822611,11.631932860269124,0.0,0.0
2763,147190,0.23875797,0.12276034,0.12269735,0.120820336,10,0.0,4907,490910,0.42395627,0.5706801,0.5593528,0.5613095,0.66271424,0.6934403,0.68205017,0.68212986,1893,1930.2546019554138,0.38017324,0.42195463,0.4877736,0.48315534,12.30520084422698,0.0,0.0
2821,147770,0.31400126,0.061291058,0.11175245,0.12058812,10,0.0,5013,491970,0.3438244,0.6262969,0.5722434,0.5615555,0.65782565,0.6872903,0.68363225,0.682157,1902,1940.686678647995,0.3438244,0.53782165,0.48764923,0.4845905,11.205338847435169,0.0,0.0
2881,148370,0.31172022,0.13756195,0.12307752,0.11896624,10,0.0,5120,493040,0.36439452,0.5501021,0.5598661,0.5631889,0.67611474,0.68766403,0.6824764,0.68215954,1911,1951.3779084682465,0.36439452,0.42507616,0.48204026,0.48701623,12.043430159054214,0.0,0.0
2934,148900,0.37404403,0.12433312,0.1290128,0.119950674,10,0.0,5225,494090,0.33297428,0.5666622,0.55562705,0.5622014,0.7070183,0.6909953,0.6846399,0.68210703,1920,1961.9309244155884,0.33297428,0.5014377,0.47945046,0.48896387,10.203696662241493,0.0,0.0
2992,149480,0.3070613,0.066867694,0.122978084,0.12006671,10,0.0,5330,495140,0.3772056,0.614512,0.5633636,0.5620719,0.6842669,0.6813797,0.68634176,0.6821449,1929,1972.353211402893,0.3772056,0.5353576,0.50209033,0.49303392,9.639075644253342,0.0,0.0
3050,150060,0.2757087,0.13463566,0.13538532,0.1205442,10,0.0,5437,496210,0.408546,0.54051816,0.54600257,0.5613641,0.6842547,0.6751538,0.68138784,0.68188804,1938,1982.688470840454,0.408546,0.45206207,0.47986832,0.49121356,12.051503369234288,0.0,0.0
3104,150600,0.2936788,0.15660492,0.1202276,0.12120168,10,0.0,5530,497140,0.4162341,0.5337106,0.5599197,0.56055725,0.7099129,0.69031554,0.68014735,0.68173206,1946,1992.3511362075806,0.3909286,0.47665134,0.4907876,0.4894138,23.723854886595863,0.0,0.0
3160,151160,0.3026599,0.12883958,0.11444324,0.12109334,10,0.0,5638,498220,0.35193172,0.5485356,0.5687413,0.56086814,0.6545916,0.6773752,0.6831845,0.68195474,1955,2003.1145610809326,0.35193172,0.5236181,0.50599706,0.48973334,11.878906245574763,0.0,0.0
3217,151730,0.23633325,0.13250972,0.114691086,0.12165924,10,0.0,5742,499260,0.41897726,0.55672014,0.56818014,0.56058747,0.6553105,0.68922985,0.68287116,0.68220997,1964,2013.5572090148926,0.3344778,0.5242694,0.5130587,0.48949397,9.784198707944874,0.0,0.0
3277,152330,0.3365639,0.10175009,0.1264417,0.12244789,10,0.0,5847,500310,0.333718,0.5806465,0.55563825,0.5596497,0.6702819,0.68239653,0.68208003,0.6820504,1973,2024.121387720108,0.333718,0.51803446,0.49646968,0.4892843,12.35281003114485,0.0,0.0
3333,152890,0.23544022,0.11351488,0.11839074,0.12325142,10,0.0,5952,501360,0.4231631,0.57233584,0.5616407,0.5588207,0.6586033,0.68585074,0.68003136,0.6820665,1982,2034.5240545272827,0.354966,0.5043317,0.49122924,0.48679018,12.339991856313357,0.0,0.0
3392,153480,0.36310357,0.15619282,0.12078936,0.12424497,10,0.0,6054,502380,0.35009754,0.5239767,0.5633423,0.5579171,0.7132011,0.6801695,0.6841317,0.6821518,1991,2044.9675149917603,0.35009754,0.4562955,0.50170267,0.489164,12.791575860380036,0.0,0.0
3441,153970,0.31765467,0.115127504,0.12734635,0.123826265,10,0.0,6152,503360,0.34935206,0.5525502,0.5557418,0.55822057,0.66700673,0.66767764,0.68308806,0.682046,1999,2054.9551196098328,0.34249905,0.49243268,0.49852368,0.4892753,26.15908987434693,0.0,0.0
3501,154570,0.28430754,0.12274774,0.11928764,0.12354256,10,0.0,6257,504410,0.4201365,0.5692464,0.5632257,0.5587041,0.70444405,0.69199413,0.6825134,0.6822295,2008,2065.754025220871,0.39947543,0.5172111,0.494709,0.48935804,12.121421600402977,0.0,0.0
3553,155090,0.2796434,0.14816292,0.12478262,0.1243672,10,0.0,6353,505370,0.38947794,0.53387076,0.55779684,0.55789185,0.6691213,0.68203366,0.6825795,0.68226576,2016,2075.1355962753296,0.38947794,0.4388215,0.4849075,0.48908088,11.08489584943817,0.0,0.0
3608,155640,0.3313595,0.10016575,0.12622085,0.1231932,10,0.0,6464,506480,0.3417849,0.5833659,0.555649,0.5592351,0.6731444,0.68353164,0.68186986,0.68240577,2025,2085.8889515399933,0.33274382,0.5407128,0.49206248,0.49164698,30.437774357344342,0.0,0.0
3660,156160,0.3242342,0.106001414,0.11518898,0.12247466,10,0.0,6557,507410,0.37890542,0.5778293,0.5667313,0.55983055,0.7031396,0.6838307,0.6819202,0.6822609,2033,2095.4203884601593,0.37769726,0.5005778,0.4781054,0.49030313,10.483244021434855,0.0,0.0
3721,156770,0.33084685,0.08618681,0.11411898,0.12137578,10,0.0,6663,508470,0.3332277,0.6000314,0.56916714,0.5611598,0.66407454,0.68621814,0.6832862,0.6825387,2042,2106.108344554901,0.3332277,0.528581,0.46628764,0.49018455,10.561440643289654,0.0,0.0
3779,157350,0.32414255,0.14992285,0.11553392,0.121600024,10,0.0,6779,509630,0.33281806,0.530132,0.56879044,0.56089664,0.6569606,0.68005484,0.6843243,0.68251073,2052,2117.8985221385956,0.33281806,0.4927427,0.49060056,0.49073273,12.50862328630265,0.0,0.0
3836,157920,0.32974762,0.10986266,0.11598665,0.12178064,10,0.0,6885,510690,0.38012278,0.56756145,0.56521726,0.5605521,0.7098704,0.67742413,0.6812039,0.68233275,2061,2128.8057396411896,0.37784377,0.4961977,0.49334052,0.48964417,9.972346220281578,0.0,0.0
3897,158530,0.0,0.10256785,0.12906644,0.12185796,10,0.0,6989,511730,0.6969722,0.5775323,0.5515482,0.5605941,0.6969722,0.68158597,0.6807845,0.68244165,2070,2139.3932540416718,0.6969722,0.518789,0.478092,0.49107128,12.6875513106797,0.0,0.0
3952,159080,0.25603014,0.11464347,0.12312771,0.12158893,10,0.0,7096,512800,0.41076005,0.56789577,0.55945516,0.56054056,0.6667902,0.68253934,0.68258286,0.6821295,2079,2149.7760512828827,0.3872347,0.4370132,0.47345868,0.48865178,10.022516769294038,0.0,0.0
4014,159700,0.2454589,0.20003407,0.13144651,0.12189469,10,0.0,7203,513870,0.4216144,0.47605315,0.5496099,0.5599888,0.6670733,0.6760872,0.6810564,0.6818834,2088,2160.595269680023,0.4216144,0.40981597,0.46758476,0.48856318,10.433153432106959,0.0,0.0
4066,160220,0.2715954,0.11829843,0.14617635,0.12261795,10,0.0,7307,514910,0.42163435,0.5650319,0.5342164,0.5594847,0.69322973,0.6833304,0.68039274,0.6821027,2097,2171.0641844272614,0.42163435,0.48166642,0.4591424,0.48697215,10.758923693106118,0.0,0.0
4121,160770,0.2880417,0.13590118,0.13419682,0.12408461,10,0.0,7401,515850,0.42443365,0.54905033,0.54887986,0.5580936,0.71247536,0.68495154,0.6830767,0.6821782,2105,2180.6617794036865,0.37228668,0.47061166,0.46471456,0.4846292,10.577704048011327,0.0,0.0
4183,161390,0.29554343,0.098992795,0.11139563,0.123077415,10,0.0,7506,516900,0.35809356,0.5765058,0.5720635,0.5593266,0.653637,0.6754986,0.6834591,0.682404,2114,2191.132341146469,0.35809356,0.5250961,0.49642602,0.4851652,11.116938054199759,0.0,0.0
4241,161970,0.25889176,0.14337721,0.09910719,0.12227147,10,0.0,7623,518070,0.4217102,0.54346,0.5845715,0.5600492,0.68060195,0.6868372,0.68367857,0.68232065,2124,2202.9412076473236,0.41013467,0.4559804,0.52342963,0.4866063,12.535997283765237,0.0,0.0
4299,162550,0.3432614,0.13249615,0.1171394,0.122738644,10,0.0,7728,519120,0.3681802,0.5472892,0.5657966,0.5596691,0.7114416,0.67978525,0.68293595,0.68240774,2133,2213.378891468048,0.3681802,0.4743742,0.50924814,0.48680982,10.399761769983563,0.0,0.0
4360,163160,0.3372009,0.078982696,0.11866758,0.12248204,10,0.0,7834,520180,0.33733383,0.599393,0.5654966,0.5603192,0.67453474,0.67837566,0.6841642,0.6828012,2142,2224.057245492935,0.33733383,0.5109282,0.49418962,0.4869422,11.015686103539945,0.0,0.0
4411,163670,0.28852212,0.13374393,0.12131279,0.12217826,10,0.0,7930,521140,0.41115534,0.5623596,0.56411195,0.56037295,0.69967747,0.6961035,0.68542475,0.68255115,2150,2233.859223842621,0.4104107,0.52819574,0.5102163,0.48701823,10.740753544716734,0.0,0.0
4473,164290,0.36494726,0.080837704,0.12769146,0.12295156,10,0.0,8045,522290,0.34565383,0.60081327,0.554064,0.55956537,0.7106011,0.681651,0.68175536,0.682517,2160,2245.4681129455566,0.3328537,0.4903068,0.4835551,0.48574188,11.77398726907085,0.0,0.0
4529,164850,0.3111993,0.15208875,0.13378055,0.12365646,10,0.0,8151,523350,0.37560135,0.5224155,0.54776883,0.55873877,0.68680066,0.6745043,0.6815494,0.6823953,2169,2256.249068260193,0.37560135,0.47876805,0.48533335,0.48549145,12.67508649651128,0.0,0.0
4587,165430,0.2989128,0.11068004,0.13815323,0.12391565,10,0.0,8259,524430,0.38962236,0.5692325,0.54200435,0.55840236,0.68853515,0.67991257,0.6801576,0.682318,2178,2266.9427564144135,0.33621264,0.48096848,0.4781344,0.4847578,11.402597233126793,0.0,0.0
4643,165990,0.28609136,0.11852415,0.12937671,0.124360934,10,0.0,8353,525370,0.39707586,0.57043564,0.5507817,0.5579148,0.6831672,0.6889597,0.68015844,0.6822758,2186,2276.686990737915,0.3436197,0.51106745,0.467519,0.48406693,11.536774585728057,0.0,0.0
4704,166600,0.3118345,0.100551486,0.12013697,0.12358188,10,0.0,8470,526540,0.3477249,0.571466,0.5588521,0.5583872,0.6595594,0.6720175,0.6789892,0.681969,2196,2287.128839969635,0.3477249,0.43428794,0.4758848,0.4859514,11.505283433537802,0.0,0.0
4768,167240,0.37228855,0.15853848,0.12952611,0.12608272,10,0.0,8587,527710,0.33913407,0.5198445,0.55087245,0.55567724,0.7114226,0.678383,0.6803986,0.68176,2206,2297.55996632576,0.33913407,0.47395268,0.465259,0.4827728,11.098981502773619,0.0,0.0
4835,167910,0.27897522,0.17900828,0.12958546,0.12542944,10,0.0,8706,528900,0.38235185,0.5281659,0.5556712,0.5565458,0.66132706,0.67939836,0.682467,0.6819983,2216,2307.621052980423,0.38235185,0.41134363,0.4662064,0.48302585,12.515815962208197,0.0,0.0
4908,168640,0.35879076,0.10649327,0.12745412,0.12514105,10,0.0,8841,530250,0.35062104,0.56916755,0.55359113,0.5567408,0.7094118,0.6756608,0.6810453,0.6818819,2228,2319.6749024391174,0.33350083,0.51899326,0.48467162,0.4836969,10.098932995281968,0.0,0.0
4971,169270,0.24890804,0.0658054,0.11409111,0.12494578,10,0.0,8958,531420,0.41872025,0.6137559,0.56545115,0.5567337,0.6676283,0.67956126,0.6795422,0.6816794,2238,2329.8597404956818,0.3886761,0.5711874,0.51606244,0.48608392,10.574871800948644,0.0,0.0
5037,169930,0.32614258,0.067981355,0.10683956,0.12190711,10,0.0,9070,532540,0.38442835,0.61106503,0.5713696,0.5596449,0.71057093,0.67904633,0.6782091,0.681552,2248,2339.823534011841,0.36069712,0.59582406,0.51241004,0.48850495,31.98021243874525,0.0,0.0
5103,170590,0.36091268,0.1330992,0.11629009,0.12078869,10,0.0,9190,533740,0.3517509,0.5429145,0.56378055,0.560624,0.7126636,0.6760137,0.6800706,0.68141264,2258,2349.688656806946,0.3517509,0.4858974,0.51611686,0.49300653,13.841143959903851,0.0,0.0
5166,171220,0.30241537,0.13448079,0.12232222,0.12140323,10,0.0,9308,534920,0.36426103,0.5403745,0.5579054,0.5596865,0.6666764,0.6748553,0.68022764,0.6810897,2267,2358.840181827545,0.34383783,0.46754798,0.51580787,0.4943858,15.591118538927391,0.0,0.0
5234,171900,0.31865397,0.092435084,0.10586894,0.12147618,10,0.0,9431,536150,0.35839835,0.5960874,0.5742834,0.5596536,0.6770523,0.68852246,0.68015236,0.6811297,2279,2370.669374227524,0.35839835,0.53193253,0.5247829,0.49473017,12.74519271528592,0.0,0.0
5304,172600,0.3249418,0.059865117,0.09455943,0.119135626,10,0.0,9567,537510,0.33229864,0.6176718,0.5862477,0.56177574,0.65724045,0.67753696,0.6808071,0.68091136,2289,2380.6862490177155,0.33229864,0.5745702,0.53768665,0.49789125,9.461479186254465,0.0,0.0
5364,173200,0.2661068,0.098528266,0.102532126,0.11853993,10,0.0,9671,538550,0.40524772,0.58651865,0.57867044,0.562118,0.67135453,0.685047,0.68120253,0.680658,2299,2391.1316454410553,0.39504233,0.53818196,0.531128,0.4992155,11.659673408253028,0.0,0.0
5432,173880,0.23916075,0.10296074,0.10011495,0.11670544,10,0.0,9793,539770,0.4235297,0.58209074,0.58321553,0.5640089,0.66269046,0.6850515,0.68333054,0.68071437,2309,2400.9989726543427,0.4164472,0.5410065,0.53166616,0.50206935,36.25903708717704,0.0,0.0
5502,174580,0.3092907,0.11516974,0.10542297,0.11525609,10,0.0,9928,541120,0.3663453,0.5695794,0.5771439,0.5652297,0.675636,0.6847492,0.682567,0.68048584,2321,2412.818110704422,0.34004495,0.51693237,0.5099968,0.50379807,15.427472593760896,0.0,0.0
5567,175230,0.29183063,0.077825926,0.10806016,0.11309418,10,0.0,10042,542260,0.40512136,0.6034867,0.576275,0.56780344,0.696952,0.6813127,0.6843352,0.6808976,2331,2423.211754798889,0.40512136,0.5434886,0.5056619,0.5066621,13.9875081996407,0.0,0.0
5632,175880,0.3020399,0.101757504,0.11733237,0.11293993,10,0.0,10162,543460,0.38076255,0.57251406,0.56641835,0.5682888,0.68280244,0.6742715,0.68375075,0.6812287,2341,2433.247750043869,0.38076255,0.48196095,0.5156537,0.5091825,13.194149444841505,0.0,0.0
5698,176540,0.31320935,0.1527074,0.124347255,0.11398034,10,0.0,10273,544570,0.35786772,0.52517617,0.5568273,0.5673751,0.6710771,0.6778835,0.6811747,0.68135554,2351,2443.148594379425,0.34557357,0.43588954,0.50165045,0.5096736,13.231447426158953,0.0,0.0
5759,177150,0.12497127,0.09608458,0.12069753,0.11289854,10,0.0,10390,545740,0.587108,0.5770448,0.5602165,0.5684825,0.7120793,0.6731294,0.680914,0.6813811,2361,2453.362980365753,0.355717,0.52065825,0.50716037,0.5136095,32.73217361310004,0.0,0.0
5825,177810,0.2680801,0.112653136,0.12102623,0.11364111,10,0.0,10509,546930,0.40609297,0.5715721,0.56011033,0.56770605,0.67417306,0.6842253,0.6811366,0.6813472,2371,2463.3052740097046,0.35728356,0.49837908,0.4890295,0.5130156,11.656426577616614,0.0,0.0
5896,178520,0.25819275,0.09116705,0.11210272,0.11211688,10,0.0,10631,548150,0.42178056,0.59539306,0.5722638,0.5696139,0.6799733,0.68656003,0.6843665,0.6817308,2381,2473.2277266979218,0.3733366,0.53194046,0.50433725,0.5144785,10.600245299293697,0.0,0.0
5959,179150,0.34505582,0.11048782,0.11171209,0.11200739,10,0.0,10748,549320,0.33666134,0.5636161,0.56983095,0.5696817,0.68171716,0.6741039,0.6815431,0.681689,2391,2483.4304282665253,0.33666134,0.5261418,0.5105262,0.5142892,11.564658824554453,0.0,0.0
6026,179820,0.2814713,0.096601166,0.123711735,0.11320407,10,0.0,10869,550530,0.3752337,0.5763061,0.55408084,0.56856394,0.656705,0.6729073,0.67779267,0.68176806,2403,2495.4149317741394,0.3732014,0.44711345,0.49011275,0.5127151,10.561895423157834,0.0,0.0
6102,180580,0.3400595,0.15302363,0.12416805,0.114502914,10,0.0,11013,551970,0.3326424,0.5162054,0.55684114,0.5673393,0.6727019,0.669229,0.68100923,0.68184215,2414,2506.343406200409,0.3326424,0.4340779,0.46677694,0.5072842,11.33759304721276,0.0,0.0
6170,181260,0.31684265,0.10961368,0.12593251,0.11445565,10,0.0,11121,553050,0.34990582,0.57003534,0.5504053,0.56732506,0.66674846,0.68325484,0.679167,0.6818484,2425,2517.5972633361816,0.34990582,0.52253044,0.48402843,0.5061744,12.574843980102367,0.0,0.0
6233,181890,0.2113556,0.16179751,0.1222914,0.115319066,10,0.0,11243,554270,0.48667493,0.5207455,0.55692065,0.5663394,0.69803053,0.68254304,0.67921203,0.68165845,2435,2527.535957336426,0.48667493,0.4306294,0.4671842,0.50198865,13.250177698730361,0.0,0.0
6295,182510,0.32734802,0.1189176,0.11258444,0.11589026,10,0.0,11349,555330,0.33244243,0.569057,0.56716484,0.5658536,0.65979046,0.6879746,0.67974925,0.68174386,2445,2537.5868837833405,0.33244243,0.51165533,0.47700423,0.49910378,34.00807248043097,0.0,0.0
6365,183210,0.35038525,0.096151955,0.113013074,0.116372116,10,0.0,11468,556520,0.36440665,0.5833217,0.56784225,0.5653503,0.7147919,0.6794737,0.6808554,0.68172234,2455,2547.801278591156,0.35117412,0.57683414,0.48636574,0.49632746,34.896553445514485,0.0,0.0
6423,183790,0.31837246,0.100891754,0.12868772,0.118838064,10,0.0,11584,557680,0.36197415,0.57593983,0.5508871,0.56264013,0.6803466,0.6768316,0.6795749,0.68147826,2465,2557.7314229011536,0.36197415,0.51000965,0.48986378,0.49288112,23.565067796629215,0.0,0.0
6498,184540,0.27037385,0.13748333,0.13037506,0.12029703,10,0.0,11704,558880,0.39592776,0.57030386,0.5495069,0.5611683,0.6663016,0.68825454,0.6791014,0.68143755,2476,2568.6683435440063,0.38337666,0.5385292,0.48380744,0.49154326,13.884837690927508,0.0,0.0
6559,185150,0.2913898,0.08911692,0.11124959,0.120225735,10,0.0,11822,560060,0.40584442,0.5954077,0.56834894,0.56089586,0.6972342,0.68452466,0.67959857,0.6811216,2485,2577.8795778751373,0.33644918,0.48924595,0.49662238,0.49114135,13.45204743988631,0.0,0.0
6626,185820,0.2872719,0.112940565,0.10658731,0.119749404,10,0.0,11940,561240,0.41728756,0.56639516,0.57607496,0.5614037,0.70455945,0.6793358,0.68266225,0.68115306,2496,2588.9306173324585,0.35023996,0.43673778,0.5060043,0.49071828,13.877845430403712,0.0,0.0
6686,186420,0.30521888,0.10014989,0.10855719,0.118469186,10,0.0,12058,562420,0.381226,0.5852493,0.57293737,0.5624947,0.6864449,0.6853992,0.6814946,0.6809639,2506,2599.0740308761597,0.36108896,0.48505038,0.5021631,0.49044,12.93573680860198,0.0,0.0
6749,187050,0.29236168,0.12128878,0.10936952,0.117776446,10,0.0,12165,563490,0.39501095,0.5584862,0.5716354,0.56314474,0.6873726,0.679775,0.68100494,0.68092114,2516,2609.2622871398926,0.39501095,0.5484626,0.50878644,0.49208704,13.783138009686931,0.0,0.0
6822,187780,0.25711876,0.18532816,0.11976721,0.117587045,10,0.0,12298,564820,0.42273676,0.49375314,0.56182635,0.56355965,0.6798555,0.67654383,0.68173236,0.681145,2527,2620.195426464081,0.34370008,0.464279,0.5070329,0.49337792,10.255390597168162,0.0,0.0
6887,188430,0.3580741,0.09427794,0.117196724,0.11712545,10,0.0,12403,565870,0.33630124,0.5841655,0.56315154,0.5635529,0.69437534,0.67844355,0.6803483,0.68067837,2537,2630.1411073207855,0.33630124,0.5206624,0.5032438,0.49289814,43.04896798760148,0.0,0.0
6951,189070,0.34137425,0.09013742,0.11585386,0.11767327,10,0.0,12521,567050,0.3652694,0.58082503,0.5624407,0.562803,0.70664364,0.67096245,0.6782946,0.6804763,2547,2640.2845125198364,0.3652694,0.46839166,0.49310532,0.49110237,10.652419770413054,0.0,0.0
7018,189740,0.32537654,0.11872312,0.1254351,0.11752836,10,0.0,12647,568310,0.3414329,0.561324,0.5556964,0.56305885,0.66680944,0.68004715,0.6811316,0.68058723,2557,2650.458682537079,0.3414329,0.50596464,0.4934995,0.49168038,11.532898135924903,0.0,0.0
7085,190410,0.288288,0.13237584,0.125065,0.117166236,10,0.0,12768,569520,0.39582807,0.5477641,0.55769277,0.56338483,0.68411607,0.68013996,0.68275774,0.68055105,2567,2660.430736541748,0.38175872,0.5229386,0.5060643,0.4954201,30.42476979969273,0.0,0.0
7151,191070,0.0011365414,0.08518332,0.11550562,0.11640003,10,0.0,12873,570570,0.70744306,0.5915756,0.56772715,0.5644737,0.7085796,0.6767589,0.6832329,0.68087375,2577,2670.4968416690826,0.39265072,0.5732285,0.5091936,0.4964125,30.201008643458074,0.0,0.0
7217,191730,0.2666094,0.13507862,0.11145708,0.1172581,10,0.0,13005,571890,0.39473763,0.5516541,0.5708285,0.5637165,0.66134703,0.68673265,0.6822856,0.68097454,2589,2682.425032377243,0.33423728,0.47424507,0.51269984,0.49724463,13.538039650605747,0.0,0.0
7285,192410,0.3111826,0.12544568,0.11410301,0.117016725,10,0.0,13123,573070,0.36223182,0.5560271,0.5693437,0.56425494,0.6734144,0.6814728,0.6834467,0.6812717,2599,2692.7136397361755,0.35314217,0.49616927,0.5147039,0.50110036,11.460485775709904,0.0,0.0
7348,193040,0.2682613,0.1545763,0.11683138,0.117817,10,0.0,13236,574200,0.3871522,0.53425837,0.5626147,0.56319594,0.6554135,0.6888347,0.6817551,0.6811016,2609,2702.772561311722,0.3871522,0.4563219,0.50923777,0.5019125,32.199922922318905,0.0,0.0
7409,193650,0.34628043,0.13507845,0.11491722,0.11623038,10,0.0,13356,575400,0.35776326,0.5470038,0.56481856,0.56496286,0.7040437,0.6820822,0.6795401,0.6811625,2619,2712.7822909355164,0.35776326,0.48286438,0.49245903,0.5024256,11.420757423975372,0.0,0.0
7474,194300,0.24551353,0.102408454,0.10565776,0.11465683,10,0.0,13466,576500,0.42167082,0.5845748,0.5773032,0.5669391,0.66718435,0.6869833,0.683096,0.681555,2629,2722.779226064682,0.37214544,0.48405686,0.5154273,0.5052711,11.718545083513028,0.0,0.0
7547,195030,0.32372496,0.109829724,0.12995777,0.116794825,10,0.0,13591,577750,0.33416888,0.5970647,0.55462724,0.5649174,0.65789384,0.6813366,0.6814275,0.6815451,2639,2732.9510881900787,0.3328714,0.49134,0.49127674,0.5032352,13.942893462606566,0.0,0.0
7608,195640,0.32033247,0.098704435,0.12409215,0.11702904,10,0.0,13701,578850,0.3547622,0.5797038,0.5565762,0.5642046,0.67509466,0.67840827,0.6806685,0.68119633,2649,2742.842515707016,0.3547622,0.5013592,0.5012923,0.50250137,10.975305259626705,0.0,0.0
7679,196350,0.31378967,0.08425774,0.12505075,0.118232146,10,0.0,13831,580150,0.35661358,0.5951185,0.5551306,0.56312007,0.67040324,0.67937624,0.6801815,0.6813149,2661,2754.862669467926,0.33345804,0.5008384,0.4975488,0.5022009,12.514986908553825,0.0,0.0
7739,196950,0.3506303,0.08191338,0.121730044,0.119278364,10,0.0,13937,581210,0.36075494,0.5942375,0.55660504,0.5617429,0.71138525,0.6761508,0.67833513,0.680984,2670,2763.917088508606,0.36075494,0.49786392,0.49401006,0.501043,11.205296937547686,0.0,0.0
7803,197590,0.32398728,0.11074686,0.11698144,0.11957297,10,0.0,14054,582380,0.34601805,0.574331,0.56416017,0.56139046,0.6700053,0.6850779,0.6811417,0.6809261,2679,2773.0125529766083,0.34601805,0.45625186,0.48743474,0.50020915,11.127602918223882,0.0,0.0
7865,198210,0.25981432,0.12788561,0.11089016,0.11889296,10,0.0,14157,583410,0.40339857,0.5528812,0.5715177,0.5622428,0.6632129,0.6807669,0.6824079,0.68109846,2689,2783.072681903839,0.37138578,0.5197413,0.5027161,0.5009188,10.726911701972034,0.0,0.0
7934,198900,0.33315292,0.1204737,0.12238102,0.118899554,10,0.0,14291,584750,0.37333557,0.5666216,0.55969316,0.5624214,0.7064885,0.6870953,0.6820743,0.6812836,2701,2795.036238193512,0.37333557,0.4959475,0.5174011,0.5033599,25.1863105449973,0.0,0.0
8001,199570,0.33806473,0.06338429,0.11735483,0.11837183,10,0.0,14398,585820,0.3359707,0.6209551,0.5668559,0.56325436,0.67403543,0.6843394,0.684055,0.68159777,2711,2805.0335297584534,0.3359707,0.5701765,0.51655257,0.50461006,14.215652149156595,0.0,0.0
8074,200300,0.27805582,0.07299655,0.10697143,0.11824753,10,0.0,14536,587200,0.3882999,0.6076883,0.5767727,0.5634734,0.6663557,0.6806849,0.6838377,0.681685,2722,2815.86407828331,0.3607472,0.6012379,0.5417169,0.5062887,11.344747402920046,0.0,0.0
8139,200950,0.28635055,0.11132769,0.1087037,0.11793991,10,0.0,14658,588420,0.41955304,0.5689254,0.5755331,0.5637921,0.7059036,0.680253,0.6842366,0.68168485,2733,2826.8182742595673,0.3322501,0.5546802,0.54057044,0.5079439,9.52999663725018,0.0,0.0
8201,201570,0.32518837,0.10033645,0.106663845,0.116713665,10,0.0,14763,589470,0.3612366,0.5753475,0.57542,0.5650474,0.686425,0.67568386,0.68208385,0.6817522,2742,2835.801962852478,0.3612366,0.5574523,0.5276389,0.5097333,26.421361829883708,0.0,0.0
8269,202250,0.27341446,0.0618109,0.11794735,0.11707775,10,0.0,14887,590710,0.4165909,0.622314,0.56391776,0.564659,0.69000536,0.6841248,0.6818651,0.68173784,2752,2845.8747012615204,0.4165909,0.5938932,0.49802798,0.507909,25.241027116189976,0.0,0.0
8333,202890,0.29778618,0.09722907,0.12261948,0.1174907,10,0.0,14992,591760,0.4155699,0.58814245,0.55951726,0.5644506,0.7133561,0.6853715,0.6821368,0.68173414,2762,2855.857934951782,0.4155699,0.54871994,0.49233612,0.506773,10.646576538615792,0.0,0.0
8402,203580,0.015314102,0.15471455,0.12235396,0.117624536,10,0.0,15124,593080,0.661132,0.52669173,0.5586736,0.5640155,0.6764461,0.6814063,0.68102765,0.6816575,2773,2867.008409500122,0.3805988,0.46298617,0.48859537,0.50633067,12.802019849933599,0.0,0.0
8469,204250,0.27282706,0.10518646,0.13431115,0.1198367,10,0.0,15243,594270,0.4224569,0.5780028,0.54840803,0.56183374,0.69528395,0.6831893,0.6827193,0.68169445,2784,2877.9525566101074,0.37843126,0.513594,0.4658641,0.50200063,11.311224916331588,0.0,0.0
8536,204920,0.33642393,0.12140481,0.12783305,0.11828082,10,0.0,15363,595470,0.34633297,0.5582589,0.5545714,0.56343836,0.6827569,0.6796637,0.6824046,0.6817471,2794,2887.8429079055786,0.34633297,0.5353223,0.4930217,0.5038348,38.480347454004,0.0,0.0
8601,205570,0.3003634,0.10234201,0.11273552,0.1178467,10,0.0,15475,596590,0.382421,0.59035385,0.5717364,0.56427515,0.6827844,0.6926959,0.6844719,0.6821223,2805,2899.091919898987,0.382421,0.515857,0.50891924,0.50323987,34.591684412107696,0.0,0.0
8667,206230,0.29424515,0.1358958,0.119549185,0.118028335,10,0.0,15588,597720,0.4148369,0.5475284,0.56431586,0.564174,0.70908207,0.6834242,0.6838651,0.6821943,2815,2909.2607550621033,0.38406637,0.44433004,0.48885614,0.5021137,10.916148247934242,0.0,0.0
8732,206880,0.33179212,0.11610465,0.12179936,0.11798694,10,0.0,15706,598900,0.37129813,0.57185537,0.5607127,0.56458217,0.70309025,0.68795997,0.6825121,0.6825651,2826,2920.219044446945,0.37129813,0.51057065,0.494213,0.5017361,9.5707398462586,0.0,0.0
8793,207490,0.3138763,0.092212185,0.11817749,0.11777019,10,0.0,15811,599950,0.34324297,0.59401274,0.5649071,0.5648429,0.6571193,0.68622494,0.6830845,0.68265396,2835,2929.285950422287,0.34324297,0.51390445,0.4889409,0.5016905,10.416738689443745,0.0,0.0
8863,208190,0.3686232,0.11309496,0.11634592,0.118947916,10,0.0,15929,601130,0.34762925,0.5787522,0.566828,0.5639177,0.71625245,0.6918472,0.6831739,0.68285275,2845,2939.190705060959,0.34762925,0.55020684,0.5118916,0.5024025,42.103454160350935,0.0,0.0
8930,208860,0.03867072,0.13274395,0.13154718,0.119290054,10,0.0,16053,602370,0.6279126,0.5471285,0.5527514,0.5635933,0.6665833,0.6798724,0.68429863,0.6829005,2855,2949.3082327842712,0.37142718,0.50282395,0.4950551,0.5004421,30.69889451002436,0.0,0.0
8994,209500,0.26977223,0.09331069,0.11634647,0.11872899,10,0.0,16169,603530,0.42393702,0.6069796,0.56870306,0.56436855,0.69370925,0.7002903,0.68504953,0.68309754,2865,2959.481489419937,0.42393702,0.53050125,0.5117464,0.50113034,28.669200273410798,0.0,0.0
9056,210120,0.338981,0.14232793,0.10693107,0.118494496,10,0.0,16277,604610,0.35936078,0.53600407,0.57721734,0.564447,0.6983418,0.678332,0.68414843,0.6829415,2876,2970.4548246860504,0.35936078,0.42635384,0.50808924,0.4991935,12.960022741739126,0.0,0.0
9123,210790,0.2728216,0.08088322,0.11827276,0.11893652,10,0.0,16408,605920,0.3833074,0.6069526,0.5635887,0.56402624,0.656129,0.6878359,0.6818614,0.6829628,2886,2980.557456970215,0.37187624,0.49423686,0.49493477,0.49742746,10.805959490121404,0.0,0.0
9189,211450,0.3269292,0.087478235,0.11126213,0.11975565,10,0.0,16525,607090,0.34322977,0.59661853,0.5719166,0.5631599,0.670159,0.6840968,0.68317866,0.6829155,2896,2990.76172041893,0.34322977,0.4490447,0.50587404,0.49491614,13.222366814958287,0.0,0.0
9251,212070,0.23779267,0.12056464,0.11770281,0.119456775,10,0.0,16629,608130,0.4218154,0.5650973,0.56432635,0.56376487,0.65960807,0.6856619,0.6848762,0.6832371,2906,3000.8220760822296,0.3700526,0.511064,0.5149494,0.49676904,11.328528915905409,0.0,0.0
9319,212750,0.012302518,0.1503381,0.11187615,0.119103804,10,0.0,16750,609340,0.6778059,0.5293897,0.57039493,0.5638556,0.6901084,0.6797278,0.6822712,0.683124,2916,3010.688511133194,0.33383286,0.4551993,0.51116264,0.49781698,13.17071577683378,0.0,0.0
9376,213320,0.34949848,0.12198392,0.12677564,0.120414086,10,0.0,16853,610370,0.36345384,0.5610513,0.5540267,0.5626994,0.7129523,0.68303525,0.6808024,0.68307555,2926,3020.8986971378326,0.36345384,0.51739895,0.49163967,0.49705493,12.3501402613953,0.0,0.0
9445,214010,0.37425652,0.07730553,0.10736604,0.11802195,10,0.0,16978,611620,0.34151164,0.6056707,0.5774806,0.5652842,0.71576816,0.6829763,0.68484664,0.68330705,2936,3030.70098900795,0.34151164,0.5300803,0.5172407,0.50099707,31.48529404037242,0.0,0.0
9510,214660,0.2702256,0.12834415,0.10992936,0.11774038,10,0.0,17096,612800,0.40456894,0.549554,0.570612,0.5653314,0.67479455,0.67789805,0.6805413,0.6830841,2947,3041.6081902980804,0.3403974,0.5063357,0.50071883,0.5004708,28.873763884251723,0.0,0.0
9575,215310,0.32035297,0.09879621,0.12556085,0.118642576,10,0.0,17210,613940,0.34467477,0.5864413,0.5522608,0.5640833,0.66502774,0.6852375,0.67812383,0.6828472,2956,3050.8975121974945,0.34467477,0.47248897,0.47344306,0.49859414,36.15489447828752,0.0,0.0
9640,215960,0.3413558,0.12644558,0.11545465,0.117349155,10,0.0,17319,615030,0.33829397,0.5464872,0.56493235,0.564842,0.6796498,0.6729328,0.68044794,0.6825536,2966,3060.8188111782074,0.33259708,0.54340136,0.4980899,0.49992135,14.558151852663022,0.0,0.0
9713,216690,0.32092008,0.06925158,0.104561895,0.116020754,10,0.0,17448,616320,0.3762755,0.61654484,0.5739052,0.56630695,0.6971956,0.6857964,0.6784671,0.6823237,2978,3072.656869649887,0.3762755,0.5066772,0.50889254,0.50114685,10.220355259531667,0.0,0.0
9775,217310,0.32575268,0.08979564,0.105459064,0.11488478,10,0.0,17570,617540,0.3820988,0.6019357,0.57546914,0.56727225,0.70785147,0.69173133,0.6809282,0.68219817,2988,3082.7863392829895,0.3820988,0.53194535,0.5137619,0.5038731,10.910057594894234,0.0,0.0
9844,218000,0.0,0.17502396,0.12045599,0.11568615,10,0.0,17686,618700,0.71694916,0.5052799,0.5619325,0.5663368,0.71694916,0.68030393,0.6823885,0.68229866,2998,3092.690360546112,0.71694916,0.43990177,0.5030798,0.502496,12.924265105102958,0.0,0.0
9901,218570,0.2577162,0.11381201,0.1365511,0.115258396,10,0.0,17789,619730,0.40552905,0.566753,0.545561,0.5663711,0.66324526,0.680565,0.6821122,0.6820099,3008,3102.7571868896484,0.33382478,0.545816,0.48332492,0.5018379,28.382964958985056,0.0,0.0
9971,219270,0.33039322,0.11750525,0.115103155,0.11561395,10,0.0,17908,620920,0.33742914,0.5635371,0.56636775,0.56622726,0.66782236,0.6810424,0.68147093,0.68186563,3018,3112.86869764328,0.33742914,0.4741269,0.5029848,0.50128794,12.028137032821473,0.0,0.0
10040,219960,0.014886439,0.1096334,0.109741576,0.11562199,10,0.0,18035,622190,0.68055934,0.5699705,0.57279325,0.56564486,0.6954458,0.6796039,0.6825349,0.68159264,3030,3124.866985797882,0.36262995,0.4749247,0.49250224,0.49946833,15.69917852909284,0.0,0.0
10105,220610,0.33715478,0.10352357,0.12355809,0.1164668,10,0.0,18141,623250,0.35927507,0.5836249,0.55965,0.5650836,0.69642985,0.68714845,0.6832081,0.6816881,3040,3134.7914414405823,0.35927507,0.50187147,0.48979446,0.49865562,42.23709465297401,0.0,0.0
10168,221240,0.3494302,0.097424686,0.12913838,0.117639735,10,0.0,18258,624420,0.35457796,0.58054316,0.5533245,0.5637449,0.70400816,0.6779678,0.6824629,0.6816366,3049,3144.027281522751,0.33536753,0.49939814,0.47768652,0.495382,10.723744007960665,0.0,0.0
10243,221990,0.0,0.11628928,0.105960034,0.116961025,10,0.0,18379,625630,0.66305864,0.569423,0.57494503,0.5642933,0.66305864,0.6857123,0.6809051,0.6813067,3061,3155.896919488907,0.66305864,0.530168,0.5052976,0.49624926,25.40230421082021,0.0,0.0
10306,222620,0.23148403,0.15839791,0.12520142,0.11817367,10,0.0,18498,626820,0.4226015,0.52940995,0.55655473,0.56321275,0.6540855,0.68780786,0.6817562,0.6814154,3071,3165.8231904506683,0.35155752,0.45601243,0.5011984,0.4953848,13.636367774208,0.0,0.0
10372,223280,0.32697424,0.07907045,0.12758319,0.11726492,10,0.0,18613,627970,0.33481076,0.6026942,0.5546695,0.56419635,0.661785,0.6817646,0.6822527,0.6815009,3081,3176.0363166332245,0.33481076,0.5300545,0.5088239,0.49758393,13.631700995328051,0.0,0.0
10440,223960,0.28920633,0.09167206,0.11640085,0.11765604,10,0.0,18728,629120,0.37593752,0.59186995,0.5645062,0.56348246,0.66514385,0.683542,0.680907,0.68118334,3092,3186.9234521389008,0.37593752,0.51376927,0.50995016,0.49769035,11.658237710192324,0.0,0.0
10508,224640,0.35718462,0.08988719,0.106870435,0.11671077,10,0.0,18850,630340,0.30097666,0.58631814,0.5741203,0.56455314,0.6581613,0.6762053,0.6809907,0.68131226,3103,3197.766492128372,0.30097666,0.54593664,0.50885206,0.49913028,12.793788172307696,0.0,0.0
10568,225240,0.0,0.16573806,0.12532252,0.11780638,10,0.0,18969,631530,0.6944911,0.5253156,0.5564452,0.5637837,0.6944911,0.69105357,0.6817677,0.68158996,3113,3207.9638826847076,0.6944911,0.47790202,0.48484597,0.49720794,11.391117473451848,0.0,0.0
10638,225940,0.3272595,0.104034744,0.12951146,0.11959731,10,0.0,19085,632690,0.37748685,0.584314,0.5548635,0.5621014,0.70474637,0.68834877,0.684375,0.6816988,3122,3216.9381437301636,0.30849016,0.53064096,0.47213876,0.4955852,33.41664847500785,0.0,0.0
10704,226600,0.027129233,0.10698171,0.122919075,0.12081001,10,0.0,19194,633780,0.64868927,0.5775529,0.5564871,0.56090564,0.6758185,0.68453455,0.6794062,0.6817157,3133,3227.964675426483,0.33170334,0.4390038,0.47912598,0.49266323,28.711590591714355,0.0,0.0
10761,227170,0.36299273,0.14433987,0.14801964,0.12449528,10,0.0,19311,634950,0.34556308,0.53368247,0.5308055,0.55739355,0.7085558,0.67788106,0.6791518,0.681608,3142,3237.156106233597,0.2793257,0.4742821,0.4630808,0.48905417,25.94042052100966,0.0,0.0
10832,227880,0.41874206,0.17301406,0.145335,0.12565146,10,0.0,19417,636010,0.27828532,0.5043801,0.5390037,0.5560601,0.6970274,0.6773942,0.6812823,0.6814879,3153,3248.061124563217,0.27828532,0.42656595,0.47287998,0.4871241,13.911594476893635,0.0,0.0
10900,228560,0.3933751,0.14281921,0.13346922,0.124806486,10,0.0,19546,637300,0.28077215,0.5332142,0.54831487,0.55683666,0.67414725,0.67603344,0.68339896,0.68168247,3164,3259.0135626792908,0.28077215,0.4359334,0.4586924,0.48666394,13.104292485104867,0.0,0.0
10956,229120,0.36788234,0.10266118,0.12887225,0.12597205,10,0.0,19648,638320,0.2937326,0.57899606,0.5516144,0.55562097,0.66161495,0.6816572,0.6804867,0.6816405,3173,3268.2781331539154,0.2937326,0.43419638,0.45189956,0.4819875,11.689298991097658,0.0,0.0
11028,229840,0.40557712,0.13167903,0.13108043,0.12713248,10,0.0,19776,639600,0.28274596,0.5395514,0.5512724,0.5543738,0.6883231,0.67123044,0.6823528,0.6815671,3184,3279.394106388092,0.28274596,0.42396045,0.45534688,0.4807539,12.572537142350132,0.0,0.0
11089,230450,0.40629318,0.09980671,0.12477036,0.12684529,10,0.0,19893,640770,0.2796286,0.5811294,0.556141,0.55449,0.6859218,0.6809361,0.6809114,0.6814344,3194,3289.750113964081,0.2796286,0.47802767,0.45187733,0.4797672,11.102527614013688,0.0,0.0
11148,231040,0.37989953,0.11105709,0.13860533,0.12749629,10,0.0,19991,641750,0.31242093,0.5667106,0.54361063,0.5538679,0.69232047,0.67776763,0.6822159,0.68147445,3203,3299.049184322357,0.27840245,0.47293347,0.44798645,0.47770277,11.682530062090626,0.0,0.0
11215,231710,0.31739402,0.14794324,0.14065371,0.12974496,10,0.0,20104,642880,0.38012242,0.53531617,0.53970265,0.5516097,0.69751644,0.6832594,0.6803564,0.68145734,3212,3308.2229886054993,0.33386153,0.46671614,0.44926766,0.4741622,11.572125063698634,0.0,0.0
11288,232440,0.34985712,0.13496533,0.12950507,0.13026263,10,0.0,20221,644050,0.32140228,0.5509359,0.5508275,0.55107594,0.6712594,0.6859013,0.6803325,0.681422,3224,3320.1302404403687,0.32140228,0.4630085,0.4430979,0.46936095,23.482096618968733,0.0,0.0
11348,233040,0.34031957,0.15075815,0.12308708,0.12915477,10,0.0,20336,645200,0.3277343,0.5447924,0.5587053,0.5521845,0.66805387,0.69555056,0.6817923,0.681371,3233,3329.466691017151,0.3277343,0.39574474,0.45308915,0.4657085,11.220278715705593,0.0,0.0
11420,233760,0.016542196,0.09190921,0.11530202,0.12871219,10,0.0,20467,646510,0.64605427,0.5855447,0.5652911,0.5523479,0.66259646,0.6774539,0.6805932,0.6812986,3245,3341.3769841194153,0.2788901,0.5171937,0.4739748,0.46448714,25.266769798699766,0.0,0.0
11486,234420,0.3583643,0.09569129,0.11649649,0.12902743,10,0.0,20574,647580,0.3169951,0.5916998,0.56652987,0.55259377,0.6753594,0.6873911,0.68302643,0.68165404,3255,3351.308379173279,0.30189565,0.50391114,0.49668613,0.4656554,15.857793801617271,0.0,0.0
11552,235080,0.33490843,0.11573844,0.12344141,0.12895554,10,0.0,20700,648840,0.38115162,0.56318563,0.5608342,0.55251056,0.71606004,0.67892414,0.68427557,0.68167007,3266,3362.524904727936,0.3085921,0.48969907,0.49655318,0.46626115,13.916681155246348,0.0,0.0
11616,235720,0.30312595,0.087442204,0.12701751,0.12873599,10,0.0,20806,649900,0.37542143,0.60287005,0.5552591,0.5526348,0.6785474,0.69031227,0.6822766,0.6816283,3276,3372.4399280548096,0.3535432,0.53830326,0.48065373,0.46724457,46.30236098431199,0.0,0.0
11682,236380,0.4197353,0.19403307,0.12890694,0.12944709,10,0.0,20922,651060,0.29722047,0.49007726,0.5552879,0.5521717,0.7169558,0.6841103,0.6841948,0.6819757,3286,3382.4880590438843,0.29722047,0.433834,0.4994898,0.4680632,12.120622956021279,0.0,0.0
11748,237040,0.40235704,0.1033504,0.13872808,0.1287336,10,0.0,21047,652310,0.27768332,0.5790265,0.5423061,0.5535916,0.68004036,0.6823769,0.68103415,0.6820498,3296,3392.515747308731,0.27768332,0.51795673,0.48168704,0.4698328,29.144638372799196,0.0,0.0
11814,237700,0.36359623,0.0786912,0.13484003,0.12846884,10,0.0,21154,653380,0.29787204,0.60077727,0.545997,0.55354834,0.66146827,0.67946845,0.68083704,0.6820172,3306,3402.3552417755127,0.29787204,0.5273038,0.4799875,0.46964648,14.849401376001438,0.0,0.0
11885,238410,0.32731858,0.1165209,0.112542145,0.12657991,10,0.0,21279,654630,0.37406173,0.5816904,0.5714748,0.55527353,0.7013803,0.6818153,0.6840281,0.681885,3318,3414.1203334331512,0.37406173,0.49594092,0.5159045,0.4743604,35.46569234684861,0.0,0.0
11949,239050,0.39567718,0.09866468,0.11925874,0.1257102,10,0.0,21396,655800,0.3091906,0.5867888,0.5631103,0.5563049,0.7048678,0.6854534,0.682369,0.68201506,3327,3423.1880507469177,0.3091906,0.4920025,0.5098081,0.47839504,14.742383741671983,0.0,0.0
12014,239700,0.3788001,0.09531661,0.12199449,0.12548342,10,0.0,21514,656980,0.30413854,0.5861279,0.55917054,0.55635023,0.68293864,0.6814445,0.681165,0.6818336,3338,3434.198072910309,0.30413854,0.44856215,0.48497367,0.4786767,13.65668526715216,0.0,0.0
12078,240340,0.3019012,0.14292035,0.12513849,0.12602083,10,0.0,21620,658040,0.35965303,0.53024334,0.55660135,0.5559663,0.6615542,0.6731638,0.6817398,0.6819871,3348,3444.2183594703674,0.33990583,0.42436752,0.49168494,0.48138666,12.533629767753194,0.0,0.0
12144,241000,0.28617424,0.18813315,0.14173537,0.12596297,10,0.0,21748,659320,0.37824047,0.49881783,0.54223895,0.5562162,0.6644147,0.686951,0.6839742,0.6821792,3359,3455.3501358032227,0.34544006,0.42498952,0.48152733,0.48377255,10.52806703738975,0.0,0.0
12210,241660,0.37422654,0.119032264,0.12741198,0.12476214,10,0.0,21856,660400,0.3011711,0.5570374,0.5552035,0.5575073,0.67539763,0.6760696,0.6826155,0.6822694,3369,3465.2181453704834,0.3011711,0.48268375,0.49695694,0.48811936,10.81991411251534,0.0,0.0
12280,242360,0.36452892,0.12709045,0.11962791,0.12518147,10,0.0,21988,661720,0.30552194,0.54846346,0.55763704,0.5569899,0.67005086,0.6755539,0.677265,0.6821714,3379,3475.0977323055267,0.2782523,0.45005912,0.48994747,0.49022076,12.596990396467092,0.0,0.0
12343,242990,0.29028875,0.16051617,0.13456936,0.12615763,10,0.0,22097,662810,0.3812679,0.5306512,0.54609656,0.5560707,0.67155665,0.6911673,0.68066597,0.68222827,3389,3485.2090578079224,0.3088104,0.5119343,0.49786797,0.49348938,28.06256548460953,0.0,0.0
12410,243660,0.38526303,0.09117893,0.12520818,0.12620927,10,0.0,22215,663990,0.278324,0.5838064,0.5547766,0.5559194,0.66358703,0.67498535,0.67998475,0.68212867,3399,3495.226394891739,0.278324,0.4632718,0.4820941,0.49376062,13.2266490408221,0.0,0.0
12480,244360,0.36787888,0.08140479,0.13077754,0.12775312,10,0.0,22348,665320,0.33217236,0.6028975,0.54965186,0.5540858,0.70005125,0.6843023,0.6804294,0.681839,3411,3507.217579603195,0.32347384,0.5201684,0.48611915,0.49249533,7.426173007729105,0.0,0.0
12541,244970,0.3250233,0.13143024,0.13100675,0.12771392,10,0.0,22451,666350,0.37713027,0.5675338,0.5523985,0.5542719,0.70215356,0.698964,0.6834053,0.6819858,3421,3517.26967048645,0.37713027,0.49117702,0.48684227,0.49171156,10.949424322354421,0.0,0.0
12614,245700,0.075323045,0.118389465,0.11254266,0.12605605,10,0.0,22570,667540,0.63999456,0.55309093,0.56945044,0.55582225,0.7153176,0.67148036,0.6819932,0.6818783,3431,3527.175906896591,0.29558465,0.5266727,0.5029119,0.49418706,45.43597609855231,0.0,0.0
12678,246340,0.39482483,0.11274004,0.12127734,0.12580414,10,0.0,22689,668730,0.2788351,0.5798599,0.56081414,0.5560176,0.6736599,0.6925999,0.68209153,0.6818217,3441,3537.010240793228,0.2788351,0.50238687,0.51559293,0.49507564,10.83750476399646,0.0,0.0
12744,247000,0.36130106,0.17613745,0.15309404,0.12743251,10,0.0,22799,669830,0.3278818,0.51494116,0.53072685,0.55451375,0.6891829,0.69107866,0.6838208,0.6819462,3452,3548.1284832954407,0.3278818,0.45076528,0.4855345,0.4953678,11.914864605360789,0.0,0.0
12808,247640,0.37567127,0.09007011,0.14671725,0.1271252,10,0.0,22912,670960,0.2932667,0.58190286,0.5365766,0.5548712,0.668938,0.671973,0.68329376,0.68199646,3462,3558.2669751644135,0.2932667,0.43994036,0.45841092,0.49303088,11.226155850252757,0.0,0.0
12874,248300,0.33123663,0.13570085,0.12897818,0.12859531,10,0.0,23042,672260,0.371195,0.5421268,0.5492766,0.55305934,0.7024316,0.67782754,0.6782548,0.6816547,3473,3569.336909532547,0.2806138,0.47333232,0.46638638,0.4904365,13.56829738620553,0.0,0.0
12941,248970,0.3614008,0.12173377,0.12444065,0.12933317,10,0.0,23146,673300,0.311308,0.5646366,0.5568155,0.55257,0.6727088,0.6863703,0.6812562,0.6819031,3483,3579.474723815918,0.311308,0.48526278,0.48568112,0.4896381,10.825527293243931,0.0,0.0
13002,249580,0.3375605,0.161097,0.13867234,0.13120128,10,0.0,23254,674380,0.35797647,0.5181296,0.54412246,0.5507617,0.695537,0.6792266,0.6827948,0.68196297,3492,3588.725389480591,0.2778601,0.46940225,0.48247448,0.48801965,13.608419347732209,0.0,0.0
13070,250260,0.36118534,0.115885995,0.12967093,0.13034141,10,0.0,23387,675710,0.29405966,0.5662022,0.55263525,0.55149305,0.655245,0.68208826,0.6823061,0.68183446,3503,3599.6705780029297,0.29405966,0.5126269,0.50029624,0.48995152,29.678429152662304,0.0,0.0
13138,250940,0.29701862,0.18168843,0.13138075,0.13036183,10,0.0,23495,676790,0.3829101,0.50122803,0.548036,0.5512131,0.6799287,0.6829165,0.67941666,0.68157494,3513,3609.5375027656555,0.30223936,0.40270597,0.48321205,0.48937052,12.616261826512202,0.0,0.0
13203,251590,0.3898504,0.08042044,0.13323767,0.13036917,10,0.0,23622,678060,0.2937279,0.5950362,0.54521644,0.55094594,0.6835783,0.6754567,0.6784542,0.68131506,3524,3620.6957972049713,0.2937279,0.5547805,0.46950582,0.4870552,10.239640012655805,0.0,0.0
13275,252310,0.32438543,0.110743806,0.124748565,0.1301008,10,0.0,23743,679270,0.33577487,0.5729769,0.5543756,0.5512346,0.6601603,0.6858803,0.6790677,0.68134195,3534,3630.6843585968018,0.32708034,0.55755466,0.48647755,0.48873207,25.119368240376247,0.0,0.0
13336,252920,0.33098817,0.1570423,0.13543509,0.13076963,10,0.0,23861,680450,0.3342992,0.5230363,0.5456109,0.5506434,0.6652874,0.6819295,0.6812752,0.68145704,3545,3641.6336047649384,0.3342992,0.48099333,0.48934144,0.48789728,26.65199240022113,0.0,0.0
13403,253590,0.006328523,0.14978363,0.1384819,0.13178366,10,0.0,23977,681610,0.65435237,0.52105886,0.54145837,0.54931617,0.6606809,0.67084247,0.6799403,0.6810997,3554,3650.7145183086395,0.65435237,0.5047558,0.49169716,0.48748657,30.46483469630708,0.0,0.0
13466,254220,0.28886694,0.09864912,0.118350126,0.13025692,10,0.0,24087,682710,0.38106477,0.5800063,0.56249285,0.5510588,0.6699317,0.6786555,0.68084306,0.6813158,3564,3660.572916507721,0.33581218,0.52354777,0.5056754,0.4892054,13.705751587043023,0.0,0.0
13533,254890,0.3664247,0.1360828,0.12203393,0.13097672,10,0.0,24206,683900,0.29586223,0.545449,0.55966824,0.550305,0.66228694,0.68153185,0.6817022,0.6812818,3576,3672.6424808502197,0.29586223,0.45503527,0.49838164,0.48974213,13.390672160466986,0.0,0.0
13598,255540,0.40292332,0.13232282,0.13420853,0.13258341,10,0.0,24318,685020,0.29300037,0.53903925,0.5471573,0.5485078,0.6959237,0.67136204,0.6813658,0.6810912,3586,3682.9297065734863,0.28421196,0.44705516,0.47065997,0.4869767,13.039881611182272,0.0,0.0
13661,256170,0.34451643,0.13048922,0.12004135,0.13191526,10,0.0,24419,686030,0.34386304,0.5515318,0.55964094,0.54913,0.68837947,0.682021,0.6796823,0.6810453,3594,3691.056723356247,0.27864975,0.49283347,0.4833991,0.4854232,13.366322876871756,0.0,0.0
13734,256900,0.33874264,0.101126894,0.115082875,0.12999442,10,0.0,24556,687400,0.33428922,0.59211695,0.56593466,0.55093324,0.67303187,0.69324386,0.6810175,0.68092763,3607,3704.1804389953613,0.33428922,0.5441202,0.4946955,0.48464087,9.571528296147271,0.0,0.0
13800,257560,0.2443954,0.13824505,0.1291581,0.12884334,10,0.0,24660,688440,0.42488763,0.54876584,0.5548345,0.55205464,0.66928303,0.6870109,0.68399256,0.68089795,3616,3713.196362018585,0.42488763,0.52197427,0.49479544,0.48713887,31.247049848618495,0.0,0.0
13861,258170,0.39980254,0.11111661,0.12636042,0.12969257,10,0.0,24781,689650,0.3117263,0.57327163,0.5556171,0.5515002,0.71152884,0.6843882,0.6819775,0.68119276,3626,3723.108254432678,0.3117263,0.53139555,0.50392497,0.4882375,11.186513999865046,0.0,0.0
13932,258880,0.33750427,0.10402472,0.1086282,0.1277614,10,0.0,24900,690840,0.3580923,0.58508646,0.5753982,0.5535687,0.6955966,0.6891112,0.68402636,0.6813301,3638,3734.983055114746,0.31333387,0.4976461,0.5222652,0.49036565,29.79852993206655,0.0,0.0
13998,259540,0.30419484,0.178015,0.12524348,0.12663548,10,0.0,25014,691980,0.38056353,0.50475967,0.55755705,0.55470985,0.68475837,0.6827747,0.68280053,0.6813452,3648,3745.1283814907074,0.34880126,0.42472902,0.48751268,0.49119434,10.689684437594888,0.0,0.0
14068,260240,0.3778304,0.12433119,0.1364524,0.1269822,10,0.0,25139,693230,0.2813748,0.55863446,0.546821,0.55434203,0.6592052,0.68296564,0.6832734,0.68132424,3659,3756.2857661247253,0.28066707,0.4189066,0.4750584,0.48924372,13.92306091279398,0.0,0.0
14130,260860,0.39005092,0.08637148,0.12838344,0.12672259,10,0.0,25233,694170,0.3180429,0.5979024,0.55440134,0.55494094,0.7080938,0.68427396,0.68278486,0.68166345,3668,3765.2435364723206,0.3180429,0.50966185,0.4915919,0.4908559,13.267781619412451,0.0,0.0
14197,261530,0.0,0.1495312,0.13905303,0.12705886,10,0.0,25360,695440,0.66010123,0.5384049,0.5446184,0.55488575,0.66010123,0.6879361,0.6836714,0.6819446,3679,3776.4388110637665,0.66010123,0.49033898,0.4784702,0.49195844,13.587800503820118,0.0,0.0
14263,262190,0.26370743,0.13299409,0.1446344,0.12781332,10,0.0,25475,696590,0.4179525,0.5454147,0.5384017,0.55440754,0.68165994,0.6784088,0.6830361,0.68222076,3689,3786.4409489631653,0.36589596,0.49903107,0.4667715,0.49070832,35.30707521360327,0.0,0.0
14326,262820,0.2875436,0.121226266,0.12560001,0.12779304,10,0.0,25580,697640,0.38032568,0.5602865,0.55369353,0.5542242,0.66786927,0.6815127,0.67929345,0.68201727,3698,3795.4770073890686,0.35203874,0.44518575,0.4674777,0.48748097,11.512568898170008,0.0,0.0
14392,263480,0.31549567,0.17274831,0.13931055,0.12877579,10,0.0,25704,698880,0.37968308,0.50484115,0.5386324,0.55317205,0.69517875,0.67758954,0.67794305,0.6819479,3709,3806.8643038272858,0.35366982,0.39443722,0.45010978,0.48506647,11.023804329828085,0.0,0.0
14457,264130,0.30883798,0.11260803,0.1426122,0.13005324,10,0.0,25815,699990,0.3804848,0.57562554,0.5394753,0.55210817,0.68932277,0.68823355,0.68208754,0.6821614,3720,3817.955084323883,0.30446544,0.47175083,0.45194575,0.48175475,13.23856378621995,0.0,0.0
14519,264750,0.41614848,0.17489152,0.13912122,0.13131253,10,0.0,25929,701130,0.2916615,0.5039415,0.5428044,0.5506922,0.70781,0.67883307,0.68192583,0.68200475,3729,3826.9904129505157,0.2916615,0.4593795,0.47434548,0.48014668,28.13054739928666,0.0,0.0
14588,265440,0.3765952,0.14667968,0.1486678,0.13210425,10,0.0,26044,702280,0.31440645,0.52934766,0.5291277,0.5494774,0.69100165,0.6760274,0.67779547,0.6815817,3739,3837.2062723636627,0.31440645,0.47529498,0.4536138,0.47895423,11.567018901080475,0.0,0.0
14658,266140,0.26967844,0.115914,0.1343682,0.13264611,10,0.0,26160,703440,0.39060178,0.5601807,0.5451843,0.5490479,0.6602802,0.6760947,0.67955244,0.68169403,3751,3849.1819183826447,0.3235053,0.4523992,0.46973008,0.47856015,27.86955548157879,0.0,0.0
14722,266780,0.24049357,0.11726613,0.131766,0.13376807,10,0.0,26276,704600,0.42137983,0.566312,0.5477771,0.5478751,0.6618734,0.68357813,0.67954314,0.6816432,3761,3859.190770626068,0.3108783,0.50292337,0.47319755,0.47712946,26.401354592206058,0.0,0.0
14783,267390,0.3852272,0.14760375,0.13447523,0.13392423,10,0.0,26386,705700,0.32100302,0.53110766,0.5459495,0.5474209,0.7062302,0.6787114,0.68042463,0.6813451,3771,3869.589063167572,0.32100302,0.49085417,0.47709638,0.47660133,32.99133587921358,0.0,0.0
14852,268080,0.3057779,0.14497964,0.13345425,0.1344866,10,0.0,26492,706760,0.35643834,0.53753793,0.54955673,0.54688704,0.66221625,0.6825176,0.68301094,0.68137366,3781,3879.5816667079926,0.2991369,0.4409818,0.4789892,0.47487843,13.837737400290724,0.0,0.0
14915,268710,0.4150509,0.12793922,0.11992583,0.13539025,10,0.0,26620,708040,0.2810034,0.55305105,0.562203,0.5458917,0.6960543,0.68099034,0.68212885,0.681282,3792,3890.866683959961,0.2810034,0.510744,0.49967808,0.4739726,14.294189495725004,0.0,0.0
14984,269400,0.35182756,0.10334774,0.11208942,0.13465276,10,0.0,26734,709180,0.32948226,0.57693684,0.5651198,0.5461953,0.6813098,0.6802846,0.67720926,0.68084806,3802,3901.004263162613,0.32948226,0.4329303,0.48579818,0.4730415,14.899661922258105,0.0,0.0
15047,270030,0.36585587,0.06396021,0.120893024,0.13396023,10,0.0,26842,710260,0.30155915,0.6127292,0.56118864,0.54692686,0.667415,0.6766894,0.6820815,0.6808872,3812,3910.9773631095886,0.27967024,0.58922213,0.49802116,0.4741774,10.450307332374917,0.0,0.0
15120,270760,0.32405666,0.1090008,0.11777424,0.13271186,10,0.0,26976,711600,0.37967816,0.5715079,0.56217325,0.54800224,0.7037348,0.68050873,0.6799476,0.6807141,3822,3920.8621730804443,0.29300198,0.54950106,0.5082109,0.4751078,29.409091195932106,0.0,0.0
15182,271380,0.37144437,0.116849944,0.1404723,0.13376914,10,0.0,27077,712610,0.3191463,0.5642092,0.5424918,0.5470385,0.6905907,0.6810592,0.682964,0.6808076,3832,3931.0122570991516,0.3191463,0.55942,0.5041727,0.47648236,35.34015594377666,0.0,0.0
15247,272030,0.3331946,0.10352482,0.13665895,0.1326211,10,0.0,27195,713790,0.33326614,0.5788403,0.5477597,0.54819846,0.66646075,0.6823651,0.68441874,0.6808196,3842,3940.9085278511047,0.27772012,0.52335215,0.4892879,0.47731963,13.310404116342399,0.0,0.0
15314,272700,0.3161636,0.10819793,0.13122267,0.13270883,10,0.0,27313,714970,0.356362,0.5821043,0.55341387,0.5484503,0.6725256,0.69030225,0.6846365,0.6811592,3854,3952.914509534836,0.356362,0.5663609,0.48798972,0.479369,13.867053884510426,0.0,0.0
15378,273340,0.33338556,0.12377906,0.13112558,0.13179472,10,0.0,27429,716130,0.3516213,0.5618916,0.55106324,0.5495509,0.68500686,0.68567073,0.68218887,0.68134564,3864,3963.051614522934,0.29299173,0.5503855,0.47213122,0.48063916,15.511404715879694,0.0,0.0
15442,273980,0.3954369,0.07431045,0.12658904,0.13007343,10,0.0,27535,717190,0.27803156,0.6000649,0.556763,0.55134803,0.6734685,0.67437536,0.68335205,0.6814214,3872,3971.0683760643005,0.27803156,0.5854155,0.49526423,0.48513594,31.18970353338707,0.0,0.0
15506,274620,0.30809072,0.10581629,0.122581765,0.1303485,10,0.0,27648,718320,0.38017073,0.5711245,0.5608044,0.55112714,0.68826145,0.6769408,0.6833862,0.68147564,3884,3983.2183718681335,0.3024436,0.5075987,0.51047915,0.48546138,32.85074280844878,0.0,0.0
15570,275260,0.4195118,0.114999294,0.12381566,0.12829246,10,0.0,27762,719460,0.2924704,0.5762561,0.55953556,0.55355614,0.7119822,0.69125533,0.68335116,0.68184865,3894,3993.5294477939606,0.2924704,0.47045636,0.48079923,0.48685828,13.225593863062906,0.0,0.0
15641,275970,0.0014059544,0.14871714,0.13759853,0.12899522,10,0.0,27891,720750,0.66147774,0.5396683,0.5463436,0.55288875,0.6628837,0.6883855,0.6839421,0.68188393,3904,4003.507899284363,0.37920213,0.39158484,0.4550498,0.48452362,10.083821399953214,0.0,0.0
15702,276580,0.38328603,0.15143046,0.13633834,0.1294022,10,0.0,27983,721670,0.3236662,0.5310954,0.5442172,0.55264586,0.7069522,0.6825258,0.68055564,0.6820481,3914,4013.6311779022217,0.3236662,0.46300793,0.45335507,0.48539948,13.939797997254784,0.0,0.0
15771,277270,0.36872134,0.15072009,0.14758827,0.1302531,10,0.0,28109,722930,0.3477178,0.5344391,0.53249496,0.5517669,0.7164391,0.68515915,0.68008316,0.68201995,3925,4024.842099428177,0.3477178,0.47775802,0.47104895,0.48457178,14.068642216150328,0.0,0.0
15837,277930,0.21613094,0.109929845,0.12919399,0.1297677,10,0.0,28221,724050,0.49701014,0.58311516,0.55357367,0.552427,0.7131411,0.693045,0.6827674,0.6821947,3934,4033.72297334671,0.33803976,0.45575386,0.48363373,0.4848188,30.7627042813828,0.0,0.0
15903,278590,0.33192274,0.12428043,0.12814388,0.1303627,10,0.0,28350,725340,0.3599011,0.55119574,0.55876696,0.55209523,0.69182384,0.6754762,0.6869109,0.68245786,3946,4045.636865377426,0.3376468,0.45005122,0.4886795,0.48303887,12.481702864155707,0.0,0.0
15965,279210,0.3823458,0.1272745,0.12696347,0.1309964,10,0.0,28456,726400,0.2790478,0.5504167,0.5543278,0.55168116,0.6613936,0.6776912,0.6812912,0.6826776,3956,4055.7761459350586,0.2790478,0.41023484,0.47801054,0.4824301,12.205854835353673,0.0,0.0
16030,279860,0.34024298,0.12156792,0.11284637,0.13055828,10,0.0,28562,727460,0.32655537,0.5529727,0.5682871,0.55198306,0.66679835,0.67454064,0.6811335,0.6825414,3966,4065.6889357566833,0.32655537,0.4350334,0.49749324,0.48350582,34.18833849707741,0.0,0.0
16099,280550,0.29392353,0.14957161,0.12106696,0.13140726,10,0.0,28679,728630,0.38099638,0.5387598,0.56130046,0.55130166,0.6749199,0.6883314,0.6823674,0.6827089,3976,4075.7508730888367,0.38099638,0.43154383,0.47240993,0.4814838,33.133032835188935,0.0,0.0
16161,281170,0.3869782,0.17578475,0.12444844,0.13094495,10,0.0,28793,729770,0.30191708,0.5025552,0.5570142,0.55155176,0.6888953,0.67834,0.68146265,0.6824967,3986,4085.960978746414,0.30191708,0.3768156,0.4753485,0.47948566,28.635671288504984,0.0,0.0
16231,281870,0.33781704,0.14458266,0.12430189,0.12983657,10,0.0,28909,730930,0.32720104,0.53912395,0.5552185,0.5523642,0.6650181,0.6837066,0.6795205,0.68220073,3997,4096.906222105026,0.32470888,0.46235067,0.484188,0.47999838,14.235356446971371,0.0,0.0
16295,282510,0.30188543,0.114335015,0.12484477,0.12894394,10,0.0,29040,732240,0.37988955,0.5795521,0.5594218,0.553362,0.681775,0.6938871,0.68426657,0.68230593,4007,4106.877678394318,0.37775525,0.5040978,0.5027086,0.4813842,6.807252038173029,0.0,0.0
16360,283160,0.41422814,0.15545854,0.13632472,0.12964821,10,0.0,29139,733230,0.2792294,0.5191265,0.54642856,0.552508,0.69345754,0.6741642,0.6829447,0.6823129,4017,4117.006079912186,0.2792294,0.4821702,0.5094309,0.4833398,7.2322668840672675,0.0,0.0
16426,283820,0.37393904,0.11690529,0.13388962,0.1292219,10,0.0,29261,734450,0.29683852,0.5682293,0.5490245,0.55302805,0.67077756,0.68513453,0.6824213,0.6822538,4028,4127.943039655685,0.29683852,0.5130786,0.5009024,0.48423392,30.77003887425327,0.0,0.0
16497,284530,0.28218344,0.07172455,0.1325052,0.12961511,10,0.0,29377,735610,0.38219503,0.61166203,0.54911506,0.55245227,0.66437846,0.68338645,0.6816202,0.68204993,4039,4138.89922451973,0.31063744,0.55916566,0.49139267,0.4831576,13.253301077755912,0.0,0.0
16565,285210,0.37591305,0.112441085,0.123969086,0.13019261,10,0.0,29493,736770,0.27885142,0.5564376,0.5552616,0.5517181,0.6547645,0.66887873,0.6792308,0.6818732,4049,4149.0790293216705,0.27885142,0.5063604,0.51402205,0.48551637,15.19716658967182,0.0,0.0
16630,285860,0.016064942,0.1697072,0.13758183,0.13037235,10,0.0,29621,738050,0.66572887,0.5204252,0.5436891,0.5514428,0.6817938,0.6901325,0.6812709,0.68199223,4059,4159.020250082016,0.30010086,0.41830093,0.4968894,0.48823205,10.429077961280441,0.0,0.0
16691,286470,0.3792411,0.15792616,0.14460774,0.130506,10,0.0,29713,738970,0.30017447,0.52964747,0.53790146,0.55136865,0.6794156,0.68757355,0.68250924,0.6821671,4069,4169.057742834091,0.30017447,0.4597991,0.4838393,0.4891576,10.641152753661721,0.0,0.0
16763,287190,0.36443022,0.09141545,0.13018693,0.12861545,10,0.0,29836,740200,0.30570337,0.5678117,0.5514249,0.5531523,0.6701336,0.68578595,0.6815448,0.6822411,4080,4180.2048280239105,0.30570337,0.51443666,0.5026788,0.4923584,13.601160133135135,0.0,0.0
16825,287810,0.3414542,0.19821987,0.13891923,0.13002254,10,0.0,29947,741310,0.3602245,0.48668766,0.5392059,0.5518114,0.7016787,0.68490756,0.68180215,0.6820958,4090,4190.352966070175,0.3602245,0.45293266,0.4966797,0.49214014,10.234487968637984,0.0,0.0
16893,288490,0.1998015,0.09467928,0.12492494,0.12884437,10,0.0,30064,742480,0.46449584,0.58009374,0.5569837,0.5527388,0.66429734,0.67477304,0.6819087,0.6814906,4099,4199.278043746948,0.32223085,0.45794353,0.4823792,0.49162248,28.92585545430784,0.0,0.0
16952,289080,0.081674874,0.14431514,0.12533024,0.12927677,10,0.0,30178,743620,0.6154157,0.53688216,0.5537768,0.55171084,0.69709057,0.6811973,0.6791071,0.68134975,4109,4209.500232696533,0.28188607,0.5091817,0.49366724,0.49249285,35.786447014897995,0.0,0.0
17020,289760,0.16938889,0.12021055,0.12486332,0.1293237,10,0.0,30285,744690,0.5332372,0.5614891,0.55775493,0.552271,0.7026261,0.6816997,0.68261826,0.6815459,4119,4219.422288894653,0.38207832,0.4504562,0.48592147,0.49155974,32.063627238806255,0.0,0.0
17085,290410,0.40944764,0.20997158,0.1344685,0.13079388,10,0.0,30399,745830,0.27900955,0.50525033,0.5498628,0.5508939,0.6884572,0.6785047,0.6802369,0.68142444,4129,4229.514025211334,0.27900955,0.38096866,0.47642624,0.49133298,13.023107353982704,0.0,0.0
17152,291080,-0.027267694,0.09464611,0.12262947,0.13020709,10,0.0,30522,747060,0.68614644,0.5880525,0.55859137,0.55105686,0.65887874,0.6826986,0.6810586,0.6814327,4141,4241.874746084213,0.32366613,0.49568143,0.4798581,0.49129304,13.270522812476171,0.0,0.0
17215,291710,0.3280159,0.10975429,0.1278593,0.13100398,10,0.0,30624,748080,0.3809959,0.5780177,0.5507997,0.550363,0.7090118,0.6877719,0.6786591,0.68133426,4150,4250.865652799606,0.3809959,0.49385777,0.48682934,0.49108148,28.857196128710005,0.0,0.0
17280,292360,0.37797844,0.14304905,0.13066503,0.13200213,10,0.0,30741,749250,0.3214016,0.53618896,0.54858375,0.5491127,0.69938004,0.6792381,0.67924875,0.68107617,4160,4260.84451842308,0.3214016,0.52403754,0.46638355,0.48851496,32.980466348051586,0.0,0.0
17342,292980,0.38100046,0.12447379,0.12823161,0.13056967,10,0.0,30853,750370,0.28131783,0.5506592,0.5510369,0.5499497,0.6623183,0.67513293,0.6792684,0.680855,4170,4271.051334619522,0.28131783,0.5078956,0.49102604,0.488323,22.528776626772387,0.0,0.0
17407,293630,0.39891586,0.14980459,0.13615565,0.13166031,10,0.0,30955,751390,0.27779636,0.5369669,0.5433041,0.5489975,0.6767122,0.6867715,0.67945975,0.6806307,4180,4281.147125244141,0.27779636,0.49057356,0.4788916,0.4857504,32.06678950144879,0.0,0.0
17472,294280,0.3037873,0.14450097,0.13737461,0.13104767,10,0.0,31073,752570,0.36320794,0.50375617,0.54360586,0.5492396,0.6669952,0.6807896,0.681318,0.6806204,4190,4291.234791278839,0.36320794,0.47240886,0.45983166,0.48437232,35.236835870750504,0.0,0.0
17535,294910,0.34821892,0.082625374,0.12886295,0.13124275,10,0.0,31188,753720,0.3119415,0.60564387,0.5492775,0.5493251,0.6601604,0.68826926,0.6818055,0.6807467,4200,4301.3433129787445,0.3119415,0.5130135,0.4811845,0.4835751,36.72551897084937,0.0,0.0
17595,295510,0.38996258,0.11872266,0.1267818,0.1312691,10,0.0,31286,754700,0.28047153,0.56564724,0.55213404,0.5492881,0.6704341,0.6843699,0.6789158,0.68065274,4210,4311.455724000931,0.28047153,0.5186631,0.48574403,0.48225257,29.800583605751367,0.0,0.0
17665,296210,0.3567691,0.11823273,0.1298288,0.12993537,10,0.0,31409,755930,0.32885394,0.5692648,0.5534376,0.55044764,0.68562305,0.6874976,0.68314517,0.680672,4220,4321.393879890442,0.32885394,0.49939793,0.48914802,0.4829837,31.470930516111363,0.0,0.0
17729,296850,0.109806,0.116828755,0.12512267,0.12927091,10,0.0,31511,756950,0.5532868,0.5749791,0.5578976,0.5513696,0.6630928,0.69180787,0.68268657,0.6806642,4231,4332.502426147461,0.3254123,0.52921355,0.49659207,0.4831314,37.159728294718896,0.0,0.0
17793,297490,0.0006736517,0.13040665,0.13016066,0.12944141,10,0.0,31630,758140,0.65319234,0.5587678,0.5501886,0.5515549,0.653866,0.6891744,0.6803493,0.6805725,4241,4342.602998971939,0.3592342,0.51003754,0.5066314,0.48337957,26.01359133340073,0.0,0.0
17859,298150,0.37234217,0.076154314,0.1262231,0.12837695,10,0.0,31733,759170,0.29443336,0.6051439,0.55424047,0.5517412,0.6667755,0.6812982,0.68046355,0.6805145,4250,4351.657736539841,0.2817808,0.56587094,0.500647,0.48501533,14.984441460952176,0.0,0.0
17924,298800,0.3661499,0.0735517,0.11996713,0.12900214,10,0.0,31854,760380,0.30255198,0.5954669,0.5618646,0.5518865,0.6687019,0.66901857,0.6818317,0.6807971,4260,4361.536589384079,0.28134164,0.5183792,0.51328826,0.4866233,13.6504228427858,0.0,0.0
17995,299510,0.3428464,0.1434666,0.12585968,0.12861663,10,0.0,31967,761510,0.34721208,0.5425994,0.5547427,0.55180556,0.69005847,0.68326026,0.6807901,0.6806381,4272,4373.55114197731,0.29701364,0.5140049,0.5109575,0.4885476,34.8217197395119,0.0,0.0
18057,300130,0.39729595,0.082726,0.11215141,0.12677054,10,0.0,32086,762700,0.28046137,0.59707826,0.5695635,0.5536813,0.6777573,0.67980427,0.68171483,0.6805086,4282,4383.414273262024,0.28046137,0.54881984,0.53163874,0.4922146,14.40275479936844,0.0,0.0
18123,300790,0.29034817,0.10957561,0.11003025,0.12619357,10,0.0,32191,763750,0.373253,0.57204217,0.57132673,0.55416346,0.66360116,0.68161774,0.681357,0.68069196,4292,4393.3671000003815,0.33635387,0.5228435,0.50995004,0.49364585,14.395483289716418,0.0,0.0
18189,301450,0.32336557,0.09759088,0.11766058,0.12552601,10,0.0,32317,765010,0.38037032,0.58409005,0.5652956,0.5550629,0.7037359,0.68168086,0.6829562,0.68097574,4302,4403.612080574036,0.361176,0.5652482,0.5048765,0.49482805,11.062185601791764,0.0,0.0
18251,302070,0.37721667,0.13834183,0.117671594,0.12541683,10,0.0,32420,766040,0.28277126,0.5725413,0.5708518,0.55611634,0.6599879,0.6733017,0.684397,0.6812932,4313,4414.711193084717,0.28277126,0.42773622,0.49541056,0.49644816,14.364108905889713,0.0,0.0
18317,302730,0.29469165,0.12166262,0.121565856,0.124975786,10,0.0,32538,767220,0.38140008,0.5688013,0.5623192,0.55673504,0.67609173,0.6904639,0.6838851,0.6817431,4323,4424.653625965118,0.38140008,0.51083744,0.50043386,0.49757752,55.2157457468922,0.0,0.0
18381,303370,0.03931302,0.17499241,0.13295853,0.12486129,10,0.0,32654,768380,0.65399796,0.51469105,0.55132234,0.55700845,0.693311,0.68968356,0.6842809,0.68192613,4332,4433.721067428589,0.38235253,0.47699085,0.49784192,0.49793935,35.01161543437885,0.0,0.0
18447,304030,0.22424757,0.1095253,0.13704322,0.12502804,10,0.0,32758,769420,0.43458664,0.56874216,0.5439009,0.5569564,0.6588342,0.6782674,0.68094414,0.68199515,4343,4444.75910449028,0.3143454,0.52450883,0.48523062,0.4999544,31.102347782690877,0.0,0.0
18510,304660,0.40887094,0.13657218,0.13724308,0.12554152,10,0.0,32873,770570,0.2924236,0.5588206,0.5457676,0.5568596,0.70129454,0.6953927,0.6830106,0.6820651,4353,4454.69696688652,0.2924236,0.50139064,0.48912004,0.50088716,11.206542393676484,0.0,0.0
18576,305320,0.33328635,0.11092889,0.13488986,0.12547013,10,0.0,32982,771660,0.36686873,0.56647843,0.54923326,0.5571558,0.7001551,0.6774074,0.68412316,0.68232876,4362,4463.943322658539,0.27948946,0.5572919,0.4871851,0.50118196,12.147494768035578,0.0,0.0
18641,305970,0.35416412,0.11048274,0.12612355,0.12496321,10,0.0,33109,772930,0.32734382,0.58102274,0.5615853,0.5580261,0.68150795,0.6915055,0.6843679,0.6826738,4373,4475.050304174423,0.28700873,0.4825089,0.503486,0.5025419,12.470213690790846,0.0,0.0
18708,306640,0.30445993,0.110500336,0.11381132,0.12424907,10,0.0,33215,773990,0.37676913,0.5710744,0.5694849,0.5586904,0.68122905,0.6815747,0.6832962,0.6826329,4383,4484.983811378479,0.28124616,0.54034895,0.5148003,0.5041187,29.756692464809266,0.0,0.0
18769,307250,0.39776105,0.08342071,0.113873415,0.12323965,10,0.0,33331,775150,0.30729157,0.60445213,0.56960917,0.55979735,0.7050526,0.6878728,0.6834825,0.6827376,4393,4495.269873380661,0.30729157,0.5413283,0.50833654,0.5046727,30.837341505053164,0.0,0.0
18840,307960,0.38659424,0.08984012,0.13706726,0.123958565,10,0.0,33448,776320,0.280293,0.5868163,0.5435869,0.55907476,0.6668872,0.67665637,0.68065417,0.68271744,4405,4507.1294157505035,0.280293,0.51080865,0.49688148,0.50409406,13.584398700733809,0.0,0.0
18908,308640,0.34395984,0.117262855,0.12851936,0.12368668,10,0.0,33577,777610,0.36482993,0.5569285,0.55285734,0.5591141,0.70878977,0.67419136,0.6813767,0.68248546,4415,4517.0326182842255,0.28187048,0.55123746,0.50546205,0.503483,11.516415881068264,0.0,0.0
18971,309270,0.40501514,0.11419861,0.119940445,0.12391489,10,0.0,33674,778580,0.28073344,0.57681125,0.56203246,0.5593425,0.6857486,0.6910099,0.68197286,0.6829324,4425,4527.2761487960815,0.28073344,0.51406455,0.5014077,0.5021219,11.037990673389686,0.0,0.0
19037,309930,0.275635,0.09652243,0.12088534,0.124576256,10,0.0,33789,779730,0.38284338,0.5850044,0.5618016,0.5585335,0.6584784,0.6815268,0.6824545,0.68277746,4435,4537.360622406006,0.33387977,0.4933746,0.48457667,0.49831337,11.011108232083897,0.0,0.0
19101,310570,0.31257096,0.06699225,0.11033721,0.12486423,10,0.0,33909,780930,0.38040873,0.6212923,0.5717952,0.5584226,0.6929797,0.6882847,0.6821325,0.6829545,4445,4547.561135053635,0.33331493,0.602994,0.52608454,0.50115603,11.310822275473258,0.0,0.0
19165,311210,0.32823187,0.1368841,0.12840255,0.12550104,10,0.0,34009,781930,0.37761164,0.54806846,0.5562231,0.5579275,0.7058435,0.68149245,0.6841144,0.6830834,4455,4557.70165848732,0.27977985,0.45369697,0.51739675,0.5019355,13.002900484488794,0.0,0.0
19229,311850,0.4065586,0.14310455,0.12613907,0.126805,10,0.0,34127,783110,0.27975902,0.5235833,0.55810994,0.5565639,0.6863176,0.66668785,0.68424904,0.682968,4465,4567.641338586807,0.27975902,0.4799648,0.49959907,0.5006911,32.05541807354328,0.0,0.0
19299,312550,0.33039123,0.14680707,0.13256943,0.12710778,10,0.0,34244,784280,0.35479933,0.54642075,0.5477887,0.55549395,0.68519056,0.6932278,0.68214804,0.6827949,4475,4577.556034326553,0.31148484,0.49525174,0.48356956,0.49969262,14.1760809323224,0.0,0.0
19361,313170,0.31606242,0.08804028,0.12225704,0.12630998,10,0.0,34354,785380,0.38166443,0.5992444,0.5600141,0.55619717,0.69772685,0.68728477,0.6813381,0.68252283,4486,4588.766112804413,0.33779585,0.57834756,0.4973031,0.5002897,14.188122080719625,0.0,0.0
19431,313870,0.31784472,0.14504933,0.11470246,0.12505597,10,0.0,34469,786530,0.34582266,0.5363777,0.56584626,0.55749,0.6636674,0.68142706,0.68023413,0.68242306,4497,4599.8471801280975,0.279717,0.46131498,0.49908933,0.49998647,14.781297410641129,0.0,0.0
19492,314480,0.3857498,0.13274705,0.12975842,0.12526287,10,0.0,34574,787580,0.29055282,0.537889,0.5516357,0.55720055,0.6763026,0.67063606,0.67964447,0.6823571,4505,4607.914216041565,0.29055282,0.45836282,0.46716067,0.4983184,13.51201141704761,0.0,0.0
19555,315110,0.2990519,0.09735598,0.15089068,0.12626663,10,0.0,34685,788690,0.38009134,0.5835101,0.53109586,0.5560234,0.67914325,0.6808661,0.6819866,0.68217736,4515,4618.311317920685,0.34541774,0.47850037,0.45680648,0.49662787,13.462098786155906,0.0,0.0
19622,315780,0.34057996,0.066552624,0.12908621,0.126513,10,0.0,34801,789850,0.3551452,0.6182623,0.5522222,0.55555487,0.69572514,0.6848149,0.6813084,0.6819614,4527,4630.293468952179,0.3390087,0.50354326,0.49578512,0.49571392,27.928902987723227,0.0,0.0
19689,316450,0.35970008,0.10952425,0.11699162,0.12655963,10,0.0,34915,790990,0.3207301,0.56641704,0.565129,0.5553573,0.6804302,0.67594135,0.6821207,0.6818105,4537,4640.343058347702,0.3207301,0.47937256,0.5042392,0.49495307,11.518775286465514,0.0,0.0
19756,317120,0.35858846,0.14963005,0.13414244,0.12843144,10,0.0,35026,792100,0.35321665,0.5301267,0.54585505,0.5533779,0.7118051,0.67975676,0.6799975,0.68170285,4547,4650.70704460144,0.34156132,0.45348263,0.4524226,0.4898193,12.658102394030783,0.0,0.0
19815,317710,0.35722035,0.17906335,0.12391805,0.12747496,10,0.0,35138,793220,0.35148394,0.5002193,0.55820227,0.5545487,0.7087043,0.67928267,0.6821204,0.6819172,4557,4660.892193555832,0.28017864,0.42883167,0.45122224,0.48761323,12.580882703619906,0.0,0.0
19883,318390,0.3290686,0.15514365,0.14477798,0.12906595,10,0.0,35248,794320,0.34329915,0.5189743,0.53484136,0.55279064,0.67236775,0.6727387,0.6796348,0.68175143,4567,4670.999941825867,0.29164317,0.4448592,0.43835244,0.48330322,14.80427408017377,0.0,0.0
19944,319000,0.4138868,0.19707763,0.15600304,0.13058004,10,0.0,35351,795350,0.2823953,0.48996085,0.5246484,0.5513268,0.6962821,0.6848498,0.6803938,0.6817636,4577,4681.271539926529,0.2823953,0.4230384,0.44759434,0.4800408,12.733000975700978,0.0,0.0
20012,319680,0.3316455,0.16753438,0.16667324,0.132899,10,0.0,35479,796630,0.38239282,0.52452743,0.51719034,0.54901403,0.7140383,0.6891889,0.6836222,0.6817839,4588,4692.329736709595,0.35006338,0.41242942,0.43723047,0.4775015,13.99748370582719,0.0,0.0
20076,320320,0.37924898,0.10636215,0.139001,0.13418518,10,0.0,35581,797650,0.2783466,0.57567805,0.5420754,0.5474745,0.6575956,0.6820403,0.68107635,0.6815688,4597,4701.381308317184,0.2783466,0.49951395,0.46056762,0.4744529,14.085192109237289,0.0,0.0
20137,320930,0.37667316,0.10369822,0.13022825,0.1332803,10,0.0,35682,798660,0.2798946,0.5772956,0.54975927,0.5482661,0.65656775,0.68099385,0.6799875,0.68142736,4607,4711.969839811325,0.27900502,0.56203294,0.47867042,0.47266626,14.301451659209583,0.0,0.0
20190,321460,0.32218263,0.10315945,0.13351505,0.13474406,10,0.0,35783,799670,0.35010687,0.5837096,0.5488927,0.5465428,0.6722895,0.686869,0.6824077,0.68119335,4616,4722.9710195064545,0.34009635,0.5082212,0.47083995,0.46976244,8.975311550628408,0.0,0.0
20246,322020,0.32929477,0.075201236,0.13761893,0.13484688,10,0.0,35884,800680,0.38176468,0.61904794,0.54563147,0.5464108,0.71105945,0.69424915,0.6832504,0.681178,4625,4733.662827253342,0.38176468,0.45301825,0.45807284,0.46771416,9.104913388028319,0.0,0.0
20302,322580,0.38895166,0.13551661,0.12657683,0.13462341,10,0.0,35973,801570,0.30439448,0.54966795,0.5567163,0.546692,0.69334614,0.68518406,0.68327975,0.6813588,4633,4743.464892625809,0.30439448,0.45048904,0.46530074,0.46737495,9.575960009451979,0.0,0.0
20361,323170,0.40180862,0.2231843,0.14322528,0.13670255,10,0.0,36075,802590,0.30025607,0.46063575,0.53977,0.5448171,0.7020647,0.6809217,0.6829137,0.6815486,4642,4754.106961965561,0.2799221,0.43941298,0.47108114,0.46628255,11.092600100550808,0.0,0.0
20412,323680,0.39879107,0.10833869,0.13437137,0.13658787,10,0.0,36172,803560,0.28342026,0.5741969,0.5490704,0.54523146,0.68221134,0.6825356,0.6834417,0.6817501,4651,4764.606291770935,0.28342026,0.5226576,0.47361487,0.4647947,9.185485619427842,0.0,0.0
20470,324260,0.39660904,0.15264256,0.117675155,0.13628404,10,0.0,36271,804550,0.3127984,0.51458496,0.5647535,0.54553694,0.70940745,0.6672275,0.6824287,0.6818209,4660,4775.298637151718,0.3127984,0.40807444,0.47786537,0.46491924,9.405871852602687,0.0,0.0
20524,324800,0.404148,0.10918353,0.12432058,0.13487853,10,0.0,36360,805440,0.29472324,0.57482326,0.5573409,0.54698354,0.69887125,0.6840068,0.68166155,0.68186206,4668,4784.969475030899,0.29472324,0.5108043,0.46338516,0.46608165,23.484410650645717,0.0,0.0
20583,325390,0.2750271,0.14109823,0.13395755,0.1347277,10,0.0,36470,806540,0.38119155,0.5442573,0.549111,0.54742,0.65621865,0.6853555,0.6830685,0.68214774,4677,4795.976032495499,0.3326875,0.4176318,0.46396217,0.46492842,11.692753220779924,0.0,0.0
20638,325940,0.34104764,0.1479141,0.1260008,0.13452075,10,0.0,36566,807500,0.32414007,0.5350231,0.5577273,0.5476554,0.6651877,0.68293715,0.68372804,0.6821762,4686,4806.5424518585205,0.28323516,0.46980375,0.48508355,0.465088,9.677357133199605,0.0,0.0
20699,326550,0.0,0.16214578,0.13012987,0.13519727,10,0.0,36664,808480,0.68502426,0.4984011,0.54922533,0.5470812,0.68502426,0.6889857,0.68233293,0.6821981,4695,4817.201009273529,0.68502426,0.48182616,0.49300998,0.46517774,10.55646987433577,0.0,0.0
20753,327090,0.38192895,0.15441552,0.14700918,0.13670868,10,0.0,36753,809370,0.30687317,0.53424764,0.53182995,0.5455859,0.6888021,0.6886631,0.6809851,0.6822059,4703,4826.563897609711,0.30687317,0.4325741,0.44091997,0.46356073,11.472444741917423,0.0,0.0
20810,327660,0.4295557,0.07995971,0.13862723,0.13751245,10,0.0,36864,810480,0.28139985,0.5988354,0.54060453,0.5447271,0.71095556,0.67879516,0.68238723,0.6821864,4713,4838.287549972534,0.28139985,0.52469295,0.43412307,0.46276703,9.169410841375662,0.0,0.0
20870,328260,0.35955518,0.1325925,0.13317853,0.1369913,10,0.0,36977,811610,0.33101118,0.5435079,0.55068475,0.5452593,0.69056636,0.6761004,0.6838634,0.68219274,4722,4848.947625637054,0.28200006,0.44600612,0.4505645,0.4631147,8.799882844577303,0.0,0.0
20928,328840,0.3953545,0.1920918,0.13849191,0.13684933,10,0.0,37066,812500,0.28140485,0.48303366,0.5409396,0.5454151,0.67675936,0.6751255,0.67943156,0.6822198,4731,4859.731558084488,0.28140485,0.4631899,0.45501092,0.4642488,10.21614569886135,0.0,0.0
20982,329380,0.39913052,0.101382755,0.12300707,0.13313907,10,0.0,37167,813510,0.29756808,0.5861277,0.55995715,0.54901284,0.6966986,0.6875105,0.68296415,0.6823678,4740,4870.476181745529,0.29756808,0.51448905,0.48929307,0.46804,9.386048339344832,0.0,0.0
21043,329990,0.32507175,0.15909083,0.11895196,0.13221975,10,0.0,37269,814530,0.37237662,0.5553733,0.5674189,0.54988825,0.6974484,0.681957,0.68422127,0.6823273,4749,4880.800051212311,0.29981697,0.45114827,0.49284592,0.46959782,12.955027013937537,0.0,0.0
21099,330550,0.37644184,0.06832509,0.11097701,0.13041101,10,0.0,37368,815520,0.28412896,0.61865264,0.5721757,0.55226123,0.6605708,0.6869777,0.68315256,0.6826493,4758,4891.555020332336,0.28412896,0.567475,0.5084461,0.472153,8.592450131448404,0.0,0.0
21161,331170,0.35790926,0.21457963,0.12999327,0.1315114,10,0.0,37469,816530,0.33589995,0.467274,0.5529152,0.5509209,0.6938092,0.68185365,0.6829085,0.6826777,4767,4902.136079788208,0.32608756,0.4362492,0.500452,0.4734035,11.306111677633663,0.0,0.0
21212,331680,0.40343618,0.15479057,0.14005952,0.13074018,10,0.0,37569,817530,0.28060585,0.52578026,0.5392811,0.55174106,0.68404204,0.6805709,0.67934066,0.68246746,4776,4912.6336879730225,0.28060585,0.49200377,0.48055652,0.4746471,9.393294068298228,0.0,0.0
21268,332240,0.3653279,0.11531377,0.13930674,0.1320006,10,0.0,37658,818420,0.3196323,0.5729207,0.5395825,0.55020595,0.6849602,0.68823457,0.6788891,0.68217784,4784,4922.312161207199,0.3196323,0.4870411,0.4800637,0.47494757,27.796949847174247,0.0,0.0
21325,332810,0.3736493,0.16496214,0.14472288,0.13260217,10,0.0,37758,819420,0.28905535,0.52231616,0.5376993,0.5498053,0.66270465,0.68581474,0.68200374,0.6822886,4793,4933.160477638245,0.28905535,0.45498744,0.49081752,0.4758744,9.498827113494377,0.0,0.0
21377,333330,0.3862318,0.14857613,0.14376117,0.13252337,10,0.0,37845,820290,0.31186613,0.53767145,0.5401867,0.5496395,0.69809794,0.6862475,0.68391603,0.6821145,4801,4942.537713766098,0.31186613,0.46737233,0.4741685,0.47574094,34.59456606101696,0.0,0.0
21435,333910,0.31655985,0.105773844,0.13271569,0.13288486,10,0.0,37952,821360,0.3491413,0.579225,0.5518173,0.5494438,0.66570115,0.68499887,0.684533,0.68220973,4810,4953.42408323288,0.3491413,0.5325833,0.4903645,0.47675338,10.908794884005573,0.0,0.0
21494,334500,0.3634479,0.16833803,0.13172665,0.13331223,10,0.0,38043,822270,0.30428094,0.5155928,0.5533952,0.54877037,0.66772884,0.68393093,0.6851219,0.68234533,4819,4963.864137887955,0.30428094,0.4913513,0.5026638,0.47855124,11.267232727514985,0.0,0.0
21549,335050,0.42270255,0.11622252,0.12564228,0.13284919,10,0.0,38141,823250,0.2803012,0.56912935,0.55721134,0.5493017,0.70300376,0.6808217,0.6828946,0.682288,4828,4974.420389413834,0.2803012,0.5550969,0.51072156,0.48125923,9.387264638785483,0.0,0.0
21606,335620,0.38038114,0.15281174,0.13793086,0.13374946,10,0.0,38241,824250,0.2806476,0.5309503,0.5425547,0.5483104,0.66102874,0.6837621,0.68048555,0.68201524,4837,4984.899453163147,0.2806476,0.47788897,0.49073818,0.48075843,11.777958056772158,0.0,0.0
21665,336210,0.30652973,0.13759777,0.12897015,0.13352774,10,0.0,38341,825250,0.34799334,0.53753746,0.55007696,0.548134,0.6545231,0.6791379,0.67955804,0.68187857,4846,4995.78213095665,0.2775541,0.38512108,0.48883015,0.48057264,8.985071167359777,0.0,0.0
21721,336770,0.30880767,0.1093922,0.12839244,0.1322018,10,0.0,38440,826240,0.38280052,0.57112265,0.55224586,0.54960924,0.6916082,0.68051493,0.6806382,0.6818956,4855,5006.33322262764,0.38280052,0.48104626,0.48872462,0.4835302,10.883113351579519,0.0,0.0
21774,337300,0.40394208,0.08510733,0.12639777,0.1304701,10,0.0,38531,827150,0.28073296,0.59639776,0.5564897,0.55157006,0.68467504,0.6815051,0.6828577,0.68199,4863,5015.740249156952,0.28073296,0.5169795,0.48590338,0.48705247,11.790907322426738,0.0,0.0
21833,337890,0.29070398,0.06788273,0.11257086,0.12979467,10,0.0,38651,828350,0.3738701,0.61849684,0.569855,0.55193895,0.6645741,0.68637955,0.682638,0.68170947,4873,5027.446797132492,0.33368978,0.49713326,0.48969328,0.48689398,9.625970703276058,0.0,0.0
21890,338460,0.31992736,0.08661552,0.11554514,0.12901583,10,0.0,38728,829120,0.36538544,0.6003981,0.5658625,0.5528267,0.6853128,0.68701357,0.68140763,0.6817995,4881,5036.779334306717,0.27888077,0.4903334,0.49022207,0.48981532,10.946552386052796,0.0,0.0
21948,339040,0.35489208,0.15910967,0.123436235,0.12848291,10,0.0,38828,830120,0.32358587,0.52617234,0.5590493,0.5536357,0.67847794,0.68528205,0.6828487,0.6821374,4890,5047.005924463272,0.2966039,0.49034628,0.48878714,0.49165556,11.673221361281724,0.0,0.0
22008,339640,0.406596,0.11022518,0.1306027,0.12924449,10,0.0,38939,831230,0.2788146,0.56602347,0.5522792,0.55258447,0.6854106,0.6762486,0.6828242,0.6817785,4900,5058.960047483444,0.2788146,0.49552187,0.49059403,0.49086413,11.04084104368134,0.0,0.0
22068,340240,0.0014130473,0.15072353,0.13206361,0.12987593,10,0.0,39037,832210,0.65815455,0.52689373,0.54652804,0.5516455,0.6595676,0.67761725,0.67832774,0.6815282,4909,5069.443737268448,0.34700736,0.37943706,0.47589013,0.49029258,12.299708746177513,0.0,0.0
22125,340810,0.31860337,0.12077478,0.13529135,0.13188371,10,0.0,39135,833190,0.367914,0.559696,0.54455507,0.5494208,0.68651736,0.6804708,0.6795346,0.6812502,4918,5080.09863448143,0.27823922,0.47082654,0.45789975,0.48600605,8.537687984980947,0.0,0.0
22183,341390,0.37756404,0.12911583,0.1385604,0.13058184,10,0.0,39238,834220,0.2775627,0.55311066,0.5416273,0.5506318,0.65512675,0.6822265,0.6801875,0.681254,4927,5090.911859512329,0.2775627,0.45413035,0.46940666,0.48644438,11.51682696796061,0.0,0.0
22239,341950,0.41442296,0.12414994,0.13557822,0.13160539,10,0.0,39337,835210,0.2780632,0.5530563,0.54548454,0.54979223,0.69248617,0.6772062,0.68106276,0.6813911,4936,5101.2783942222595,0.2780632,0.45866436,0.47715855,0.48512658,9.341781754466146,0.0,0.0
22298,342540,0.35262728,0.112001404,0.13324773,0.12998445,10,0.0,39437,836210,0.30364197,0.57019866,0.54968196,0.5515315,0.65626925,0.6822001,0.68292975,0.6815177,4945,5111.688983917236,0.30364197,0.46229774,0.481185,0.48580676,9.588777782350064,0.0,0.0
22351,343070,0.39722726,0.12382376,0.12931395,0.12884715,10,0.0,39540,837240,0.28293392,0.5687879,0.5537116,0.55275476,0.6801612,0.6926116,0.68302554,0.6816288,4954,5122.309528589249,0.28293392,0.5536917,0.48789582,0.4866355,13.00903060281352,0.0,0.0
22410,343660,0.32915863,0.07738205,0.12528084,0.12836868,10,0.0,39638,838220,0.36127576,0.6032205,0.55605257,0.5530066,0.6904344,0.6806025,0.6813335,0.6814037,4963,5133.125446557999,0.33729264,0.55607355,0.4883366,0.48553225,8.808333919603003,0.0,0.0
22466,344220,0.31256694,0.107424855,0.11968092,0.12792495,10,0.0,39737,839210,0.38190603,0.5708598,0.5626898,0.55333924,0.69447297,0.6782846,0.68237066,0.681317,4971,5142.399300813675,0.28063458,0.46129793,0.48973122,0.48613927,10.375307074709413,0.0,0.0
22529,344850,0.3374023,0.12607023,0.125113,0.1282047,10,0.0,39835,840190,0.35830244,0.5536908,0.55786455,0.5531162,0.69570476,0.67976105,0.6825659,0.6813605,4981,5154.237827301025,0.28545517,0.5096439,0.48828736,0.48433563,11.203791383108504,0.0,0.0
22578,345340,0.3843657,0.10807307,0.12258953,0.1275302,10,0.0,39925,841090,0.2781804,0.57701397,0.5600005,0.55381626,0.6625461,0.685087,0.6820747,0.6813063,4989,5164.015635728836,0.2781804,0.45804387,0.5024192,0.48501122,26.00915525360499,0.0,0.0
22631,345870,0.34721303,0.12932429,0.123737834,0.1269901,10,0.0,40014,841980,0.33850628,0.5569137,0.55829966,0.5546295,0.6857193,0.68623793,0.6819219,0.68153924,4997,5173.704956769943,0.33329007,0.49353486,0.49280736,0.4846499,11.559164217802524,0.0,0.0
22700,346560,0.37692815,0.06039048,0.11729056,0.12670362,10,0.0,40141,843250,0.30569857,0.62651074,0.56775546,0.5550348,0.6826267,0.6869012,0.68504596,0.68170595,5008,5184.741366863251,0.30569857,0.5182415,0.5018889,0.48489293,10.342046916054507,0.0,0.0
22759,347150,0.37744176,0.09690011,0.1259758,0.12681358,10,0.0,40234,844180,0.27763528,0.59004295,0.5562657,0.55496377,0.65507704,0.686943,0.68224144,0.68170017,5017,5194.156672954559,0.27763528,0.46023577,0.4631013,0.4822503,11.979707378153728,0.0,0.0
22827,347830,0.4037476,0.13474445,0.12612545,0.12770925,10,0.0,40360,845440,0.3003091,0.54858,0.55733126,0.55420256,0.7040567,0.68332434,0.68345666,0.6818696,5027,5204.201898813248,0.3003091,0.5041192,0.46556407,0.48242036,10.681014281574319,0.0,0.0
22890,348460,0.3040607,0.14977007,0.12621635,0.12818311,10,0.0,40457,846410,0.36019248,0.5291128,0.55724055,0.55376303,0.6642532,0.67888296,0.6834568,0.6819528,5037,5214.128338098526,0.3441367,0.52341545,0.49802017,0.48304427,41.52176022079976,0.0,0.0
22962,349180,0.31993523,0.11002944,0.12188749,0.12772326,10,0.0,40584,847680,0.35369113,0.5682913,0.56033576,0.5541555,0.67362636,0.67832077,0.68222326,0.6818151,5049,5226.300932407379,0.35369113,0.5100144,0.49249703,0.48218963,9.881878410343885,0.0,0.0
23027,349830,0.3785324,0.101588905,0.1265751,0.12680858,10,0.0,40700,848840,0.2781387,0.57258004,0.5514857,0.55497324,0.6566711,0.67416894,0.6780608,0.68173045,5059,5236.268699169159,0.27804983,0.51838803,0.5056938,0.48456055,14.866760029107532,0.0,0.0
23088,350440,0.3348922,0.088117875,0.11569741,0.12624432,10,0.0,40792,849760,0.362392,0.5919342,0.5641423,0.5556672,0.6972842,0.6800521,0.67983973,0.6818813,5068,5245.45429110527,0.27768803,0.5282248,0.5121628,0.48713195,13.567257212541525,0.0,0.0
23155,351110,0.37600753,0.13290691,0.11503198,0.124734,10,0.0,40913,850970,0.3229693,0.5550534,0.56812114,0.55746424,0.6989768,0.6879603,0.683153,0.68213767,5079,5256.970915317535,0.29629964,0.43903,0.48697326,0.4878253,13.340143925712807,0.0,0.0
23216,351720,0.3880875,0.13522443,0.119937144,0.12329729,10,0.0,41018,852020,0.30016363,0.546101,0.5620033,0.5587931,0.68825114,0.68132544,0.6819404,0.6820101,5087,5264.957862138748,0.30016363,0.46382254,0.49929917,0.48948953,35.281385244970835,0.0,0.0
23289,352450,0.0,0.13496168,0.116780385,0.12268359,10,0.0,41140,853240,0.6585599,0.5389657,0.56374764,0.5592781,0.6585599,0.68057406,0.68052787,0.6819113,5099,5276.86923122406,0.6585599,0.4866658,0.49069965,0.49072614,13.016951845734543,0.0,0.0
23349,353050,0.4142046,0.14258704,0.125554,0.12268796,10,0.0,41241,854250,0.2876507,0.53289807,0.5579664,0.55947155,0.7018553,0.675485,0.68352044,0.68208975,5109,5286.914643287659,0.2876507,0.48261133,0.5000513,0.49120033,12.665070311108158,0.0,0.0
23416,353720,0.43505624,0.11903864,0.12073233,0.12208603,10,0.0,41354,855380,0.2777966,0.5580236,0.56355596,0.5600601,0.71285284,0.6770622,0.68428826,0.6821476,5119,5296.990570068359,0.2777966,0.48035383,0.49733964,0.49235076,31.772695491316167,0.0,0.0
23482,354380,0.3196381,0.08610285,0.12569517,0.12164075,10,0.0,41470,856540,0.33568898,0.5965043,0.5574332,0.5606276,0.6553271,0.6826071,0.6831283,0.6822291,5129,5306.913450717926,0.28516468,0.40621978,0.4852345,0.49169502,14.104811261777959,0.0,0.0
23550,355060,0.40924144,0.14351983,0.110371314,0.12151805,10,0.0,41586,857700,0.2853942,0.5337835,0.57177794,0.56071323,0.6946356,0.67730343,0.6821493,0.6821733,5141,5319.193111658096,0.2853942,0.4410015,0.49587208,0.49187952,9.813183995328195,0.0,0.0
23612,355680,0.32922104,0.10462898,0.12882851,0.12213306,10,0.0,41698,858820,0.38275835,0.57587254,0.5531852,0.5600376,0.7119794,0.68050146,0.6820136,0.6821706,5151,5329.274644851685,0.350504,0.4755423,0.46464685,0.4895213,10.834766799452256,0.0,0.0
23678,356340,0.2891138,0.10320274,0.1274821,0.122429915,10,0.0,41800,859840,0.37851575,0.5897948,0.5538729,0.5595289,0.66762954,0.6929976,0.6813549,0.68195873,5160,5338.262222528458,0.3515838,0.5101797,0.46873066,0.48758936,11.563096601098497,0.0,0.0
23742,356980,0.36815938,0.14579709,0.11828842,0.12243773,10,0.0,41916,861000,0.29889658,0.53160006,0.5655762,0.55971223,0.66705596,0.67739713,0.68386465,0.68214995,5171,5349.300371170044,0.29001665,0.46654654,0.49577922,0.4901961,12.774651859621807,0.0,0.0
23805,357610,0.34833547,0.11106644,0.13523842,0.12292671,10,0.0,42026,862100,0.32297042,0.5743015,0.54607946,0.5589049,0.6713059,0.68536794,0.6813178,0.68183166,5180,5358.530165195465,0.32297042,0.508742,0.478847,0.49133265,10.285059912139488,0.0,0.0
23872,358280,0.0,0.16934137,0.13801932,0.12341783,10,0.0,42127,863110,0.7039155,0.5121256,0.5429361,0.5581635,0.7039155,0.6814669,0.6809555,0.6815813,5191,5369.5338933467865,0.7039155,0.44973746,0.4693092,0.48921338,12.091254972074513,0.0,0.0
23929,358850,0.36350825,0.16068475,0.12722711,0.12465344,10,0.0,42227,864110,0.30351505,0.512036,0.55578214,0.5569818,0.6670233,0.67272073,0.6830092,0.68163526,5200,5378.752375841141,0.2798536,0.43971735,0.49391744,0.48957464,10.720380896101632,0.0,0.0
23998,359540,0.29480147,0.08954186,0.1318202,0.12403458,10,0.0,42348,865320,0.37292552,0.5952522,0.5516242,0.55818695,0.667727,0.68479407,0.68344426,0.6822215,5211,5390.050851821899,0.3475101,0.5229653,0.477729,0.48798755,10.047652220240838,0.0,0.0
24061,360170,0.34677997,0.16158691,0.13102648,0.12593219,10,0.0,42461,866450,0.3342919,0.52338845,0.55177164,0.5565021,0.6810719,0.68497527,0.6827981,0.68243426,5221,5400.456753015518,0.3342919,0.44722956,0.46492264,0.48457903,10.292874112353033,0.0,0.0
24127,360830,0.34006405,0.09810477,0.12307495,0.12633044,10,0.0,42573,867570,0.35284668,0.5780728,0.5600124,0.5560724,0.69291073,0.6761775,0.6830873,0.6824028,5230,5409.474520921707,0.27904785,0.43198857,0.49490136,0.4851443,12.745518044661994,0.0,0.0
24192,361480,0.36364403,0.16554123,0.13137472,0.12664948,10,0.0,42672,868560,0.3071514,0.4777617,0.54870844,0.5556132,0.67079544,0.67696047,0.6800096,0.68230355,5241,5420.655928134918,0.3071514,0.39220265,0.46930614,0.48310047,12.984444252509014,0.0,0.0
24257,362130,0.32241267,0.14727744,0.11983639,0.12682694,10,0.0,42790,869740,0.33268654,0.5309355,0.5579808,0.55541015,0.6550992,0.678213,0.6799762,0.68225324,5251,5430.571877717972,0.28057307,0.42127103,0.4823817,0.48310244,35.14118291695921,0.0,0.0
24323,362790,0.43160358,0.17037769,0.12383475,0.12679411,10,0.0,42900,870840,0.27981463,0.5084141,0.5574124,0.5552989,0.7114182,0.67879176,0.6812472,0.682247,5262,5441.5951335430145,0.27981463,0.45469394,0.5025652,0.48419553,10.649252651329537,0.0,0.0
24389,363450,0.27355295,0.11566994,0.12706184,0.12750937,10,0.0,43008,871920,0.38009638,0.5680729,0.5541065,0.5543803,0.65364933,0.6837429,0.6811684,0.6820427,5272,5451.901146650314,0.3325109,0.48633164,0.4971255,0.48310834,13.61486867018602,0.0,0.0
24454,364100,0.3283929,0.14740099,0.12719892,0.12725641,10,0.0,43117,873010,0.37032226,0.53726315,0.55136096,0.554441,0.69871515,0.68466413,0.67855996,0.68170303,5282,5461.919785261154,0.32186857,0.45073175,0.47457477,0.48268512,15.124223109753371,0.0,0.0
24521,364770,0.3301802,0.16582605,0.14093482,0.12947994,10,0.0,43220,874040,0.37176844,0.5221032,0.5381467,0.5520431,0.70194864,0.6879292,0.67908144,0.68170893,5292,5471.899483680725,0.28596976,0.45842972,0.4709428,0.4809404,14.434780274447439,0.0,0.0
24580,365360,0.3544782,0.17312844,0.13254797,0.12909122,10,0.0,43322,875060,0.33700964,0.518813,0.54884374,0.55241907,0.69148785,0.69194144,0.6815981,0.6817367,5301,5481.022444725037,0.33700964,0.43054205,0.50225043,0.48397857,16.07197146339753,0.0,0.0
24647,366030,0.291727,0.14265715,0.131852,0.12902802,10,0.0,43434,876180,0.38235974,0.53396165,0.54814196,0.5525441,0.67408675,0.67808336,0.68046397,0.6816366,5312,5491.965056419373,0.2836494,0.5150553,0.49941427,0.4860386,10.396304993681865,0.0,0.0
24707,366630,0.32982132,0.1443713,0.14256482,0.13103421,10,0.0,43545,877290,0.33580366,0.54417574,0.5381323,0.5505249,0.665625,0.688547,0.68115026,0.68169177,5322,5503.677629232407,0.33580366,0.4771173,0.4675674,0.48371986,13.883068286571572,0.0,0.0
24765,367210,0.38551083,0.08801161,0.13114685,0.13019417,10,0.0,43654,878380,0.29537103,0.5865234,0.5484665,0.55118144,0.68088186,0.6745351,0.67961335,0.6813829,5331,5514.430305957794,0.29041994,0.4532463,0.47963336,0.48373297,9.26874995856546,0.0,0.0
24826,367820,0.35779047,0.14902708,0.12087934,0.12911737,10,0.0,43744,879280,0.32155406,0.534027,0.55858946,0.5521806,0.67934453,0.6830541,0.67946875,0.6815724,5340,5525.143326997757,0.32155406,0.49122435,0.489731,0.48561895,11.050364564465667,0.0,0.0
24882,368380,0.37289616,0.10453155,0.13555293,0.12950021,10,0.0,43831,880150,0.31168452,0.58335274,0.54562306,0.5515027,0.6845807,0.6878843,0.68117607,0.68127024,5348,5534.286635160446,0.28484547,0.5276998,0.48985687,0.48635215,11.876323035225441,0.0,0.0
24939,368950,0.40393278,0.1428931,0.12060428,0.12849922,10,0.0,43945,881290,0.31021205,0.5343021,0.56250155,0.55310345,0.7141448,0.6771952,0.6831058,0.6815366,5358,5546.169840097427,0.2904994,0.47374067,0.5044511,0.48640004,9.056352817187427,0.0,0.0
24997,369530,0.40671366,0.13957402,0.12864393,0.12889181,10,0.0,44040,882240,0.2784902,0.54697716,0.5600227,0.55271226,0.68520385,0.68655115,0.6886666,0.6818541,5367,5556.878840684891,0.2784902,0.46974587,0.48762393,0.4877432,12.460537065479922,0.0,0.0
25056,370120,0.37870076,0.11143484,0.12921873,0.12849692,10,0.0,44136,883200,0.2776781,0.5804771,0.5561892,0.5531163,0.65637887,0.69191206,0.68540794,0.68185294,5376,5567.689968109131,0.2776781,0.45065537,0.48961937,0.48881695,12.340964914655201,0.0,0.0
25114,370700,0.37568003,0.12799788,0.12268319,0.12777755,10,0.0,44235,884190,0.28029162,0.5498861,0.5599711,0.55356866,0.65597165,0.677884,0.68214715,0.6817026,5385,5578.453943729401,0.28029162,0.53192896,0.4983491,0.48986343,11.796647733584962,0.0,0.0
25168,371240,0.2832883,0.090691544,0.11862698,0.12757279,10,0.0,44333,885170,0.3733372,0.589366,0.56256753,0.5541033,0.6566255,0.6800576,0.68097734,0.681731,5394,5588.861449480057,0.33320397,0.5035571,0.49562645,0.49072888,11.406715386908195,0.0,0.0
25227,371830,0.39623088,0.096546374,0.13070658,0.1279891,10,0.0,44429,886130,0.27777964,0.59112513,0.54941565,0.5535928,0.6740105,0.68767154,0.6801222,0.6815591,5403,5599.3440799713135,0.27777964,0.523658,0.478164,0.48995507,8.726646884371778,0.0,0.0
25285,372410,0.2831522,0.14701435,0.13442327,0.12891641,10,0.0,44528,887120,0.38214353,0.53515255,0.54534286,0.5523992,0.6652957,0.68216676,0.67958397,0.68152076,5412,5609.950154542923,0.3471316,0.49445876,0.47370213,0.48893335,13.152617632763135,0.0,0.0
25340,372960,0.4020121,0.100915894,0.1444299,0.13046964,10,0.0,44628,888120,0.2775646,0.58680636,0.53704023,0.5511356,0.6795767,0.6877222,0.68115896,0.6816652,5421,5620.657328605652,0.2775646,0.485874,0.47582093,0.48663336,10.327094519797827,0.0,0.0
25402,373580,0.39604947,0.104402244,0.13803041,0.13042833,10,0.0,44726,889100,0.27902076,0.57879806,0.54734266,0.5511727,0.6750702,0.6832003,0.685373,0.6818114,5430,5631.013116598129,0.27902076,0.52591914,0.48405787,0.48708412,12.72927189532526,0.0,0.0
25459,374150,0.3258516,0.08516568,0.1266281,0.13019931,10,0.0,44826,890100,0.3297809,0.5943146,0.5529356,0.55165935,0.6556325,0.67948025,0.67956376,0.68188906,5439,5641.513889789581,0.27766526,0.5538374,0.49132192,0.48841858,12.806174852376328,0.0,0.0
25514,374700,0.3383203,0.10874561,0.12630366,0.12975128,10,0.0,44927,891110,0.32134718,0.5658814,0.5542286,0.55223095,0.6596675,0.674627,0.6805323,0.6820073,5448,5652.143214702606,0.2995195,0.4960607,0.4980675,0.48969394,9.654564731305362,0.0,0.0
25570,375260,0.34469137,0.07500537,0.12420538,0.1299004,10,0.0,45020,892040,0.31066206,0.60315484,0.5559395,0.5517872,0.6553534,0.6781603,0.6801449,0.6817014,5457,5662.550099611282,0.31066206,0.5991794,0.49487695,0.48723704,9.788646832829778,0.0,0.0
25630,375860,0.3441632,0.07660784,0.1234934,0.12961139,10,0.0,45123,893070,0.3277472,0.5987684,0.5563159,0.5521031,0.6719104,0.67537624,0.6798092,0.6816791,5466,5673.21324801445,0.3277472,0.46917757,0.47886813,0.48687643,8.921433477284005,0.0,0.0
25687,376430,0.352693,0.15448089,0.13799119,0.12989287,10,0.0,45204,893880,0.36229232,0.52671224,0.5421412,0.551836,0.7149853,0.68119305,0.68013227,0.68166953,5474,5682.963560819626,0.35465786,0.4430298,0.46771938,0.4853855,30.812263773237,0.0,0.0
25741,376970,0.36355054,0.141138,0.13885763,0.12982282,10,0.0,45311,894950,0.3073238,0.53863376,0.5399575,0.55170107,0.67087436,0.6797718,0.6788925,0.6814836,5483,5693.782597064972,0.29005086,0.44494072,0.45697045,0.4848451,9.603368857575006,0.0,0.0
25795,377510,0.30081028,0.11466706,0.1396303,0.13074142,10,0.0,45389,895730,0.38147134,0.5653531,0.5400736,0.5508573,0.6822816,0.6800202,0.6797516,0.6816107,5491,5703.351722955704,0.38147134,0.45079818,0.46981567,0.4849306,27.168225455313323,0.0,0.0
25850,378060,0.32931674,0.110711694,0.13080738,0.13076037,10,0.0,45490,896740,0.35408902,0.5713313,0.55090094,0.5510106,0.68340576,0.68204296,0.6817083,0.6817415,5500,5713.52348947525,0.35408902,0.43839264,0.46285695,0.48292035,10.9077537221247,0.0,0.0
25920,378760,0.3769151,0.12775365,0.12878782,0.13140088,10,0.0,45612,897960,0.28348422,0.55876577,0.55405146,0.55030787,0.6603993,0.68651944,0.6828392,0.68173504,5511,5724.902989149094,0.28348422,0.46070927,0.46567523,0.48025855,10.38295832957884,0.0,0.0
25982,379380,0.34321266,0.1492506,0.13070959,0.13116744,10,0.0,45718,899020,0.32973915,0.52659315,0.55064464,0.5499573,0.6729518,0.6758437,0.6813543,0.6811121,5521,5735.373475074768,0.32973915,0.44896117,0.49412727,0.48086077,10.000731998616118,0.0,0.0
26039,379950,0.32911414,0.1251097,0.13121521,0.13125564,10,0.0,45816,900000,0.36797518,0.55344754,0.5500898,0.5499072,0.6970893,0.67855716,0.6810143,0.68103516,5530,5744.97483921051,0.36797518,0.4015347,0.48082924,0.47991836,10.447321691665937,0.0,0.0
26108,380640,0.3172481,0.18134275,0.14124836,0.13360825,10,0.0,45923,901070,0.3554213,0.50838727,0.5406888,0.54735994,0.6726694,0.68973005,0.6819373,0.6809164,5540,5755.377928495407,0.3554213,0.3746565,0.4456435,0.47494075,12.35949315017228,0.0,0.0
26173,381290,0.2879883,0.16141108,0.14027172,0.13459109,10,0.0,46030,902140,0.36524844,0.5237441,0.5401278,0.54637986,0.65323675,0.6851552,0.68039966,0.6809584,5550,5765.754773855209,0.36524844,0.43804026,0.4673202,0.4742066,12.189356678783454,0.0,0.0
26237,381930,0.2945357,0.15097529,0.13412446,0.13447237,10,0.0,46148,903320,0.3811832,0.54023963,0.5490172,0.54661477,0.6757189,0.6912149,0.68314165,0.6811464,5561,5777.57238650322,0.33848482,0.47339955,0.46732163,0.47373888,9.719809826261143,0.0,0.0
26302,382580,0.28781557,0.10942316,0.13165186,0.13363512,10,0.0,46246,904300,0.3824548,0.5829212,0.5528212,0.5479176,0.6702704,0.6923443,0.6844731,0.68155116,5570,5786.951513528824,0.28749743,0.4630219,0.44774017,0.4712995,12.763965014541771,0.0,0.0
26363,383190,0.2897318,0.14562048,0.13763961,0.13293034,10,0.0,46354,905380,0.38039398,0.54267675,0.5456082,0.54819167,0.6701258,0.68829715,0.6832478,0.6811252,5580,5797.705288410187,0.38039398,0.5034307,0.44507262,0.47046593,13.165176144446104,0.0,0.0
26431,383870,0.35621944,0.10931472,0.124213755,0.13236848,10,0.0,46473,906570,0.33371004,0.57773614,0.5584821,0.5490005,0.6899295,0.6870509,0.6828096,0.6813269,5591,5809.385022640228,0.33371004,0.4705584,0.48725128,0.47065943,14.140022600820426,0.0,0.0
26490,384460,0.30267638,0.103655435,0.13875799,0.133802,10,0.0,46570,907540,0.38025886,0.57497656,0.5424823,0.54759806,0.68293524,0.67863196,0.68124026,0.6813697,5600,5818.728598117828,0.37984538,0.48912603,0.48668522,0.46906614,10.315713204606958,0.0,0.0
26558,385140,0.33801875,0.11167421,0.1341501,0.13453566,10,0.0,46691,908750,0.35804322,0.57569903,0.5486729,0.5470919,0.69606197,0.6873733,0.6828231,0.68163085,5611,5830.171828746796,0.35804322,0.4618271,0.484012,0.46937662,13.190120517012733,0.0,0.0
26621,385770,0.31903866,0.15277871,0.12520567,0.13394329,10,0.0,46799,909830,0.349937,0.54253185,0.5607664,0.5480608,0.66897565,0.68457365,0.6831935,0.6816887,5621,5840.811756372452,0.33215845,0.44171748,0.48983088,0.46891633,13.348358961449462,0.0,0.0
26686,386420,0.37566984,0.18494608,0.123377144,0.13286433,10,0.0,46896,910800,0.29495984,0.4967696,0.55641294,0.5488408,0.6706297,0.68171567,0.67997146,0.6817089,5630,5850.228938817978,0.2800338,0.4301401,0.4905062,0.4711983,12.917009149962874,0.0,0.0
26748,387040,0.35338745,0.13574295,0.1378553,0.13351199,10,0.0,47004,911880,0.3562813,0.54246867,0.5413815,0.54819864,0.70966876,0.67821157,0.67944235,0.6816993,5640,5860.847584247589,0.29202962,0.51745117,0.46936324,0.47032946,13.438819673980051,0.0,0.0
26819,387750,0.3774788,0.14013156,0.13615987,0.1328886,10,0.0,47120,913040,0.27907905,0.53958905,0.54059577,0.5483415,0.65655786,0.6797206,0.679506,0.6815343,5651,5872.511478424072,0.27827007,0.45759654,0.47237432,0.4713799,14.128553103879446,0.0,0.0
26876,388320,0.30588832,0.17339744,0.14165232,0.13403592,10,0.0,47218,914020,0.35979846,0.5062659,0.536821,0.54720676,0.6656868,0.6796633,0.6784733,0.681179,5660,5882.093888044357,0.3106147,0.4663724,0.46663404,0.47165313,12.679435470462442,0.0,0.0
26943,388990,0.39059114,0.16499205,0.13848884,0.13436459,10,0.0,47335,915190,0.30444235,0.5143801,0.53775626,0.5464311,0.6950335,0.6793721,0.676245,0.6808081,5671,5893.592230558395,0.30444235,0.41224375,0.465006,0.47081873,12.128764950930353,0.0,0.0
27002,389580,0.40287703,0.15168127,0.12501982,0.13356422,10,0.0,47433,916170,0.31243074,0.5404067,0.5560133,0.5475521,0.7153078,0.692088,0.6810331,0.68108726,5680,5903.471434831619,0.31243074,0.45414487,0.48493707,0.47208515,37.21571393713538,0.0,0.0
27063,390190,0.35314348,0.1839557,0.13496533,0.13387561,10,0.0,47532,917160,0.32694098,0.49360147,0.54713136,0.5469583,0.68008447,0.675825,0.68258995,0.680988,5689,5912.92746925354,0.27887392,0.44077596,0.48703223,0.47220173,11.682777369253738,0.0,0.0
27128,390840,0.40998462,0.12996824,0.13914412,0.13386732,10,0.0,47651,918350,0.29297474,0.547994,0.5431379,0.5471727,0.70295936,0.67796224,0.68202543,0.68112725,5700,5924.42648601532,0.2813727,0.50304747,0.48678502,0.47432527,11.683532371679878,0.0,0.0
27191,391470,0.432584,0.1419426,0.12951532,0.13388085,10,0.0,47757,919410,0.27949584,0.5360669,0.5519081,0.54735875,0.7120798,0.6780095,0.68142337,0.6812323,5710,5935.003244638443,0.27949584,0.4396328,0.4908306,0.47555006,10.918975825359032,0.0,0.0
27256,392120,0.41308862,0.1043885,0.13831395,0.13423704,10,0.0,47870,920540,0.28605545,0.5836084,0.54281974,0.54664785,0.69914407,0.68799686,0.68113375,0.6810038,5720,5945.418107032776,0.28605545,0.49881428,0.4780366,0.47604933,10.718479629720491,0.0,0.0
27316,392720,0.32669228,0.1345416,0.1497124,0.13516355,10,0.0,47964,921480,0.3809343,0.54662675,0.53498954,0.5456737,0.7076266,0.6811684,0.684702,0.6811437,5729,5954.824592828751,0.28655645,0.4696262,0.4764003,0.4785147,10.414134188584462,0.0,0.0
27380,393360,0.36694175,0.11216084,0.122400865,0.1348457,10,0.0,48072,922560,0.30110806,0.57235295,0.5614533,0.5462862,0.6680498,0.6845138,0.6838542,0.6811482,5739,5965.299971342087,0.29632482,0.5166846,0.50676286,0.48088512,10.829563443241735,0.0,0.0
27447,394030,0.3812206,0.1022347,0.12545489,0.13461374,10,0.0,48193,923770,0.30097112,0.5745227,0.55271524,0.5463648,0.6821917,0.67675734,0.67817026,0.6809579,5750,5976.914627790451,0.30097112,0.5208268,0.48969373,0.47984803,9.612454124140637,0.0,0.0
27510,394660,0.327178,0.11197325,0.1360459,0.13390648,10,0.0,48287,924710,0.38011402,0.5789618,0.5443375,0.54707426,0.707292,0.6909351,0.6803834,0.68099135,5759,5986.272171497345,0.33845693,0.4866805,0.48779747,0.48133776,12.37777026233423,0.0,0.0
27575,395310,0.3846353,0.10268118,0.1288888,0.13376908,10,0.0,48407,925910,0.31939694,0.58396477,0.5523949,0.5468856,0.70403224,0.686646,0.6812838,0.6807262,5770,5998.054881334305,0.31939694,0.48221415,0.47603044,0.4803718,9.695889231685367,0.0,0.0
27642,395980,0.0,0.16742961,0.13331941,0.13499057,10,0.0,48515,926990,0.6851934,0.5207265,0.5465864,0.5453588,0.6851934,0.68815607,0.67990565,0.6806472,5780,6008.604808807373,0.6851934,0.4364075,0.4720082,0.48006678,11.948661513598237,0.0,0.0
27701,396570,0.3920157,0.1785387,0.13660058,0.1354255,10,0.0,48611,927950,0.29279405,0.51154166,0.5454993,0.54547495,0.68480974,0.69008034,0.68209976,0.68092763,5789,6019.14916062355,0.29279405,0.3820296,0.4682259,0.47918737,12.301505226734273,0.0,0.0
27757,397130,0.29517215,0.17316967,0.13756217,0.13520046,10,0.0,48708,928920,0.3629365,0.506638,0.5449635,0.54540294,0.65810865,0.6798077,0.68252563,0.6809648,5798,6029.860586166382,0.3629365,0.37025705,0.45092285,0.4768598,10.752367643820438,0.0,0.0
27807,397630,0.32032153,0.1729682,0.14420861,0.13584793,10,0.0,48794,929780,0.38096634,0.51397574,0.5382483,0.5455169,0.70128787,0.6869439,0.682457,0.6813668,5806,6039.799064397812,0.38096634,0.48509985,0.45394194,0.47629115,27.507889745560625,0.0,0.0
27867,398230,0.40907258,0.17773156,0.15265583,0.13707294,10,0.0,48890,930740,0.2811486,0.50055087,0.52863264,0.5442624,0.6902212,0.6782824,0.68128836,0.6813064,5815,6050.484626531601,0.2811486,0.3933652,0.454963,0.47458136,11.04065213568752,0.0,0.0
27919,398750,0.40558895,0.13028936,0.14164865,0.13627413,10,0.0,48977,931610,0.29247913,0.5416953,0.535948,0.54533595,0.6980681,0.6719847,0.6775967,0.68159777,5823,6060.065350294113,0.29247913,0.44145718,0.45551574,0.47481,11.204395950788646,0.0,0.0
27978,399340,0.37929726,0.13480903,0.1427971,0.13790381,10,0.0,49085,932690,0.2789291,0.5484184,0.53543216,0.5435889,0.6582264,0.6832274,0.6782292,0.68149096,5833,6072.109718322754,0.2789291,0.46467286,0.45754898,0.472288,8.40403276173088,0.0,0.0
28035,399910,0.39877886,0.12724844,0.14543985,0.13837893,10,0.0,49181,933650,0.30098617,0.5656093,0.53571403,0.5431628,0.699765,0.6928576,0.6811539,0.6815753,5842,6082.661088705063,0.30098617,0.43681774,0.4526495,0.4713515,9.318201055497484,0.0,0.0
28092,400480,0.42025584,0.19771127,0.14419465,0.1385459,10,0.0,49269,934530,0.2814526,0.48081928,0.5374707,0.54286486,0.70170844,0.6785306,0.6816655,0.68141085,5850,6092.056459903717,0.2814526,0.44286388,0.47040695,0.47129148,11.516333667211414,0.0,0.0
28149,401050,0.29855958,0.10881279,0.1356286,0.13798887,10,0.0,49378,935620,0.38024792,0.57349527,0.54299086,0.54319096,0.6788075,0.6823081,0.6786193,0.6811799,5860,6104.095406532288,0.36269352,0.46024364,0.48025867,0.47111502,9.88784917620195,0.0,0.0
28206,401620,0.30494893,0.13368857,0.12689282,0.13876364,10,0.0,49464,936480,0.38077205,0.54615504,0.551103,0.54230666,0.685721,0.67984354,0.67799574,0.68107027,5868,6113.659841060638,0.28247458,0.48698983,0.47133708,0.4695186,10.992036723425912,0.0,0.0
28265,402210,0.30784017,0.09675247,0.13451646,0.13718672,10,0.0,49574,937580,0.3639633,0.58836263,0.54776293,0.543807,0.6718035,0.6851151,0.6822794,0.6809938,5878,6125.166072130203,0.35944661,0.52352524,0.4691621,0.46963343,10.144018171809897,0.0,0.0
28325,402810,0.42735207,0.10832677,0.13872886,0.13765033,10,0.0,49671,938550,0.28016335,0.5711975,0.5400148,0.5427057,0.7075154,0.6795243,0.6787436,0.68035597,5887,6135.996626377106,0.28016335,0.39616832,0.44195175,0.46598986,9.142327039665757,0.0,0.0
28380,403360,0.33277917,0.181151,0.1654181,0.14083327,10,0.0,49769,939530,0.3584522,0.496126,0.5140576,0.53961086,0.69123137,0.677277,0.6794757,0.6804441,5896,6146.4951713085175,0.3584522,0.41950536,0.42465207,0.46261108,10.544683692473543,0.0,0.0
28439,403950,0.40037173,0.14520615,0.14196023,0.14086352,10,0.0,49866,940500,0.27749038,0.52887607,0.53924483,0.5397956,0.6778621,0.67408216,0.68120515,0.6806592,5905,6157.056539773941,0.27749038,0.4001182,0.45545226,0.46087176,9.495014573134497,0.0,0.0
28500,404560,0.3238151,0.20543286,0.14955068,0.14303347,10,0.0,49961,941450,0.3648681,0.471623,0.529896,0.5376532,0.6886832,0.67705584,0.6794467,0.6806867,5914,6167.8194670677185,0.27919123,0.42804804,0.4423669,0.45741254,9.037627116087599,0.0,0.0
28552,405080,0.36303535,0.13766448,0.1541011,0.14390856,10,0.0,50060,942440,0.30150428,0.53493196,0.5271985,0.5367196,0.66453964,0.67259645,0.68129957,0.6806282,5923,6178.714555978775,0.30150428,0.4480287,0.46147147,0.4569673,10.03208407779205,0.0,0.0
28612,405680,0.35249704,0.087963164,0.14113842,0.14351118,10,0.0,50156,943400,0.32803762,0.59466666,0.5382631,0.53697705,0.68053466,0.6826299,0.6794016,0.6804882,5931,6188.166013240814,0.32803762,0.52523714,0.47026673,0.456587,67.92087160420256,0.0,0.0
28668,406240,0.35068473,0.15339422,0.13568631,0.14378217,10,0.0,50243,944270,0.36369357,0.5158318,0.5415638,0.53649783,0.7143783,0.66922605,0.67725015,0.68027997,5940,6199.033225774765,0.32856637,0.487361,0.46093258,0.45591992,11.00840320695584,0.0,0.0
28726,406820,0.34553978,0.17262232,0.14801595,0.14504573,10,0.0,50342,945260,0.36650923,0.5092708,0.53205067,0.535187,0.712049,0.6818931,0.6800666,0.68023276,5949,6209.813249349594,0.36650923,0.40670195,0.45702678,0.45642725,13.270237306153572,0.0,0.0
28781,407370,0.34768564,0.15067735,0.14188796,0.14438291,10,0.0,50439,946230,0.3159926,0.529525,0.538383,0.53564334,0.6636782,0.68020236,0.6802709,0.6800262,5958,6220.576541900635,0.3159926,0.3792757,0.45260304,0.45625123,12.211391406703317,0.0,0.0
28838,407940,0.34969902,0.14196506,0.14226438,0.14313903,10,0.0,50537,947210,0.32762593,0.54355425,0.53718245,0.53689486,0.67732495,0.68551934,0.6794468,0.68003386,5967,6231.225384712219,0.28854063,0.4417085,0.44187394,0.4565142,13.106208842956251,0.0,0.0
28892,408480,0.3401559,0.1379843,0.13252634,0.14283077,10,0.0,50635,948190,0.3419484,0.5508084,0.5516956,0.5373983,0.6821043,0.6887928,0.684222,0.680229,5976,6241.949527025223,0.3419484,0.4764188,0.45752093,0.45664656,10.565979558301514,0.0,0.0
28953,409090,0.3083917,0.14080489,0.13502528,0.14275423,10,0.0,50729,949130,0.37351447,0.5416426,0.54696214,0.53766125,0.68190616,0.68244755,0.68198746,0.68041545,5985,6252.518131494522,0.32322615,0.44817477,0.44230616,0.4556844,11.296434501453698,0.0,0.0
29008,409640,0.3544885,0.10785079,0.13985837,0.14188802,10,0.0,50826,950100,0.32435805,0.5730255,0.5429611,0.5387423,0.67884654,0.6808764,0.68281955,0.68063027,5993,6262.0240650177,0.30413255,0.45279163,0.44533294,0.45608032,13.919170458984068,0.0,0.0
29066,410220,0.31431448,0.076968655,0.13074298,0.14121021,10,0.0,50922,951060,0.3547002,0.59536994,0.5513422,0.5394005,0.6690147,0.67233866,0.6820852,0.6806107,6003,6273.902804851532,0.34250456,0.50951636,0.46969888,0.45716053,9.669229802768003,0.0,0.0
29123,410790,0.27800402,0.12079716,0.124312565,0.14019881,10,0.0,51020,952040,0.37921318,0.56643385,0.5611102,0.5410254,0.6572172,0.687231,0.68542284,0.68122417,6012,6284.5814735889435,0.33266535,0.47788453,0.49029285,0.4587058,12.34342365981,0.0,0.0
29181,411370,0.3640873,0.14689112,0.12928541,0.14043126,10,0.0,51118,953020,0.29202738,0.5373355,0.55796385,0.5413087,0.6561147,0.68422663,0.68761045,0.6817443,6021,6295.301759004593,0.29202738,0.4774602,0.501924,0.45997044,8.660965931253765,0.0,0.0
29244,412000,0.35714647,0.11344615,0.13890369,0.14011095,10,0.0,51218,954020,0.29885325,0.5615052,0.54342884,0.5414926,0.6559997,0.67495143,0.6828044,0.68163896,6030,6306.222053050995,0.2814152,0.50772464,0.486796,0.46192583,8.924626417405207,0.0,0.0
29300,412560,0.017602682,0.1497425,0.1300468,0.14016533,10,0.0,51317,955010,0.6433201,0.5256277,0.5531952,0.54195577,0.66092277,0.6753702,0.6837714,0.6820846,6039,6317.054963111877,0.6433201,0.47029477,0.47662613,0.46223518,10.612875718923405,0.0,0.0
29357,413130,0.3916815,0.08208947,0.122014925,0.13784607,10,0.0,51417,956010,0.28106165,0.59892434,0.56037486,0.54418886,0.67274314,0.6810138,0.68305105,0.6821293,6047,6325.600425720215,0.28106165,0.5215725,0.46421376,0.463944,14.536607310267529,0.0,0.0
29429,413850,0.31641057,0.14149038,0.13157652,0.13733082,10,0.0,51532,957160,0.37587896,0.53454816,0.54814065,0.5444276,0.69228953,0.67603856,0.68009764,0.6817882,6059,6337.933962106705,0.27958736,0.41150284,0.47050807,0.46605664,12.218495375427864,0.0,0.0
29488,414440,0.3781487,0.18540744,0.1365332,0.13621277,10,0.0,51641,958250,0.30631086,0.49348617,0.5420642,0.54562676,0.68445957,0.6788937,0.6785974,0.6818694,6069,6348.041992425919,0.30631086,0.40067378,0.48045537,0.46908477,15.369549683580251,0.0,0.0
29557,415130,0.3148108,0.07715645,0.12894276,0.13403541,10,0.0,51751,959350,0.34088212,0.5999648,0.55098325,0.54780173,0.65569293,0.6771213,0.679926,0.68179846,6079,6358.022985458374,0.33477342,0.5521358,0.5017054,0.47126105,26.66631063300877,0.0,0.0
29622,415780,0.3597279,0.11339216,0.11268412,0.13392097,10,0.0,51859,960430,0.33921847,0.57798827,0.5686593,0.5480751,0.69894636,0.69138044,0.6813434,0.6820284,6090,6369.267970561981,0.33921847,0.5273017,0.5123383,0.4737023,9.581895049073383,0.0,0.0
29687,416430,0.29199165,0.08309329,0.11511589,0.13237308,10,0.0,51967,961510,0.3803813,0.5927609,0.56667316,0.5498452,0.67237294,0.6758543,0.68178904,0.682255,6100,6379.3869614601135,0.3605098,0.5228144,0.5112353,0.47680652,9.674877106364958,0.0,0.0
29751,417070,0.30743575,0.16573767,0.12722003,0.13165542,10,0.0,52076,962600,0.3499571,0.52036524,0.55507624,0.550601,0.65739286,0.68610287,0.6822962,0.6822526,6110,6389.448427200317,0.3499571,0.4512857,0.4895417,0.47772035,13.314253281341461,0.0,0.0
29814,417700,0.4044198,0.10103977,0.11726673,0.1295963,10,0.0,52175,963590,0.27820352,0.5776485,0.5646558,0.552762,0.6826233,0.6786884,0.68192244,0.6824202,6120,6399.658898353577,0.27820352,0.5229761,0.4981797,0.48140663,10.303326721242009,0.0,0.0
29879,418350,0.42238182,0.11315425,0.1295375,0.13017373,10,0.0,52272,964560,0.2830851,0.562883,0.55170673,0.55208904,0.7054669,0.67603725,0.68124413,0.68227553,6129,6408.923615694046,0.2830851,0.4526735,0.47889844,0.48158008,14.806636309496282,0.0,0.0
29943,418990,0.4059272,0.13866253,0.140495,0.13018374,10,0.0,52391,965750,0.28354827,0.536535,0.5437564,0.55243886,0.6894755,0.67519754,0.6842515,0.68263793,6140,6420.057207584381,0.28354827,0.45159453,0.4616548,0.4831306,11.270544950737262,0.0,0.0
30002,419580,0.36947557,0.09242694,0.13808297,0.12964748,10,0.0,52484,966680,0.345247,0.5941149,0.5453627,0.55283105,0.7147226,0.68654186,0.6834457,0.6824954,6149,6429.5085661411285,0.3327181,0.5635202,0.4669635,0.48400494,10.671777078307713,0.0,0.0
30071,420270,0.0026331544,0.12092392,0.13859348,0.1305365,10,0.0,52603,967870,0.71207386,0.557649,0.5427645,0.5518009,0.714707,0.678573,0.681358,0.6824575,6160,6440.912072181702,0.2787107,0.47905082,0.45136973,0.48176393,11.13240524007917,0.0,0.0
30139,420950,0.39214543,0.1628896,0.13476968,0.13166425,10,0.0,52711,968950,0.29467514,0.51876837,0.54728186,0.5501737,0.68682057,0.6771578,0.68189204,0.68194205,6169,6449.954674243927,0.29467514,0.494172,0.46725473,0.48022205,27.03454356893277,0.0,0.0
30206,421620,0.35422182,0.111948095,0.12077506,0.13077918,10,0.0,52830,970140,0.31156284,0.5641791,0.5613533,0.55093557,0.66578466,0.6761272,0.68125457,0.68175757,6181,6462.212178945541,0.31156284,0.4418873,0.49021745,0.47960427,9.985287409736593,0.0,0.0
30265,422210,0.35930467,0.13284574,0.12550773,0.1302457,10,0.0,52916,971000,0.30060267,0.54719436,0.55599946,0.5513281,0.65990734,0.68004006,0.6814769,0.68161756,6189,6470.3927545547485,0.30060267,0.4172688,0.485946,0.48066455,11.586625572210467,0.0,0.0
30332,422880,0.30517256,0.11062294,0.13061315,0.13028418,10,0.0,53024,972080,0.35454816,0.5334676,0.5466845,0.55108035,0.6597207,0.67283005,0.68051916,0.6814394,6200,6481.459583759308,0.31036675,0.3417518,0.46882972,0.48016986,11.828331849493836,0.0,0.0
30400,423560,0.3749345,0.09833074,0.14363804,0.13191608,10,0.0,53146,973300,0.2792725,0.57778686,0.5381306,0.54959923,0.654207,0.6761176,0.6819215,0.68151927,6211,6492.659267425537,0.2792725,0.5269952,0.45531338,0.4797557,12.887741892664629,0.0,0.0
30461,424170,0.3552398,0.13429773,0.13557139,0.13207117,10,0.0,53238,974220,0.32292157,0.5433579,0.5451308,0.5494342,0.6781614,0.67765564,0.68070215,0.68153197,6220,6501.959052801132,0.27842495,0.5197586,0.4855305,0.48045886,14.699268594418609,0.0,0.0
30523,424790,0.4108493,0.12714809,0.13227671,0.13087326,10,0.0,53336,975200,0.28060314,0.5524397,0.5490561,0.5508519,0.69145244,0.6795878,0.68133277,0.68172365,6230,6512.216340303421,0.2798461,0.3998372,0.4796024,0.47979078,11.561005795243902,0.0,0.0
30589,425450,0.3536851,0.15993698,0.12481739,0.13171157,10,0.0,53444,976280,0.35194543,0.5316192,0.55730104,0.5497272,0.70563054,0.6915561,0.68211854,0.68173903,6240,6522.418273448944,0.35194543,0.44234544,0.4798106,0.4786035,12.924966056704255,0.0,0.0
30652,426080,0.28080744,0.10541817,0.1485942,0.134053,10,0.0,53565,977490,0.38136774,0.58638227,0.5361199,0.54810214,0.6621752,0.6918005,0.68471414,0.6821351,6250,6532.660190582275,0.28783926,0.5227461,0.47981957,0.47672468,10.842679317782773,0.0,0.0
30716,426720,0.43318975,0.10194653,0.123368956,0.13410845,10,0.0,53659,978430,0.27934253,0.5749586,0.56011546,0.54795516,0.7125323,0.67690516,0.6834845,0.6820171,6260,6542.768137216568,0.27934253,0.49042016,0.49998927,0.47709292,11.55328974949854,0.0,0.0
30785,427410,0.36877817,0.1548809,0.12639692,0.1346011,10,0.0,53773,979570,0.29777676,0.52006584,0.5555719,0.5475581,0.6665549,0.6749467,0.68196875,0.68214905,6271,6554.0411331653595,0.27758044,0.44935971,0.47948378,0.4759889,10.598608685984015,0.0,0.0
30845,428010,0.39769426,0.10843053,0.1421556,0.13548759,10,0.0,53883,980670,0.28548017,0.5708766,0.5381936,0.5465532,0.68317443,0.67930716,0.6803492,0.68205714,6280,6563.354749917984,0.28548017,0.53722966,0.47595513,0.47524044,10.074077774698075,0.0,0.0
30909,428650,0.37486812,0.07131772,0.13045382,0.13506465,10,0.0,53978,981620,0.32682064,0.6160475,0.55031306,0.5468613,0.70168877,0.68736523,0.6807669,0.68189806,6290,6573.37021279335,0.32682064,0.56676793,0.4928165,0.47718757,11.2233441482423,0.0,0.0
30967,429230,0.3193651,0.11986842,0.1249146,0.13394535,10,0.0,54079,982630,0.34968194,0.5625079,0.5543312,0.54759574,0.66904706,0.68237627,0.6792459,0.68152076,6300,6583.4451723098755,0.27772084,0.550255,0.49331135,0.47896698,10.182531838741166,0.0,0.0
31037,429930,0.38044393,0.12718098,0.14276858,0.13429014,10,0.0,54202,983860,0.29361045,0.5532113,0.53542536,0.5471483,0.6740544,0.6834558,0.67813766,0.68138516,6311,6594.83588719368,0.29361045,0.48608416,0.47005543,0.4793731,12.811616000713538,0.0,0.0
31104,430600,0.3691486,0.19648501,0.16296576,0.13581467,10,0.0,54309,984930,0.29970384,0.48032075,0.5151882,0.54514223,0.66885245,0.6793355,0.678545,0.68110853,6321,6605.141274213791,0.29970384,0.407892,0.4588953,0.48009747,13.111133340002,0.0,0.0
31166,431220,0.3573192,0.1437685,0.15829355,0.13688378,10,0.0,54416,986000,0.33673325,0.54106057,0.5225147,0.5439701,0.69405246,0.6848291,0.6808083,0.68120176,6331,6615.375434398651,0.33673325,0.43938956,0.46707067,0.4789936,13.385057053101061,0.0,0.0
31228,431840,0.39172646,0.18340412,0.1427322,0.13791987,10,0.0,54508,986920,0.29610804,0.50083196,0.5401916,0.5434605,0.6878345,0.68423605,0.68292373,0.681406,6340,6624.902583599091,0.29610804,0.44364673,0.4596589,0.4772563,13.370754280307715,0.0,0.0
31291,432470,0.39394394,0.11427208,0.1350898,0.13700752,10,0.0,54615,987990,0.28720972,0.57026803,0.5459358,0.54391617,0.68115366,0.6845401,0.6810257,0.6813372,6350,6635.094652175903,0.28720972,0.48781776,0.45715773,0.4763759,13.20048203130434,0.0,0.0
31357,433130,0.31932908,0.11594556,0.1300071,0.13655248,10,0.0,54722,989060,0.33573908,0.5657462,0.54935455,0.5447346,0.65506816,0.68169177,0.67936164,0.68128735,6360,6645.41419672966,0.3333028,0.45625383,0.46936783,0.47844923,13.40923034230702,0.0,0.0
31422,433780,0.38352135,0.18057004,0.13726234,0.13661319,10,0.0,54839,990230,0.2979758,0.50856125,0.5423376,0.54462636,0.68149716,0.6891314,0.6796,0.68125623,6371,6656.80353808403,0.2979758,0.43423137,0.46305192,0.47732958,13.447234331372394,0.0,0.0
31487,434430,0.3324737,0.16338345,0.13009912,0.13526642,10,0.0,54947,991310,0.3523149,0.5243688,0.5527408,0.54627013,0.6847886,0.68775225,0.6828398,0.681557,6381,6666.962061405182,0.3523149,0.46680355,0.46909934,0.47787005,13.8267027220543,0.0,0.0
31545,435010,0.32682994,0.14854088,0.13868183,0.13741173,10,0.0,55047,992310,0.33539876,0.53121173,0.5457402,0.5441627,0.6622287,0.6797526,0.6844219,0.6815661,6390,6676.0809116363525,0.33539876,0.43659014,0.47379354,0.47738048,13.846170098137604,0.0,0.0
31615,435710,0.39055032,0.14417927,0.14784642,0.13593271,10,0.0,55158,993420,0.2857694,0.5272023,0.5326577,0.5453664,0.6763197,0.6713816,0.680504,0.68132937,6401,6687.566660642624,0.2857694,0.42885298,0.4433374,0.4760196,14.213821515942962,0.0,0.0
31682,436380,0.3916247,0.09764938,0.12475736,0.13569804,10,0.0,55265,994490,0.28169006,0.5781975,0.5538375,0.54516894,0.67331475,0.6758469,0.6785949,0.6809122,6411,6697.973166942596,0.28169006,0.5039633,0.46347484,0.47437897,14.751955442053532,0.0,0.0
31740,436960,0.34216332,0.18258712,0.14758681,0.1378323,10,0.0,55362,995460,0.3334139,0.50234324,0.5341504,0.54311365,0.6755772,0.6849304,0.68200284,0.6809605,6420,6707.120734930038,0.3011934,0.4783214,0.45977283,0.47241026,13.00725953432176,0.0,0.0
31806,437620,0.3740267,0.09986678,0.13481317,0.13612324,10,0.0,55480,996640,0.30779788,0.5815324,0.55030954,0.54499024,0.68182456,0.6813992,0.6851227,0.6811526,6431,6718.555004358292,0.30779788,0.48922387,0.47939456,0.47382984,14.671333822808737,0.0,0.0
31867,438230,0.31118327,0.117877126,0.12874731,0.13645524,10,0.0,55577,997610,0.3828444,0.5606114,0.5522522,0.5447708,0.69402766,0.67848855,0.68099946,0.6812714,6439,6726.679529428482,0.28153056,0.45918864,0.46888107,0.47219428,13.699372500551986,0.0,0.0
31928,438840,0.39979532,0.13302135,0.14071113,0.13713312,10,0.0,55681,998650,0.28231195,0.5428807,0.54027534,0.54403317,0.68210727,0.6759021,0.6809864,0.6811928,6450,6738.09566617012,0.28231195,0.48545814,0.4629229,0.4696057,11.165296705438015,0.0,0.0
31992,439480,0.41521746,0.15333648,0.14361936,0.13827969,10,0.0,55788,999720,0.28305674,0.5275528,0.5375936,0.54315245,0.6982742,0.6808893,0.6812131,0.6814383,6460,6748.579058885574,0.28305674,0.49411932,0.4656764,0.46927696,10.682537685434546,0.0,0.0
32059,440150,0.3271216,0.16835202,0.12514766,0.13639908,10,0.0,55899,1000830,0.35964927,0.50820106,0.5575632,0.54546314,0.68677086,0.67655313,0.6827107,0.68188214,6470,6759.034358263016,0.27782917,0.4329431,0.4671719,0.46784863,11.70492444675636,0.0,0.0
32126,440820,0.32005355,0.099028826,0.13481212,0.1347878,10,0.0,56019,1002030,0.34728763,0.5851487,0.54480875,0.5469152,0.6673412,0.68417764,0.6796208,0.6816878,6480,6769.194330453873,0.28075343,0.5690759,0.47292027,0.47008374,10.878819922930418,0.0,0.0
32188,441440,0.34367448,0.09649922,0.12468736,0.13401659,10,0.0,56123,1003070,0.33142006,0.58312875,0.5554348,0.5475783,0.67509454,0.679628,0.6801222,0.68159753,6490,6779.559748411179,0.33142006,0.42078584,0.4680875,0.468971,11.427951768493127,0.0,0.0
32255,442110,0.33057922,0.15929751,0.12327895,0.13319741,10,0.0,56233,1004170,0.37259132,0.5626121,0.5644233,0.54862607,0.70317054,0.69145745,0.68456095,0.6818901,6501,6790.7180070877075,0.27768487,0.44808286,0.45523152,0.46841335,12.643514895597578,0.0,0.0
32315,442710,0.3749364,0.10191135,0.11866297,0.13215011,10,0.0,56325,1005090,0.32960665,0.5800134,0.5668757,0.5498308,0.70454305,0.6819247,0.68553865,0.68197817,6510,6799.93464756012,0.32960665,0.52142876,0.47005808,0.46954927,11.471603821293353,0.0,0.0
32380,443360,0.34291542,0.07500537,0.13076079,0.13259412,10,0.0,56432,1006160,0.32744968,0.60909325,0.5503655,0.5497012,0.6703651,0.6840986,0.68112636,0.6823404,6520,6810.293001413345,0.32744968,0.5597843,0.48235375,0.4697465,12.78645575319844,0.0,0.0
32441,443970,0.400372,0.11347459,0.12694758,0.1314761,10,0.0,56538,1007220,0.2912164,0.5761749,0.55507123,0.55082434,0.6915884,0.68964946,0.68201876,0.68231547,6530,6820.859828948975,0.2894058,0.47290534,0.47038913,0.47050607,10.624112505097633,0.0,0.0
32511,444670,0.332751,0.10631226,0.13162602,0.13205205,10,0.0,56659,1008430,0.36799482,0.56895113,0.5484715,0.54983276,0.7007458,0.67903864,0.6802952,0.68191326,6540,6830.984037160873,0.281406,0.4646586,0.47061798,0.46859822,12.631889625645515,0.0,0.0
32570,445260,0.36301446,0.15951268,0.13699032,0.13092642,10,0.0,56758,1009420,0.34305483,0.5248195,0.5452104,0.5509937,0.7060693,0.6843322,0.68249404,0.68191004,6550,6841.261661529541,0.34305483,0.45129886,0.45898998,0.47027746,10.400958386039028,0.0,0.0
32637,445930,0.29868245,0.121657535,0.14066876,0.13155392,10,0.0,56878,1010620,0.38178504,0.5561543,0.54034674,0.5503794,0.6804675,0.6778118,0.68101555,0.6819491,6561,6852.5396564006805,0.37129566,0.46314964,0.47880754,0.47223118,10.320200759368028,0.0,0.0
32696,446520,0.3926247,0.17716116,0.13004182,0.1311938,10,0.0,56969,1011530,0.31766453,0.5004987,0.5501673,0.550718,0.71028924,0.67765987,0.6802091,0.68195057,6570,6863.282501459122,0.31766453,0.43367139,0.4804461,0.47297132,9.909345744712269,0.0,0.0
32753,447090,0.4242295,0.1230766,0.1380216,0.13058263,10,0.0,57069,1012530,0.28923988,0.56540775,0.54622936,0.55145675,0.7134694,0.68848443,0.68425095,0.6820746,6579,6874.098138332367,0.28923988,0.52388334,0.46409988,0.47255838,12.53743246373779,0.0,0.0
32814,447700,0.42778888,0.09204094,0.12772721,0.13063084,10,0.0,57162,1013460,0.27780524,0.5813499,0.5519253,0.5509305,0.7055941,0.6733908,0.6796524,0.68159497,6588,6884.870733976364,0.27780524,0.45707917,0.46693718,0.47183082,8.960522296068893,0.0,0.0
32863,448190,0.41060063,0.1465565,0.12811789,0.13040796,10,0.0,57253,1014370,0.28542313,0.525844,0.5487568,0.55101675,0.69602376,0.67240053,0.676929,0.68143827,6596,6894.638946771622,0.28542313,0.44761562,0.46776503,0.4717059,32.017465582192436,0.0,0.0
32925,448810,0.071725726,0.16096207,0.14583105,0.13164307,10,0.0,57356,1015400,0.6130709,0.51772296,0.5337954,0.54982615,0.68479663,0.67868507,0.67956656,0.6814889,6605,6905.924823999405,0.34057438,0.44464427,0.444571,0.46984628,10.056503189603374,0.0,0.0
32978,449340,0.29682812,0.08734391,0.13091831,0.12988852,10,0.0,57447,1016310,0.3638104,0.60617083,0.55205506,0.5517661,0.6606385,0.69351476,0.6829733,0.68168694,6614,6916.275547742844,0.31841603,0.5035523,0.46052632,0.47079894,13.873594713994446,0.0,0.0
33034,449900,0.36088273,0.0754168,0.122045174,0.1303229,10,0.0,57543,1017270,0.3003048,0.6009282,0.5609536,0.55116683,0.6611875,0.67634505,0.6829987,0.68153113,6623,6926.94619512558,0.3003048,0.5246102,0.4839213,0.47020832,10.541254433967623,0.0,0.0
33088,450440,0.35222372,0.13430202,0.12458312,0.12978433,10,0.0,57628,1018120,0.31961355,0.5460425,0.5569491,0.5517789,0.6718373,0.68034446,0.68153214,0.6815832,6631,6936.353240013123,0.31961355,0.41540605,0.47475076,0.4704937,21.46393486162804,0.0,0.0
33143,450990,0.37505934,0.069075465,0.12017191,0.12864096,10,0.0,57724,1019080,0.30169716,0.6143945,0.56252974,0.5530958,0.6767565,0.68346995,0.6827016,0.6817891,6640,6947.27520275116,0.30169716,0.4621164,0.46936744,0.47082484,9.605515373894038,0.0,0.0
33200,451560,0.34104183,0.07647796,0.12739922,0.12964422,10,0.0,57819,1020030,0.35085866,0.60820436,0.5543429,0.5520554,0.6919005,0.68468225,0.6817422,0.68175113,6648,6956.622586011887,0.29593027,0.56603134,0.4699313,0.4721483,13.093092193161867,0.0,0.0
33262,452180,0.2856937,0.07616922,0.12612697,0.12965102,10,0.0,57913,1020970,0.38142782,0.61050546,0.5569348,0.55179346,0.6671215,0.6866747,0.68306166,0.68148184,6658,6968.28844332695,0.29904285,0.5026556,0.49487388,0.47383124,9.106629293256068,0.0,0.0
33315,452710,0.28843603,0.20106006,0.12714191,0.13047607,10,0.0,58006,1021900,0.38184032,0.48853046,0.5574768,0.55102354,0.67027634,0.6895905,0.6846187,0.6815613,6666,6977.780360221863,0.38184032,0.4361433,0.48547104,0.47419757,12.474656927185881,0.0,0.0
33374,453300,0.33009776,0.12107353,0.120610945,0.12896754,10,0.0,58091,1022750,0.3736165,0.56321347,0.5619317,0.5524705,0.70371425,0.68428695,0.6825428,0.6814499,6675,6988.4017329216,0.27777055,0.48828322,0.47756028,0.47430158,11.121860933781464,0.0,0.0
33432,453880,0.37541887,0.12544826,0.13317996,0.13048767,10,0.0,58195,1023790,0.30644795,0.55281436,0.5500907,0.55111307,0.6818668,0.6782626,0.68325907,0.68167853,6685,7000.208576440811,0.30644795,0.45429406,0.4677849,0.47359046,9.32361560234216,0.0,0.0
33483,454390,0.3870892,0.15980601,0.150592,0.13223584,10,0.0,58284,1024680,0.2790637,0.5044529,0.5328183,0.54930943,0.6661529,0.6642589,0.6832264,0.6815925,6693,7010.101391077042,0.2790637,0.45232373,0.46157417,0.47202447,25.569427180269685,0.0,0.0
33542,454980,0.36459166,0.095964104,0.13528956,0.13191006,10,0.0,58379,1025630,0.30540657,0.5850576,0.5480255,0.5499396,0.6699982,0.6810218,0.683315,0.6818473,6702,7020.877130270004,0.30540657,0.49807858,0.4700508,0.4728407,12.187791124420947,0.0,0.0
33600,455560,0.37794396,0.09403678,0.12165469,0.1306374,10,0.0,58484,1026680,0.27816042,0.5986416,0.56194216,0.5512423,0.6561044,0.68837965,0.6836456,0.68188506,6711,7031.423365354538,0.27816042,0.4746605,0.49887124,0.47411543,11.063087205836583,0.0,0.0
33651,456070,0.4002635,0.0997542,0.1349169,0.13104866,10,0.0,58558,1027420,0.28842974,0.58920205,0.54756933,0.5509124,0.6886932,0.68895626,0.6819904,0.6819109,6719,7041.073431491852,0.28842974,0.49832806,0.48567784,0.47406396,26.471136939390917,0.0,0.0
33709,456650,0.3267019,0.11340468,0.13369484,0.13085623,10,0.0,58653,1028370,0.36553302,0.5618392,0.5471063,0.5509995,0.69223493,0.6752439,0.6810362,0.6818983,6728,7051.738179445267,0.36553302,0.5030137,0.4842036,0.47434407,9.701794378039542,0.0,0.0
33758,457140,0.35567543,0.192203,0.13791186,0.13130194,10,0.0,58740,1029240,0.35565355,0.49566287,0.54333913,0.55034524,0.711329,0.68786585,0.68125105,0.6816405,6736,7061.415379285812,0.34903896,0.4444198,0.472668,0.47425207,22.105149430836292,0.0,0.0
33816,457720,0.36301285,0.09488786,0.13391697,0.13166937,10,0.0,58836,1030200,0.31190425,0.57620037,0.54876626,0.5503213,0.6749171,0.6710882,0.68270385,0.682102,6744,7070.630570411682,0.2787661,0.55891633,0.47614592,0.47523585,11.710735095512076,0.0,0.0
33876,458320,0.28184187,0.07195319,0.118966095,0.12958825,10,0.0,58933,1031170,0.3738919,0.6190965,0.5647379,0.5528856,0.65573376,0.6910497,0.68384224,0.6824725,6754,7082.58362030983,0.31212157,0.56681925,0.49478322,0.47839355,12.188839505484,0.0,0.0
33933,458890,0.3332772,0.124644,0.10761826,0.12748954,10,0.0,59025,1032090,0.36688796,0.5550958,0.5750791,0.55497205,0.70016515,0.67973983,0.68269736,0.6824281,6763,7093.183568954468,0.32562995,0.409518,0.4968294,0.48159888,9.388977235283162,0.0,0.0
33990,459460,0.32165763,0.11684587,0.13081206,0.12831067,10,0.0,59122,1033060,0.3403509,0.56523883,0.552158,0.5541426,0.6620085,0.6820847,0.68297005,0.6824541,6772,7103.921357154846,0.28201568,0.49696827,0.47864413,0.48170552,12.32887793590624,0.0,0.0
34046,460020,0.33257815,0.15043801,0.13291922,0.12925991,10,0.0,59217,1034010,0.38274178,0.52732503,0.5476248,0.55299145,0.71531993,0.67776304,0.6805441,0.68229234,6781,7114.59103345871,0.3347462,0.4740408,0.49415237,0.48209795,9.50879545170646,0.0,0.0
34107,460630,0.0013226271,0.15201618,0.1423761,0.12983936,10,0.0,59314,1034980,0.70327634,0.5354104,0.5372847,0.55242705,0.70459896,0.68742657,0.6796608,0.6822445,6790,7125.1731078624725,0.31972045,0.49123636,0.49210492,0.48391613,12.548850654668035,0.0,0.0
34161,461170,0.37332797,0.12257878,0.12756394,0.12907931,10,0.0,59408,1035920,0.28662723,0.5551921,0.55392337,0.55316645,0.6599552,0.6777709,0.68148726,0.68226284,6799,7135.561169862747,0.28662723,0.5001831,0.48528522,0.48510376,12.40565259236868,0.0,0.0
34219,461750,0.3317948,0.14066327,0.1260542,0.12951395,10,0.0,59504,1036880,0.3318146,0.53926134,0.5549585,0.55279726,0.6636094,0.6799246,0.68101263,0.68228847,6808,7146.571360826492,0.29342684,0.5026699,0.47943527,0.48433632,8.233156132432319,0.0,0.0
34272,462280,0.36456704,0.16778462,0.13235825,0.12991735,10,0.0,59592,1037760,0.3112375,0.5190159,0.5516578,0.5523976,0.67580456,0.6868006,0.6840161,0.6823326,6816,7156.108318567276,0.3112375,0.49895898,0.47967362,0.48252743,37.69906747859695,0.0,0.0
34334,462900,0.3565084,0.10694204,0.128079,0.13021518,10,0.0,59700,1038840,0.3205062,0.5777861,0.5559206,0.55204,0.6770146,0.68472815,0.68399954,0.68228763,6826,7167.20333647728,0.27773145,0.5184236,0.49496612,0.4833621,9.998555392129987,0.0,0.0
34394,463500,0.31815836,0.121091485,0.12116746,0.1299584,10,0.0,59795,1039790,0.38040587,0.5681984,0.56066436,0.5522052,0.69856423,0.6892899,0.6818317,0.6822499,6835,7176.542072057724,0.30737376,0.45374107,0.49300465,0.48442557,10.570058861938676,0.0,0.0
34461,464170,0.33464462,0.13685426,0.11203971,0.12741359,10,0.0,59898,1040820,0.33899218,0.55208355,0.57052404,0.5547705,0.6736368,0.68893784,0.68252337,0.6822159,6845,7187.17685341835,0.27767032,0.4618743,0.49236375,0.4866232,11.380046748687143,0.0,0.0
34527,464830,0.34146336,0.1688054,0.13320202,0.1275808,10,0.0,60015,1041990,0.31484666,0.5148157,0.5477379,0.5543678,0.65631,0.68362105,0.6817264,0.6819203,6856,7198.888865947723,0.31484666,0.42320314,0.489751,0.48813495,13.035233291698614,0.0,0.0
34592,465480,0.36943486,0.1352927,0.13787849,0.12800126,10,0.0,60120,1043040,0.32721695,0.5538744,0.5429418,0.55400014,0.6966518,0.6891671,0.6809079,0.6820599,6866,7209.37738609314,0.27803653,0.4564007,0.4924741,0.48755756,10.232293304481367,0.0,0.0
34652,466080,0.3621413,0.12904763,0.13441722,0.12809543,10,0.0,60216,1044000,0.29875094,0.54617715,0.54534775,0.55367935,0.66089225,0.6752248,0.68006605,0.68186635,6875,7219.00866150856,0.29875094,0.4980476,0.4989215,0.48917794,11.065200277744362,0.0,0.0
34721,466770,0.37507665,0.13397999,0.1335322,0.12812409,10,0.0,60332,1045160,0.27860028,0.54621494,0.5464631,0.5537313,0.6536769,0.6801949,0.6799951,0.6818694,6886,7230.468408107758,0.27860028,0.52627033,0.48805478,0.4896619,9.672869015461401,0.0,0.0
34782,467380,0.39568412,0.10988305,0.13483237,0.12798089,10,0.0,60423,1046070,0.31562978,0.56039643,0.5445607,0.55353916,0.7113139,0.6702795,0.67939305,0.6815687,6895,7239.971674442291,0.27757785,0.47111303,0.45996803,0.48964074,11.315149114978833,0.0,0.0
34844,468000,0.3569577,0.11859186,0.13372156,0.1288223,10,0.0,60530,1047140,0.30644616,0.55463946,0.544183,0.55248183,0.66340387,0.67323136,0.6779046,0.6813518,6905,7250.609126567841,0.30304965,0.5218018,0.4679583,0.48706305,10.590446564287987,0.0,0.0
34912,468680,0.34291244,0.18628907,0.15124345,0.13172369,10,0.0,60647,1048310,0.36208838,0.49526724,0.52759856,0.5492833,0.7050008,0.6808704,0.67899895,0.6810212,6916,7262.131152153015,0.36208838,0.39408287,0.45435962,0.48325294,10.803184570647037,0.0,0.0
34975,469310,0.3732658,0.11111478,0.14773114,0.13223903,10,0.0,60740,1049240,0.28973603,0.5689713,0.5344874,0.5486733,0.66300184,0.680086,0.68236816,0.6809078,6925,7271.600511550903,0.28973603,0.5109985,0.4529322,0.48277143,14.848244872788369,0.0,0.0
35038,469940,0.43683997,0.1414022,0.13782904,0.13278893,10,0.0,60853,1050370,0.27793178,0.5382696,0.54496664,0.54842603,0.71477175,0.6796717,0.68279564,0.6812518,6936,7283.333029747009,0.27793178,0.41564417,0.46673715,0.480973,10.747394573497216,0.0,0.0
35103,470590,0.0,0.18626605,0.1484825,0.13363783,10,0.0,60959,1051430,0.68586046,0.4924054,0.5342967,0.5477052,0.68586046,0.6786715,0.68277925,0.681457,6946,7293.8040380477905,0.68586046,0.37359494,0.46508017,0.4789891,13.20108861745143,0.0,0.0
35166,471220,0.3689282,0.09553063,0.12802926,0.13307016,10,0.0,61063,1052470,0.29628783,0.58703226,0.55568105,0.5483558,0.665216,0.6825629,0.6837103,0.68142456,6956,7304.383646249771,0.29628783,0.42178807,0.45392463,0.4776425,11.56497769753406,0.0,0.0
35224,471800,0.40279028,0.15149465,0.12718509,0.13211419,10,0.0,61158,1053420,0.29594746,0.5381552,0.56011695,0.5496973,0.69873774,0.6896497,0.6873022,0.68189937,6965,7314.238418340683,0.29594746,0.46832448,0.45203322,0.47783947,33.7119883487467,0.0,0.0
35289,472450,0.3333005,0.18307182,0.13759923,0.13294846,10,0.0,61263,1054470,0.37841943,0.5091568,0.5473422,0.548724,0.71171993,0.6922286,0.6849414,0.6816793,6975,7324.721113920212,0.3575267,0.47073096,0.46934777,0.47565436,13.297322625653603,0.0,0.0
35352,473080,0.3495065,0.1200727,0.12393945,0.13265383,10,0.0,61367,1055510,0.36274475,0.560762,0.56030893,0.54903656,0.71225125,0.6808347,0.6842263,0.68177426,6985,7335.168758630753,0.35976973,0.48436636,0.482193,0.47456768,11.374972913851266,0.0,0.0
35411,473670,0.3521104,0.1310907,0.13609093,0.1337788,10,0.0,61461,1056450,0.31829017,0.5492097,0.5457478,0.5479097,0.67040056,0.6803004,0.68183875,0.68176836,6994,7344.923077106476,0.31829017,0.4895668,0.4687375,0.47339565,10.667966195629809,0.0,0.0
35484,474400,0.0,0.26579928,0.14284497,0.13562693,10,0.0,61573,1057570,0.6617508,0.40497208,0.53679174,0.54580057,0.6617508,0.6707714,0.6796367,0.681484,7005,7356.480902194977,0.6617508,0.35155246,0.45540458,0.47051004,13.655467000052091,0.0,0.0
35545,475010,0.015613377,0.20155194,0.1394307,0.13547398,10,0.0,61678,1058620,0.6854439,0.48195353,0.5394097,0.5459883,0.70105726,0.6835054,0.6789704,0.68149036,7015,7367.197944879532,0.29481444,0.43618718,0.47296008,0.4703188,14.658202756409091,0.0,0.0
35608,475640,0.38411906,0.15447144,0.13369699,0.13510859,10,0.0,61773,1059570,0.27893582,0.51904315,0.5474549,0.54617214,0.6630549,0.67351454,0.68115205,0.6813191,7024,7376.88876748085,0.27893582,0.44272143,0.4952194,0.46984735,13.869034746787769,0.0,0.0
35673,476290,0.33438867,0.1140903,0.11979654,0.133521,10,0.0,61889,1060730,0.38025832,0.5689378,0.56347364,0.5481134,0.714647,0.6830281,0.6832702,0.68170154,7035,7388.412840604782,0.34750336,0.4549802,0.4810396,0.46784624,15.420326001917658,0.0,0.0
35739,476950,0.0013216734,0.15646549,0.13310482,0.13427708,10,0.0,61995,1061790,0.70378166,0.5171622,0.5468679,0.5472572,0.70510334,0.67362773,0.6798975,0.68157375,7045,7398.885069608688,0.2784765,0.44576874,0.4517538,0.46680525,15.072601261924424,0.0,0.0
35797,477530,0.3316944,0.12130922,0.14119643,0.13389467,10,0.0,62090,1062740,0.32288507,0.5609883,0.5403107,0.5479554,0.65457946,0.6822976,0.68162704,0.68190634,7054,7408.664389133453,0.2798078,0.48884955,0.45897815,0.46700835,24.995911790016187,0.0,0.0
35853,478090,0.39183947,0.14381878,0.13566448,0.13352972,10,0.0,62181,1063650,0.2780902,0.5309184,0.5448835,0.54834193,0.6699297,0.67473716,0.680548,0.6819246,7063,7418.064799070358,0.2780902,0.46922356,0.46412906,0.4673228,10.289626850201595,0.0,0.0
35915,478710,0.3086525,0.096090026,0.13570923,0.13297766,10,0.0,62285,1064690,0.3794444,0.58834827,0.5458756,0.54900104,0.6880969,0.6844383,0.6787077,0.6817435,7073,7428.707744836807,0.3794444,0.49142647,0.46122485,0.46736157,10.238965104601244,0.0,0.0
35981,479370,0.3913538,0.079289176,0.1088265,0.13065448,10,0.0,62392,1065760,0.29869986,0.5923001,0.5692456,0.55132765,0.69005364,0.6715893,0.67785406,0.6816736,7083,7439.348350763321,0.29869986,0.4600497,0.47211617,0.467804,10.812678635370776,0.0,0.0
36047,480030,0.3713121,0.12402382,0.11579146,0.12952755,10,0.0,62511,1066950,0.29322442,0.55414236,0.5623359,0.5524122,0.66453654,0.6781661,0.67800707,0.68132156,7094,7450.785828113556,0.29322442,0.48560268,0.47982776,0.46894678,11.429390479413737,0.0,0.0
36117,480730,0.0,0.12942447,0.13284582,0.12907992,10,0.0,62613,1067970,0.66072035,0.55160874,0.5470151,0.5525014,0.66072035,0.68103325,0.6798609,0.68134904,7104,7461.429195165634,0.66072035,0.500271,0.4804969,0.46974993,12.28993830569958,0.0,0.0
36172,481280,0.34988073,0.13366687,0.12560296,0.12891233,10,0.0,62709,1068930,0.33326784,0.5449964,0.55418897,0.5521096,0.68314856,0.67866313,0.6797919,0.68106234,7113,7472.027468204498,0.28055727,0.5272868,0.49105588,0.47307032,11.705597376171486,0.0,0.0
36233,481890,0.30848268,0.19223078,0.13129635,0.13031363,10,0.0,62801,1069850,0.36971256,0.4792584,0.5473016,0.55032337,0.67819524,0.6714892,0.67889047,0.6804529,7122,7482.806093931198,0.36971256,0.4808844,0.47795284,0.47222254,11.151964414145537,0.0,0.0
36292,482480,0.32772177,0.13822702,0.13129859,0.12946543,10,0.0,62896,1070800,0.38052273,0.55221653,0.5500701,0.55177593,0.7082445,0.6904436,0.6818099,0.68074256,7131,7493.403458356857,0.2776565,0.4651425,0.49583545,0.4756967,11.63403972040386,0.0,0.0
36348,483040,0.3024115,0.14488915,0.1280591,0.13015959,10,0.0,62996,1071800,0.3654583,0.5286066,0.55786604,0.55062085,0.6678698,0.67216164,0.68284833,0.6805711,7140,7504.1293206214905,0.3005957,0.51019496,0.5032197,0.4759421,10.992581200693893,0.0,0.0
36401,483570,0.2968272,0.05909887,0.12872866,0.12970081,10,0.0,63089,1072730,0.3799879,0.6194361,0.5562513,0.55148524,0.6768151,0.6785349,0.68220276,0.6806278,7149,7514.515149116516,0.36647904,0.56233346,0.5065744,0.47845408,10.783478358119739,0.0,0.0
36462,484180,0.3634548,0.10518724,0.13040361,0.12864545,10,0.0,63186,1073700,0.29038426,0.5671848,0.5494913,0.5523634,0.65383905,0.672372,0.6798948,0.68055385,7158,7524.974097490311,0.29038426,0.5048779,0.5084862,0.48259398,12.289250527250918,0.0,0.0
36518,484740,0.3825943,0.11022471,0.13004537,0.12829295,10,0.0,63283,1074670,0.2787981,0.5696168,0.5489729,0.552906,0.6613924,0.6798416,0.6790183,0.68065953,7167,7535.76016163826,0.2787981,0.49862832,0.5008421,0.48354703,8.861352282942711,0.0,0.0
36580,485360,0.0,0.17845063,0.11848495,0.12718907,10,0.0,63384,1075680,0.66203237,0.49910793,0.56172186,0.55374676,0.66203237,0.67755854,0.6802068,0.68070143,7176,7546.204965591431,0.66203237,0.40624437,0.50071776,0.48438933,13.362703237592289,0.0,0.0
36636,485920,0.41719216,0.16157301,0.12614395,0.12732726,10,0.0,63472,1076560,0.28869104,0.55598223,0.55867004,0.55395687,0.7058832,0.67692804,0.680642,0.6806042,7185,7556.607204914093,0.28048688,0.4518908,0.5094143,0.48566213,11.878855781487944,0.0,0.0
36694,486500,0.3138613,0.15026805,0.13343121,0.12785748,10,0.0,63566,1077500,0.38111436,0.5421778,0.55098975,0.55352783,0.6949757,0.6924459,0.684421,0.68082106,7194,7567.2328860759735,0.38111436,0.47259587,0.4883765,0.48770308,9.48137002874496,0.0,0.0
36746,487020,0.36452955,0.10539921,0.12763028,0.12680705,10,0.0,63664,1078480,0.2918734,0.5650963,0.5547606,0.5544546,0.65640295,0.67049557,0.6823908,0.680786,7203,7578.031139373779,0.2918734,0.51886123,0.4981836,0.4911661,12.690342090971116,0.0,0.0
36805,487610,0.3476636,0.06617216,0.11277426,0.12477104,10,0.0,63757,1079410,0.3376173,0.62283653,0.5694916,0.5565323,0.6852809,0.6890087,0.68226594,0.6809167,7212,7588.412964582443,0.3376173,0.5104004,0.51914877,0.4933474,9.076006586876881,0.0,0.0
36862,488180,0.33252957,0.1745146,0.14128922,0.126638,10,0.0,63853,1080370,0.32330772,0.5108116,0.54330456,0.555005,0.6558373,0.6853262,0.6849316,0.68124664,7221,7598.902787923813,0.32330772,0.4625441,0.48283672,0.4935533,12.92846398540182,0.0,0.0
36919,488750,0.39896005,0.20085466,0.14467376,0.1268582,10,0.0,63948,1081320,0.31649852,0.4901372,0.53574735,0.5548339,0.7154586,0.6909919,0.68074334,0.68140274,7230,7609.938510417938,0.31649852,0.40530744,0.4641415,0.49370685,9.623274062177355,0.0,0.0
36977,489330,0.41542912,0.15795891,0.13665192,0.12826599,10,0.0,64041,1082250,0.28783673,0.5241425,0.54334325,0.55335903,0.70326585,0.6821014,0.6799951,0.68131465,7239,7620.555886030197,0.28783673,0.47981447,0.48288375,0.4948271,8.566750142513511,0.0,0.0
37039,489950,0.0,0.19166614,0.1419276,0.12988637,10,0.0,64137,1083210,0.66763544,0.4945976,0.5389379,0.5515577,0.66763544,0.68626374,0.68086547,0.6815187,7248,7631.278454780579,0.66763544,0.48802763,0.46933705,0.49320993,9.85738613476049,0.0,0.0
37092,490480,0.42883307,0.09488279,0.12745155,0.12896307,10,0.0,64237,1084210,0.28304225,0.5884534,0.55684155,0.55280036,0.7118753,0.68333626,0.68429315,0.6816967,7257,7642.256814002991,0.28304225,0.46094537,0.46933323,0.4930171,8.452737226792227,0.0,0.0
37149,491050,0.3925014,0.1615897,0.142711,0.13131481,10,0.0,64317,1085010,0.3091535,0.5251641,0.539404,0.5507607,0.7016549,0.68675387,0.682115,0.68179417,7265,7651.894646883011,0.3091535,0.44979566,0.45067763,0.48923084,10.59267183684932,0.0,0.0
37201,491570,0.36694804,0.12365601,0.16624542,0.13266133,10,0.0,64411,1085950,0.28699687,0.55634874,0.51412755,0.54909253,0.6539449,0.6800047,0.680373,0.6818064,7274,7662.808815717697,0.28699687,0.48752445,0.43740436,0.48847955,25.761765775327497,0.0,0.0
37259,492150,0.38174164,0.16180387,0.14615759,0.13280198,10,0.0,64506,1086900,0.3085289,0.51763135,0.5348636,0.54941785,0.69027054,0.67943525,0.6810211,0.6818966,7283,7673.679089307785,0.3085289,0.44408518,0.43970975,0.4846526,9.672291285975595,0.0,0.0
37315,492710,0.3669733,0.13868666,0.13762666,0.13448888,10,0.0,64604,1087880,0.34705564,0.54072267,0.5458281,0.5477294,0.71402895,0.67940927,0.68345475,0.6818968,7292,7684.521740913391,0.33386287,0.4116226,0.45122218,0.48131642,10.190188487816634,0.0,0.0
37373,493290,0.2973834,0.11963923,0.14579603,0.13483754,10,0.0,64689,1088730,0.37644574,0.5607117,0.5388155,0.5472273,0.67382914,0.6803509,0.68461156,0.68207073,7300,7693.940766334534,0.3569438,0.4772896,0.46514344,0.4792812,10.733282920756292,0.0,0.0
37432,493880,0.3493769,0.13145342,0.14456093,0.13581271,10,0.0,64791,1089750,0.32742414,0.5406072,0.53970873,0.54656583,0.676801,0.6720606,0.68426967,0.68238723,7310,7705.631772279739,0.32742414,0.46819764,0.45396712,0.47554252,8.192428822446175,0.0,0.0
37487,494430,0.36545494,0.1667546,0.13433129,0.13609326,10,0.0,64881,1090650,0.29990175,0.5103568,0.544436,0.5457608,0.6653567,0.67644805,0.67986864,0.68215257,7318,7715.394956588745,0.29990175,0.46571207,0.44745094,0.47220373,28.600114283064695,0.0,0.0
37545,495010,0.346612,0.14048994,0.13938211,0.13742907,10,0.0,64974,1091580,0.33969477,0.54181427,0.5368352,0.5447373,0.6863068,0.68230426,0.67920226,0.68206376,7327,7725.908774614334,0.2870129,0.524964,0.4557701,0.47083876,10.519237473258645,0.0,0.0
37600,495560,0.4165899,0.12719408,0.13467558,0.13793601,10,0.0,65076,1092600,0.29992738,0.5569246,0.54766905,0.5441633,0.71651727,0.6841186,0.6823446,0.68238217,7336,7736.76913690567,0.29992738,0.3938556,0.46915582,0.46679065,9.590128325548683,0.0,0.0
37654,496100,0.37773496,0.14482394,0.13378224,0.1391044,10,0.0,65152,1093360,0.29359108,0.5421717,0.5496034,0.542902,0.67132604,0.6869956,0.68338567,0.68230826,7344,7746.29577755928,0.29359108,0.41911894,0.45833427,0.46509796,20.759492919071068,0.0,0.0
37708,496640,0.36988333,0.124833964,0.13175428,0.13834497,10,0.0,65248,1094320,0.3055959,0.54955155,0.5480517,0.5436024,0.67547923,0.6743855,0.679806,0.6818426,7353,7756.9103355407715,0.3055959,0.5038884,0.4873411,0.46642008,12.899977978743951,0.0,0.0
37768,497240,0.38893035,0.09877975,0.12433382,0.13888524,10,0.0,65343,1095270,0.28593734,0.5806055,0.55680424,0.54278547,0.6748677,0.6793852,0.68113816,0.6819844,7362,7767.626414775848,0.28593734,0.567886,0.4897348,0.46384734,11.352171953723088,0.0,0.0
37822,497780,0.32582316,0.1452989,0.13128024,0.13951035,10,0.0,65438,1096220,0.3307236,0.54228866,0.55092794,0.54204637,0.6565468,0.68758756,0.6822082,0.68178654,7371,7778.241876840591,0.3307236,0.3997808,0.487022,0.46374285,5.445647316414879,0.0,0.0
37875,498310,0.38602263,0.14427641,0.14902575,0.13983396,10,0.0,65521,1097050,0.29935342,0.5420271,0.534642,0.5418739,0.68537605,0.6863035,0.6836678,0.6817737,7379,7788.2951567173,0.29935342,0.4447578,0.46974823,0.46204707,9.452994369407694,0.0,0.0
37931,498870,0.36942855,0.09916302,0.13884394,0.13924257,10,0.0,65621,1098050,0.30811277,0.5862183,0.5410301,0.54213315,0.6775413,0.68538135,0.6798739,0.6816743,7388,7799.271849155426,0.28480124,0.49405676,0.4624145,0.46253273,8.251301394022628,0.0,0.0
37989,499450,0.42993635,0.18300793,0.12935671,0.13910505,10,0.0,65715,1098990,0.27953303,0.4938969,0.5506937,0.5428212,0.7094694,0.67690486,0.6800504,0.6818242,7397,7809.869930267334,0.27953303,0.37112784,0.47382215,0.46226922,13.33320617797046,0.0,0.0
38044,500000,0.3773408,0.14455049,0.14015308,0.13918275,10,0.0,65801,1099850,0.2825541,0.5465536,0.5424862,0.5423392,0.6598949,0.6911041,0.6826393,0.68180925,7405,7819.647788524628,0.2825541,0.53397876,0.48867673,0.4630403,10.88192180424442,0.0,0.0
38109,500650,0.3419928,0.11797571,0.13352941,0.13954897,10,0.0,65907,1100910,0.33387566,0.55604285,0.5482322,0.54195505,0.67586845,0.67401856,0.6817616,0.6815682,7415,7831.44680762291,0.3160196,0.49051943,0.49137965,0.46455327,10.96597656264298,0.0,0.0
38161,501170,0.38938987,0.1181324,0.124768466,0.13757515,10,0.0,66000,1101840,0.28644562,0.56070393,0.55774003,0.5442323,0.6758355,0.67883635,0.68250847,0.68170774,7424,7842.247725009918,0.2787898,0.52840704,0.49837917,0.46865693,9.704299451957366,0.0,0.0
38216,501720,0.3934421,0.085712805,0.14270723,0.13617288,10,0.0,66091,1102750,0.29697514,0.600136,0.5425214,0.54564995,0.69041723,0.68584883,0.68522865,0.6820492,7432,7851.917232990265,0.29697514,0.5883744,0.48899254,0.4715946,33.56259442296366,0.0,0.0
38274,502300,0.0,0.15081231,0.14090605,0.13716434,10,0.0,66180,1103640,0.6971628,0.53656036,0.5429502,0.5447212,0.6971628,0.683329,0.68372035,0.6820715,7441,7862.668970584869,0.6971628,0.445716,0.4840087,0.4736351,11.406870495986128,0.0,0.0
38331,502870,0.37748846,0.09502619,0.1267496,0.13557072,10,0.0,66281,1104650,0.27878883,0.5879607,0.5559567,0.5463137,0.6562773,0.6829869,0.6827063,0.68183607,7450,7873.424484729767,0.27878883,0.53712213,0.48096436,0.47466457,12.839130981785612,0.0,0.0
38389,503450,0.33503926,0.14910702,0.124408744,0.13423191,10,0.0,66367,1105510,0.3805986,0.54386884,0.5583099,0.5472898,0.71563786,0.68988895,0.6821636,0.68174773,7459,7884.035773515701,0.29252753,0.42946702,0.4912544,0.47704798,9.243547396082642,0.0,0.0
38440,503960,0.28109545,0.11025582,0.12924142,0.133904,10,0.0,66456,1106400,0.3754279,0.5829664,0.5550809,0.54735667,0.65652335,0.69322217,0.68389475,0.6819034,7467,7893.845018625259,0.34772378,0.50238866,0.4963018,0.47872144,26.394642414387246,0.0,0.0
38498,504540,0.0013383031,0.16699909,0.13495243,0.13469891,10,0.0,66552,1107360,0.6950108,0.50237715,0.5482393,0.5474817,0.6963491,0.66937625,0.6846258,0.6823198,7476,7904.614241600037,0.28053498,0.42574316,0.46440852,0.47851685,11.588251789984376,0.0,0.0
38551,505070,0.37198734,0.15117654,0.13407603,0.13335925,10,0.0,66643,1108270,0.32097656,0.52875006,0.54935974,0.5488201,0.6929639,0.6799265,0.68324715,0.6823222,7485,7915.186972618103,0.32097656,0.42416054,0.45553154,0.4776711,11.398915741104108,0.0,0.0
38611,505670,0.34231028,0.1490003,0.14638197,0.13515668,10,0.0,66736,1109200,0.3218498,0.5637375,0.5374127,0.54685295,0.6641601,0.6761374,0.6803783,0.682097,7494,7926.279217004776,0.28072402,0.4332201,0.45686948,0.47790232,8.602641726146526,0.0,0.0
38670,506260,0.37027448,0.11040573,0.14571059,0.13564847,10,0.0,66831,1110150,0.3040899,0.5744478,0.53593457,0.5464138,0.6743644,0.68485355,0.6816452,0.6821711,7503,7937.0414872169495,0.3040899,0.558756,0.46673116,0.47738415,12.00931241218791,0.0,0.0
38724,506800,0.3834114,0.1971687,0.14980072,0.13792837,10,0.0,66925,1111090,0.279836,0.4783779,0.5298115,0.54373896,0.6632474,0.67554665,0.6796121,0.68208486,7512,7947.897898197174,0.279836,0.40189457,0.46946147,0.4751438,9.157501096025836,0.0,0.0
38780,507360,0.35249585,0.09293607,0.1562535,0.13944814,10,0.0,67011,1111950,0.3416459,0.58111846,0.5230739,0.54224604,0.69414175,0.6740545,0.67932737,0.6820885,7520,7957.736809253693,0.3416459,0.5084287,0.45510513,0.4728793,27.2962528618639,0.0,0.0
38838,507940,0.0,0.14088282,0.13497643,0.1380241,10,0.0,67104,1112880,0.67480826,0.5447682,0.54761565,0.54397607,0.67480826,0.68565106,0.68277436,0.682015,7529,7968.302429199219,0.67480826,0.46426615,0.47479966,0.47439173,12.095791494512156,0.0,0.0
38891,508470,0.4253433,0.13061766,0.12760366,0.13723004,10,0.0,67197,1113810,0.2878349,0.5476265,0.5566944,0.54501164,0.7131782,0.6782441,0.684161,0.6823006,7538,7978.692932844162,0.2878349,0.5110158,0.49108395,0.47549358,12.876837402874267,0.0,0.0
38949,509050,0.30079934,0.110252455,0.14433499,0.13837327,10,0.0,67290,1114740,0.37489286,0.56096685,0.5398596,0.5437325,0.6756922,0.6712193,0.68419474,0.68258756,7547,7989.384749889374,0.27798286,0.45557636,0.45585164,0.47483444,9.778475530987057,0.0,0.0
39004,509600,0.34573624,0.07684014,0.14404288,0.13876331,10,0.0,67376,1115600,0.34143212,0.59760976,0.5384609,0.5435542,0.68716836,0.6744499,0.6825926,0.6825017,7555,7999.364812612534,0.28949383,0.55076134,0.4609237,0.4734671,12.124508579621665,0.0,0.0
39053,510090,0.32777515,0.07710801,0.15116261,0.13875562,10,0.0,67458,1116420,0.3311033,0.60849833,0.5305633,0.5437594,0.65887845,0.6856063,0.681513,0.68257374,7563,8008.887243747711,0.31148344,0.5167767,0.48077306,0.4747183,10.44563049903035,0.0,0.0
39115,510710,0.3956653,0.13176599,0.13948202,0.13959993,10,0.0,67563,1117470,0.30411834,0.54301727,0.5425649,0.54249287,0.6997836,0.67478323,0.68204695,0.6825926,7573,8020.079759120941,0.30411834,0.48036098,0.496345,0.47456124,11.226540466014875,0.0,0.0
39173,511290,0.4204154,0.16746932,0.12623844,0.13861133,10,0.0,67658,1118420,0.2791971,0.5044669,0.55377585,0.54352665,0.6996125,0.67193615,0.68001425,0.68231285,7582,8030.820217847824,0.2791971,0.4965078,0.5066979,0.47525015,10.033048773253267,0.0,0.0
39237,511930,0.38770092,0.06730849,0.12622103,0.13692376,10,0.0,67766,1119500,0.3000453,0.60500926,0.5567656,0.54502505,0.6877462,0.6723178,0.6829867,0.6824138,7592,8041.5128564834595,0.3000453,0.55165374,0.49660626,0.47612867,11.16059366648954,0.0,0.0
39301,512570,0.35686347,0.090971306,0.109656766,0.13540705,10,0.0,67871,1120550,0.31135747,0.5861399,0.57122856,0.546204,0.66822094,0.6771112,0.6808853,0.68210936,7602,8051.933065414429,0.31135747,0.48400718,0.5111157,0.47797376,6.310794166564604,0.0,0.0
39363,513190,0.31896448,0.116567686,0.109913684,0.13460074,10,0.0,67977,1121610,0.35244048,0.5735117,0.56800884,0.5471995,0.67140496,0.6900795,0.67739695,0.68199986,7612,8062.590185403824,0.35244048,0.52074707,0.51554865,0.47967383,6.479918266869547,0.0,0.0
39430,513860,0.3265613,0.11003536,0.14370061,0.13613102,10,0.0,68079,1122630,0.34323367,0.5715356,0.53551,0.54541,0.669795,0.6815709,0.6792105,0.6817546,7622,8072.949600458145,0.3106429,0.50023705,0.48921248,0.47974002,10.384999541944286,0.0,0.0
39493,514490,0.3273651,0.09795303,0.1395003,0.13665073,10,0.0,68169,1123530,0.3808537,0.5794876,0.5398896,0.54452795,0.7082188,0.67744064,0.67941034,0.68120897,7631,8082.477227449417,0.31147456,0.48977575,0.46720368,0.47942913,11.68784947453075,0.0,0.0
39558,515140,0.40693557,0.1085995,0.13044764,0.13619138,10,0.0,68285,1124690,0.27977717,0.5677093,0.55219483,0.54520446,0.68671274,0.6763089,0.6826425,0.6814046,7642,8094.163386583328,0.27977717,0.5171865,0.45759946,0.4798518,9.649493852401973,0.0,0.0
39618,515740,0.39540797,0.07602144,0.12705474,0.13397029,10,0.0,68381,1125650,0.2775433,0.59573704,0.55256265,0.54737866,0.6729513,0.67175853,0.6796173,0.6813806,7651,8103.996392965317,0.2775433,0.548094,0.48293975,0.4831542,11.13172273881043,0.0,0.0
39680,516360,0.39866382,0.097613215,0.11552573,0.13283978,10,0.0,68486,1126700,0.29883176,0.58442414,0.56516546,0.54885656,0.6974956,0.6820373,0.68041533,0.68135846,7661,8114.389527082443,0.29883176,0.5308069,0.51242805,0.48522896,10.248404392176104,0.0,0.0
39747,517030,0.36650166,0.106312856,0.13010941,0.13096164,10,0.0,68589,1127730,0.35071948,0.581683,0.5557201,0.5508886,0.71722114,0.6879958,0.68582946,0.68188184,7671,8125.226776599884,0.33523554,0.49355775,0.5083719,0.48881117,11.386243949290638,0.0,0.0
39812,517680,0.3112989,0.1601516,0.13041961,0.13107266,10,0.0,68692,1128760,0.36049324,0.52541023,0.55119807,0.5508963,0.67179215,0.6855618,0.68465406,0.6820029,7681,8135.6614112854,0.36049324,0.4971661,0.49646717,0.4901171,13.253983727916763,0.0,0.0
39875,518310,0.40824252,0.13647532,0.1321517,0.13100941,10,0.0,68797,1129810,0.27868646,0.54525286,0.54621506,0.55072457,0.686929,0.68172824,0.6812573,0.68178993,7691,8146.131901264191,0.27868646,0.48409933,0.5031944,0.49192008,11.042817699558661,0.0,0.0
39941,518970,0.32282868,0.1839935,0.14582892,0.13097721,10,0.0,68911,1130950,0.33775464,0.48894444,0.5335392,0.55019677,0.6605833,0.67527914,0.67988586,0.6811769,7702,8157.883579492569,0.27855024,0.44414765,0.48121557,0.49249232,11.215607228702387,0.0,0.0
40004,519600,0.36043662,0.1366879,0.14191878,0.13105442,10,0.0,69015,1131990,0.29704988,0.5375759,0.5386157,0.5503019,0.6574865,0.67426383,0.6805344,0.68139,7712,8168.368101596832,0.29006362,0.48141032,0.47919738,0.49300146,9.920352016885609,0.0,0.0
40068,520240,0.35560068,0.13364632,0.15730147,0.13181941,10,0.0,69117,1133010,0.32441208,0.54839545,0.523133,0.54936796,0.68001276,0.68204176,0.6802365,0.68116844,7722,8178.844814538956,0.32441208,0.46141416,0.4652168,0.48979893,11.04104739672341,0.0,0.0
40126,520820,0.38596183,0.14941171,0.1505425,0.13229737,10,0.0,69210,1133940,0.31725967,0.522706,0.5289313,0.5487603,0.7032215,0.6721177,0.67870516,0.6810064,7730,8187.78623342514,0.31725967,0.44179565,0.45025945,0.48835382,11.59620057042315,0.0,0.0
40187,521430,0.36129078,0.11446218,0.14366466,0.13305858,10,0.0,69304,1134880,0.31151232,0.55423915,0.53423685,0.54775256,0.6728031,0.6719099,0.67762274,0.68077993,7740,8199.700538635254,0.28372526,0.44993845,0.45878756,0.4856982,13.596839174731032,0.0,0.0
40244,522000,0.3696303,0.1126921,0.13891955,0.13382377,10,0.0,69398,1135820,0.34231058,0.5546461,0.53589594,0.5463844,0.7119409,0.67130506,0.67599505,0.6802315,7749,8210.408502578735,0.27778912,0.47142786,0.47693843,0.4854173,8.9151454026244,0.0,0.0
40302,522580,0.3117075,0.066116504,0.12365282,0.13459912,10,0.0,69494,1136780,0.38007498,0.61201674,0.5571414,0.5459861,0.6917825,0.67813313,0.68071824,0.6804963,7758,8221.316554784775,0.31183416,0.51963377,0.4746293,0.48285264,11.664874696509969,0.0,0.0
40356,523120,0.2878289,0.07607697,0.12369487,0.13593279,10,0.0,69583,1137670,0.37511244,0.60520923,0.5605483,0.544988,0.66294134,0.6812862,0.6836611,0.68080515,7767,8231.63780927658,0.34260404,0.4814078,0.48923233,0.48119113,8.676804593863332,0.0,0.0
40416,523720,0.37575987,0.0878735,0.12874335,0.13366975,10,0.0,69678,1138620,0.27841297,0.5842305,0.5515405,0.54703563,0.65417284,0.67210394,0.6802838,0.68060225,7776,8242.238986968994,0.27841297,0.52230465,0.4892236,0.48228312,10.719482230819677,0.0,0.0
40467,524230,0.36686897,0.13370557,0.12861402,0.13343611,10,0.0,69762,1139460,0.3118729,0.5445976,0.55098414,0.54685205,0.6787419,0.6779389,0.6799264,0.6807578,7784,8251.990690231323,0.3118729,0.4142961,0.481422,0.48246583,25.12418317879946,0.0,0.0
40523,524790,0.34264964,0.13882057,0.12781149,0.13271198,10,0.0,69854,1140380,0.33600497,0.5411454,0.5533443,0.54778,0.6786546,0.6799659,0.681484,0.6807301,7792,8261.664513111115,0.33600497,0.4367834,0.4625293,0.4827488,11.018024223185769,0.0,0.0
40585,525410,0.0014129281,0.13369599,0.1195642,0.13142923,10,0.0,69950,1141340,0.6896174,0.5483395,0.56105536,0.5489753,0.6910303,0.68203557,0.6806195,0.68071926,7802,8273.617774248123,0.34919485,0.5045301,0.47848675,0.48428786,11.348771667033748,0.0,0.0
40637,525930,0.3023459,0.11740704,0.1308665,0.13287444,10,0.0,70044,1142280,0.38152584,0.5588476,0.5484624,0.5475576,0.68387175,0.67625463,0.6796865,0.6807781,7811,8284.012531757355,0.35186788,0.48984176,0.5010879,0.48299548,11.690801004321436,0.0,0.0
40696,526520,0.40376878,0.07810949,0.13012803,0.13293746,10,0.0,70139,1143230,0.27943355,0.60013056,0.55054164,0.54742736,0.6832023,0.67824006,0.68087333,0.68077856,7820,8294.881665945053,0.27943355,0.59631884,0.50360495,0.48299798,9.672931476837038,0.0,0.0
40756,527120,0.0014009476,0.16612129,0.13222998,0.13289931,10,0.0,70232,1144160,0.66384274,0.516372,0.54705274,0.5465554,0.6652437,0.6824933,0.6792828,0.68013185,7829,8305.573511600494,0.30246785,0.4514591,0.48224935,0.480998,11.964268395512212,0.0,0.0
40809,527650,0.37920672,0.13091198,0.13948776,0.13377535,10,0.0,70328,1145120,0.2798409,0.55275875,0.5391392,0.546058,0.6590476,0.68367076,0.67862695,0.6798286,7838,8316.682340621948,0.2798409,0.5044731,0.46232766,0.47780988,9.489762026507867,0.0,0.0
40867,528230,0.37169582,0.067271836,0.13805552,0.13345675,10,0.0,70413,1145970,0.29252857,0.6279564,0.5441966,0.54622483,0.6642244,0.6952282,0.682252,0.6800697,7846,8326.595855474472,0.29252857,0.49545303,0.46331662,0.4762433,12.544905952925019,0.0,0.0
40921,528770,0.378293,0.089754134,0.12386066,0.13142772,10,0.0,70502,1146860,0.27766308,0.5879985,0.558552,0.548234,0.6559561,0.6777526,0.68241274,0.679928,7855,8337.225996017456,0.27766308,0.5142601,0.4987452,0.4795915,8.725855327732603,0.0,0.0
40970,529260,0.39491585,0.11735133,0.12406256,0.13121685,10,0.0,70590,1147740,0.2794536,0.5619918,0.5574491,0.54858553,0.67436945,0.67934316,0.68151164,0.6802318,7863,8346.836654424667,0.2794536,0.4844392,0.51382536,0.48123804,21.064985339953374,0.0,0.0
41028,529840,0.43441615,0.10326648,0.1252782,0.12995714,10,0.0,70690,1148740,0.27824178,0.5751144,0.5589471,0.55002105,0.7126579,0.67838085,0.6842254,0.6803711,7872,8357.704639911652,0.27824178,0.48515233,0.502569,0.48078424,8.887679653096244,0.0,0.0
41090,530460,0.3339804,0.14920917,0.12535386,0.12884693,10,0.0,70777,1149610,0.36541304,0.5227231,0.55438083,0.55134255,0.69939345,0.6719323,0.67973465,0.6803229,7881,8368.210600852966,0.27778375,0.4183117,0.49051467,0.484075,13.613322042733126,0.0,0.0
41151,531070,0.33710262,0.13124269,0.13207254,0.12781024,10,0.0,70882,1150660,0.3681107,0.54960525,0.54989797,0.5526815,0.7052133,0.6808479,0.68197054,0.6805924,7891,8378.70682311058,0.34860867,0.47769362,0.4926046,0.48598996,13.859452079147134,0.0,0.0
41211,531670,0.38553455,0.10383336,0.12722963,0.12711339,10,0.0,70974,1151580,0.29756585,0.57401645,0.5553107,0.55387425,0.6831004,0.6778498,0.68254036,0.6810617,7900,8388.348515987396,0.28154713,0.5131582,0.49723122,0.48685306,31.130764971595422,0.0,0.0
41272,532280,0.37742245,0.12969425,0.12341941,0.12701489,10,0.0,71079,1152630,0.2824095,0.5454933,0.5553218,0.5538207,0.65983194,0.6748701,0.6784668,0.680897,7910,8399.215907812119,0.2824095,0.4077456,0.46948028,0.4855417,10.514693808688058,0.0,0.0
41333,532890,0.33155397,0.08210875,0.12659612,0.12703277,10,0.0,71172,1153560,0.34997264,0.5943717,0.5495319,0.55322295,0.6815266,0.6764805,0.6759042,0.68030345,7919,8408.882157802582,0.29496557,0.5426239,0.467797,0.48501727,11.209540407410802,0.0,0.0
41400,533560,0.39616156,0.14289454,0.13272162,0.1280877,10,0.0,71286,1154700,0.2815035,0.5292162,0.54518723,0.5516234,0.67766505,0.6721107,0.67741865,0.68008024,7930,8420.755485534668,0.2815035,0.49321562,0.46619475,0.4828263,10.3025269819935,0.0,0.0
41461,534170,0.32247692,0.10501615,0.12836386,0.1279117,10,0.0,71380,1155640,0.3597803,0.58058757,0.5499154,0.5519629,0.68225724,0.68560374,0.6781859,0.680068,7939,8430.503482818604,0.3597803,0.52920455,0.45964187,0.48085263,27.684644980393113,0.0,0.0
41522,534780,0.31315833,0.14423046,0.12179794,0.12828766,10,0.0,71483,1156670,0.35381198,0.5412592,0.5601953,0.5515047,0.6669703,0.6854896,0.68199325,0.68026626,7949,8441.016758441925,0.3203774,0.47998548,0.47452766,0.48195088,13.383681770985234,0.0,0.0
41586,535420,0.29705185,0.14777811,0.12805599,0.12868322,10,0.0,71575,1157590,0.37129408,0.52748644,0.55430776,0.5513922,0.6683459,0.67526454,0.6820813,0.6803335,7958,8450.68714261055,0.37129408,0.37517163,0.4699315,0.48138416,13.607028685586224,0.0,0.0
41650,536060,0.3537089,0.16309868,0.12972435,0.12876412,10,0.0,71678,1158620,0.34918538,0.524948,0.5558934,0.5518539,0.7028943,0.68804675,0.6815918,0.680395,7968,8461.349726676941,0.33108655,0.4503548,0.48857334,0.4805034,15.149444542567974,0.0,0.0
41712,536680,0.40599868,0.10892556,0.12619212,0.12822299,10,0.0,71778,1159620,0.27838692,0.57118434,0.55874866,0.55260134,0.6843856,0.68010986,0.6849407,0.6807484,7978,8471.807647228241,0.27838692,0.5000916,0.4842311,0.48098135,14.706685306407394,0.0,0.0
41778,537340,0.34465286,0.15459159,0.1253926,0.12801287,10,0.0,71882,1160660,0.3275009,0.5165393,0.5557629,0.5529856,0.6721538,0.67113096,0.6809757,0.6807926,7988,8482.357194900513,0.2776363,0.47647756,0.48460826,0.48153266,13.961146621690668,0.0,0.0
41843,537990,0.29415646,0.10168979,0.14023307,0.12792312,10,0.0,71997,1161810,0.3825108,0.5818213,0.5413375,0.55303895,0.6766673,0.68351114,0.6815706,0.6809673,7999,8494.184424161911,0.28987107,0.5309413,0.4779034,0.48261777,13.312292506427143,0.0,0.0
41902,538580,0.32583898,0.18065329,0.14592895,0.12906243,10,0.0,72091,1162750,0.3800587,0.4956123,0.53704923,0.55217886,0.7058977,0.67626554,0.6829782,0.68103546,8008,8503.769927501678,0.29846182,0.45442635,0.46641722,0.47976708,10.789928072359823,0.0,0.0
41967,539230,0.2820429,0.09927931,0.13783379,0.12997156,10,0.0,72193,1163770,0.37173185,0.583058,0.5427051,0.5511172,0.65377474,0.68233734,0.6805389,0.6807884,8018,8514.389808177948,0.3332525,0.5203264,0.47124073,0.47729304,10.869699526681442,0.0,0.0
42028,539840,0.35613272,0.14137831,0.13881336,0.13062702,10,0.0,72296,1164800,0.31849644,0.53025174,0.5431575,0.5503633,0.67462915,0.67163,0.68182445,0.68081325,8028,8525.378918886185,0.31849644,0.42743507,0.4609161,0.47576,12.746939619017517,0.0,0.0
42095,540510,0.39592537,0.10909202,0.1284761,0.13007015,10,0.0,72400,1165840,0.27963528,0.5739958,0.55652773,0.551476,0.67556065,0.6830879,0.68457705,0.68139464,8038,8535.897131204605,0.27963528,0.46607667,0.47556457,0.47431666,12.281718812361296,0.0,0.0
42155,541110,0.35993302,0.1397277,0.12536919,0.13056509,10,0.0,72501,1166850,0.30226588,0.5490082,0.559684,0.5510995,0.6621989,0.6887359,0.6850564,0.68144923,8048,8546.419646501541,0.30226588,0.5212113,0.49770722,0.47526246,10.592816297914876,0.0,0.0
42215,541710,0.4004121,0.12610456,0.13516766,0.13082953,10,0.0,72596,1167800,0.27852502,0.55157536,0.5473836,0.55119675,0.67893714,0.67767996,0.6825512,0.68147314,8057,8556.143157958984,0.27852502,0.42682394,0.48140678,0.47383314,10.708168663133279,0.0,0.0
42288,542440,0.0,0.15397574,0.11772262,0.12990725,10,0.0,72709,1168930,0.65691,0.523276,0.5616791,0.55203736,0.65691,0.6772517,0.67940193,0.6816786,8068,8567.765624284744,0.65691,0.39727935,0.46009338,0.47443536,12.150369771468515,0.0,0.0
42348,543040,0.4292721,0.13621143,0.12217419,0.12952176,10,0.0,72813,1169970,0.27830926,0.5443319,0.5561199,0.5522605,0.70758134,0.68054336,0.677942,0.6818165,8078,8578.310670375824,0.27830926,0.48426527,0.47260207,0.4743272,14.599801590754826,0.0,0.0
42408,543640,0.36508983,0.14738873,0.14220941,0.12998214,10,0.0,72907,1170910,0.33604914,0.5258634,0.5378112,0.5524852,0.701139,0.67325217,0.6800206,0.68195033,8087,8587.974779605865,0.33604914,0.46679202,0.4702707,0.47608182,31.207897689562703,0.0,0.0
42465,544210,0.37383908,0.08858358,0.120240614,0.12948331,10,0.0,73002,1171860,0.29719615,0.5903777,0.5590403,0.5529218,0.67103523,0.67896134,0.679281,0.6819454,8096,8597.403895139694,0.29085603,0.5459574,0.4933575,0.47835538,14.056718131617515,0.0,0.0
42531,544870,0.38949552,0.08074901,0.12619466,0.12987,10,0.0,73106,1172900,0.27760658,0.59923005,0.5529829,0.552109,0.6671021,0.6799791,0.67917746,0.6815894,8106,8607.812501907349,0.27760658,0.58577144,0.48759955,0.47830927,14.269179411549578,0.0,0.0
42596,545520,0.37950206,0.1266902,0.1201737,0.12879062,10,0.0,73218,1174020,0.30961442,0.5443547,0.55936944,0.5527631,0.6891165,0.6710449,0.6795256,0.68145734,8117,8619.46571469307,0.30961442,0.49359435,0.49420205,0.4795083,10.282619146790788,0.0,0.0
42658,546140,0.35020968,0.08959383,0.10913739,0.12756528,10,0.0,73314,1174980,0.30691335,0.5943049,0.5692514,0.5538603,0.657123,0.6838987,0.67856026,0.6813893,8126,8629.12919330597,0.30691335,0.5673671,0.50035906,0.48037976,28.928129774019677,0.0,0.0
42722,546780,0.00075119734,0.13937482,0.111921616,0.12757148,10,0.0,73416,1176000,0.6537491,0.54003626,0.57084197,0.5536979,0.6545003,0.67941105,0.6827635,0.6811326,8136,8639.505092144012,0.3631367,0.5153731,0.51156294,0.4812463,12.212411849315467,0.0,0.0
42779,547350,0.39492628,0.09886025,0.11643042,0.12632374,10,0.0,73516,1177000,0.30490115,0.5834942,0.56364113,0.55490744,0.69982743,0.68235445,0.68012804,0.6810978,8146,8650.306447029114,0.30490115,0.5622972,0.5152183,0.48322016,11.011258550236867,0.0,0.0
42849,548050,0.3944738,0.088102914,0.12867753,0.1259394,10,0.0,73621,1178050,0.2927251,0.59795105,0.5534016,0.5552502,0.6871989,0.68605405,0.68196386,0.6812249,8156,8660.656241178513,0.2836862,0.54279596,0.4995867,0.4839336,9.553529026022938,0.0,0.0
42908,548640,0.39251107,0.13311376,0.11992977,0.1245908,10,0.0,73711,1178950,0.28678304,0.54633164,0.5625913,0.5565067,0.6792941,0.6794454,0.68252105,0.6811114,8165,8670.083235025406,0.27811506,0.5141212,0.4984887,0.48683923,10.294281222127811,0.0,0.0
42962,549180,0.31877053,0.12584445,0.11619984,0.12335773,10,0.0,73802,1179860,0.33780485,0.54695255,0.5633686,0.55770934,0.6565754,0.6745224,0.6798996,0.6810444,8174,8681.023389816284,0.33780485,0.4911976,0.5063456,0.4890509,21.636004985102467,0.0,0.0
43020,549760,0.03832382,0.14207187,0.1370986,0.12426586,10,0.0,73902,1180860,0.6351341,0.5482032,0.54547304,0.556844,0.6734579,0.6902751,0.6825716,0.6810369,8183,8691.822102069855,0.33265582,0.41578007,0.479031,0.4885397,12.250274180051958,0.0,0.0
43072,550280,0.4237179,0.0846508,0.13987158,0.12394691,10,0.0,73978,1181620,0.29058132,0.6011528,0.5430871,0.5568941,0.7142992,0.6858036,0.68295866,0.68080574,8191,8701.525109052658,0.29058132,0.5707414,0.47321492,0.49002022,21.42987283513427,0.0,0.0
43133,550890,0.0019752383,0.15090677,0.12686704,0.1245213,10,0.0,74080,1182640,0.709159,0.5351161,0.55562407,0.55628246,0.71113425,0.68602294,0.6824911,0.6807675,8200,8712.515705108643,0.709159,0.44924444,0.49685806,0.48998466,9.299746991603563,0.0,0.0
43186,551420,0.40990147,0.100180104,0.13116717,0.12378722,10,0.0,74165,1183490,0.28361008,0.5790864,0.55183566,0.55698353,0.69351155,0.6792665,0.6830028,0.68074197,8209,8723.427724123001,0.28361008,0.52396363,0.49395448,0.48949116,8.454296190541267,0.0,0.0
43247,552030,0.3931497,0.16967714,0.1381066,0.12448659,10,0.0,74257,1184410,0.27992007,0.5155811,0.5431824,0.55628765,0.6730698,0.68525827,0.6812891,0.6807589,8218,8734.113644361496,0.27990592,0.46865,0.48582402,0.49190027,11.185281939879067,0.0,0.0
43300,552560,0.41318265,0.14301261,0.14451766,0.12654923,10,0.0,74351,1185350,0.28186235,0.53464127,0.5393941,0.55465174,0.695045,0.67765397,0.68391174,0.68120146,8227,8745.213543176651,0.28186235,0.4165582,0.469534,0.49105534,9.108804756909834,0.0,0.0
43352,553080,0.0,0.16537392,0.13917679,0.1263921,10,0.0,74435,1186190,0.66776067,0.50637525,0.54431117,0.55475545,0.66776067,0.67174923,0.683488,0.6811648,8235,8755.207180023193,0.66776067,0.45076436,0.46021268,0.49040246,12.78206422994102,0.0,0.0
43411,553670,0.3309141,0.09321983,0.12385067,0.12550503,10,0.0,74526,1187100,0.35842058,0.5835497,0.55331546,0.5554326,0.6893347,0.6767695,0.67716616,0.6809225,8244,8765.880302906036,0.28109545,0.53071225,0.46776775,0.49051836,8.558438224756785,0.0,0.0
43472,554280,0.4182662,0.1613166,0.13486533,0.12782048,10,0.0,74619,1188030,0.28171244,0.5255002,0.5441892,0.5531937,0.69997865,0.6868168,0.6790545,0.68100417,8253,8776.690253973007,0.28171244,0.417866,0.47676048,0.48799908,10.678735427917905,0.0,0.0
43527,554830,0.33081195,0.12268195,0.13935533,0.12677723,10,0.0,74711,1188950,0.3720965,0.56875694,0.54091865,0.5543668,0.70290846,0.6914389,0.68027395,0.68115526,8262,8787.696681976318,0.2778281,0.4760118,0.47437537,0.48924285,9.536217379076273,0.0,0.0
43580,555360,0.3317479,0.12790272,0.1267232,0.12758143,10,0.0,74794,1189780,0.33702844,0.54825956,0.5554631,0.5535189,0.66877633,0.67616224,0.6821863,0.6810904,8270,8797.300651788712,0.33702844,0.37295622,0.4729354,0.4858752,27.194418870028656,0.0,0.0
43634,555900,0.39191276,0.10739817,0.12347855,0.1282117,10,0.0,74887,1190710,0.27778035,0.5671407,0.55570596,0.5529982,0.6696931,0.67453885,0.67918456,0.68124795,8279,8808.17429280281,0.27778035,0.45325837,0.46488598,0.4854105,9.285049850949667,0.0,0.0
43687,556430,0.32839698,0.09225117,0.13919401,0.1300915,10,0.0,74967,1191510,0.32622236,0.59510696,0.5418263,0.5510856,0.65461934,0.6873581,0.6810204,0.6811847,8287,8817.71273136139,0.32622236,0.5062943,0.45424226,0.4817982,31.653093952463426,0.0,0.0
43745,557010,0.41468287,0.1264809,0.12976575,0.13046366,10,0.0,75060,1192440,0.28170365,0.5502008,0.5519072,0.55080175,0.6963865,0.67668164,0.6816729,0.681308,8296,8828.65019083023,0.28170365,0.44064617,0.47753665,0.4820139,12.434833034294408,0.0,0.0
43798,557540,0.28684786,0.13439593,0.13784255,0.13181905,10,0.0,75154,1193380,0.37592897,0.5458448,0.543281,0.54939926,0.6627768,0.68024075,0.68112344,0.6812183,8305,8839.54441523552,0.33424008,0.43466693,0.48019782,0.47931764,9.137765910629803,0.0,0.0
43860,558160,0.3092355,0.10058147,0.13998191,0.13203692,10,0.0,75246,1194300,0.3675862,0.57919395,0.5405365,0.54908943,0.6768217,0.6797754,0.6805183,0.68112636,8314,8850.325772047043,0.27778223,0.5232723,0.46835363,0.4789392,11.478620497896285,0.0,0.0
43914,558700,0.073274374,0.11150205,0.12979767,0.1326497,10,0.0,75330,1195140,0.58219177,0.56628907,0.5521639,0.5484612,0.65546614,0.67779106,0.68196154,0.6811109,8322,8860.20318365097,0.2839886,0.3911925,0.47254682,0.47647434,10.942191639874068,0.0,0.0
43963,559190,0.31046987,0.073673606,0.12534924,0.13300352,10,0.0,75422,1196060,0.38292658,0.6039983,0.5551825,0.54823405,0.69339645,0.67767185,0.680532,0.6812376,8330,8869.939433574677,0.30803698,0.5930772,0.45667216,0.47339255,13.565659956776743,0.0,0.0
44030,559860,0.30441052,0.12604113,0.1277675,0.13173577,10,0.0,75515,1196990,0.38336164,0.56667805,0.55344534,0.5493307,0.68777215,0.69271916,0.68121266,0.6810665,8340,8880.476585149765,0.38336164,0.42984158,0.46590787,0.47436628,13.700732874018577,0.0,0.0
44092,560480,0.32703787,0.14385776,0.13415787,0.13228449,10,0.0,75618,1198020,0.38203895,0.5845746,0.5513914,0.5490639,0.7090768,0.69572854,0.6850223,0.6812502,8350,8891.199187040329,0.29510242,0.47787523,0.45695722,0.47216004,13.107130368369917,0.0,0.0
44160,561160,0.36277795,0.07605224,0.116751775,0.13140951,10,0.0,75730,1199140,0.30862463,0.61849844,0.5681157,0.55008227,0.6714026,0.69455075,0.6848675,0.6814918,8361,8902.819578647614,0.30862463,0.5139758,0.47662967,0.4713662,13.315948295704379,0.0,0.0
44223,561790,0.31955215,0.10568396,0.126582,0.1321467,10,0.0,75833,1200170,0.360701,0.58763653,0.55613065,0.54939884,0.68025315,0.69332045,0.6827126,0.6815457,8371,8913.430456399918,0.360701,0.5343865,0.478649,0.47085747,10.1246174275149,0.0,0.0
44284,562400,0.37459517,0.13548598,0.12523536,0.13082814,10,0.0,75923,1201070,0.28709817,0.5408082,0.5600095,0.55076844,0.66169333,0.67629415,0.68524474,0.6815965,8380,8923.234361886978,0.28709817,0.52904856,0.49127805,0.4707868,31.998852580206854,0.0,0.0
44348,563040,0.016653717,0.12181997,0.13032179,0.1303856,10,0.0,76027,1202110,0.6416147,0.56906927,0.5539758,0.55128187,0.6582684,0.69088924,0.6842976,0.68166745,8390,8933.897361516953,0.38000205,0.41239238,0.46017358,0.47125357,12.214382105974945,0.0,0.0
44409,563650,0.34625685,0.12669826,0.121975176,0.12971762,10,0.0,76128,1203120,0.32698464,0.5612284,0.5615701,0.5523662,0.6732415,0.6879267,0.6835453,0.6820838,8400,8944.676059484482,0.32698464,0.467947,0.44177556,0.46936995,9.904408370200612,0.0,0.0
44466,564220,0.3575963,0.18078485,0.13619,0.12979442,10,0.0,76218,1204020,0.30996528,0.5039296,0.5457259,0.5522718,0.6675616,0.68471444,0.681916,0.6820662,8409,8954.355078697205,0.30996528,0.39416945,0.44054464,0.46767354,24.82380166071862,0.0,0.0
44532,564880,0.32948998,0.10986851,0.13730021,0.12991787,10,0.0,76321,1205050,0.34655866,0.568491,0.54416454,0.5521343,0.67604864,0.6783594,0.6814648,0.6820522,8419,8964.869410991669,0.28126815,0.48911244,0.468594,0.46714404,14.588391278624686,0.0,0.0
44594,565500,0.27585727,0.104082584,0.12238588,0.13022256,10,0.0,76423,1206070,0.3827291,0.5812092,0.5601423,0.5520065,0.6585864,0.6852918,0.68221945,0.68226695,8429,8975.651870727539,0.33409277,0.47589034,0.4772026,0.46775067,9.715948404964921,0.0,0.0
44656,566120,0.32919714,0.121414185,0.120859385,0.12934878,10,0.0,76515,1206990,0.38648185,0.56811404,0.56277966,0.55307716,0.715679,0.6895282,0.68325526,0.68237936,8438,8985.429783344269,0.34235054,0.49693957,0.48605022,0.46950096,36.416949932493736,0.0,0.0
44718,566740,0.36391354,0.18013796,0.13771622,0.130379,10,0.0,76618,1208020,0.30445516,0.5108074,0.54395926,0.5521686,0.6683687,0.6909453,0.6816753,0.6824669,8448,8995.977239608765,0.30445516,0.45149106,0.4714627,0.46825963,13.620284634873585,0.0,0.0
44775,567310,0.32892108,0.12334726,0.1370201,0.12992406,10,0.0,76710,1208940,0.37549102,0.56774426,0.54516804,0.5526057,0.7044121,0.6910915,0.6821882,0.68248475,8457,9005.709521770477,0.35861945,0.49742875,0.47388008,0.46846065,10.84666375477869,0.0,0.0
44842,567980,0.42058405,0.13585527,0.12617353,0.12844463,10,0.0,76821,1210050,0.29338643,0.5407957,0.55532765,0.5537714,0.7139705,0.676651,0.68194914,0.6824207,8468,9017.487725019455,0.29338643,0.38909093,0.4958532,0.47010937,8.956632242863028,0.0,0.0
44904,568600,0.37358168,0.12069225,0.13423389,0.12981042,10,0.0,76915,1210990,0.28762767,0.5738143,0.548533,0.5527459,0.66120934,0.6945065,0.682767,0.68255925,8477,9026.94372677803,0.28762767,0.51848924,0.4840717,0.4703808,10.890601785472253,0.0,0.0
44970,569260,0.3833624,0.10528638,0.12506194,0.12945272,10,0.0,77025,1212090,0.32951277,0.59140694,0.55941194,0.5529181,0.7128752,0.69669336,0.68447405,0.68267083,8488,9038.480883836746,0.32951277,0.58071256,0.49539018,0.4731937,12.503354406248482,0.0,0.0
45039,569950,0.33290154,0.13107327,0.1192807,0.12853259,10,0.0,77129,1213130,0.3673975,0.55800116,0.56536484,0.5542462,0.700299,0.6890744,0.6846997,0.68287283,8498,9049.25969839096,0.2827262,0.47384253,0.50362736,0.47602814,11.888404487108081,0.0,0.0
45102,570580,0.3357606,0.15668999,0.119205646,0.12804373,10,0.0,77231,1214150,0.33880407,0.52265036,0.56413007,0.5546123,0.67456466,0.6793403,0.68325853,0.68269676,8508,9059.710737228394,0.28669286,0.4291098,0.49324304,0.47718206,9.699407232032828,0.0,0.0
45161,571170,0.3213216,0.14494164,0.12977155,0.12915252,10,0.0,77322,1215060,0.3633951,0.5350294,0.55229896,0.5533324,0.6847167,0.67997104,0.6820704,0.6825137,8517,9069.375370502472,0.27932653,0.42478076,0.46122906,0.47513902,11.03011550276351,0.0,0.0
45228,571840,0.37348086,0.09338905,0.13262719,0.12906036,10,0.0,77435,1216190,0.29996008,0.5888596,0.5496559,0.55336434,0.67344093,0.6822487,0.6822831,0.6826587,8528,9081.182168722153,0.29996008,0.5414152,0.46280444,0.47455394,10.276476977239279,0.0,0.0
45288,572440,0.36419743,0.14475253,0.13717408,0.1302341,10,0.0,77528,1217120,0.34535843,0.5418266,0.5473125,0.55211526,0.70955586,0.6865791,0.68448657,0.6825127,8537,9090.745161056519,0.30345568,0.50165284,0.48591113,0.4741428,10.823247807315768,0.0,0.0
45357,573130,0.3434722,0.15890394,0.1254068,0.12955153,10,0.0,77639,1218230,0.34577885,0.52325857,0.5577181,0.55284727,0.68925107,0.6821626,0.6831249,0.68250006,8548,9102.40928697586,0.34577885,0.43834895,0.47809836,0.47625598,12.481840298185443,0.0,0.0
45418,573740,0.31529635,0.11833598,0.13942988,0.13076362,10,0.0,77739,1219230,0.37874365,0.5660551,0.54383403,0.55160755,0.69404,0.684391,0.683264,0.6825654,8558,9113.243129968643,0.35016754,0.41736716,0.46732926,0.47774366,9.437042680285863,0.0,0.0
45483,574390,0.28298524,0.089078225,0.12821417,0.12936774,10,0.0,77841,1220250,0.37562218,0.5900593,0.55392987,0.55319077,0.6586074,0.6791375,0.68214417,0.68254185,8568,9123.787405729294,0.33584845,0.44764766,0.47733065,0.48044923,11.533744895574102,0.0,0.0
45542,574980,0.29636753,0.1274273,0.117918625,0.1294053,10,0.0,77933,1221170,0.36673105,0.563271,0.56575114,0.5533471,0.6630986,0.69069827,0.6836697,0.6827972,8577,9133.260210752487,0.34293184,0.502099,0.49691647,0.4816078,10.487201990273663,0.0,0.0
45615,575710,0.3773907,0.19100359,0.141876,0.13059804,10,0.0,78044,1222280,0.2824668,0.53848606,0.54603136,0.55221397,0.6598575,0.6907497,0.6844426,0.6827903,8588,9144.99806547165,0.2824668,0.4320301,0.48325223,0.48186573,12.258157849898426,0.0,0.0
45674,576300,0.35217384,0.1564655,0.13770758,0.13145317,10,0.0,78146,1223300,0.33130464,0.53035825,0.5480362,0.5514497,0.6834785,0.6868238,0.6857437,0.68293947,8598,9155.690070390701,0.33130464,0.44177517,0.47296438,0.48046204,10.18811919186914,0.0,0.0
45736,576920,0.40023813,0.16309385,0.14403786,0.1323375,10,0.0,78236,1224200,0.2890416,0.51553005,0.5379853,0.55061597,0.68927974,0.67862386,0.6820232,0.68295443,8607,9165.227996110916,0.2890416,0.44669622,0.46280998,0.48023054,29.752090972093654,0.0,0.0
45795,577510,0.3806355,0.089406505,0.13978085,0.13134834,10,0.0,78326,1225100,0.2781952,0.58838075,0.54167295,0.5515575,0.6588307,0.6777873,0.68145376,0.68289256,8616,9174.872925281525,0.27773654,0.44489694,0.44690666,0.47736832,11.520597687257945,0.0,0.0
45862,578180,0.0,0.14011775,0.12868159,0.13089389,10,0.0,78439,1226230,0.69311315,0.52631533,0.55022925,0.5519127,0.69311315,0.66643304,0.67891085,0.6828052,8627,9186.698559999466,0.69311315,0.44791564,0.44691566,0.47624743,13.550964442765864,0.0,0.0
45927,578830,0.33096072,0.098101564,0.13578366,0.13143615,10,0.0,78539,1227230,0.38049015,0.5808427,0.5437925,0.5512207,0.7114509,0.67894423,0.6795761,0.6826664,8637,9197.191587686539,0.277885,0.5663878,0.48502463,0.4761673,14.00305414055056,0.0,0.0
45990,579460,0.30806562,0.07516275,0.12728505,0.13155888,10,0.0,78641,1228250,0.36610505,0.6051238,0.55599356,0.5508827,0.6741707,0.6802866,0.6832785,0.6824651,8647,9207.825372934341,0.31021476,0.5033461,0.5005231,0.4759111,12.721295524848859,0.0,0.0
46049,580050,0.32484478,0.0897093,0.1216431,0.13225646,10,0.0,78733,1229170,0.35917562,0.5886472,0.55643827,0.54992384,0.6840204,0.6783565,0.678967,0.6820682,8656,9217.466418266296,0.35646442,0.5263341,0.4720184,0.47329992,12.987347079188897,0.0,0.0
46116,580720,0.32667807,0.13594702,0.12977539,0.13287142,10,0.0,78835,1230190,0.33431646,0.55076903,0.55453026,0.54966843,0.6609945,0.686716,0.68199676,0.6821936,8666,9227.988671302795,0.2981912,0.5247621,0.48046333,0.47412252,14.16253453851346,0.0,0.0
46179,581350,0.35733545,0.12223574,0.1296579,0.13255595,10,0.0,78937,1231210,0.35101384,0.56082666,0.55517906,0.5503125,0.7083493,0.68306243,0.684837,0.68233687,8676,9238.571308851242,0.3024589,0.508832,0.49617335,0.4767648,13.65500464900652,0.0,0.0
46244,582000,0.37364113,0.063536294,0.12469479,0.13060689,10,0.0,79039,1232230,0.29817528,0.6160782,0.5579174,0.5522244,0.6718164,0.6796144,0.68261224,0.6823017,8686,9249.205953598022,0.29240763,0.52571404,0.49202648,0.47906932,14.346181025147436,0.0,0.0
46304,582600,0.33376682,0.08362015,0.11780591,0.13037375,10,0.0,79138,1233220,0.36008263,0.5961221,0.5645607,0.5523791,0.69384944,0.6797423,0.6823666,0.68223184,8696,9260.070839881897,0.36008263,0.59034234,0.49635535,0.47979078,41.460891295128945,0.0,0.0
46367,583230,0.01660502,0.15581782,0.121417716,0.12981969,10,0.0,79238,1234220,0.6435252,0.52302736,0.56390893,0.5525625,0.6601302,0.6788452,0.6853267,0.6825088,8706,9270.592162132263,0.36254483,0.42736635,0.4906732,0.47917187,12.971678390020264,0.0,0.0
46431,583870,0.35071105,0.14164536,0.13855761,0.1293991,10,0.0,79339,1235230,0.34300822,0.5447107,0.5445175,0.55317754,0.69371927,0.6754242,0.68059677,0.68235016,8716,9281.345845222473,0.2779019,0.44862622,0.46640086,0.48024762,13.239127909619357,0.0,0.0
46497,584530,0.31773072,0.17030425,0.14741045,0.13225074,10,0.0,79441,1236250,0.37135845,0.5216809,0.5339863,0.5504813,0.6890892,0.6941906,0.6811611,0.6822467,8726,9292.060388088226,0.35484946,0.45095935,0.4635748,0.47824028,12.984476409684095,0.0,0.0
46558,585140,0.29593927,0.10857844,0.13586918,0.13170227,10,0.0,79544,1237280,0.38315547,0.5852019,0.5466767,0.5506946,0.67909473,0.69378036,0.6825459,0.682259,8736,9303.107028245926,0.37780026,0.51957804,0.49093613,0.47929326,9.176697254169746,0.0,0.0
46622,585780,0.0,0.11542264,0.11860762,0.13001774,10,0.0,79637,1238210,0.6569315,0.56870985,0.5686434,0.55230105,0.6569315,0.6882248,0.6838616,0.68213576,8745,9312.799619197845,0.6569315,0.5241881,0.5083258,0.47966734,30.612944381026896,0.0,0.0
46679,586350,0.36909223,0.10013781,0.11738749,0.12892634,10,0.0,79728,1239120,0.34572345,0.58906305,0.57192874,0.55354995,0.7148157,0.6892008,0.68584824,0.68227243,8754,9322.268355607986,0.34572345,0.5674352,0.49978578,0.48211107,15.405639583380012,0.0,0.0
46742,586980,0.32739183,0.09274263,0.13651711,0.12826864,10,0.0,79831,1240150,0.3835412,0.5897094,0.54493207,0.55403966,0.710933,0.682452,0.6814493,0.68211704,8764,9332.800946235657,0.338935,0.47534853,0.47109154,0.48309106,13.046225204948373,0.0,0.0
46807,587630,0.01582998,0.10824607,0.13597755,0.12904367,10,0.0,79932,1241160,0.66514766,0.5650137,0.5424052,0.5532587,0.68097764,0.6732598,0.67850906,0.68203735,8774,9343.559735298157,0.3447847,0.5415716,0.45695007,0.4842072,32.056692056416914,0.0,0.0
46861,588170,0.36350006,0.09919381,0.1291561,0.12909321,10,0.0,80022,1242060,0.297307,0.5966175,0.551377,0.5530097,0.6608071,0.69581133,0.68053323,0.6822873,8783,9353.13221669197,0.297307,0.5453262,0.4653556,0.48331267,11.240199371784321,0.0,0.0
46929,588850,0.32714412,0.07774447,0.13113691,0.1286751,10,0.0,80122,1243060,0.32692155,0.61054826,0.5494815,0.5535497,0.65406567,0.6882927,0.68061846,0.68205035,8793,9363.795046567917,0.32692155,0.5726149,0.48661965,0.4834134,25.965681230909425,0.0,0.0
46987,589430,0.32168478,0.1715964,0.12526447,0.128715,10,0.0,80222,1244060,0.35337675,0.51257575,0.55535406,0.5534446,0.6750615,0.68417215,0.6806186,0.6820551,8803,9374.522891759872,0.35337675,0.47393742,0.48832458,0.4825356,11.057638972373198,0.0,0.0
47048,590040,0.2979494,0.07250162,0.13104992,0.12925534,10,0.0,80314,1244980,0.3672568,0.60472167,0.5507394,0.55293995,0.6652062,0.6772233,0.6817892,0.68216676,8812,9384.210248470306,0.34125072,0.50968045,0.4692278,0.4823079,13.95432336417878,0.0,0.0
47116,590720,0.38389185,0.17508027,0.15450102,0.13116226,10,0.0,80423,1246070,0.2782263,0.51112545,0.52734107,0.5511731,0.66211814,0.68620574,0.6818421,0.6821031,8823,9395.807931423187,0.2782263,0.4597171,0.469138,0.48164898,10.578154893920953,0.0,0.0
47174,591300,0.39239365,0.15133542,0.14638409,0.13271204,10,0.0,80513,1246970,0.31156558,0.530131,0.5407377,0.54961264,0.7039592,0.68146646,0.6871488,0.6823366,8832,9405.674232244492,0.31156558,0.46366295,0.4800642,0.48012137,23.388407907987727,0.0,0.0
47239,591950,0.26759192,0.14893988,0.13440317,0.13309805,10,0.0,80615,1247990,0.39490685,0.53718555,0.5492681,0.54946697,0.6624988,0.6861254,0.6836647,0.6823544,8842,9416.303557157516,0.35864103,0.43898886,0.4531612,0.4770506,13.213652487855285,0.0,0.0
47302,592580,0.33415273,0.1224371,0.13111855,0.13418521,10,0.0,80716,1249000,0.3643557,0.55894315,0.54774696,0.5477997,0.69850844,0.6813803,0.67886543,0.68201864,8852,9426.90379858017,0.29267883,0.49844417,0.44419423,0.47471973,11.808614089014844,0.0,0.0
47363,593190,0.3374456,0.16918367,0.14534925,0.13511422,10,0.0,80807,1249910,0.3209472,0.5167788,0.5335182,0.5467804,0.6583928,0.68596256,0.6788674,0.68161744,8861,9436.700334072113,0.3209472,0.48747927,0.45958778,0.47381696,13.091506556515377,0.0,0.0
47427,593830,0.35072744,0.14917624,0.12625664,0.1337059,10,0.0,80908,1250920,0.3436153,0.5397521,0.5560203,0.54842794,0.69434273,0.6889283,0.6822769,0.681923,8871,9447.242843866348,0.3436153,0.4646825,0.4838836,0.47597307,13.094514688895133,0.0,0.0
47491,594470,0.2896805,0.17433517,0.12975994,0.13203008,10,0.0,81007,1251910,0.38088796,0.51556593,0.55335546,0.550354,0.67056847,0.6899012,0.6831155,0.68208134,8881,9457.78085231781,0.35866213,0.49469107,0.4797328,0.47627348,12.098369867146797,0.0,0.0
47547,595030,0.33866748,0.10958068,0.13903949,0.13306798,10,0.0,81109,1252930,0.35452262,0.5698527,0.5435826,0.5489596,0.6931901,0.67943335,0.6829395,0.68210846,8890,9467.675285339355,0.34485286,0.48292023,0.4595521,0.47253132,17.347009760191042,0.0,0.0
47619,595750,0.0,0.14600232,0.13608573,0.13417108,10,0.0,81209,1253930,0.6736324,0.5412688,0.54810435,0.54784524,0.6736324,0.68727124,0.6844507,0.68212086,8901,9479.230835676193,0.6736324,0.45668107,0.47225785,0.47132748,16.069428385120343,0.0,0.0
47679,596350,0.32323372,0.097391576,0.124694794,0.1343196,10,0.0,81299,1254830,0.33171844,0.5749975,0.55603564,0.547304,0.65495217,0.67238903,0.6807305,0.6816745,8910,9488.677646875381,0.29325458,0.4481123,0.48061207,0.47151113,14.082695086086574,0.0,0.0
47739,596950,0.38745004,0.115524605,0.11411998,0.13236266,10,0.0,81398,1255820,0.278179,0.5602894,0.5652056,0.5493853,0.665629,0.67581403,0.6793256,0.68179554,8920,9499.651594400406,0.278179,0.47767156,0.49231339,0.4730319,28.277852576138702,0.0,0.0
47800,597560,0.42816338,0.090269186,0.11820961,0.13170224,10,0.0,81500,1256840,0.27756092,0.5905898,0.5641262,0.5502691,0.7057243,0.68085897,0.6823358,0.681912,8930,9510.219129562378,0.27756092,0.45630455,0.47586238,0.47355953,10.400584413942022,0.0,0.0
47864,598200,0.3284389,0.08483006,0.13962364,0.13254881,10,0.0,81603,1257870,0.34304127,0.58954537,0.5372057,0.54927903,0.6714802,0.6743754,0.68010783,0.68191296,8940,9520.851315498352,0.32477054,0.56114435,0.45785794,0.4740259,11.235180226658823,0.0,0.0
47927,598830,0.3263143,0.07437323,0.12763253,0.13252515,10,0.0,81692,1258760,0.36799523,0.6093137,0.54835075,0.54937863,0.69430953,0.683687,0.67971987,0.68193495,8949,9530.687701702118,0.28104153,0.6053533,0.48455593,0.47342634,11.257712611481928,0.0,0.0
47991,599470,0.37384772,0.17716064,0.13966519,0.13404074,10,0.0,81805,1259890,0.28163803,0.4974501,0.54522943,0.5478052,0.65548575,0.6746107,0.6813042,0.6818507,8960,9542.264287233353,0.28163803,0.40475637,0.4684969,0.47101027,10.692815682883353,0.0,0.0
48053,600090,0.30756864,0.12830219,0.12794456,0.13289148,10,0.0,81905,1260890,0.34604892,0.5533756,0.55390745,0.54905224,0.65361756,0.67817503,0.6813728,0.68187314,8970,9552.81219291687,0.33323997,0.45964232,0.46356305,0.471659,11.868133485036738,0.0,0.0
48122,600780,0.3195526,0.14751081,0.12479582,0.13133033,10,0.0,82002,1261860,0.35885555,0.52118975,0.5548955,0.55023265,0.67840815,0.6687005,0.6797227,0.6814687,8980,9563.691721439362,0.27840903,0.48122677,0.48888862,0.47283018,10.04575348588008,0.0,0.0
48183,601390,0.2923263,0.11182139,0.13145107,0.12964496,10,0.0,82106,1262900,0.383764,0.577041,0.55084914,0.55178803,0.6760903,0.6888623,0.68230027,0.6813821,8989,9573.482355117798,0.37403044,0.5666462,0.49797398,0.47447386,7.227361766477673,0.0,0.0
48243,601990,0.3674789,0.06550816,0.12953232,0.13109933,10,0.0,82196,1263800,0.29633474,0.6184829,0.5523199,0.5501197,0.66381365,0.6839911,0.6818523,0.68116474,8999,9583.932621717453,0.29633474,0.60118973,0.48845917,0.47608814,10.879996679688514,0.0,0.0
48306,602620,0.30864322,0.077656515,0.1331821,0.13094895,10,0.0,82295,1264790,0.3689925,0.608259,0.5476266,0.55054677,0.6776357,0.6859156,0.6808087,0.68145823,9009,9594.766842365265,0.3689925,0.59737504,0.49055356,0.47850218,10.969854180037986,0.0,0.0
48378,603340,0.30854288,0.12468439,0.12587157,0.12958853,10,0.0,82412,1265960,0.35596994,0.5476049,0.5548704,0.55179965,0.6645128,0.6722893,0.6807421,0.68143374,9020,9606.583315134048,0.2936006,0.4921767,0.48292607,0.47874722,10.385176964801655,0.0,0.0
48437,603930,0.2941083,0.16093357,0.14375812,0.13244838,10,0.0,82502,1266860,0.36040708,0.5290093,0.5403104,0.5490407,0.6545154,0.68994284,0.6829378,0.68143713,9029,9616.073533296585,0.3073084,0.43590635,0.48988393,0.47799265,11.467733411201092,0.0,0.0
48501,604570,0.40487033,0.14338449,0.15351401,0.13278158,10,0.0,82600,1267840,0.28128427,0.53958976,0.52956533,0.54850656,0.6861546,0.6829742,0.6812155,0.6812298,9039,9626.84867811203,0.28128427,0.4727192,0.4775459,0.47877845,11.645930508765884,0.0,0.0
48567,605230,0.40024447,0.1281859,0.1329287,0.13204513,10,0.0,82708,1268920,0.27772123,0.53831035,0.5467602,0.54897743,0.6779657,0.66998017,0.6801137,0.68094385,9050,9638.681713104248,0.27772123,0.3688801,0.47134385,0.47918966,10.981877288379849,0.0,0.0
48624,605800,0.40867355,0.09151986,0.11781927,0.13122986,10,0.0,82801,1269850,0.2783365,0.5938906,0.55887,0.5493501,0.68701005,0.6854104,0.677188,0.68052197,9059,9649.393293857574,0.2783365,0.49334565,0.46057034,0.47782922,9.04343206360733,0.0,0.0
48682,606380,0.30448046,0.20182498,0.1387246,0.13348179,10,0.0,82883,1270670,0.3817776,0.48756003,0.54166347,0.5474378,0.6862581,0.68938494,0.6801281,0.6807262,9067,9659.108827590942,0.3817776,0.38968673,0.44156834,0.4742718,9.785013590478103,0.0,0.0
48735,606910,0.0,0.14597985,0.14005837,0.13411191,10,0.0,82976,1271600,0.6551288,0.5394176,0.5414294,0.5466039,0.6551288,0.6853975,0.6814993,0.68067324,9076,9670.076034545898,0.6551288,0.47033387,0.45701218,0.473232,11.057501960758467,0.0,0.0
48792,607480,0.3827397,0.14443652,0.13608557,0.13511832,10,0.0,83066,1272500,0.30052474,0.5421535,0.5395139,0.5453064,0.68326443,0.6865901,0.67927724,0.6803638,9085,9680.597898244858,0.30052474,0.46467647,0.45815837,0.4723979,9.968286320528714,0.0,0.0
48848,608040,0.01599288,0.14661941,0.15010577,0.1357434,10,0.0,83158,1273420,0.655809,0.5355187,0.52878267,0.544662,0.67180187,0.6821381,0.6788885,0.6803187,9093,9690.053471326828,0.3241927,0.42678723,0.43476975,0.4700833,22.140049682175544,0.0,0.0
48904,608600,0.0013756752,0.13621859,0.1428,0.13549733,10,0.0,83245,1274290,0.67553234,0.54352844,0.536889,0.54502404,0.676908,0.6797471,0.67968905,0.68054026,9102,9700.5576608181,0.67553234,0.5189581,0.45644528,0.47157156,9.577698413423335,0.0,0.0
48962,609180,0.3100904,0.17587772,0.13686645,0.13596089,10,0.0,83329,1275130,0.34699294,0.5113445,0.54501975,0.5446605,0.65708333,0.6872222,0.68188614,0.68059766,9111,9710.246890306473,0.33456805,0.4330098,0.4785113,0.46994472,13.881653087748923,0.0,0.0
49031,609870,0.31491536,0.16611345,0.1429546,0.13644025,10,0.0,83439,1276230,0.3692659,0.518623,0.5374968,0.544327,0.6841813,0.6801511,0.68008524,0.68034667,9122,9721.890873908997,0.35383832,0.42104435,0.4535681,0.46961626,13.518439374806213,0.0,0.0
49093,610490,0.3765535,0.14005622,0.1367602,0.13768265,10,0.0,83530,1277140,0.30983666,0.5473711,0.542278,0.54288447,0.68639016,0.68742734,0.6806298,0.68058586,9131,9731.58392381668,0.30983666,0.42437688,0.47137174,0.46994135,11.025751702506087,0.0,0.0
49155,611110,0.33350757,0.13561785,0.13369048,0.13646112,10,0.0,83640,1278240,0.38061544,0.5483178,0.5489152,0.544218,0.714123,0.68393564,0.6821333,0.68065643,9142,9743.175389289856,0.38061544,0.50095433,0.471928,0.46949208,10.395787061925798,0.0,0.0
49217,611730,0.31949142,0.14691001,0.123439215,0.13543722,10,0.0,83729,1279130,0.38063028,0.5279076,0.558372,0.544798,0.7001217,0.67481756,0.6821246,0.6806,9151,9752.675248384476,0.31589583,0.43163377,0.4857782,0.4701504,30.44210431580269,0.0,0.0
49278,612340,0.29700777,0.134745,0.11982706,0.13514456,10,0.0,83820,1280040,0.37253073,0.548421,0.56348497,0.545812,0.6695385,0.68316597,0.683312,0.68093777,9160,9762.436151504517,0.3057582,0.41876906,0.4866427,0.4699756,15.051538992646309,0.0,0.0
49345,613010,0.4177169,0.101567104,0.12866352,0.1355711,10,0.0,83928,1281120,0.2801403,0.58827114,0.55645335,0.5450444,0.6978572,0.68983823,0.685117,0.6810635,9171,9774.35220837593,0.2801403,0.5010359,0.48120952,0.47004944,11.75916596156035,0.0,0.0
49402,613580,0.35789147,0.18085814,0.14543909,0.13661072,10,0.0,84017,1282010,0.29702243,0.49653673,0.53508985,0.5441512,0.6549139,0.6773948,0.68052894,0.6809822,9180,9784.924730300903,0.29702243,0.4276618,0.47256893,0.46907464,11.819622081308822,0.0,0.0
49453,614090,0.36545432,0.16219859,0.1492683,0.13570434,10,0.0,84098,1282820,0.34861618,0.5145504,0.5309166,0.54422766,0.7140705,0.676749,0.6801847,0.6808624,9188,9794.982719659805,0.29068986,0.46232614,0.46473685,0.46718675,34.518889780466225,0.0,0.0
49505,614610,0.28273013,0.20750014,0.14275035,0.13553132,10,0.0,84177,1283610,0.37453356,0.47594586,0.5391903,0.5446144,0.6572637,0.68179023,0.6822395,0.680946,9196,9805.143771886826,0.27894932,0.42886415,0.47795618,0.46911433,26.61635689478036,0.0,0.0
49560,615160,0.3702703,0.16088589,0.13261221,0.13566655,10,0.0,84258,1284420,0.29508573,0.5294396,0.5492647,0.54496473,0.66535604,0.69032556,0.68205184,0.6810678,9204,9814.507620811462,0.28092995,0.4405702,0.49160275,0.46858487,14.190939907383253,0.0,0.0
49618,615740,0.31485638,0.09158225,0.13142309,0.1361586,10,0.0,84360,1285440,0.35340193,0.5999711,0.55134726,0.5453958,0.6682583,0.69155335,0.6827704,0.6816255,9214,9826.554895162582,0.30161935,0.56917846,0.48202473,0.47168055,10.222268257819383,0.0,0.0
49675,616310,0.3269504,0.08005116,0.12892862,0.13558638,10,0.0,84441,1286250,0.37381068,0.5889173,0.55231947,0.54516363,0.7007611,0.6689685,0.68124807,0.6813749,9222,9836.093334674835,0.2878872,0.5419612,0.49192017,0.47387165,11.568352451173865,0.0,0.0
49731,616870,0.34507212,0.099362984,0.12094654,0.13510457,10,0.0,84535,1287190,0.34875485,0.59423697,0.5605219,0.5460166,0.693827,0.69359994,0.68146837,0.6815086,9231,9846.669732809067,0.34875485,0.5607592,0.48981023,0.47497687,27.16945736926213,0.0,0.0
49784,617400,0.29902986,0.15631741,0.13595973,0.13470666,10,0.0,84617,1288010,0.39721385,0.5206891,0.54571676,0.5466811,0.6962437,0.6770065,0.6816765,0.6817185,9240,9857.315060138702,0.34148282,0.5009805,0.49182427,0.4785936,9.445273404407205,0.0,0.0
49837,617930,0.28602883,0.13482997,0.13270935,0.13306363,10,0.0,84699,1288830,0.36877367,0.5520047,0.5465162,0.5479375,0.6548025,0.6868347,0.67922556,0.6816884,9248,9867.02198934555,0.36877367,0.4159391,0.49708492,0.4816706,27.50022456233293,0.0,0.0
49892,618480,0.41248235,0.1709829,0.12166013,0.13281049,10,0.0,84779,1289630,0.2817422,0.5159911,0.5593037,0.5486528,0.69422454,0.6869739,0.6809638,0.681755,9256,9876.438656806946,0.2817422,0.49476427,0.4941999,0.48353103,13.802973380686979,0.0,0.0
49947,619030,0.34117278,0.19560018,0.13228871,0.13324562,10,0.0,84869,1290530,0.33169547,0.48863998,0.5518934,0.5485022,0.67286825,0.68424016,0.6841821,0.6819868,9265,9887.59934258461,0.33169547,0.43289632,0.50076836,0.48393175,10.584470774442451,0.0,0.0
50005,619610,0.0,0.1524781,0.1342106,0.13218617,10,0.0,84962,1291460,0.69816,0.53450406,0.5517693,0.5497496,0.69816,0.68698215,0.6859799,0.6822803,9274,9898.089788675308,0.69816,0.4314608,0.47516087,0.4847784,13.061700383071843,0.0,0.0
50058,620140,0.37035844,0.15030515,0.14062323,0.13321789,10,0.0,85052,1292360,0.28611544,0.534562,0.5440016,0.5489788,0.6564739,0.6848672,0.6846249,0.68238926,9283,9909.094629526138,0.28611544,0.40708947,0.47267658,0.48356873,9.345511772285503,0.0,0.0
50114,620700,0.39236006,0.09518337,0.1484974,0.13313967,10,0.0,85131,1293150,0.2779381,0.580591,0.5332978,0.5491753,0.67029816,0.6757744,0.6817952,0.6823302,9291,9918.649392843246,0.2779381,0.5183002,0.46767616,0.48429346,29.204706393514993,0.0,0.0
50173,621290,0.29683986,0.13433012,0.13374943,0.13358833,10,0.0,85230,1294140,0.36482754,0.5438322,0.5480537,0.54865545,0.6616674,0.6781622,0.68180305,0.6822622,9300,9929.633391618729,0.36482754,0.43482178,0.47609147,0.48371276,14.159914411985833,0.0,0.0
50227,621830,0.34474015,0.15860084,0.13372314,0.13399701,10,0.0,85311,1294950,0.3419627,0.5206088,0.54876214,0.54824185,0.68670285,0.67920965,0.6824853,0.6822224,9309,9940.318368196487,0.3419627,0.486216,0.46656102,0.48232013,12.53434517275911,0.0,0.0
50284,622400,0.33408588,0.10716176,0.12516114,0.13419439,10,0.0,85402,1295860,0.3663543,0.58554304,0.5579412,0.548021,0.70044017,0.6927048,0.68310225,0.68221915,9318,9951.207342624664,0.3663543,0.47562656,0.48901826,0.48384017,8.868359652099635,0.0,0.0
50339,622950,0.40371,0.073385976,0.124179296,0.13339153,10,0.0,85492,1296760,0.29125142,0.60670793,0.55791485,0.54852587,0.6949614,0.680094,0.6820941,0.6818978,9327,9961.95455121994,0.29125142,0.5449096,0.4930273,0.48352635,12.415273527665345,0.0,0.0
50397,623530,0.35269454,0.103994,0.12748621,0.13355984,10,0.0,85581,1297650,0.36304596,0.58632296,0.5534617,0.54844326,0.7157405,0.69031703,0.6809477,0.6819809,9336,9972.578846693039,0.36304596,0.52367795,0.48550525,0.48334864,9.469643570749637,0.0,0.0
50455,624110,0.32058814,0.09396772,0.12468165,0.13143286,10,0.0,85675,1298590,0.3618016,0.5907527,0.5584146,0.5507451,0.68238974,0.6847204,0.68309623,0.68215543,9345,9983.114386558533,0.35884583,0.47021595,0.50043726,0.4872591,9.807018688335006,0.0,0.0
50515,624710,0.32974443,0.12265724,0.12310164,0.13110827,10,0.0,85762,1299460,0.33791444,0.55843,0.56104416,0.5511463,0.66765887,0.6810872,0.6841458,0.6822545,9354,9993.614056825638,0.30393064,0.44842282,0.4972463,0.48662677,9.356982727869184,0.0,0.0
50574,625300,0.2762211,0.11081612,0.13209651,0.13053924,10,0.0,85852,1300360,0.38221508,0.5794198,0.5513106,0.5518551,0.6584362,0.690236,0.68340707,0.6823944,9363,10004.304620981216,0.29075906,0.46182156,0.4728514,0.4862093,11.949577236708127,0.0,0.0
50627,625830,0.30565897,0.11561465,0.13193072,0.13136755,10,0.0,85945,1301290,0.36754015,0.57342505,0.5498667,0.5507394,0.6731991,0.6890397,0.6819091,0.68212575,9372,10014.978585243225,0.36754015,0.50853384,0.48487967,0.48623377,10.210239246493193,0.0,0.0
50686,626420,0.3163433,0.11091076,0.13153142,0.13144964,10,0.0,86034,1302180,0.36746466,0.5703861,0.54880685,0.5507739,0.68380797,0.6812969,0.68040496,0.68224305,9381,10025.46615743637,0.36746466,0.4863399,0.49021474,0.48597857,9.911333783572386,0.0,0.0
50744,627000,0.34895983,0.11572261,0.11795589,0.13102013,10,0.0,86125,1303090,0.30591843,0.5640131,0.5640166,0.55104667,0.65487826,0.6797358,0.6819723,0.68207115,9390,10036.31832575798,0.30591843,0.4973727,0.48921716,0.4856699,9.335435917011008,0.0,0.0
50804,627600,0.33063897,0.124048516,0.11507055,0.12956944,10,0.0,86214,1303980,0.33595696,0.56144917,0.56761503,0.55269766,0.66659594,0.68549764,0.6826855,0.6822942,9399,10046.749005794525,0.33595696,0.4421394,0.5008218,0.48584712,11.108535021793028,0.0,0.0
50860,628160,0.39106292,0.15037599,0.1334427,0.13106371,10,0.0,86305,1304890,0.2869019,0.522121,0.5466458,0.5512052,0.6779648,0.67249703,0.6800365,0.6822784,9408,10057.32512307167,0.27896824,0.44409996,0.49017256,0.48589605,10.362165273697968,0.0,0.0
50918,628740,0.32762986,0.13537996,0.13466322,0.13097587,10,0.0,86405,1305890,0.34867632,0.55859256,0.5471854,0.5512063,0.6763062,0.6939725,0.6818487,0.6822433,9417,10067.968686580658,0.34485337,0.48826855,0.47843444,0.4840674,8.080521939993854,0.0,0.0
50977,629330,0.32590196,0.10614856,0.13019992,0.13083804,10,0.0,86486,1306700,0.38334545,0.5834491,0.55016506,0.55093277,0.7092474,0.68959767,0.6803649,0.681817,9426,10078.513270139694,0.3452289,0.50013524,0.46236613,0.4832321,9.150075448837137,0.0,0.0
51033,629890,0.32156903,0.14334044,0.12721153,0.12992358,10,0.0,86566,1307500,0.33473307,0.53296113,0.5531453,0.55163896,0.6563021,0.6763016,0.6803567,0.68158644,9434,10087.782518863678,0.33473307,0.41633987,0.47638595,0.4832614,12.940925286228572,0.0,0.0
51090,630460,0.38800883,0.14764585,0.13845997,0.1301603,10,0.0,86666,1308500,0.27784252,0.5353093,0.5416717,0.55128455,0.66585135,0.68295515,0.6801317,0.6814601,9444,10099.247110128403,0.27784252,0.43153554,0.46725518,0.4831194,9.343219706571992,0.0,0.0
51145,631010,0.42020485,0.07737829,0.13896737,0.12996763,10,0.0,86752,1309360,0.29241893,0.59611666,0.5420364,0.5515314,0.7126238,0.673495,0.68100375,0.68153465,9452,10109.336900949478,0.29241893,0.52410495,0.47060844,0.48312426,12.483363418419811,0.0,0.0
51198,631540,0.38745496,0.09785349,0.12684998,0.12899247,10,0.0,86839,1310230,0.27944353,0.5846921,0.5530294,0.55244285,0.6668985,0.68254566,0.67987937,0.6814409,9461,10119.8746175766,0.27944353,0.5187633,0.4681221,0.4826942,9.63201215465401,0.0,0.0
51255,632110,0.41156068,0.09510046,0.11724201,0.12822282,10,0.0,86934,1311180,0.29460242,0.5855897,0.5660187,0.55350816,0.7061631,0.68069017,0.6832607,0.6817781,9470,10130.463198900223,0.29460242,0.529646,0.49860448,0.484328,9.525466740157787,0.0,0.0
51316,632720,0.43358743,0.090576366,0.11265594,0.12750316,10,0.0,87029,1312130,0.27972996,0.57779956,0.568906,0.5540332,0.7133174,0.6683759,0.68156207,0.68154514,9479,10141.091753005981,0.27972996,0.54463613,0.4992882,0.4845373,8.819469049250662,0.0,0.0
51373,633290,0.38197747,0.1404455,0.1202989,0.12691402,10,0.0,87113,1312970,0.2779012,0.53986305,0.5598745,0.554718,0.6598787,0.6803086,0.68017334,0.68161964,9488,10151.63971400261,0.2779012,0.4460575,0.4971609,0.48648554,12.769759115376184,0.0,0.0
51427,633830,0.38609356,0.14558354,0.13138479,0.12778373,10,0.0,87197,1313810,0.31844366,0.54210323,0.5516272,0.55385673,0.7045372,0.6876868,0.68301195,0.6816369,9496,10161.062680959702,0.31844366,0.47745222,0.4820757,0.4840939,10.897913645100893,0.0,0.0
51482,634380,0.3046293,0.06316765,0.12713714,0.127561,10,0.0,87288,1314720,0.36153528,0.6212761,0.5553201,0.55386746,0.6661646,0.6844438,0.6824572,0.6814544,9505,10171.800433635712,0.36153528,0.5748853,0.48531154,0.48371318,35.86098165100748,0.0,0.0
51541,634970,0.3932849,0.16423197,0.13726535,0.12855978,10,0.0,87375,1315590,0.27789894,0.5088941,0.54325056,0.55283874,0.6711838,0.6731261,0.6805158,0.68144,9514,10182.136190652847,0.27789894,0.47757474,0.48243377,0.48344946,24.090754794683416,0.0,0.0
51600,635560,0.38183516,0.1934956,0.15329203,0.1300837,10,0.0,87467,1316510,0.29126185,0.48290747,0.5290205,0.5512317,0.673097,0.67640316,0.6824276,0.6813344,9523,10192.791357517242,0.29126185,0.38303167,0.47262454,0.48264614,11.23943130563035,0.0,0.0
51653,636090,0.39325535,0.10857681,0.13918445,0.12940149,10,0.0,87557,1317410,0.31109124,0.5678239,0.5416895,0.55198294,0.7043466,0.6764007,0.6810102,0.68138784,9532,10203.566236257553,0.31109124,0.43759918,0.46813533,0.48196036,10.058948745768305,0.0,0.0
51712,636680,0.35440746,0.1618853,0.12698124,0.12979889,10,0.0,87648,1318320,0.36162844,0.5175118,0.5578917,0.5516199,0.7160359,0.67939705,0.6818222,0.6814871,9541,10214.466592788696,0.36162844,0.4219106,0.46604556,0.48013288,8.885787351021845,0.0,0.0
51771,637270,0.27639514,0.12918188,0.13302362,0.13127515,10,0.0,87739,1319230,0.37684774,0.5439534,0.5506424,0.55036604,0.6532429,0.6731353,0.68093055,0.68135434,9550,10225.08383345604,0.31010288,0.45038733,0.46800137,0.47893748,12.59768656680555,0.0,0.0
51826,637820,0.39144433,0.10054556,0.12630022,0.13050531,10,0.0,87835,1320190,0.29626077,0.569102,0.5521557,0.5508707,0.6877051,0.6696476,0.67845595,0.6811228,9559,10235.6587536335,0.29626077,0.46317536,0.4834667,0.4779702,5.925812900014594,0.0,0.0
51890,638460,0.3096119,0.1283948,0.12571655,0.1302903,10,0.0,87929,1321130,0.38731214,0.557448,0.55608726,0.5513992,0.69692403,0.6858428,0.682072,0.6814184,9569,10247.370508909225,0.27867657,0.51829183,0.4953147,0.479852,5.74445414110337,0.0,0.0
51947,639030,0.3997998,0.11820223,0.119045556,0.12949726,10,0.0,88019,1322030,0.27836505,0.5526421,0.5644439,0.5521177,0.67816484,0.6708444,0.68288726,0.6814592,9578,10258.020201921463,0.27836505,0.45459285,0.50165504,0.48151794,13.389744531081652,0.0,0.0
52003,639590,0.3218124,0.09155601,0.112120695,0.12865527,10,0.0,88112,1322960,0.3800106,0.59684765,0.56854004,0.55293614,0.701823,0.6884036,0.68047196,0.681261,9587,10268.216075181961,0.3800106,0.5366286,0.4851635,0.48213238,15.248998016392393,0.0,0.0
52064,640200,0.26350135,0.17497194,0.12915435,0.12917149,10,0.0,88200,1323840,0.4041044,0.50620806,0.55186194,0.5525084,0.66760576,0.6811799,0.6810161,0.6813242,9596,10278.939192771912,0.28230608,0.4347394,0.4847302,0.48228937,8.808894448362492,0.0,0.0
52123,640790,0.33149257,0.1156918,0.13335775,0.12773919,10,0.0,88290,1324740,0.3521739,0.56288576,0.54565394,0.55343896,0.68366647,0.67857754,0.6790117,0.6811355,9605,10289.238513708115,0.3438441,0.5026418,0.47944492,0.48361573,12.44889466932683,0.0,0.0
52178,641340,0.38545138,0.13541386,0.1345683,0.12939654,10,0.0,88370,1325540,0.299501,0.54881847,0.543747,0.55210924,0.6849524,0.68423223,0.6823341,0.6815154,9613,10298.499142408371,0.29046196,0.4210349,0.47627643,0.4827959,11.276611303970025,0.0,0.0
52239,641950,0.32533765,0.13947612,0.14067055,0.13030677,10,0.0,88473,1326570,0.39023918,0.54029334,0.54133767,0.551244,0.7155768,0.67976946,0.68200827,0.681213,9623,10310.32903265953,0.39023918,0.52734804,0.46855146,0.48210526,11.651624455970525,0.0,0.0
52296,642520,0.32418332,0.071502276,0.13302219,0.13109192,10,0.0,88563,1327470,0.37479296,0.6065265,0.5481734,0.55038255,0.6989763,0.67853934,0.68154734,0.68117446,9632,10320.586201429367,0.279291,0.47026148,0.46971217,0.48082277,14.08688093921854,0.0,0.0
52351,643070,0.30159125,0.08250964,0.12852861,0.13231787,10,0.0,88652,1328360,0.38619933,0.60718,0.55409855,0.54917294,0.6877906,0.68968976,0.68310755,0.68134856,9641,10330.87277340889,0.34537154,0.5428214,0.4880009,0.47951642,9.210204272091964,0.0,0.0
52404,643600,0.28711691,0.17378512,0.13544351,0.13287693,10,0.0,88732,1329160,0.37539008,0.5059434,0.5478555,0.5484022,0.662507,0.67972845,0.683299,0.68153745,9649,10340.52785205841,0.34965295,0.40264216,0.49501887,0.47991547,28.881816241229007,0.0,0.0
52459,644150,0.39036646,0.08486796,0.13674039,0.13306859,10,0.0,88821,1330050,0.27773848,0.59133947,0.5461817,0.5483973,0.66810495,0.6762075,0.6803474,0.6812638,9658,10351.41563296318,0.27773848,0.41968957,0.46657363,0.4794166,9.767588302472413,0.0,0.0
52517,644730,0.29397783,0.089076474,0.12294707,0.13195585,10,0.0,88912,1330960,0.36703363,0.59647304,0.55648476,0.5489575,0.66101146,0.68554956,0.6776335,0.6811018,9667,10361.779342412949,0.33884847,0.5126634,0.48200443,0.48045617,13.763644102029973,0.0,0.0
52575,645310,0.3700186,0.07811377,0.123638175,0.13159214,10,0.0,89000,1331840,0.29549384,0.60800916,0.5576074,0.54988086,0.66551244,0.68612295,0.68124557,0.6809483,9676,10372.199910402298,0.28144,0.5679974,0.5154755,0.48153558,10.206226758426826,0.0,0.0
52630,645860,0.29661888,0.1289823,0.12969705,0.12979084,10,0.0,89083,1332670,0.38333088,0.54556143,0.550378,0.55155283,0.67994976,0.6745437,0.67962587,0.6809322,9684,10381.740816354752,0.28174135,0.5507776,0.49680993,0.48397455,11.730524028910821,0.0,0.0
52693,646490,0.32998624,0.09322624,0.14090824,0.13102274,10,0.0,89178,1333620,0.36853877,0.62089,0.54228395,0.5506044,0.698525,0.6812587,0.68116796,0.6810436,9694,10393.324159383774,0.30518183,0.43916517,0.4778524,0.48484805,9.419805401015665,0.0,0.0
52751,647070,0.31546983,0.15026096,0.13757864,0.1315716,10,0.0,89275,1334590,0.36127093,0.52787226,0.5447805,0.54938024,0.67674077,0.6781332,0.68235916,0.6810149,9703,10403.87017083168,0.29701835,0.47680026,0.4741956,0.4847835,12.227403899833512,0.0,0.0
52800,647560,0.38991976,0.10836055,0.14008555,0.13168618,10,0.0,89348,1335320,0.31614023,0.57363963,0.53659135,0.5494628,0.70606,0.6820002,0.6766768,0.6808695,9711,10413.59802031517,0.31614023,0.5234069,0.45653522,0.48337922,36.811320986549134,0.0,0.0
52867,648230,0.2845127,0.11025747,0.1230211,0.13125686,10,0.0,89453,1336370,0.39318812,0.57837707,0.55875933,0.5499862,0.6777008,0.6886346,0.68178046,0.68101096,9720,10422.866427659988,0.37552714,0.50992376,0.48688823,0.48453742,13.8545444335623,0.0,0.0
52931,648870,0.2610157,0.07358082,0.12347055,0.13137883,10,0.0,89559,1337430,0.41945195,0.6144622,0.5602983,0.5497617,0.68046767,0.688043,0.6837689,0.68093365,9732,10435.206274747849,0.33326134,0.5546872,0.4884214,0.48322698,14.498939621513152,0.0,0.0
52996,649520,0.31585988,0.08760993,0.12687375,0.13301978,10,0.0,89657,1338410,0.40105936,0.5954145,0.55439585,0.54835284,0.71691924,0.6830245,0.6812696,0.68116933,9742,10445.638033151627,0.37650692,0.52812785,0.4738898,0.48273474,13.564286793048371,0.0,0.0
53064,650200,0.35491472,0.15158515,0.1305412,0.13174982,10,0.0,89757,1339410,0.32142252,0.5292045,0.55314916,0.5498523,0.67633724,0.6807896,0.6836904,0.68146724,9752,10455.826694250107,0.28896144,0.51932657,0.49207106,0.48431978,15.337598344215266,0.0,0.0
53125,650810,0.36455518,0.06993354,0.11348677,0.1304244,10,0.0,89858,1340420,0.298137,0.6089675,0.570628,0.5512423,0.6626922,0.6789011,0.68411475,0.681801,9762,10466.012927055359,0.298137,0.54503405,0.5175114,0.48615152,13.86808092764587,0.0,0.0
53187,651430,0.3666668,0.10796791,0.11180473,0.12893274,10,0.0,89946,1341300,0.3016088,0.576204,0.5706606,0.55295813,0.6682756,0.684172,0.682082,0.6815938,9771,10475.535499572754,0.3016088,0.51767886,0.5192667,0.4897661,13.583646397388398,0.0,0.0
53254,652100,0.42471316,0.088536195,0.12411869,0.12793005,10,0.0,90054,1342380,0.28869793,0.5996205,0.55949426,0.5541676,0.7134111,0.6881567,0.68367624,0.68191636,9782,10486.89284491539,0.28869793,0.5338694,0.49352527,0.49021134,13.753277397336635,0.0,0.0
53316,652720,0.3282452,0.117586635,0.12061688,0.12693498,10,0.0,90153,1343370,0.3847114,0.5498272,0.5619744,0.5551402,0.7129566,0.6674139,0.68244445,0.6818002,9792,10497.303780317307,0.27941397,0.5064178,0.48417178,0.4910979,13.836523134415016,0.0,0.0
53379,653350,0.001354754,0.07097987,0.12871118,0.12651597,10,0.0,90245,1344290,0.67874914,0.6051739,0.5530549,0.55515665,0.6801039,0.6761538,0.68176603,0.6818078,9800,10505.983432769775,0.30269733,0.59292996,0.4786474,0.49038336,23.504427635258345,0.0,0.0
53437,653930,0.37543607,0.0882987,0.13252999,0.12566538,10,0.0,90332,1345160,0.27859348,0.5973197,0.5477205,0.5560967,0.65402955,0.68561834,0.68205696,0.68183434,9810,10516.628723621368,0.27859348,0.49577942,0.48649,0.4921179,13.173164621843883,0.0,0.0
53502,654580,0.32301208,0.11772187,0.1308839,0.12685288,10,0.0,90429,1346130,0.36330095,0.5631238,0.55318844,0.55532396,0.68631303,0.6808456,0.6840723,0.6824134,9820,10526.996370792389,0.29843807,0.5137719,0.5003007,0.4935773,12.591907658831468,0.0,0.0
53562,655180,0.27320972,0.05984701,0.13009863,0.12698294,10,0.0,90528,1347120,0.3857021,0.6404743,0.55486536,0.5556925,0.6589118,0.7003213,0.6849641,0.68257624,9830,10537.532780885696,0.33557025,0.55871385,0.49205294,0.4911354,10.480970196620145,0.0,0.0
53628,655840,0.3023877,0.11071928,0.11723756,0.12698558,10,0.0,90628,1348120,0.40551108,0.5690237,0.56703275,0.5557108,0.7078988,0.679743,0.6842703,0.68265086,9840,10548.064273834229,0.3069,0.48217925,0.48961243,0.49095452,10.707665663204244,0.0,0.0
53691,656470,0.37135035,0.103768446,0.1205505,0.12572044,10,0.0,90729,1349130,0.2902853,0.57708824,0.56156844,0.55688965,0.66163564,0.6808568,0.68197423,0.6825748,9850,10558.513226270676,0.2902853,0.46775514,0.4852202,0.48966315,10.600427474094145,0.0,0.0
53755,657110,0.32825977,0.10150838,0.11380198,0.12414107,10,0.0,90828,1350120,0.36111027,0.57539016,0.5634371,0.55799824,0.68937004,0.6768986,0.677239,0.6823629,9860,10570.163352251053,0.2781972,0.53104866,0.49937806,0.49182922,11.383416373236091,0.0,0.0
53813,657690,0.30540985,0.118657246,0.114871256,0.123343185,10,0.0,90916,1351000,0.40119475,0.5649522,0.56501,0.5593103,0.7066046,0.6836094,0.6798812,0.68258256,9869,10580.743512630463,0.27769414,0.49540764,0.5126721,0.495055,11.085291354998036,0.0,0.0
53869,658250,0.3984782,0.11227667,0.123047896,0.12352258,10,0.0,91005,1351890,0.30029148,0.5713563,0.55778545,0.55894864,0.6987697,0.683633,0.68062484,0.68247265,9878,10591.30444598198,0.30029148,0.5606937,0.50868326,0.4951364,13.393909182848736,0.0,0.0
53923,658790,0.342919,0.16278324,0.12925285,0.12396611,10,0.0,91096,1352800,0.33259147,0.54032546,0.5501543,0.5584824,0.67551047,0.6698161,0.6794074,0.6823647,9887,10601.56009721756,0.33259147,0.45275825,0.49817315,0.49603945,13.289772401418361,0.0,0.0
53983,659390,0.36395848,0.11231019,0.13367972,0.12366755,10,0.0,91186,1353700,0.30657083,0.5705389,0.54862887,0.5588322,0.6705293,0.68284905,0.6821509,0.68233323,9896,10612.546788454056,0.30657083,0.5111417,0.48593807,0.49628657,9.688066409953825,0.0,0.0
54041,659970,0.43138236,0.06665515,0.115767576,0.12372206,10,0.0,91277,1354610,0.2774706,0.6101259,0.5685526,0.5585969,0.70885295,0.67678106,0.68432015,0.6822551,9905,10622.907434940338,0.2774706,0.47449502,0.5056059,0.49654463,12.36032358478806,0.0,0.0
54098,660540,0.34033835,0.15005532,0.11705027,0.12415717,10,0.0,91365,1355490,0.3668189,0.53317964,0.56373507,0.5578435,0.70715725,0.68323493,0.68099594,0.681973,9914,10633.395380496979,0.2778044,0.50166434,0.5028743,0.495596,9.664446355380683,0.0,0.0
54156,661120,0.31560367,0.13061626,0.13386868,0.12581915,10,0.0,91458,1356420,0.36798084,0.5604731,0.54829377,0.55640125,0.6835845,0.69108933,0.6821624,0.6821592,9923,10644.281349420547,0.36798084,0.42695403,0.48598838,0.4921839,9.33974523983636,0.0,0.0
54209,661650,0.39058378,0.057873446,0.12727988,0.12593824,10,0.0,91535,1357190,0.29217663,0.6271826,0.5535588,0.5561266,0.6827604,0.6850561,0.6833158,0.6820039,9931,10653.715304851532,0.29217663,0.56426466,0.4844467,0.49171507,28.75568353215412,0.0,0.0
54273,662290,0.3714189,0.09494759,0.123361,0.12583162,10,0.0,91634,1358180,0.29555,0.58224547,0.5572384,0.55590665,0.6669689,0.6771931,0.6808068,0.68168896,9941,10665.263390541077,0.28206196,0.5091867,0.48662817,0.49130687,9.554290702280586,0.0,0.0
54329,662850,0.36668405,0.10316904,0.14142674,0.12787196,10,0.0,91727,1359110,0.31121883,0.5749291,0.53829515,0.55360967,0.6779029,0.6780981,0.6803778,0.68163246,9950,10676.054171085358,0.29623324,0.47259092,0.48058563,0.491037,11.821054494662592,0.0,0.0
54388,663440,0.37659597,0.14628251,0.13124156,0.12761544,10,0.0,91813,1359970,0.28179938,0.52805907,0.5509019,0.5539822,0.65839535,0.67434156,0.68232274,0.6815875,9959,10686.494240522385,0.28179938,0.5279833,0.4878631,0.49114007,8.76392849620717,0.0,0.0
54445,664010,0.2759863,0.13754141,0.13110884,0.12752846,10,0.0,91905,1360890,0.38611186,0.5411488,0.54756415,0.55367875,0.66209817,0.67869014,0.6823265,0.6815912,9968,10696.789151668549,0.38611186,0.4699369,0.48668194,0.49080828,9.94863328874088,0.0,0.0
54506,664620,0.3531284,0.19788924,0.13163346,0.12736304,10,0.0,91993,1361770,0.32747528,0.49371466,0.5456525,0.55366635,0.6806037,0.69160396,0.6810926,0.6813445,9977,10706.924667358398,0.32747528,0.4047441,0.46691418,0.48816645,12.985585929772082,0.0,0.0
54560,665160,0.36937264,0.10402721,0.124649346,0.12718128,10,0.0,92081,1362650,0.32092217,0.57688004,0.5568329,0.5537175,0.6902948,0.68090713,0.6815272,0.68135786,9986,10717.558151006699,0.29954737,0.48423275,0.47680023,0.48814684,9.071171962810459,0.0,0.0
54618,665740,0.3220663,0.14490354,0.13361496,0.12847131,10,0.0,92171,1363550,0.37298995,0.53541875,0.5460277,0.5521219,0.69505626,0.6803223,0.6800937,0.6809571,9995,10728.042210102081,0.37298995,0.4554321,0.47299537,0.48664227,13.221837462625167,0.0,0.0
54674,666300,0.32458764,0.13792126,0.14382857,0.12938422,10,0.0,92257,1364410,0.36295855,0.5454704,0.5358108,0.55111474,0.6875462,0.6833917,0.6796393,0.68083614,10004,10738.673552274704,0.30834052,0.4458107,0.47042018,0.48685056,9.036554241464911,0.0,0.0
54730,666860,0.3609772,0.11244538,0.13657694,0.13037534,10,0.0,92349,1365330,0.34234515,0.5766972,0.5462515,0.5505604,0.70332235,0.6891425,0.6828284,0.6812925,10012,10748.30677318573,0.2849116,0.5377915,0.4826939,0.48674166,24.32038891246918,0.0,0.0
54783,667390,0.38152283,0.13230214,0.13225222,0.13101178,10,0.0,92427,1366110,0.27777946,0.54506075,0.5495573,0.5498967,0.6593023,0.6773629,0.68180954,0.681288,10021,10758.73678970337,0.27777946,0.48558632,0.4689875,0.4833607,9.749497451460599,0.0,0.0
54840,667960,0.2908442,0.18096443,0.13487722,0.13228464,10,0.0,92518,1367020,0.3798892,0.5028314,0.5457557,0.54867095,0.6707334,0.6837958,0.6806847,0.68134385,10030,10769.181645154953,0.35614732,0.45831293,0.46707097,0.48131067,13.63258269639052,0.0,0.0
54894,668500,0.4010782,0.1382058,0.12834746,0.13198501,10,0.0,92596,1367800,0.2854909,0.5339387,0.5516736,0.5488248,0.6865691,0.67214453,0.6800211,0.6812129,10038,10778.766251564026,0.2854909,0.44307366,0.47831658,0.4796442,10.479702731821007,0.0,0.0
54959,669150,0.016137362,0.14171183,0.14105582,0.13232233,10,0.0,92694,1368780,0.66219324,0.53258765,0.538445,0.5483994,0.6783306,0.6742995,0.6795009,0.68122274,10048,10790.138737916946,0.27776968,0.4802145,0.46878213,0.4803565,11.16776716493735,0.0,0.0
55014,669700,0.3146063,0.123065636,0.12859076,0.13232319,10,0.0,92786,1369700,0.39653438,0.56380993,0.5514093,0.5485964,0.7111407,0.6868756,0.68311507,0.6813032,10057,10800.951537847519,0.31348118,0.4910635,0.48051253,0.47931927,15.155405722792526,0.0,0.0
55070,670260,0.31097695,0.07019651,0.116432644,0.13212559,10,0.0,92876,1370600,0.3915408,0.60705614,0.5632383,0.54834104,0.70251775,0.67725265,0.6835197,0.68128735,10066,10811.749876022339,0.33298776,0.5222848,0.51259977,0.48079047,9.012194157668018,0.0,0.0
55129,670850,0.3112264,0.12600037,0.12032292,0.13150582,10,0.0,92954,1371380,0.39291444,0.5559765,0.55623883,0.5489316,0.70414084,0.6819769,0.68048996,0.68128693,10074,10821.170773029327,0.28663126,0.45749822,0.5065407,0.48042342,11.872877141046294,0.0,0.0
55190,671460,0.35354677,0.1333429,0.120035954,0.13159207,10,0.0,93053,1372370,0.31516936,0.5521417,0.564335,0.54909194,0.66871613,0.6854846,0.6843709,0.6815259,10084,10833.048382759094,0.31516936,0.48778096,0.5041156,0.48098418,12.039776031616904,0.0,0.0
55247,672030,0.37537122,0.10013394,0.12518923,0.13114215,10,0.0,93143,1373270,0.28601146,0.5805275,0.5575502,0.5495555,0.6613827,0.68066144,0.68273944,0.681588,10093,10843.508631706238,0.27767017,0.44723397,0.48442608,0.4817508,12.253666996114694,0.0,0.0
55300,672560,0.26699856,0.14280795,0.13399501,0.1305224,10,0.0,93225,1374090,0.38617793,0.5395628,0.5447094,0.55001915,0.6531765,0.6823708,0.6790622,0.68144363,10101,10853.16230893135,0.2854517,0.4991085,0.4792904,0.48175398,11.948028419091873,0.0,0.0
55360,673160,0.37767828,0.10579238,0.11847568,0.12953563,10,0.0,93328,1375120,0.2819643,0.5678999,0.5602462,0.5509266,0.6596426,0.6736922,0.6787434,0.6811592,10111,10864.629541635513,0.28148255,0.52290845,0.5068695,0.48365566,8.933847883402352,0.0,0.0
55419,673750,0.33318964,0.06614657,0.11593209,0.12903504,10,0.0,93414,1375980,0.35613093,0.6085786,0.56162655,0.5509776,0.68932056,0.6747252,0.67755866,0.6808896,10120,10875.070551633835,0.28036875,0.5603915,0.50908095,0.48447633,12.213051935194567,0.0,0.0
55474,674300,0.3869557,0.1461606,0.13196744,0.12963037,10,0.0,93505,1376890,0.2876239,0.5238626,0.546765,0.55088085,0.6745796,0.6700233,0.67825556,0.68090564,10129,10885.674080610275,0.2876239,0.44840902,0.48640895,0.48403132,9.521392864739507,0.0,0.0
55531,674870,0.35197827,0.19103852,0.14122397,0.13048449,10,0.0,93593,1377770,0.35932365,0.49224156,0.5401266,0.5498882,0.7113019,0.6832801,0.68127716,0.68080175,10138,10896.536880493164,0.29108196,0.4429583,0.4744557,0.48523036,8.801483846964327,0.0,0.0
55588,675440,0.30651444,0.14319758,0.14188653,0.13065341,10,0.0,93683,1378670,0.381505,0.5385767,0.5408189,0.54978687,0.68801945,0.68177426,0.6827054,0.6808419,10147,10907.190054893494,0.3791317,0.5111059,0.46531743,0.48504686,12.824786184969915,0.0,0.0
55649,676050,0.36778623,0.14833415,0.13583116,0.13072182,10,0.0,93775,1379590,0.29957312,0.535438,0.54702383,0.54987526,0.66735935,0.6824775,0.68290293,0.6810256,10156,10917.963976621628,0.29957312,0.5060338,0.4891524,0.4858764,9.155684025624453,0.0,0.0
55703,676590,0.26267427,0.14093523,0.12022498,0.12929472,10,0.0,93863,1380470,0.3989231,0.56493664,0.5647659,0.5512239,0.6615974,0.68330324,0.6830956,0.68095225,10164,10927.161790132523,0.31334066,0.4615696,0.48516944,0.4851427,12.343474515692057,0.0,0.0
55761,677170,0.29133046,0.09749071,0.11905104,0.12840752,10,0.0,93951,1381350,0.4057253,0.581163,0.5626753,0.55223584,0.69705576,0.67865366,0.6817264,0.6810772,10174,10938.856832742691,0.36233458,0.5213321,0.47778165,0.4871415,9.434242874783786,0.0,0.0
55820,677760,0.29672837,0.11862991,0.12407677,0.12794188,10,0.0,94039,1382230,0.40136904,0.55523956,0.55861324,0.5526356,0.6980974,0.6738695,0.68268996,0.68094814,10183,10949.442307710648,0.40136904,0.4495055,0.48933998,0.48751184,9.085626363476264,0.0,0.0
55877,678330,0.281023,0.13024679,0.13955486,0.12904128,10,0.0,94130,1383140,0.38208136,0.5476649,0.5405776,0.55146456,0.66310436,0.6779117,0.6801324,0.6809109,10192,10959.904330253601,0.3429135,0.48777705,0.45874318,0.48542023,11.84940090561961,0.0,0.0
55934,678900,0.31693548,0.12920678,0.14675121,0.12904832,10,0.0,94219,1384030,0.36530215,0.55051816,0.53153443,0.5514397,0.6822376,0.679725,0.6782856,0.6808817,10201,10970.500172615051,0.30218172,0.49133983,0.47164893,0.4862186,8.654230567976798,0.0,0.0
55992,679480,0.35811982,0.15520233,0.14350119,0.1305958,10,0.0,94311,1384950,0.3168129,0.5195181,0.5356929,0.55008984,0.6749327,0.6747204,0.6791941,0.6808003,10210,10981.381840705872,0.3168129,0.45841846,0.47514775,0.48515308,9.549435465271284,0.0,0.0
56049,680050,0.32984656,0.14106837,0.13634306,0.13079192,10,0.0,94389,1385730,0.32518446,0.5354975,0.54391813,0.5499863,0.655031,0.6765658,0.68026114,0.68072414,10218,10990.953430891037,0.28009796,0.46193552,0.47289973,0.4838833,10.553967654458853,0.0,0.0
56109,680650,0.40848514,0.12496789,0.13881595,0.1324369,10,0.0,94489,1386730,0.27803352,0.57224095,0.54412115,0.5486811,0.68651867,0.69720876,0.68293726,0.6810843,10228,11002.85123348236,0.27803352,0.46416464,0.45768413,0.48090076,8.30835921996619,0.0,0.0
56165,681210,0.40846217,0.08550705,0.12397542,0.13274677,10,0.0,94576,1387600,0.2781325,0.5950145,0.56069833,0.5481437,0.68659467,0.68052167,0.68467385,0.680873,10237,11013.398123502731,0.2781325,0.42957717,0.45741412,0.47806793,8.157708942993922,0.0,0.0
56217,681730,0.41484502,0.11321592,0.12535502,0.13222603,10,0.0,94657,1388410,0.28681514,0.5577512,0.55425525,0.5484208,0.70166016,0.67096716,0.6796102,0.6806376,10245,11023.11821103096,0.28681514,0.49894172,0.47062147,0.4787716,27.954478957348183,0.0,0.0
56275,682310,0.25825456,0.06511453,0.12163023,0.13124588,10,0.0,94746,1389300,0.40672365,0.6141773,0.55982953,0.54983485,0.6649782,0.6792918,0.6814597,0.6810957,10254,11034.043493270874,0.34652582,0.5195168,0.47627288,0.47772998,13.869387876573379,0.0,0.0
56331,682870,0.345168,0.119251534,0.12229968,0.13184848,10,0.0,94835,1390190,0.31576896,0.5618074,0.5612273,0.54926586,0.66093695,0.68105894,0.68587357,0.68134826,10263,11044.595227241516,0.31576896,0.49630803,0.48923856,0.47768632,12.303356366965447,0.0,0.0
56387,683430,0.39543745,0.107282266,0.1422539,0.13345061,10,0.0,94913,1390970,0.29266223,0.56608605,0.54180247,0.54846853,0.6880997,0.67336833,0.6840562,0.68180066,10271,11054.475120306015,0.28075615,0.47366548,0.46533218,0.47439334,10.510117196603128,0.0,0.0
56440,683960,0.3532493,0.07596954,0.14103767,0.13365628,10,0.0,95009,1391930,0.3145799,0.59448904,0.5407947,0.5483656,0.6678292,0.67045856,0.68183225,0.68203276,10280,11065.156422376633,0.3145799,0.464393,0.4716274,0.47382653,20.22174813357729,0.0,0.0
56502,684580,0.23799399,0.17366385,0.12716135,0.13300316,10,0.0,95100,1392840,0.45985708,0.4958365,0.5501305,0.5483911,0.69785106,0.6695004,0.6772918,0.6816521,10289,11075.721495389938,0.2779372,0.48317656,0.4812246,0.473102,11.359341650094262,0.0,0.0
56555,685110,0.26943678,0.15068218,0.13686307,0.13306728,10,0.0,95183,1393670,0.39474285,0.523791,0.54362136,0.5485443,0.6641796,0.67447317,0.6788226,0.681644,10298,11086.270684480667,0.33928108,0.4388977,0.47376084,0.47457367,11.686149600849678,0.0,0.0
56611,685670,0.2415337,0.12440218,0.15546714,0.13322069,10,0.0,95271,1394550,0.41908854,0.5578642,0.5257077,0.5482476,0.66062224,0.68226635,0.68463576,0.68208665,10307,11097.145381450653,0.3380883,0.53605473,0.46492648,0.47441924,9.75162590880124,0.0,0.0
56666,686220,0.4053531,0.10367992,0.1407329,0.13367833,10,0.0,95360,1395440,0.27972868,0.57926923,0.5445901,0.5475769,0.6850818,0.6829491,0.68435585,0.6818778,10315,11106.730199813843,0.27972868,0.46135044,0.4634244,0.47147998,21.662029689393968,0.0,0.0
56723,686790,0.0,0.1938079,0.12147097,0.13435858,10,0.0,95441,1396250,0.6984007,0.48685902,0.5602197,0.5472067,0.6984007,0.6806669,0.6816907,0.68199265,10324,11117.443275928497,0.6984007,0.40706134,0.46599948,0.4725824,10.921850372120625,0.0,0.0
56773,687290,0.42511934,0.115673974,0.13743344,0.13582005,10,0.0,95518,1397020,0.28382635,0.5690886,0.541802,0.54588157,0.7089457,0.6847626,0.6792354,0.68168664,10332,11127.12710237503,0.28382635,0.44958562,0.46213448,0.4700064,23.16932766865733,0.0,0.0
56831,687870,0.3004303,0.114157036,0.14087456,0.13576137,10,0.0,95610,1397940,0.3550874,0.5674222,0.53988194,0.5455487,0.6555177,0.68157923,0.6807565,0.68158716,10341,11137.96915769577,0.33272302,0.49385348,0.44726765,0.4685864,11.571808989049238,0.0,0.0
56887,688430,0.2368711,0.18244958,0.13978459,0.13536346,10,0.0,95696,1398800,0.4380382,0.49272996,0.5415884,0.54620737,0.6749093,0.67517954,0.681373,0.6817317,10349,11147.558799743652,0.28601506,0.43116274,0.4578704,0.4688421,26.648758101581972,0.0,0.0
56943,688990,0.32066163,0.17425433,0.1507135,0.13559185,10,0.0,95775,1399590,0.3344086,0.5066005,0.53039706,0.5459485,0.65507025,0.68085474,0.68111044,0.68174136,10358,11158.436754703522,0.2901647,0.45872506,0.47610462,0.46900964,12.073031654150272,0.0,0.0
56997,689530,0.34912476,0.14648993,0.14160365,0.13532029,10,0.0,95863,1400470,0.33080247,0.53756773,0.5383937,0.5457623,0.67992723,0.6840576,0.6799973,0.68174076,10367,11169.05454325676,0.2930559,0.48761636,0.46155533,0.4676294,11.597172087735068,0.0,0.0
57050,690060,0.3167351,0.1550094,0.13447514,0.13490881,10,0.0,95943,1401270,0.39030504,0.5238248,0.54541516,0.54607534,0.70704013,0.67883414,0.6798903,0.6816244,10375,11178.529525279999,0.3327988,0.51002085,0.4740631,0.4685606,10.687671489785018,0.0,0.0
57114,690700,0.31111,0.10326333,0.13388306,0.13461238,10,0.0,96039,1402230,0.40247485,0.57766545,0.5477005,0.5462106,0.71358484,0.6809288,0.6815836,0.6814814,10385,11189.974429368973,0.3478539,0.44224557,0.47333226,0.46935365,11.063087205836583,0.0,0.0
57173,691290,0.0012559295,0.104986764,0.13727756,0.13547295,10,0.0,96127,1403110,0.67913336,0.57627684,0.5450871,0.54558545,0.6803893,0.6804882,0.68239355,0.68159586,10394,11200.91417169571,0.40814137,0.45674983,0.469942,0.46972504,11.447098804719117,0.0,0.0
57226,691820,0.30818906,0.12515244,0.1272027,0.13543029,10,0.0,96213,1403970,0.3534545,0.5590209,0.5531912,0.54567397,0.66164356,0.6841732,0.68039393,0.6816032,10403,11211.399015426636,0.3400797,0.50676847,0.46626854,0.46871617,8.399963070078131,0.0,0.0
57285,692410,0.41995797,0.16501264,0.12067859,0.13597754,10,0.0,96302,1404860,0.28072557,0.5233374,0.5592618,0.5453241,0.70068353,0.6883501,0.67994034,0.6813767,10412,11221.81734085083,0.28072557,0.43155017,0.46804675,0.46814185,9.342091781960601,0.0,0.0
57342,692980,0.36075595,0.10552063,0.1230565,0.13503653,10,0.0,96391,1405750,0.31114808,0.5772801,0.5606511,0.5457722,0.671904,0.68280065,0.6835325,0.6811661,10421,11232.644303798676,0.31114808,0.44943422,0.47482795,0.46874958,9.47708965526591,0.0,0.0
57402,693580,0.37472686,0.087460786,0.12915608,0.13432404,10,0.0,96480,1406640,0.28714278,0.596895,0.5545353,0.5465005,0.66186965,0.68435585,0.6839823,0.6811481,10430,11243.292653083801,0.2851756,0.45606032,0.47697413,0.46953753,11.714251082386495,0.0,0.0
57462,694180,0.29938832,0.18143445,0.13568217,0.13457668,10,0.0,96567,1407510,0.41216955,0.5331019,0.54832655,0.54655033,0.71155787,0.6845975,0.6807494,0.68119067,10439,11253.911546230316,0.41216955,0.47018948,0.46230456,0.46908,10.406199402468427,0.0,0.0
57518,694740,0.3895118,0.16364732,0.14366032,0.1362348,10,0.0,96658,1408420,0.30563453,0.5149816,0.53734213,0.54491884,0.6951463,0.67862886,0.68081117,0.6814894,10448,11264.740594387054,0.29857355,0.4772988,0.4756551,0.4687864,10.68921313826721,0.0,0.0
57575,695310,0.37969336,0.10864065,0.13583365,0.13463913,10,0.0,96745,1409290,0.27845797,0.5720105,0.5461599,0.5462301,0.6581513,0.68118274,0.68202674,0.6814087,10457,11275.078176021576,0.27845797,0.45256653,0.47561643,0.46760434,10.252816020025032,0.0,0.0
57634,695900,0.001342535,0.1512751,0.13768119,0.13375825,10,0.0,96833,1410170,0.6776793,0.5318335,0.5458723,0.54762524,0.67902184,0.6831086,0.68397415,0.6814517,10466,11285.448058605194,0.36402917,0.44463372,0.48211735,0.46899053,12.511425468301764,0.0,0.0
57688,696440,0.30347744,0.10975029,0.13740851,0.1363692,10,0.0,96923,1411070,0.40026858,0.5764159,0.54520935,0.5448791,0.703746,0.68616617,0.6826594,0.68123806,10475,11296.321820259094,0.33459827,0.47362942,0.47928745,0.4681877,9.184998834986834,0.0,0.0
57749,697050,0.26318446,0.13832779,0.13898893,0.13561614,10,0.0,97010,1411940,0.39834896,0.5291775,0.5417521,0.54580975,0.6615334,0.6852094,0.68240213,0.6815266,10484,11306.794830799103,0.29882225,0.43050224,0.4726175,0.46908456,12.193116359656326,0.0,0.0
57804,697600,0.29500943,0.0733975,0.13205546,0.13503364,10,0.0,97099,1412830,0.41556895,0.62392175,0.5519896,0.54666394,0.7105784,0.69731915,0.684189,0.6817652,10493,11317.29551768303,0.39166126,0.53226936,0.4722801,0.4709847,12.127260504687625,0.0,0.0
57863,698190,0.35445508,0.08319109,0.11792405,0.13377856,10,0.0,97189,1413730,0.32376608,0.5981492,0.5651701,0.547971,0.67822117,0.6813403,0.6834148,0.68181497,10502,11328.183463096619,0.31008604,0.5580018,0.49598968,0.47395623,9.483640323397186,0.0,0.0
57918,698740,0.32249743,0.16103634,0.13795911,0.13441876,10,0.0,97267,1414510,0.37219507,0.52953506,0.54387164,0.5475298,0.6946925,0.6905715,0.68183064,0.6819287,10510,11337.6404235363,0.33933225,0.4555482,0.47012937,0.47351086,10.498473651592079,0.0,0.0
57981,699370,0.39870602,0.24754557,0.14124778,0.13305172,10,0.0,97365,1415490,0.2811392,0.42541844,0.5413116,0.54901665,0.6798452,0.672964,0.6825594,0.6821481,10520,11349.516971349716,0.2811392,0.38614684,0.46962497,0.4738415,11.397853260965562,0.0,0.0
58033,699890,0.41957805,0.13590056,0.13552824,0.13361797,10,0.0,97453,1416370,0.278533,0.5504958,0.5489849,0.5485753,0.69811106,0.68639636,0.6845131,0.6822575,10529,11360.38732123375,0.278533,0.43518597,0.45468184,0.47260943,9.698317253498736,0.0,0.0
58091,700470,0.36765045,0.14120467,0.12855019,0.13222936,10,0.0,97543,1417270,0.28595942,0.5677891,0.558386,0.55009955,0.6536099,0.68665844,0.68531585,0.68231666,10538,11371.241942882538,0.28595942,0.39903376,0.4596525,0.470846,9.100746905829284,0.0,0.0
58149,701050,0.3029973,0.11581764,0.12880777,0.13263737,10,0.0,97629,1418130,0.40606016,0.57435143,0.5506262,0.5493305,0.70905745,0.69016916,0.67953634,0.6820675,10547,11381.798918962479,0.29138875,0.46060824,0.4572059,0.47117427,8.429336869887925,0.0,0.0
58208,701640,0.32838917,0.15544017,0.13498475,0.13338764,10,0.0,97718,1419020,0.36978453,0.5149499,0.5417561,0.5485232,0.6981737,0.67039,0.68021256,0.68191063,10556,11392.48019862175,0.27766383,0.47654885,0.45763925,0.47144747,8.264057089974163,0.0,0.0
58257,702130,0.36247385,0.09765163,0.14049774,0.13446502,10,0.0,97796,1419800,0.29277897,0.574581,0.5343965,0.547343,0.6552528,0.6722327,0.6773919,0.68192786,10564,11402.144521474838,0.29277897,0.5067426,0.4566368,0.46996924,22.346809709981386,0.0,0.0
58316,702720,0.29531005,0.13574083,0.14205271,0.13523073,10,0.0,97885,1420690,0.39752766,0.5400595,0.5357461,0.5462881,0.6928377,0.6758003,0.67779875,0.68168956,10573,11413.18987751007,0.35438237,0.46618876,0.4563257,0.469427,8.89560783096092,0.0,0.0
58375,703310,0.36114636,0.11613997,0.1370788,0.1350653,10,0.0,97972,1421560,0.31299886,0.56793606,0.54452056,0.5465392,0.6741452,0.684076,0.6815994,0.68163186,10582,11423.772202014923,0.31299886,0.50739866,0.46404016,0.46761012,11.689820253472899,0.0,0.0
58429,703850,0.35519114,0.093530156,0.12400369,0.13400963,10,0.0,98060,1422440,0.31064084,0.5963326,0.56084615,0.54745805,0.665832,0.6898627,0.6837231,0.68181396,10591,11434.431586742401,0.31064084,0.5346322,0.4703672,0.46942264,10.042934383494961,0.0,0.0
58492,704480,0.016393363,0.20190866,0.13861008,0.13536622,10,0.0,98148,1423320,0.64076704,0.4683396,0.5444489,0.5465571,0.6571604,0.6702482,0.68292373,0.6819098,10600,11445.00212931633,0.2936437,0.3861423,0.45572013,0.46724236,10.545142332761362,0.0,0.0
58544,705000,0.28993046,0.10352691,0.13834889,0.13507937,10,0.0,98238,1424220,0.38916004,0.57934904,0.5432882,0.54681355,0.6790905,0.68287593,0.681637,0.6818818,10609,11455.665456533432,0.3608248,0.46989888,0.44832233,0.4656161,9.256468575529649,0.0,0.0
58603,705590,0.30659145,0.14113101,0.13427682,0.1341984,10,0.0,98327,1425110,0.35957688,0.5384456,0.5451471,0.5470573,0.66616833,0.6795765,0.6794239,0.6816162,10618,11466.59952878952,0.2788258,0.5441272,0.4664165,0.46619183,8.468576770443295,0.0,0.0
58659,706150,0.29965413,0.1518819,0.13315459,0.13383935,10,0.0,98405,1425890,0.3850575,0.52519953,0.547064,0.54755837,0.68471164,0.67708147,0.6802186,0.681371,10626,11476.059731721878,0.3850575,0.42171532,0.49192056,0.4667508,25.295005593566344,0.0,0.0
58717,706730,0.26329935,0.08825493,0.12092402,0.13271202,10,0.0,98493,1426770,0.40307373,0.6326956,0.56023157,0.54869974,0.6663731,0.68667567,0.6810365,0.68139976,10635,11486.612152338028,0.29741922,0.5746583,0.50231147,0.4685029,11.530815065619713,0.0,0.0
58771,707270,0.38173112,0.1449875,0.13581587,0.13318087,10,0.0,98579,1427630,0.2921569,0.51975715,0.5471388,0.54790515,0.673888,0.66474456,0.6791531,0.6810538,10644,11497.056109666824,0.27754816,0.4757924,0.48458695,0.4684594,8.880284487263198,0.0,0.0
58829,707850,0.4185981,0.110308334,0.13185258,0.1330256,10,0.0,98668,1428520,0.27894577,0.57665706,0.55064183,0.5481859,0.69754386,0.68696535,0.6824944,0.6811682,10653,11507.71357369423,0.27894577,0.47802472,0.48966205,0.4701192,12.773453607462518,0.0,0.0
58885,708410,0.34902108,0.10577921,0.11595827,0.1319897,10,0.0,98757,1429410,0.31401676,0.56787646,0.5640852,0.54899156,0.66303784,0.6736557,0.6833223,0.6812936,10662,11518.516009807587,0.27772376,0.48705125,0.49319565,0.46959072,10.225475630561863,0.0,0.0
58943,708990,0.26688662,0.1562566,0.13671556,0.13277455,10,0.0,98843,1430270,0.3901783,0.5191121,0.5439521,0.54818535,0.6570649,0.6753687,0.6806677,0.68128395,10671,11529.016092061996,0.33315364,0.4878436,0.47861522,0.47073212,10.619206255408592,0.0,0.0
59002,709580,0.2606977,0.15210526,0.15056068,0.1334174,10,0.0,98933,1431170,0.39773092,0.5295669,0.5321506,0.54756945,0.6584286,0.68167204,0.6827114,0.68129224,10680,11539.818377017975,0.27955633,0.5010853,0.47055712,0.46982032,11.069475586634406,0.0,0.0
59061,710170,0.0,0.12925968,0.1482947,0.1344045,10,0.0,99022,1432060,0.69556725,0.55527705,0.53565454,0.54647017,0.69556725,0.68453676,0.68161005,0.6810175,10689,11550.226348638535,0.69556725,0.52778804,0.45490658,0.46956775,9.847855323561012,0.0,0.0
59118,710740,0.40110463,0.121426955,0.143289,0.13535427,10,0.0,99109,1432930,0.2780776,0.56481475,0.5383783,0.54548544,0.67918223,0.6862417,0.67899984,0.68094176,10698,11560.766299962997,0.2780776,0.48463574,0.4678326,0.47038606,10.975015202722151,0.0,0.0
59175,711310,0.0,0.112650394,0.1286292,0.13460892,10,0.0,99198,1433820,0.7099366,0.5677695,0.55208045,0.5461674,0.7099366,0.6804199,0.68086725,0.68094414,10707,11571.26391339302,0.7099366,0.47498208,0.49131143,0.47284552,10.80580080535253,0.0,0.0
59231,711870,0.27104938,0.100367785,0.120435216,0.13294978,10,0.0,99287,1434710,0.39499575,0.58640254,0.5611585,0.54811454,0.6660451,0.6867703,0.6814444,0.6811476,10716,11582.210460186005,0.29669893,0.51546735,0.5055994,0.4753558,9.15141305336781,0.0,0.0
59293,712490,0.3817146,0.13765079,0.13028602,0.13325307,10,0.0,99375,1435590,0.32034442,0.55190104,0.5503344,0.5478815,0.70205903,0.6895519,0.680491,0.6811938,10725,11592.854319572449,0.31269097,0.4689621,0.48349124,0.47544828,11.13935319415197,0.0,0.0
59344,713000,0.24986532,0.13617657,0.13091826,0.13274768,10,0.0,99462,1436460,0.4113687,0.5588183,0.5519787,0.54876035,0.661234,0.6949949,0.68289703,0.6815812,10734,11603.42707490921,0.3392823,0.5323777,0.4679418,0.47620332,9.33836241396761,0.0,0.0
59402,713580,0.35473958,0.15876663,0.13424034,0.1334604,10,0.0,99555,1437390,0.3100157,0.51528823,0.5475489,0.5478016,0.6647553,0.67405486,0.6817892,0.68137246,10743,11614.367837667465,0.3100157,0.39683932,0.47274944,0.47539097,9.76218899242845,0.0,0.0
59461,714170,0.38606423,0.11306288,0.13228744,0.13274488,10,0.0,99638,1438220,0.27860355,0.5678852,0.546797,0.54823035,0.6646678,0.680948,0.6790845,0.681155,10752,11624.9090924263,0.27860355,0.47711697,0.47086665,0.47664723,12.37518462590646,0.0,0.0
59519,714750,0.4285014,0.102519915,0.13167843,0.13235083,10,0.0,99733,1439170,0.2780734,0.580017,0.54862714,0.5486163,0.7065748,0.68253696,0.68030554,0.68113536,10761,11635.648576498032,0.2780734,0.4976805,0.4845362,0.47873053,12.286165473924841,0.0,0.0
59580,715360,0.0,0.113778874,0.124027126,0.13194008,10,0.0,99817,1440010,0.6687787,0.5539788,0.5529132,0.54877096,0.6687787,0.66775763,0.6795614,0.680981,10770,11646.347453594208,0.6687787,0.54511076,0.47263327,0.48007736,12.806589327882937,0.0,0.0
59636,715920,0.30084264,0.12730372,0.12129518,0.13146985,10,0.0,99904,1440880,0.3943447,0.5575379,0.5525721,0.5491243,0.69518733,0.6848417,0.6773968,0.6809673,10779,11656.845781803131,0.30266637,0.47237673,0.49092644,0.48179674,9.978386487665071,0.0,0.0
59696,716520,0.3762491,0.14387484,0.1267982,0.13146414,10,0.0,99995,1441790,0.28165373,0.5400074,0.5516205,0.54918784,0.65790284,0.6838823,0.6820098,0.6812244,10788,11667.372349739075,0.28165373,0.46769127,0.48799074,0.47955775,15.246232065438454,0.0,0.0
59747,717030,0.40545574,0.11199977,0.13107601,0.13175079,10,0.0,100082,1442660,0.29355535,0.5648371,0.5506786,0.5490775,0.6990111,0.67683685,0.6817547,0.6811978,10797,11678.176279783249,0.29355535,0.48919973,0.46134913,0.47707203,10.113543667256218,0.0,0.0
59805,717610,0.43096766,0.13632205,0.12778522,0.13136213,10,0.0,100161,1443450,0.27805313,0.537899,0.5531907,0.54898363,0.7090208,0.6742211,0.68097603,0.68113524,10805,11687.758690595627,0.27805313,0.50458837,0.47867328,0.47737682,23.68687698682294,0.0,0.0
59860,718160,0.28133446,0.07691565,0.12615651,0.13224182,10,0.0,100247,1444310,0.40610057,0.5987319,0.55622053,0.548772,0.68743503,0.674621,0.6827892,0.68105894,10814,11698.54173207283,0.27871516,0.4453948,0.47866285,0.47525212,8.679616444218468,0.0,0.0
59918,718740,0.38333747,0.16025552,0.14102498,0.13373391,10,0.0,100339,1445230,0.31998488,0.51105446,0.53935546,0.54736644,0.70332235,0.67131,0.6808801,0.68104583,10823,11709.514705181122,0.31998488,0.4173985,0.44743243,0.4731261,10.08373897366325,0.0,0.0
59975,719310,0.31017587,0.099398956,0.14176916,0.13250679,10,0.0,100427,1446110,0.40227905,0.5851389,0.53740406,0.5479298,0.7124549,0.6845379,0.67917323,0.6808949,10832,11720.503137588501,0.28984213,0.4003982,0.43183914,0.4707881,10.776136467281484,0.0,0.0
60029,719850,0.4054399,0.100251235,0.12714013,0.13031836,10,0.0,100514,1446980,0.27967018,0.5696532,0.55082214,0.55017656,0.6851101,0.6699045,0.6779622,0.6806126,10841,11731.356813907623,0.27967018,0.4181986,0.4334797,0.47001433,9.738914312821255,0.0,0.0
60087,720430,0.3690281,0.11957228,0.1320274,0.13117202,10,0.0,100590,1447740,0.30659407,0.55654126,0.5468021,0.5494254,0.67562217,0.67611355,0.67882943,0.68081015,10849,11741.006875991821,0.30659407,0.48801637,0.44781116,0.4700926,27.669066589615813,0.0,0.0
60138,720940,0.3922131,0.116415,0.13723528,0.13121364,10,0.0,100685,1448690,0.2851739,0.55949736,0.5445499,0.54924965,0.677387,0.67591244,0.6817851,0.6807561,10858,11751.733482599258,0.2851739,0.4965539,0.47248104,0.4708626,10.776795443549641,0.0,0.0
60200,721560,0.39136916,0.17280439,0.13343278,0.13154912,10,0.0,100765,1449490,0.3104456,0.536662,0.5539211,0.54922193,0.7018148,0.67032945,0.679757,0.6806709,10867,11762.311927080154,0.3104456,0.40362564,0.46103495,0.46720147,12.394823039342585,0.0,0.0
60254,722100,0.38221234,0.1812906,0.13623647,0.13227978,10,0.0,100850,1450340,0.27791667,0.49249077,0.5422284,0.54838556,0.660129,0.67378134,0.67846483,0.6805413,10876,11772.805960893631,0.27791667,0.41047817,0.46755126,0.4655865,9.751931993458262,0.0,0.0
60308,722640,0.26248842,0.097813904,0.13315326,0.13169564,10,0.0,100930,1451140,0.4111933,0.5858701,0.5443827,0.54876345,0.67368174,0.683684,0.6775361,0.68034875,10884,11782.446123838425,0.3745503,0.5320589,0.4668541,0.4658681,20.889975978766884,0.0,0.0
60363,723190,0.2920913,0.076442756,0.121115856,0.13081616,10,0.0,101017,1452010,0.36993253,0.6078814,0.5585745,0.5495568,0.66202384,0.6843241,0.6796903,0.6800749,10893,11793.584696531296,0.28001884,0.5277612,0.46849212,0.46547163,8.86810089450537,0.0,0.0
60423,723790,0.33226144,0.14628094,0.13249171,0.13137121,10,0.0,101104,1452880,0.3444292,0.54162705,0.5510644,0.5489411,0.67669064,0.6879079,0.6835561,0.68058836,10902,11804.000796079636,0.3444292,0.43659323,0.46529213,0.46582994,12.67111180796168,0.0,0.0
60483,724390,0.0,0.12016585,0.14614418,0.13177805,10,0.0,101192,1453760,0.7018833,0.554839,0.539624,0.54910505,0.7018833,0.67500484,0.6857681,0.6809481,10911,11814.678819179535,0.7018833,0.5142325,0.46939322,0.46658233,10.889493413034979,0.0,0.0
60534,724900,0.27572298,0.121847786,0.1474956,0.13237582,10,0.0,101281,1454650,0.38797754,0.5621432,0.5338985,0.54839504,0.6637005,0.683991,0.6813941,0.6807027,10919,11824.252417564392,0.30023482,0.4978881,0.46446678,0.4651704,13.67613579672879,0.0,0.0
60593,725490,0.345847,0.10235407,0.13696869,0.13290402,10,0.0,101358,1455420,0.30872566,0.5661171,0.5434432,0.5482203,0.65457267,0.6684712,0.68041193,0.68111247,10928,11834.909080982208,0.27812672,0.43608958,0.45398265,0.4648828,10.641808824145057,0.0,0.0
60656,726120,0.27276254,0.19539014,0.12629998,0.1334902,10,0.0,101457,1456410,0.4142977,0.4847955,0.5547278,0.5477551,0.68706024,0.6801857,0.68102777,0.68115693,10938,11846.400316238403,0.28137806,0.37677515,0.46843997,0.46334642,13.443730175621239,0.0,0.0
60707,726630,0.2997913,0.095125176,0.124286026,0.1326256,10,0.0,101545,1457290,0.41212872,0.59714746,0.5607112,0.5488534,0.71192,0.69227266,0.6849714,0.681355,10947,11857.010037183762,0.36115223,0.5359413,0.47850922,0.46415314,10.11449970254337,0.0,0.0
60767,727230,0.26193315,0.14500709,0.14180206,0.13410117,10,0.0,101631,1458150,0.39573348,0.5368605,0.5430326,0.5475353,0.6576666,0.6818676,0.68506074,0.6815726,10956,11867.674908399582,0.33482635,0.49275476,0.4737981,0.46461606,8.37894874788344,0.0,0.0
60828,727840,0.29371706,0.178362,0.14910853,0.13570131,10,0.0,101720,1459040,0.36714187,0.4998347,0.5339497,0.5460203,0.6608589,0.67941535,0.68116003,0.68141395,10965,11878.329990148544,0.35477868,0.44632155,0.4666758,0.46354812,11.3488760718959,0.0,0.0
60881,728370,0.4108693,0.17898113,0.14013292,0.13530894,10,0.0,101808,1459920,0.27955014,0.48876476,0.54547924,0.5466047,0.69041944,0.66774595,0.68247694,0.6814891,10974,11888.966325759888,0.27955014,0.41969496,0.46893963,0.46384305,8.784394149020613,0.0,0.0
60939,728950,0.31554577,0.12361972,0.117630236,0.13335903,10,0.0,101895,1460790,0.37244794,0.5536041,0.5638197,0.5487182,0.6879937,0.67722386,0.68145007,0.6816628,10983,11899.248000860214,0.36145806,0.530872,0.49816155,0.4681107,10.266724564772854,0.0,0.0
60997,729530,0.27223074,0.19038942,0.13141322,0.13382196,10,0.0,101983,1461670,0.38353908,0.49243274,0.5509022,0.54839414,0.6557698,0.6828222,0.68231547,0.6818016,10992,11909.90867471695,0.28091565,0.45138103,0.50528145,0.4710323,11.510985964970057,0.0,0.0
61055,730110,0.3011391,0.13699451,0.12784143,0.13351199,10,0.0,102077,1462610,0.40657827,0.55484957,0.5569643,0.5491514,0.70771736,0.6918441,0.68480575,0.6822772,11001,11920.580982208252,0.35745624,0.5279806,0.49056903,0.47474244,10.06379996324124,0.0,0.0
61107,730630,0.33034316,0.14979711,0.115611516,0.1322649,10,0.0,102148,1463320,0.32553652,0.52720475,0.5676891,0.55033046,0.6558797,0.6770019,0.6833005,0.68217444,11009,11930.321394205093,0.32553652,0.4831152,0.49546593,0.4764572,19.447416263705286,0.0,0.0
61165,731210,0.0012468696,0.15129192,0.12752363,0.13231653,10,0.0,102237,1464210,0.6816836,0.5348395,0.5499744,0.54981005,0.68293047,0.68613154,0.6807001,0.6822407,11018,11941.267969608307,0.6816836,0.41990894,0.48121735,0.47568914,10.566586461490557,0.0,0.0
61220,731760,0.3026089,0.14152491,0.12640864,0.1320703,10,0.0,102324,1465080,0.36112583,0.5371053,0.55457884,0.54988503,0.66373473,0.6786302,0.68098754,0.68231004,11027,11952.173107385635,0.34416863,0.40915585,0.47595322,0.47733027,9.727823896937998,0.0,0.0
61279,732350,0.3094265,0.13268773,0.13506703,0.13269027,10,0.0,102411,1465950,0.35600233,0.5473983,0.54613733,0.5501245,0.6654288,0.680086,0.68120444,0.6825939,11036,11963.17892074585,0.27862966,0.4501759,0.46622375,0.47652644,9.336227636080013,0.0,0.0
61334,732900,0.1606879,0.09863591,0.13781244,0.1327757,10,0.0,102495,1466790,0.49469712,0.5840739,0.54381496,0.54988796,0.655385,0.6827098,0.68162733,0.68253756,11044,11972.937823295593,0.33840775,0.49254546,0.46386313,0.47688583,29.287439503895282,0.0,0.0
61391,733470,0.39438394,0.13370954,0.14660057,0.13461117,10,0.0,102581,1467650,0.2787324,0.55194604,0.5333342,0.5478363,0.6731163,0.6856556,0.67993474,0.6824456,11053,11982.237750530243,0.2787324,0.49961352,0.4680673,0.47618812,14.049029367511244,0.0,0.0
61457,734130,0.35057765,0.14726596,0.14038457,0.13349386,10,0.0,102685,1468690,0.31612855,0.534562,0.54172957,0.54857314,0.6667062,0.681828,0.6821142,0.6820371,11064,11993.650121450424,0.31612855,0.449963,0.46413717,0.4761088,10.186476234978223,0.0,0.0
61522,734780,0.28474224,0.2200489,0.15477484,0.13489768,10,0.0,102780,1469640,0.37170482,0.45546588,0.5260017,0.5470038,0.65644705,0.6755148,0.68077666,0.68220234,11074,12003.941852092743,0.37170482,0.3443993,0.44263119,0.47333893,13.71660743619084,0.0,0.0
61586,735420,0.3911986,0.15708284,0.13596563,0.13470964,10,0.0,102874,1470580,0.2893301,0.5298409,0.5453548,0.54719985,0.6805287,0.68692374,0.6813204,0.6820673,11084,12014.478330373764,0.2893301,0.4959217,0.47331974,0.47526678,13.985810466323283,0.0,0.0
61651,736070,0.37238064,0.137045,0.14075,0.13580048,10,0.0,102969,1471530,0.30823132,0.54697895,0.54062104,0.5462153,0.68061197,0.684024,0.681371,0.6820239,11094,12024.951681375504,0.29412466,0.49065623,0.4701985,0.47457927,15.515616405113937,0.0,0.0
61718,736740,0.001301229,0.12031698,0.12909442,0.13501334,10,0.0,103064,1472480,0.6837369,0.5265748,0.55235654,0.54651415,0.68503815,0.6831477,0.68143785,0.6817669,11104,12035.128628015518,0.6837369,0.46609244,0.48103657,0.47475863,15.812072400018698,0.0,0.0
61777,737330,0.33425483,0.16870275,0.13107303,0.13443975,10,0.0,103152,1473360,0.34513482,0.5129664,0.54910254,0.54717577,0.67938966,0.6816692,0.6801756,0.6816349,11112,12043.362544059753,0.34513482,0.46040827,0.48617408,0.47575068,17.659602776154443,0.0,0.0
61842,737980,0.34910652,0.12050722,0.121170245,0.132154,10,0.0,103255,1474390,0.3517041,0.55337906,0.5613143,0.54924583,0.7008106,0.67388624,0.6824845,0.68172145,11124,12055.918840408325,0.34891888,0.5036599,0.49160495,0.4775654,14.368296394346551,0.0,0.0
61908,738640,0.37021935,0.12352741,0.13915761,0.13411672,10,0.0,103353,1475370,0.295165,0.55508363,0.54249394,0.54722244,0.66538435,0.67861104,0.6818648,0.68164283,11134,12066.110520362854,0.295165,0.44868675,0.47089034,0.47575366,16.359850049477743,0.0,0.0
61970,739260,0.28765005,0.11584957,0.14688058,0.13545069,10,0.0,103447,1476310,0.3746873,0.5759425,0.5322929,0.545954,0.66233736,0.6917921,0.6793823,0.68143165,11144,12076.400785684586,0.34142947,0.4761335,0.44718358,0.47190642,15.026545330912924,0.0,0.0
62032,739880,0.2749327,0.10902736,0.14827065,0.13614638,10,0.0,103532,1477160,0.40588406,0.57065874,0.5306259,0.54481816,0.68081677,0.67968607,0.6788965,0.6812378,11152,12084.827790260315,0.3865997,0.50333726,0.45196736,0.47072676,15.94856068398168,0.0,0.0
62096,740520,0.37096173,0.090834655,0.12637958,0.13691556,10,0.0,103629,1478130,0.31941032,0.5914202,0.55334187,0.5439679,0.69037205,0.6822548,0.6797216,0.680957,11163,12096.243319511414,0.31941032,0.536364,0.4770903,0.46988073,16.264676992734163,0.0,0.0
62165,741210,0.32747933,0.13362777,0.12503535,0.13664213,10,0.0,103733,1479170,0.3776082,0.5527538,0.55726373,0.54442227,0.70508754,0.6863816,0.682299,0.68106824,11174,12107.662410497665,0.32429728,0.49599132,0.49458766,0.47110352,15.901899142102781,0.0,0.0
62226,741820,0.324158,0.071125984,0.13004903,0.13634092,10,0.0,103823,1480070,0.36218387,0.60986274,0.5510963,0.5446655,0.6863419,0.6809887,0.68114525,0.6810089,11183,12117.187847137451,0.27970323,0.5361249,0.47993234,0.47131464,16.372622306608026,0.0,0.0
62290,742460,0.29864532,0.11987636,0.12429145,0.13531286,10,0.0,103929,1481130,0.37042272,0.5623884,0.56000453,0.54575336,0.66906804,0.6822648,0.6840828,0.68104565,11194,12128.488145112991,0.34076622,0.48347983,0.5014833,0.47516814,13.100993404374677,0.0,0.0
62350,743060,0.29044104,0.14379744,0.14579743,0.13554086,10,0.0,104017,1482010,0.36970502,0.55068386,0.53599304,0.54568917,0.66014606,0.69448125,0.6815003,0.6811937,11203,12137.747692108154,0.33715892,0.48829994,0.47824728,0.4755153,11.372724467589542,0.0,0.0
62414,743700,0.37698346,0.114118315,0.12859263,0.13434786,10,0.0,104111,1482950,0.31326818,0.57395214,0.55406046,0.54674876,0.69025165,0.6880704,0.6826531,0.68109035,11213,12148.243209123611,0.31326818,0.5358952,0.50148773,0.4786282,13.928031103017455,0.0,0.0
62479,744350,0.40813923,0.14514098,0.12852561,0.13318084,10,0.0,104206,1483900,0.29630166,0.5377056,0.55530393,0.54806983,0.7044409,0.68284667,0.6838294,0.6812945,11223,12158.564673900604,0.29630166,0.49654216,0.4917699,0.47925445,14.355844431438184,0.0,0.0
62546,745020,0.27977768,0.117950454,0.1255962,0.13256514,10,0.0,104311,1484950,0.39858934,0.5647382,0.5563347,0.5488869,0.678367,0.6826886,0.68193084,0.68147045,11234,12169.986326932907,0.28313407,0.5328861,0.5004086,0.4827691,11.482177633988725,0.0,0.0
62608,745640,0.30339703,0.139872,0.13655768,0.13230899,10,0.0,104397,1485810,0.39203343,0.53665054,0.54381067,0.5489277,0.69543046,0.6765226,0.68036836,0.68127096,11243,12179.90800857544,0.27806124,0.48495507,0.47656372,0.48204136,26.441699458974206,0.0,0.0
62656,746120,0.30799866,0.16957232,0.1390847,0.13235186,10,0.0,104475,1486590,0.35895687,0.5186366,0.5405169,0.54910535,0.66695553,0.68736583,0.6827257,0.6815394,11251,12190.198521614075,0.35895687,0.4213504,0.47015423,0.4816979,26.38013318674573,0.0,0.0
62717,746730,0.39990035,0.16848779,0.13446292,0.1335819,10,0.0,104571,1487550,0.2839999,0.5090946,0.5478789,0.5479465,0.68390024,0.6775824,0.6842339,0.68162936,11260,12201.160973787308,0.2839999,0.44813627,0.47321078,0.48246104,10.22599168960684,0.0,0.0
62768,747240,0.3518581,0.14760661,0.12762535,0.13307701,10,0.0,104653,1488370,0.32696018,0.5342251,0.55618167,0.54852116,0.6788183,0.6818317,0.6838071,0.6818251,11268,12210.935707569122,0.32696018,0.4592057,0.47450554,0.48181462,29.100455901851014,0.0,0.0
62820,747760,0.26507458,0.2122839,0.14909011,0.13537866,10,0.0,104731,1489150,0.39147303,0.47039646,0.53424466,0.5463149,0.6565476,0.68268037,0.6833347,0.6817053,11277,12221.94569349289,0.33293524,0.45715302,0.4663953,0.48025975,8.465850419225008,0.0,0.0
62876,748320,0.35379648,0.13765769,0.14802349,0.13562629,10,0.0,104807,1489910,0.32481867,0.54082614,0.53352183,0.54561585,0.67861515,0.6784838,0.6815453,0.68161285,11285,12231.651075601578,0.29455984,0.49005145,0.4528637,0.477411,31.33330195747974,0.0,0.0
62928,748840,0.38871896,0.13837397,0.12816867,0.13480148,10,0.0,104895,1490790,0.29933423,0.5399164,0.55368686,0.54668796,0.6880532,0.67829037,0.68185544,0.6817107,11294,12242.562326192856,0.29933423,0.4492848,0.44656453,0.4774976,9.051963004887144,0.0,0.0
62986,749420,0.36911651,0.13027146,0.135545,0.13414642,10,0.0,104981,1491650,0.34477207,0.5488646,0.5460878,0.5474221,0.7138886,0.6791361,0.68163276,0.6818566,11303,12253.51373052597,0.33465412,0.44194645,0.44771197,0.4774376,9.57356008137621,0.0,0.0
63046,750020,0.33065724,0.11213312,0.13710906,0.13414565,10,0.0,105067,1492510,0.3264023,0.56832993,0.5473928,0.54798245,0.65705955,0.6804631,0.6833467,0.682143,11312,12264.214807987213,0.2802885,0.45848536,0.46616706,0.4779818,8.72638725249201,0.0,0.0
63101,750570,0.33567944,0.14336643,0.14431396,0.1350261,10,0.0,105153,1493370,0.34723642,0.54815394,0.53653395,0.54702467,0.68291587,0.69152045,0.68084794,0.68205214,11321,12274.831861495972,0.34723642,0.4411885,0.4476982,0.47580883,8.97677145156972,0.0,0.0
63160,751160,0.33063772,0.13851793,0.14500166,0.13627878,10,0.0,105241,1494250,0.3751627,0.5450438,0.5363374,0.5460855,0.7058004,0.68356174,0.6820858,0.682145,11330,12285.754514694214,0.34353954,0.39767152,0.43262437,0.47108725,11.110883293584473,0.0,0.0
63217,751730,0.35678273,0.11315002,0.13730976,0.13627967,10,0.0,105328,1495120,0.3069961,0.5661577,0.54217017,0.5459887,0.66377884,0.6793078,0.6799823,0.68202037,11339,12296.525738716125,0.3069961,0.40659127,0.4308226,0.4689762,8.583036083177793,0.0,0.0
63273,752290,0.36902475,0.069767706,0.13635063,0.13761753,10,0.0,105415,1495990,0.2899502,0.6145858,0.53805095,0.5441007,0.65897495,0.6843535,0.6784314,0.68178076,11347,12306.17643404007,0.2899502,0.49501172,0.45529395,0.4662567,41.08654978321901,0.0,0.0
63327,752830,0.3567836,0.15680334,0.14289817,0.13744141,10,0.0,105492,1496760,0.3047547,0.52645886,0.5377033,0.54429823,0.6615383,0.6832622,0.6806613,0.68183756,11356,12317.122151613235,0.3047547,0.40883642,0.45321378,0.46454293,8.53742383486554,0.0,0.0
63384,753400,0.388884,0.13781242,0.13894416,0.13750306,10,0.0,105579,1497630,0.30304325,0.5445254,0.54252636,0.5442493,0.69192725,0.6823378,0.68147063,0.68185025,11365,12327.75925540924,0.28698024,0.43444252,0.44523576,0.46272543,8.538306716334812,0.0,0.0
63440,753960,0.40142196,0.12568851,0.13591458,0.13794616,10,0.0,105665,1498490,0.28504193,0.5537747,0.5487393,0.5437409,0.6864639,0.6794632,0.6846539,0.6817851,11374,12338.269590377808,0.28504193,0.45882893,0.46235508,0.45939654,8.791258173873201,0.0,0.0
63499,754550,0.31877354,0.19054782,0.14598769,0.13997583,10,0.0,105750,1499340,0.38537732,0.48690447,0.5379044,0.5418384,0.70415086,0.6774523,0.6829727,0.6817603,11383,12348.912095546722,0.27900496,0.48638624,0.45470196,0.45791295,9.187948493386427,0.0,0.0
63550,755060,0.39079297,0.15805407,0.14388126,0.14012922,10,0.0,105827,1500110,0.2778744,0.5230697,0.53685766,0.5416606,0.6686674,0.6811238,0.6822311,0.68181926,11391,12358.620919466019,0.2778744,0.522991,0.46044213,0.45639753,24.916736369857805,0.0,0.0
63611,755670,0.34240168,0.16146454,0.13931556,0.14051385,10,0.0,105913,1500970,0.3425877,0.5411692,0.54675996,0.54172665,0.6849894,0.67731494,0.6807941,0.68182105,11400,12369.377902030945,0.2893757,0.4868318,0.48582387,0.45746404,11.543343848372077,0.0,0.0
63670,756260,0.3281517,0.21371984,0.14534754,0.14060473,10,0.0,106000,1501840,0.36076713,0.52703,0.5402932,0.5414947,0.6889188,0.6751195,0.68179315,0.68179286,11409,12379.71785569191,0.2790895,0.445539,0.47785082,0.45596844,13.206878918638424,0.0,0.0
63722,756780,0.33558762,0.115833,0.13538158,0.14050189,10,0.0,106086,1502700,0.3667881,0.57433236,0.548864,0.5413507,0.7023757,0.6901653,0.6842456,0.6818071,11418,12390.409225225449,0.36299762,0.5041381,0.4771088,0.45783228,10.054912046273216,0.0,0.0
63782,757380,0.30389082,0.105012394,0.117961146,0.13993771,10,0.0,106174,1503580,0.35114324,0.57914007,0.5660953,0.54194176,0.65503407,0.6841524,0.68405646,0.6817958,11427,12400.56356215477,0.33521536,0.49887672,0.5044257,0.45967358,13.540941753634709,0.0,0.0
63842,757980,0.36202374,0.12311902,0.13225067,0.13863632,10,0.0,106261,1504450,0.30952522,0.55655867,0.5479448,0.54300356,0.67154896,0.6796777,0.6801954,0.68156743,11436,12411.136069059372,0.27773497,0.50165856,0.4900044,0.46076176,11.640048299646523,0.0,0.0
63901,758570,0.29523802,0.12097883,0.13493486,0.13843942,10,0.0,106347,1505310,0.38187522,0.5667608,0.54788417,0.54333925,0.67711323,0.6877396,0.68281907,0.6816956,11445,12421.806863069534,0.2946504,0.5360631,0.48558646,0.46431467,11.62226980277102,0.0,0.0
63954,759100,0.29037273,0.11952446,0.13215339,0.13733722,10,0.0,106434,1506180,0.37431687,0.5563346,0.5519008,0.54458463,0.6646896,0.6758591,0.6840542,0.68186533,11454,12432.216931819916,0.28053975,0.4845522,0.49376613,0.46578732,10.604450310095746,0.0,0.0
64011,759670,0.40969038,0.08369622,0.12188663,0.13647705,10,0.0,106519,1507030,0.28061277,0.6034518,0.5594716,0.54497325,0.69030315,0.68714803,0.68135816,0.6817807,11463,12442.296653747559,0.28061277,0.5457855,0.50064963,0.46996316,21.93686260747316,0.0,0.0
64075,760310,0.34579566,0.07932058,0.123661175,0.13605829,10,0.0,106615,1507990,0.3469647,0.6038463,0.56066173,0.5459894,0.69276035,0.68316686,0.6843231,0.68202174,11473,12453.899676322937,0.3426614,0.5549461,0.5046725,0.4711884,8.446175442581547,0.0,0.0
64133,760890,0.31230372,0.05120211,0.12083572,0.1349902,10,0.0,106701,1508850,0.3447178,0.62875783,0.5595742,0.5469193,0.6570215,0.6799601,0.6804099,0.68182683,11482,12464.680953502655,0.33258587,0.5481286,0.50690335,0.47453022,11.006482174937375,0.0,0.0
64193,761490,0.36303052,0.16016869,0.12716353,0.13420993,10,0.0,106786,1509700,0.30716732,0.5400295,0.5564029,0.54757917,0.67019784,0.6859404,0.68130946,0.6818545,11491,12475.0307366848,0.28045002,0.41580796,0.50264436,0.47862297,9.071937150783311,0.0,0.0
64247,762030,0.41452634,0.15501812,0.123777114,0.13290645,10,0.0,106881,1510650,0.2929532,0.527721,0.5571146,0.5491248,0.70747954,0.68273914,0.6823961,0.68206215,11500,12485.676290273666,0.2929532,0.5204685,0.50401634,0.4820732,9.574611267911717,0.0,0.0
64301,762570,0.30392462,0.10647301,0.12694253,0.13279107,10,0.0,106952,1511360,0.39322793,0.5796544,0.55739933,0.54960537,0.69715255,0.68612736,0.6843419,0.68243825,11508,12495.256466627121,0.36575383,0.5376705,0.49752212,0.48355237,18.479120855881675,0.0,0.0
64360,763160,0.0,0.14279595,0.14570574,0.1338167,10,0.0,107039,1512230,0.69582075,0.5363393,0.5351061,0.54846925,0.69582075,0.67913514,0.68081194,0.68232787,11517,12505.78895354271,0.69582075,0.459253,0.46574438,0.4833462,12.188198413208097,0.0,0.0
64417,763730,0.33444503,0.12096496,0.13211782,0.13276632,10,0.0,107123,1513070,0.3488191,0.5536575,0.54981685,0.54901075,0.68326414,0.6746225,0.6816143,0.68213063,11526,12516.253279685974,0.32794297,0.4872616,0.4804354,0.4866573,12.556755023610318,0.0,0.0
64471,764270,0.38672522,0.1575785,0.13013776,0.1318082,10,0.0,107213,1513970,0.29493937,0.5224289,0.55259824,0.5499737,0.6816646,0.6807646,0.6815104,0.6821649,11535,12526.840277194977,0.29493937,0.44861993,0.4920056,0.4880363,9.712431891702886,0.0,0.0
64530,764860,0.35151413,0.08942364,0.13358113,0.13163848,10,0.0,107300,1514840,0.33627936,0.5917479,0.5482541,0.55022913,0.6877935,0.68117154,0.6818586,0.6820956,11544,12537.18934226036,0.33627936,0.5334229,0.4912737,0.49033308,13.590878116416196,0.0,0.0
64588,765440,0.38496515,0.088988915,0.12397094,0.12987064,10,0.0,107385,1515690,0.3232529,0.5864113,0.55646914,0.5518043,0.70821804,0.67540026,0.68059903,0.6821427,11553,12547.52966928482,0.3232529,0.5492479,0.5001728,0.49258628,8.8487090133413,0.0,0.0
64647,766030,0.3897855,0.12163494,0.12384864,0.12947494,10,0.0,107471,1516550,0.2844908,0.5544428,0.5593766,0.552828,0.6742763,0.6760777,0.68330175,0.6821769,11562,12558.21891283989,0.2844908,0.4113191,0.48726562,0.49122155,9.273834448183829,0.0,0.0
64699,766550,0.36867723,0.087427706,0.13539904,0.12909058,10,0.0,107549,1517330,0.30089125,0.5876328,0.5498535,0.5527112,0.6695685,0.67506045,0.6818897,0.68201697,11570,12568.003405570984,0.30089125,0.48329106,0.45833528,0.49185923,26.68543121778289,0.0,0.0
64756,767120,0.3265966,0.15902542,0.13135609,0.12970652,10,0.0,107634,1518180,0.38253054,0.5192532,0.5497357,0.5519041,0.7091271,0.6782786,0.68109185,0.68177986,11579,12578.593802452087,0.37526757,0.480786,0.47405532,0.4917974,14.141843809025444,0.0,0.0
64811,767670,0.36878103,0.11054214,0.13126782,0.12989978,10,0.0,107719,1519030,0.32576466,0.5710584,0.5511496,0.55177784,0.6945457,0.6816006,0.6824174,0.6819829,11588,12588.96062040329,0.32576466,0.48009834,0.47930142,0.48930892,9.719701709746342,0.0,0.0
64867,768230,0.3566257,0.121781394,0.13364483,0.1302178,10,0.0,107795,1519790,0.31935796,0.5607379,0.5477876,0.5517139,0.67598367,0.6825193,0.68143237,0.68195266,11596,12598.462429761887,0.31935796,0.5127926,0.4782949,0.49046654,22.522401291749205,0.0,0.0
64923,768790,0.038105845,0.097573124,0.13972862,0.13078447,10,0.0,107882,1520660,0.66284126,0.5772741,0.53998995,0.55062306,0.7009471,0.67484725,0.67971855,0.68160474,11605,12609.040990829468,0.33917168,0.46323237,0.4852834,0.4899588,9.399055322227088,0.0,0.0
64977,769330,0.3130025,0.17873333,0.138425,0.13187106,10,0.0,107959,1521430,0.3919327,0.50532204,0.5426507,0.55009156,0.7049352,0.678961,0.68095815,0.68176633,11613,12618.322626590729,0.3678323,0.35741344,0.46287423,0.48625082,12.423624977081348,0.0,0.0
65036,769920,0.37893927,0.10452397,0.12807126,0.13167825,10,0.0,108054,1522380,0.3338511,0.56840414,0.5496942,0.5496555,0.71279037,0.6729281,0.6777655,0.6812888,11623,12630.333671569824,0.3338511,0.4969147,0.47207195,0.4857575,10.218500235588305,0.0,0.0
65088,770440,0.29209968,0.14928368,0.13667144,0.13308361,10,0.0,108130,1523140,0.36406764,0.53306526,0.54278874,0.5487233,0.6561673,0.6823489,0.67946005,0.6813391,11631,12639.918706178665,0.29749236,0.46967906,0.49225888,0.4860006,20.92983822717059,0.0,0.0
65143,770990,0.331302,0.14352721,0.1291384,0.13259588,10,0.0,108216,1524000,0.3767537,0.5354093,0.552812,0.5488264,0.7080557,0.6789365,0.6815851,0.6814714,11639,12649.2336435318,0.3767537,0.49141455,0.4996045,0.4856901,11.593706792800592,0.0,0.0
65198,771540,0.38751173,0.10567699,0.12936448,0.13237241,10,0.0,108292,1524760,0.32582653,0.57551396,0.549028,0.54899484,0.71333826,0.68119097,0.67839247,0.68127,11648,12659.635063648224,0.28393045,0.5244329,0.4837423,0.4826918,11.818622928720892,0.0,0.0
65260,772160,0.36875635,0.07591827,0.12173854,0.13208403,10,0.0,108392,1525760,0.2923743,0.60483,0.55592465,0.54875255,0.66113067,0.68074834,0.68006754,0.68118274,11658,12671.405215263367,0.2923743,0.53183633,0.49013257,0.48456103,9.950611156687755,0.0,0.0
65317,772730,0.34622455,0.10517405,0.12504087,0.13155618,10,0.0,108464,1526480,0.35297614,0.56579113,0.5573364,0.5499319,0.6992007,0.67096514,0.6819472,0.6812553,11666,12680.280623674393,0.29333156,0.5190301,0.4997979,0.48529685,11.746506689758426,0.0,0.0
65376,773320,0.0,0.1304208,0.14352745,0.13246588,10,0.0,108560,1527440,0.66020954,0.5475083,0.5397496,0.54882544,0.66020954,0.6779291,0.6826142,0.68126684,11676,12691.820071697235,0.66020954,0.46928826,0.48802006,0.48622742,9.561046642170824,0.0,0.0
65426,773820,0.37425643,0.107740544,0.13087754,0.13129367,10,0.0,108637,1528210,0.32195884,0.5651418,0.5486773,0.5495991,0.6962153,0.67288244,0.6795549,0.6811137,11684,12701.5289645195,0.32195884,0.477532,0.4706409,0.48418722,24.561776237003375,0.0,0.0
65485,774410,0.28207484,0.09744252,0.1293466,0.13214651,10,0.0,108723,1529070,0.40479395,0.5848667,0.54883707,0.5487245,0.6868688,0.68230927,0.6781837,0.68084484,11693,12712.031927585602,0.31117344,0.48429886,0.4579594,0.4820351,9.451226395898367,0.0,0.0
65535,774910,0.29313457,0.19227187,0.1427968,0.1332109,10,0.0,108798,1529820,0.37416786,0.48906007,0.53760713,0.5478562,0.6673024,0.681332,0.68040395,0.6810227,11701,12721.986942529678,0.3643394,0.4583691,0.45695525,0.48152348,22.302060956675245,0.0,0.0
65597,775530,0.03916377,0.18285,0.14433423,0.13425384,10,0.0,108893,1530770,0.62065125,0.50678456,0.5409523,0.5467766,0.659815,0.6896346,0.68528664,0.6812385,11710,12732.716828107834,0.32649314,0.42622367,0.4725068,0.47983494,10.117874097803853,0.0,0.0
65654,776100,0.25465837,0.0924073,0.12335505,0.13349067,10,0.0,108972,1531560,0.40369615,0.59512013,0.5622302,0.5475226,0.6583545,0.6875274,0.6855852,0.6812622,11719,12743.541604757309,0.33209676,0.5862404,0.5031881,0.4812763,10.329670925069014,0.0,0.0
65710,776660,0.318595,0.12263992,0.11330429,0.13200559,10,0.0,109068,1532520,0.39022428,0.5545105,0.5704796,0.54910743,0.70881927,0.67715037,0.6834446,0.68131775,11728,12754.421018123627,0.33260617,0.43898302,0.5199155,0.48412165,9.167082113311697,0.0,0.0
65767,777230,0.10779357,0.13876435,0.12155819,0.13161337,10,0.0,109145,1533290,0.5488549,0.54449093,0.56161916,0.5498198,0.65664846,0.68325526,0.68317735,0.68149364,11737,12765.129968643188,0.32584408,0.49735975,0.49930182,0.484722,11.582293354305504,0.0,0.0
65823,777790,0.2909536,0.1334867,0.12632726,0.13150026,10,0.0,109230,1534140,0.362811,0.5438854,0.5553615,0.5495496,0.6537646,0.6773721,0.68168867,0.6812491,11746,12775.961264371872,0.36117664,0.43935758,0.47267577,0.48350117,8.57405100475116,0.0,0.0
65885,778410,0.30841136,0.08107571,0.1312082,0.1310297,10,0.0,109316,1535000,0.40163523,0.6068489,0.5481189,0.5501192,0.7100466,0.6879247,0.679567,0.68135107,11755,12786.64877319336,0.40163523,0.5008397,0.4685154,0.4838545,12.320135823030581,0.0,0.0
65936,778920,0.2790885,0.12067139,0.12432068,0.12983514,10,0.0,109402,1535860,0.41423976,0.56915456,0.5602867,0.5515026,0.69332826,0.6898259,0.684684,0.68158156,11764,12797.368848085403,0.38355,0.5451594,0.49548367,0.4840685,12.37441425674665,0.0,0.0
65994,779500,0.3068637,0.088387385,0.13252702,0.1299795,10,0.0,109486,1536700,0.38522026,0.5858201,0.5503081,0.55142385,0.69208395,0.6742074,0.6826587,0.6815786,11772,12806.755907297134,0.3396016,0.4990881,0.5002813,0.48646998,12.368579361952596,0.0,0.0
66053,780090,0.27516195,0.16078594,0.13875957,0.13009824,10,0.0,109573,1537570,0.38425627,0.5174271,0.5400026,0.5512636,0.6594182,0.678213,0.6787622,0.6816245,11782,12818.226318120956,0.31988424,0.47129002,0.4924575,0.48723072,10.915449394267696,0.0,0.0
66112,780680,0.35317633,0.11250456,0.12822616,0.13010941,10,0.0,109657,1538410,0.3348355,0.56569433,0.55129224,0.55115426,0.6880118,0.6781989,0.67951846,0.6814883,11791,12828.665918827057,0.3348355,0.4791712,0.49071044,0.48668215,8.877626742536583,0.0,0.0
66168,781240,0.34352925,0.15185684,0.11457978,0.12865686,10,0.0,109744,1539280,0.31310925,0.52727425,0.5655928,0.55249244,0.6566385,0.67913115,0.68056023,0.68152314,11800,12839.378690004349,0.31310925,0.49241084,0.5008565,0.48871148,12.794693606990997,0.0,0.0
66225,781810,0.34099138,0.18217087,0.12606895,0.12958941,10,0.0,109820,1540040,0.32363093,0.4968358,0.5558089,0.5520646,0.6646223,0.6790067,0.6818915,0.68172055,11808,12848.764669179916,0.32363093,0.47947606,0.50251037,0.48938775,10.52163350945047,0.0,0.0
66286,782420,0.3132542,0.17727208,0.14955851,0.13148005,10,0.0,109914,1540980,0.36151525,0.50576276,0.5337245,0.54984456,0.67476946,0.68303496,0.68328303,0.6817528,11818,12860.339064359665,0.36151525,0.3764771,0.46982068,0.48639837,8.575467435417753,0.0,0.0
66342,782980,0.31513706,0.11885448,0.13804588,0.13078256,10,0.0,110000,1541840,0.35497633,0.5596911,0.54597056,0.5508133,0.6701134,0.67854553,0.6840164,0.68186146,11827,12870.704804897308,0.3510626,0.45271197,0.4443831,0.48319158,10.489885147334189,0.0,0.0
66400,783560,0.3374995,0.15796652,0.14467913,0.1319174,10,0.0,110089,1542730,0.3405813,0.5291151,0.53972346,0.54967946,0.6780808,0.6870817,0.6827261,0.68183357,11836,12881.558481693268,0.3405813,0.47359696,0.4536435,0.48234087,10.569960303779911,0.0,0.0
66454,784100,0.2685051,0.12433791,0.14105642,0.13126454,10,0.0,110171,1543550,0.40670055,0.55637443,0.541766,0.55040824,0.67520565,0.6807123,0.6828224,0.6820125,11845,12892.227788209915,0.36711738,0.4717597,0.47546905,0.48186237,9.774795161337684,0.0,0.0
66517,784730,0.32212105,0.15011363,0.124532536,0.13076578,10,0.0,110256,1544400,0.3563675,0.562878,0.5545191,0.5511401,0.67848855,0.68201816,0.6788842,0.6819155,11854,12902.964426994324,0.32422748,0.46630248,0.4721058,0.48428792,10.89694816634594,0.0,0.0
66576,785320,0.32553512,0.11970188,0.11845448,0.1290475,10,0.0,110343,1545270,0.35157126,0.54709667,0.5632496,0.55245143,0.6771064,0.6667986,0.67945254,0.68173313,11863,12913.479759454727,0.3390452,0.47455573,0.49067086,0.4857204,11.181289305954579,0.0,0.0
66628,785840,0.35611218,0.08471559,0.11368311,0.12874739,10,0.0,110427,1546110,0.33202744,0.60578597,0.5676245,0.55267125,0.6881396,0.6905016,0.68109995,0.6815149,11872,12923.903623104095,0.33202744,0.4295872,0.47895142,0.48602504,8.551542244696654,0.0,0.0
66685,786410,0.28853276,0.114569984,0.1116663,0.128797,10,0.0,110511,1546950,0.36988458,0.5745889,0.5696405,0.55253226,0.65841734,0.6891588,0.6837357,0.6815291,11881,12934.417721033096,0.36988458,0.49161544,0.5095958,0.48616353,9.417168044750085,0.0,0.0
66744,787000,0.30760357,0.09918921,0.11074638,0.12753503,10,0.0,110597,1547810,0.3473347,0.575794,0.5678661,0.5533151,0.6549383,0.6749832,0.68105453,0.68131363,11890,12944.839540481567,0.3473347,0.5089725,0.50569075,0.4849377,9.439950377458114,0.0,0.0
66804,787600,0.35757327,0.13839008,0.12958151,0.12864119,10,0.0,110682,1548660,0.35359192,0.5501059,0.55149144,0.5522731,0.7111652,0.67709136,0.678096,0.68101466,11899,12955.430444955826,0.35359192,0.41957837,0.46889034,0.48306784,11.889809805178864,0.0,0.0
66859,788150,0.33765227,0.11835377,0.13683869,0.12894711,10,0.0,110768,1549520,0.3298388,0.5583387,0.5454428,0.5521868,0.6674911,0.6766924,0.6824346,0.68135446,11908,12966.052863836288,0.3298388,0.4717977,0.4680263,0.48344788,8.504814381786984,0.0,0.0
66918,788740,0.334471,0.13931859,0.13965721,0.12955804,10,0.0,110855,1550390,0.38173544,0.5482063,0.54382443,0.5515464,0.71620643,0.6875249,0.6834817,0.681318,11917,12976.719191074371,0.38173544,0.4236663,0.45336223,0.4813562,11.82421035983984,0.0,0.0
66976,789320,0.35201806,0.13271876,0.12127716,0.12881699,10,0.0,110940,1551240,0.34307736,0.55212194,0.5616562,0.5522822,0.6950954,0.68484056,0.6829333,0.6812715,11926,12986.92675113678,0.34307736,0.51208556,0.4714628,0.48112756,10.21385691506408,0.0,0.0
67033,789890,0.31546104,0.1384013,0.1261943,0.12895764,10,0.0,111025,1552090,0.38011986,0.54032755,0.5567339,0.55225503,0.6955809,0.6787288,0.68307173,0.68141,11935,12997.18099117279,0.3589375,0.5065537,0.48288372,0.47984973,13.038592555795473,0.0,0.0
67090,790460,0.2916224,0.16115902,0.12976307,0.12924334,10,0.0,111109,1552930,0.36757785,0.5131463,0.5515662,0.55209,0.65920025,0.6743053,0.6814856,0.6815062,11943,13006.128393888474,0.36757785,0.46795058,0.48583186,0.4801065,11.736865890701713,0.0,0.0
67152,791080,0.34228402,0.1737692,0.13159914,0.13051699,10,0.0,111197,1553810,0.35614872,0.48914003,0.5496917,0.5510255,0.69843274,0.68489176,0.684569,0.68199754,11953,13018.015532970428,0.35614872,0.40372008,0.48263702,0.47893518,11.326121397823998,0.0,0.0
67203,791590,0.33055764,0.108897805,0.13715293,0.13188483,10,0.0,111283,1554670,0.38349617,0.5726322,0.54169995,0.54982257,0.7140538,0.68152994,0.6820888,0.6818166,11962,13028.6713681221,0.37817585,0.48356953,0.4676926,0.47581634,8.719415654395231,0.0,0.0
67263,792190,0.0,0.18667956,0.14129195,0.13104314,10,0.0,111369,1555530,0.70007765,0.48975244,0.5379101,0.550285,0.70007765,0.676432,0.67920196,0.68161607,11971,13039.107441663742,0.70007765,0.46632105,0.4706065,0.47477445,11.2897116567918,0.0,0.0
67322,792780,0.33276233,0.14653936,0.1320626,0.12996045,10,0.0,111455,1556390,0.38389495,0.54022825,0.54860693,0.5514929,0.7166573,0.68676764,0.6806695,0.6815537,11980,13049.60949063301,0.33158943,0.54144365,0.48601365,0.4770602,8.569813273748094,0.0,0.0
67382,793380,0.00095808506,0.11559571,0.119555816,0.12827423,10,0.0,111541,1557250,0.65715986,0.5646149,0.56126106,0.55324167,0.65811795,0.6802106,0.6813359,0.6815454,11989,13060.145207166672,0.34669787,0.46119004,0.49346882,0.48028162,13.18971817432814,0.0,0.0
67439,793950,0.3351445,0.108584486,0.11755827,0.12624592,10,0.0,111625,1558090,0.3254402,0.56903213,0.560673,0.55439144,0.6605847,0.67761666,0.679382,0.68124074,11998,13070.456088542938,0.3254402,0.5064136,0.49205709,0.48057032,13.01771945092421,0.0,0.0
67497,794530,0.015776575,0.17480607,0.123860195,0.12627028,10,0.0,111711,1558950,0.6546424,0.50633657,0.5528278,0.5546832,0.670419,0.68114257,0.67705023,0.6812508,12007,13080.998975276947,0.32859558,0.42023793,0.48824966,0.48201904,12.553628151610738,0.0,0.0
67549,795050,0.3418683,0.07380147,0.13238424,0.12711364,10,0.0,111796,1559800,0.37248752,0.60512495,0.54778785,0.55389166,0.7143558,0.6789264,0.68022704,0.68137836,12016,13091.345704317093,0.37248752,0.56271863,0.47857356,0.4813202,15.240470581737542,0.0,0.0
67608,795640,0.25297177,0.17260656,0.12767248,0.12755662,10,0.0,111880,1560640,0.40073693,0.5109051,0.5549904,0.55374825,0.6537087,0.6835116,0.6826629,0.68159145,12025,13101.792016983032,0.3663545,0.43512782,0.49049,0.48237243,9.652238528786969,0.0,0.0
67669,796250,0.33317393,0.113674834,0.13835672,0.129247,10,0.0,111967,1561510,0.3523271,0.5571827,0.5413099,0.5518149,0.68550104,0.6708576,0.6796666,0.68132585,12034,13112.239817142487,0.33428842,0.48765755,0.49880162,0.48304155,12.066571345552465,0.0,0.0
67720,796760,0.3316971,0.111305974,0.12257802,0.12900835,10,0.0,112041,1562250,0.36253083,0.5601127,0.5573456,0.55174094,0.69422793,0.6714187,0.6799237,0.6811383,12042,13121.294427394867,0.36253083,0.5236416,0.5067995,0.48296112,11.834796633450376,0.0,0.0
67781,797370,0.32231542,0.13082656,0.11245432,0.12885289,10,0.0,112137,1563210,0.35543796,0.5252148,0.565696,0.5524427,0.6777534,0.6793202,0.6814531,0.68151015,12052,13132.975135326385,0.35543796,0.42151213,0.5073722,0.4827464,9.440288202768276,0.0,0.0
67837,797930,0.33459032,0.10023669,0.1277199,0.12793556,10,0.0,112225,1564090,0.32540023,0.5817638,0.55460256,0.5531167,0.65999055,0.6820005,0.6835452,0.6815766,12061,13143.560165643692,0.32540023,0.56226695,0.50030136,0.48571646,10.930030205245044,0.0,0.0
67896,798520,0.30544165,0.07523574,0.12018501,0.12693329,10,0.0,112309,1564930,0.3806903,0.61593306,0.56379527,0.5542947,0.68613195,0.6911687,0.68398017,0.68165576,12070,13154.282181024551,0.37082583,0.55173457,0.51413935,0.48879373,10.052494954344034,0.0,0.0
67958,799140,0.34055448,0.11560865,0.11122301,0.12602788,10,0.0,112395,1565790,0.32434738,0.57437015,0.5732753,0.5553431,0.66490185,0.6899788,0.6844984,0.68183917,12079,13164.876571893692,0.32434738,0.4344658,0.50735724,0.49173924,12.27667884001111,0.0,0.0
68011,799670,0.30008894,0.1312509,0.12188851,0.12615998,10,0.0,112477,1566610,0.36951107,0.5453069,0.5623872,0.5552083,0.6696,0.6698136,0.6820121,0.6815249,12087,13174.187311887741,0.36951107,0.45725924,0.49854767,0.49219197,12.861509005010229,0.0,0.0
68070,800260,0.315744,0.19002602,0.13114658,0.12692788,10,0.0,112563,1567470,0.34252068,0.5161976,0.55163836,0.5540648,0.6582647,0.687049,0.67938936,0.68132544,12097,13186.025021791458,0.34252068,0.47395843,0.49610505,0.49240807,11.443219933440973,0.0,0.0
68127,800830,0.32991344,0.11927941,0.14107956,0.12730055,10,0.0,112649,1568330,0.33483088,0.5537363,0.537121,0.5534985,0.6647443,0.6730158,0.6784805,0.6810665,12106,13196.91658449173,0.33483088,0.4289351,0.4869838,0.4919966,9.112067922349258,0.0,0.0
68185,801410,0.29727447,0.12228153,0.1377633,0.12585375,10,0.0,112735,1569190,0.38000864,0.56086487,0.540987,0.5552947,0.6772831,0.6831464,0.6785927,0.68093127,12115,13208.022213935852,0.33236533,0.51655465,0.49474022,0.4928656,8.189683855034747,0.0,0.0
68240,801960,0.33237818,0.08678447,0.12963964,0.12558086,10,0.0,112817,1570010,0.35083535,0.58922493,0.5533077,0.5553771,0.68321353,0.67600936,0.68252873,0.68106276,12123,13217.9714615345,0.35083535,0.5743206,0.5046691,0.49639428,20.881510250067087,0.0,0.0
68292,802480,0.31394842,0.167483,0.1290027,0.12645434,10,0.0,112902,1570860,0.38303474,0.5087908,0.5506252,0.5546597,0.69698316,0.6762737,0.67946565,0.68080944,12132,13228.64812207222,0.38303474,0.47027358,0.49678844,0.49537396,8.81277200422663,0.0,0.0
68351,803070,0.26592857,0.06402496,0.12607045,0.12612513,10,0.0,112984,1571680,0.3972994,0.6260688,0.558,0.5552919,0.663228,0.69009376,0.6810938,0.6811224,12141,13239.149949789047,0.3672644,0.5786142,0.5031337,0.49759912,12.038359227993556,0.0,0.0
68408,803640,0.31248957,0.12767255,0.12326505,0.12681662,10,0.0,113069,1572530,0.36883783,0.52116925,0.55599874,0.5545831,0.6813274,0.681964,0.6819654,0.68109244,12150,13249.774285554886,0.35770306,0.48190942,0.50462556,0.49731496,6.15139940059735,0.0,0.0
68462,804180,0.35747448,0.15454964,0.1337994,0.12838283,10,0.0,113149,1573330,0.34619978,0.53096074,0.54065514,0.5526626,0.70367426,0.68551046,0.6776401,0.6810194,12158,13259.53755402565,0.34619978,0.472685,0.48585346,0.4980114,33.814233518972976,0.0,0.0
68517,804730,0.32284772,0.09460123,0.13172112,0.1279526,10,0.0,113223,1574070,0.33149385,0.5858983,0.54738176,0.55317223,0.6543416,0.68049943,0.67898333,0.68112755,12166,13268.873400688171,0.33149385,0.55473703,0.5019866,0.49830648,10.6519598668119,0.0,0.0
68575,805310,0.27990657,0.14794566,0.124494955,0.1279167,10,0.0,113319,1575030,0.38057482,0.5264953,0.55657095,0.55286604,0.6604814,0.67444086,0.67972887,0.68077195,12176,13280.687425613403,0.32297155,0.56541073,0.5218878,0.5018277,12.34147692113944,0.0,0.0
68633,805890,0.34246337,0.07129935,0.12196797,0.12670456,10,0.0,113413,1575970,0.3312313,0.6214674,0.55794597,0.5544636,0.6736947,0.6927668,0.68026596,0.6809427,12185,13291.4774684906,0.3312313,0.5178245,0.51727927,0.5018202,9.293108066759295,0.0,0.0
68691,806470,0.30277914,0.13993864,0.12128747,0.12594971,10,0.0,113492,1576760,0.37917197,0.53683996,0.5575232,0.55455226,0.6819511,0.6767786,0.67881066,0.68070173,12194,13302.131451129913,0.33895585,0.48527557,0.49864158,0.5015981,12.12937875997225,0.0,0.0
68749,807050,0.3655701,0.11444434,0.12499411,0.12738715,10,0.0,113587,1577710,0.3199689,0.5670046,0.5494078,0.55319285,0.685539,0.68144894,0.67762804,0.6805962,12203,13312.62462735176,0.3199689,0.47085604,0.48795697,0.50083524,12.108669889444943,0.0,0.0
68804,807600,0.35001662,0.13843793,0.121464044,0.12759241,10,0.0,113672,1578560,0.34313312,0.55001795,0.5550571,0.5529256,0.69314975,0.6884559,0.67975867,0.68049103,12212,13323.721090555191,0.34313312,0.50544477,0.4925593,0.49919042,8.791401902695416,0.0,0.0
68866,808220,0.0,0.19654873,0.14094633,0.12977688,10,0.0,113750,1579340,0.7106624,0.4849682,0.53667134,0.5502349,0.7106624,0.679268,0.68103945,0.68029714,12221,13334.142174959183,0.7106624,0.4119358,0.45925167,0.49648294,11.782265800898635,0.0,0.0
68920,808760,0.3673202,0.10855961,0.12301293,0.12921819,10,0.0,113836,1580200,0.33137372,0.5601049,0.5548048,0.550585,0.69869393,0.6686645,0.6799295,0.68011713,12230,13344.744585514069,0.33137372,0.4929212,0.4675401,0.49559724,11.105978947301528,0.0,0.0
68976,809320,0.3713973,0.17497042,0.12195638,0.12914743,10,0.0,113912,1580960,0.34466442,0.5156883,0.5594855,0.55061513,0.7160617,0.6906588,0.6814417,0.6800902,12238,13354.35120344162,0.34466442,0.4912211,0.48912156,0.49349484,27.904134888152047,0.0,0.0
69029,809850,0.32803318,0.115860365,0.12876298,0.12988424,10,0.0,114000,1581840,0.3590196,0.5673144,0.55443645,0.5492747,0.6870528,0.6831747,0.68324083,0.68020386,12247,13365.33071565628,0.3221011,0.5918643,0.49596763,0.49504963,9.680548884728806,0.0,0.0
69091,810470,0.31913128,0.14947486,0.13852689,0.12986945,10,0.0,114084,1582680,0.3723084,0.5406703,0.5411098,0.54992265,0.6914397,0.69014513,0.6825321,0.68048894,12256,13375.595254421234,0.32437986,0.4762962,0.502973,0.4953784,13.351265301990798,0.0,0.0
69145,811010,0.3321217,0.11587179,0.12754507,0.12906235,10,0.0,114170,1583540,0.36193898,0.5690747,0.55356294,0.55102366,0.6940607,0.6849464,0.6836756,0.68077666,12265,13385.97404885292,0.32637253,0.5498457,0.51346326,0.49675506,10.153054555278093,0.0,0.0
69201,811570,0.35353193,0.10889797,0.11666649,0.12749009,10,0.0,114254,1584380,0.33292815,0.5822396,0.56675375,0.5528159,0.6864601,0.6911376,0.6834202,0.680887,12273,13395.379605531693,0.33292815,0.49929824,0.51444936,0.49763724,13.600996945023722,0.0,0.0
69259,812150,0.32621887,0.08162372,0.11361894,0.12635821,10,0.0,114339,1585230,0.3358067,0.5986168,0.5681887,0.55363613,0.6620256,0.6802405,0.68180764,0.6809311,12283,13407.123960494995,0.3358067,0.54181945,0.50729007,0.49934584,11.962292703558852,0.0,0.0
69317,812730,0.30804816,0.13000035,0.11566742,0.12565096,10,0.0,114424,1586080,0.40705612,0.5548204,0.56741136,0.554746,0.7151043,0.6848207,0.6830787,0.68118006,12292,13417.610745191574,0.35483631,0.49040288,0.5156199,0.49936548,9.822390147784175,0.0,0.0
69372,813280,0.27769932,0.066591375,0.12475059,0.1258873,10,0.0,114499,1586830,0.38908038,0.60104007,0.55618197,0.5535838,0.6667797,0.69392383,0.68312556,0.68100464,12300,13427.100063085556,0.38908038,0.5541543,0.504851,0.4995794,35.681901127292804,0.0,0.0
69429,813850,0.31480843,0.16471012,0.12801471,0.12665345,10,0.0,114585,1587690,0.37116587,0.50565434,0.55144954,0.55386716,0.6859743,0.67036444,0.6796238,0.68092614,12309,13437.953565359116,0.33339828,0.46680945,0.49569404,0.49743947,10.902383690342758,0.0,0.0
69483,814390,0.28874403,0.14174841,0.13228062,0.12581258,10,0.0,114672,1588560,0.37948263,0.5381228,0.5460967,0.5540026,0.66822666,0.67987114,0.6782452,0.6810472,12318,13448.484779834747,0.37666947,0.50459474,0.48743886,0.49782237,13.753002308067876,0.0,0.0
69543,814990,0.29590368,0.13393292,0.13498755,0.1271088,10,0.0,114756,1589400,0.40837997,0.54360723,0.5470571,0.55315965,0.70428365,0.6775401,0.68170047,0.68114257,12327,13458.782263040543,0.40837997,0.51107574,0.49606144,0.49828285,11.512170754234067,0.0,0.0
69601,815570,0.31314632,0.05714318,0.123902455,0.12563267,10,0.0,114842,1590260,0.34480348,0.6249346,0.5588835,0.5549611,0.6579498,0.68207777,0.6827412,0.68126637,12336,13469.539151668549,0.34480348,0.5731688,0.50938505,0.4975222,11.92393569387784,0.0,0.0
69656,816120,0.32095003,0.11811004,0.11735526,0.1264187,10,0.0,114926,1591100,0.36828548,0.55324465,0.55935156,0.5534309,0.6892355,0.67135465,0.6800063,0.68119115,12345,13480.332835197449,0.33966455,0.4639341,0.50976354,0.49641183,9.197242430641394,0.0,0.0
69717,816730,0.29516745,0.16001645,0.12688614,0.12605025,10,0.0,115011,1591950,0.38140583,0.5188979,0.5467921,0.55449224,0.6765733,0.67891437,0.67629653,0.68114036,12354,13490.961125135422,0.35120624,0.4726972,0.49667484,0.4974386,12.326656829175324,0.0,0.0
69773,817290,0.29434168,0.09514135,0.13459927,0.1267101,10,0.0,115099,1592830,0.37249005,0.5532183,0.5424545,0.5534258,0.66683173,0.6764986,0.6761298,0.68105114,12363,13501.883043766022,0.33384907,0.49582833,0.48293212,0.49676794,9.27255101578364,0.0,0.0
69829,817850,0.36942366,0.12325013,0.12796345,0.1257517,10,0.0,115192,1593760,0.338694,0.5782953,0.54822683,0.5544137,0.70811766,0.7015454,0.6790042,0.6809464,12372,13512.662959575653,0.338694,0.5494788,0.48817673,0.4976832,9.10029670371395,0.0,0.0
69883,818390,0.27651057,0.107862785,0.1176387,0.124846295,10,0.0,115261,1594450,0.38503388,0.57430995,0.566745,0.55532485,0.66154444,0.68217266,0.68076444,0.6808594,12380,13522.320245981216,0.38503388,0.5707359,0.50237054,0.49869722,21.782232927321996,0.0,0.0
69944,819000,0.3391417,0.16315755,0.1298385,0.12568323,10,0.0,115355,1595390,0.33234766,0.48363048,0.54918075,0.5551918,0.67148936,0.676463,0.6804807,0.68110645,12390,13534.420222759247,0.33234766,0.4695931,0.4954454,0.49992174,5.515062827581047,0.0,0.0
69998,819540,0.2960148,0.1663652,0.1317045,0.12608665,10,0.0,115431,1596150,0.38587284,0.50306255,0.54678845,0.5543163,0.6818876,0.6679855,0.67911446,0.6806081,12398,13544.033356189728,0.3310621,0.46668664,0.4876609,0.50065434,27.547600563785085,0.0,0.0
70053,820090,0.00216043,0.14477983,0.12646542,0.124874085,10,0.0,115518,1597020,0.71004856,0.54586506,0.5519169,0.55513585,0.712209,0.69064486,0.6784716,0.6806225,12407,13554.49984407425,0.37782946,0.44662398,0.48590207,0.50037783,31.084276453625606,0.0,0.0
70112,820680,0.3022874,0.12734593,0.12017246,0.12413719,10,0.0,115603,1597870,0.35407984,0.560851,0.5624674,0.5558214,0.65636724,0.6881969,0.6826399,0.680499,12416,13565.280401229858,0.35321072,0.5287909,0.5038081,0.5004563,10.017504284119203,0.0,0.0
70171,821270,0.27067953,0.16788438,0.12753527,0.12520045,10,0.0,115688,1598720,0.3937748,0.5198109,0.5535786,0.5545203,0.66445434,0.6876954,0.68111396,0.6803022,12425,13575.875544071198,0.36151484,0.45977336,0.49759418,0.49902052,11.430599027352145,0.0,0.0
70228,821840,0.32843494,0.098039545,0.12267654,0.12494307,10,0.0,115773,1599570,0.33219975,0.5933645,0.5584743,0.5547158,0.6606347,0.691404,0.6814027,0.68040717,12434,13586.422572851181,0.33219975,0.5110027,0.48777807,0.49712542,10.20635590395138,0.0,0.0
70285,822410,0.34561953,0.084988356,0.11097418,0.12466635,10,0.0,115858,1600420,0.3499445,0.5870004,0.56959665,0.5548386,0.69556403,0.67198884,0.6807239,0.68010277,12443,13597.129166603088,0.3227837,0.50737965,0.49980327,0.49722698,9.89258105479253,0.0,0.0
70338,822940,0.29222703,0.14141792,0.11708683,0.12454131,10,0.0,115938,1601220,0.3637722,0.5465543,0.5632675,0.55477446,0.65599924,0.68797225,0.6803543,0.6800636,12451,13606.983237028122,0.3637722,0.50549656,0.48632857,0.49524316,24.17235008062629,0.0,0.0
70391,823470,0.333064,0.1439268,0.13246128,0.12531537,10,0.0,116017,1602010,0.3368244,0.53828543,0.5481995,0.5540607,0.6698884,0.68221223,0.6806607,0.6798191,12460,13617.487327575684,0.3368244,0.43869275,0.478413,0.4951662,8.970533697375721,0.0,0.0
70448,824040,0.3198013,0.1396405,0.1414403,0.12601033,10,0.0,116103,1602870,0.3456798,0.54883134,0.5398314,0.55323565,0.6654811,0.6884719,0.68133324,0.68003356,12468,13626.810300827026,0.33743116,0.47630563,0.4829187,0.49396718,12.608017083616899,0.0,0.0
70510,824660,0.3261103,0.11936557,0.13503154,0.12558252,10,0.0,116189,1603730,0.33971405,0.52595377,0.5434872,0.55375737,0.66582435,0.6754649,0.67908305,0.67982715,12478,13638.775292634964,0.33971405,0.5139456,0.50032187,0.49559277,10.953147221669468,0.0,0.0
70561,825170,0.2960223,0.12074076,0.11872621,0.12432939,10,0.0,116264,1604480,0.3780142,0.5665041,0.5596219,0.55473423,0.6740365,0.6872449,0.678628,0.679761,12486,13647.966765642166,0.3780142,0.46232048,0.50548255,0.49559957,12.228287980090968,0.0,0.0
70623,825790,0.35111436,0.11438737,0.12533182,0.12486232,10,0.0,116358,1605420,0.32227084,0.5585528,0.5568973,0.554479,0.6733852,0.6729402,0.68206483,0.67991453,12496,13659.7818775177,0.32227084,0.509416,0.49242288,0.49489176,8.323110117243365,0.0,0.0
70677,826330,0.31774676,0.07945275,0.1258368,0.124955185,10,0.0,116435,1606190,0.35527575,0.6099629,0.5564346,0.55518305,0.6730225,0.6894157,0.6819,0.68007845,12504,13669.535989999771,0.35527575,0.55760664,0.49051479,0.49365944,29.680382292979477,0.0,0.0
70732,826880,0.2486555,0.088561594,0.117523104,0.12389064,10,0.0,116521,1607050,0.41501528,0.5957981,0.5625449,0.5557192,0.6636708,0.68435967,0.679619,0.68022573,12513,13680.537809371948,0.34327555,0.58607996,0.515563,0.4948537,12.606880200637452,0.0,0.0
70789,827450,0.348408,0.1250058,0.13036798,0.12429599,10,0.0,116608,1607920,0.35002872,0.55825305,0.54759413,0.55590236,0.69843674,0.6835045,0.6811478,0.68050975,12522,13691.052129030228,0.35002872,0.5312988,0.5171595,0.49640483,14.294832557410349,0.0,0.0
70846,828020,0.26702684,0.11403358,0.13756958,0.12540336,10,0.0,116682,1608660,0.3876434,0.5616016,0.54147357,0.5545356,0.65467024,0.67563516,0.6822156,0.6804027,12530,13700.68179655075,0.3613528,0.52253425,0.5036209,0.49811667,11.573357600487624,0.0,0.0
70907,828630,0.34107423,0.11947749,0.124879435,0.12558526,10,0.0,116778,1609620,0.3497857,0.55502164,0.5554671,0.5545015,0.6908599,0.67449915,0.6798469,0.68040687,12540,13712.406938791275,0.34679055,0.5031022,0.5010592,0.49700078,11.912759702912648,0.0,0.0
70959,829150,0.26977232,0.12975755,0.11639633,0.12472929,10,0.0,116851,1610350,0.41134748,0.5558892,0.5658108,0.5561604,0.6811198,0.68564665,0.682402,0.6805797,12548,13721.975581645966,0.34544146,0.46523872,0.502202,0.49720266,10.95857311639335,0.0,0.0
71019,829750,0.29949152,0.13855389,0.11201415,0.123671584,10,0.0,116943,1611270,0.37960505,0.54033124,0.56867796,0.55741835,0.6790966,0.67888516,0.6813823,0.6808318,12558,13733.67685508728,0.37599355,0.47145241,0.5199389,0.4987597,8.90001911858851,0.0,0.0
71073,830290,0.30565363,0.19607136,0.12703905,0.12487311,10,0.0,117020,1612040,0.35467196,0.4867475,0.55686134,0.55640835,0.6603256,0.6828189,0.68406326,0.6809767,12566,13743.707206487656,0.35467196,0.4310535,0.50207525,0.49841055,10.10322901714558,0.0,0.0
71129,830850,0.29107034,0.12038195,0.13131034,0.12459137,10,0.0,117107,1612910,0.3841682,0.56711185,0.5482734,0.55633014,0.67523855,0.6874938,0.6831172,0.6810042,12575,13754.554989814758,0.33840498,0.48958904,0.4831604,0.498544,11.377567905105916,0.0,0.0
71188,831440,0.31866217,0.09253268,0.11832151,0.12402084,10,0.0,117193,1613770,0.36851573,0.5888206,0.5625579,0.55733156,0.6871779,0.6813533,0.68403596,0.68117815,12584,13765.332400083542,0.33116543,0.5487002,0.5173053,0.49982467,8.740664484090184,0.0,0.0
71243,831990,0.3078636,0.12386229,0.12041612,0.12492479,10,0.0,117278,1614620,0.40321338,0.5713684,0.5618366,0.5562915,0.711077,0.69523066,0.6817812,0.6811054,12593,13776.320035934448,0.34392858,0.49880648,0.51834834,0.5009252,8.629623015268841,0.0,0.0
71295,832510,0.30542526,0.09915646,0.11912033,0.12499515,10,0.0,117352,1615360,0.355473,0.5787221,0.5613881,0.55614144,0.66089827,0.676599,0.68039435,0.6811276,12601,13786.126719474792,0.3230609,0.5739928,0.5250226,0.5028471,21.646802837930665,0.0,0.0
71355,833110,0.2625384,0.11676123,0.127904,0.12592651,10,0.0,117437,1616210,0.41330346,0.570371,0.55461437,0.5556198,0.67584187,0.6871322,0.6823904,0.68147653,12610,13796.91999411583,0.37898734,0.51954824,0.5180434,0.5032213,13.652551155923359,0.0,0.0
71409,833650,0.2547458,0.08353519,0.14718883,0.12614292,10,0.0,117522,1617060,0.41334578,0.6129559,0.53569645,0.5549255,0.6680916,0.6964911,0.6828167,0.6814362,12619,13807.698154687881,0.37197015,0.51078665,0.48306984,0.503247,9.404867933294407,0.0,0.0
71466,834220,0.26209304,0.08810939,0.12407871,0.12416907,10,0.0,117602,1617860,0.39718893,0.59405816,0.55660486,0.5565889,0.65928197,0.68216765,0.6806835,0.68132514,12627,13817.447463035583,0.39718893,0.5241089,0.50153124,0.50580806,26.143127299200554,0.0,0.0
71523,834790,0.18299901,0.12570089,0.11435034,0.12439167,10,0.0,117683,1618670,0.52043986,0.5482577,0.56530815,0.55658144,0.7034389,0.6807036,0.68033767,0.6815116,12636,13828.001127004623,0.37380305,0.5199966,0.5034724,0.50380945,21.61895361333536,0.0,0.0
71582,835380,0.3377586,0.11339605,0.121150166,0.12516734,10,0.0,117776,1619600,0.35035455,0.5744431,0.55495644,0.55605805,0.68811315,0.68705094,0.67974275,0.6814559,12646,13839.730761051178,0.35035455,0.46312466,0.48494613,0.50257224,6.343610629148608,0.0,0.0
71636,835920,0.34736872,0.10276101,0.1236719,0.124253936,10,0.0,117852,1620360,0.3591851,0.5776874,0.558558,0.55669034,0.7065538,0.68044835,0.68201166,0.6814897,12654,13849.512109518051,0.3591851,0.569493,0.49765405,0.504321,25.294364903566947,0.0,0.0
71687,836430,0.34315345,0.053067587,0.11279679,0.123411104,10,0.0,117938,1621220,0.3608457,0.63299644,0.57145923,0.557652,0.70399916,0.68606406,0.6835716,0.6817609,12662,13859.415024280548,0.35612282,0.52006066,0.4972313,0.50378704,23.341927778832066,0.0,0.0
71743,836990,0.3043248,0.13081995,0.12170661,0.12447645,10,0.0,118016,1622000,0.38056636,0.5619348,0.5598221,0.5565549,0.68489116,0.6828255,0.6833451,0.68200266,12671,13870.400369882584,0.30164605,0.43731174,0.46651086,0.50103873,8.270643807375405,0.0,0.0
71804,837600,0.3261531,0.12816754,0.12828016,0.122947544,10,0.0,118098,1622820,0.35755455,0.5581553,0.55074763,0.55865586,0.68370765,0.6863228,0.6814385,0.68189436,12680,13881.104316711426,0.35755455,0.50034714,0.47781226,0.49937612,9.971888634867984,0.0,0.0
71859,838150,0.3123054,0.09928238,0.12266611,0.1225412,10,0.0,118190,1623740,0.37782633,0.58114773,0.56078327,0.5586554,0.6901317,0.68043005,0.683603,0.68217725,12689,13892.006803274155,0.37782633,0.49410772,0.48473412,0.49804178,9.40923738880059,0.0,0.0
71916,838720,0.31862485,0.11817269,0.12752205,0.12291248,10,0.0,118267,1624510,0.38918555,0.5664395,0.5530801,0.55876935,0.7078104,0.68461215,0.680602,0.6820591,12698,13902.522510766983,0.35752293,0.5101555,0.48381272,0.49750832,13.431593981519287,0.0,0.0
71977,839330,0.0,0.16939023,0.12753914,0.124472745,10,0.0,118351,1625350,0.67693424,0.5133325,0.5522127,0.5565911,0.67693424,0.68272275,0.6797518,0.6820382,12707,13913.2435901165,0.67693424,0.4201792,0.47704878,0.49459574,10.357354695166672,0.0,0.0
72027,839830,0.35820764,0.109631345,0.12895453,0.12473801,10,0.0,118428,1626120,0.34425104,0.56564164,0.5509335,0.5561415,0.7024587,0.67527306,0.67988795,0.68179375,12715,13923.115423679352,0.34425104,0.5051742,0.47254574,0.4922783,25.83125786767767,0.0,0.0
72085,840410,0.30583474,0.15117013,0.13388121,0.12490127,10,0.0,118512,1626960,0.36021194,0.53777087,0.54935324,0.5562964,0.6660467,0.68894094,0.68323433,0.6820411,12724,13933.932070493698,0.36021194,0.5145215,0.49207783,0.4930266,10.873971662316356,0.0,0.0
72144,841000,0.3370955,0.1729115,0.1418259,0.12545888,10,0.0,118598,1627820,0.3220663,0.5191589,0.54263425,0.55597275,0.6591618,0.69207036,0.6843136,0.6819352,12733,13944.535680294037,0.3038737,0.44766617,0.49144208,0.49373907,13.086813198813722,0.0,0.0
72196,841520,0.36560598,0.09931668,0.12637395,0.12589063,10,0.0,118684,1628680,0.34399012,0.5780116,0.55764693,0.55585533,0.7095961,0.6773282,0.68373835,0.68204445,12742,13955.29832983017,0.34399012,0.5256902,0.51664865,0.49439138,9.727875789085994,0.0,0.0
72257,842130,0.0012183785,0.17250173,0.13475402,0.12614478,10,0.0,118769,1629530,0.6609932,0.5209135,0.55011296,0.5557009,0.6622116,0.69341516,0.684528,0.68224037,12751,13965.999809741974,0.41222012,0.47203,0.5099845,0.49408424,11.09517056464082,0.0,0.0
72315,842710,0.2826694,0.14077708,0.12706503,0.12643917,10,0.0,118852,1630360,0.38112882,0.5421084,0.55738217,0.55551654,0.6637982,0.68288547,0.6848074,0.6824922,12760,13976.623316287994,0.34322238,0.40463787,0.48674527,0.49195886,9.076214770003661,0.0,0.0
72362,843180,0.31951255,0.08640521,0.11579214,0.12486269,10,0.0,118930,1631140,0.39378595,0.59350747,0.56742257,0.557105,0.7132985,0.6799127,0.68321466,0.68237984,12768,13986.617953062057,0.36678872,0.5076276,0.49221832,0.49187806,21.5395060035609,0.0,0.0
72424,843800,0.32288182,0.12890358,0.1203566,0.12446803,10,0.0,119014,1631980,0.35943508,0.54898787,0.5607532,0.55799216,0.6823169,0.67789143,0.68110985,0.6823816,12777,13997.414991855621,0.34811768,0.49032682,0.49452466,0.49167538,7.864344084553759,0.0,0.0
72481,844370,0.32596174,0.16174908,0.12209076,0.12460765,10,0.0,119099,1632830,0.38799402,0.52512777,0.56285346,0.5581227,0.71395576,0.6860533,0.6817485,0.682557,12786,14007.990270614624,0.3614258,0.46819496,0.50843143,0.49244183,12.251959616448568,0.0,0.0
72538,844940,0.32777813,0.11677413,0.13160521,0.12508681,10,0.0,119182,1633660,0.37656716,0.57827497,0.5549495,0.5576915,0.7043453,0.6950491,0.6861177,0.6828829,12795,14018.603600502014,0.37656716,0.5279146,0.50500447,0.49288714,9.626178369750194,0.0,0.0
72588,845440,0.3597011,0.12867928,0.12519976,0.12509872,10,0.0,119260,1634440,0.3332972,0.54827654,0.56039125,0.55781627,0.6929983,0.6769558,0.68196136,0.68280864,12803,14028.355569839478,0.3332972,0.46292776,0.49249232,0.49222204,29.081328214540026,0.0,0.0
72649,846050,0.28639233,0.12942669,0.12836005,0.1258181,10,0.0,119344,1635280,0.3674423,0.54650223,0.55423224,0.5571065,0.65383464,0.67592895,0.6825924,0.6827956,12812,14038.814266443253,0.28678897,0.467371,0.49398696,0.4931364,11.985314624567371,0.0,0.0
72702,846580,0.3311471,0.14292547,0.13098136,0.12671822,10,0.0,119428,1636120,0.3794339,0.5358558,0.55182314,0.55615133,0.710581,0.67878133,0.68008924,0.68235564,12821,14049.33934044838,0.30225286,0.4724485,0.48774418,0.49201342,11.417900249520477,0.0,0.0
72761,847170,0.31211433,0.10211216,0.12353748,0.12605482,10,0.0,119515,1636990,0.3613275,0.58333576,0.5582013,0.55709994,0.6734418,0.6854479,0.6788688,0.68232316,12830,14060.187450170517,0.35488597,0.5453102,0.4881202,0.49294862,9.958426464226578,0.0,0.0
72821,847770,0.039753675,0.15067677,0.124195784,0.1269823,10,0.0,119597,1637810,0.6186241,0.53056353,0.55844265,0.5560008,0.65837777,0.6812403,0.6826384,0.68224496,12839,14070.514774560928,0.30607417,0.48949313,0.49108574,0.49287298,11.996802228715014,0.0,0.0
72874,848300,0.35533768,0.16205224,0.12610002,0.12604386,10,0.0,119682,1638660,0.35598582,0.51640964,0.55180156,0.5573503,0.7113235,0.6784619,0.6809517,0.6822207,12848,14081.186735630035,0.34487382,0.4897027,0.48808464,0.49437538,8.76353480411033,0.0,0.0
72932,848880,0.2655858,0.14128396,0.11621373,0.12547289,10,0.0,119768,1639520,0.39339504,0.5407762,0.5617133,0.55733985,0.65898085,0.6820601,0.6811177,0.6822826,12857,14092.049624681473,0.33642298,0.45067078,0.5013164,0.49522975,8.620104350370951,0.0,0.0
72987,849430,0.32995197,0.083508365,0.12689635,0.12573291,10,0.0,119843,1640270,0.32744536,0.59265935,0.5533269,0.557008,0.65739733,0.67616785,0.6802232,0.6822582,12865,14101.619184970856,0.32744536,0.573977,0.49601784,0.49606574,26.317746500790292,0.0,0.0
73045,850010,0.2597046,0.13360634,0.11781671,0.12515397,10,0.0,119931,1641150,0.39747375,0.55593693,0.56465375,0.5579611,0.65717834,0.68500966,0.6822166,0.682386,12874,14112.051855802536,0.3676101,0.5349425,0.51315665,0.49887934,13.207947748938702,0.0,0.0
73103,850590,0.31768087,0.08916426,0.123754196,0.12399546,10,0.0,120017,1642010,0.3903531,0.59706867,0.56129473,0.558888,0.708034,0.6862329,0.68535507,0.6825338,12883,14122.835809230804,0.35532227,0.505255,0.49367765,0.4972074,10.34395472467937,0.0,0.0
73157,851130,0.28348166,0.104074955,0.1220899,0.12343013,10,0.0,120098,1642820,0.3839299,0.59562016,0.5677386,0.55937076,0.66741157,0.6996951,0.6872518,0.68280274,12892,14133.44240951538,0.3839299,0.5225526,0.49169177,0.4976723,10.19037912314183,0.0,0.0
73213,851690,0.38837278,0.1434397,0.13048631,0.12492524,10,0.0,120174,1643580,0.2911132,0.54065794,0.5552158,0.558412,0.679486,0.68409765,0.6857021,0.68278915,12900,14142.878279685974,0.2911132,0.47126928,0.48905677,0.49519485,33.45073472236068,0.0,0.0
73271,852270,0.37746066,0.14710304,0.13167335,0.123463,10,0.0,120258,1644420,0.2897271,0.5418042,0.55117244,0.55916905,0.66718775,0.68890727,0.6828457,0.6826856,12909,14153.299652576447,0.2897271,0.49097696,0.48906586,0.49444196,26.72695620257488,0.0,0.0
73324,852800,0.36529306,0.11876857,0.11633111,0.12408874,10,0.0,120342,1645260,0.29337987,0.5617283,0.5654167,0.5589658,0.6586729,0.6804969,0.6852958,0.68281245,12918,14164.131516456604,0.29337987,0.5252152,0.49798188,0.49412867,12.578200206202757,0.0,0.0
73380,853360,0.31749207,0.09704209,0.1228062,0.12436042,10,0.0,120418,1646020,0.38020194,0.58451676,0.5612426,0.5586136,0.697694,0.6815588,0.6843218,0.68272674,12926,14173.693507909775,0.33970615,0.53356504,0.4857185,0.49389517,11.259897669606358,0.0,0.0
73439,853950,0.30059877,0.1496171,0.14589311,0.1267637,10,0.0,120510,1646940,0.3891112,0.52554935,0.5348351,0.55602723,0.68970996,0.6751665,0.68073153,0.6828325,12936,14185.210357189178,0.36378708,0.4581855,0.4613852,0.49090135,12.149324478158581,0.0,0.0
73494,854500,0.41064137,0.10913005,0.14445388,0.1265866,10,0.0,120596,1647800,0.28251672,0.5576991,0.5400368,0.55636364,0.6931581,0.66682905,0.6794487,0.68242484,12945,14195.842009067535,0.28251672,0.41761145,0.44641942,0.48698908,9.72783743396671,0.0,0.0
73557,855130,0.28646633,0.14671957,0.13790685,0.127545,10,0.0,120681,1648650,0.38558123,0.54200494,0.5465449,0.5551488,0.67204756,0.6887245,0.6816678,0.68252325,12954,14206.484120845795,0.32388493,0.5069233,0.46133727,0.48532444,12.323176410789785,0.0,0.0
73612,855680,0.3041508,0.1474632,0.14014977,0.12885247,10,0.0,120764,1649480,0.35853705,0.5265666,0.5410809,0.55347306,0.66268784,0.6740298,0.6812306,0.6822058,12963,14217.07764172554,0.35853705,0.4415533,0.4797662,0.48515075,10.00374457334999,0.0,0.0
73670,856260,0.0,0.120702304,0.13406,0.12791121,10,0.0,120846,1650300,0.71099275,0.5701006,0.5497522,0.55464596,0.71099275,0.69080293,0.6832817,0.68258816,12972,14227.657673597336,0.71099275,0.49173132,0.48563206,0.48536572,12.170042104597325,0.0,0.0
73721,856770,0.2963268,0.058861375,0.12205302,0.1277941,10,0.0,120922,1651060,0.37676898,0.61662924,0.5627269,0.5556063,0.67309576,0.67549056,0.6844477,0.68295026,12980,14237.339332818985,0.335433,0.5247656,0.50734085,0.48715076,21.48030244368103,0.0,0.0
73782,857380,0.27831575,0.12362353,0.12889193,0.12922645,10,0.0,121014,1651980,0.39158407,0.562747,0.55446196,0.5543335,0.6698998,0.68543065,0.6864466,0.683156,12989,14247.823014259338,0.39158407,0.4474503,0.49014845,0.48618066,10.896206477759087,0.0,0.0
73838,857940,0.30809414,0.15032746,0.13762714,0.12955205,10,0.0,121088,1652720,0.3710689,0.5295162,0.5449374,0.55347925,0.67916304,0.6798436,0.6843142,0.6831167,12998,14258.776267290115,0.3710689,0.49735826,0.47692505,0.48628843,8.584328983968689,0.0,0.0
73889,858450,0.2998369,0.19944385,0.14126684,0.13027902,10,0.0,121174,1653580,0.39175722,0.4904131,0.5403541,0.55297786,0.6915941,0.68985695,0.68162084,0.6831573,13006,14268.814267635345,0.3594893,0.43271017,0.48640457,0.48618782,11.57028313415535,0.0,0.0
73949,859050,0.27161407,0.17975658,0.13586038,0.13114955,10,0.0,121249,1654330,0.40011668,0.5094394,0.5424854,0.552485,0.67173076,0.689196,0.6814226,0.68321574,13015,14279.598732233047,0.39415988,0.46711016,0.48401877,0.48469073,10.52284513697398,0.0,0.0
74004,859600,0.31299433,0.09431241,0.13878809,0.13170041,10,0.0,121332,1655160,0.37219927,0.589019,0.5434321,0.5510663,0.6851936,0.68333143,0.6820573,0.6832708,13024,14290.4325902462,0.28144664,0.47857147,0.47648045,0.4845185,12.795954404064144,0.0,0.0
74060,860160,0.29508087,0.095596835,0.13190584,0.13227777,10,0.0,121417,1656010,0.38801685,0.58698976,0.5493502,0.55056065,0.6830977,0.6825866,0.68142843,0.6829125,13033,14301.469047784805,0.28848284,0.53982514,0.4789584,0.48229912,9.051552776935536,0.0,0.0
74122,860780,0.37065846,0.14563355,0.12515338,0.13254787,10,0.0,121503,1656870,0.28576618,0.5353482,0.5533762,0.55012536,0.65642464,0.6809818,0.6779774,0.6823309,13042,14312.09976530075,0.28576618,0.49867168,0.49322414,0.48299873,12.403920940050877,0.0,0.0
74176,861320,0.29202384,0.11017464,0.13751124,0.13379818,10,0.0,121587,1657710,0.36743635,0.5741643,0.54131174,0.54862624,0.6594602,0.6843389,0.67866933,0.68190455,13051,14322.921081542969,0.34935534,0.47690648,0.4750959,0.4816423,12.284970746959369,0.0,0.0
74234,861900,0.32604536,0.16486432,0.13634664,0.13345572,10,0.0,121670,1658540,0.36106268,0.52753365,0.5452179,0.5482492,0.68710804,0.692398,0.6815644,0.6818441,13060,14333.49020767212,0.36106268,0.48443645,0.47755545,0.48153353,12.647594326906667,0.0,0.0
74285,862410,0.27665147,0.102596544,0.1407548,0.13423648,10,0.0,121744,1659280,0.38008985,0.5837593,0.54424113,0.54738593,0.6567413,0.6863559,0.68378013,0.6819608,13068,14343.425529718399,0.38008985,0.56792253,0.5003276,0.48211557,24.62498062552546,0.0,0.0
74341,862970,0.3232826,0.12280246,0.13302624,0.1351696,10,0.0,121828,1660120,0.37819648,0.5599681,0.5497772,0.54699606,0.7014791,0.6827706,0.6818368,0.68168384,13077,14353.915102243423,0.37819648,0.48004675,0.5102984,0.48330384,11.061362906928569,0.0,0.0
74402,863580,0.3335472,0.14691398,0.12638721,0.13481033,10,0.0,121911,1660950,0.3556097,0.540997,0.5553963,0.54762816,0.6891569,0.687911,0.68178344,0.6817167,13086,14364.55969452858,0.35132903,0.4709177,0.4890387,0.4831996,10.454795509400034,0.0,0.0
74461,864170,0.36200497,0.13483141,0.14029273,0.13472669,10,0.0,121995,1661790,0.35389248,0.54326093,0.5442574,0.5474984,0.71589744,0.67809236,0.6803914,0.6816418,13095,14375.419132232666,0.35389248,0.52200246,0.47927913,0.48483557,11.396868397991971,0.0,0.0
74508,864640,0.33991814,0.17819974,0.1554982,0.13638721,10,0.0,122073,1662570,0.36762208,0.53021693,0.52562106,0.5457563,0.7075402,0.6775063,0.67786974,0.6815724,13103,14385.119572639465,0.36762208,0.43529207,0.46957463,0.48456287,19.995966771152403,0.0,0.0
74568,865240,0.27553168,0.104591034,0.14086513,0.13579646,10,0.0,122157,1663410,0.38174346,0.5822429,0.5404716,0.5460239,0.65727514,0.686834,0.6815028,0.6816163,13112,14395.77420759201,0.28321403,0.46370053,0.4632518,0.4852145,10.602715908507772,0.0,0.0
74627,865830,0.30900687,0.090495974,0.11469202,0.13424836,10,0.0,122243,1664270,0.34571213,0.5892654,0.569866,0.5480233,0.654719,0.6773704,0.68285096,0.68168014,13121,14406.396960020065,0.2849785,0.5000543,0.49669936,0.48602718,10.713896351970687,0.0,0.0
74680,866360,0.29155955,0.09827412,0.10663025,0.13331535,10,0.0,122336,1665200,0.38862732,0.58481836,0.57659405,0.5485984,0.68018687,0.6830924,0.68337,0.6816166,13130,14417.57397222519,0.38862732,0.5538982,0.5256332,0.48889902,9.748185479138327,0.0,0.0
74742,866980,0.37070516,0.07334597,0.119297504,0.13324825,10,0.0,122414,1665980,0.28468797,0.61532414,0.56104904,0.5483703,0.6553931,0.68867004,0.6803466,0.6813807,13139,14428.054193735123,0.28468797,0.51187295,0.5070781,0.4884168,12.532491281077967,0.0,0.0
74795,867510,0.35136703,0.091380894,0.11575996,0.13240369,10,0.0,122501,1666850,0.3639165,0.59772646,0.5656359,0.54989076,0.7152835,0.6891073,0.68155617,0.681198,13148,14438.572153806686,0.3639165,0.5552532,0.49941882,0.48913506,8.88630318233292,0.0,0.0
74849,868050,0.33697295,0.10311316,0.112581804,0.13056487,10,0.0,122573,1667570,0.32893968,0.58141685,0.5706166,0.5510604,0.6659126,0.68452996,0.68319833,0.68115085,13156,14448.398708581924,0.32893968,0.50590247,0.50999075,0.4906143,43.963054424706414,0.0,0.0
74908,868640,0.0,0.12228556,0.11787495,0.1303378,10,0.0,122656,1668400,0.6904419,0.5603174,0.5638927,0.5519601,0.6904419,0.682603,0.6817679,0.6811958,13165,14459.018180131912,0.6904419,0.54453754,0.49963558,0.4902104,11.88778450034819,0.0,0.0
74963,869190,0.3529718,0.11688111,0.121998966,0.12913136,10,0.0,122740,1669240,0.30805898,0.5616449,0.56058866,0.5533585,0.66103077,0.67852604,0.6822136,0.6813999,13174,14469.73696565628,0.30805898,0.5356563,0.5047291,0.49277955,11.782106934112907,0.0,0.0
75017,869730,0.30868238,0.06230548,0.12950829,0.1294238,10,0.0,122821,1670050,0.3501299,0.6122634,0.5539401,0.55374825,0.6588123,0.67456895,0.6813777,0.68130064,13183,14480.238426923752,0.33652988,0.52210397,0.4889336,0.49214503,5.858088387593541,0.0,0.0
75076,870320,0.41147372,0.13300857,0.12914626,0.12957348,10,0.0,122907,1670910,0.27952924,0.5452091,0.5491788,0.55315137,0.69100296,0.67821765,0.68073756,0.681405,13192,14490.954860448837,0.27952924,0.42874113,0.47377044,0.49153036,11.714640423752128,0.0,0.0
75135,870910,0.36620483,0.14531082,0.1250034,0.12898026,10,0.0,122990,1671740,0.28763875,0.5607194,0.55888844,0.55395603,0.6538436,0.673238,0.6812963,0.6815652,13201,14501.536064624786,0.28763875,0.40537366,0.47662014,0.49032694,9.03493664909139,0.0,0.0
75195,871510,0.32981026,0.14092219,0.13118449,0.12866662,10,0.0,123073,1672570,0.38576472,0.5351008,0.54811406,0.55383193,0.715575,0.67602295,0.67932,0.681545,13210,14512.212646007538,0.38548982,0.39454362,0.45981112,0.48975447,12.218324527105876,0.0,0.0
75246,872020,0.303517,0.124838516,0.1345575,0.12922695,10,0.0,123151,1673350,0.36942884,0.55732477,0.546839,0.5529032,0.67294586,0.68216336,0.6813986,0.6814209,13218,14521.825110435486,0.36942884,0.45635337,0.46668348,0.48823822,22.631409407271633,0.0,0.0
75304,872600,0.31998655,0.15568043,0.13377096,0.12865737,10,0.0,123234,1674180,0.3825216,0.53172195,0.54838526,0.55357844,0.70250815,0.68740237,0.6821564,0.68140435,13227,14532.394994974136,0.3825216,0.4335328,0.47881183,0.4880442,12.818068438145689,0.0,0.0
75362,873180,0.29094803,0.14672683,0.12917417,0.12873834,10,0.0,123318,1675020,0.36304063,0.5306157,0.5528306,0.55373436,0.65398866,0.6773058,0.68233645,0.6814054,13236,14542.840883016586,0.36304063,0.39074558,0.48171383,0.48616,12.404346470814044,0.0,0.0
75417,873730,0.41976643,0.103061356,0.12812501,0.12791269,10,0.0,123403,1675870,0.2817554,0.5745508,0.5501434,0.5538017,0.7015218,0.6776122,0.6782684,0.68101305,13245,14553.474392175674,0.2817554,0.44270223,0.46781626,0.48578617,12.681011033252135,0.0,0.0
75472,874280,0.3277514,0.1808326,0.12684971,0.1266804,10,0.0,123484,1676680,0.387361,0.5124891,0.5562231,0.55628103,0.7151124,0.6933217,0.68307275,0.68168163,13254,14563.832018852234,0.387361,0.45286664,0.465765,0.4848691,9.507038869501436,0.0,0.0
75536,874920,0.25611442,0.13971385,0.12775595,0.1247836,10,0.0,123566,1677500,0.4152825,0.5540735,0.55466485,0.5579717,0.6713969,0.6937874,0.6842774,0.6817442,13263,14574.171086549759,0.40573335,0.5102554,0.46911126,0.48551306,12.217249716000117,0.0,0.0
75584,875400,0.3494599,0.12722552,0.1275696,0.12484381,10,0.0,123642,1678260,0.32532263,0.58368385,0.5521343,0.5573756,0.6747825,0.68474144,0.6798401,0.6815367,13271,14583.86738371849,0.32532263,0.5483471,0.4756416,0.48645544,20.89286879541964,0.0,0.0
75638,875940,0.32766482,0.08990618,0.12949717,0.1261859,10,0.0,123717,1679010,0.3334163,0.58734685,0.54805535,0.55509317,0.66108114,0.677253,0.679826,0.68135214,13279,14593.280282735825,0.3334163,0.50512064,0.48478436,0.4841629,13.005537340303018,0.0,0.0
75699,876550,0.31622496,0.14137687,0.1428846,0.12801148,10,0.0,123811,1679950,0.39183244,0.5505994,0.5322254,0.55295306,0.7080574,0.68577766,0.68221927,0.6814021,13289,14604.664871692657,0.39183244,0.52845293,0.48414356,0.48261958,10.195003594973162,0.0,0.0
75756,877120,0.35728094,0.19594048,0.1351981,0.12847878,10,0.0,123896,1680800,0.31013253,0.4813273,0.5443014,0.55260986,0.6674135,0.6772678,0.6829425,0.681542,13298,14615.19382572174,0.31013253,0.4705263,0.50145715,0.48309386,10.23252545991795,0.0,0.0
75812,877680,0.29709095,0.14535193,0.1325507,0.1296705,10,0.0,123971,1681550,0.3824032,0.54424965,0.549577,0.55119854,0.67949414,0.6896016,0.6821277,0.6815437,13306,14624.660414457321,0.3824032,0.473392,0.4917352,0.4820676,14.374855627824468,0.0,0.0
75872,878280,0.29735,0.08728952,0.124483496,0.12966642,10,0.0,124064,1682480,0.39497912,0.5865926,0.5622735,0.5516797,0.6923291,0.6738821,0.68476343,0.68170124,13316,14635.77008652687,0.27899572,0.55510634,0.4966694,0.48208952,9.19882989889916,0.0,0.0
75933,878890,0.33756372,0.123577796,0.118659586,0.12981555,10,0.0,124147,1683310,0.32904986,0.56161296,0.5600977,0.5509371,0.6666136,0.68519074,0.6823747,0.68159646,13325,14646.402254343033,0.3260879,0.4338594,0.49580598,0.48077255,11.22362945975815,0.0,0.0
75989,879450,0.2995362,0.074162535,0.10743929,0.12877335,10,0.0,124232,1684160,0.39077058,0.61250174,0.57084256,0.55229306,0.6903068,0.6866642,0.68210185,0.68164253,13334,14657.196430444717,0.38203964,0.550957,0.4967202,0.48153126,11.890807546741888,0.0,0.0
76043,879990,0.36497948,0.07291884,0.09973404,0.12639567,10,0.0,124313,1684970,0.33481416,0.6030342,0.5823677,0.55472034,0.69979364,0.67595303,0.6818869,0.6816074,13343,14667.620954275131,0.33481416,0.5903927,0.5322078,0.48545063,11.922525686717837,0.0,0.0
76100,880560,0.3985334,0.124278046,0.10763904,0.1260297,10,0.0,124397,1685810,0.28016657,0.56124717,0.5723428,0.55499303,0.6787,0.68552524,0.6828005,0.68188375,13352,14678.034471988678,0.28016657,0.4600467,0.5072862,0.4863648,9.761196169531823,0.0,0.0
76160,881160,0.25144058,0.09758296,0.13111283,0.12660222,10,0.0,124481,1686650,0.40438825,0.57841456,0.5490413,0.5544293,0.65582883,0.6759976,0.6816678,0.68186665,13361,14688.668536901474,0.295668,0.49217868,0.48596802,0.4865186,9.481927318631156,0.0,0.0
76219,881750,0.29633436,0.1353182,0.13272026,0.12626225,10,0.0,124565,1687490,0.4032254,0.5142039,0.54340875,0.5551988,0.69955975,0.6813862,0.68032056,0.68196374,13370,14699.131569385529,0.39950058,0.46248627,0.48422837,0.48853394,12.167553106620538,0.0,0.0
76274,882300,0.3484272,0.07594893,0.117370665,0.12485778,10,0.0,124648,1688320,0.3582643,0.61678004,0.56367683,0.5561875,0.7066915,0.68830615,0.6814332,0.68211,13379,14709.935904741287,0.34011292,0.581733,0.5048217,0.4912182,9.514425195928737,0.0,0.0
76325,882810,0.30565503,0.116581544,0.1216552,0.12526242,10,0.0,124727,1689110,0.3858538,0.5683694,0.56208116,0.55515355,0.6915088,0.68495095,0.6828444,0.6818957,13387,14719.861325979233,0.3858538,0.5222999,0.5059679,0.49114087,23.144141574051748,0.0,0.0
76382,883380,0.37209356,0.1565812,0.14302954,0.12637492,10,0.0,124812,1689960,0.2910548,0.51292944,0.5395694,0.5540859,0.66314834,0.6695106,0.6819129,0.6820325,13396,14730.578040122986,0.2910548,0.448948,0.47702983,0.49048248,9.056955135908181,0.0,0.0
76440,883960,0.30894366,0.14035578,0.13643014,0.12686017,10,0.0,124892,1690760,0.37335864,0.5337032,0.5432439,0.5540548,0.6823023,0.67405903,0.678494,0.68185794,13404,14739.738780498505,0.37335864,0.5159763,0.4823905,0.49205548,13.541575661540676,0.0,0.0
76499,884550,0.39193842,0.12782039,0.124084,0.12652494,10,0.0,124984,1691680,0.2860125,0.55503654,0.55594194,0.5540734,0.6779509,0.68285704,0.6801515,0.6818743,13414,14751.497413158417,0.2860125,0.44419026,0.48819476,0.49319562,9.863714696387047,0.0,0.0
76558,885140,0.2675928,0.13262784,0.12424746,0.12681292,10,0.0,125060,1692440,0.38842565,0.5439307,0.5566767,0.55433595,0.65601844,0.67655855,0.68696666,0.6822087,13423,14762.243211269379,0.3327454,0.4702304,0.4816598,0.49425387,11.616347120260361,0.0,0.0
76607,885630,0.2830822,0.10897523,0.12005847,0.12670799,10,0.0,125133,1693170,0.3829378,0.5704133,0.5636142,0.5544147,0.66602,0.6795026,0.6806496,0.68207014,13431,14772.057518005371,0.3829378,0.5686385,0.5188753,0.4973666,23.727357685771633,0.0,0.0
76673,886290,0.0,0.20410915,0.1325756,0.12634562,10,0.0,125227,1694110,0.66641694,0.48049337,0.55132836,0.5549148,0.66641694,0.68460256,0.6762603,0.68178797,13440,14781.875970363617,0.66641694,0.49466127,0.50402766,0.4971466,12.843648336142358,0.0,0.0
76732,886880,0.37605965,0.104806446,0.13888422,0.12594742,10,0.0,125309,1694930,0.27914417,0.572611,0.5396586,0.55548185,0.6552038,0.6774174,0.67831874,0.68147534,13450,14792.35073184967,0.27914417,0.45112935,0.45858654,0.49472955,12.584782098619854,0.0,0.0
76800,887560,0.34047323,0.16551022,0.1275604,0.12616092,10,0.0,125409,1695930,0.36753815,0.5545293,0.5521787,0.5552744,0.7080114,0.67833793,0.67935324,0.6813791,13461,14803.897172689438,0.27945992,0.47661495,0.47857025,0.49469447,9.644055746603671,0.0,0.0
76859,888150,0.2576383,0.08275528,0.11940943,0.12521268,10,0.0,125493,1696770,0.4078001,0.59810895,0.56328857,0.55558103,0.6654384,0.67976326,0.6784481,0.6808835,13470,14813.150179624557,0.3543768,0.57322043,0.49486664,0.49557644,10.89601965609625,0.0,0.0
76927,888830,0.32820487,0.099052355,0.11118238,0.12495632,10,0.0,125593,1697770,0.34786475,0.57761973,0.56920636,0.5558509,0.6760696,0.6766721,0.6796148,0.68098366,13481,14824.656149864197,0.34786475,0.52331144,0.52741027,0.49706024,10.178296562028388,0.0,0.0
76992,889480,0.29511845,0.10635819,0.10517991,0.124435894,10,0.0,125685,1698690,0.40589267,0.5752252,0.57682055,0.5558148,0.7010111,0.68158334,0.6819014,0.68086785,13490,14833.925555229187,0.28580722,0.59762776,0.5228284,0.4979223,9.560876646504573,0.0,0.0
77050,890060,0.3770696,0.09153983,0.11685437,0.12585342,10,0.0,125765,1699490,0.2920395,0.5983421,0.5636181,0.55454046,0.6691091,0.6898819,0.6804725,0.6807107,13500,14844.299894332886,0.2920395,0.5490738,0.5077257,0.4961375,10.681065961370143,0.0,0.0
77121,890770,0.27673417,0.12776864,0.12896039,0.1267355,10,0.0,125867,1700510,0.39442348,0.5582724,0.55169547,0.55406165,0.67115766,0.686041,0.6806824,0.6804627,13511,14855.740815401077,0.39442348,0.50949466,0.4857971,0.49324682,11.869665016146271,0.0,0.0
77182,891380,0.25071284,0.10769971,0.12201915,0.12441797,10,0.0,125945,1701290,0.41825858,0.589592,0.5600506,0.5562993,0.6689714,0.69729155,0.6818461,0.6804624,13520,14865.082334756851,0.39282745,0.5472376,0.48683056,0.49596056,14.756569434231775,0.0,0.0
77243,891990,0.37837496,0.12640472,0.119676255,0.12465573,10,0.0,126036,1702200,0.29072794,0.54440564,0.56112444,0.5561958,0.6691029,0.67081034,0.6808007,0.6804805,13530,14875.389477968216,0.279842,0.5016227,0.49919337,0.4950619,10.14152127268076,0.0,0.0
77310,892660,0.27172682,0.14505675,0.13630325,0.12633145,10,0.0,126135,1703190,0.39438346,0.54338175,0.5406375,0.55459934,0.6661103,0.68843853,0.68004507,0.68028516,13541,14887.013968229294,0.35955903,0.5070629,0.48950064,0.49377403,14.763212628002806,0.0,0.0
77374,893300,0.43226478,0.12394513,0.14559454,0.12622124,10,0.0,126217,1704010,0.2831957,0.54937685,0.53104115,0.5544752,0.7154605,0.6733219,0.6785322,0.67979056,13550,14896.256014585495,0.2831957,0.48486882,0.47081333,0.49221778,15.094417845390238,0.0,0.0
77435,893910,0.29673904,0.120654464,0.13261762,0.12554336,10,0.0,126307,1704910,0.37820733,0.56591755,0.54579467,0.554693,0.67494637,0.68657196,0.68163735,0.6803981,13560,14906.678708553314,0.37820733,0.48361856,0.50107926,0.4942767,10.97309719251393,0.0,0.0
77500,894560,0.3328769,0.13261361,0.12229984,0.12579535,10,0.0,126409,1705930,0.35746422,0.5491034,0.5641618,0.55478066,0.6903411,0.681717,0.6864315,0.6805271,13571,14918.316804409027,0.33257103,0.51281863,0.51681155,0.4958581,10.500042683059633,0.0,0.0
77565,895210,0.2929674,0.1609533,0.13640115,0.12643415,10,0.0,126501,1706850,0.4094915,0.5269079,0.5477718,0.5538169,0.7024589,0.6878612,0.68385994,0.6804906,13581,14928.851691961288,0.39155287,0.53114784,0.48710155,0.4958078,11.174455671078134,0.0,0.0
77630,895860,0.27857965,0.1366921,0.12852594,0.12615421,10,0.0,126583,1707670,0.39722407,0.5450985,0.55435514,0.55464834,0.6758037,0.6817906,0.6828811,0.68083084,13590,14938.094571828842,0.28793374,0.49540815,0.49833763,0.4940218,15.29195713749769,0.0,0.0
77695,896510,0.32139266,0.13976552,0.12980905,0.12552635,10,0.0,126686,1708700,0.3325364,0.5296148,0.5473678,0.5551045,0.65392905,0.66938025,0.6797437,0.6809852,13601,14949.657792568207,0.3325364,0.47231317,0.50573766,0.49385682,13.56752053256907,0.0,0.0
77757,897130,0.3223641,0.12742552,0.13947494,0.12616612,10,0.0,126769,1709530,0.3868435,0.5580251,0.5397436,0.5547561,0.7092076,0.6854507,0.68224454,0.6812539,13610,14958.879950761795,0.3868435,0.48102736,0.49397582,0.4964207,14.00987367309992,0.0,0.0
77821,897770,0.3163203,0.10609038,0.12379182,0.124820575,10,0.0,126859,1710430,0.35643148,0.57272136,0.5616265,0.5562467,0.6727518,0.6788118,0.6854182,0.68162805,13620,14969.184054374695,0.35643148,0.5372178,0.49606255,0.4970852,12.384154981456117,0.0,0.0
77887,898430,0.38856155,0.10553664,0.1186894,0.12534104,10,0.0,126946,1711300,0.28414297,0.5706568,0.5617081,0.5563738,0.6727045,0.6761934,0.6803974,0.68195534,13630,14979.736006975174,0.27786306,0.4263339,0.4978656,0.49684128,12.028047350479753,0.0,0.0
77950,899060,0.3149831,0.11969097,0.13547647,0.12716752,10,0.0,127036,1712200,0.39234397,0.5543348,0.5434183,0.5537522,0.70732707,0.68885696,0.6811981,0.6818931,13640,14990.036193847656,0.3350079,0.4582552,0.45817935,0.49187335,14.595823475022733,0.0,0.0
78014,899700,0.34145677,0.1150497,0.13180786,0.12855725,10,0.0,127136,1713200,0.33352733,0.5650732,0.5509388,0.552779,0.6749841,0.680123,0.6821973,0.6820287,13651,15001.30675148964,0.33352733,0.54031473,0.46825904,0.49092817,10.338511170033012,0.0,0.0
78078,900340,0.31452438,0.11284164,0.119248495,0.12803073,10,0.0,127219,1714030,0.3882443,0.57896817,0.56331044,0.55326694,0.7027687,0.6918098,0.6825687,0.68211323,13660,15010.801347017288,0.3399392,0.5367446,0.5048903,0.4913951,11.9911122394252,0.0,0.0
78145,901010,0.26157114,0.15486342,0.11863675,0.1267116,10,0.0,127321,1715050,0.39369914,0.52366984,0.5688706,0.5545942,0.6552703,0.67853326,0.6837314,0.6821741,13671,15022.411418914795,0.38467047,0.5051769,0.50520855,0.49346614,14.268363914201435,0.0,0.0
78205,901610,0.4003271,0.13216576,0.1217996,0.12768939,10,0.0,127404,1715880,0.2817502,0.5411684,0.5566598,0.55361515,0.6820773,0.67333424,0.68241066,0.682344,13680,15031.654267311096,0.2817502,0.47334123,0.4942998,0.49290118,14.088475528506269,0.0,0.0
78273,902290,0.3263075,0.1027746,0.12859535,0.12827596,10,0.0,127502,1716860,0.38265184,0.58153,0.55158263,0.5541061,0.70895934,0.6843046,0.6840484,0.6825571,13691,15043.30582356453,0.32640535,0.5046458,0.49456638,0.49283376,14.200409662620824,0.0,0.0
78337,902930,0.39143753,0.1732361,0.12178406,0.12626657,10,0.0,127592,1717760,0.2995646,0.5079437,0.5588585,0.555346,0.69100213,0.6811798,0.6806426,0.68259025,13701,15053.583681344986,0.2995646,0.5217609,0.5054872,0.49370986,13.803132366525913,0.0,0.0
78400,903560,0.32249746,0.13733579,0.12885116,0.124667495,10,0.0,127675,1718590,0.35684183,0.53846097,0.5524155,0.55740225,0.6793393,0.67579675,0.6812667,0.6827743,13710,15062.797065734863,0.3470257,0.4595809,0.49223822,0.49452686,15.923826300883075,0.0,0.0
78463,904190,0.2892623,0.13731208,0.14731859,0.12719595,10,0.0,127777,1719610,0.39226866,0.54414517,0.5368267,0.5548053,0.68153095,0.6814572,0.68414533,0.68258214,13721,15074.440348386765,0.33555174,0.4478225,0.47664782,0.49153376,13.794402654226952,0.0,0.0
78528,904840,0.390436,0.16316147,0.15171349,0.12841696,10,0.0,127868,1720520,0.2778803,0.5122426,0.53086835,0.553731,0.6683163,0.675404,0.6829416,0.6824533,13731,15084.626312732697,0.2778803,0.4098843,0.46718273,0.48966002,14.526543134194888,0.0,0.0
78589,905450,0.32021952,0.12932399,0.14038455,0.12857118,10,0.0,127951,1721350,0.3960986,0.5473076,0.53963137,0.55344874,0.71631813,0.67663157,0.6803755,0.68224794,13740,15093.852209329605,0.3960986,0.5138706,0.4753851,0.48955965,14.390618298846158,0.0,0.0
78656,906120,0.36295703,0.08700381,0.1310553,0.12869743,10,0.0,128046,1722300,0.32673803,0.59002256,0.54665667,0.5532205,0.68969506,0.6770264,0.6820261,0.6823989,13751,15105.396114110947,0.32673803,0.49101797,0.49786785,0.489504,13.42854508385669,0.0,0.0
78717,906730,0.3210667,0.09905088,0.12067665,0.12738486,10,0.0,128129,1723130,0.37127313,0.5790994,0.55955815,0.5545715,0.69233984,0.6781503,0.681542,0.68245596,13760,15114.653849363327,0.33398107,0.48756337,0.48896274,0.48949668,10.954857973273546,0.0,0.0
78787,907430,0.31234497,0.13269846,0.111844085,0.12640746,10,0.0,128229,1724130,0.37718916,0.5375117,0.56868166,0.5546572,0.6895341,0.6702102,0.68031144,0.6818022,13771,15126.175124645233,0.28682765,0.48460013,0.50986433,0.48978767,13.55455539336224,0.0,0.0
78845,908010,0.30405492,0.0785437,0.12218318,0.12697332,10,0.0,128314,1724980,0.39850628,0.6040924,0.5573826,0.553897,0.7025612,0.68263614,0.67951274,0.6818146,13780,15135.475331306458,0.34158057,0.54314977,0.49746525,0.49030688,15.753733728612964,0.0,0.0
78911,908670,0.25154144,0.13479349,0.111648776,0.12632073,10,0.0,128410,1725940,0.4071573,0.5405731,0.56963086,0.5547737,0.65869874,0.6753666,0.6812798,0.6817501,13790,15145.633297681808,0.33565742,0.4526615,0.5132936,0.4909217,14.587680945953325,0.0,0.0
78975,909310,0.31886074,0.10990022,0.119268104,0.12554613,10,0.0,128495,1726790,0.36187193,0.57625026,0.5555202,0.55549246,0.68073267,0.6861505,0.6819574,0.68175244,13800,15155.780483484268,0.27792022,0.55139434,0.5061258,0.4942454,18.70671653573509,0.0,0.0
79037,909930,0.27644917,0.076984204,0.12250178,0.12524928,10,0.0,128594,1727780,0.38887146,0.60650945,0.55584615,0.55548817,0.66532063,0.6834937,0.6795191,0.6816444,13811,15167.345168828964,0.34745955,0.52363646,0.48712963,0.49518597,11.29431735593182,0.0,0.0
79105,910610,0.0,0.16582441,0.1272925,0.12724935,10,0.0,128684,1728680,0.68586266,0.5117389,0.5540174,0.5533757,0.68586266,0.6775633,0.6813099,0.6815101,13821,15177.754081726074,0.68586266,0.4522677,0.4718922,0.49116895,13.945661082489224,0.0,0.0
79165,911210,0.3293809,0.06685461,0.11914939,0.12673463,10,0.0,128765,1729490,0.34316543,0.61812985,0.56493145,0.5543074,0.6725463,0.68498445,0.6839731,0.6819465,13830,15187.13501381874,0.32231173,0.47990274,0.46659324,0.48824278,13.428510689523575,0.0,0.0
79229,911850,0.32477367,0.12372704,0.12810788,0.12748526,10,0.0,128856,1730400,0.37337786,0.5596273,0.55339295,0.5536156,0.6981515,0.68335426,0.6836177,0.68153787,13840,15197.659703969955,0.37337786,0.5422617,0.47468826,0.48722503,13.340576713888588,0.0,0.0
79291,912470,0.35213143,0.07862574,0.12183943,0.12703906,10,0.0,128947,1731310,0.30226475,0.59963596,0.55773944,0.55389065,0.6543962,0.6782617,0.682389,0.6817261,13850,15207.953156709671,0.30226475,0.49603876,0.47483298,0.48682734,11.520173674493261,0.0,0.0
79357,913130,0.433136,0.1790511,0.13268454,0.12766542,10,0.0,129036,1732200,0.28267694,0.5015886,0.5465691,0.5530314,0.7158129,0.6806397,0.6792689,0.68146163,13860,15218.253762245178,0.28267694,0.41315237,0.44691083,0.4830521,11.988531402730866,0.0,0.0
79421,913770,0.37473658,0.1423605,0.13860206,0.12810747,10,0.0,129126,1733100,0.28679678,0.5782226,0.54768527,0.553069,0.66153336,0.68937045,0.6830127,0.68162864,13870,15228.885993003845,0.28679678,0.4594376,0.45354688,0.48172036,14.777438452941814,0.0,0.0
79488,914440,0.00120157,0.15869015,0.12685457,0.12608615,10,0.0,129224,1734080,0.67775947,0.52480376,0.5558832,0.55470824,0.67896104,0.683494,0.6828918,0.6815664,13881,15240.570803165436,0.4100588,0.4784184,0.48761547,0.48288044,13.87431981396395,0.0,0.0
79552,915080,0.39733756,0.1632379,0.12799592,0.12499122,10,0.0,129316,1735000,0.28509855,0.51926625,0.55571115,0.55573505,0.6824361,0.68250406,0.6831548,0.6815479,13891,15250.98111462593,0.28509855,0.4605415,0.48392513,0.48347262,13.272878708478585,0.0,0.0
79618,915740,0.34221813,0.102252506,0.12886769,0.12471815,10,0.0,129407,1735910,0.37045982,0.54544616,0.55335593,0.5558294,0.71267796,0.6850446,0.6823613,0.6816901,13901,15261.478219032288,0.37045982,0.4709074,0.47686416,0.4833206,13.580501703915363,0.0,0.0
79675,916310,0.25013664,0.14089303,0.12399061,0.124628015,10,0.0,129488,1736720,0.41169205,0.53160584,0.557106,0.5563527,0.6618287,0.672499,0.6812357,0.68158674,13910,15270.735452890396,0.2807656,0.4790597,0.4706821,0.48148963,11.202301192929227,0.0,0.0
79743,916990,0.30024594,0.19087973,0.13643853,0.12653667,10,0.0,129588,1737720,0.39464563,0.4961322,0.54354143,0.5541135,0.6948916,0.6872998,0.6796272,0.68155056,13921,15282.135602235794,0.3429257,0.4151032,0.46482164,0.47951204,14.49585287602935,0.0,0.0
79807,917630,0.3831938,0.12632199,0.13822755,0.12833206,10,0.0,129677,1738610,0.27771413,0.54805565,0.5411705,0.5532212,0.6609079,0.6743777,0.6799885,0.6815221,13931,15292.663038253784,0.27771413,0.5072815,0.47598815,0.4786148,10.085353804588673,0.0,0.0
79872,918280,0.30807388,0.13558277,0.13403636,0.12890872,10,0.0,129759,1739430,0.37442207,0.55217737,0.547136,0.5528616,0.68249595,0.6877601,0.6819248,0.68182033,13940,15302.038145065308,0.35002342,0.42928553,0.45865873,0.47593805,14.821108336428201,0.0,0.0
79933,918890,0.0,0.15299626,0.13002925,0.12936555,10,0.0,129852,1740360,0.67467266,0.53489363,0.54862714,0.5515831,0.67467266,0.6878899,0.6841572,0.68205124,13950,15312.489371061325,0.67467266,0.5157447,0.47473794,0.47370645,11.288453723116508,0.0,0.0
79992,919480,0.30439344,0.11792743,0.1258908,0.12884472,10,0.0,129943,1741270,0.407342,0.5715029,0.55468494,0.5527995,0.7117354,0.6894303,0.6850328,0.6822251,13960,15323.351675510406,0.407342,0.5286113,0.49340892,0.47345436,27.24249781439292,0.0,0.0
80054,920100,0.32140043,0.13552123,0.12687205,0.12954843,10,0.0,130034,1742180,0.36816058,0.54623127,0.5532249,0.5519719,0.689561,0.68175256,0.680097,0.68212634,13970,15333.729877233505,0.36816058,0.4810986,0.49869937,0.47390288,10.583156791956375,0.0,0.0
80118,920740,0.2990692,0.11608522,0.12170896,0.1286998,10,0.0,130124,1743080,0.37968835,0.55776095,0.55803865,0.5525989,0.67875755,0.6738461,0.6797475,0.68197703,13980,15343.981875658035,0.37968835,0.51073873,0.48994094,0.4757899,10.489790702077274,0.0,0.0
80180,921360,0.3102718,0.14559758,0.1171659,0.12959397,10,0.0,130205,1743890,0.39466184,0.53813094,0.5606713,0.55163884,0.70493364,0.68372846,0.6807486,0.68180543,13989,15353.3983335495,0.31450477,0.45209795,0.48925376,0.4761778,11.650867098908249,0.0,0.0
80250,922060,0.0,0.13365075,0.1314644,0.12989484,10,0.0,130305,1744890,0.65569234,0.5591723,0.5507959,0.55144227,0.65569234,0.69282305,0.68400115,0.6818292,14000,15364.748320817947,0.65569234,0.50857866,0.49868554,0.47838768,12.650958978151682,0.0,0.0
80311,922670,0.30256802,0.12913322,0.12869215,0.12883823,10,0.0,130387,1745710,0.3846116,0.5590056,0.5561973,0.5527289,0.6871796,0.68813896,0.68116784,0.68197554,14009,15374.10354089737,0.3129062,0.5210053,0.5036269,0.479929,16.723393430583013,0.0,0.0
80378,923340,0.36180374,0.16164033,0.14219168,0.1299212,10,0.0,130484,1746680,0.31772575,0.50947464,0.53592145,0.5510998,0.6795295,0.6711149,0.68084556,0.681881,14020,15385.7282538414,0.31772575,0.4346026,0.46695033,0.48015082,14.853966065007775,0.0,0.0
80440,923960,0.3113768,0.085866235,0.1425962,0.13044913,10,0.0,130565,1747490,0.36528224,0.59623176,0.5364117,0.5506363,0.67665905,0.68209803,0.68129724,0.6818966,14029,15395.03342795372,0.35380065,0.5038306,0.45659554,0.47965115,12.954254781283849,0.0,0.0
80504,924600,0.3166806,0.13136786,0.118516706,0.1300751,10,0.0,130656,1748400,0.34589845,0.5492792,0.5655102,0.55085546,0.66257906,0.68064713,0.68402696,0.6818407,14039,15405.38292837143,0.34589845,0.4929555,0.482949,0.48033518,11.808760372740126,0.0,0.0
80570,925260,0.0,0.13642518,0.11699112,0.12946512,10,0.0,130754,1749380,0.69249994,0.53357565,0.5643704,0.5514225,0.69249994,0.6700008,0.6814686,0.6817573,14050,15416.970333099365,0.69249994,0.40775084,0.47108108,0.4795601,13.444992840435145,0.0,0.0
80630,925860,0.390332,0.15658088,0.12951298,0.12993118,10,0.0,130836,1750200,0.28021708,0.5264782,0.55152303,0.5509421,0.6705491,0.6830591,0.68103594,0.68180406,14059,15426.300252437592,0.28021708,0.43892145,0.48298573,0.48146582,10.394746200951023,0.0,0.0
80693,926490,0.2874423,0.14810884,0.13184838,0.13019204,10,0.0,130925,1751090,0.37255546,0.52650154,0.55068,0.5515427,0.65999776,0.6746104,0.68279815,0.6821126,14069,15437.11995959282,0.33689383,0.46086264,0.4671711,0.48038328,12.112936134451354,0.0,0.0
80759,927150,0.32494816,0.124860786,0.13296427,0.12971969,10,0.0,131015,1751990,0.3865349,0.55934644,0.54695505,0.55155015,0.71148306,0.68420726,0.6814505,0.68211496,14079,15447.636214256287,0.36514115,0.46233407,0.45428073,0.4787968,14.515834748818813,0.0,0.0
80824,927800,0.3275437,0.14414665,0.1217446,0.12818186,10,0.0,131114,1752980,0.3493615,0.5373991,0.562183,0.553269,0.6769052,0.68154573,0.6835121,0.68242735,14090,15458.978710651398,0.3493615,0.5085609,0.4894096,0.48063996,9.710671217123808,0.0,0.0
80889,928450,0.0,0.18399628,0.1261612,0.12849875,10,0.0,131204,1753880,0.713572,0.49457997,0.5533286,0.5523485,0.713572,0.6785763,0.67948985,0.6819012,14100,15469.307046413422,0.713572,0.4658908,0.49921378,0.48209137,13.950392222405155,0.0,0.0
80953,929090,0.01531136,0.16988748,0.15175319,0.13030036,10,0.0,131295,1754790,0.6643679,0.49755424,0.5256445,0.5507257,0.6796793,0.66744184,0.67921036,0.6815636,14110,15479.799770593643,0.39136073,0.452713,0.45828557,0.4810633,14.439043869961633,0.0,0.0
81014,929700,0.3648046,0.1492886,0.13606103,0.12995088,10,0.0,131374,1755580,0.33216026,0.52868754,0.5431971,0.5510112,0.69696486,0.6779762,0.6785063,0.68142027,14119,15489.230692386627,0.33216026,0.47445717,0.46660733,0.47961727,10.927441731048098,0.0,0.0
81083,930390,0.4160553,0.10005677,0.1298531,0.12917036,10,0.0,131474,1756580,0.2839686,0.578811,0.55050814,0.55184376,0.7000239,0.6788677,0.6803613,0.68151975,14130,15500.692827701569,0.2839686,0.46120375,0.47381672,0.47929472,14.259671072202627,0.0,0.0
81143,930990,0.2843322,0.13381015,0.13207945,0.13067043,10,0.0,131556,1757400,0.38054338,0.5367496,0.54666454,0.5502843,0.66487557,0.67055976,0.67874396,0.68147737,14139,15510.209910392761,0.3466405,0.541715,0.48086888,0.4790147,13.961932026230818,0.0,0.0
81206,931620,0.27788612,0.114724435,0.12842467,0.13115284,10,0.0,131648,1758320,0.37965015,0.5753396,0.5440253,0.54930246,0.65753627,0.690064,0.6795023,0.68133533,14149,15520.501732110977,0.33269507,0.45181084,0.46582997,0.47757563,13.992459164930246,0.0,0.0
81272,932280,0.29080474,0.12269811,0.1331387,0.131582,10,0.0,131738,1759220,0.36819524,0.56924075,0.5447382,0.54878014,0.659,0.6919389,0.68203515,0.6811827,14159,15530.772470712662,0.33491158,0.43824872,0.45680568,0.47433183,15.304651415668872,0.0,0.0
81337,932930,0.30968502,0.08328475,0.13001886,0.13164014,10,0.0,131837,1760210,0.38643888,0.5493785,0.55036616,0.54845893,0.6961239,0.6703376,0.6802013,0.6810825,14170,15542.595152139664,0.2828005,0.49833646,0.47451532,0.4732122,11.696444332278759,0.0,0.0
81401,933570,0.31515133,0.114959076,0.12252103,0.13000178,10,0.0,131929,1761130,0.3979569,0.56849504,0.5568733,0.55083597,0.71310824,0.68345404,0.6827407,0.68147576,14180,15553.14142370224,0.28834203,0.48356223,0.49013352,0.4771294,13.552404973637087,0.0,0.0
81461,934170,0.2763791,0.08351731,0.13006523,0.12914619,10,0.0,132010,1761940,0.3951763,0.60042703,0.55184114,0.55108595,0.6715554,0.68394434,0.68153983,0.6812686,14189,15562.483758687973,0.3005122,0.5704309,0.50032634,0.47891182,12.959141804879254,0.0,0.0
81527,934830,0.2986917,0.1619199,0.11660484,0.12987939,10,0.0,132100,1762840,0.38921803,0.51059955,0.56417066,0.55057156,0.6879097,0.6725195,0.68045634,0.6810034,14199,15573.086352348328,0.38921803,0.4261469,0.5079004,0.47977954,13.930515215676506,0.0,0.0
81590,935460,0.2986052,0.12970203,0.122882,0.12977146,10,0.0,132192,1763760,0.38815224,0.5188814,0.55444396,0.5500964,0.68675745,0.67623234,0.68061316,0.6810094,14209,15583.433056116104,0.34808746,0.46321806,0.48313835,0.48041108,14.7464369755049,0.0,0.0
81653,936090,0.28747717,0.10035986,0.12041634,0.12895513,10,0.0,132283,1764670,0.40291753,0.57960856,0.55953336,0.55105174,0.6903947,0.67996836,0.68036973,0.6808876,14219,15593.860589027405,0.33460772,0.5056879,0.48389035,0.47892693,10.702722923422899,0.0,0.0
81721,936770,0.40156347,0.0944491,0.11613163,0.12764545,10,0.0,132381,1765650,0.27848458,0.58747804,0.56331515,0.55251795,0.68004805,0.68192714,0.6794467,0.68086416,14230,15605.397646188736,0.27848458,0.45493165,0.48467237,0.48198584,13.247574612487572,0.0,0.0
81782,937380,0.34188968,0.124964975,0.12914118,0.12786555,10,0.0,132461,1766450,0.35352975,0.55259687,0.5507496,0.5520283,0.69541943,0.67756176,0.6795229,0.68074936,14239,15614.855074167252,0.35352975,0.45766163,0.46092895,0.4814749,13.041483151307864,0.0,0.0
81849,938050,0.36982104,0.13231078,0.13339211,0.1281128,10,0.0,132551,1767350,0.29336277,0.5394721,0.54844123,0.55107313,0.6631838,0.6717829,0.68197286,0.680598,14249,15625.410875797272,0.29336277,0.52498066,0.48847473,0.48205203,14.752868669239263,0.0,0.0
81915,938710,0.34542745,0.120852254,0.119286664,0.12620398,10,0.0,132651,1768350,0.34217167,0.5655287,0.56002635,0.5533208,0.6875991,0.686381,0.67931294,0.680817,14260,15637.05449295044,0.34217167,0.4953343,0.50186783,0.48266518,13.513182452435853,0.0,0.0
81980,939360,0.3740333,0.1064631,0.12749603,0.12567626,10,0.0,132742,1769260,0.2869728,0.5784295,0.54918474,0.553353,0.6610061,0.6848926,0.68059814,0.68084013,14270,15647.435586929321,0.2816551,0.47029695,0.49616632,0.48574185,14.340755977275276,0.0,0.0
82039,939950,0.31950313,0.14799643,0.12328678,0.12612544,10,0.0,132825,1770090,0.3800857,0.53560525,0.55494434,0.5530675,0.69958884,0.6836017,0.6782312,0.68065506,14279,15656.718715906143,0.34263682,0.509616,0.49389896,0.48514897,15.607949578887554,0.0,0.0
82103,940590,0.32107782,0.111240245,0.12369093,0.12608942,10,0.0,132921,1771050,0.3403824,0.5665178,0.5571482,0.5535509,0.6614602,0.677758,0.6808517,0.680635,14290,15668.325154304504,0.33998594,0.47765326,0.48940793,0.48556334,10.411947103993018,0.0,0.0
82168,941240,0.3029982,0.1885818,0.12311741,0.1261575,10,0.0,133010,1771940,0.36337608,0.49289408,0.554575,0.55359435,0.66637427,0.6814758,0.6785981,0.68076587,14300,15678.642613887787,0.33338985,0.41992545,0.47627532,0.4846697,11.097874358095092,0.0,0.0
82231,941870,0.31612298,0.106390476,0.13364497,0.1255684,10,0.0,133094,1772780,0.37357268,0.57811534,0.5489764,0.55473197,0.68969566,0.6845058,0.68353957,0.6811271,14309,15687.897247076035,0.365199,0.5040635,0.46136543,0.4857262,15.940196292671803,0.0,0.0
82294,942500,0.38339016,0.09455413,0.122879975,0.12548147,10,0.0,133181,1773650,0.3131238,0.5893711,0.5657274,0.55565786,0.69651395,0.6839253,0.6884691,0.6815275,14319,15698.651334047318,0.3131238,0.4801352,0.47588345,0.48573035,11.769381734143494,0.0,0.0
82360,943160,0.31311318,0.123655535,0.12812433,0.12568457,10,0.0,133270,1774540,0.39465776,0.55438346,0.55391264,0.55456513,0.70777094,0.678039,0.68169427,0.6814964,14329,15709.010583877563,0.35313353,0.56486154,0.48419705,0.4864948,16.195693431643413,0.0,0.0
82426,943820,0.3408301,0.102468535,0.12154577,0.12533763,10,0.0,133368,1775520,0.3743347,0.5747694,0.5544649,0.5546785,0.7151648,0.6812728,0.6801265,0.6813563,14340,15720.396037101746,0.3743347,0.47214413,0.506145,0.48650756,13.403381216430063,0.0,0.0
82486,944420,0.34615764,0.11943269,0.13070008,0.12646118,10,0.0,133448,1776320,0.3483496,0.5554069,0.54652715,0.5534607,0.69450724,0.6748396,0.67700696,0.6811355,14349,15729.973079442978,0.3483496,0.5218088,0.4958279,0.4850199,13.676193767903055,0.0,0.0
82550,945060,0.33414304,0.12087389,0.13867052,0.12772202,10,0.0,133537,1777210,0.3356009,0.59300417,0.54459846,0.5530807,0.66974396,0.67557585,0.6799276,0.6811422,14359,15740.278404951096,0.31477582,0.42837867,0.4711229,0.48304114,12.438601829296864,0.0,0.0
82618,945740,0.38559192,0.1299443,0.15411775,0.12946908,10,0.0,133640,1778240,0.28318423,0.5587955,0.52703184,0.55100095,0.66877615,0.6887397,0.6818794,0.68121475,14370,15751.913845777512,0.28318423,0.5303356,0.4624286,0.48254037,13.179133357255571,0.0,0.0
82680,946360,0.32590413,0.07049048,0.13602616,0.1299681,10,0.0,133719,1779030,0.3587011,0.6068536,0.5420706,0.5496105,0.68460524,0.6773441,0.6780602,0.6809344,14379,15761.508249759674,0.29863298,0.5597607,0.47981662,0.4817904,13.85052751362745,0.0,0.0
82745,947010,0.33012444,0.13493493,0.12303166,0.13025866,10,0.0,133817,1780010,0.37335163,0.55864084,0.5584548,0.5497412,0.7034761,0.69357574,0.6819017,0.68134594,14390,15772.88964009285,0.36716288,0.4394094,0.5041223,0.4832707,14.212304374727651,0.0,0.0
82807,947630,0.3286201,0.15828192,0.123466276,0.12976384,10,0.0,133907,1780910,0.33498147,0.5122201,0.5558062,0.54983705,0.6636016,0.670502,0.67927253,0.68099296,14400,15783.167791366577,0.3340298,0.45426494,0.48451126,0.48444885,11.844495363360181,0.0,0.0
82872,948280,0.3126601,0.1688188,0.12501414,0.12996933,10,0.0,133986,1781700,0.37173766,0.54253256,0.557197,0.5500921,0.68439776,0.68021,0.679264,0.681061,14409,15792.733152627945,0.28128684,0.47750393,0.48842147,0.48348123,13.1680983397908,0.0,0.0
82935,948910,0.31792167,0.11483345,0.12597199,0.13028021,10,0.0,134088,1782720,0.3815625,0.56507826,0.5537542,0.55041856,0.69948417,0.67991173,0.67932844,0.6807508,14419,15803.023821353912,0.3815625,0.5244506,0.4974853,0.4845959,11.168712828576412,0.0,0.0
82998,949540,0.3136275,0.07296269,0.12484454,0.1292099,10,0.0,134166,1783500,0.3723683,0.61452854,0.5574341,0.5511543,0.6859958,0.68749124,0.6816166,0.6810778,14429,15813.239320993423,0.31117854,0.6001268,0.524911,0.48628286,10.486095555057762,0.0,0.0
83065,950210,0.30675977,0.07792352,0.11195424,0.1285422,10,0.0,134264,1784480,0.37748885,0.56555474,0.5712931,0.5523468,0.6842486,0.6755927,0.6839349,0.681148,14440,15824.79596209526,0.2965617,0.5415508,0.51101804,0.48670667,9.938103419393347,0.0,0.0
83128,950840,0.33842888,0.09889276,0.10608946,0.12779115,10,0.0,134359,1785430,0.3725864,0.57944447,0.5740917,0.55335206,0.7110153,0.6783372,0.68213105,0.6815177,14449,15834.028175592422,0.3725864,0.5569912,0.5203926,0.48914173,10.701160994365331,0.0,0.0
83193,951490,0.32310057,0.10445945,0.103624135,0.1254335,10,0.0,134453,1786370,0.37606227,0.61222106,0.58104545,0.55646604,0.69916284,0.68437046,0.6815929,0.6815477,14459,15844.204772472382,0.35488424,0.5277117,0.52314574,0.4923922,10.977965308060892,0.0,0.0
83255,952110,0.40388638,0.11591013,0.108865015,0.12457692,10,0.0,134538,1787220,0.303212,0.5629674,0.5713497,0.55627966,0.70709836,0.67887753,0.6805182,0.6809299,14469,15854.76258301735,0.303212,0.49433392,0.49636292,0.49385634,7.149041426322997,0.0,0.0
83320,952760,0.33570608,0.123088285,0.119830646,0.124011606,10,0.0,134632,1788160,0.35202733,0.5555835,0.55993503,0.55647594,0.6877334,0.6786717,0.67961305,0.6805466,14479,15865.139204978943,0.34665602,0.4895793,0.5108568,0.4973328,11.635698643376982,0.0,0.0
83380,953360,0.3207405,0.075348385,0.11946116,0.1223259,10,0.0,134711,1788950,0.35736683,0.6034892,0.56092834,0.55793947,0.6781073,0.67883766,0.6802961,0.68047374,14489,15875.351603269577,0.32212797,0.55147266,0.5149935,0.49773443,10.859998254862113,0.0,0.0
83443,953990,0.00865972,0.066712804,0.08855687,0.11977608,10,0.0,134797,1789810,0.67114544,0.61229825,0.5898328,0.5605032,0.67980516,0.6790111,0.68165135,0.6807543,14499,15885.789009094238,0.39004698,0.5545615,0.5103839,0.49834108,10.69643156794649,0.0,0.0
83508,954640,0.37733766,0.067110874,0.07849187,0.11666309,10,0.0,134887,1790710,0.2863275,0.61252517,0.6011546,0.56454164,0.6636652,0.6796361,0.6827412,0.68096805,14509,15896.108863830566,0.2863275,0.5701745,0.5031894,0.4989508,11.00858234486806,0.0,0.0
83571,955270,-0.011294186,0.005969322,0.035923578,0.108876124,10,0.0,134978,1791620,0.68576074,0.68109477,0.6448276,0.5719209,0.67446655,0.68706405,0.6807511,0.68088454,14519,15906.473086118698,0.3662246,0.5793334,0.5421988,0.50559086,10.831949093012685,0.0,0.0
83641,955970,0.0,0.058852516,0.02870203,0.10136316,10,0.0,135079,1792630,0.71232563,0.6213659,0.6522817,0.57993835,0.71232563,0.68021846,0.6811161,0.6810087,14530,15918.20202255249,0.71232563,0.6383084,0.6109468,0.51544505,9.856269627688423,0.0,0.0
83708,956640,0.020383656,0.0020179867,0.0141990315,0.09331717,10,0.0,135171,1793550,0.6407432,0.6718704,0.6661023,0.5879339,0.66112685,0.6738884,0.6803014,0.6809697,14540,15928.434037685394,0.6383975,0.6530103,0.6539104,0.5269945,12.266424748423452,0.0,0.0
83765,957210,0.022553086,-0.0030607164,0.0048573865,0.086063534,10,0.0,135253,1794370,0.6856544,0.691772,0.67424464,0.595744,0.7082075,0.6887113,0.67911196,0.68109685,14549,15937.65890789032,0.63718987,0.6708482,0.6629812,0.53728026,11.187838841713157,0.0,0.0
83827,957830,0.05186999,0.006555253,0.008271033,0.07913765,10,0.0,135338,1795220,0.6419687,0.67401326,0.67393565,0.6022028,0.6938387,0.6805685,0.6824624,0.68118113,14559,15948.230572223663,0.6419687,0.6674657,0.662202,0.5480179,24.671389615003637,0.0,0.0
83890,958460,-0.009045422,0.013355678,0.008791437,0.072678484,10,0.0,135428,1796120,0.66292346,0.6728748,0.6715338,0.60866576,0.65387803,0.6862305,0.6803253,0.68121207,14569,15958.759821891785,0.6371294,0.6622381,0.66019875,0.5576102,10.25742710821437,0.0,0.0
83953,959090,0.019749641,0.014861244,0.01097585,0.06562777,10,0.0,135517,1797010,0.64947754,0.665625,0.6743189,0.6169288,0.6692272,0.6804862,0.6850615,0.68182456,14579,15969.162143707275,0.64947754,0.66030777,0.6635115,0.56708986,9.363794790142519,0.0,0.0
84015,959710,0.077436745,0.009815132,0.010111727,0.058570415,10,0.0,135598,1797820,0.63418865,0.673591,0.67291796,0.6239407,0.7116254,0.6834062,0.6830297,0.6815655,14588,15978.618652820587,0.63418865,0.6634046,0.66424394,0.5759363,10.609198018950488,0.0,0.0
84082,960380,0.024037123,0.00015783907,0.0066809896,0.051196847,10,0.0,135688,1798720,0.63466775,0.67068464,0.6755291,0.63052624,0.6587049,0.67084247,0.6822101,0.6814275,14598,15988.945393323898,0.63466775,0.6548244,0.66237533,0.5868,12.366610096130598,0.0,0.0
84148,961040,0.048440933,0.012856054,0.009966415,0.045151833,10,0.0,135786,1799700,0.64820856,0.6710451,0.671347,0.63666236,0.6966495,0.6839012,0.68131346,0.68148685,14609,16000.264974832535,0.64820856,0.66246724,0.6607747,0.595329,14.789626291045378,0.0,0.0
84212,961680,0.014055371,0.013636959,0.008378503,0.039594352,10,0.0,135874,1800580,0.67188346,0.6571913,0.67213875,0.6424326,0.68593884,0.6708282,0.6807412,0.68135136,14619,16010.903558254242,0.67188346,0.6516479,0.66089773,0.6048013,12.46894212826502,0.0,0.0
84272,962280,0.020385385,0.01615687,0.011037607,0.032947317,10,0.0,135956,1801400,0.6370627,0.6618826,0.6676342,0.64871716,0.6574481,0.6756416,0.6785013,0.68140393,14628,16020.201395273209,0.6370627,0.6524122,0.6579423,0.61491853,14.84874950658215,0.0,0.0
84332,962880,0.0310691,0.0019994378,0.009807207,0.026180012,10,0.0,136046,1802300,0.64497507,0.6767511,0.6707367,0.6565282,0.67604417,0.6809522,0.6804997,0.6814622,14638,16030.513980865479,0.6342644,0.6512269,0.6596317,0.62387,11.717756086631356,0.0,0.0
84400,963560,0.021954775,0.0091932,0.008614348,0.019837748,10,0.0,136148,1803320,0.6819051,0.67881143,0.67482483,0.66269237,0.70385987,0.6880046,0.6837787,0.68177456,14649,16041.852349996567,0.6534938,0.6724182,0.66298896,0.6329741,12.30779343185897,0.0,0.0
84463,964190,0.0033866167,0.0075401245,0.009888736,0.015095696,10,0.0,136230,1804140,0.68633854,0.6789163,0.67303026,0.66737765,0.68972516,0.68645644,0.68332374,0.68158764,14658,16051.022956371307,0.6368892,0.67055875,0.66280687,0.6433211,10.937914233044136,0.0,0.0
84525,964810,0.056108236,0.00903027,0.0083979955,0.0109465355,10,0.0,136315,1804990,0.64119107,0.66545445,0.66891694,0.6703356,0.6972993,0.6744847,0.6775139,0.681275,14668,16061.501437425613,0.63517326,0.64895964,0.6575213,0.652822,10.45416750579748,0.0,0.0
84596,965520,0.020657599,0.01638769,0.00959636,0.010593682,10,0.0,136418,1806020,0.669555,0.6670699,0.66969895,0.6711398,0.6902126,0.6803111,0.6788284,0.6813303,14679,16072.831884622574,0.63941866,0.6496955,0.65834326,0.65905654,9.615365129290236,0.0,0.0
84656,966120,0.02870655,0.015902787,0.008527432,0.008830438,10,0.0,136509,1806930,0.687092,0.67307043,0.6717264,0.6721812,0.71579856,0.6789466,0.68003637,0.6809286,14688,16082.148117303848,0.6344511,0.655659,0.65964055,0.6610306,10.565101269256802,0.0,0.0
84722,966780,0.034601927,0.0016827643,0.007045971,0.008864568,10,0.0,136599,1807830,0.66897875,0.68626463,0.6715167,0.6723074,0.7035807,0.6844872,0.6783395,0.68116325,14698,16092.475844621658,0.63421077,0.66331446,0.658381,0.6609812,11.026006766543727,0.0,0.0
84786,967420,0.041025937,0.00588308,0.0059005977,0.008962883,10,0.0,136683,1808670,0.65861815,0.675127,0.67697406,0.6721219,0.6996441,0.6810101,0.6829035,0.6810151,14709,16103.629926919937,0.65861815,0.66640866,0.66422135,0.6607872,10.101241105459044,0.0,0.0
84845,968010,0.021169305,0.00833906,0.008143858,0.009029889,10,0.0,136764,1809480,0.68698376,0.67429394,0.67225313,0.67218053,0.70815307,0.6843757,0.68123823,0.68128306,14718,16113.063232183456,0.6364908,0.66304696,0.6614415,0.6610116,10.56447591000545,0.0,0.0
84910,968660,0.006005168,0.005512005,0.0079986295,0.008713293,10,0.0,136856,1810400,0.681004,0.6834146,0.67502403,0.6724615,0.68700916,0.6889266,0.6839583,0.68136775,14728,16123.223147153854,0.6650652,0.66641337,0.6629875,0.66128916,10.730300874351247,0.0,0.0
84979,969350,-0.012877524,6.991625e-05,0.0070199505,0.008386628,10,0.0,136951,1811350,0.6686467,0.68502873,0.67728144,0.6727025,0.65576917,0.68509865,0.68451965,0.6811252,14738,16133.397959709167,0.63421047,0.66375226,0.66395533,0.66094154,9.620351647222456,0.0,0.0
85039,969950,0.069075644,0.010208482,0.008194659,0.008504899,10,0.0,137042,1812260,0.63629335,0.6646842,0.6706425,0.6721319,0.705369,0.6748927,0.6786308,0.6807704,14749,16144.832589626312,0.63629335,0.6517948,0.6578698,0.66052264,10.726730640472903,0.0,0.0
85109,970650,0.022882342,0.009315294,0.010505864,0.008670687,10,0.0,137129,1813130,0.65504843,0.6782217,0.6707426,0.67236793,0.6779308,0.6931621,0.6810141,0.68089443,14759,16155.330377340317,0.65504843,0.67049867,0.6582749,0.6604675,14.400470230198557,0.0,0.0
85167,971230,0.021808863,-0.0045601306,0.006421026,0.008283199,10,0.0,137211,1813950,0.6689794,0.6828739,0.67144203,0.6720332,0.69078827,0.67831385,0.67881876,0.68048,14768,16164.542883634567,0.6483109,0.6713511,0.66072077,0.66046447,11.21236018312729,0.0,0.0
85231,971870,-0.030311763,0.0093597295,0.0058837254,0.008103325,10,0.0,137299,1814830,0.6861263,0.6727061,0.67305654,0.6724265,0.6558145,0.6808938,0.67900395,0.6806227,14778,16175.009002447128,0.6369306,0.6625272,0.6607176,0.66050243,12.064481909191008,0.0,0.0
85299,972550,0.020745039,0.005270666,0.008031485,0.00798267,10,0.0,137398,1815820,0.6344909,0.67465276,0.6706672,0.6725743,0.65523595,0.6799234,0.6785674,0.6806692,14789,16186.166741847992,0.6344909,0.65760887,0.6579876,0.6605473,13.410272150603642,0.0,0.0
85358,973140,0.035475433,0.007839602,0.0078102183,0.007939557,10,0.0,137470,1816540,0.63510686,0.66449195,0.6708015,0.67242086,0.6705823,0.6723315,0.6788687,0.6804629,14798,16195.344775438309,0.6341783,0.65703726,0.65992737,0.6605243,10.759034086274324,0.0,0.0
85423,973790,0.022406757,0.0030855178,0.012363391,0.008112304,10,0.0,137576,1817600,0.6689152,0.68341476,0.6678164,0.6720411,0.69132197,0.6865002,0.6802698,0.6802732,14808,16205.681094169617,0.63704765,0.6654895,0.6597921,0.660168,10.430270958500776,0.0,0.0
85490,974460,0.041444182,0.007686907,0.010114963,0.008202901,10,0.0,137662,1818460,0.6493909,0.6731206,0.67246,0.672019,0.69083506,0.6794026,0.68227303,0.68030226,14819,16217.396874666214,0.63924646,0.6593527,0.6598289,0.6601449,8.866492436018012,0.0,0.0
85555,975110,0.045467794,0.01076898,0.007384326,0.00804733,10,0.0,137752,1819360,0.6695421,0.6742531,0.67308533,0.6725238,0.71500987,0.685022,0.6807014,0.68070287,14829,16227.852458000183,0.6348873,0.65111864,0.65677696,0.6601455,10.77358992174687,0.0,0.0
85617,975730,0.023454309,-0.0016422927,0.00872886,0.008213564,10,0.0,137834,1820180,0.6385678,0.6820197,0.67241377,0.67219454,0.6620221,0.68037736,0.6811448,0.68049705,14838,16237.330754518509,0.6385678,0.6586658,0.65848947,0.65986925,17.07195302581895,0.0,0.0
85681,976370,0.0619632,0.002175641,0.0062818164,0.007913858,10,0.0,137923,1821070,0.634344,0.67840797,0.6726845,0.67281663,0.6963072,0.6805836,0.67880803,0.68077236,14848,16247.636526823044,0.634344,0.6615252,0.6573949,0.659917,16.91617220496043,0.0,0.0
85747,977030,0.0275231,0.0056801797,0.007702272,0.008224526,10,0.0,138017,1822010,0.6831026,0.676402,0.67314047,0.67219436,0.7106257,0.6754815,0.68058443,0.6804552,14859,16258.986682653427,0.63455003,0.6666895,0.65959466,0.6597678,13.334028492187729,0.0,0.0
85812,977680,0.02336359,0.007258135,0.0097314,0.0083680665,10,0.0,138105,1822890,0.6411386,0.6736461,0.67712176,0.67265534,0.6645022,0.6809042,0.68639725,0.6810669,14869,16269.594630479813,0.6341844,0.65509653,0.66464007,0.659951,14.71367592127456,0.0,0.0
85876,978320,-0.00969702,0.005952048,0.009556435,0.008461469,10,0.0,138193,1823770,0.66387755,0.67994326,0.6753285,0.67255545,0.6541805,0.6858953,0.6848916,0.6810762,14879,16279.967685461044,0.6372488,0.66639847,0.66155344,0.6598264,16.016484250834942,0.0,0.0
85935,978910,0.03271991,0.0050390484,0.0082389675,0.008479641,10,0.0,138276,1824600,0.6354749,0.6727462,0.6766295,0.67258185,0.66819483,0.6777852,0.6851349,0.6809721,14888,16289.20284318924,0.6354749,0.6579315,0.66444635,0.6599839,15.798344269710999,0.0,0.0
86001,979570,0.023000121,0.00049278734,0.005911188,0.008496134,10,0.0,138364,1825480,0.68072844,0.68377805,0.6766058,0.67270005,0.70372856,0.6850005,0.68295395,0.6811987,14898,16299.645258665085,0.6397894,0.6672555,0.662741,0.6597813,14.503115834636352,0.0,0.0
86067,980230,0.045238674,0.009752822,0.00726014,0.008276397,10,0.0,138455,1826390,0.65288,0.6658479,0.6741519,0.6731262,0.6981187,0.67560077,0.68116915,0.6814673,14908,16309.882825374603,0.65288,0.6576425,0.660424,0.6602118,14.824282776202423,0.0,0.0
86129,980850,0.027912796,0.013898021,0.008605594,0.008325506,10,0.0,138549,1827330,0.6603328,0.67842686,0.67441714,0.67334217,0.6882456,0.69232494,0.6830226,0.6816086,14919,16321.25313782692,0.64763993,0.6630286,0.66203123,0.66039133,11.16989662069871,0.0,0.0
86188,981440,0.008580565,0.0019196629,0.008440502,0.008498947,10,0.0,138628,1828120,0.65762776,0.6807618,0.6711544,0.6730364,0.6662083,0.68268144,0.67983466,0.6814885,14928,16330.893199443817,0.64391756,0.66193104,0.6597712,0.6600705,26.3760854035236,0.0,0.0
86250,982060,0.02345407,0.011557752,0.008623789,0.008629492,10,0.0,138707,1828910,0.6385752,0.6720568,0.6750283,0.6733849,0.66202927,0.68361455,0.6831124,0.6819711,14937,16340.17071723938,0.63418037,0.66119826,0.6628045,0.66054755,12.659951603492734,0.0,0.0
86319,982750,0.017086744,0.017514521,0.011217408,0.008788338,10,0.0,138804,1829880,0.6561463,0.66010684,0.6704176,0.67301667,0.67323303,0.6773844,0.68147737,0.68186855,14948,16351.60816001892,0.6501833,0.650015,0.6583669,0.6601258,13.867824152599814,0.0,0.0
86381,983370,0.021046162,0.013645875,0.0116375685,0.009020592,10,0.0,138891,1830750,0.63796204,0.6652796,0.66585207,0.6729353,0.6590082,0.67892545,0.6773055,0.6816645,14958,16362.136002779007,0.63796204,0.6544038,0.65585023,0.6598334,13.29188661074169,0.0,0.0
86446,984020,0.00073999166,0.004081279,0.0111411,0.008858464,10,0.0,138982,1831660,0.7071609,0.68261695,0.6705256,0.6729746,0.7079009,0.6866982,0.6813122,0.6816761,14968,16372.717296123505,0.65902466,0.65990674,0.6575895,0.6596317,13.571036834249599,0.0,0.0
86508,984640,0.0,0.01888836,0.00925031,0.008802315,10,0.0,139070,1832540,0.6985345,0.665537,0.6733584,0.67320216,0.6985345,0.6844254,0.68266416,0.68188465,14978,16383.110311985016,0.6985345,0.65178066,0.65834266,0.65955603,12.873205355405464,0.0,0.0
86571,985270,-0.027370036,0.010024935,0.010448808,0.00899035,10,0.0,139157,1833410,0.68722916,0.6705631,0.67009765,0.6729651,0.6598591,0.6805881,0.6814834,0.68190736,14988,16393.74035024643,0.63903797,0.6553091,0.6566889,0.6595958,11.274956196448512,0.0,0.0
86633,985890,0.04252863,0.0041683675,0.009431961,0.008843407,10,0.0,139248,1834320,0.645946,0.6824867,0.6710982,0.6728424,0.68847466,0.6866754,0.6794787,0.6818423,14998,16404.043707847595,0.645946,0.6611186,0.6578273,0.6594906,12.206508443678207,0.0,0.0
86695,986510,0.052591503,0.0071120323,0.010995953,0.009365887,10,0.0,139325,1835090,0.64588636,0.680345,0.6736341,0.672963,0.69847786,0.68745697,0.6838104,0.6822986,15007,16413.514367341995,0.64588636,0.6593968,0.6588045,0.65958095,10.930423282146837,0.0,0.0
86761,987170,0.006303668,0.0064778924,0.009981075,0.009269266,10,0.0,139414,1835980,0.6788954,0.67744625,0.6742086,0.67308754,0.6851991,0.68392426,0.68420744,0.6824675,15017,16424.08373951912,0.63799703,0.6591064,0.65784454,0.6593743,11.552592851297726,0.0,0.0
86826,987820,-0.028201938,0.012742078,0.009259125,0.009256769,10,0.0,139500,1836840,0.6882987,0.67005354,0.6732205,0.6727439,0.66009676,0.6827956,0.6823875,0.6821354,15027,16434.50888943672,0.63928336,0.6542427,0.66035074,0.6592103,11.360957003221683,0.0,0.0
86894,988500,-0.0064202547,0.008218229,0.008256358,0.009072557,10,0.0,139595,1837790,0.6879692,0.67831945,0.675367,0.67287433,0.68154895,0.6865376,0.68351233,0.6821217,15038,16445.85972905159,0.661412,0.66015905,0.66189384,0.6592683,14.913886901620995,0.0,0.0
86951,989070,0.0032058358,0.0130838575,0.0105577875,0.009312124,10,0.0,139675,1838590,0.6580317,0.6803677,0.6714684,0.6725049,0.66123754,0.6936641,0.6827269,0.6821404,15047,16455.45815730095,0.6404612,0.6607986,0.66107583,0.6589322,10.88109465113884,0.0,0.0
87019,989750,0.07543856,0.017834116,0.013374192,0.009635332,10,0.0,139764,1839480,0.639199,0.66333467,0.66847914,0.67194754,0.7146376,0.6811688,0.68173105,0.681936,15057,16465.77769637108,0.639199,0.65217906,0.6558312,0.658473,14.015088685624315,0.0,0.0
87084,990400,0.02340734,0.0040977895,0.008143699,0.009599136,10,0.0,139853,1840370,0.64108074,0.6738574,0.6727552,0.6719908,0.6644881,0.67795527,0.68120295,0.6818197,15067,16476.238425016403,0.64108074,0.65314496,0.65746605,0.65832776,15.133532741842954,0.0,0.0
87147,991030,0.049607635,0.006292498,0.006912876,0.009618273,10,0.0,139942,1841260,0.6613806,0.6708966,0.6728275,0.67204815,0.7109882,0.677189,0.6797404,0.6818402,15077,16486.76412296295,0.63674164,0.66137683,0.65785223,0.6583569,14.310586131952192,0.0,0.0
87215,991710,0.02481252,0.004163879,0.007077127,0.009519369,10,0.0,140039,1842230,0.634171,0.66935635,0.67257684,0.67197317,0.6589835,0.67499375,0.6801821,0.681776,15088,16498.197441339493,0.634171,0.6635809,0.65824616,0.6582126,13.148647000717574,0.0,0.0
87274,992300,0.05801195,0.0021765947,0.005724861,0.009340664,10,0.0,140121,1843050,0.63747567,0.6770778,0.6745668,0.67214876,0.6954876,0.6792544,0.6797705,0.6816172,15097,16507.43623495102,0.63747567,0.6576743,0.6598953,0.6581367,12.663062856349264,0.0,0.0
87334,992900,0.02100861,0.00022115707,0.003915383,0.008836541,10,0.0,140210,1843940,0.66773564,0.67915386,0.67530924,0.672665,0.68874425,0.67937505,0.6790855,0.6816498,15107,16518.188452005386,0.63801646,0.65408385,0.6588731,0.6582108,31.975068267997823,0.0,0.0
87395,993510,-0.01454407,-0.0027620792,0.0043635285,0.00858872,10,0.0,140292,1844760,0.6884548,0.6898251,0.6738951,0.6730754,0.67391074,0.687063,0.67854714,0.6818032,15115,16526.602190971375,0.6535377,0.6720077,0.65859205,0.6587173,14.480578822117566,0.0,0.0
87457,994130,0.061647713,0.009141237,0.0074672233,0.008370307,10,0.0,140382,1845660,0.65294695,0.67146796,0.6750562,0.6730011,0.71459466,0.6806092,0.68250597,0.68173987,15125,16536.820191144943,0.6463646,0.6584287,0.65995705,0.65852094,10.876472813770889,0.0,0.0
87523,994790,0.014891505,-0.00616135,0.008286523,0.00836459,10,0.0,140466,1846500,0.6412236,0.6807129,0.67096436,0.67318785,0.6561151,0.67455155,0.67938584,0.6816101,15136,16548.457804441452,0.6379929,0.6599717,0.65875506,0.65889233,11.005898776161388,0.0,0.0
87589,995450,0.0261994,0.0021404028,0.0045329733,0.007985456,10,0.0,140558,1847420,0.6702678,0.6771162,0.67475873,0.6734675,0.6964672,0.6792566,0.6794951,0.6815875,15146,16558.697910308838,0.662395,0.6552602,0.6598941,0.6590244,15.064951671014498,0.0,0.0
87655,996110,0.022427976,0.0047778664,0.005242022,0.007700215,10,0.0,140653,1848370,0.6668556,0.6740548,0.67409086,0.67347443,0.68928355,0.6753571,0.6791997,0.68131745,15157,16569.98471736908,0.6359511,0.65404177,0.65643305,0.658827,13.1584728117154,0.0,0.0
87717,996730,-0.03045535,0.006974214,0.005372821,0.007255761,10,0.0,140731,1849150,0.69120085,0.6788084,0.6721101,0.67359936,0.6607455,0.68578255,0.67759466,0.6809978,15165,16578.455821990967,0.6399532,0.66346633,0.6573359,0.65907013,14.015828651704167,0.0,0.0
87782,997380,0.02238214,0.017238175,0.0066403975,0.007100622,10,0.0,140827,1850110,0.6634065,0.67168075,0.6721703,0.67339253,0.68578863,0.68891895,0.67909706,0.6806015,15177,16590.68214893341,0.6579732,0.6622852,0.6571698,0.6589417,16.798879835435777,0.0,0.0
87845,998010,0.033557653,0.014752453,0.008944557,0.0070626126,10,0.0,140906,1850900,0.6549306,0.6685296,0.6711958,0.6729636,0.68848825,0.6799263,0.6796287,0.68015176,15185,16599.003814458847,0.6549306,0.6599492,0.656946,0.65856737,12.783801774606882,0.0,0.0
87908,998640,0.018245459,0.00781461,0.007819048,0.0069870474,10,0.0,140995,1851790,0.65592635,0.6766733,0.67248183,0.6732246,0.6741718,0.6844879,0.6803091,0.68030703,15196,16610.582446336746,0.635999,0.6619035,0.66076905,0.658667,17.220916354045247,0.0,0.0
87977,999330,0.02322805,0.010031199,0.004730923,0.0065560886,10,0.0,141092,1852760,0.6449967,0.6665951,0.67564535,0.67355,0.66822475,0.67662627,0.6808945,0.680125,15207,16621.807204723358,0.63422465,0.6534252,0.6611387,0.6588467,18.487689651478973,0.0,0.0
88035,999910,0.041422486,0.00031612517,0.0057627345,0.006268197,10,0.0,141175,1853590,0.6600238,0.69786346,0.67670923,0.67395765,0.7014463,0.6995854,0.682672,0.6802466,15216,16630.9951543808,0.6600238,0.6760693,0.66378075,0.65946007,14.946486618625665,0.0,0.0
88100,1000560,0.011419892,0.0057187257,0.005534772,0.0060878065,10,0.0,141267,1854510,0.6665919,0.6762632,0.6789227,0.6744666,0.6780118,0.6819819,0.6841498,0.68054247,15227,16642.388845682144,0.65422153,0.6581066,0.6631857,0.6596235,15.495765758243675,0.0,0.0
88165,1001210,0.010774672,0.009024995,0.008532045,0.0062341113,10,0.0,141357,1855410,0.64989936,0.67721206,0.67485726,0.6743729,0.66067404,0.68419796,0.6836216,0.68052894,15237,16652.58938741684,0.63987947,0.66783106,0.66152024,0.65983176,15.372174642221525,0.0,0.0
88230,1001860,0.030093968,0.0023565353,0.007711591,0.0061624567,10,0.0,141439,1856230,0.63459086,0.67398226,0.6708769,0.67405844,0.66468483,0.6763388,0.67869645,0.68037295,15247,16662.7214615345,0.63459086,0.659042,0.65946805,0.6597334,13.921272512557778,0.0,0.0
88292,1002480,0.021508992,0.0037718236,0.0044859187,0.0060680676,10,0.0,141522,1857060,0.6679299,0.67596394,0.6735074,0.6740753,0.6894389,0.6797358,0.67766184,0.68024504,15256,16672.11413502693,0.63877225,0.6715137,0.6575055,0.6597805,15.214399018571902,0.0,0.0
88355,1003110,0.007733345,0.004137504,0.003288728,0.0060587325,10,0.0,141613,1857970,0.6485419,0.6757807,0.6752502,0.674187,0.6562753,0.6799182,0.68042266,0.68044233,15266,16682.551845788956,0.6373547,0.66602594,0.65931237,0.6599233,16.546322004224255,0.0,0.0
88421,1003770,0.022944212,0.011110688,0.0054517295,0.0060193185,10,0.0,141701,1858850,0.64989144,0.67535233,0.67646927,0.6742733,0.67283565,0.686463,0.68292695,0.6806332,15275,16691.84208393097,0.6344399,0.66367173,0.6618461,0.6599693,16.16108435559361,0.0,0.0
88484,1004400,2.1398067e-05,-0.00039474963,0.005666588,0.0060251644,10,0.0,141787,1859710,0.69251746,0.68486065,0.6761558,0.6745737,0.69253886,0.68446594,0.6826118,0.6806309,15285,16702.522927045822,0.6561601,0.6677012,0.66231865,0.6601925,21.50027629492099,0.0,0.0
88546,1005020,0.017737627,0.011645317,0.0058078133,0.0058161933,10,0.0,141878,1860620,0.65051085,0.6667425,0.674159,0.6743954,0.6682485,0.67633194,0.68057257,0.68064624,15295,16712.828721761703,0.64307314,0.6643884,0.6609941,0.66017675,28.427113189861597,0.0,0.0
88609,1005650,0.017982125,0.008697724,0.0049512004,0.005901881,10,0.0,141966,1861500,0.6415541,0.66214883,0.6731295,0.67413783,0.65953624,0.67310727,0.6774232,0.68034476,15305,16723.0354244709,0.6343304,0.656606,0.6604162,0.66005474,23.762186869199038,0.0,0.0
88674,1006300,-0.037646413,0.011413944,0.0059917383,0.0059989635,10,0.0,142054,1862380,0.7007668,0.67548305,0.673694,0.674336,0.6631204,0.686897,0.6797464,0.68062913,15316,16734.451869487762,0.6402972,0.6699716,0.66176397,0.6605074,23.64609425166438,0.0,0.0
88731,1006870,0.023290932,0.005763906,0.0060978425,0.006079199,10,0.0,142132,1863160,0.643002,0.6780123,0.67383695,0.6742446,0.6662929,0.6837762,0.6801761,0.6806488,15325,16743.835221767426,0.6360958,0.66764003,0.6596338,0.6603011,11.995162244688721,0.0,0.0
88796,1007520,0.023127079,0.007632679,0.008631536,0.0062145977,10,0.0,142220,1864040,0.6420415,0.67034155,0.66909754,0.6741043,0.6651686,0.6774778,0.6780046,0.6805159,15335,16754.262073516846,0.6395121,0.6594612,0.656331,0.6602557,11.004746600884356,0.0,0.0
88863,1008190,0.012363434,0.0134086665,0.008134668,0.0061768587,10,0.0,142319,1865030,0.6892196,0.66515243,0.67517585,0.6744233,0.701583,0.67855346,0.6832637,0.6808058,15345,16764.679401874542,0.63492364,0.65971196,0.6632255,0.6606654,9.404501007872392,0.0,0.0
88922,1008780,-0.0415892,-0.003571707,0.0068542147,0.0060302583,10,0.0,142398,1865820,0.6989244,0.6842142,0.67627686,0.6743952,0.6573352,0.6806425,0.6828811,0.68072027,15355,16774.96136045456,0.63531363,0.6608744,0.66286117,0.66055447,10.393803422668794,0.0,0.0
88993,1009490,0.00051134825,-0.0003861189,0.0033139824,0.0059969435,10,0.0,142498,1866820,0.6948785,0.6846894,0.67705315,0.67460376,0.69538987,0.68430334,0.6804872,0.6809103,15365,16785.157458782196,0.63441634,0.66717684,0.6614874,0.6607276,12.944715503861374,0.0,0.0
89053,1010090,0.041083038,-0.0044404804,0.001669473,0.0055180704,10,0.0,142584,1867680,0.67146784,0.68646187,0.67976046,0.6749821,0.7125509,0.68202144,0.68127716,0.6807575,15376,16796.703401327133,0.6445394,0.671048,0.66480744,0.66080606,10.645960412284051,0.0,0.0
89112,1010680,-0.047310233,0.011524856,0.005132966,0.005874635,10,0.0,142662,1868460,0.70972776,0.65476745,0.67722327,0.67462945,0.66241753,0.6687158,0.68243647,0.68072104,15385,16806.05479311943,0.64168257,0.6445694,0.6632912,0.66086537,10.82618673534628,0.0,0.0
89181,1011370,0.030789137,0.004697925,0.007418092,0.00562238,10,0.0,142762,1869460,0.64626664,0.67390025,0.67084837,0.67471725,0.6770558,0.6801801,0.6782812,0.6803855,15396,16817.404509544373,0.64626664,0.6584691,0.65769774,0.6604701,10.793568281870307,0.0,0.0
89246,1012020,-0.017340302,0.008714234,0.0074889865,0.0056782058,10,0.0,142838,1870220,0.6824617,0.66982496,0.67146677,0.67472655,0.6651214,0.6785393,0.6787151,0.680497,15405,16827.013672828674,0.6445155,0.6632702,0.6593683,0.66058314,11.077957123436844,0.0,0.0
89313,1012690,0.036368668,0.007399368,0.005665515,0.0056779142,10,0.0,142937,1871210,0.6484588,0.65851843,0.6734279,0.6745194,0.68482745,0.66591775,0.678646,0.68043405,15415,16837.229914426804,0.63455415,0.6466839,0.6585821,0.66050136,11.554960738295803,0.0,0.0
89375,1013310,-0.00601238,0.0048634172,0.0051757847,0.005691584,10,0.0,143023,1872070,0.66662484,0.67328227,0.6714203,0.6743108,0.66061246,0.6781457,0.6760564,0.680129,15425,16847.419223308563,0.6398187,0.6592806,0.6577821,0.66017324,10.268408595264045,0.0,0.0
89432,1013880,0.036354303,0.00031515956,0.003112046,0.005511614,10,0.0,143099,1872830,0.639785,0.68964654,0.68133706,0.6748329,0.6761393,0.6899617,0.6844491,0.68040186,15435,16857.915004968643,0.639785,0.68057585,0.6675778,0.6608527,10.576602438342928,0.0,0.0
89500,1014560,-0.01968509,0.0070393505,0.0032071031,0.005316231,10,0.0,143189,1873730,0.6915088,0.6785375,0.6807121,0.6751956,0.67182374,0.68557686,0.68396807,0.68043905,15445,16868.22791481018,0.64248043,0.6737052,0.6686778,0.6611179,11.333196970143216,0.0,0.0
89566,1015220,0.039423585,0.009528631,0.007188154,0.0055361893,10,0.0,143291,1874750,0.6644923,0.6769163,0.67638963,0.6753867,0.7039159,0.68644494,0.68471855,0.6809469,15455,16878.660616874695,0.6644923,0.6711565,0.664839,0.66141033,11.199647960284452,0.0,0.0
89626,1015820,0.003283441,0.0047359527,0.006574884,0.0055012377,10,0.0,143367,1875510,0.6559384,0.67348635,0.6759621,0.67564964,0.6592218,0.6760086,0.68221873,0.68116444,15465,16889.027257680893,0.6355684,0.66975063,0.66451246,0.6618782,10.546369988322892,0.0,0.0
89695,1016510,-0.03875619,-0.0022474765,0.003755433,0.005342602,10,0.0,143467,1876510,0.7100548,0.68040293,0.6785211,0.6758263,0.6712986,0.6781555,0.6812624,0.6812437,15475,16899.252660512924,0.6395387,0.66001004,0.66376376,0.6618375,10.810457496124858,0.0,0.0
89755,1017110,0.01251477,0.0032791854,0.0020711177,0.005132425,10,0.0,143554,1877380,0.69091594,0.6764015,0.6779248,0.67620546,0.7034307,0.6761242,0.6796282,0.6812988,15485,16909.501524925232,0.63759017,0.6630477,0.66101044,0.6622395,6.726772345571301,0.0,0.0
89821,1017770,-0.02333486,-0.0030320405,0.005835455,0.0051784054,10,0.0,143639,1878230,0.67744803,0.6878182,0.6731194,0.67619425,0.6541132,0.6788006,0.6788881,0.6813386,15495,16919.99382352829,0.6372095,0.6657011,0.6593834,0.66234064,6.61860922075549,0.0,0.0
89887,1018430,-0.001660049,-0.0040762364,0.0024712812,0.0046794172,10,0.0,143725,1879090,0.70857286,0.69875187,0.67999566,0.67687,0.7069128,0.6946756,0.68298423,0.6813853,15506,16931.363823890686,0.6539709,0.6847684,0.6675051,0.6628213,10.288988244321475,0.0,0.0
89952,1019080,-0.0048009157,0.006510049,0.00015464007,0.004433873,10,0.0,143814,1879980,0.6789528,0.67082393,0.68057936,0.6765627,0.6741519,0.677334,0.68083704,0.6810609,15516,16941.72524166107,0.65677893,0.6593349,0.6644899,0.6625681,10.879353241573652,0.0,0.0
90014,1019700,0.0005607605,-0.0014190435,0.0006217629,0.004103634,10,0.0,143890,1880740,0.6991557,0.69093484,0.6795231,0.67692995,0.69971645,0.68951577,0.67965746,0.6810488,15525,16951.223440170288,0.6773201,0.6692112,0.66382414,0.6628432,30.28223101920407,0.0,0.0
90075,1020310,0.015355706,-0.004369372,-0.0009052372,0.003956823,10,0.0,143977,1881610,0.6486912,0.68332833,0.6854834,0.67722595,0.6640469,0.67957586,0.6843562,0.6812074,15535,16961.565500974655,0.6486912,0.67188346,0.66930735,0.66308445,34.42330372465323,0.0,0.0
90137,1020930,-0.0429551,0.008984381,0.0016445995,0.003753342,10,0.0,144065,1882490,0.7099158,0.6704067,0.6790501,0.67736316,0.6669607,0.679391,0.68017554,0.68098927,15545,16971.908315181732,0.6446543,0.66354764,0.66462415,0.66337824,10.029922585801156,0.0,0.0
90201,1021570,-0.0020326376,0.0020142137,0.001619432,0.0033100946,10,0.0,144143,1883270,0.7013164,0.6803271,0.6816297,0.67843217,0.6992838,0.6823413,0.68330353,0.6816733,15554,16981.314555883408,0.6503605,0.6695186,0.6708731,0.6646138,12.715256201118098,0.0,0.0
90267,1022230,0.029236734,-0.004419416,-0.0009411937,0.0027604036,10,0.0,144239,1884230,0.6488468,0.68254066,0.685622,0.67911875,0.67808354,0.67812127,0.68494415,0.68186706,15565,16993.145168066025,0.6488468,0.66512203,0.6724507,0.66537535,10.126460522583098,0.0,0.0
90329,1022850,-0.0053656697,-0.0030417084,-0.0011196691,0.0025253159,10,0.0,144326,1885100,0.6589467,0.68223083,0.68358725,0.67997026,0.653581,0.67918915,0.6828668,0.6822246,15575,17003.593541383743,0.653581,0.6639481,0.669644,0.6660707,10.86303314098646,0.0,0.0
90387,1023430,0.0064581633,-0.0017554939,-0.0013967967,0.0020760598,10,0.0,144404,1885880,0.6879102,0.68135846,0.6825826,0.68041015,0.69436836,0.6796029,0.68173033,0.6823346,15584,17013.097494125366,0.67556554,0.66988003,0.66805834,0.6664288,10.657703393269465,0.0,0.0
90454,1024100,-0.00054991245,0.011591869,-0.00023627043,0.0019686637,10,0.0,144505,1886890,0.67576325,0.6692923,0.6810897,0.6801661,0.67521334,0.6808842,0.68189096,0.6820989,15594,17023.380541086197,0.6546799,0.66522443,0.6684358,0.66640806,7.705180099664076,0.0,0.0
90517,1024730,-0.0020727515,0.0022238612,0.001606695,0.0018066812,10,0.0,144581,1887650,0.6877619,0.67676353,0.6797147,0.68044627,0.68568915,0.6789874,0.6812011,0.6820342,15604,17033.607087373734,0.6659082,0.66733897,0.6701532,0.66678536,12.619302281990576,0.0,0.0
90579,1025350,0.01946807,0.0016100586,0.00081105053,0.001387767,10,0.0,144668,1888520,0.683087,0.6810023,0.682267,0.6806989,0.70255506,0.68228936,0.6832341,0.68188703,15614,17043.97766661644,0.6557104,0.6727763,0.67040366,0.66705424,10.360005078356371,0.0,0.0
90643,1025990,0.03392303,-0.0005048454,0.002462464,0.0011871955,10,0.0,144754,1889380,0.66013324,0.6888584,0.6820355,0.6810072,0.6940563,0.68835354,0.6840049,0.6821032,15624,17054.507273435593,0.6560983,0.6732455,0.6699906,0.6673048,10.737979020216352,0.0,0.0
90713,1026690,0.0033599138,0.0011141181,0.00096021115,0.0011260406,10,0.0,144840,1890240,0.67360145,0.6700722,0.6813252,0.68090546,0.67696136,0.6711863,0.682412,0.6819663,15634,17064.92626976967,0.6624751,0.66233355,0.66935056,0.667546,13.061566153252075,0.0,0.0
90777,1027330,-0.0024631023,0.005525726,0.0010886752,0.0010131996,10,0.0,144938,1891220,0.6638022,0.68122745,0.6804045,0.68138283,0.6613391,0.6867532,0.68194604,0.68218887,15645,17076.54798102379,0.65942025,0.67653674,0.67080796,0.66830236,10.546733301901618,0.0,0.0
90836,1027920,0.015608847,0.006862366,2.9048919e-05,0.00043639564,10,0.0,145014,1891980,0.6604691,0.6773275,0.6806335,0.6819416,0.67607796,0.6841899,0.68123245,0.68235606,15654,17085.84387254715,0.6568167,0.66456175,0.6692499,0.6687798,10.117957083093911,0.0,0.0
90894,1028500,-0.0067468286,0.0011754691,-3.4859182e-05,0.0004770626,10,0.0,145096,1892800,0.66065127,0.6767731,0.6812568,0.6815621,0.65390444,0.6779486,0.6817834,0.68206835,15663,23612.239922761917,0.65390444,0.66079646,0.6704898,0.66880125,0.0015341999289915464,0.0,0.0
91000,1029560,-0.039270043,0.0058012903,0.0009124345,0.0006005264,10,0.0,145228,1894120,0.696648,0.66536885,0.68082625,0.68197536,0.65737796,0.675105,0.6821314,0.6824625,15679,23621.855399131775,0.65737796,0.6588626,0.6709253,0.6696886,18.423899961169415,0.0,0.0
91103,1030590,0.021294892,-0.004171753,0.000657922,0.0007425133,10,0.0,145355,1895390,0.6614013,0.6841479,0.6788817,0.6812507,0.68269616,0.6799761,0.6794834,0.6819933,15695,23632.148253440857,0.6614013,0.6733547,0.6692142,0.66967237,17.760779554479804,0.0,0.0
91204,1031600,0.02230239,0.0028071583,-1.2205839e-05,0.0006466867,10,0.0,145472,1896560,0.6673742,0.6776988,0.68092865,0.6811328,0.6896766,0.6760539,0.6806934,0.68171144,15711,23641.614819049835,0.6673742,0.66495,0.6686466,0.66942745,17.057969711894124,0.0,0.0
91310,1032660,0.0050618052,0.006908357,0.0008063662,0.0007642905,10,0.0,145588,1897720,0.660465,0.66592443,0.6794905,0.68076646,0.6655268,0.6728328,0.68029684,0.6814277,15727,23651.548410892487,0.660465,0.66150576,0.66994256,0.66946805,16.34071625121115,0.0,0.0
91404,1033600,-0.01970756,0.0048888028,0.001221537,0.00090489513,10,0.0,145704,1898880,0.70827204,0.66806567,0.67809653,0.6804294,0.6885645,0.67295444,0.67885673,0.6811979,15741,23661.824823617935,0.66201144,0.66082317,0.66816604,0.6694817,21.121365527736526,0.0,0.0
91488,1034440,0.017448008,0.008018017,0.001400069,0.0008269164,10,0.0,145813,1899970,0.6691835,0.67655027,0.68037826,0.68053585,0.6866315,0.6845683,0.68177825,0.6812971,15755,23671.856459856033,0.6673657,0.662593,0.66611075,0.66930306,13.182558921987473,0.0,0.0
91583,1035390,-0.0056387186,0.008516675,0.00019656122,0.0006551609,10,0.0,145937,1901210,0.69350404,0.6804261,0.6838419,0.6808925,0.6878653,0.6889428,0.68403846,0.6814092,15771,23683.3432700634,0.6753936,0.669163,0.6706184,0.669417,34.17764077290954,0.0,0.0
91669,1036250,-0.031154454,-0.0016990781,0.0010808026,0.00063866907,10,0.0,146042,1902260,0.69204813,0.68035996,0.67901015,0.680615,0.6608937,0.67866087,0.68053937,0.68115675,15783,23692.24982213974,0.6569492,0.6706805,0.6674376,0.66932654,20.47012476402985,0.0,0.0
91759,1037150,-0.021506548,0.008176053,-0.0006230438,0.0004489085,10,0.0,146165,1903490,0.6867586,0.66720665,0.681819,0.6807282,0.66525203,0.6753827,0.6811747,0.68117505,15799,23703.865407943726,0.6633445,0.6632465,0.67062193,0.6695647,14.43434312496365,0.0,0.0
91851,1038070,-0.0068464875,-0.0057772873,0.0019530595,0.0005769883,10,0.0,146272,1904560,0.66352725,0.69508207,0.6781385,0.68061924,0.65668076,0.68785995,0.6794978,0.68108934,15813,23713.62371468544,0.65668076,0.681438,0.6665525,0.66932726,15.913694384360332,0.0,0.0
91945,1039010,-0.013798237,-0.00017169715,-0.0015072555,0.00056944916,10,0.0,146383,1905670,0.685299,0.67216057,0.6821369,0.6804791,0.67150074,0.6719889,0.68055,0.6809253,15827,23723.399433851242,0.66961104,0.66628444,0.67025167,0.66902393,47.93178044401679,0.0,0.0
92046,1040020,-0.01816219,-0.004895824,0.0008425295,0.0004153729,10,0.0,146515,1906990,0.6976523,0.6944415,0.6824689,0.68101734,0.6794901,0.68954575,0.68343854,0.6813468,15843,23734.428812265396,0.6651623,0.678929,0.6713475,0.6693721,24.72896215457724,0.0,0.0
92138,1040940,-0.04895073,0.0029009343,0.0009345245,0.0005372656,10,0.0,146630,1908140,0.70904684,0.68820643,0.68176574,0.6809521,0.6600961,0.6911074,0.6827003,0.68143594,15857,23743.995129346848,0.6581736,0.6780057,0.6719541,0.66944295,21.33872749204689,0.0,0.0
92205,1041610,-0.05025333,-0.008877421,0.0030598694,0.0007227592,10,0.0,146727,1909110,0.7052618,0.69513965,0.68076575,0.6809117,0.6550085,0.68626213,0.6837859,0.6815789,15869,23754.073384046555,0.6550085,0.68403816,0.671045,0.66954595,19.137435979330878,0.0,0.0
92293,1042490,0.010196865,0.00579344,0.0008527845,0.00072616996,10,0.0,146829,1910130,0.70046914,0.6736822,0.678921,0.6806705,0.710666,0.67696774,0.6793714,0.6812786,15882,23765.50698184967,0.6787241,0.66733634,0.6685546,0.6692139,9.129515670110992,0.0,0.0
92385,1043410,0.024015486,-0.0052670897,-0.0006042713,0.0006218753,10,0.0,146943,1911270,0.6777698,0.68556505,0.6830585,0.6808935,0.70178527,0.680298,0.6820605,0.6815106,15896,23775.071904420853,0.6777698,0.6774362,0.6718031,0.6696425,17.237371068138163,0.0,0.0
92454,1044100,0.046881855,-0.0032634498,-0.0022233843,0.00040403008,10,0.0,147028,1912120,0.6690197,0.6807971,0.68092316,0.68072134,0.71590155,0.6775336,0.6784362,0.6811639,15906,23784.54633975029,0.66498584,0.66522837,0.66924477,0.6695977,23.14281347438722,0.0,0.0
92530,1044860,0.01108557,0.00038754343,0.0015534466,0.00043793826,10,0.0,147135,1913190,0.6919925,0.68176025,0.6781697,0.6806007,0.7030781,0.6821478,0.6797046,0.6810654,15919,23796.046637773514,0.68700325,0.67356384,0.6677436,0.66965294,28.492596809386523,0.0,0.0
92614,1045700,0.0,-0.00716964,-0.0007959646,0.00043897564,10,0.0,147239,1914230,0.6997179,0.6920296,0.684212,0.6805609,0.6997179,0.6819906,0.6831276,0.68094903,15932,23806.8397128582,0.6997179,0.6720389,0.67130166,0.6696896,11.551978759560539,0.0,0.0
92688,1046440,0.0386346,0.001327163,-0.0012819486,0.00029894846,10,0.0,147340,1915240,0.6600861,0.6814339,0.68007773,0.680763,0.6987207,0.6827611,0.6792257,0.68094945,15944,23817.866815805435,0.6600861,0.6647371,0.6687832,0.6697611,9.228590627476676,0.0,0.0
92767,1047230,0.019314826,-0.0074145673,-6.3613654e-05,0.0003898795,10,0.0,147445,1916290,0.6599312,0.6820339,0.6786199,0.68059045,0.679246,0.6746193,0.67889756,0.6809353,15956,23829.02737236023,0.6580648,0.6585358,0.66878057,0.6697065,9.09432981230048,0.0,0.0
92827,1047830,0.047176838,-0.002890712,0.0003468424,0.00024894142,10,0.0,147531,1917150,0.66197014,0.6738732,0.678339,0.6807115,0.709147,0.67378426,0.678623,0.68090665,15965,23838.793687820435,0.657893,0.6611968,0.6657734,0.66953903,26.34670988369719,0.0,0.0
92898,1048540,-0.007850885,-0.0006331444,-0.0017314381,0.0002993065,10,0.0,147618,1918020,0.66115314,0.6782722,0.68095416,0.6805406,0.65330225,0.677639,0.67915016,0.6808665,15975,23848.425830841064,0.65330225,0.6612403,0.6667843,0.66947275,13.559642910023387,0.0,0.0
92971,1049270,0.0086811185,0.008924341,0.00170533,0.00021692186,10,0.0,147719,1919030,0.6779554,0.676774,0.68248564,0.6808058,0.6866365,0.6880906,0.68347436,0.6810076,15988,23859.780345916748,0.66665757,0.67357355,0.6703379,0.6697082,23.086128576122835,0.0,0.0
93046,1050020,-0.010640383,0.0029076696,1.4477968e-05,8.475816e-05,10,0.0,147827,1920110,0.6718698,0.6752825,0.680312,0.68059224,0.66122943,0.6782715,0.6808185,0.6807207,16000,23871.051587343216,0.6593103,0.6608114,0.66928095,0.6694997,15.798272862425247,0.0,0.0
93130,1050860,-0.012809694,0.0017033995,-0.0017596835,-4.4093907e-05,10,0.0,147917,1921010,0.6717723,0.6813248,0.68167895,0.6808863,0.6589626,0.68302816,0.67992723,0.6807186,16012,23880.11870098114,0.6570368,0.6699888,0.6669747,0.66911644,14.374885187470012,0.0,0.0
93208,1051640,0.03805238,0.0018149018,-0.00041549205,-0.0005285095,10,0.0,148022,1922060,0.6604421,0.68551826,0.6825861,0.68117774,0.6984945,0.6873331,0.6819924,0.68057275,16024,23890.3117146492,0.6597985,0.67990845,0.67066115,0.6694215,33.99784550015117,0.0,0.0
93285,1052410,0.022097945,-0.009759998,-0.0007296455,-0.00060099276,10,0.0,148115,1922990,0.66167057,0.690805,0.684834,0.68154943,0.6837685,0.68104506,0.68387496,0.6809457,16036,23900.286576509476,0.65664244,0.67481506,0.67336875,0.6693751,12.741317151352474,0.0,0.0
93350,1053060,-0.005315125,0.006783062,0.00025715053,-0.00046748458,10,0.0,148211,1923950,0.66817236,0.67306316,0.68139887,0.6812505,0.66285723,0.67984617,0.6812997,0.680759,16046,23911.512291431427,0.6609428,0.66960657,0.67087877,0.6693283,16.711306606743005,0.0,0.0
93422,1053780,-0.01877731,-0.0008147418,0.002531699,-0.00031285489,10,0.0,148303,1924870,0.6868701,0.68706566,0.6788723,0.68124366,0.6680928,0.68625087,0.68140167,0.68097115,16058,23921.975747585297,0.6661934,0.68010676,0.6712005,0.6694784,17.57542133536703,0.0,0.0
93492,1054480,0.00045245886,0.0011536062,0.001602596,-9.874505e-05,10,0.0,148402,1925860,0.67652655,0.69531554,0.6812517,0.6814699,0.676979,0.697991,0.6830347,0.6812986,16069,23932.312599897385,0.6641408,0.69101155,0.67269456,0.669865,29.07612693020918,0.0,0.0
93570,1055260,-0.05015731,0.0054239095,0.0023118276,-4.7055542e-05,10,0.0,148498,1926820,0.70598215,0.6779041,0.68028116,0.6812475,0.65582484,0.6833281,0.68234545,0.6811892,16080,23941.100385427475,0.65573233,0.6728765,0.67168283,0.6698989,10.918478406590388,0.0,0.0
93649,1056050,0.013092995,0.002554053,0.0010343886,0.00016625422,10,0.0,148605,1927890,0.68229395,0.67974937,0.6797357,0.6808672,0.69538695,0.6815685,0.680252,0.68093044,16093,23952.14769101143,0.66355723,0.669984,0.667981,0.66944134,29.481544794079937,0.0,0.0
93715,1056710,0.04971564,0.005799526,0.0018338508,0.00027825456,10,0.0,148698,1928820,0.665365,0.6670536,0.67793244,0.6808755,0.7150806,0.6728531,0.6802907,0.6811777,16103,23962.014736175537,0.6613088,0.6625371,0.6679868,0.6696012,25.577426172945508,0.0,0.0
93799,1057550,0.0017750859,0.004014015,0.0014053988,0.00035939092,10,0.0,148802,1929860,0.6638754,0.6893004,0.67848444,0.6809112,0.6656505,0.69331455,0.67999345,0.68125683,16117,23973.951231241226,0.65981007,0.68566734,0.6684249,0.6694328,13.94672762791471,0.0,0.0
93878,1058340,-0.026401043,-0.003220439,-0.0018142397,0.00021122837,10,0.0,148899,1930830,0.69794405,0.6825146,0.6836531,0.6810056,0.671543,0.6792942,0.68183905,0.681302,16129,23983.66857790947,0.6583526,0.6665273,0.66961014,0.6697541,37.622205000143516,0.0,0.0
93942,1058980,-0.00030189753,0.0011568904,-0.0016574592,0.0002321536,10,0.0,148989,1931730,0.6906289,0.66991246,0.6836956,0.68105125,0.690327,0.6710693,0.68234336,0.68137366,16138,23992.918233156204,0.66693676,0.66622484,0.67175394,0.6699212,45.42854512469199,0.0,0.0
94021,1059770,-0.041986704,-0.009578466,-0.00083778024,0.000110285284,10,0.0,149095,1932790,0.6965807,0.6848222,0.6828082,0.6810993,0.654594,0.6714456,0.6816027,0.6812459,16152,24004.67925286293,0.654594,0.6737285,0.6710611,0.6698459,14.956159947282822,0.0,0.0
94103,1060590,-0.047456264,-0.013322246,-0.0032768506,2.539605e-05,10,0.0,149191,1933750,0.7095631,0.68657285,0.68241066,0.6811431,0.6621068,0.6774847,0.67983073,0.6813808,16164,24014.364230155945,0.65684575,0.66380095,0.6712345,0.670346,24.520794687429298,0.0,0.0
94167,1061230,0.0010960102,0.0028664947,-0.00081494567,0.00019788486,10,0.0,149275,1934590,0.709302,0.6881093,0.68218386,0.68134,0.710398,0.6909757,0.68113655,0.68166953,16174,24023.698632717133,0.6639164,0.6784354,0.6700022,0.67055184,12.33670347408627,0.0,0.0
94244,1062000,0.016908646,0.0014363468,0.0015895194,0.00051342,10,0.0,149388,1935720,0.6987798,0.685348,0.6811618,0.6810975,0.71568847,0.6867844,0.6830824,0.68159705,16187,24035.378344774246,0.69703895,0.66894495,0.66927004,0.67027783,14.187819722887381,0.0,0.0
94319,1062750,-0.016355157,0.010231758,0.0013245976,0.00065923634,10,0.0,149468,1936520,0.6714703,0.6665383,0.68256235,0.6809904,0.6551151,0.67677,0.683887,0.6818302,16198,24044.45966219902,0.6551151,0.66029483,0.67207646,0.6705114,30.767510865777844,0.0,0.0
94387,1063430,-0.010566115,-0.0057669757,-0.0016187519,0.0003124749,10,0.0,149573,1937570,0.6728771,0.6728182,0.6810376,0.6813849,0.66231096,0.66945297,0.6793368,0.6817105,16208,24054.338978290558,0.66231096,0.66566235,0.6696856,0.67040277,32.543753200602104,0.0,0.0
94471,1064270,0.0024859905,0.00031749607,-0.001982144,0.0001559338,10,0.0,149668,1938520,0.7092394,0.67257434,0.6812763,0.681534,0.7117254,0.67289186,0.6798491,0.6816136,16221,24065.127351522446,0.6600153,0.66150135,0.6708511,0.67037255,14.461222322592212,0.0,0.0
94552,1065080,-0.033487737,0.0077215256,0.0019416731,8.85995e-05,10,0.0,149783,1939670,0.7092112,0.67568856,0.6804155,0.6816939,0.67572343,0.68341005,0.6821071,0.6816882,16235,24076.96579694748,0.6613734,0.6671081,0.6687208,0.6701775,12.124066985673593,0.0,0.0
94616,1065720,-0.033612847,0.0053786635,0.0012632901,1.8739998e-05,10,0.0,149871,1940550,0.690305,0.6825069,0.677966,0.681436,0.65669215,0.68788564,0.6795403,0.68157774,16245,24087.26494908333,0.65669215,0.66904485,0.6681979,0.67012465,11.22683796034328,0.0,0.0
94695,1066510,-0.04186392,-0.0041056154,0.0018370515,0.00014866871,10,0.0,149967,1941510,0.7057532,0.6868494,0.67811173,0.6812022,0.6638893,0.6827438,0.6801117,0.68136424,16257,24097.008967638016,0.6619778,0.6780217,0.6691208,0.67022365,12.096590358499185,0.0,0.0
94761,1067170,0.0057424307,0.00025269986,0.001688984,0.00011964339,10,0.0,150066,1942500,0.6995041,0.687993,0.68160266,0.68162876,0.7052465,0.6882457,0.68314886,0.68173134,16268,24108.23594236374,0.6657979,0.67948806,0.6745321,0.6706638,12.234776333345195,0.0,0.0
94844,1068000,-0.0046488643,-0.006297541,-0.0029619408,-0.00034031022,10,0.0,150162,1943460,0.69512975,0.69362766,0.6870995,0.68219644,0.6904809,0.6873301,0.6842357,0.6820055,16280,24118.1381418705,0.6886432,0.6802804,0.6749287,0.67118275,31.111483637242955,0.0,0.0
94905,1068610,0.0069584846,-0.012603546,-0.0015459389,-0.00017996645,10,0.0,150252,1944360,0.6982129,0.69006133,0.682903,0.68187684,0.7051714,0.67987394,0.6804916,0.68179846,16290,24128.252769231796,0.6721394,0.6718221,0.6698839,0.67112756,11.030953863762603,0.0,0.0
94990,1069460,-0.017376184,-0.0024926246,7.3046685e-05,5.7172598e-05,10,0.0,150358,1945420,0.7029651,0.6871991,0.6835758,0.6817472,0.6855889,0.6847065,0.6830894,0.68175524,16303,24138.984263420105,0.6837381,0.6679112,0.67063475,0.6709484,11.154369648271889,0.0,0.0
95057,1070130,-0.015110731,-0.0002908349,0.0002436912,0.00016424185,10,0.0,150449,1946330,0.6877707,0.68886316,0.6845553,0.68194056,0.67266,0.6885723,0.68457216,0.68206906,16313,24149.187739133835,0.6707735,0.67386377,0.6714767,0.67105407,13.379442385004626,0.0,0.0
95137,1070930,-0.025256217,0.0024903654,-0.00080958963,0.00017675286,10,0.0,150556,1947400,0.6886659,0.68986416,0.6865656,0.682292,0.6634097,0.6924958,0.6853992,0.6823229,16326,24159.95093345642,0.6614968,0.6792134,0.6735,0.671366,38.005344284071626,0.0,0.0
95198,1071540,0.024397194,0.004477048,-6.124437e-05,0.00024639882,10,0.0,150643,1948270,0.67529577,0.67702353,0.6805862,0.68192977,0.69969296,0.68515027,0.6807373,0.6820101,16336,24170.19644021988,0.6587704,0.6671984,0.67116684,0.6709717,39.523602662985354,0.0,0.0
95281,1072370,-0.0020493865,-0.001707846,0.0029111928,0.00020644427,10,0.0,150751,1949350,0.69559157,0.6796003,0.6798128,0.6817067,0.6935422,0.6743814,0.6828956,0.6819282,16349,24180.94009566307,0.6571343,0.6666497,0.6683589,0.6707744,16.818023251617724,0.0,0.0
95344,1073000,-0.044079244,-0.0023736537,-0.00035126985,0.00013674944,10,0.0,150832,1950160,0.70662475,0.67571485,0.6819455,0.68184865,0.6625455,0.6733413,0.68145645,0.6818706,16357,24188.99147939682,0.66063017,0.66670924,0.67024994,0.6706948,15.126453976393046,0.0,0.0
95427,1073830,-0.006257236,-0.00045595766,-0.00026818216,0.0002574343,10,0.0,150938,1951220,0.6769207,0.68940717,0.6820695,0.6818274,0.6706635,0.6889512,0.681652,0.68208134,16370,24199.65218281746,0.6706635,0.672572,0.6680886,0.6706588,27.381645312620364,0.0,0.0
95488,1074440,-0.0101723075,-0.0017413616,7.782578e-05,0.000293652,10,0.0,151027,1952110,0.7099995,0.6811655,0.6811003,0.6817816,0.6998272,0.67942417,0.6811846,0.6819282,16381,24210.82606267929,0.66271085,0.67218107,0.66850114,0.67046195,39.48773229370944,0.0,0.0
95568,1075240,-0.007768035,0.0013616026,0.0011439807,0.00030598545,10,0.0,151129,1953130,0.6847543,0.67803943,0.68333936,0.6821969,0.6769863,0.67940104,0.6847847,0.682384,16394,24221.654119491577,0.6751119,0.6727362,0.6734478,0.6707597,14.518924985106546,0.0,0.0
95633,1075890,-0.05087006,0.0029034377,0.0033552276,0.000396271,10,0.0,151217,1954010,0.70932645,0.6792682,0.6800884,0.6822385,0.6584564,0.6821716,0.68293834,0.6825219,16403,24231.46445298195,0.6584564,0.67618763,0.6728885,0.6710836,23.825614143913548,0.0,0.0
95709,1076650,-0.012470186,0.00057842134,0.0028789395,0.0004638309,10,0.0,151314,1954980,0.68615156,0.68324506,0.6847866,0.6827247,0.6736814,0.68382347,0.6877536,0.6830115,16415,24241.768440485,0.6717978,0.6691549,0.67527217,0.67162824,14.796758636990626,0.0,0.0
95770,1077260,-0.04116255,0.00066542625,0.00053627434,0.00034456648,10,0.0,151397,1955810,0.6990909,0.67851233,0.6827475,0.68243325,0.65792835,0.67917776,0.68375635,0.6827361,16425,24251.561695337296,0.6559995,0.6690903,0.6729348,0.67132866,10.67221697075022,0.0,0.0
95839,1077950,-0.0020418763,0.0028475523,-0.0007974327,0.00039197796,10,0.0,151486,1956700,0.69814277,0.6823635,0.6791767,0.6819618,0.6961009,0.68521106,0.678432,0.6824013,16435,24261.656996250153,0.67659515,0.6738914,0.67032975,0.6709431,12.80732059065744,0.0,0.0
95921,1078770,-0.009270847,-0.006588012,0.0023322045,0.0006766934,10,0.0,151596,1957800,0.68185204,0.6798448,0.68144524,0.6820107,0.6725812,0.67325675,0.68352586,0.6826406,16449,24273.433814764023,0.66070485,0.66851366,0.6711586,0.67104125,10.839994769060752,0.0,0.0
95989,1079450,-0.0020415783,-0.006793469,0.0007166618,0.00053006696,10,0.0,151685,1958690,0.6982429,0.67434204,0.67823064,0.6817535,0.6962013,0.66754866,0.6778641,0.6821772,16459,24283.518897533417,0.6610446,0.66319835,0.6670924,0.6706458,14.693599008726888,0.0,0.0
96055,1080110,0.04919803,0.0030947863,0.0010178417,0.0006218751,10,0.0,151768,1959520,0.66061956,0.68191093,0.6802499,0.68151444,0.7098176,0.6802128,0.6804144,0.68201137,16469,24292.95301580429,0.65639913,0.6722117,0.67020094,0.6708522,23.335577332860055,0.0,0.0
96127,1080830,-0.04073167,-0.0006414771,0.005055837,0.0010104575,10,0.0,151862,1960460,0.7007763,0.6810606,0.67685163,0.6808279,0.6600446,0.6804191,0.68190765,0.6819604,16480,24302.510259866714,0.65812194,0.6723078,0.668611,0.6704477,13.95859582843287,0.0,0.0
96192,1081480,-0.003930509,-0.01185686,0.002763378,0.0010829539,10,0.0,151960,1961440,0.6595088,0.6859108,0.67759544,0.6808309,0.6555783,0.6740539,0.6791163,0.6818739,16491,24313.59224486351,0.6555783,0.66715956,0.66701156,0.6701869,31.74400775000189,0.0,0.0
96273,1082290,0.032598972,-0.00029139518,-0.0016323739,0.00070745585,10,0.0,152062,1962460,0.6673442,0.68339247,0.68464446,0.6812388,0.6999432,0.6831011,0.6821926,0.6817804,16504,24324.412571191788,0.66169757,0.6752969,0.67074585,0.67037916,10.829994068981081,0.0,0.0
96336,1082920,0.026294649,0.0027067245,-0.00051027717,0.0007343157,10,0.0,152142,1963260,0.67698365,0.68538547,0.68609667,0.68141675,0.7032783,0.6880922,0.68502015,0.6821119,16513,24333.5771112442,0.67299753,0.6798877,0.67377716,0.67060584,16.67047826178544,0.0,0.0
96400,1083560,-0.00055992603,0.005090177,0.00041296124,0.00086066173,10,0.0,152230,1964140,0.710313,0.6901999,0.683596,0.681501,0.7097531,0.6952901,0.6844374,0.6823978,16523,24343.786450386047,0.6635796,0.678544,0.671082,0.6707632,14.491265274928853,0.0,0.0
96482,1084380,-0.0021338463,-0.008630228,-0.0023086048,0.00055542396,10,0.0,152333,1965170,0.6681366,0.6898303,0.6853087,0.6818311,0.66600275,0.6813742,0.6830822,0.68242246,16535,24353.583535909653,0.6562478,0.6743443,0.67224854,0.6711342,35.885895572254704,0.0,0.0
96547,1085030,-0.004356146,-0.0018781066,0.00043595434,0.00086438487,10,0.0,152422,1966060,0.6606641,0.6750924,0.683103,0.68150073,0.65630794,0.6751685,0.6837826,0.68227065,16546,24364.711605787277,0.65630794,0.6635396,0.67280024,0.67092645,22.19496178075994,0.0,0.0
96612,1085680,0.02504015,0.008171236,0.0016200924,0.0006440636,10,0.0,152508,1966920,0.66401434,0.6649268,0.6800505,0.6817396,0.6890545,0.67143,0.68180573,0.682266,16556,24374.802647829056,0.6588746,0.6640994,0.6712102,0.67095727,15.443303729062935,0.0,0.0
96680,1086360,-0.008449674,0.003411734,-6.0919523e-05,0.0004087038,10,0.0,152591,1967750,0.7000343,0.67354935,0.6807183,0.68155783,0.69158465,0.67696106,0.6811998,0.6818518,16567,24385.26115846634,0.67099065,0.66170526,0.6705088,0.6707047,18.663672863856284,0.0,0.0
96753,1087090,0.018113673,0.0042084632,-0.0015868634,5.5912733e-05,10,0.0,152693,1968770,0.6819868,0.6762872,0.6839296,0.6817826,0.7001005,0.6801174,0.6820641,0.6818079,16577,24393.766382932663,0.66445655,0.66525805,0.6715074,0.67077637,31.59484395056074,0.0,0.0
96820,1087760,-0.017306864,0.00083557365,0.0006768757,0.00026287462,10,0.0,152786,1969700,0.6892663,0.67938775,0.6819129,0.68197304,0.67195946,0.6802234,0.6825874,0.6822183,16589,24406.00998044014,0.66312414,0.66869336,0.6708556,0.6707123,33.21550102751524,0.0,0.0
96883,1088390,0.018194497,-0.00049247144,-0.0007544309,7.018e-05,10,0.0,152875,1970590,0.6608716,0.67613953,0.6807144,0.681698,0.6790661,0.6756471,0.6800507,0.68171465,16599,24415.794168949127,0.6567146,0.66709936,0.67018324,0.67048085,22.859372726286754,0.0,0.0
96963,1089190,-0.021616757,0.0123003125,0.0025734531,0.00015892387,10,0.0,152968,1971520,0.7006781,0.67261744,0.675822,0.6814186,0.67906135,0.68491775,0.6782795,0.68164635,16611,24426.12185549736,0.67719275,0.67126703,0.6680864,0.6704451,21.576004119411493,0.0,0.0
97025,1089810,-0.0020243526,-0.0015398264,0.0013061088,0.0002126971,10,0.0,153052,1972360,0.6656944,0.6792026,0.6824809,0.68167007,0.66367006,0.6776628,0.6834953,0.6818348,16621,24436.38729739189,0.66175795,0.67215055,0.67174584,0.6707074,10.416686948842226,0.0,0.0
97088,1090440,-0.018723369,0.005015296,0.00093503,0.0003251905,10,0.0,153140,1973240,0.69714695,0.6764619,0.67835844,0.68170667,0.6784236,0.68079776,0.6799251,0.68182933,16631,24446.528571128845,0.6765532,0.6727909,0.6679348,0.67062473,10.257740682371562,0.0,0.0
97155,1091110,0.012514293,0.004145825,-0.0013018954,-0.00027652393,10,0.0,153230,1974140,0.6957367,0.68192387,0.6828764,0.6822206,0.708251,0.68606967,0.6815168,0.6819252,16641,24456.543130397797,0.6594336,0.6710776,0.67070657,0.6710156,24.162337942893682,0.0,0.0
97237,1091930,0.015246332,-0.0058086934,-0.0026145393,-0.00071172917,10,0.0,153332,1975160,0.679968,0.6810077,0.6826035,0.68219763,0.69521433,0.67570615,0.6800551,0.6815972,16654,24467.602034807205,0.6579745,0.6739048,0.66993445,0.6710138,27.7198292783189,0.0,0.0
97299,1092550,0.0,-0.010687262,-0.0002301848,-0.00032609212,10,0.0,153419,1976030,0.6614336,0.6851514,0.68201494,0.68184704,0.6614336,0.6744641,0.68169457,0.68151987,16664,24477.89561343193,0.6614336,0.6719414,0.6723398,0.67094016,15.406890208334252,0.0,0.0
97366,1093220,-0.0021539927,-0.0052154837,-0.0002718222,-0.00033430863,10,0.0,153509,1976930,0.6619122,0.6791111,0.68610686,0.6819719,0.6597582,0.6791779,0.6853566,0.6816677,16674,24487.980875492096,0.65783477,0.67009497,0.67479414,0.6710496,14.876409547593434,0.0,0.0
97439,1093950,-0.05065459,-0.00851013,-0.0011726773,-0.00040898257,10,0.0,153598,1977820,0.7094624,0.6919595,0.6822855,0.68182606,0.6588078,0.6831444,0.6815756,0.68142843,16684,24495.804356336594,0.65587705,0.67633617,0.67240053,0.67106825,40.580744410151226,0.0,0.0
97507,1094630,-0.004764855,-0.0016946972,-0.00036406636,-0.00022333932,10,0.0,153693,1978770,0.70255923,0.687713,0.68368155,0.6814752,0.6977944,0.68600214,0.6830779,0.68138635,16696,24507.98810005188,0.6674222,0.67729956,0.67045575,0.67070025,11.910804366864806,0.0,0.0
97573,1095290,-0.051837683,0.007666719,0.00021248519,-0.00020219362,10,0.0,153784,1979680,0.7100927,0.682156,0.6821492,0.6813903,0.65825504,0.69022954,0.6825447,0.6811687,16706,24518.233142375946,0.65825504,0.6653162,0.6683679,0.6704478,14.329570584760578,0.0,0.0
97636,1095920,-0.03602302,-0.0007883251,0.0020429837,-6.739551e-05,10,0.0,153875,1980590,0.70858246,0.68057036,0.6808064,0.6814128,0.67255944,0.679782,0.6831322,0.68124306,16716,24528.237187862396,0.67067266,0.6718468,0.6690059,0.67036647,25.338220182477542,0.0,0.0
97720,1096760,-0.0050873756,0.007616806,0.00020897985,-7.667381e-05,10,0.0,153981,1981650,0.6659148,0.6777464,0.6830719,0.6812931,0.6608274,0.68948406,0.6837513,0.68140906,16730,24540.30022096634,0.65890706,0.6711146,0.6714148,0.6703243,9.93531145559766,0.0,0.0
97785,1097410,-0.04752475,0.0036546648,0.0010403662,9.997785e-05,10,0.0,154072,1982560,0.7108218,0.68005276,0.6804126,0.6812661,0.66329706,0.6839107,0.6827924,0.6815238,16739,24549.526664972305,0.66138387,0.67388225,0.6688124,0.6703255,11.220557867959604,0.0,0.0
97848,1098040,-0.015067518,-0.003234315,-0.0004357487,1.3296544e-05,10,0.0,154161,1983450,0.6850976,0.6882131,0.6834292,0.68143666,0.67003006,0.6849788,0.683548,0.6816438,16750,24560.718792676926,0.6681362,0.6826011,0.6706191,0.6703381,10.605622089449435,0.0,0.0
97908,1098640,0.018667102,0.0039378046,0.00046584607,8.952892e-05,10,0.0,154234,1984180,0.67892253,0.67427826,0.68137896,0.68160534,0.69758964,0.67861044,0.68094724,0.6818122,16759,24569.776795625687,0.6590213,0.671224,0.6712301,0.67038,11.209118012714505,0.0,0.0
97981,1099370,-0.027446568,-0.0038721622,-0.00038550555,2.7298927e-07,10,0.0,154325,1985090,0.70914257,0.6821698,0.6817292,0.6818535,0.681696,0.67829764,0.6806144,0.6817896,16770,24580.38840675354,0.66998047,0.6689621,0.67169034,0.6707042,24.669329082877997,0.0,0.0
98058,1100140,0.019136667,0.009136558,-5.580723e-05,-0.000105949875,10,0.0,154429,1986130,0.66114014,0.67497253,0.6801297,0.6819305,0.6802768,0.68478096,0.67997205,0.6817976,16782,24590.74543762207,0.66114014,0.6633031,0.6688404,0.6704729,11.110556594832085,0.0,0.0
98118,1100740,0.020498395,0.0012586415,0.0006651115,-8.733684e-05,10,0.0,154517,1987010,0.6705956,0.6803442,0.6794548,0.68162173,0.691094,0.68160284,0.68022966,0.68174803,16792,24600.95307469368,0.66288906,0.66124034,0.66813636,0.67026806,10.425987811874524,0.0,0.0
98190,1101460,0.01765281,0.006385094,0.0030209047,0.00019021923,10,0.0,154615,1987990,0.6806241,0.6708287,0.67725474,0.68130934,0.69827694,0.6772138,0.6800564,0.6815653,16802,24611.10475587845,0.6806241,0.6643897,0.668193,0.6700403,14.112243081750531,0.0,0.0
98254,1102100,0.00014811754,-0.00040053725,-0.00037684082,8.8478984e-05,10,0.0,154696,1988800,0.6966563,0.6915146,0.68262297,0.68153185,0.6968044,0.69113845,0.68197215,0.68175,16812,24621.273982048035,0.6966563,0.68309397,0.6723982,0.6704398,13.578237546900443,0.0,0.0
98325,1102810,0.04217857,-0.008955586,-0.0003858602,-4.3002008e-05,10,0.0,154791,1989750,0.66098064,0.69325936,0.6849395,0.68197864,0.7031592,0.68430376,0.68485755,0.6821064,16823,24631.287478208542,0.66098064,0.6736167,0.67394555,0.6706105,13.081976314418762,0.0,0.0
98383,1103390,-0.03581679,-6.272197e-05,-0.0012669706,4.8532904e-05,10,0.0,154862,1990460,0.71029913,0.6912699,0.68804514,0.68206394,0.67448235,0.69101596,0.68657213,0.6821493,16833,24641.60528612137,0.6726009,0.68233275,0.6767339,0.67057663,11.106587709865266,0.0,0.0
98444,1104000,-0.002148211,-0.004467803,-0.00060961244,-7.184076e-05,10,0.0,154950,1991340,0.66055346,0.67547864,0.6815339,0.6819288,0.65840524,0.6686567,0.68054056,0.68194324,16843,24651.8921957016,0.6571004,0.6627898,0.6713729,0.6706445,11.142457443094967,0.0,0.0
98520,1104760,-0.016447783,-0.007029903,-0.0024680484,-0.00020179158,10,0.0,155040,1992240,0.6991198,0.68165267,0.6818215,0.68207407,0.682672,0.6759951,0.67912775,0.68183947,16854,24661.854622364044,0.682672,0.66259867,0.6698854,0.67066723,13.6244213532546,0.0,0.0
98583,1105390,-0.039880455,0.0006423712,-0.0027570259,-0.00030301797,10,0.0,155129,1993130,0.70205355,0.6929904,0.68322074,0.6821911,0.6621731,0.6905687,0.6805913,0.68178666,16864,24672.08584213257,0.6621731,0.67208683,0.6700578,0.67076343,13.428970728310375,0.0,0.0
98646,1106020,-0.040543973,-0.004611957,0.00081706763,-0.00027140754,10,0.0,155217,1994010,0.71013105,0.688281,0.6803833,0.6820514,0.6695871,0.68366915,0.6814414,0.6816497,16874,24682.25324344635,0.66174257,0.67590743,0.66861635,0.6707838,11.130786282366572,0.0,0.0
98712,1106680,0.0037071705,-0.0054479837,-0.00105255,-0.0004758436,10,0.0,155302,1994860,0.7024617,0.6913071,0.6818599,0.6819826,0.7061689,0.68585914,0.6806353,0.6813991,16884,24692.553315639496,0.66035485,0.67310613,0.6682649,0.6704501,15.643867835681919,0.0,0.0
98791,1107470,-0.03483361,0.00012987255,-0.0014003605,-0.00050211867,10,0.0,155407,1995910,0.69469345,0.679381,0.6811903,0.6818532,0.65985984,0.67944735,0.68079954,0.6812943,16897,24703.5505194664,0.65984267,0.6686186,0.6690988,0.6704169,22.89865975571074,0.0,0.0
98857,1108130,-0.016679704,0.00048763157,-0.0005687392,-0.0004917572,10,0.0,155495,1996790,0.69523066,0.6880916,0.6814962,0.6817889,0.67855096,0.6885792,0.6821494,0.6812173,16907,24713.88000893593,0.67855096,0.6827162,0.6709584,0.6703781,21.52752207642897,0.0,0.0
98919,1108750,-0.014765859,0.0011770427,-0.0011966896,-0.00045997382,10,0.0,155584,1997680,0.67036587,0.6770405,0.68081695,0.681873,0.6556,0.6782176,0.6799557,0.6812605,16917,24724.06218123436,0.6556,0.66954815,0.67032325,0.6703287,32.55744489931521,0.0,0.0
98988,1109440,0.016779184,-0.014554429,-0.0019923807,-0.0006590738,10,0.0,155671,1998550,0.6684905,0.6868113,0.6805523,0.6815873,0.6852697,0.67225695,0.6779348,0.6808955,16928,24735.275351285934,0.6589866,0.6636785,0.6674382,0.6699469,10.288450665254418,0.0,0.0
99055,1110110,-0.008187473,0.0033806681,-0.0014101481,-0.0006920982,10,0.0,155759,1999430,0.70938647,0.6710018,0.6819238,0.6817453,0.701199,0.6739172,0.68022555,0.6810358,16938,24745.477546453476,0.6632256,0.66526455,0.66896766,0.6700101,13.709384724001778,0.0,0.0
99119,1110750,-0.0021570325,0.0007026315,0.00064131914,-0.00058375165,10,0.0,155846,2000300,0.6609737,0.67869675,0.68082136,0.68184793,0.6588167,0.67939943,0.68095475,0.6810528,16948,24755.763020515442,0.65689045,0.67304397,0.66999537,0.670249,14.041584046381407,0.0,0.0
99192,1111480,0.026713789,1.6772747e-05,0.00022781015,-0.00066341786,10,0.0,155941,2001250,0.65995127,0.67991036,0.6816854,0.68219304,0.68666506,0.6791161,0.6819848,0.68133104,16960,24765.61250114441,0.65995127,0.6747898,0.6707271,0.6704154,10.357694871188903,0.0,0.0
99264,1112200,0.0011615753,0.0065499963,-0.001331684,-0.0006677129,10,0.0,156041,2002250,0.6600631,0.6773593,0.68137664,0.6819314,0.66122466,0.6838794,0.6801295,0.6811979,16970,24776.007766723633,0.65930545,0.66466063,0.66940534,0.67018014,9.863313414521441,0.0,0.0
99325,1112810,0.007344842,-0.0017301918,0.00025868358,-0.00071018346,10,0.0,156117,2003010,0.6667851,0.6881876,0.67807204,0.68117505,0.67412996,0.68645746,0.67911255,0.6805703,16980,24786.15989923477,0.6627376,0.6722827,0.668029,0.6697729,12.666324815439596,0.0,0.0
99390,1113460,-0.012675881,-0.0061656474,-0.00016178668,-0.00060911174,10,0.0,156205,2003890,0.6738253,0.6823168,0.683102,0.68122447,0.66114944,0.67615116,0.683085,0.6805577,16990,24796.27692103386,0.66113234,0.6711651,0.67138064,0.66976255,13.396108000448422,0.0,0.0
99453,1114090,0.0134990215,-0.013748777,0.0013541239,-0.0004889304,10,0.0,156286,2004700,0.66091406,0.6853648,0.6790785,0.6810498,0.6744131,0.674736,0.6797989,0.68058425,17000,24806.40902686119,0.66014534,0.6724078,0.66836214,0.6693832,15.346526828497247,0.0,0.0
99512,1114680,-0.006660044,0.004328078,0.0026035947,-0.00022083914,10,0.0,156372,2005560,0.6686411,0.67274207,0.6760389,0.6805445,0.66198105,0.6771568,0.67810875,0.68039113,17010,24816.709718465805,0.66006404,0.6652883,0.6675341,0.6691777,10.747824197405334,0.0,0.0
99595,1115510,0.0065307617,0.0054011764,0.0012004637,4.408628e-05,10,0.0,156468,2006520,0.7091921,0.6693699,0.6794815,0.6803949,0.71572286,0.674771,0.6804145,0.6803602,17022,24826.657021522522,0.6600106,0.65724957,0.66858953,0.6692788,19.548469606523515,0.0,0.0
99656,1116120,-0.01149714,0.00018917918,-0.0002456212,-9.446526e-05,10,0.0,156557,2007410,0.67094207,0.6771064,0.67998385,0.6806987,0.6594449,0.6772955,0.680184,0.68057346,17031,24835.9968855381,0.65752053,0.6688677,0.6690145,0.6693981,13.55498906371999,0.0,0.0
99727,1116830,-0.0020138621,-0.015126502,-0.0026825655,-0.00035094173,10,0.0,156649,2008330,0.7078116,0.6875917,0.6822509,0.6808562,0.70579773,0.6724652,0.67960304,0.6805449,17043,24848.5933907032,0.6565533,0.6636762,0.6698425,0.6696232,12.569044573122474,0.0,0.0
99789,1117450,0.040980816,-0.0006444991,-0.0030710679,-0.0003942812,10,0.0,156731,2009150,0.6685114,0.69188803,0.684266,0.68119997,0.7094922,0.6912435,0.68169135,0.6807894,17053,24858.640315294266,0.6644744,0.6860515,0.6705778,0.66987854,13.270501818945764,0.0,0.0
99856,1118120,-0.0005363226,0.0067672255,0.0017359257,-0.00014296651,10,0.0,156834,2010180,0.66683114,0.67802614,0.681649,0.6811113,0.6662948,0.68479335,0.6835305,0.6809452,17063,24868.65983891487,0.6556982,0.6738957,0.67143804,0.67001057,11.231272193476642,0.0,0.0
99923,1118790,-0.002033472,0.0077189384,0.0020215767,9.6720636e-05,10,0.0,156911,2010950,0.701026,0.6684183,0.6786785,0.68090737,0.69899255,0.6801543,0.6810539,0.6810116,17074,24879.676510810852,0.661471,0.662944,0.67013574,0.6698831,13.206267642109008,0.0,0.0
99982,1119380,0.021663725,-0.01136669,0.00026736318,4.2094587e-05,10,0.0,156988,2011720,0.6774506,0.6830587,0.6773314,0.6808023,0.6991143,0.671692,0.67875856,0.68097275,17083,24888.982080936432,0.6605252,0.663681,0.6686869,0.67000854,10.9349171910823,0.0,0.0
100052,1120080,0.034671307,0.0023261844,0.0007883191,0.00033202994,10,0.0,157088,2012720,0.6667468,0.66722727,0.6807794,0.6807504,0.7014181,0.6677709,0.6810235,0.68105125,17094,24900.21767759323,0.6667468,0.658989,0.6678306,0.66985387,13.088650927513664,0.0,0.0
100116,1120720,-0.05294764,0.0031450628,0.00026064515,0.00029343588,10,0.0,157169,2013530,0.70908,0.6803057,0.6845768,0.6811651,0.65613234,0.6834508,0.68524987,0.6814608,17104,24910.321671009064,0.65613234,0.6679028,0.67134345,0.67004764,13.168214097005093,0.0,0.0
100177,1121330,-0.022095263,0.0010658025,0.00011872411,0.00020602442,10,0.0,157256,2014400,0.71049917,0.68363035,0.68625677,0.6813817,0.6884039,0.6846962,0.6861989,0.6817039,17114,24920.454643011093,0.6884039,0.67852604,0.6737678,0.67049223,31.12676819362801,0.0,0.0
100259,1122150,0.025131047,-0.001671815,0.0011079449,0.00040216517,10,0.0,157350,2015340,0.68088937,0.6812731,0.6805395,0.6813528,0.7060204,0.6796013,0.6817486,0.6818091,17126,24930.267193317413,0.6719919,0.67084134,0.6721294,0.6704396,11.833537833118582,0.0,0.0
100322,1122780,0.05129075,-0.008590025,0.00014707386,0.00033333927,10,0.0,157438,2016220,0.65998405,0.6934891,0.68155485,0.68173397,0.7112748,0.6863817,0.68134505,0.68203026,17136,24940.39527630806,0.65998405,0.672243,0.667769,0.670495,11.319305141112682,0.0,0.0
100384,1123400,-0.013363898,-0.0027035892,-0.0015724784,0.0002454074,10,0.0,157524,2017080,0.6734149,0.6857308,0.68228126,0.6813893,0.660051,0.6832345,0.68084997,0.68170995,17146,24950.566761493683,0.6581284,0.6698119,0.6694756,0.67024314,11.12562235573416,0.0,0.0
100455,1124110,0.001345396,-0.006633359,-0.0005752146,0.00023675144,10,0.0,157620,2018040,0.6603928,0.6845957,0.6827219,0.6819428,0.6617382,0.67796236,0.6812881,0.68197036,17156,24960.79762649536,0.6563059,0.6761588,0.6712358,0.6705168,10.363471041707847,0.0,0.0
100516,1124720,0.037387192,-0.0050520776,-0.0012859243,2.738452e-05,10,0.0,157699,2018830,0.6692723,0.68174136,0.6807074,0.68223804,0.7066595,0.67668927,0.67888176,0.6820846,17166,24970.819294452667,0.65838367,0.66633177,0.6678042,0.6704857,26.144919875431043,0.0,0.0
100581,1125370,0.005798638,-0.00481779,0.00046436727,-4.1626095e-05,10,0.0,157786,2019700,0.6608338,0.67522085,0.67801154,0.6818949,0.6666324,0.67040306,0.6779082,0.68181956,17177,24981.927170276642,0.6566875,0.6685492,0.6683384,0.6704084,26.986205476631664,0.0,0.0
100647,1126030,0.03823954,0.010347676,0.001049487,-7.926047e-05,10,0.0,157874,2020580,0.67663634,0.6864899,0.6778278,0.6818561,0.7148759,0.69181985,0.67964935,0.6819,17186,24991.093128442764,0.6628462,0.6714153,0.66719556,0.67023134,36.05878686537395,0.0,0.0
100713,1126690,-0.018167734,0.0048999786,0.0005102408,8.4519386e-05,10,0.0,157954,2021380,0.6877784,0.6771161,0.6797971,0.681554,0.6696107,0.6820161,0.68083674,0.6818286,17196,25001.208770036697,0.6696107,0.6670105,0.66672,0.66996235,20.731337094096347,0.0,0.0
100775,1127310,-0.0021293163,0.003634107,0.0031414193,0.00043381864,10,0.0,158041,2022250,0.6695581,0.6668182,0.6771493,0.68092334,0.6674288,0.6683402,0.68015665,0.68162686,17207,25012.478804826736,0.66260827,0.6643749,0.6687928,0.66985697,35.692589431368226,0.0,0.0
100839,1127950,0.022223532,0.0012374937,0.0015107017,0.00055550167,10,0.0,158129,2023130,0.66912884,0.67806137,0.679328,0.68061924,0.69135237,0.6792988,0.68097806,0.6812495,17216,25021.712522268295,0.6650956,0.66322213,0.6705082,0.66967326,13.023924214576732,0.0,0.0
100900,1128560,0.012771785,0.000101959704,-7.3182586e-05,0.0005472817,10,0.0,158216,2024000,0.6714818,0.6844249,0.68330854,0.6809534,0.6842536,0.6845268,0.6832354,0.68146855,17226,25031.867604017258,0.6714818,0.6750523,0.6713802,0.6697224,10.495623261960427,0.0,0.0
100965,1129210,0.02114588,-0.013821155,-0.00093607424,0.00040638418,10,0.0,158295,2024790,0.6890764,0.7018833,0.6849553,0.681466,0.7102223,0.6880621,0.6840873,0.6817495,17237,25043.044075489044,0.6713664,0.6743684,0.6705652,0.6697771,10.44819091750837,0.0,0.0
101025,1129810,-0.016755223,-0.009133589,-0.00239881,0.00010278332,10,0.0,158375,2025590,0.6798746,0.69031847,0.6850383,0.6815775,0.6631194,0.6764742,0.68115294,0.6816613,17246,25052.18952202797,0.6612057,0.67160785,0.6726896,0.6700525,11.133197164611527,0.0,0.0
101089,1130450,0.020493507,0.0024621189,-0.0020356358,8.103913e-05,10,0.0,158462,2026460,0.6600878,0.67676246,0.68365526,0.68152195,0.68058133,0.67863643,0.6806232,0.6815344,17256,25062.32093977928,0.6537655,0.6665715,0.6691962,0.6697418,11.079390999928414,0.0,0.0
101157,1131130,0.00034683943,-0.0044088187,-0.00043564916,-7.560879e-05,10,0.0,158542,2027260,0.7085639,0.6766421,0.68121946,0.68107104,0.70891076,0.67223334,0.68101263,0.680933,17266,25072.675031661987,0.69256335,0.6683291,0.6670458,0.6692673,14.169285350885668,0.0,0.0
101228,1131840,-0.043362856,0.0046867966,-0.0013776082,-8.9266774e-05,10,0.0,158639,2028230,0.70672786,0.67820406,0.6814379,0.68109167,0.663365,0.6814629,0.67953,0.68080467,17278,25083.725484132767,0.6573387,0.669459,0.6709208,0.6692041,26.427887780980736,0.0,0.0
101293,1132490,0.03655678,0.002379471,0.0016043616,-2.9600084e-05,10,0.0,158728,2029120,0.6604081,0.6774506,0.6801264,0.68108606,0.69696486,0.67601657,0.6808407,0.68074685,17288,25093.914746522903,0.6556825,0.66365874,0.66885346,0.6692283,26.339909669575526,0.0,0.0
101355,1133110,-0.0020474792,0.003786981,0.0008318168,-0.00021978194,10,0.0,158815,2029990,0.6634251,0.6776462,0.68242514,0.6810842,0.6613776,0.6814332,0.6821493,0.6808642,17298,25104.097769021988,0.65935713,0.6722127,0.6727049,0.66955733,28.131226617696573,0.0,0.0
101423,1133790,-0.007865965,-0.004864174,-0.00011295438,-8.944762e-05,10,0.0,158899,2030830,0.6917721,0.68662345,0.6812253,0.68081194,0.68390614,0.68175924,0.68082625,0.6806825,17307,25113.29705476761,0.65565896,0.6709407,0.6704245,0.6692405,29.14528643556885,0.0,0.0
101481,1134370,-0.02453363,0.005403948,0.00063780724,7.728207e-05,10,0.0,158986,2031700,0.6798231,0.6753268,0.68385744,0.6810142,0.6552895,0.68073076,0.6841782,0.681072,17317,25123.526535987854,0.6552895,0.6675621,0.67257607,0.6696372,29.098235154142174,0.0,0.0
101549,1135050,0.0,-0.0025390624,0.0029304712,0.0003406889,10,0.0,159065,2032490,0.7005893,0.69078195,0.67951506,0.68077534,0.7005893,0.6920912,0.68258405,0.6811089,17327,25133.771566152573,0.7005893,0.6680628,0.67109346,0.66955376,13.500299180223656,0.0,0.0
101608,1135640,0.04886526,-0.0051998436,0.00033398927,0.00036602776,10,0.0,159143,2033270,0.66273683,0.68147725,0.6831477,0.6813396,0.7116021,0.6840392,0.6821703,0.68145156,17337,25144.217978715897,0.6586645,0.6727356,0.67185974,0.66994923,10.744644142121306,0.0,0.0
101674,1136300,0.01896602,-0.0038847984,-0.00037986098,0.00020184481,10,0.0,159231,2034150,0.6612429,0.68797374,0.6820983,0.68149793,0.6802089,0.68408895,0.6820714,0.68155676,17347,25154.564812898636,0.6594016,0.67260736,0.6719196,0.6702378,10.788235142816724,0.0,0.0
101811,1137670,0.045185268,0.0007696822,0.0007696822,0.0007696822,10,0.0,159412,2035960,0.6603453,0.67943394,0.67943394,0.67943394,0.7055306,0.6802037,0.6802037,0.6802037,17367,25174.7809984684,0.6603453,0.66924596,0.66924596,0.66924596,3.2636607059765326,0.0,0.0
102056,1140120,-0.05659318,0.0017460287,0.0014876307,0.001326823,10,0.0,159475,2036590,0.71036536,0.68782324,0.68299955,0.68122923,0.6537722,0.68956935,0.6844873,0.68255603,17367,25174.7809984684,0.6537722,0.6746143,0.66898835,0.6661795,50.52739111317243,0.0,0.0
102263,1142190,0.0030552149,-0.0009854913,0.0004420781,0.0012220825,10,0.0,159525,2037090,0.70939636,0.68527323,0.6799611,0.6808875,0.7124516,0.6842878,0.68040323,0.6821096,17367,25174.7809984684,0.67165065,0.6692242,0.6659773,0.666909,72.30474049582217,0.0,0.0
102549,1145050,0.004991293,0.0036691844,0.001809057,0.0014022475,10,0.0,159596,2037800,0.66142184,0.66724926,0.6805357,0.6803894,0.6664131,0.67331445,0.68232733,0.6817912,17367,25174.7809984684,0.6572921,0.65754396,0.6659811,0.6663772,63.95608484164621,0.0,0.0
102736,1146920,-0.03909743,0.0011372983,0.0015770483,0.0012689107,10,0.0,159644,2038280,0.69473255,0.681166,0.68297035,0.68078756,0.6556351,0.68230325,0.68454736,0.6820565,17367,25174.7809984684,0.6556351,0.66922873,0.66726357,0.6666561,12.527011464042856,0.0,0.0
102901,1148570,-0.017822683,0.0005731106,-0.0013665378,0.0010076313,10,0.0,159686,2038700,0.70578927,0.6794183,0.6832384,0.68090993,0.6879666,0.67999136,0.6818717,0.6819176,17368,25174.7809984684,0.6560732,0.66167754,0.6651261,0.6666982,62.700375517233134,0.0,0.0
102935,1148910,-0.03163767,-0.0072742165,-0.0009929073,0.00092727336,10,0.0,159850,2040340,0.6985805,0.6852829,0.68195695,0.6809556,0.66694283,0.6780087,0.6809639,0.6818828,17376,25189.2641851902,0.66005516,0.6599121,0.6636341,0.6665768,8.755474645302685,0.0,0.0
102974,1149300,0.03235221,0.00735206,0.00041391552,0.0009021748,10,0.0,159912,2040960,0.67714745,0.673115,0.6800866,0.6811295,0.70949966,0.68046707,0.6805004,0.68203175,17382,25198.9833650589,0.6563744,0.66363907,0.66520745,0.66689056,18.77732397310838,0.0,0.0
103015,1149710,-0.0064870715,-0.0025386452,0.00083969237,0.000946355,10,0.0,159984,2041680,0.6921434,0.6855694,0.68069184,0.6810215,0.6856563,0.6830307,0.68153155,0.68196785,17388,25209.28126001358,0.6856563,0.665873,0.66613084,0.6668254,22.156868131287624,0.0,0.0
103058,1150140,0.037823856,0.00032467843,-0.00036286056,0.00078446016,10,0.0,160068,2042520,0.6599733,0.6757136,0.68152785,0.68104917,0.6977972,0.67603827,0.6811649,0.6818337,17395,25219.453852653503,0.65577865,0.66241336,0.6683552,0.6668557,27.81097598576266,0.0,0.0
103108,1150640,0.053588867,-0.0023456453,-0.0014933348,0.00064527174,10,0.0,160161,2043450,0.66147524,0.6801457,0.6821685,0.68090516,0.7150641,0.67780006,0.6806752,0.68155044,17403,25230.37733078003,0.661143,0.6694385,0.6685064,0.66661584,9.326499436314677,0.0,0.0
103156,1151120,0.0116583705,0.00027998685,-0.00074063,0.0006543181,10,0.0,160254,2044380,0.66112334,0.67710394,0.6817178,0.6811439,0.6727817,0.677384,0.68097717,0.6817982,17410,25241.234456777573,0.66112334,0.66710263,0.6688279,0.6668718,8.076611719904767,0.0,0.0
103203,1151590,-0.0012565255,0.00025737882,-7.710457e-05,0.00048714603,10,0.0,160340,2045240,0.6728444,0.67763954,0.6835485,0.68110585,0.6715879,0.67789686,0.6834714,0.681593,17418,25252.61426591873,0.6655506,0.6699444,0.67227346,0.66693187,9.07089142622833,0.0,0.0
103254,1152100,-0.005896628,0.0080562355,0.0020021338,0.0006390337,10,0.0,160431,2046150,0.7051865,0.67729163,0.6802519,0.6810996,0.69928986,0.68534786,0.68225396,0.6817388,17426,25262.409708738327,0.6834458,0.6671052,0.6696019,0.6670764,23.86160136491666,0.0,0.0
103307,1152630,0.047920465,-0.0063302456,-0.00076761184,0.0004327619,10,0.0,160524,2047080,0.66473573,0.68865645,0.6829064,0.6814205,0.7126562,0.6823262,0.68213874,0.6818533,17434,25272.80650138855,0.6606757,0.67154443,0.6688876,0.6673242,11.94316672010424,0.0,0.0
103357,1153130,-0.04064071,0.00788157,-0.0019788784,0.00022513098,10,0.0,160618,2048020,0.7042014,0.679047,0.68431586,0.6817824,0.6635607,0.6869286,0.68233705,0.68200755,17442,25283.19003558159,0.6616483,0.669096,0.6687952,0.66747326,9.039270997055876,0.0,0.0
103409,1153650,-0.0015422106,0.007462001,-0.00023308158,0.00026066107,10,0.0,160711,2048950,0.68392164,0.6798905,0.681542,0.6817523,0.6823794,0.68735254,0.6813089,0.68201303,17450,25293.50092935562,0.6703405,0.66773534,0.6685774,0.66774523,11.514262897633982,0.0,0.0
103466,1154220,-0.04703957,0.012044561,0.0024062216,0.0003603694,10,0.0,160814,2049980,0.7022753,0.67055625,0.6791671,0.6815381,0.6552357,0.6826008,0.6815733,0.6818984,17459,25304.598956346512,0.6552357,0.66130596,0.6687289,0.66768235,8.645372093013668,0.0,0.0
103521,1154770,-0.05007088,0.0029478609,0.0013228649,0.0003052793,10,0.0,160909,2050930,0.70724934,0.6754693,0.6799407,0.68144006,0.65717846,0.67841715,0.6812635,0.68174535,17467,25315.108868598938,0.65717846,0.6593452,0.66781366,0.6677283,11.024447582209502,0.0,0.0
103574,1155300,0.0061618686,0.0059785843,-0.0004420042,0.00022392756,10,0.0,161011,2051950,0.7009721,0.67294115,0.68105996,0.6815139,0.70713395,0.6789197,0.6806179,0.68173784,17476,25325.976860523224,0.6574644,0.6677676,0.6683995,0.6678329,5.954770591130704,0.0,0.0
103629,1155850,0.0,0.0023002685,0.00034285247,0.00027544337,10,0.0,161104,2052880,0.66149116,0.67692554,0.6794493,0.6814228,0.66149116,0.6792258,0.67979217,0.6816984,17484,25335.92040657997,0.66149116,0.6679114,0.6680625,0.6678583,9.088148214917178,0.0,0.0
103677,1156330,0.032412767,0.0011111379,-0.0003609538,0.00019243223,10,0.0,161197,2053810,0.67171013,0.6762608,0.67927766,0.68120706,0.7041229,0.677372,0.6789167,0.6813994,17492,25345.76827287674,0.66766745,0.6683706,0.66751814,0.66780186,23.16245678753272,0.0,0.0
103731,1156870,0.01339674,0.0032171668,-0.00020422519,2.600783e-05,10,0.0,161300,2054840,0.67380124,0.6837975,0.6826645,0.6814128,0.687198,0.68701464,0.6824603,0.68143886,17500,25355.834880828857,0.6668973,0.66902405,0.670427,0.6680769,25.138473341004985,0.0,0.0
103787,1157430,0.028350294,-0.008399409,-0.0009120911,-2.2572995e-05,10,0.0,161392,2055760,0.6702892,0.68820477,0.6842995,0.681462,0.6986395,0.6798054,0.68338746,0.68143946,17509,25366.861608028412,0.6669004,0.66897756,0.671633,0.66818464,8.763415787881371,0.0,0.0
103840,1157960,-0.034974992,-0.0017554105,-0.000577665,-8.943671e-05,10,0.0,161483,2056670,0.703162,0.6840388,0.68151456,0.681516,0.668187,0.68228346,0.6809368,0.6814266,17517,25376.692156791687,0.6680326,0.6752912,0.670261,0.66852343,27.353948393870915,0.0,0.0
103895,1158510,-0.022638738,0.0009334028,6.3747166e-06,5.7025252e-05,10,0.0,161590,2057740,0.70915467,0.67676574,0.6795516,0.6811711,0.6865159,0.6776991,0.679558,0.6812281,17526,25387.82460832596,0.6860698,0.6653105,0.66805655,0.6684962,11.708655933114196,0.0,0.0
103950,1159060,0.004748225,0.00019337535,0.00028403758,8.035696e-05,10,0.0,161683,2058670,0.6616993,0.67111576,0.6784763,0.68103445,0.6664475,0.6713091,0.67876023,0.68111473,17534,25397.792366743088,0.66160774,0.6623931,0.66682494,0.6687473,9.81398763910916,0.0,0.0
103998,1159540,-0.015647948,0.0037496686,0.00086137536,4.1103303e-05,10,0.0,161776,2059600,0.67632097,0.67072463,0.6793025,0.68108815,0.660673,0.67447424,0.680164,0.6811292,17542,25407.635132551193,0.6567342,0.65836346,0.66762334,0.66865146,26.675333083601455,0.0,0.0
104055,1160110,0.00044721365,3.5768746e-05,0.0030519385,0.00033576594,10,0.0,161881,2060650,0.68452245,0.67956054,0.67931443,0.6807893,0.68496966,0.6795963,0.68236643,0.681125,17551,25418.985285043716,0.66016513,0.66471326,0.6679811,0.66857874,10.022591012820053,0.0,0.0
104110,1160660,0.0053150654,-0.0009100914,0.001913293,0.00030650766,10,0.0,161984,2061680,0.66079587,0.6853936,0.68105096,0.68102384,0.66611093,0.6844835,0.68296415,0.6813303,17560,25430.127439022064,0.66079587,0.6776346,0.671314,0.66899276,8.533361111201534,0.0,0.0
104164,1161200,-0.012700975,-0.0020971298,-0.0007177186,0.00036858273,10,0.0,162079,2062630,0.6708883,0.6710815,0.6815952,0.68081385,0.6581873,0.6689843,0.6808776,0.68118244,17568,25440.60396838188,0.6562593,0.6653305,0.6711451,0.6688965,9.417239933837122,0.0,0.0
104214,1161700,-0.010058343,-0.0029310645,-0.0020855302,0.00022722906,10,0.0,162170,2063540,0.670019,0.69086236,0.68033075,0.68064076,0.6599606,0.68793124,0.67824507,0.680868,17576,25451.440248966217,0.6580377,0.66861105,0.6668756,0.668592,8.758295659800165,0.0,0.0
104268,1162240,-0.006420374,-0.0043569384,-0.0030106558,-0.00016953272,10,0.0,162262,2064460,0.674292,0.677731,0.68180734,0.68095666,0.66787165,0.67337406,0.6787967,0.6807871,17584,25461.269934654236,0.66730887,0.66861475,0.6676693,0.6686951,29.531778509408085,0.0,0.0
104324,1162800,-0.050902426,0.0013489485,-0.0021960353,-9.535855e-05,10,0.0,162365,2065490,0.7086388,0.682135,0.6853793,0.6811435,0.65773636,0.6834839,0.6831834,0.68104815,17593,25472.47804903984,0.6559064,0.6658691,0.67269087,0.6690902,11.316703068697985,0.0,0.0
104377,1163330,0.052707195,-0.005051756,-0.0008368415,-4.5624136e-05,10,0.0,162470,2066540,0.66205174,0.6827106,0.68240386,0.6808518,0.71475893,0.67765886,0.681567,0.68080616,17601,25483.025039196014,0.6619866,0.66665065,0.67039716,0.66893166,11.046296006107942,0.0,0.0
104429,1163850,0.04214281,0.0044569196,-0.00078747986,-0.0003374126,10,0.0,162563,2067470,0.66008115,0.6758163,0.68037176,0.68102247,0.70222396,0.6802732,0.6795843,0.6806851,17609,25492.966980934143,0.6559243,0.66422784,0.6660859,0.66872436,34.78870751154356,0.0,0.0
104481,1164370,-0.008536518,-0.00056388974,-0.0017416531,-0.00047383207,10,0.0,162643,2068270,0.7071811,0.6908323,0.68197304,0.68114275,0.6986446,0.6902685,0.6802314,0.68066895,17617,25502.991399288177,0.6882729,0.6740704,0.6680027,0.6688428,24.37138980647823,0.0,0.0
104530,1164860,-0.058735847,-0.011318302,-0.0039532674,-0.000695422,10,0.0,162742,2069260,0.7202399,0.6938392,0.68488574,0.68139714,0.66150403,0.6825209,0.6809324,0.68070173,17625,25514.104606866837,0.66150403,0.66923726,0.6700004,0.6689984,9.987515320104764,0.0,0.0
104580,1165360,0.005584061,-0.005534184,-0.0036652035,-0.0008682746,10,0.0,162829,2070130,0.6769427,0.68121487,0.6859835,0.6816564,0.68252677,0.67568064,0.6823182,0.68078816,17633,25525.11415696144,0.6585621,0.6725081,0.67208964,0.6692946,9.788639979425275,0.0,0.0
104622,1165780,-0.02218169,-0.009796172,-0.0049508275,-0.0011211557,10,0.0,162909,2070930,0.6775395,0.69705164,0.6883348,0.682128,0.65535784,0.6900716,0.68339163,0.68102586,17639,25535.443521261215,0.65535784,0.67332774,0.6741804,0.66959095,6.495384105054681,0.0,0.0
104661,1166170,-0.0012584329,-0.019822877,-0.00590242,-0.0014502801,10,0.0,162987,2071710,0.67758316,0.7016977,0.6884701,0.6825287,0.6763247,0.6818748,0.68256783,0.6810785,17646,25547.015282154083,0.6763247,0.67849475,0.67347044,0.66976064,8.314837102261317,0.0,0.0
104706,1166620,0.011481941,-0.004224074,-0.0077912994,-0.0017140878,10,0.0,163078,2072620,0.676128,0.6875244,0.6894373,0.68265617,0.6876099,0.6833003,0.68164617,0.6809421,17653,25557.43390750885,0.676128,0.67277634,0.670733,0.66957045,7.508708951919997,0.0,0.0
104754,1167100,-0.0239982,-0.0050149024,-0.009394646,-0.002185462,10,0.0,163161,2073450,0.70131534,0.68728805,0.6908792,0.68310106,0.67731714,0.68227315,0.6814847,0.6809156,17660,25568.360753536224,0.67731714,0.66922516,0.6710851,0.6696731,7.518554821242017,0.0,0.0
104802,1167580,-0.035966933,-0.0029145419,-0.006374055,-0.0023711505,10,0.0,163250,2074340,0.713142,0.68099606,0.6888883,0.6833815,0.67717505,0.6780815,0.68251425,0.68101037,17668,25579.2697558403,0.67717505,0.67383254,0.6737758,0.66999966,8.480353552947923,0.0,0.0
104859,1168150,-0.017568111,-0.010673654,-0.0065459437,-0.0027654867,10,0.0,163336,2075200,0.69192404,0.7017445,0.6903188,0.68409246,0.6743559,0.6897155,0.68418574,0.68133414,17676,25589.996459960938,0.6743559,0.6781031,0.6757478,0.6703729,9.458259603417806,0.0,0.0
104900,1168560,-0.03319472,-0.0057476936,-0.0064940373,-0.0030803795,10,0.0,163426,2076100,0.7063277,0.6745149,0.6864291,0.6841682,0.67313296,0.6687672,0.67993516,0.6810879,17683,25599.93291926384,0.67313296,0.6609061,0.67152977,0.6704559,25.1133371254079,0.0,0.0
104951,1169070,-0.014632344,-0.0144521715,-0.0059187887,-0.003305254,10,0.0,163510,2076940,0.7031315,0.702576,0.6850147,0.6846267,0.68849915,0.6881238,0.67909586,0.6813214,17691,25611.168441057205,0.6603542,0.67890346,0.670891,0.6707285,9.58142881781642,0.0,0.0
104995,1169510,0.023492575,-0.009159321,-0.0066279606,-0.0037135377,10,0.0,163593,2077770,0.684134,0.6828087,0.6856504,0.68477035,0.7076266,0.6736494,0.6790224,0.68105686,17698,25621.476796865463,0.66748905,0.66877025,0.6697417,0.67066973,10.781590675756751,0.0,0.0
105041,1169970,-0.056487143,-0.0083909985,-0.007592848,-0.004143917,10,0.0,163676,2078600,0.7137407,0.6940663,0.68800265,0.68513626,0.65725356,0.6856753,0.6804099,0.6809923,17705,25632.210601568222,0.65725356,0.6699734,0.67079407,0.67083097,9.168787460001495,0.0,0.0
105088,1170440,0.016251743,-0.014385921,-0.0075562703,-0.0045969654,10,0.0,163759,2079430,0.6866483,0.69722223,0.69077873,0.68587786,0.70290005,0.6828363,0.6832224,0.681281,17712,25642.375456809998,0.6866483,0.6729059,0.67420715,0.6711885,7.466442606550198,0.0,0.0
105131,1170870,-0.013194919,-0.009314609,-0.008303614,-0.0049708756,10,0.0,163843,2080270,0.71359205,0.6948557,0.69197375,0.6861669,0.70039713,0.68554103,0.6836701,0.6811959,17719,25652.131838083267,0.70039713,0.6708108,0.67285466,0.67097664,22.368058551642527,0.0,0.0
105184,1171400,-0.017952025,-0.010944689,-0.008221786,-0.005246021,10,0.0,163933,2081170,0.67750716,0.6872277,0.6874352,0.68637305,0.65955514,0.67757523,0.67923623,0.68113,17727,25663.152233839035,0.65955514,0.6687521,0.6694815,0.6709731,9.08732713068185,0.0,0.0
105233,1171890,-0.03800863,-0.00587098,-0.0065374207,-0.0053143892,10,0.0,164027,2082110,0.7058847,0.67863005,0.6858976,0.6864871,0.66787606,0.6727592,0.6793602,0.6811726,17735,25673.890426158905,0.66787606,0.6687147,0.67068404,0.67123556,11.519398507969752,0.0,0.0
105288,1172440,0.0,-0.0054979147,-0.0057313573,-0.005527043,10,0.0,164120,2083040,0.68071437,0.6926843,0.6905621,0.68711716,0.68071437,0.68718636,0.6848308,0.68159014,17743,25684.040579319,0.68071437,0.67301697,0.6744571,0.67161167,12.487236046138095,0.0,0.0
105337,1172930,-0.011152983,-0.011801374,-0.0075259213,-0.006002823,10,0.0,164210,2083940,0.7116614,0.69915885,0.6918765,0.68741995,0.7005084,0.6873574,0.6843505,0.681417,17751,25694.95171236992,0.7005084,0.6823551,0.6748933,0.6716226,8.952692059106537,0.0,0.0
105384,1173400,-0.04849267,-0.008552516,-0.0075041563,-0.0061645904,10,0.0,164292,2084760,0.70601344,0.6891278,0.6873354,0.6876371,0.6575208,0.68057525,0.67983127,0.6814725,17758,25705.08821439743,0.6575208,0.6633978,0.6713496,0.6717612,8.214054415243428,0.0,0.0
105429,1173850,-0.04614681,-0.011236,-0.0070912223,-0.006538737,10,0.0,164392,2085760,0.71415,0.6931623,0.6903019,0.6882709,0.6680032,0.68192637,0.6832107,0.6817322,17766,25716.585265398026,0.6680032,0.67372876,0.67493784,0.6723878,8.17743235146919,0.0,0.0
105463,1174190,0.012828529,-0.0035428226,-0.0064383997,-0.006484168,10,0.0,164449,2086330,0.6957648,0.68019944,0.6888864,0.6882338,0.7085933,0.6766566,0.68244815,0.68174964,17771,25726.210511922836,0.6695578,0.6702534,0.67381155,0.67240393,27.394808034705413,0.0,0.0
105503,1174590,-0.017664433,-0.0091485325,-0.0063161035,-0.0066529643,10,0.0,164534,2087180,0.688247,0.683663,0.6866968,0.6881558,0.6705826,0.6745146,0.6803807,0.6815028,17777,25738.68658876419,0.65778464,0.6672636,0.6723166,0.6723089,4.242934821753004,0.0,0.0
105536,1174920,-0.0068237185,-0.015131915,-0.0057067615,-0.006697624,10,0.0,164609,2087930,0.6775623,0.69899356,0.68595827,0.68823844,0.6707386,0.6838616,0.6802515,0.6815408,17782,25749.99524831772,0.6707386,0.67077965,0.6707649,0.67228913,4.7715829938728165,0.0,0.0
105578,1175340,-0.03482175,-0.008526337,-0.006340508,-0.0068316907,10,0.0,164691,2088750,0.7149756,0.69425786,0.68704295,0.6883607,0.68015385,0.68573153,0.6807025,0.6815289,17789,25761.523113965988,0.68015385,0.6779098,0.67180574,0.6723568,7.6955992765853685,0.0,0.0
105620,1175760,-0.013351977,0.0047671795,-0.0058117597,-0.0067555364,10,0.0,164759,2089430,0.6762892,0.68368566,0.6873744,0.68818104,0.6629372,0.6925361,0.68170357,0.68145806,17795,25771.193041801453,0.6578982,0.6664174,0.67071617,0.67208916,22.362560727492973,0.0,0.0
105667,1176230,-0.03592384,-0.0044662715,-0.0037903357,-0.006440738,10,0.0,164853,2090370,0.68914896,0.6845148,0.6883133,0.6880947,0.6532251,0.6800486,0.6845229,0.6816539,17802,25781.44104862213,0.6532251,0.6756306,0.67380625,0.6723464,23.313203020825284,0.0,0.0
105700,1176560,0.011837006,-0.003694898,-0.0038526838,-0.006502711,10,0.0,164920,2091040,0.67595434,0.6732031,0.6855252,0.68790954,0.68779135,0.6695082,0.6816725,0.68140686,17808,25791.955204963684,0.66602474,0.66440135,0.67073774,0.6722242,18.01587979975216,0.0,0.0
105747,1177030,-0.002398491,-0.0058410703,-0.0046048015,-0.006215912,10,0.0,165001,2091850,0.6952396,0.6864756,0.6832061,0.68753725,0.6928411,0.6806344,0.67860115,0.6813213,17815,25803.1055290699,0.68983674,0.6739408,0.6688541,0.67214084,8.395383074140831,0.0,0.0
105791,1177470,0.011852205,-0.0026299418,-0.003618682,-0.00621689,10,0.0,165089,2092730,0.6957603,0.68482774,0.6849065,0.68758786,0.7076125,0.6821979,0.6812876,0.681371,17822,25812.94456243515,0.67152447,0.67823887,0.6718518,0.67213005,28.58619674383608,0.0,0.0
105839,1177950,-0.017265737,-0.003772819,-0.004011506,-0.006083573,10,0.0,165169,2093530,0.7037382,0.67637813,0.6868017,0.6873424,0.6864725,0.6726054,0.68279016,0.6812588,17829,25823.15919804573,0.66460925,0.6669066,0.67334074,0.6719447,6.759495282475337,0.0,0.0
105874,1178300,-0.024213612,-0.008646697,-0.0032795733,-0.005975005,10,0.0,165240,2094240,0.6808309,0.68708384,0.68759614,0.68751246,0.6566173,0.6784371,0.6843166,0.68153745,17835,25834.3845307827,0.6566173,0.66611814,0.6736636,0.6720615,7.666773598890829,0.0,0.0
105913,1178690,-0.03986454,-0.010041809,-0.005073282,-0.00608,10,0.0,165313,2094970,0.6949723,0.691843,0.6864382,0.687717,0.65510774,0.68180114,0.68136495,0.6816371,17841,25844.31788134575,0.65510774,0.67499286,0.6715682,0.67216486,26.91017951009572,0.0,0.0
105958,1179140,-0.039905548,0.0020012378,-0.0066010966,-0.006069538,10,0.0,165407,2095910,0.69790405,0.6766959,0.68563646,0.68750244,0.6579985,0.67869717,0.67903525,0.68143284,17848,25856.379472255707,0.6579985,0.66733444,0.668865,0.6719416,5.513054832517936,0.0,0.0
105994,1179500,-0.008272052,-0.0062154653,-0.00627454,-0.0060301865,10,0.0,165478,2096620,0.713027,0.6805626,0.68421936,0.68742555,0.70475495,0.6743471,0.6779447,0.6813954,17854,25865.978812217712,0.6787197,0.6696934,0.66935456,0.67197245,14.738161833949428,0.0,0.0
106036,1179920,-0.024973273,-0.0062081576,-0.0068222024,-0.006067359,10,0.0,165556,2097400,0.7052391,0.70035505,0.68733525,0.6876215,0.68026584,0.69414693,0.680513,0.6815541,17860,25876.920922279358,0.68026584,0.6834096,0.67152977,0.6720665,9.777064585022362,0.0,0.0
106073,1180290,0.008827925,0.00047776103,-0.004794951,-0.00589498,10,0.0,165624,2098080,0.6957482,0.67725784,0.68573165,0.68721116,0.70457613,0.67773557,0.6809366,0.6813162,17866,25887.650321483612,0.670116,0.66461855,0.6718028,0.6718725,7.483685267647255,0.0,0.0
106111,1180670,-0.014871538,-0.0063904943,-0.0051604514,-0.005714308,10,0.0,165708,2098920,0.7140438,0.683555,0.6878675,0.68694675,0.69917226,0.67716455,0.68270713,0.6812326,17872,25898.100108385086,0.66495717,0.672555,0.67269206,0.6718666,7.558481176168686,0.0,0.0
106156,1181120,-0.023194492,-0.0062492313,-0.0042661107,-0.0055518,10,0.0,165783,2099670,0.68552196,0.68697804,0.6862603,0.6868773,0.66232747,0.6807289,0.68199426,0.6813255,17879,25908.841937303543,0.66232747,0.6685512,0.67037344,0.67173374,7.802450469006017,0.0,0.0
106200,1181560,-0.006144166,-0.0048224865,-0.003874784,-0.005574602,10,0.0,165863,2100470,0.7010358,0.683289,0.68445915,0.68687755,0.69489163,0.6784665,0.68058443,0.68130296,17886,25919.51808166504,0.6901219,0.66973084,0.6698477,0.67184204,7.946802344913591,0.0,0.0
106242,1181980,0.0,-0.009452075,-0.00465188,-0.0053484924,10,0.0,165947,2101310,0.66575927,0.68243206,0.68314934,0.6865945,0.66575927,0.67297995,0.6784975,0.681246,17892,25930.359707593918,0.66575927,0.6681321,0.6701314,0.671704,9.234243040694654,0.0,0.0
106286,1182420,0.018338561,-0.0038513422,-0.003252812,-0.0052949362,10,0.0,166023,2102070,0.6763103,0.67474747,0.6829241,0.6861618,0.69464886,0.6708962,0.6796712,0.68086696,17899,25940.43732571602,0.6637563,0.66224813,0.6700469,0.67138976,8.449307827432273,0.0,0.0
106323,1182790,-0.04053849,-0.010432476,-0.0046692686,-0.0051935054,10,0.0,166098,2102820,0.70355445,0.6983055,0.68849725,0.68650734,0.66301596,0.687873,0.68382806,0.6813139,17905,25950.207664251328,0.66301596,0.6827396,0.6757563,0.67189884,28.153375777366836,0.0,0.0
106372,1183280,-0.027353585,-0.0005076289,-0.005641907,-0.005147176,10,0.0,166177,2103610,0.70284384,0.6865414,0.68877226,0.686462,0.67549026,0.68603367,0.6831303,0.6813148,17912,25961.196972608566,0.67549026,0.6755013,0.6752523,0.67181116,8.512975765554133,0.0,0.0
106417,1183730,0.004986167,-0.003923297,-0.0055868113,-0.005000161,10,0.0,166268,2104520,0.6771292,0.6926192,0.6873796,0.68619007,0.6821154,0.68869585,0.6817927,0.68118995,17920,25972.35813689232,0.67071503,0.6800786,0.67364067,0.6717777,9.215504126682246,0.0,0.0
106467,1184230,-0.01866299,-0.0024498224,-0.003735224,-0.0048966943,10,0.0,166362,2105460,0.70018864,0.6828901,0.6863869,0.6862413,0.68152565,0.6804403,0.6826517,0.6813447,17927,25982.225486278534,0.68152565,0.66943234,0.67375,0.6718401,8.674518391272668,0.0,0.0
106506,1184620,-0.047041535,-0.0028402866,-0.0038980497,-0.004883352,10,0.0,166436,2106200,0.7036318,0.6876994,0.68947977,0.6865903,0.6565903,0.68485904,0.68558156,0.68170696,17934,25992.551963806152,0.6565903,0.6760462,0.67522085,0.6720813,9.043141541642546,0.0,0.0
106551,1185070,0.01592803,-0.005491209,-0.0051428853,-0.0048315,10,0.0,166527,2107110,0.6858866,0.68912756,0.6897387,0.68659216,0.70181465,0.6836363,0.68459594,0.6817606,17941,26002.646655082703,0.67610186,0.66746426,0.6738412,0.6720907,9.543108447951168,0.0,0.0
106608,1185640,-0.047354043,-0.0040669264,-0.0064372523,-0.004830039,10,0.0,166614,2107980,0.72478175,0.6938089,0.69009036,0.68686426,0.6774277,0.689742,0.6836531,0.6820342,17949,26013.325870752335,0.6770942,0.6775563,0.67388844,0.672311,10.268856087296088,0.0,0.0
106659,1186150,-0.027820349,-0.007737058,-0.005336046,-0.0049761334,10,0.0,166706,2108900,0.71056217,0.69035184,0.6879728,0.6866254,0.6827418,0.6826147,0.6826368,0.68164927,17957,26023.886118650436,0.6827418,0.68088377,0.6737156,0.67218584,9.971122925240303,0.0,0.0
106707,1186630,-0.05107814,-0.005834663,-0.0049435515,-0.0049393843,10,0.0,166798,2109820,0.70742553,0.6888892,0.68609834,0.68684703,0.6563474,0.68305457,0.6811548,0.68190765,17965,26034.89961886406,0.6563474,0.67164,0.6719237,0.6723876,9.777258309542718,0.0,0.0
106758,1187140,-0.06674367,-0.004959869,-0.0044327653,-0.0049343673,10,0.0,166889,2110730,0.7245103,0.68525136,0.6860117,0.68689746,0.65776664,0.6802914,0.6815789,0.68196315,17973,26044.82546234131,0.65776664,0.6722877,0.6720325,0.6724601,31.21862918916344,0.0,0.0
106813,1187690,0.017618954,-0.009225232,-0.0059279506,-0.0051827473,10,0.0,166991,2111750,0.68152887,0.6963722,0.6879935,0.6869569,0.6991478,0.687147,0.68206567,0.6817742,17981,26055.249757051468,0.68152887,0.6804613,0.67267877,0.6723744,8.578770166778922,0.0,0.0
106854,1188100,-0.0075347424,-0.008982408,-0.007967358,-0.0053274785,10,0.0,167063,2112470,0.70593965,0.6894865,0.68800986,0.6868443,0.6984049,0.6805041,0.6800425,0.6815168,17988,26065.290757894516,0.6811148,0.6755822,0.67142075,0.6721323,22.9608604279038,0.0,0.0
106888,1188440,0.036471784,-0.010063291,-0.006840795,-0.0052857115,10,0.0,167131,2113150,0.67655647,0.6801238,0.6853978,0.6867969,0.71302825,0.6700605,0.67855716,0.6815112,17993,26075.174046278,0.67655647,0.665915,0.6711279,0.67224926,20.83482272808106,0.0,0.0
106930,1188860,-0.019223034,-0.0032746673,-0.007468043,-0.0053487592,10,0.0,167213,2113970,0.67706215,0.68522614,0.6862439,0.6869385,0.6578391,0.6819515,0.67877585,0.68158984,18000,26085.464650154114,0.6578391,0.6661392,0.670562,0.6723068,23.12809965205596,0.0,0.0
106985,1189410,-0.017110825,-0.0052386047,-0.0066596353,-0.0053276215,10,0.0,167304,2114880,0.7099536,0.6864079,0.68627906,0.6869866,0.6928428,0.68116933,0.6796196,0.68165904,18008,26096.38378047943,0.68235284,0.67377436,0.6707068,0.6724145,9.0470661395274,0.0,0.0
107034,1189900,0.015257001,-0.01578405,-0.0066115726,-0.0053540645,10,0.0,167399,2115830,0.67652243,0.6996489,0.68780744,0.68701804,0.69177943,0.68557847,0.6815919,0.6816806,18016,26107.47563457489,0.6585442,0.66836053,0.67023325,0.67216426,10.268710271001835,0.0,0.0
107084,1190400,-0.036841035,-1.9276142e-05,-0.007870764,-0.005499244,10,0.0,167494,2116780,0.7239035,0.68935853,0.69007933,0.6872699,0.68706244,0.6893393,0.68220866,0.6817706,18024,26118.178480148315,0.6777258,0.67990905,0.6708096,0.67224276,9.324218758683855,0.0,0.0
107138,1190940,-0.043875873,-0.0013053,-0.005925703,-0.0055369404,10,0.0,167584,2117680,0.7241653,0.6910764,0.68836623,0.68732226,0.68028945,0.6897711,0.6824406,0.68178535,18032,26128.32142853737,0.68028945,0.685016,0.6740139,0.6725183,9.728187153600514,0.0,0.0
107189,1191450,0.0,-0.012928355,-0.004954257,-0.005607272,10,0.0,167680,2118640,0.6792679,0.69480944,0.6866992,0.6875897,0.6792679,0.68188107,0.681745,0.6819824,18040,26138.748087644577,0.6792679,0.66971123,0.672112,0.6726018,9.57509869467123,0.0,0.0
107232,1191880,0.0,-0.0021886944,-0.0067096543,-0.0058691697,10,0.0,167756,2119400,0.65790874,0.6863312,0.6875811,0.6878024,0.65790874,0.6841425,0.6808715,0.6819332,18047,26148.993292808533,0.65790874,0.66728485,0.67125094,0.67260545,9.57667060147818,0.0,0.0
107282,1192380,-0.017121017,-0.01240319,-0.0065740366,-0.005869377,10,0.0,167857,2120410,0.7023196,0.7029483,0.6895765,0.68811667,0.6851986,0.69054514,0.6830024,0.68224734,18055,26159.72536969185,0.6851986,0.6845137,0.6743524,0.6729459,8.07657594945362,0.0,0.0
107328,1192840,0.009427965,-0.0062977253,-0.0050147856,-0.0058879335,10,0.0,167931,2121150,0.67598414,0.69341815,0.6894214,0.6879254,0.6854121,0.6871204,0.6844066,0.6820375,18062,26170.041830062866,0.65887177,0.6759622,0.67468625,0.6725619,10.64129854011154,0.0,0.0
107367,1193230,0.00049096346,-0.0054743467,-0.0076126014,-0.0059739114,10,0.0,168011,2121950,0.7093191,0.68825793,0.68962896,0.6878732,0.7098101,0.68278354,0.6820163,0.6818993,18068,26179.99006652832,0.68435633,0.674255,0.6734774,0.6725082,19.045107387731008,0.0,0.0
107406,1193620,-0.026921213,0.0013218701,-0.0066799987,-0.006002195,10,0.0,168077,2122610,0.722917,0.6875191,0.68912756,0.6880655,0.6959958,0.688841,0.6824476,0.6820634,18074,26190.46180319786,0.6639635,0.6749129,0.6730955,0.6725668,7.585470518277598,0.0,0.0
107447,1194030,-0.036894143,-0.00074281095,-0.00614889,-0.0060542277,10,0.0,168154,2123380,0.70850194,0.68714654,0.6899387,0.6881321,0.6716078,0.6864037,0.68378985,0.6820779,18080,26201.12298965454,0.6716078,0.6793908,0.6746292,0.67258984,6.980656959696534,0.0,0.0
107483,1194390,-0.04355496,-1.9311905e-05,-0.005533719,-0.006085181,10,0.0,168226,2124100,0.70109975,0.6787985,0.6894605,0.6882061,0.6575448,0.67877924,0.6839267,0.6821209,18086,26211.545858860016,0.65519446,0.67342216,0.6756775,0.67272586,6.685157634919942,0.0,0.0
107524,1194800,-0.016816378,-0.011689591,-0.007838446,-0.0064396863,10,0.0,168288,2124720,0.72208875,0.6914183,0.68960387,0.6882759,0.7052724,0.6797287,0.68176544,0.6818362,18092,26222.09531712532,0.666191,0.6728426,0.6733718,0.6725248,7.9519173272877355,0.0,0.0
107557,1195130,-0.020784378,0.008082902,-0.0064004185,-0.0062830052,10,0.0,168364,2125480,0.6761557,0.68501455,0.68897974,0.688149,0.6553713,0.6930975,0.6825793,0.68186605,18098,26232.860003471375,0.6553713,0.6702969,0.6713361,0.6723807,5.754478296391776,0.0,0.0
107608,1195640,-0.011336684,-0.005933851,-0.0068489052,-0.006425141,10,0.0,168461,2126450,0.6796175,0.6878127,0.69102633,0.68833584,0.66828084,0.68187875,0.6841774,0.68191063,18106,26243.36448264122,0.66828084,0.6686002,0.6733164,0.67247075,8.635400847912665,0.0,0.0
107664,1196200,-0.018917978,-0.00026275514,-0.0072780172,-0.006452962,10,0.0,168548,2127320,0.67641836,0.68885183,0.6919872,0.68858445,0.6575004,0.68858904,0.68470925,0.6821315,18114,26253.744588136673,0.6575004,0.6805511,0.6760681,0.67267334,12.131550388852508,0.0,0.0
107709,1196650,-0.02351302,-0.004193592,-0.006821478,-0.0066215293,10,0.0,168639,2128230,0.6852609,0.68404204,0.690342,0.6887747,0.6617479,0.67984843,0.6835205,0.6821532,18122,26264.070422410965,0.6591242,0.6679415,0.6734892,0.6726383,8.887498861067144,0.0,0.0
107766,1197220,0.0013124943,0.0010972798,-0.0073565706,-0.0067870775,10,0.0,168733,2129170,0.7139594,0.685007,0.68985337,0.68896425,0.7152719,0.6861043,0.68249685,0.68217725,18130,26274.74415922165,0.6917801,0.6689745,0.67155975,0.6726703,9.964305474815582,0.0,0.0
107815,1197710,-0.01921022,-0.008011538,-0.006790784,-0.0067352983,10,0.0,168827,2130110,0.6775626,0.69186836,0.6876572,0.68869597,0.6583524,0.68385684,0.6808664,0.6819607,18138,26284.525656223297,0.65714306,0.6829282,0.6729591,0.6726433,22.771307192203807,0.0,0.0
107872,1198280,-0.034971416,-0.0064073326,-0.00640707,-0.006653468,10,0.0,168928,2131120,0.709286,0.6999749,0.6872844,0.6889087,0.67431456,0.6935676,0.6808774,0.6822552,18147,26295.608308792114,0.67431456,0.68201184,0.6741294,0.6729065,11.683486808421975,0.0,0.0
107930,1198860,-0.016960025,-0.002242726,-0.0074885935,-0.006677394,10,0.0,169030,2132140,0.71611637,0.6882945,0.692872,0.68932784,0.69915634,0.6843639,0.68500066,0.6826573,18156,26306.54299902916,0.66738176,0.67202985,0.6747335,0.67305267,8.240480420159383,0.0,0.0
107983,1199390,0.0163728,0.0017510891,-0.0056944503,-0.0065888767,10,0.0,169124,2133080,0.6821232,0.67872334,0.6896235,0.6892304,0.698496,0.6804744,0.6839291,0.68264157,18164,26316.815297842026,0.6583915,0.66938746,0.6721826,0.67300284,11.221254308325626,0.0,0.0
108038,1199940,0.024618626,-0.0011012197,-0.0033270991,-0.0062975856,10,0.0,169228,2134120,0.68011975,0.68518555,0.6863911,0.6890714,0.7047384,0.68408436,0.683064,0.6827738,18173,26327.975561141968,0.67994076,0.67601264,0.67258424,0.67331177,9.561081513823925,0.0,0.0
108089,1200450,-0.021104813,-8.03113e-05,-0.0049978765,-0.0062644836,10,0.0,169319,2135030,0.6836413,0.67460936,0.6861404,0.6888156,0.6625365,0.67452896,0.6811426,0.68255115,18181,26337.860790729523,0.6612478,0.6658416,0.6704004,0.6729769,25.694582536179013,0.0,0.0
108150,1201060,-0.0004386902,-0.0031229495,-0.0051582996,-0.0063116434,10,0.0,169422,2136060,0.70351744,0.6919869,0.6834997,0.68862796,0.70307875,0.6888639,0.6783414,0.68231636,18190,26349.00736927986,0.6831952,0.6778878,0.66837656,0.6726863,10.429290606013739,0.0,0.0
108201,1201570,0.013823628,-0.012758136,-0.005832134,-0.006303313,10,0.0,169514,2136980,0.6907537,0.6890425,0.6862503,0.6885731,0.7045773,0.67628443,0.6804181,0.6822699,18198,26358.82156276703,0.6804571,0.67046225,0.67050505,0.67269826,25.150668207338256,0.0,0.0
108254,1202100,-0.01753509,-0.007333821,-0.006504258,-0.006398092,10,0.0,169617,2138010,0.6799185,0.6901754,0.6882933,0.68880796,0.66238344,0.68284154,0.6817891,0.6824098,18207,26369.83913207054,0.66238344,0.6697401,0.67286223,0.672861,10.948383964416415,0.0,0.0
108306,1202620,0.011553764,1.5360118e-05,-0.00646069,-0.0063160937,10,0.0,169721,2139050,0.68648344,0.68033254,0.68643725,0.6883503,0.6980372,0.680348,0.6799764,0.68203425,18215,26379.630909204483,0.66168857,0.6680526,0.67248744,0.67259324,28.2096509829954,0.0,0.0
108364,1203200,-0.036223292,-0.0045042634,-0.0039347764,-0.005982289,10,0.0,169824,2140080,0.7126544,0.6940634,0.6839703,0.68816453,0.6764311,0.68955916,0.6800354,0.68218225,18224,26390.97256875038,0.66175663,0.6713628,0.6700842,0.67253804,10.217624002124253,0.0,0.0
108421,1203770,-0.049355507,0.0016398013,-0.0033010428,-0.005907496,10,0.0,169923,2141070,0.7130891,0.6794529,0.6851676,0.6878636,0.6637336,0.68109274,0.6818666,0.6819561,18233,26401.980498075485,0.6555654,0.67442864,0.6709097,0.67227894,8.828097160964285,0.0,0.0
108475,1204310,0.00041544437,-0.0048658014,-0.0049040043,-0.005913866,10,0.0,170008,2141920,0.67912686,0.6764713,0.6835972,0.6875117,0.6795423,0.6716055,0.6786932,0.68159777,18241,26411.81877732277,0.66211694,0.6617161,0.669633,0.67195034,26.348298760764862,0.0,0.0
108535,1204910,-0.048047006,-0.009586006,-0.008685959,-0.0059649036,10,0.0,170118,2143020,0.7068556,0.6827668,0.68696654,0.6873921,0.6588086,0.67318076,0.67828065,0.68142724,18250,26422.808905124664,0.6588086,0.670041,0.672949,0.67215014,10.034786653026343,0.0,0.0
108584,1205400,-0.0068396926,0.004064095,-0.0067989863,-0.005836604,10,0.0,170202,2143860,0.7111003,0.6832383,0.6876446,0.6871636,0.7042606,0.6873025,0.68084556,0.68132704,18258,26432.587931394577,0.70140034,0.67448974,0.6740962,0.67213035,25.342032218421124,0.0,0.0
108640,1205960,0.009365141,-0.0017841816,-0.0052178837,-0.005794166,10,0.0,170306,2144900,0.7063126,0.68200517,0.68730617,0.687006,0.71567774,0.68022096,0.68208814,0.6812118,18267,26443.793357133865,0.702729,0.67289174,0.6729722,0.67207307,11.560266544880157,0.0,0.0
108695,1206510,0.00075918436,-0.0050606965,-0.0069186054,-0.0057888487,10,0.0,170409,2145930,0.6993477,0.67880327,0.68861854,0.6869364,0.70010686,0.67374253,0.68170005,0.6811475,18276,26454.78077030182,0.6673177,0.6685046,0.67322075,0.6720127,9.089566263639863,0.0,0.0
108749,1207050,-0.01809299,-0.0057546915,-0.007112227,-0.0056701666,10,0.0,170501,2146850,0.6884098,0.68988883,0.68966323,0.6869634,0.6703168,0.6841341,0.6825509,0.6812932,18284,26464.570103645325,0.6703168,0.6678784,0.67220664,0.6720531,29.90258481053088,0.0,0.0
108805,1207610,0.028428495,-0.0042347014,-0.004234333,-0.005613607,10,0.0,170600,2147840,0.6775314,0.6794359,0.68788004,0.6870248,0.7059599,0.6752012,0.6836456,0.68141127,18293,26475.72227191925,0.66627795,0.6643834,0.67408913,0.6722527,8.66835667392353,0.0,0.0
108859,1208150,-0.0037993789,0.0011337698,-0.0039291447,-0.0055258037,10,0.0,170691,2148750,0.7148965,0.6951044,0.6889043,0.68731105,0.7110971,0.6916527,0.6848193,0.6817314,18301,26485.563109874725,0.6895159,0.6893028,0.67625487,0.6724424,32.17608571075688,0.0,0.0
108910,1208660,0.015424252,-0.008378452,-0.006643332,-0.005562703,10,0.0,170783,2149670,0.6811586,0.6822947,0.69152635,0.68702495,0.69658285,0.6739162,0.68488294,0.6814623,18309,26495.482545375824,0.67415375,0.6653783,0.67658013,0.6724005,22.581672268604436,0.0,0.0
108964,1209200,-0.0044501424,-0.016621208,-0.007935423,-0.005694505,10,0.0,170888,2150720,0.68505657,0.7022974,0.6912674,0.68732995,0.6806064,0.68567616,0.68333197,0.68163544,18318,26506.721878528595,0.6685926,0.6745225,0.6739157,0.6725372,9.562254221255984,0.0,0.0
109019,1209750,-0.016210556,-0.018850064,-0.009113502,-0.0061259875,10,0.0,170978,2151620,0.72400373,0.7025673,0.69352895,0.6878202,0.7077932,0.6837173,0.68441546,0.68169415,18326,26516.587074041367,0.7077932,0.6678636,0.6742006,0.6726312,25.639561041450676,0.0,0.0
109075,1210310,0.017694533,0.007956892,-0.0057571325,-0.0058849193,10,0.0,171080,2152640,0.6862233,0.6758164,0.6893896,0.687614,0.70391786,0.67938995,0.68339247,0.6816857,18335,26527.637781381607,0.6686152,0.6665844,0.6731428,0.67269695,11.008628574953118,0.0,0.0
109126,1210820,-0.058499694,-0.011448652,-0.004757664,-0.0060843835,10,0.0,171172,2153560,0.7246394,0.69156337,0.6874515,0.6881519,0.6661397,0.6801148,0.68269384,0.6820676,18343,26537.55364727974,0.6661397,0.6796216,0.6733372,0.67310774,29.215386212089445,0.0,0.0
109181,1211370,-0.017664969,-0.00010066033,-0.0066391337,-0.0060756053,10,0.0,171275,2154590,0.7239467,0.6709748,0.68786544,0.6880803,0.7062817,0.6708741,0.6812264,0.68200463,18352,26548.653074026108,0.65444165,0.6616464,0.6724843,0.67306715,8.46409417751273,0.0,0.0
109237,1211930,-0.01883763,-0.008892542,-0.007770129,-0.006224148,10,0.0,171365,2155490,0.6759672,0.68246925,0.68822634,0.68817884,0.6571296,0.6735767,0.6804561,0.68195474,18360,26558.582489967346,0.6571296,0.6692003,0.6729218,0.67311156,10.767101674992125,0.0,0.0
109286,1212420,-0.006233275,-0.00152148,-0.006491521,-0.0060798205,10,0.0,171456,2156400,0.70975983,0.6930954,0.68522406,0.6879326,0.70352656,0.6915739,0.67873245,0.68185276,18368,26568.60154557228,0.66777754,0.6815082,0.6713137,0.67290616,30.02672428172676,0.0,0.0
109342,1212980,-0.060592473,-0.015025633,-0.0071460907,-0.006477923,10,0.0,171559,2157430,0.7154002,0.6929904,0.6865686,0.68829304,0.65480775,0.67796487,0.67942244,0.6818152,18377,26579.908609867096,0.65480775,0.6654587,0.6704118,0.6729493,9.137682299235008,0.0,0.0
109397,1213530,0.0,-0.013598179,-0.007884268,-0.00661839,10,0.0,171651,2158350,0.7044281,0.6887344,0.68821126,0.68834734,0.7044281,0.6751362,0.68032694,0.68172896,18385,26589.820413827896,0.7044281,0.6658576,0.67109454,0.6729795,11.213889028510195,0.0,0.0
109453,1214090,-0.017053485,-0.0017011582,-0.0063914927,-0.0066279983,10,0.0,171750,2159340,0.7122832,0.6905833,0.6880677,0.6885616,0.6952297,0.6888822,0.68167627,0.68193364,18394,26600.947599172592,0.68355733,0.6732608,0.6712899,0.67308897,9.066420877974041,0.0,0.0
109505,1214610,-0.0140272975,0.0039226115,-0.004912417,-0.006472542,10,0.0,171851,2160350,0.6780966,0.68682885,0.68885785,0.6887542,0.6640693,0.69075143,0.6839454,0.68228173,18402,26610.983194589615,0.66027176,0.6774558,0.67406607,0.673285,8.599385826106532,0.0,0.0
109552,1215080,-0.023575068,-0.0004110098,-0.0055665947,-0.006382143,10,0.0,171934,2161180,0.68144643,0.6825749,0.68781453,0.68871295,0.65787137,0.6821639,0.6822479,0.6823308,18409,26621.040861845016,0.65787137,0.6705646,0.6735317,0.6731655,25.469342150406394,0.0,0.0
109606,1215620,-0.009339273,-0.010920745,-0.00480222,-0.0063997637,10,0.0,172026,2162100,0.68049943,0.6957387,0.68628865,0.6887731,0.67116016,0.6848179,0.6814864,0.6823733,18418,26631.70972943306,0.67116016,0.67110145,0.6697951,0.6730025,11.559001753842525,0.0,0.0
109661,1216170,-0.017265558,-0.006937027,-0.0034210158,-0.0061933557,10,0.0,172129,2163130,0.70374674,0.6724895,0.6852671,0.68845487,0.6864812,0.6655525,0.6818461,0.6822615,18426,26641.159957885742,0.6627759,0.6652144,0.67047316,0.67287487,14.21638935305542,0.0,0.0
109722,1216780,0.0,-0.003308767,-0.004258236,-0.0060411156,10,0.0,172230,2164140,0.66172075,0.6854959,0.68538004,0.68823063,0.66172075,0.6821871,0.6811218,0.68218946,18436,26652.687303066254,0.66172075,0.6691267,0.67323554,0.67291653,9.572939530749984,0.0,0.0
109782,1217380,-0.00026524067,-0.013055563,-0.006174264,-0.00615813,10,0.0,172332,2165160,0.7058455,0.6814071,0.6870512,0.6882686,0.70558023,0.6683515,0.6808769,0.6821105,18445,26663.11966562271,0.69224167,0.66482097,0.67201006,0.67279124,11.641999758516793,0.0,0.0
109836,1217920,-0.018022299,-0.003943771,-0.0066378005,-0.0061756265,10,0.0,172425,2166090,0.6774997,0.68768626,0.6886036,0.688283,0.6594774,0.68374246,0.6819659,0.68210745,18453,26672.38038611412,0.6594774,0.6788674,0.6735925,0.6728887,10.666688368099708,0.0,0.0
109895,1218510,-0.036859334,-0.0033067702,-0.007038678,-0.006329216,10,0.0,172542,2167260,0.7238034,0.6942293,0.69132745,0.6883086,0.68694407,0.69092256,0.6842886,0.68197936,18463,26684.116897583008,0.68694407,0.6701993,0.6749727,0.6725757,12.132241684275076,0.0,0.0
109950,1219060,-0.04904461,-0.0024046241,-0.0064975023,-0.00617261,10,0.0,172644,2168280,0.71424216,0.6909708,0.69097877,0.68813574,0.66519755,0.68856615,0.68448126,0.68196315,18472,26694.50285744667,0.6634914,0.6763204,0.6733788,0.67243266,10.431765183410667,0.0,0.0
110011,1219670,0.031398058,-0.00027158856,-0.005378131,-0.0058529014,10,0.0,172747,2169310,0.68534786,0.68463624,0.68670946,0.6875806,0.7167459,0.6776625,0.68108755,0.6816963,18481,26704.83366894722,0.68534786,0.6741697,0.67119235,0.6721874,11.335484955491042,0.0,0.0
110065,1220210,-0.006769061,-0.006030488,-0.0073378347,-0.005993773,10,0.0,172849,2170330,0.6878344,0.6794549,0.6873214,0.6875834,0.6810653,0.67342454,0.6799835,0.68158954,18489,26714.02313399315,0.6810653,0.6643199,0.6703386,0.6721111,11.695074566729451,0.0,0.0
110124,1220800,-0.017494023,-0.0064527155,-0.007142896,-0.00613497,10,0.0,172950,2171340,0.69478005,0.69114304,0.6870339,0.68768305,0.677286,0.68469024,0.6798911,0.6815481,18499,26725.408866405487,0.6576239,0.67937905,0.6719846,0.67218584,11.251775231900146,0.0,0.0
110184,1221400,-0.033070922,-0.015336489,-0.0057149814,-0.0060036373,10,0.0,173053,2172370,0.6903515,0.69448984,0.68750167,0.6875287,0.65728056,0.6791534,0.6817867,0.6815251,18508,26735.790112495422,0.65728056,0.67124283,0.67214113,0.67203635,12.155972369628385,0.0,0.0
110238,1221940,0.009046435,-0.0015137255,-0.0039978093,-0.0057673403,10,0.0,173156,2173400,0.68043,0.6784974,0.6845551,0.6873925,0.68947643,0.6769837,0.6805573,0.6816251,18517,26746.204840898514,0.6612978,0.66957647,0.66986597,0.6719137,9.814435440600878,0.0,0.0
110297,1222530,-0.015682042,-0.00024253727,-0.004191398,-0.005704553,10,0.0,173255,2174390,0.71173686,0.68457425,0.6857651,0.68739486,0.6960548,0.6843317,0.6815736,0.6816904,18526,26756.52098751068,0.6632496,0.66992044,0.6726481,0.6720245,9.41883869240783,0.0,0.0
110355,1223110,0.027550459,-0.009080517,-0.006948064,-0.0058446615,10,0.0,173360,2175440,0.67600316,0.6865438,0.6864223,0.6873944,0.7035536,0.67746335,0.67947423,0.6815498,18535,26766.89501452446,0.6600552,0.6654305,0.67038345,0.6718608,11.631020016993258,0.0,0.0
110413,1223690,-0.002431035,-0.007840824,-0.0072467234,-0.0057731494,10,0.0,173472,2176560,0.6870071,0.6871828,0.6885673,0.6874401,0.6845761,0.679342,0.68132055,0.681667,18544,26777.21899151802,0.6704336,0.666208,0.67193764,0.6719818,10.235317142498769,0.0,0.0
110471,1224270,-0.015021682,-0.0079503115,-0.006676416,-0.005816506,10,0.0,173564,2177480,0.6908401,0.69017327,0.68882865,0.6873853,0.67581844,0.68222296,0.6821521,0.6815688,18553,26787.519780158997,0.6657522,0.67206764,0.6724763,0.6718972,12.144568377882388,0.0,0.0
110526,1224820,-0.001994729,-0.0041333856,-0.006024526,-0.00580111,10,0.0,173669,2178530,0.6758275,0.680957,0.68753713,0.6873048,0.6738328,0.6768237,0.6815126,0.68150365,18562,26797.818618535995,0.6579195,0.66604114,0.67090446,0.6717694,11.921492119282455,0.0,0.0
110581,1225370,-0.0043806434,-0.006537384,-0.0050541414,-0.0058915014,10,0.0,173760,2179440,0.7032944,0.6876074,0.68539244,0.6872909,0.69891375,0.6810701,0.6803382,0.68139935,18570,26807.084003925323,0.6581772,0.6761202,0.66991425,0.67177594,10.695700558410765,0.0,0.0
110648,1226040,-0.017618656,-0.0035604774,-0.0046962798,-0.005871025,10,0.0,173884,2180680,0.72416687,0.6876391,0.6886049,0.68739796,0.7065482,0.6840786,0.6839087,0.68152696,18581,26819.582494974136,0.67822295,0.68136376,0.6752652,0.67203283,5.5802233337808005,0.0,0.0
110708,1226640,-0.02148515,0.0030878186,-0.0038776011,-0.005778105,10,0.0,173985,2181690,0.70041674,0.680074,0.68907636,0.68761003,0.6789316,0.6831618,0.6851989,0.6818319,18590,26829.87432575226,0.6595975,0.66998327,0.6759777,0.67214626,13.256853302721092,0.0,0.0
110765,1227210,-0.016528428,-0.0038774014,-0.0048413128,-0.0059025115,10,0.0,174087,2182710,0.7238553,0.6818079,0.68762296,0.6876107,0.7073269,0.67793053,0.6827816,0.68170816,18599,26840.065408706665,0.65962934,0.67322165,0.6743065,0.6723613,9.52217320472142,0.0,0.0
110827,1227830,-0.013064384,-0.0038128078,-0.006485356,-0.0058218623,10,0.0,174190,2183740,0.7150864,0.69463384,0.6882158,0.68765575,0.702022,0.69082105,0.68173033,0.6818339,18608,26850.305428028107,0.6893975,0.6845027,0.6738047,0.67245704,11.183692297436924,0.0,0.0
110881,1228370,0.0140349865,-0.005596286,-0.005908951,-0.005782351,10,0.0,174293,2184770,0.68911296,0.68635595,0.6869607,0.68740493,0.70314795,0.68075955,0.6810518,0.68162256,18617,26860.7507584095,0.6719306,0.6712332,0.67312384,0.67220616,12.794568711829177,0.0,0.0
110935,1228910,-0.061779976,-0.0049711885,-0.005063553,-0.0056143077,10,0.0,174385,2185690,0.7191566,0.69297135,0.6878386,0.6874203,0.65737665,0.6880002,0.68277514,0.68180597,18625,26870.048987150192,0.65737665,0.680817,0.6735799,0.6725353,11.124067326229547,0.0,0.0
110993,1229490,-0.01651603,0.0062962472,-0.0030948133,-0.0053938837,10,0.0,174497,2186810,0.6761891,0.674929,0.6838365,0.6869042,0.6596731,0.6812252,0.6807418,0.6815104,18635,26881.52060818672,0.6596731,0.66361827,0.67204696,0.6723767,12.292052536070486,0.0,0.0
111052,1230080,-0.03694439,-0.010014134,-0.0031964611,-0.0052949484,10,0.0,174597,2187810,0.69862235,0.68651074,0.68147695,0.68655235,0.66167796,0.6764967,0.6782806,0.6812574,18644,26891.8423204422,0.66167796,0.6701933,0.6691711,0.6721888,9.462221985596086,0.0,0.0
111110,1230660,-0.016797483,-0.0006564736,-0.0052986075,-0.0051943883,10,0.0,174697,2188810,0.722882,0.6869373,0.6843306,0.6864977,0.7060845,0.68628085,0.67903197,0.6813032,18653,26902.163006067276,0.656772,0.670786,0.66940445,0.6721211,13.577943042164648,0.0,0.0
111169,1231250,-0.016809404,-0.0117701115,-0.0065520923,-0.0054589855,10,0.0,174798,2189820,0.7223797,0.6863353,0.6878686,0.68683505,0.7055703,0.6745652,0.68131644,0.681376,18662,26912.447223186493,0.67840827,0.665489,0.6711027,0.6721975,11.363114600652315,0.0,0.0
111227,1231830,0.017170846,-0.00720101,-0.0071187983,-0.005379239,10,0.0,174908,2190920,0.6974558,0.68450856,0.68771136,0.6868331,0.71462667,0.6773076,0.68059236,0.6814539,18671,26922.827711343765,0.6764189,0.66936034,0.6724952,0.6724134,10.228754862513208,0.0,0.0
111286,1232420,-0.017727137,-0.022082305,-0.007544835,-0.005651678,10,0.0,175001,2191850,0.68587565,0.7048506,0.6875133,0.68694067,0.6681485,0.68276834,0.67996866,0.68128896,18680,26933.07383108139,0.6598845,0.6744629,0.6709025,0.6722166,11.832439523238593,0.0,0.0
111342,1232980,-0.0012540817,-0.0077074645,-0.008019844,-0.0055540986,10,0.0,175102,2192860,0.70330685,0.67713803,0.6859644,0.6867904,0.7020528,0.6694306,0.67794454,0.68123627,18689,26943.373568058014,0.7020528,0.66363,0.6699822,0.67229176,11.297012595767832,0.0,0.0
111398,1233540,-0.03662479,-0.0012381315,-0.0071160034,-0.005489823,10,0.0,175204,2193880,0.7118086,0.6849215,0.6880246,0.6866376,0.67518383,0.6836834,0.6809085,0.68114775,18698,26953.677599668503,0.67518383,0.67052466,0.67386514,0.67230505,11.679621734662906,0.0,0.0
111455,1234110,-0.016860366,-0.009833669,-0.0067598335,-0.0055610924,10,0.0,175293,2194770,0.7202467,0.6875222,0.68673486,0.68653184,0.7033863,0.6776885,0.67997503,0.6809707,18706,26962.823319911957,0.6762463,0.6789011,0.6727772,0.6723494,10.22104017011413,0.0,0.0
111510,1234660,-0.028392732,-0.004098177,-0.0060986686,-0.0053914087,10,0.0,175407,2195910,0.7076431,0.68574035,0.6876292,0.6863599,0.67925036,0.6816422,0.68153054,0.6809685,18715,26973.01926779747,0.6789165,0.675848,0.67359316,0.6723334,11.995388659316472,0.0,0.0
111570,1235260,0.00032812357,-0.009659285,-0.0050571035,-0.005654458,10,0.0,175520,2197040,0.67808604,0.68793505,0.68510973,0.68675864,0.67841417,0.6782758,0.6800526,0.6811042,18725,26984.723699331284,0.67808604,0.6766092,0.67272127,0.6727413,6.334174304929878,0.0,0.0
111629,1235850,-0.04112935,-0.003839165,-0.007763396,-0.0057640346,10,0.0,175615,2197990,0.69475895,0.6869184,0.6863495,0.6864187,0.6536296,0.6830792,0.67858595,0.68065464,18734,26995.0022418499,0.6536296,0.67556596,0.6714297,0.67227215,12.867913113214088,0.0,0.0
111685,1236410,-0.021526456,-0.011213946,-0.005913775,-0.0057974816,10,0.0,175714,2198980,0.6804527,0.6922298,0.68579817,0.6862893,0.65892625,0.68101585,0.67988425,0.6804918,18743,27005.177305459976,0.65892625,0.66869044,0.6702053,0.67203087,9.811886962341601,0.0,0.0
111747,1237030,0.00040185452,-0.0007557392,-0.0059580733,-0.005895468,10,0.0,175814,2199980,0.7150415,0.68920445,0.6910608,0.68657553,0.7154434,0.68489254,0.68509775,0.6806489,18752,27015.449038505554,0.7150415,0.6804801,0.67343247,0.67200685,11.672126621985198,0.0,0.0
111803,1237590,-0.017505884,-0.0052222074,-0.005515795,-0.0058497554,10,0.0,175914,2200980,0.69432193,0.68026316,0.68938935,0.6865632,0.67681605,0.67679155,0.683912,0.6807367,18761,27025.745759487152,0.65906787,0.66314745,0.671272,0.67186964,14.032855378720788,0.0,0.0
111861,1238170,-0.00010406971,-0.018653417,-0.006226641,-0.0059320834,10,0.0,176014,2201980,0.705504,0.70606107,0.68748456,0.6867657,0.70539993,0.68740773,0.681258,0.68083364,18770,27036.04635834694,0.7053709,0.67913896,0.6705718,0.6717976,10.679121513687583,0.0,0.0
111914,1238700,-0.052087307,-0.01456058,-0.0052934126,-0.005924266,10,0.0,176117,2203010,0.7188576,0.69622433,0.6875051,0.6865989,0.6667703,0.68166363,0.6822117,0.6806747,18779,27046.518534183502,0.6667703,0.67460114,0.6722759,0.6716897,8.597654818314425,0.0,0.0
111973,1239290,-0.0043605566,-0.002817446,-0.0050416654,-0.0060340813,10,0.0,176219,2204030,0.67668974,0.6774017,0.68485904,0.6864447,0.6723292,0.67458427,0.6798172,0.6804106,18788,27056.776701688766,0.66743857,0.66289127,0.6687591,0.67118335,10.439505162501247,0.0,0.0
112034,1239900,-0.0021035671,-0.010860449,-0.004019575,-0.0062002353,10,0.0,176320,2205040,0.6761179,0.6972932,0.686307,0.6872273,0.67401433,0.6864328,0.6822875,0.68102705,18797,27067.08362054825,0.67401433,0.67562294,0.67026556,0.6717097,11.418804814934301,0.0,0.0
112088,1240440,-0.022500098,-0.0038339675,-0.0056288796,-0.0061049024,10,0.0,176409,2205930,0.68384165,0.68777096,0.6889397,0.68734443,0.66134155,0.68393695,0.68331075,0.6812395,18805,27076.347269535065,0.66134155,0.66928136,0.6728886,0.6718611,12.237660669655543,0.0,0.0
112145,1241010,-0.004196584,-0.007464677,-0.0057296455,-0.0061139325,10,0.0,176520,2207040,0.69253266,0.6827428,0.6874564,0.6871748,0.6883361,0.6752781,0.68172675,0.6810609,18815,27087.929490089417,0.6740008,0.6691295,0.67083573,0.6717328,9.280513617292632,0.0,0.0
112206,1241620,-0.021126807,-0.0062270104,-0.006605664,-0.006120858,10,0.0,176621,2208050,0.6998471,0.6847757,0.6896776,0.68739545,0.6787203,0.6785487,0.6830719,0.68127453,18824,27098.3681139946,0.67434967,0.6707898,0.67380327,0.67193925,12.598689338658803,0.0,0.0
112262,1242180,0.005842209,-0.0022086322,-0.007055483,-0.006284706,10,0.0,176724,2209080,0.699282,0.6833536,0.6920332,0.6879276,0.7051242,0.6811449,0.68497765,0.6816429,18833,27108.930649518967,0.6706571,0.673792,0.67645735,0.6723207,10.275739302270544,0.0,0.0
112320,1242760,-0.041754186,-0.006396985,-0.0067152763,-0.00610633,10,0.0,176824,2210080,0.70844686,0.68673843,0.6894747,0.6878902,0.6666927,0.6803414,0.68275946,0.6817838,18842,27119.459387540817,0.6567555,0.67564774,0.67333853,0.6724049,10.086440348223903,0.0,0.0
112382,1243380,0.024426162,-0.010596866,-0.008308293,-0.006196919,10,0.0,176924,2211080,0.67768556,0.6835558,0.6890553,0.6878778,0.7021117,0.67295885,0.680747,0.6816808,18851,27129.968519210815,0.67768556,0.6648575,0.672456,0.6721744,11.59805076171328,0.0,0.0
112434,1243900,-0.03276509,-0.00073966384,-0.006889166,-0.006143547,10,0.0,177025,2212090,0.68989885,0.67795104,0.68709075,0.6879678,0.65713376,0.6772114,0.6802015,0.6818242,18860,27140.457539081573,0.65713376,0.6690416,0.6719352,0.67227393,10.129211746522412,0.0,0.0
112495,1244510,0.0029052496,-0.0058049383,-0.004371841,-0.0060358094,10,0.0,177128,2213120,0.7120324,0.68905777,0.6864099,0.6880263,0.7149376,0.6832528,0.68203807,0.6819905,18869,27150.979330778122,0.6804561,0.66883594,0.67074114,0.67227906,12.635691282486947,0.0,0.0
112554,1245100,0.049878,-0.008593947,-0.005112635,-0.005989884,10,0.0,177231,2214150,0.65845174,0.6941086,0.69142586,0.6883861,0.70832974,0.68551457,0.68631315,0.68239623,18878,27161.489940166473,0.65845174,0.6835773,0.67415315,0.6724072,11.607875956943824,0.0,0.0
112606,1245620,-0.020902276,-0.012512386,-0.0075503383,-0.006105559,10,0.0,177332,2215160,0.7164665,0.6911447,0.6906021,0.6887584,0.6955642,0.6786324,0.68305176,0.68265283,18887,27172.068152427673,0.657933,0.6691141,0.6745944,0.6725105,12.061654339882216,0.0,0.0
112668,1246240,-0.017690241,-0.004191041,-0.009334904,-0.0062751523,10,0.0,177435,2216190,0.68727046,0.6781548,0.6925534,0.6891441,0.6695802,0.6739638,0.68321854,0.68286896,18896,27182.508899450302,0.6695802,0.66590536,0.6746443,0.67276865,10.849635060664568,0.0,0.0
112722,1246780,-0.014002264,-0.004854262,-0.0062079052,-0.0061816727,10,0.0,177533,2217170,0.6795342,0.69056225,0.6912158,0.68901044,0.66553193,0.6856801,0.6851469,0.6828739,18905,27192.969994544983,0.66553193,0.67637044,0.6765897,0.6729119,8.112930617613493,0.0,0.0
112778,1247340,0.016935349,-0.0031080185,-0.0045483876,-0.0060395114,10,0.0,177635,2218190,0.69158995,0.686265,0.68685603,0.6886226,0.7085253,0.68315697,0.6823076,0.68258315,18914,27203.365427017212,0.66023326,0.6770569,0.67354363,0.67283815,13.226803369468419,0.0,0.0
112839,1247950,-0.01729691,-0.01010328,-0.006310563,-0.006060379,10,0.0,177738,2219220,0.7025005,0.6877614,0.6861862,0.6887392,0.6852036,0.67765814,0.67987573,0.6826788,18923,27213.716249227524,0.67595977,0.6679458,0.6704752,0.6728686,10.001294780508474,0.0,0.0
112898,1248540,-0.0004516244,-0.0018064498,-0.0069131614,-0.00624073,10,0.0,177838,2220220,0.68339026,0.6811553,0.6885702,0.6889812,0.68293864,0.6793488,0.681657,0.68274045,18932,27224.314274311066,0.67732775,0.6681643,0.6735502,0.6731162,12.451304204815937,0.0,0.0
112954,1249100,0.0006595254,-0.0051917555,-0.0067306366,-0.0062575787,10,0.0,177937,2221210,0.6762954,0.6810642,0.6891558,0.6890877,0.6769549,0.67587245,0.68242526,0.68283015,18941,27234.675826072693,0.65567034,0.6643976,0.6726835,0.67321926,9.448780015273744,0.0,0.0
113010,1249660,-0.003808558,0.00769527,-0.004014703,-0.006186686,10,0.0,178038,2222220,0.7101094,0.6791876,0.6850624,0.6889694,0.70630085,0.68688285,0.6810477,0.68278265,18950,27245.139708518982,0.6696138,0.66964066,0.6687118,0.67321056,8.838557763185124,0.0,0.0
113068,1250240,0.028005779,0.001617527,-0.002070177,-0.005996511,10,0.0,178141,2223250,0.6867476,0.680334,0.6846401,0.6887956,0.7147534,0.68195146,0.68257,0.6827991,18959,27255.51196050644,0.6745982,0.66897,0.6711739,0.67308193,12.326428604175753,0.0,0.0
113125,1250810,-0.03752595,-0.0042004464,-0.0041625155,-0.0060634566,10,0.0,178241,2224250,0.70167,0.6872477,0.6855585,0.68879616,0.66414404,0.68304724,0.681396,0.68273276,18968,27265.801136493683,0.66414404,0.67438686,0.6714641,0.6731373,9.076758840812676,0.0,0.0
113185,1251410,-0.060773253,-0.011637288,-0.0063274615,-0.0059854575,10,0.0,178340,2225240,0.72486126,0.69092715,0.6859336,0.6883702,0.664088,0.6792898,0.6796063,0.6823848,18977,27276.193425893784,0.664088,0.6735278,0.67054904,0.6727666,12.203290809178979,0.0,0.0
113240,1251960,-0.06254661,-0.013344509,-0.009022605,-0.006117152,10,0.0,178442,2226260,0.7244409,0.6909944,0.69011897,0.68850917,0.66189426,0.67764986,0.6810963,0.68239194,18986,27286.80310678482,0.65620375,0.67461836,0.6754647,0.6730462,9.31286723376156,0.0,0.0
113300,1252560,0.019968748,-0.008544999,-0.008616101,-0.0061005736,10,0.0,178544,2227280,0.6847773,0.6897745,0.69120866,0.6885969,0.70474607,0.68122953,0.68259263,0.6824963,18995,27297.176621437073,0.68143284,0.67129904,0.67626905,0.673191,11.819165780669202,0.0,0.0
113354,1253100,-0.01947409,-0.0074676513,-0.006553301,-0.0060986294,10,0.0,178645,2228290,0.68257195,0.68841726,0.68937254,0.68853027,0.66309786,0.6809495,0.6828192,0.6824316,19004,27307.59680533409,0.6592565,0.6703261,0.6742927,0.6730821,9.43538679470028,0.0,0.0
113412,1253680,-0.0486449,-0.012256694,-0.0071109827,-0.0060136905,10,0.0,178745,2229290,0.7241362,0.69819486,0.6899735,0.688685,0.6754913,0.6859382,0.6828625,0.68267125,19013,27317.954208612442,0.66866463,0.679704,0.6752654,0.673514,9.449339867038455,0.0,0.0
113473,1254290,-0.010532379,-0.006025374,-0.00636958,-0.0061302357,10,0.0,178847,2230310,0.6768429,0.683955,0.689608,0.68886954,0.66631055,0.67792964,0.6832384,0.68273926,19022,27328.30587744713,0.65774083,0.6707264,0.67478424,0.67351216,12.507701937479741,0.0,0.0
113529,1254850,0.0041744113,0.00045675636,-0.0053684223,-0.0061342777,10,0.0,178946,2231300,0.6791399,0.67685205,0.6872132,0.6885343,0.6833143,0.67730886,0.6818447,0.68240005,19031,27338.601932525635,0.6613432,0.6663154,0.67110753,0.6733599,9.467884325015186,0.0,0.0
113591,1255470,-0.01709199,-0.0048697353,-0.005420827,-0.0060283914,10,0.0,179048,2232320,0.71071625,0.6846774,0.68596274,0.68836045,0.69362426,0.67980766,0.6805418,0.68233204,19040,27349.081394195557,0.6792733,0.6699339,0.67125857,0.6732893,13.562348166224698,0.0,0.0
113646,1256020,-0.01793456,-0.007672566,-0.0063347705,-0.005884791,10,0.0,179146,2233300,0.67814946,0.6938697,0.6877077,0.6881081,0.6602149,0.6861971,0.68137306,0.6822234,19049,27359.340044021606,0.65729535,0.6835555,0.67358756,0.67327684,9.334278711063812,0.0,0.0
113706,1256620,-0.0042488575,-0.0127956625,-0.006807384,-0.0059867236,10,0.0,179257,2234410,0.71096486,0.6988579,0.6908842,0.68814224,0.706716,0.6860623,0.6840768,0.6821555,19058,27369.71875166893,0.706716,0.681972,0.67577004,0.6732477,12.344073920163115,0.0,0.0
113761,1257170,-0.016247272,0.00019015073,-0.0052208453,-0.005850648,10,0.0,179353,2235370,0.6783564,0.6806332,0.6867948,0.6878179,0.66210914,0.68082345,0.68157405,0.6819672,19067,27380.023310422897,0.66210914,0.6686233,0.67285043,0.6730506,12.410497916643243,0.0,0.0
113819,1257750,0.0,0.0007358432,-0.0030957006,-0.0057358723,10,0.0,179451,2236350,0.7038174,0.67735624,0.6831156,0.68758595,0.7038174,0.67809206,0.6800199,0.68184996,19076,27390.281693696976,0.7038174,0.6668662,0.6687281,0.672803,9.51600315089826,0.0,0.0
113874,1258300,-0.013942301,-0.00789845,-0.005974217,-0.005748464,10,0.0,179552,2237360,0.67641646,0.68818045,0.68669814,0.68764234,0.66247416,0.680282,0.6807238,0.6818939,19085,27400.636998414993,0.6605139,0.6693157,0.6694086,0.6727285,12.07054049021721,0.0,0.0
113932,1258880,0.0069306493,-0.0077547194,-0.0061335014,-0.00567961,10,0.0,179654,2238380,0.68518853,0.6959938,0.6873164,0.6874225,0.6921192,0.68823904,0.68118286,0.68174285,19094,27411.069915294647,0.68518853,0.6729919,0.67142594,0.67260045,8.57929308394232,0.0,0.0
113986,1259420,-0.010191202,-0.012116129,-0.00702201,-0.0058491826,10,0.0,179750,2239340,0.7013521,0.6926784,0.68895453,0.68770546,0.6911609,0.68056226,0.6819324,0.6818562,19102,27421.482713222504,0.6673058,0.67331976,0.6727099,0.67286664,10.363084397671464,0.0,0.0
114031,1259870,-0.018234074,0.00010371804,-0.007169441,-0.006063543,10,0.0,179826,2240100,0.6890216,0.6884643,0.69033056,0.6880798,0.6707875,0.68856806,0.68316114,0.68201625,19109,27431.09000492096,0.6707875,0.6800309,0.6749049,0.67326087,19.24441991272274,0.0,0.0
114088,1260440,-0.0020860434,0.00045605897,-0.005434028,-0.0061778813,10,0.0,179926,2241100,0.69653916,0.6831938,0.6881935,0.6880233,0.6944531,0.6836499,0.6827594,0.6818455,19118,27442.230829000473,0.6943022,0.6683477,0.67455566,0.6731564,11.308968057311874,0.0,0.0
114140,1260960,-0.032750547,-0.0135864075,-0.0067156763,-0.006311737,10,0.0,180015,2241990,0.69492537,0.6902443,0.68925756,0.6882506,0.6621748,0.6758622,0.68297076,0.6819653,19126,27452.178924798965,0.6621748,0.6688851,0.6733245,0.6733327,29.09244261699253,0.0,0.0
114192,1261480,-0.01500994,0.0026018857,-0.005911422,-0.0060309926,10,0.0,180118,2243020,0.6936302,0.6702267,0.6881807,0.68817514,0.6786203,0.67282856,0.6822693,0.68214417,19135,27463.484977722168,0.65636927,0.6612149,0.6723661,0.67330647,8.727068138189788,0.0,0.0
114246,1262020,-0.010969758,-0.00844295,-0.00429527,-0.0057920082,10,0.0,180209,2243930,0.6766313,0.69135654,0.6867324,0.6878523,0.6656615,0.68291366,0.68243706,0.68206024,19143,27473.413080453873,0.6592871,0.6728312,0.67138535,0.67292166,11.083290679585842,0.0,0.0
114298,1262540,-0.010119259,0.0021963238,-0.0033629006,-0.005556024,10,0.0,180307,2244910,0.6789935,0.680036,0.68471193,0.68746775,0.66887426,0.6822323,0.68134904,0.6819118,19151,27483.624135017395,0.6622194,0.6653791,0.6694589,0.6725187,10.137721870465064,0.0,0.0
114348,1263040,-0.027264893,0.00026857256,-0.0023621183,-0.005375386,10,0.0,180398,2245820,0.7240174,0.6843897,0.68374586,0.6873481,0.6967525,0.6846583,0.68138385,0.6819728,19159,27494.069702625275,0.6899072,0.6752833,0.669199,0.67240137,9.58313417517449,0.0,0.0
114401,1263570,-0.059232056,-0.019496405,-0.0063007157,-0.005627913,10,0.0,180479,2246630,0.7240999,0.7000424,0.6885089,0.6875127,0.6648678,0.6805459,0.6822081,0.68188477,19167,27503.858766317368,0.6613534,0.6777613,0.67316735,0.6723706,23.878378255285426,0.0,0.0
114455,1264110,-0.012440324,-0.003570658,-0.0077178166,-0.005475627,10,0.0,180569,2247530,0.6936912,0.6861059,0.6882573,0.687121,0.6812509,0.68253523,0.6805395,0.68164533,19175,27513.790912389755,0.6812509,0.67222154,0.67408216,0.6723098,27.073405308688034,0.0,0.0
114507,1264630,-0.047483206,-0.0031153082,-0.0043520145,-0.0054926756,10,0.0,180669,2248530,0.70094913,0.6915751,0.68668467,0.6872756,0.6534659,0.6884598,0.68233275,0.68178296,19184,27525.372913360596,0.6534659,0.68243223,0.67552453,0.6726124,8.557804349799893,0.0,0.0
114562,1265180,-0.017005563,-0.0053932546,-0.005447758,-0.005586909,10,0.0,180759,2249430,0.71424323,0.6828453,0.68783045,0.6872681,0.6972377,0.6774521,0.6823826,0.68168116,19192,27535.243611574173,0.67261076,0.67015713,0.6754742,0.67252684,9.510459954092795,0.0,0.0
114611,1265670,-0.005921364,-0.0019631505,-0.0038870787,-0.005398323,10,0.0,180849,2250330,0.7133362,0.68414325,0.6861104,0.68733,0.70741487,0.68218005,0.68222344,0.68193173,19200,27545.169641017914,0.68365365,0.6704446,0.67313325,0.6727966,21.650859002935093,0.0,0.0
114668,1266240,-0.03860259,-0.00781486,-0.0056398464,-0.005508248,10,0.0,180948,2251320,0.69429284,0.68965966,0.68706626,0.68730015,0.65569025,0.6818448,0.68142647,0.68179184,19209,27556.48153114319,0.65569025,0.6727542,0.6715576,0.6724862,9.751301706749347,0.0,0.0
114714,1266700,-0.02242148,-0.012197209,-0.0076033976,-0.005552868,10,0.0,181038,2252220,0.68037754,0.6935903,0.6885297,0.68728507,0.65795606,0.68139315,0.6809262,0.68173224,19216,27566.558265924454,0.65795606,0.67137957,0.67033285,0.67232543,10.042167342001756,0.0,0.0
114764,1267200,-0.054685056,0.0015975594,-0.005432521,-0.005600565,10,0.0,181127,2253110,0.72408146,0.6793586,0.6861588,0.6873618,0.6693964,0.6809561,0.68072623,0.68176115,19224,27577.494472026825,0.6693964,0.6741883,0.6712464,0.6723594,8.597069747230854,0.0,0.0
114812,1267680,-0.01698786,-0.011176651,-0.0059704464,-0.005748444,10,0.0,181202,2253860,0.7149705,0.6900917,0.68665034,0.68755674,0.69798267,0.67891514,0.68067986,0.6818083,19231,27587.787717819214,0.6595789,0.67124075,0.67082167,0.6725338,11.898542349811649,0.0,0.0
114861,1268170,-0.020371735,-0.0021775602,-0.004851315,-0.0056008142,10,0.0,181300,2254840,0.6762742,0.6881506,0.6879839,0.6874174,0.65590245,0.685973,0.6831325,0.6818166,19239,27597.99967265129,0.6556524,0.67684305,0.67197454,0.67247885,7.950039311364965,0.0,0.0
114912,1268680,0.021258295,-0.00639348,-0.004098847,-0.005543423,10,0.0,181388,2255720,0.68578875,0.68929636,0.68727356,0.6874802,0.70704705,0.68290293,0.6831746,0.68193674,19247,27609.067850351334,0.658505,0.67878366,0.6719379,0.6724814,8.773022547376431,0.0,0.0
114962,1269180,-0.005162716,-0.006698185,-0.004153379,-0.005325999,10,0.0,181478,2256620,0.67579126,0.685313,0.6862024,0.6872268,0.67062855,0.6786148,0.68204904,0.68190074,19255,27619.893011569977,0.66090685,0.67510545,0.67128813,0.6724162,10.611785565374387,0.0,0.0
115016,1269720,-0.016983926,-0.00036724805,-0.0037042575,-0.0051184823,10,0.0,181560,2257440,0.71513027,0.67888194,0.68663293,0.68701565,0.69814634,0.6785147,0.6829286,0.6818971,19263,27630.392597675323,0.6583566,0.66621655,0.6721567,0.6721793,11.256824324142984,0.0,0.0
115069,1270250,0.0,-0.0024127304,-0.0027275574,-0.004947259,10,0.0,181660,2258440,0.6648551,0.6764279,0.68533796,0.68681455,0.6648551,0.67401516,0.68261045,0.68186724,19271,27640.89452791214,0.6648551,0.66303843,0.6712461,0.6719995,11.242109450111997,0.0,0.0
115116,1270720,-0.042459607,-0.010022825,-0.002528782,-0.0049287546,10,0.0,181740,2259240,0.72390753,0.68231267,0.6836695,0.6866526,0.6814479,0.6722898,0.68114066,0.6817239,19279,27651.012660741806,0.6612381,0.6665408,0.67230517,0.67199284,18.93143111968094,0.0,0.0
115168,1271240,0.0033496022,-0.0076353312,-0.0054595526,-0.004954763,10,0.0,181841,2260250,0.7036044,0.68176764,0.6854758,0.6864541,0.706954,0.67413235,0.68001634,0.68149924,19287,27661.443314790726,0.66049314,0.67003804,0.67230153,0.67186624,29.03070497832891,0.0,0.0
115220,1271760,-0.04955989,-0.011120802,-0.0068433434,-0.005065163,10,0.0,181926,2261100,0.71845925,0.6918904,0.6872482,0.68670726,0.66889936,0.6824613,0.6805302,0.68166333,19295,27671.886859178543,0.66889936,0.6713762,0.67190963,0.67214227,9.713239362122177,0.0,0.0
115272,1272280,-0.0403834,-0.003536564,-0.005906445,-0.005089797,10,0.0,182010,2261940,0.7009967,0.67733634,0.68629235,0.68664014,0.6606133,0.6737997,0.6803859,0.6815504,19303,27682.2638733387,0.6606133,0.66089493,0.67109877,0.67208034,11.95485303636674,0.0,0.0
115328,1272840,-0.014940441,-0.0036769032,-0.00422119,-0.0051438855,10,0.0,182109,2262930,0.71170235,0.68316644,0.6838743,0.68666786,0.6967619,0.6794895,0.6796531,0.6815239,19312,27693.48110628128,0.690613,0.67363703,0.67102265,0.67230093,8.499607777813578,0.0,0.0
115377,1273330,0.008416414,0.0016697586,-0.0054030977,-0.005190629,10,0.0,182203,2263870,0.67875713,0.67799324,0.68902045,0.6868208,0.68717355,0.67966306,0.68361735,0.68163013,19320,27703.579605817795,0.6617564,0.66924155,0.6736963,0.6723031,8.454263812769971,0.0,0.0
115434,1273900,-0.016636252,-0.005872333,-0.0051564174,-0.004983809,10,0.0,182290,2264740,0.6872369,0.684229,0.6885689,0.686673,0.67060065,0.67835665,0.6834125,0.6816891,19328,27713.53446817398,0.66965544,0.6709027,0.6720158,0.67209285,11.449808078108566,0.0,0.0
115485,1274410,-0.01698631,-0.0014609515,-0.005417572,-0.0050943983,10,0.0,182384,2265680,0.7150308,0.67342323,0.6853397,0.686786,0.6980445,0.6719624,0.6799221,0.68169165,19336,27723.778613090515,0.6641513,0.6625528,0.67045766,0.672018,12.319274595937108,0.0,0.0
115537,1274930,0.0,-0.013652235,-0.006879144,-0.0052111363,10,0.0,182468,2266520,0.6591956,0.6975952,0.68606836,0.6866807,0.6591956,0.680456,0.6791678,0.68145216,19344,27734.200702667236,0.6591956,0.66943496,0.6694901,0.6716357,11.118331936352826,0.0,0.0
115591,1275470,-0.006406009,-0.011551571,-0.0072491234,-0.0053525,10,0.0,182566,2267500,0.69643694,0.68522865,0.6856089,0.6864187,0.69003093,0.6736771,0.67835975,0.68106616,19353,27745.491363048553,0.66856277,0.67355406,0.6692627,0.67126185,9.114075663074829,0.0,0.0
115645,1276010,-0.03673315,-0.0051644444,-0.008205977,-0.005426239,10,0.0,182660,2268440,0.7241062,0.68215317,0.6864828,0.68647087,0.68737304,0.6769887,0.67827684,0.6810447,19361,27755.905630111694,0.68737304,0.6712104,0.67011833,0.6713098,8.619323146527737,0.0,0.0
115693,1276490,0.023102283,-0.0051062107,-0.0064582094,-0.0053070984,10,0.0,182746,2269300,0.67602277,0.69120824,0.68684804,0.6864498,0.69912505,0.68610203,0.68038976,0.6811427,19369,27766.265100955963,0.6689271,0.669834,0.6715151,0.67138875,10.855099327053326,0.0,0.0
115745,1277010,-0.049497247,-0.010955232,-0.004596452,-0.0051594926,10,0.0,182837,2270210,0.7243309,0.6914083,0.68632525,0.6863571,0.67483366,0.680453,0.68172896,0.6811975,19377,27776.266694545746,0.66040355,0.6702577,0.6700743,0.67135835,32.42916588705201,0.0,0.0
115800,1277560,-0.01693064,-0.0064884187,-0.0046089916,-0.0052213683,10,0.0,182935,2271190,0.7173257,0.6819057,0.6874327,0.68651074,0.70039505,0.6754173,0.6828238,0.68128943,19385,27786.289608240128,0.65432274,0.67311615,0.6726059,0.6715652,53.35314320604473,0.0,0.0
115853,1278090,-0.05641961,-0.012363434,-0.0069360514,-0.0053089885,10,0.0,183033,2272170,0.7242358,0.70591104,0.68810654,0.6863671,0.66781616,0.6935476,0.6811706,0.6810581,19394,27797.48698782921,0.66781616,0.6883503,0.67349213,0.67147267,10.765023549669642,0.0,0.0
115902,1278580,-0.011731386,-0.005586928,-0.005237357,-0.0052102027,10,0.0,183118,2273020,0.70548904,0.69562995,0.6871079,0.68628067,0.69375765,0.6900431,0.6818705,0.68107045,19402,27807.423303842545,0.6735573,0.68672854,0.6735704,0.6716042,27.695814497714633,0.0,0.0
115961,1279170,-0.069108605,-0.0006556332,-0.0034944492,-0.0053025875,10,0.0,183227,2274110,0.7251926,0.6778261,0.68717283,0.6865154,0.656084,0.6771705,0.6836784,0.68121284,19411,27818.646333932877,0.656084,0.667183,0.67468864,0.67177695,9.404557942699137,0.0,0.0
116013,1279690,0.008761346,-0.013558072,-0.00724074,-0.005556253,10,0.0,183313,2274970,0.68151146,0.69053733,0.68873,0.68659276,0.6902728,0.6769792,0.6814892,0.68103653,19419,27828.791105747223,0.67716014,0.66690344,0.6718691,0.6716531,8.806809938081736,0.0,0.0
116063,1280190,-0.029392838,-0.011236018,-0.009928447,-0.0060144933,10,0.0,183396,2275800,0.7207757,0.6949874,0.69101554,0.68706685,0.6913829,0.68375146,0.681087,0.6810523,19427,27838.809234142303,0.6905963,0.6717059,0.6715992,0.67181,10.899267302177305,0.0,0.0
116116,1280720,-0.057457507,-0.0026085675,-0.007968631,-0.006078642,10,0.0,183485,2276690,0.7229531,0.6862093,0.68898416,0.68713963,0.6654956,0.6836008,0.6810155,0.681061,19435,27848.867578029633,0.6654956,0.67021215,0.6707469,0.67158884,10.582900443167837,0.0,0.0
116167,1281230,-0.020275831,-0.001900065,-0.0063469745,-0.006077447,10,0.0,183575,2277590,0.6783817,0.6796789,0.68645555,0.6871805,0.65810585,0.67777884,0.68010855,0.68110305,19443,27858.896659612656,0.65810585,0.66376865,0.6697883,0.6716072,26.525947250456614,0.0,0.0
116224,1281800,0.0005527735,-0.006804985,-0.007429783,-0.006147473,10,0.0,183674,2278580,0.67809296,0.6875196,0.6875814,0.6871223,0.67864573,0.68071455,0.6801516,0.68097484,19452,27870.25510621071,0.67809296,0.66811126,0.671844,0.67153627,9.233683992695484,0.0,0.0
116279,1282350,0.0,-0.00816601,-0.0077245953,-0.0062724072,10,0.0,183763,2279470,0.6764629,0.6855139,0.6922946,0.6877332,0.6764629,0.67734796,0.6845701,0.6814607,19460,27880.382563114166,0.6764629,0.667349,0.6748862,0.67194843,10.398387548622697,0.0,0.0
116329,1282850,0.0,-0.0033804595,-0.005380937,-0.006205883,10,0.0,183855,2280390,0.6674859,0.6873301,0.6921352,0.6879445,0.6674859,0.6839496,0.6867544,0.6817385,19468,27890.779810667038,0.6674859,0.6687073,0.6755804,0.6720451,10.502372127112059,0.0,0.0
116377,1283330,-0.06465542,-0.010743034,-0.005054819,-0.006169319,10,0.0,183944,2281280,0.7224502,0.7011498,0.6914123,0.6878745,0.6577948,0.69040674,0.68635744,0.6817052,19476,27901.079480409622,0.6577948,0.68532884,0.6757102,0.6721151,8.815467017746515,0.0,0.0
116430,1283860,-0.008381605,-0.0025994002,-0.007321203,-0.006458483,10,0.0,184033,2282170,0.69646895,0.69239813,0.69063616,0.68812025,0.68808734,0.6897987,0.6833149,0.6816617,19484,27911.11040687561,0.68012595,0.67328465,0.6723908,0.672072,10.318200167923056,0.0,0.0
116481,1284370,-0.007574439,-0.0063124835,-0.008480385,-0.006472015,10,0.0,184122,2283060,0.7085446,0.6837026,0.6900465,0.6883299,0.7009702,0.6773901,0.6815659,0.6818579,19492,27921.205483675003,0.68588823,0.6629766,0.6703949,0.6721359,10.753037500102549,0.0,0.0
116532,1284880,-0.021868825,-0.010075742,-0.007597853,-0.006469844,10,0.0,184210,2283940,0.67835987,0.6775171,0.6874735,0.68819296,0.65649104,0.66869783,0.6799918,0.6817439,19500,27931.254374980927,0.65649104,0.6601019,0.6701259,0.672083,10.249719216170803,0.0,0.0
116582,1285380,-0.004859686,-0.004969275,-0.006838373,-0.006414865,10,0.0,184306,2284900,0.67853206,0.69113004,0.6868383,0.68851316,0.6736724,0.68616074,0.68,0.6820984,19508,27941.343262910843,0.6736724,0.67324275,0.6714507,0.6724802,8.359576861475468,0.0,0.0
116631,1285870,-0.04574728,-0.0025209666,-0.005557812,-0.0062778955,10,0.0,184389,2285730,0.7110831,0.68576396,0.6882734,0.6884357,0.66533583,0.6832429,0.68271554,0.6821577,19516,27951.503284215927,0.66533583,0.67554456,0.6729033,0.67237234,9.34300325711712,0.0,0.0
116683,1286390,0.0034942627,-0.010613429,-0.006477131,-0.00636999,10,0.0,184487,2286710,0.68408746,0.69126976,0.6888992,0.68862975,0.6875817,0.6806563,0.68242216,0.68225974,19524,27961.777050971985,0.68408746,0.6666304,0.6703957,0.67227095,9.231054326121352,0.0,0.0
116739,1286950,-0.00010883808,-0.012567645,-0.00482956,-0.006381748,10,0.0,184567,2287510,0.67484,0.6998231,0.6880357,0.68872255,0.67473114,0.68725544,0.6832062,0.6823408,19532,27971.861926555634,0.67473114,0.6781615,0.67239934,0.67251146,10.806947894910694,0.0,0.0
116787,1287430,-0.01563108,-0.007310927,-0.0038991016,-0.0063038426,10,0.0,184655,2288390,0.69216466,0.68223774,0.68474746,0.68831795,0.6765336,0.6749269,0.68084836,0.68201417,19540,27981.928840637207,0.6625375,0.66964865,0.6715835,0.6722135,11.523218398888751,0.0,0.0
116847,1288030,-0.000108897686,0.00061344507,-0.004035096,-0.0061255745,10,0.0,184754,2289380,0.67413336,0.68908846,0.6844809,0.6884836,0.67402446,0.6897019,0.6804458,0.682358,19549,27993.303468942642,0.67402446,0.67856914,0.66923,0.6723015,6.967150455954821,0.0,0.0
116899,1288550,-0.02320981,-0.004776621,-0.0024289184,-0.0061361403,10,0.0,184848,2290320,0.6767624,0.69428265,0.6886806,0.6887134,0.6535526,0.6904603,0.6865567,0.6825962,19557,28003.573867321014,0.6535526,0.67906606,0.6748383,0.67252266,11.059397103512831,0.0,0.0
116948,1289040,-0.058716297,-0.0063263597,-0.0032139134,-0.006026537,10,0.0,184945,2291290,0.7253779,0.6902124,0.6888633,0.6884103,0.6666616,0.68388605,0.68564934,0.6823838,19565,28013.720219135284,0.6603468,0.6719403,0.6755395,0.67220926,10.889202219948539,0.0,0.0
116996,1289520,-0.045293868,-0.00800513,-0.004825271,-0.0060159652,10,0.0,185026,2292100,0.72443384,0.69122684,0.68752474,0.6885339,0.67914,0.6832217,0.6826995,0.6825179,19573,28023.893574476242,0.6689664,0.6820723,0.67433596,0.672549,9.000772113277044,0.0,0.0
117050,1290060,0.0069549084,-0.0016002118,-0.0054256637,-0.0056832302,10,0.0,185115,2292990,0.6881319,0.68513566,0.6882456,0.688368,0.69508684,0.68353546,0.6828201,0.6826849,19581,28033.83753299713,0.6609414,0.6746117,0.6770039,0.672823,25.088986470036865,0.0,0.0
117109,1290650,-0.0015591383,-0.011550593,-0.0059848605,-0.005714054,10,0.0,185226,2294100,0.7035856,0.69899535,0.6889567,0.68849766,0.7020265,0.6874448,0.6829717,0.6827836,19590,28045.044640779495,0.66409975,0.6687237,0.6742701,0.67292213,10.29712945970994,0.0,0.0
117158,1291140,-0.0053317547,-0.009108382,-0.007133432,-0.005650022,10,0.0,185306,2294900,0.7025658,0.6950506,0.6888697,0.68843955,0.69723403,0.6859422,0.6817363,0.68278956,19598,28055.283360242844,0.68324506,0.67816126,0.6711499,0.672865,11.832005596804406,0.0,0.0
117211,1291670,0.012612462,-0.0049233497,-0.0049479483,-0.0055046333,10,0.0,185394,2295780,0.6857798,0.6812876,0.6849927,0.6882279,0.6983923,0.67636424,0.6800449,0.68272334,19606,28065.20201086998,0.6731279,0.67047787,0.6707853,0.6728027,33.481682999179384,0.0,0.0
117262,1292180,-0.004914403,-0.005791676,-0.005502158,-0.0054185046,10,0.0,185484,2296680,0.68142635,0.69240034,0.68514633,0.687801,0.67651194,0.6866087,0.6796442,0.68238246,19614,28075.3100605011,0.6744243,0.6717586,0.67002696,0.6724419,23.21929907600088,0.0,0.0
117320,1292760,-0.023250341,-0.009640783,-0.0075110453,-0.0056767007,10,0.0,185585,2297690,0.68009734,0.6907738,0.6884837,0.6877513,0.656847,0.681133,0.6809727,0.68207467,19623,28086.479608297348,0.656847,0.6708866,0.67044586,0.6721968,10.953393216596139,0.0,0.0
117370,1293260,0.037923813,-0.0059836684,-0.0061609107,-0.0056487005,10,0.0,185684,2298680,0.6772963,0.67638075,0.68773806,0.6876265,0.7152201,0.670397,0.68157715,0.6819778,19631,28096.6561293602,0.6764135,0.6635253,0.6733278,0.6723285,8.659542572275823,0.0,0.0
117423,1293790,-0.06587511,-0.00022694468,-0.004479796,-0.005357055,10,0.0,185773,2299570,0.72413063,0.6872681,0.6896088,0.6876563,0.6582555,0.687041,0.6851291,0.68229926,19639,28106.61449933052,0.6582555,0.6772417,0.6774805,0.67277783,34.47913481235963,0.0,0.0
117481,1294370,-0.01159966,-0.006359756,-0.006794489,-0.005391339,10,0.0,185865,2300490,0.7254072,0.68883234,0.6895239,0.68743795,0.7138075,0.6824726,0.68272936,0.68204665,19648,28117.774917840958,0.66334826,0.67188966,0.67516893,0.67271614,11.311258471030417,0.0,0.0
117530,1294860,-0.050591588,-0.012838602,-0.008076708,-0.0054236604,10,0.0,185957,2301410,0.7190037,0.7056936,0.68937826,0.68780005,0.6684121,0.692855,0.6813016,0.6823764,19656,28127.702830076218,0.66231,0.69147027,0.672432,0.6730236,31.798469629507206,0.0,0.0
117582,1295380,-0.013358891,-0.008694107,-0.008968277,-0.005562915,10,0.0,186041,2302250,0.6769803,0.6964608,0.6919618,0.68789685,0.6636214,0.6877667,0.68299353,0.682334,19664,28137.916041612625,0.66121185,0.6727184,0.67421997,0.6729623,30.44199384236632,0.0,0.0
117629,1295850,-0.054708242,-0.00462724,-0.0073768133,-0.005594714,10,0.0,186132,2303160,0.72396016,0.6907257,0.68963987,0.6879341,0.6692519,0.68609846,0.682263,0.6823394,19672,28148.496987581253,0.6659964,0.6784213,0.67425364,0.6731608,11.339459730397795,0.0,0.0
117686,1296420,0.0,-0.010688901,-0.0050553763,-0.0054394174,10,0.0,186218,2304020,0.70449084,0.6912444,0.6891008,0.6879282,0.70449084,0.68055546,0.6840453,0.6824888,19680,28158.482226848602,0.70449084,0.6715409,0.67565835,0.6734867,9.727641150737822,0.0,0.0
117733,1296890,-0.02600944,-0.0057033123,-0.0061956174,-0.00570628,10,0.0,186307,2304910,0.68355685,0.6867036,0.68785304,0.6878957,0.6575474,0.6810003,0.6816573,0.68218935,19688,28168.7960562706,0.6575474,0.6733664,0.6739494,0.67334867,10.481132579965944,0.0,0.0
117785,1297410,-0.0049877763,-0.004823363,-0.0060669333,-0.0057325694,10,0.0,186395,2305790,0.6960452,0.6845053,0.68434095,0.6879823,0.69105744,0.6796819,0.6782741,0.6822498,19696,28178.73886990547,0.66311014,0.6707796,0.6705481,0.67343956,22.550409469410226,0.0,0.0
117839,1297950,0.0019423366,-0.009252918,-0.0058733947,-0.0059467405,10,0.0,186483,2306670,0.68246824,0.7023419,0.68808156,0.6882827,0.6844106,0.693089,0.682208,0.682336,19704,28188.987409591675,0.6651143,0.6821734,0.6714371,0.6735777,24.58093539093396,0.0,0.0
117892,1298480,-0.017023861,-0.0014658391,-0.006566995,-0.006075162,10,0.0,186587,2307710,0.72180516,0.67462426,0.68695265,0.6877671,0.7047813,0.67315847,0.6803856,0.6816919,19713,28200.412809610367,0.6665305,0.6637123,0.67011285,0.67296875,9.275077214839136,0.0,0.0
117946,1299020,-0.032895923,-0.009279502,-0.0061808582,-0.0062476834,10,0.0,186673,2308570,0.69049305,0.6811298,0.6840243,0.6877489,0.6575971,0.6718503,0.6778436,0.6815012,19721,28210.415325641632,0.65662265,0.6596072,0.6689742,0.672857,23.284872036862264,0.0,0.0
118000,1299560,-0.0070568323,0.0037930547,-0.0048879124,-0.0060903784,10,0.0,186783,2309670,0.71708727,0.68464154,0.6868381,0.6876853,0.71003044,0.6884346,0.6819502,0.68159497,19730,28221.83476948738,0.6762404,0.67328596,0.6709274,0.6726095,8.054831876693571,0.0,0.0
118056,1300120,-0.0011168718,-0.011177337,-0.004971608,-0.006150736,10,0.0,186861,2310450,0.67443085,0.6885774,0.68889517,0.6876974,0.673314,0.67740005,0.68392366,0.6815466,19738,28232.025510311127,0.673314,0.66849,0.67366046,0.672407,10.284351264829578,0.0,0.0
118109,1300650,-0.002084434,-0.002457112,-0.005852195,-0.0060135834,10,0.0,186952,2311360,0.69708055,0.67955315,0.68826246,0.68758357,0.6949961,0.6772582,0.6826695,0.68159634,19746,28242.11713862419,0.6762968,0.66923827,0.67472386,0.6726289,11.362089562751084,0.0,0.0
118160,1301160,-0.015504181,-0.0065660058,-0.0066734534,-0.0061800587,10,0.0,187050,2312340,0.7001888,0.68063056,0.68639,0.6874965,0.68468463,0.6740645,0.67971647,0.68131644,19755,28253.426130771637,0.6602884,0.6671201,0.6718068,0.6725343,9.018720767615118,0.0,0.0
118212,1301680,-0.03830844,-0.009429926,-0.0059308372,-0.006164989,10,0.0,187144,2313280,0.70020884,0.6851294,0.6845916,0.6876423,0.6619004,0.6756994,0.6786608,0.6814773,19763,28263.735979795456,0.6619004,0.66512847,0.6694014,0.67251515,8.57538503121079,0.0,0.0
118264,1302200,-0.00498873,-0.009513944,-0.0046540624,-0.006135005,10,0.0,187228,2314120,0.6950033,0.68758404,0.68586713,0.6875835,0.69001454,0.67807007,0.6812131,0.68144846,19771,28273.85150027275,0.673077,0.6714751,0.66975886,0.6724741,10.79238515266876,0.0,0.0
118314,1302700,-0.015115261,-0.0013014853,-0.0027591884,-0.0058008106,10,0.0,187319,2315030,0.67605805,0.6770876,0.68387556,0.6872943,0.6609428,0.67578614,0.68111646,0.6814935,19779,28283.968652009964,0.6609428,0.6725893,0.67054474,0.67254686,9.018517152754738,0.0,0.0
118368,1303240,0.020081282,-0.0054184375,-0.005227694,-0.0060157254,10,0.0,187405,2315890,0.6938943,0.67952687,0.68654394,0.687373,0.7139756,0.6741084,0.6813162,0.6813573,19787,28294.055894613266,0.68422407,0.6660049,0.6730647,0.67238265,10.746995274380831,0.0,0.0
118420,1303760,-0.0014363527,-0.0105866315,-0.0074955905,-0.0060282797,10,0.0,187499,2316830,0.6994686,0.69885314,0.6904361,0.6873533,0.69803226,0.68826646,0.6830346,0.6813296,19795,28304.129985809326,0.69803226,0.67954195,0.6727361,0.6721082,8.50166483936687,0.0,0.0
118472,1304280,2.938509e-05,-0.007906949,-0.0070282877,-0.006154846,10,0.0,187587,2317710,0.6808688,0.69686705,0.69086266,0.68777317,0.6808982,0.6889601,0.6838344,0.6816184,19803,28314.20185804367,0.67778957,0.6778761,0.67317986,0.67221504,10.361351255475505,0.0,0.0
118521,1304770,0.007016957,-0.0053115427,-0.0068863956,-0.0059925904,10,0.0,187671,2318550,0.6758716,0.68612224,0.69074434,0.68767583,0.68288857,0.68081063,0.68385786,0.68168336,19811,28324.435922384262,0.65627533,0.673818,0.67353576,0.6723209,11.113691929272864,0.0,0.0
118575,1305310,0.03826326,-0.005097711,-0.0054599894,-0.005812647,10,0.0,187758,2319420,0.67751324,0.6887885,0.6894378,0.6875532,0.7157765,0.6794199,0.68377256,0.6816831,19819,28334.505923509598,0.67751324,0.67256033,0.67384994,0.6721832,9.863893312111273,0.0,0.0
118624,1305800,-0.009525597,-0.003154081,-0.0053484607,-0.0056950646,10,0.0,187847,2320310,0.7249984,0.68978155,0.6907043,0.6876345,0.7154728,0.6866275,0.68535584,0.6819395,19827,28344.635850906372,0.6823369,0.6736711,0.67391694,0.67215073,9.307180144346253,0.0,0.0
118675,1306310,0.01112628,-0.0008930683,-0.0045369077,-0.0057126763,10,0.0,187936,2321200,0.678053,0.6759075,0.6878831,0.68732804,0.6891793,0.67501444,0.6833461,0.68161535,19835,28354.709484815598,0.668247,0.66684806,0.6728159,0.6718786,8.714000996822758,0.0,0.0
118729,1306850,-0.017076671,-0.007288903,-0.0032893938,-0.005445853,10,0.0,188024,2322080,0.7113401,0.6846411,0.6819756,0.68708307,0.69426346,0.6788407,0.6786878,0.68166524,19843,28364.768789052963,0.6591404,0.66781414,0.6686884,0.67166215,10.93175938528036,0.0,0.0
118777,1307330,-0.031062484,-0.010641766,-0.00458771,-0.005451891,10,0.0,188120,2323040,0.6903845,0.70119244,0.68276054,0.6870436,0.659322,0.6946188,0.6784835,0.6816028,19851,28374.857090473175,0.659322,0.68293554,0.6686601,0.67163557,8.385792051029265,0.0,0.0
118826,1307820,-0.02774012,-0.00048124194,-0.005799875,-0.0054612407,10,0.0,188205,2323890,0.6992054,0.6824826,0.68633896,0.68712515,0.6714653,0.6820013,0.6805392,0.6816638,19859,28385.18129467964,0.6714653,0.67209417,0.67137855,0.67174476,8.256107383818572,0.0,0.0
118882,1308380,-0.03596866,-0.0060640275,-0.0062983125,-0.0053391694,10,0.0,188293,2324770,0.7023893,0.67932785,0.68628716,0.68696856,0.66642064,0.6732637,0.67998886,0.6816294,19867,28395.339766979218,0.66642064,0.66282034,0.6692298,0.6716254,9.260204363240405,0.0,0.0
118936,1308920,-0.041966915,-0.0068957983,-0.004823121,-0.005225949,10,0.0,188381,2325650,0.7014872,0.6832011,0.68296915,0.6867585,0.65952027,0.67630523,0.6781461,0.6815326,19875,28405.33594918251,0.65952027,0.6653543,0.66751456,0.671414,51.619534744050156,0.0,0.0
118989,1309450,-0.059003353,-0.0069573643,-0.0052694064,-0.0053323167,10,0.0,188478,2326620,0.7239803,0.70002353,0.68557376,0.68683755,0.66497695,0.6930662,0.68030435,0.68150526,19884,28416.5462911129,0.655102,0.6812552,0.6710963,0.6716027,8.507517573119491,0.0,0.0
119038,1309940,-0.039752305,-0.013474351,-0.0053848755,-0.005404719,10,0.0,188568,2327520,0.7223209,0.69818056,0.6897949,0.68695897,0.6825686,0.6847062,0.6844099,0.68155426,19892,28426.499994277954,0.6792024,0.6799558,0.675012,0.6716399,26.802411403171323,0.0,0.0
119096,1310520,-0.017304957,-0.0034881711,-0.0054657846,-0.005336342,10,0.0,188675,2328590,0.70218265,0.69415116,0.68683374,0.68667763,0.6848777,0.690663,0.6813681,0.68134123,19901,28437.77809882164,0.6721378,0.6770247,0.672823,0.6714419,9.4160306517401,0.0,0.0
119150,1311060,-0.013893008,-0.00018879175,-0.004695112,-0.0052211755,10,0.0,188756,2329400,0.6995739,0.6855496,0.6826286,0.6865543,0.68568087,0.6853608,0.6779336,0.6813331,19909,28447.788046598434,0.68231034,0.6711835,0.6688187,0.67131984,9.868590674928326,0.0,0.0
119197,1311530,-0.018765032,-0.004614079,-0.0039756345,-0.0050509456,10,0.0,188847,2330310,0.6784957,0.6833922,0.684021,0.68658775,0.6597307,0.6787782,0.6800453,0.68153673,19917,28458.071676015854,0.6597307,0.66861486,0.66895235,0.67136395,9.536069946118516,0.0,0.0
119255,1312110,-0.017120957,-0.00080185535,-0.003431815,-0.0050727264,10,0.0,188934,2331180,0.709544,0.6825929,0.6842568,0.6864959,0.69242305,0.68179107,0.6808251,0.6814231,19925,28468.08062696457,0.6601926,0.6651715,0.66892296,0.67126775,11.80115510135062,0.0,0.0
119300,1312560,-0.062061608,-0.0042265235,-0.0035593747,-0.0051196935,10,0.0,189029,2332130,0.7244442,0.6907317,0.68466294,0.686672,0.6623826,0.6865052,0.6811036,0.68155223,19933,28478.35146665573,0.6623826,0.6729108,0.67038727,0.67143625,9.801390182261331,0.0,0.0
119353,1313090,-0.020891666,-0.0012854934,-0.0035893952,-0.0048875627,10,0.0,189116,2333000,0.6775383,0.6851797,0.6873011,0.6865819,0.6566466,0.6838943,0.68371177,0.6816944,19941,28488.729541301727,0.6566466,0.673395,0.6739758,0.6714576,9.641832127961793,0.0,0.0
119407,1313630,-0.017872572,0.0052491366,-0.005322557,-0.0050369618,10,0.0,189204,2333880,0.68043745,0.6817674,0.68693346,0.6865852,0.6625649,0.68701655,0.681611,0.68154824,19949,28498.96268105507,0.6625649,0.6683871,0.6729129,0.6715941,10.130019055807674,0.0,0.0
119457,1314130,-0.058199227,0.0062164366,-0.007350644,-0.0049459534,10,0.0,189294,2334780,0.72399795,0.67041296,0.6882561,0.6864292,0.6657987,0.6766294,0.68090546,0.68148327,19957,28509.083879232407,0.663489,0.6628954,0.6721663,0.67152375,11.26392547549307,0.0,0.0
119509,1314650,0.010015607,-0.005059582,-0.0049582636,-0.0049444246,10,0.0,189388,2335720,0.68061364,0.68461883,0.68684405,0.68615985,0.69062924,0.6795593,0.6818858,0.6812154,19965,28519.35672354698,0.6683527,0.6670417,0.6718731,0.6713488,11.833587912897112,0.0,0.0
119562,1315180,-0.0077285767,-0.0098720845,-0.0065328125,-0.0051108436,10,0.0,189473,2336570,0.7103986,0.68574375,0.68606454,0.68607676,0.70267004,0.67587173,0.6795317,0.68096596,19973,28529.445322990417,0.6816144,0.66956455,0.6711481,0.67118615,10.04004716613039,0.0,0.0
119608,1315640,-0.044747412,-0.008202779,-0.0073312246,-0.005104081,10,0.0,189562,2337460,0.7033681,0.6804015,0.68661386,0.68574315,0.6586207,0.6721987,0.67928267,0.680639,19981,28539.822917699814,0.6586207,0.6630026,0.67031443,0.6709691,10.471016808333866,0.0,0.0
119662,1316180,-0.017932773,-0.002429253,-0.006690351,-0.0053291377,10,0.0,189651,2338350,0.67821515,0.6892199,0.6890635,0.6859884,0.6602824,0.6867906,0.68237305,0.6806593,19989,28549.86142349243,0.6590883,0.6734563,0.6721782,0.6709465,9.939080741950496,0.0,0.0
119711,1316670,-0.017145216,-0.0019622326,-0.0065938253,-0.005512736,10,0.0,189743,2339270,0.70856416,0.6810498,0.6900134,0.6864699,0.69141895,0.67908764,0.6834197,0.68095714,19997,28559.939990997314,0.66039544,0.6726385,0.6747728,0.6713924,9.416751532524728,0.0,0.0
119760,1317160,-0.022538006,-0.008299226,-0.0055661434,-0.0054991557,10,0.0,189825,2340090,0.6772004,0.6817907,0.68645346,0.686596,0.6546624,0.6734914,0.6808874,0.68109673,20005,28570.05930662155,0.6546624,0.6651333,0.6725396,0.67153883,8.706206946941652,0.0,0.0
119812,1317680,0.02695477,-0.0026566447,-0.0071633537,-0.005527173,10,0.0,189914,2340980,0.68534833,0.68128294,0.6861907,0.6863706,0.7123031,0.67862636,0.6790273,0.6808435,20013,28580.164770126343,0.6816545,0.67164665,0.6707534,0.6713936,9.54394012829002,0.0,0.0
119864,1318200,-0.017786264,-0.0115003465,-0.0076061715,-0.0055717295,10,0.0,190000,2341840,0.68365514,0.6978997,0.6876621,0.68641466,0.6658689,0.6863994,0.6800559,0.680843,20021,28590.168905973434,0.6658689,0.6768502,0.6727488,0.6715866,38.542759237324034,0.0,0.0
119917,1318730,0.015830874,-0.0032252432,-0.005065896,-0.0056138835,10,0.0,190089,2342730,0.68912965,0.68177074,0.6836708,0.68647414,0.7049605,0.6785456,0.67860484,0.6808602,20029,28600.20307970047,0.66598713,0.67051804,0.6727864,0.67186594,23.525178080655113,0.0,0.0
119974,1319300,0.01265341,-0.0046839355,-0.004667722,-0.005642308,10,0.0,190190,2343740,0.6762485,0.68204147,0.68501973,0.6866647,0.6889019,0.67735755,0.680352,0.6810224,20038,28611.47170305252,0.6762485,0.6660934,0.6700547,0.67178535,10.463425817592348,0.0,0.0
120025,1319810,-0.0011388063,-0.012085283,-0.005137218,-0.0056280345,10,0.0,190286,2344700,0.6614772,0.7014112,0.6887515,0.6866201,0.6603384,0.68932587,0.68361425,0.6809921,20046,28621.668432950974,0.6603384,0.6815346,0.6727253,0.6718557,10.736241891448438,0.0,0.0
120078,1320340,-0.04604876,-0.0017803132,-0.0032433951,-0.005526591,10,0.0,190366,2345500,0.71304727,0.68420666,0.6867865,0.68662995,0.6669985,0.68242633,0.68354315,0.68110335,20054,28631.66187977791,0.6669985,0.6752607,0.67412317,0.67180103,8.267684841508103,0.0,0.0
120129,1320850,-0.012814105,-0.010807049,-0.0030064767,-0.00537496,10,0.0,190455,2346390,0.7216976,0.68876255,0.68776274,0.686905,0.7088835,0.6792369,0.6848281,0.68154407,20062,28641.674062013626,0.68040407,0.6716899,0.67463785,0.67223144,8.214572425675161,0.0,0.0
120182,1321380,-0.019417286,-0.010324037,-0.005109331,-0.005520879,10,0.0,190545,2347290,0.6765585,0.68931997,0.6899119,0.6871,0.6571412,0.6789959,0.6848025,0.6815791,20070,28651.71817469597,0.6571412,0.6704316,0.67588663,0.67249596,11.372120098670528,0.0,0.0
120232,1321880,-0.03535205,-0.0062727034,-0.008068577,-0.005780686,10,0.0,190633,2348170,0.6962125,0.6859718,0.6912945,0.68754685,0.6608604,0.67969906,0.6832259,0.68176615,20078,28661.69406104088,0.6608604,0.66887873,0.6747222,0.6727041,11.805031269525863,0.0,0.0
120281,1322370,-0.01765132,-0.0082989875,-0.009074932,-0.0060331584,10,0.0,190725,2349090,0.6887459,0.6865412,0.69082665,0.68769896,0.6710946,0.67824215,0.6817517,0.68166584,20086,28671.633234024048,0.6710946,0.6710546,0.6744786,0.672911,32.83425850759775,0.0,0.0
120336,1322920,0.036135077,-0.013862145,-0.008592265,-0.006333541,10,0.0,190815,2349990,0.67390466,0.691902,0.6877054,0.68772966,0.71003973,0.67803985,0.6791131,0.6813962,20094,28681.76397418976,0.67355573,0.672244,0.6727756,0.67283815,10.647381934068187,0.0,0.0
120384,1323400,0.01402396,-0.0038818538,-0.0072043394,-0.0062226513,10,0.0,190904,2350880,0.6823826,0.6939095,0.68920016,0.68781567,0.69640654,0.6900276,0.68199575,0.681593,20102,28691.73971748352,0.6667419,0.6831578,0.6748468,0.67299294,26.355981035625753,0.0,0.0
120437,1323930,-0.01805836,-0.0070902347,-0.0061117127,-0.0060893707,10,0.0,190988,2351720,0.7251685,0.6932697,0.68805575,0.6875849,0.70711017,0.6861795,0.68194395,0.6814955,20110,28701.7871465683,0.6581045,0.6825535,0.67425376,0.6728586,34.408110997082005,0.0,0.0
120492,1324480,-0.0030074716,-0.006370568,-0.005933229,-0.0062508783,10,0.0,191086,2352700,0.6762983,0.6798428,0.6858196,0.6876828,0.67329085,0.6734723,0.67988634,0.6814319,20119,28713.02487397194,0.67329085,0.6684771,0.6706978,0.67295665,8.282165607610983,0.0,0.0
120545,1325010,-0.016970456,-0.0017597914,-0.005641152,-0.0060802256,10,0.0,191180,2353640,0.715684,0.6879748,0.6879258,0.6878604,0.69871354,0.686215,0.6822847,0.6817802,20127,28723.025300979614,0.65995884,0.676093,0.6732936,0.6731909,9.092626423112934,0.0,0.0
120593,1325490,-0.043055058,-0.0038166225,-0.0031430465,-0.0058847214,10,0.0,191263,2354470,0.7008444,0.68586934,0.6865652,0.6876039,0.65778935,0.68205273,0.68342227,0.68171924,20135,28732.99488925934,0.65778935,0.67047054,0.67366195,0.6731415,26.646354053173223,0.0,0.0
120654,1326100,-0.008874595,-0.0021499873,-0.005197702,-0.0058194567,10,0.0,191371,2355550,0.6761825,0.68118465,0.6861651,0.6875743,0.6673079,0.6799221,0.6808809,0.6818053,20144,28744.27061343193,0.65619785,0.66951525,0.6727016,0.67333776,8.064785878533591,0.0,0.0
120704,1326600,-0.010327816,-0.0026169003,-0.00429779,-0.0056820977,10,0.0,191445,2356290,0.6846128,0.6787394,0.68609107,0.687223,0.674285,0.67612255,0.6817934,0.6815409,20152,28754.34867310524,0.6704976,0.6692927,0.67315274,0.6730276,8.443126959402253,0.0,0.0
120756,1327120,-0.03791225,-0.012485367,-0.0054101585,-0.0058401125,10,0.0,191535,2357190,0.7163164,0.70097625,0.6865635,0.6875411,0.67840415,0.68849087,0.68115324,0.68170106,20160,28764.86069750786,0.67840415,0.68392324,0.6725244,0.67323923,9.9627930663606,0.0,0.0
120806,1327620,-0.03604591,-0.0003088653,-0.0062135104,-0.005628062,10,0.0,191623,2358070,0.7008814,0.6846654,0.6877349,0.6873898,0.6648355,0.6843566,0.68152153,0.6817616,20168,28774.924023866653,0.6648355,0.6742651,0.67248595,0.6732173,10.80530529344299,0.0,0.0
120865,1328210,-0.018001258,-0.004697025,-0.0032251263,-0.00552606,10,0.0,191733,2359170,0.67735523,0.6922779,0.68350977,0.68724245,0.659354,0.6875809,0.68028456,0.68171644,20177,28786.1697409153,0.6582372,0.67995137,0.67080885,0.67309624,8.67583361809407,0.0,0.0
120916,1328720,0.01135689,0.0011983573,-0.003174175,-0.005445571,10,0.0,191815,2359990,0.7031305,0.6808558,0.68486,0.68746024,0.7144874,0.6820542,0.6816856,0.68201464,20185,28796.540722370148,0.68098444,0.6679474,0.6723234,0.67309433,11.12373395145057,0.0,0.0
120970,1329260,-0.01710689,-0.0073681115,-0.0056475173,-0.0055087525,10,0.0,191909,2360930,0.71011156,0.6783613,0.688019,0.68737,0.69300467,0.6699904,0.6825905,0.6818455,20193,28806.717178821564,0.6707837,0.66248095,0.6724835,0.67316616,11.548572213682112,0.0,0.0
121019,1329750,-0.01397115,-0.016458709,-0.006092219,-0.005587425,10,0.0,192000,2361840,0.72334397,0.69428134,0.6850982,0.6872899,0.7093728,0.67782265,0.6790061,0.6817024,20201,28817.02149772644,0.6889465,0.6658074,0.6688061,0.6728833,10.997215761323702,0.0,0.0
121067,1330230,0.01801145,0.0056290985,-0.006889765,-0.00589199,10,0.0,192084,2362680,0.6767794,0.67960215,0.687128,0.6873938,0.69479084,0.6852313,0.68023825,0.68150175,20209,28827.13792490959,0.659949,0.66181326,0.66838974,0.6726475,11.066700932079023,0.0,0.0
121119,1330750,-0.022451162,-0.0015234828,-0.0074535846,-0.0059860186,10,0.0,192173,2363570,0.6797187,0.6847342,0.68720055,0.68706715,0.6572675,0.6832108,0.6797469,0.6810811,20217,28837.699510335922,0.6572675,0.6735551,0.6687715,0.67220813,9.391443210628713,0.0,0.0
121175,1331310,-0.0631153,-0.00491243,-0.008152682,-0.006216154,10,0.0,192262,2364460,0.72501945,0.684494,0.6889006,0.6873226,0.66190416,0.6820141,0.68124384,0.68116957,20225,28847.78873348236,0.66190416,0.66753507,0.67061865,0.6720553,10.766778296939263,0.0,0.0
121224,1331800,-0.017799914,-0.0037130057,-0.0070163803,-0.0059437267,10,0.0,192349,2365330,0.68314326,0.6922283,0.6916311,0.6871341,0.66534334,0.68851537,0.68461466,0.68119043,20233,28857.872787714005,0.66534334,0.67543215,0.67470735,0.67214453,12.237596399828208,0.0,0.0
121272,1332280,0.0030998588,-0.010760302,-0.006630565,-0.005926441,10,0.0,192443,2366270,0.6762574,0.693925,0.6911452,0.6873332,0.67935723,0.6831647,0.6845147,0.68140686,20241,28868.0713262558,0.6762574,0.6715489,0.6749211,0.67208266,9.438888191262933,0.0,0.0
121326,1332820,-0.000109910965,-0.0049366294,-0.0031870585,-0.0054617333,10,0.0,192527,2367110,0.66807216,0.6923539,0.6884295,0.68732256,0.66796225,0.6874173,0.68524253,0.68186086,20249,28878.439744472504,0.66796225,0.6735046,0.6715251,0.6721272,10.284038583190714,0.0,0.0
121376,1333320,-0.025548398,-0.0022969723,-0.0019926834,-0.0053664064,10,0.0,192611,2367950,0.72399914,0.6838699,0.6843338,0.6870144,0.69845074,0.6815729,0.68234134,0.6816481,20257,28888.77107477188,0.67712164,0.6714458,0.6705252,0.67185724,8.74673611274756,0.0,0.0
121426,1333820,-0.04003495,-0.008962,-0.006014915,-0.005443492,10,0.0,192700,2368840,0.7246113,0.7018122,0.68647385,0.6871671,0.68457633,0.69285023,0.6804589,0.68172365,20265,28898.980630636215,0.68457633,0.6838141,0.6718849,0.6719806,8.753466488799548,0.0,0.0
121482,1334380,-0.017828941,-0.010387284,-0.008491932,-0.005657607,10,0.0,192788,2369720,0.68205947,0.68937194,0.6907566,0.68731576,0.6642305,0.67985284,0.682218,0.6816527,20273,28909.057112455368,0.6642305,0.6606233,0.67214066,0.6718417,11.15903181530241,0.0,0.0
121535,1334910,-0.045035124,-0.0030151487,-0.006311065,-0.005588398,10,0.0,192891,2370750,0.70979553,0.6789728,0.68644273,0.6869991,0.6647604,0.6759576,0.6801317,0.6814107,20282,28920.28897690773,0.6647604,0.6679585,0.671759,0.67164123,9.348184145434187,0.0,0.0
121586,1335420,-0.027413964,-0.009835112,-0.005303365,-0.0058355303,10,0.0,192976,2371600,0.6871497,0.68734014,0.685658,0.6874053,0.65973574,0.677505,0.6803547,0.68156976,20290,28930.32422018051,0.65842825,0.66706246,0.6713785,0.6717116,9.864088173006483,0.0,0.0
121639,1335950,-0.017742276,-0.010545355,-0.007849195,-0.0060050315,10,0.0,193071,2372550,0.68530583,0.68707526,0.6891185,0.68736184,0.66756356,0.67652994,0.6812693,0.6813567,20298,28940.35163140297,0.66756356,0.6680131,0.6711293,0.6714283,8.63957201583024,0.0,0.0
121693,1336490,0.0,-0.00865463,-0.006825064,-0.006050294,10,0.0,193152,2373360,0.65335923,0.67909634,0.6887022,0.6875688,0.65335923,0.6704417,0.6818558,0.6815095,20306,28950.367488622665,0.65335923,0.6647733,0.67242986,0.67161375,10.24033251079686,0.0,0.0
121740,1336960,-0.0042272806,-0.0032085716,-0.005048467,-0.005922809,10,0.0,193248,2374320,0.7199245,0.6790613,0.6863164,0.6874378,0.7156972,0.6758527,0.6812678,0.681515,20314,28960.58160185814,0.65826386,0.66628087,0.67226386,0.67152065,9.211820496286547,0.0,0.0
121795,1337510,0.002071023,-0.009650499,-0.0050298613,-0.005857616,10,0.0,193337,2375210,0.71152663,0.6992813,0.6875236,0.6876143,0.71359766,0.68963075,0.6824937,0.6817567,20322,28970.704314231873,0.7019942,0.6774473,0.6720477,0.671665,10.255719092886999,0.0,0.0
121845,1338010,-0.00010365248,-0.006429511,-0.0058165547,-0.0060460074,10,0.0,193415,2375990,0.7080944,0.699837,0.6912338,0.6880513,0.70799077,0.69340754,0.68541735,0.6820052,20330,28980.77469086647,0.70799077,0.68469894,0.6752104,0.67197925,10.64159552486614,0.0,0.0
121892,1338480,0.0071899295,0.00013212561,-0.004430379,-0.0059715924,10,0.0,193504,2376880,0.6828443,0.678801,0.6884425,0.6879623,0.6900342,0.6789332,0.68401206,0.6819907,20338,28990.9680621624,0.6828443,0.66836476,0.67472595,0.67182374,9.374105875913624,0.0,0.0
121946,1339020,-0.022427619,-0.008338248,-0.005269494,-0.0060869735,10,0.0,193591,2377750,0.6760622,0.6938862,0.6866866,0.68796337,0.6536346,0.68554795,0.6814171,0.6818764,20346,29001.099879980087,0.6536346,0.6782864,0.67318016,0.67200035,8.917383896380452,0.0,0.0
121995,1339510,0.002291143,-0.0012383104,-0.0065293564,-0.0061637964,10,0.0,193681,2378650,0.67849594,0.68429685,0.6881405,0.6883385,0.6807871,0.68305856,0.681611,0.6821747,20354,29011.197677135468,0.67849594,0.6696406,0.6732924,0.67227507,8.85588711230326,0.0,0.0
122051,1340070,-0.00044500828,0.001720059,-0.004832223,-0.005761618,10,0.0,193772,2379560,0.6934743,0.68157244,0.6889463,0.6881956,0.6930293,0.6832925,0.68411416,0.68243384,20362,29021.387575387955,0.68089724,0.67039937,0.6727982,0.6723953,10.48836898178422,0.0,0.0
122103,1340590,-0.00010943413,-0.011584109,-0.0055493186,-0.0058896695,10,0.0,193857,2380410,0.67104065,0.6932856,0.6886733,0.6884074,0.6709312,0.6817015,0.6831242,0.6825177,20370,29031.497617721558,0.6709312,0.6779559,0.6728153,0.6726632,12.118644312653386,0.0,0.0
122150,1341060,-0.03269273,-0.0070180297,-0.0063214274,-0.005711262,10,0.0,193942,2381260,0.72475964,0.68697184,0.6858289,0.6880167,0.6920669,0.67995375,0.6795075,0.68230546,20378,29041.567704439163,0.65648055,0.6752762,0.67173797,0.67264074,28.311274549509413,0.0,0.0
122203,1341590,0.021496832,-0.010632277,-0.0040612053,-0.0055229627,10,0.0,194032,2382160,0.6861207,0.69649,0.68444407,0.6877384,0.7076175,0.68179095,0.68010336,0.6822061,20386,29051.82933664322,0.66952515,0.67656535,0.671527,0.67244375,10.687646979531607,0.0,0.0
122252,1342080,-0.019394338,-0.00056716206,-0.0042944844,-0.0054618237,10,0.0,194117,2383010,0.6800494,0.6730941,0.6834153,0.6871946,0.6606551,0.67252696,0.6791207,0.6817327,20394,29061.943691015244,0.6606551,0.66185904,0.6691104,0.67204136,28.35890001947251,0.0,0.0
122305,1342610,-0.028440356,-0.0072739124,-0.003971513,-0.0055374783,10,0.0,194204,2383880,0.6828853,0.6853627,0.68400055,0.68713456,0.65444493,0.67808884,0.68002915,0.6815972,20402,29072.040858745575,0.65444493,0.6699786,0.66997796,0.6721402,21.255094847913437,0.0,0.0
122360,1343160,-0.011573076,-0.009851796,-0.005990909,-0.0057509798,10,0.0,194304,2384880,0.72397006,0.69539464,0.6875109,0.6873712,0.712397,0.6855429,0.6815201,0.6816202,20411,29083.487164258957,0.6809171,0.68051803,0.6735892,0.67224354,8.997756087096429,0.0,0.0
122416,1343720,0.0,0.0009898603,-0.007587611,-0.0058434345,10,0.0,194394,2385780,0.67240995,0.6848668,0.68914115,0.68756807,0.67240995,0.6858566,0.6815536,0.6817246,20419,29093.7888879776,0.67240995,0.66950595,0.6719899,0.6722822,10.827357722464907,0.0,0.0
122463,1344190,0.027412951,-0.0021195293,-0.0041758204,-0.005338433,10,0.0,194481,2386650,0.67658114,0.6836858,0.6866625,0.68701243,0.7039941,0.68156624,0.6824868,0.68167406,20427,29103.933099508286,0.66229475,0.6711941,0.6729109,0.6722132,28.637567799341262,0.0,0.0
122516,1344720,0.038442194,-0.00035672783,-0.0038718819,-0.0054017454,10,0.0,194569,2387530,0.6774276,0.68252265,0.6878517,0.6873921,0.7158698,0.6821659,0.68397975,0.6819904,20435,29114.20313000679,0.67368954,0.6739807,0.67531997,0.67257386,8.422429106319337,0.0,0.0
122565,1345210,-0.010851622,-0.0005935252,-0.004889686,-0.0054216157,10,0.0,194656,2388400,0.69530386,0.67938423,0.68799216,0.687299,0.68445224,0.67879075,0.6831025,0.6818773,20443,29124.33467054367,0.66018856,0.6687879,0.67366683,0.6723844,9.071701694580927,0.0,0.0
122615,1345710,-0.033565104,-0.006272721,-0.0046534585,-0.0051788143,10,0.0,194742,2389260,0.7197227,0.6940873,0.68627256,0.68723744,0.6861576,0.6878146,0.68161905,0.6820586,20451,29134.44869351387,0.68508136,0.68204564,0.67139566,0.672618,8.274110854002316,0.0,0.0
122673,1346290,0.0,-0.0048152804,-0.006634202,-0.0053312383,10,0.0,194829,2390130,0.6541471,0.6914679,0.6897127,0.6873807,0.6541471,0.68665254,0.6830786,0.68204945,20459,29144.57635498047,0.6541471,0.67669314,0.6724499,0.6725027,11.275792783477995,0.0,0.0
122717,1346730,-0.0090043545,-0.010675192,-0.007373346,-0.005448612,10,0.0,194918,2391020,0.67670214,0.68793565,0.6897626,0.68748033,0.6676978,0.67726046,0.6823893,0.68203175,20467,29154.806473255157,0.6676978,0.6714362,0.6725458,0.67254674,8.99860353683421,0.0,0.0
122771,1347270,0.0,-0.012787986,-0.007763652,-0.0056104073,10,0.0,195003,2391870,0.6830226,0.68437326,0.68745315,0.68743676,0.6830226,0.67158526,0.67968947,0.6818264,20475,29164.896820306778,0.6830226,0.66234636,0.67229813,0.67251474,12.112191073436604,0.0,0.0
122823,1347790,-0.012440801,-0.00035614969,-0.0065855323,-0.0056189136,10,0.0,195098,2392820,0.6784583,0.6778367,0.68691665,0.6872972,0.6660175,0.67748064,0.68033105,0.68167835,20483,29175.13485598564,0.6660175,0.66423345,0.6721193,0.6724892,8.546267839856098,0.0,0.0
122873,1348290,0.0031549335,-0.012010271,-0.006652144,-0.0057402924,10,0.0,195178,2393620,0.7130239,0.6960193,0.68905646,0.687285,0.71617883,0.68400896,0.68240446,0.6815447,20491,29185.226387500763,0.69005764,0.67980444,0.67346436,0.6723395,9.242082936063479,0.0,0.0
122917,1348730,0.0011633039,-0.012655163,-0.007609961,-0.0058331206,10,0.0,195256,2394400,0.6847171,0.6841587,0.6889706,0.68743616,0.6858804,0.67150354,0.68136084,0.6816031,20498,29194.976221323013,0.66338754,0.66606975,0.6734372,0.67242235,28.123474157312412,0.0,0.0
122970,1349260,-0.032686472,-0.00035921932,-0.0053915232,-0.0056048413,10,0.0,195342,2395260,0.6967981,0.68101275,0.6837772,0.68685186,0.6641116,0.6806536,0.6783857,0.68124706,20506,29205.101491451263,0.6641116,0.6726668,0.670463,0.6720038,31.293163006611824,0.0,0.0
123021,1349770,-0.024757028,-0.007928789,-0.0025285017,-0.0054680463,10,0.0,195431,2396150,0.6938538,0.6921653,0.6825054,0.68666655,0.66909677,0.68423647,0.67997694,0.6811985,20514,29215.235303640366,0.66909677,0.6807061,0.67007864,0.6720405,23.633236944061917,0.0,0.0
123078,1350340,-0.030276,-0.007039672,-0.0035594248,-0.0055654617,10,0.0,195532,2397160,0.7120259,0.68535006,0.68593055,0.686625,0.6817499,0.6783104,0.6823713,0.6810595,20523,29226.49233675003,0.6817499,0.66739404,0.67184126,0.6718974,9.354359564975748,0.0,0.0
123128,1350840,-0.044469357,-0.006321502,-0.00357729,-0.005338804,10,0.0,195625,2398090,0.72418046,0.68839836,0.68520975,0.6865677,0.6797111,0.6820768,0.68163246,0.68122894,20531,29236.631421089172,0.65587413,0.6746067,0.67180943,0.67198277,9.152365586282833,0.0,0.0
123181,1351370,-0.01671499,-0.013582444,-0.0045322543,-0.0054984936,10,0.0,195710,2398940,0.6782469,0.69211286,0.68783396,0.68700075,0.6615319,0.67853045,0.6833017,0.6815022,20539,29246.670470237732,0.6615319,0.6746577,0.6739159,0.67224026,9.722601416374188,0.0,0.0
123233,1351890,-0.032304704,-0.0067496775,-0.00725553,-0.00567391,10,0.0,195800,2399840,0.7179146,0.69396365,0.6892164,0.6871611,0.6856099,0.6872139,0.6819608,0.6814872,20547,29256.77316761017,0.6856099,0.6803204,0.67386144,0.6723949,10.756217009542182,0.0,0.0
123289,1352450,-0.017808437,-0.0019396723,-0.004388125,-0.0056175585,10,0.0,195897,2400810,0.68282765,0.67331576,0.6873535,0.68727505,0.6650192,0.6713761,0.68296534,0.6816575,20556,29268.096257209778,0.66038245,0.6660116,0.6751333,0.6726139,8.263770524199133,0.0,0.0
123340,1352960,-0.04547739,-0.007041776,-0.0056081843,-0.0056821927,10,0.0,195992,2401760,0.7249812,0.69987106,0.6899674,0.68746144,0.6795038,0.6928293,0.6843593,0.68177915,20564,29278.71242594719,0.6795038,0.6838318,0.67565256,0.6728484,8.984998025971489,0.0,0.0
123389,1353450,-0.049563587,-0.0063588857,-0.0061497693,-0.005523544,10,0.0,196080,2402640,0.7099575,0.6971865,0.6895544,0.6873381,0.6603939,0.6908276,0.68340456,0.68181455,20572,29288.76956629753,0.6603939,0.6865989,0.6752723,0.672854,10.58960163361927,0.0,0.0
123444,1354000,-0.017946005,0.0018311084,-0.0046748286,-0.0056450553,10,0.0,196163,2403470,0.6777072,0.6790637,0.68750936,0.687429,0.6597612,0.68089473,0.6828346,0.6817839,20580,29298.99780011177,0.6597612,0.6661712,0.6739888,0.6728507,10.756956314893868,0.0,0.0
123498,1354540,-0.031321585,-0.0077634812,-0.005356493,-0.005693451,10,0.0,196251,2404350,0.6883698,0.68216527,0.6860815,0.6871664,0.6570482,0.6744018,0.68072504,0.6814729,20588,29309.00338125229,0.6570482,0.6665052,0.6710085,0.6725082,10.596099836623722,0.0,0.0
123547,1355030,0.014807582,-0.011634553,-0.0055177975,-0.005712927,10,0.0,196338,2405220,0.6983962,0.6868185,0.68819696,0.6873556,0.7132038,0.67518395,0.6826791,0.68164265,20596,29318.918424129486,0.66933435,0.6675287,0.6733841,0.67269224,27.628349875767068,0.0,0.0
123600,1355560,0.0,-0.016819065,-0.0070937113,-0.005893269,10,0.0,196426,2406100,0.6715189,0.692701,0.6896728,0.68745863,0.6715189,0.67588186,0.68257904,0.6815653,20604,29328.929690122604,0.6715189,0.67342544,0.6748104,0.6728843,29.952489397058812,0.0,0.0
123652,1356080,-0.038458824,-0.006128454,-0.0049646925,-0.0055955998,10,0.0,196526,2407100,0.7039578,0.6938337,0.6852939,0.68699753,0.665499,0.6877053,0.6803294,0.68140197,20613,29340.261684179306,0.665499,0.67887914,0.67307645,0.6729033,9.17550881115332,0.0,0.0
123705,1356610,-0.016409278,-0.00048781038,-0.0032259596,-0.0053205215,10,0.0,196612,2407960,0.6998309,0.68399036,0.6856251,0.6868607,0.6834216,0.6835026,0.682399,0.68154013,20621,29350.268153190613,0.65559137,0.6787346,0.6745666,0.67294794,23.706731568136934,0.0,0.0
123756,1357120,-0.020755589,-0.0030263246,-0.0031696016,-0.005213279,10,0.0,196699,2408830,0.6757935,0.6814698,0.6866448,0.6868982,0.65503794,0.67844355,0.68347526,0.6816848,20629,29360.512035131454,0.65503794,0.66617835,0.6739455,0.6729031,29.080541854502442,0.0,0.0
123813,1357690,-0.0493145,-0.0099865915,-0.0052066133,-0.005113686,10,0.0,196787,2409710,0.724091,0.69434464,0.6904484,0.6871832,0.6747765,0.684358,0.68524176,0.68206954,20637,29370.503874063492,0.665826,0.67291427,0.67407334,0.6730991,24.710139377707815,0.0,0.0
123864,1358200,-0.030718029,-0.0068086446,-0.004000087,-0.0049823974,10,0.0,196885,2410690,0.72405916,0.69222367,0.689852,0.6871495,0.69334114,0.68541497,0.6858518,0.6821671,20646,29381.704559326172,0.6787059,0.67776394,0.67388093,0.6731168,8.891121753963565,0.0,0.0
123917,1358730,-0.023997128,-0.013405288,-0.0068464368,-0.005048681,10,0.0,196974,2411580,0.67755973,0.69277906,0.6875183,0.68695825,0.6535626,0.6793738,0.68067193,0.68190956,20654,29391.836004257202,0.6535626,0.6685697,0.67071253,0.67279744,10.119036015753093,0.0,0.0
123969,1359250,-0.03154993,0.0017318546,-0.006637265,-0.0050231223,10,0.0,197070,2412540,0.6932516,0.68499714,0.68611664,0.68723357,0.6617017,0.68672895,0.67947936,0.68221045,20662,29401.85595035553,0.6617017,0.67526305,0.6700701,0.67297304,11.524450038645599,0.0,0.0
124019,1359750,0.013059616,-0.0027788817,-0.00423299,-0.0052129976,10,0.0,197154,2413380,0.70138335,0.69643956,0.6868115,0.6875363,0.71444297,0.6936606,0.6825785,0.6823233,20670,29412.094850301743,0.66198957,0.6860285,0.67241323,0.6732046,11.457311360054195,0.0,0.0
124071,1360270,0.007588029,-0.0116568925,-0.0059661074,-0.0053009256,10,0.0,197241,2414250,0.6758459,0.689312,0.69059974,0.68768144,0.68343395,0.6776551,0.6846335,0.6823805,20678,29422.254848480225,0.6758459,0.6735464,0.67654836,0.6733643,13.691957847234418,0.0,0.0
124121,1360770,-0.02646184,0.0012626171,-0.0058178715,-0.0054815724,10,0.0,197340,2415240,0.6822029,0.68207014,0.6901262,0.68809545,0.65574104,0.68333274,0.6843083,0.6826139,20686,29432.17200231552,0.65574104,0.67556363,0.67803633,0.6738342,22.525074379987757,0.0,0.0
124174,1361300,-0.03617865,-0.0037175536,-0.006479339,-0.0054659187,10,0.0,197416,2416000,0.7155952,0.693217,0.6874899,0.6877121,0.67941654,0.68949944,0.6810106,0.6822461,20694,29442.172885656357,0.67941654,0.68152016,0.67390966,0.67350805,27.86074357685029,0.0,0.0
124228,1361840,-0.05333203,0.0006005168,-0.0051387628,-0.005250099,10,0.0,197515,2416990,0.72505933,0.6808502,0.6859134,0.6876839,0.6717273,0.6814507,0.6807745,0.6824338,20703,29453.41939020157,0.6582486,0.6723696,0.6719527,0.67357403,10.033934440622383,0.0,0.0
124282,1362380,0.0024314523,-0.0059393225,-0.0066484087,-0.0055975933,10,0.0,197611,2417950,0.7082562,0.687426,0.68729967,0.68768895,0.71068764,0.6814866,0.6806513,0.68209136,20711,29463.357931613922,0.660669,0.66907513,0.67142373,0.6731991,24.44227402733327,0.0,0.0
124337,1362930,0.0144994855,-0.00939889,-0.008709877,-0.0056876726,10,0.0,197700,2418840,0.67691237,0.6973837,0.6906221,0.6878404,0.69141185,0.68798476,0.68191224,0.68215275,20720,29474.70122385025,0.6603012,0.680782,0.6734838,0.67331517,8.885314871973037,0.0,0.0
124395,1363510,-0.017623484,-0.0036093593,-0.0063648196,-0.00565012,10,0.0,197788,2419720,0.68980795,0.68114084,0.68855095,0.6877348,0.67218447,0.67753154,0.6821863,0.68208474,20728,29484.831570386887,0.6698841,0.669479,0.67493546,0.6731854,11.593120365955624,0.0,0.0
124442,1363980,0.0054730177,-0.010392243,-0.0042769816,-0.005636288,10,0.0,197876,2420600,0.6788895,0.6970747,0.6855968,0.6876568,0.68436253,0.68668246,0.6813199,0.68202055,20736,29494.769512176514,0.66465276,0.6801032,0.6727,0.67318124,27.76522673953683,0.0,0.0
124497,1364530,-0.014895916,-0.00309543,-0.0050181584,-0.005587335,10,0.0,197975,2421590,0.7217456,0.6924665,0.68753594,0.6878609,0.7068497,0.689371,0.6825177,0.68227357,20745,29506.054775714874,0.6742815,0.6732705,0.67213684,0.6732484,10.577589341871457,0.0,0.0
124554,1365100,-0.017065406,-0.0042269467,-0.004949678,-0.005478606,10,0.0,198062,2422460,0.7117979,0.6960974,0.68765473,0.68753135,0.6947325,0.69187045,0.682705,0.6820527,20753,29516.087054491043,0.6652724,0.6845403,0.6706009,0.672932,11.4892041084213,0.0,0.0
124604,1365600,-0.00093507767,-0.0044032214,-0.006016749,-0.0054758224,10,0.0,198153,2423370,0.65462476,0.68805546,0.6897645,0.6879033,0.6536897,0.6836522,0.68374777,0.68242747,20761,29526.02388525009,0.6536897,0.67751414,0.67563266,0.6732983,31.09109683426029,0.0,0.0
124655,1366110,-0.020296693,-0.008785516,-0.0054162866,-0.005579235,10,0.0,198238,2424220,0.67649406,0.6952836,0.69133055,0.68829787,0.65619737,0.6864981,0.6859144,0.6827186,20769,29536.291523456573,0.65619737,0.6792077,0.6783981,0.6735195,24.374548167915332,0.0,0.0
124706,1366620,-0.027042806,-0.0023724376,-0.0060226684,-0.005883911,10,0.0,198327,2425110,0.6875963,0.6821484,0.69102526,0.6885354,0.6605535,0.679776,0.68500257,0.6826516,20777,29546.316569805145,0.6605535,0.67404944,0.6776173,0.67361724,22.319827286645314,0.0,0.0
124763,1367190,0.024905622,-0.0078114867,-0.007297715,-0.0060105207,10,0.0,198425,2426090,0.68387395,0.6928717,0.6887629,0.688503,0.7087796,0.68506014,0.6814652,0.6824925,20786,29557.621432304382,0.66620374,0.67849565,0.67508584,0.6736366,8.518214334746029,0.0,0.0
124807,1367630,-0.051068544,-0.0020769953,-0.0059974995,-0.0060286005,10,0.0,198504,2426880,0.70980084,0.6925955,0.68751234,0.68827254,0.6587323,0.6905185,0.6815149,0.6822439,20793,29567.66956424713,0.6587323,0.68017656,0.67488253,0.67363006,11.441649769587768,0.0,0.0
124859,1368150,-0.011042476,-0.0013728917,-0.0057666576,-0.006129724,10,0.0,198599,2427830,0.6943267,0.6959549,0.68981653,0.6884618,0.6832842,0.6945821,0.6840498,0.68233204,20801,29577.672875881195,0.6832842,0.684444,0.67670447,0.6739556,25.254234022465848,0.0,0.0
124913,1368690,-0.026934266,-0.006927264,-0.0058619557,-0.0059933346,10,0.0,198679,2428630,0.7239916,0.6890731,0.68847793,0.6884138,0.6970573,0.68214583,0.6826159,0.68242055,20809,29587.725529670715,0.6552912,0.6696912,0.6735374,0.67397314,27.878076485676132,0.0,0.0
124960,1369160,-0.04759866,0.00058300496,-0.003994275,-0.005781625,10,0.0,198770,2429540,0.7247113,0.68767154,0.6871954,0.6885896,0.67711264,0.68825454,0.6832012,0.682808,20817,29598.081055402756,0.67711264,0.6801627,0.67249864,0.674288,28.490003409858158,0.0,0.0
125016,1369720,-0.0020540357,-0.0077750087,-0.004274671,-0.0058349357,10,0.0,198867,2430510,0.68713254,0.6877538,0.68874633,0.6884625,0.6850785,0.6799787,0.6844715,0.68262756,20826,29609.365990161896,0.6760464,0.6741071,0.67444235,0.6740981,8.357899406002465,0.0,0.0
125069,1370250,0.006351948,-0.011197507,-0.0065540527,-0.005981744,10,0.0,198956,2431400,0.68763405,0.6970782,0.68903303,0.6885557,0.693986,0.6858808,0.682479,0.682574,20834,29619.464629411697,0.68763405,0.67085314,0.6729628,0.67395204,8.251225102050853,0.0,0.0
125121,1370770,-0.0002207756,-0.0047500012,-0.0060707037,-0.005845416,10,0.0,199053,2432370,0.67687154,0.67922765,0.68831605,0.6882314,0.67665076,0.6744777,0.6822453,0.682386,20842,29629.45384311676,0.65814275,0.66896224,0.67358947,0.673661,12.175673467112825,0.0,0.0
125176,1371320,-0.016852617,-0.004347205,-0.0065895296,-0.0058983993,10,0.0,199130,2433140,0.7205715,0.69035465,0.6885194,0.68869597,0.7037189,0.68600744,0.6819298,0.68279755,20850,29639.57740187645,0.68908256,0.6732505,0.67375755,0.6740183,11.87897689601664,0.0,0.0
125225,1371810,0.031169355,-0.008527326,-0.006136224,-0.0059304745,10,0.0,199221,2434050,0.67675984,0.68880016,0.68895334,0.6887093,0.7079292,0.6802728,0.682817,0.68277884,20858,29649.71316599846,0.65563405,0.67550623,0.6737249,0.67403555,11.164657715180253,0.0,0.0
125271,1372270,-0.06546056,-0.007027471,-0.00568497,-0.005842786,10,0.0,199306,2434900,0.71999365,0.6939674,0.68879026,0.6888197,0.6545331,0.6869399,0.6831053,0.6829769,20866,29660.08497595787,0.6545331,0.6744946,0.67433226,0.67419297,8.575041405207172,0.0,0.0
125323,1372790,-0.022980511,-0.0036360384,-0.0069386023,-0.0056585395,10,0.0,199391,2435750,0.6976197,0.6887989,0.68855405,0.6885582,0.67463917,0.6851629,0.6816155,0.6828997,20874,29670.218314170837,0.6674646,0.67457855,0.673357,0.67412096,8.80076914070516,0.0,0.0
125375,1373310,-0.053627253,-0.014171148,-0.005999294,-0.0056792498,10,0.0,199476,2436600,0.71630216,0.6996543,0.6876519,0.6886077,0.6626749,0.6854831,0.6816526,0.6829283,20882,29680.308493614197,0.6592973,0.6715988,0.6710276,0.6738852,8.470158687846586,0.0,0.0
125430,1373860,-0.01716721,-0.016431928,-0.004920499,-0.0057671536,10,0.0,199573,2437570,0.70767665,0.6942733,0.6852144,0.68858606,0.69050944,0.6782067,0.6802021,0.68278396,20890,29690.44972872734,0.68214804,0.6747024,0.6687287,0.6737649,8.530549519565962,0.0,0.0
125480,1374360,-0.017534852,-0.0040640114,-0.005900142,-0.0059080613,10,0.0,199656,2438400,0.69320387,0.68771505,0.685803,0.68862635,0.675669,0.683651,0.67990273,0.6827183,20898,29700.75697207451,0.6615559,0.6681124,0.66862035,0.6734966,9.712767009367719,0.0,0.0
125529,1374850,-0.054314494,-0.0071025314,-0.0072394377,-0.005910652,10,0.0,199741,2439250,0.7116105,0.68211764,0.68782693,0.688526,0.657296,0.6750151,0.6805874,0.68261534,20906,29711.16363477707,0.65688586,0.6715055,0.6713527,0.67375964,11.069659639235484,0.0,0.0
125581,1375370,-0.003265977,-0.0033833147,-0.005273044,-0.005860912,10,0.0,199828,2440120,0.7160023,0.68656576,0.6856392,0.6881375,0.7127363,0.6831825,0.68036634,0.6822765,20914,29721.53253889084,0.6897931,0.6733636,0.6721869,0.6733404,11.980432806754258,0.0,0.0
125632,1375880,-0.017442226,0.0009203851,-0.0052486933,-0.005896678,10,0.0,199916,2441000,0.6967944,0.685071,0.68802947,0.6880699,0.67935216,0.6859914,0.68278086,0.6821732,20922,29731.634120702744,0.6679104,0.6752845,0.67243105,0.6731212,10.885661088580642,0.0,0.0
125682,1376380,0.005494952,-0.0017216861,-0.0056972574,-0.00582422,10,0.0,200003,2441870,0.6980961,0.68197125,0.6898129,0.6880509,0.70359105,0.68024963,0.6841156,0.68222666,20930,29741.72103214264,0.668623,0.6727977,0.67495763,0.6731644,5.000289695357316,0.0,0.0
125732,1376880,-0.01715231,-0.0031341673,-0.004752247,-0.005689208,10,0.0,200094,2442780,0.7241913,0.6915802,0.6895419,0.68823713,0.707039,0.688446,0.6847896,0.6825479,20938,29751.81260037422,0.6775731,0.67362887,0.6761264,0.6733272,8.914813799318578,0.0,0.0
125789,1377450,-0.017718315,-0.008216697,-0.0056304378,-0.005784821,10,0.0,200176,2443600,0.68620867,0.68447447,0.68698263,0.68800014,0.66849035,0.6762578,0.68135226,0.6822153,20946,29761.913251638412,0.65428424,0.6686691,0.6733717,0.6730067,11.51451577613165,0.0,0.0
125837,1377930,-0.017055154,-0.0072324397,-0.0077433707,-0.005836255,10,0.0,200264,2444480,0.6764516,0.6813266,0.68506885,0.6877511,0.65939647,0.6740942,0.6773254,0.6819149,20954,29772.043621063232,0.6585823,0.66369444,0.6702548,0.67272913,11.613307653373706,0.0,0.0
125889,1378450,-0.016948521,-0.008475346,-0.006506045,-0.0058337897,10,0.0,200353,2445370,0.7165875,0.6866532,0.6870031,0.6877582,0.69963896,0.67817783,0.680497,0.6819244,20962,29782.420801639557,0.66277826,0.67657244,0.67283446,0.6726753,10.579254158626865,0.0,0.0
125938,1378940,0.0018082261,-0.012768894,-0.0072008907,-0.0060826,10,0.0,200439,2446230,0.7089404,0.69464666,0.6891398,0.6879745,0.7107486,0.68187773,0.68193877,0.6818919,20970,29792.64783525467,0.6849925,0.6680709,0.67128175,0.6726753,8.978898762440354,0.0,0.0
125989,1379450,-0.023214996,-0.0069319727,-0.00677474,-0.006103897,10,0.0,200537,2447210,0.6839245,0.6889362,0.6882395,0.6877672,0.6607095,0.68200415,0.6814648,0.6816633,20978,29802.936551094055,0.6607095,0.6684316,0.6692958,0.6723308,8.043333434331153,0.0,0.0
126043,1379990,-0.04207778,-0.0058134794,-0.0066154217,-0.006203907,10,0.0,200614,2447980,0.7185145,0.67990226,0.68634796,0.6876834,0.6764367,0.6782855,0.6799693,0.6815216,20986,29813.24469280243,0.6731021,0.669726,0.6708906,0.67219514,9.380223297542422,0.0,0.0
126092,1380480,-0.020715773,-0.009355324,-0.0084715765,-0.0062323515,10,0.0,200701,2448850,0.68125045,0.69041574,0.6884229,0.6876695,0.6605347,0.68106043,0.6799514,0.68143713,20994,29823.406992912292,0.6605347,0.66749835,0.6715004,0.6721655,11.126575653241023,0.0,0.0
126147,1381030,0.01752317,-0.009586632,-0.006771781,-0.0061930073,10,0.0,200788,2449720,0.6836387,0.687601,0.6878674,0.68758124,0.70116186,0.67801434,0.6810957,0.6813883,21002,29833.56700539589,0.6836387,0.6653794,0.6711778,0.6719741,10.506928834870054,0.0,0.0
126196,1381520,-0.00010949373,-0.0068691075,-0.0067585264,-0.006232709,10,0.0,200874,2450580,0.67038405,0.6876033,0.68753517,0.68739694,0.67027456,0.68024987,0.6811921,0.6811429,21010,29843.90938258171,0.67027456,0.6673403,0.6705484,0.6716998,9.828846581512938,0.0,0.0
126244,1382000,-0.048740268,-0.0041052224,-0.0063617886,-0.006340239,10,0.0,200960,2451440,0.70714474,0.6803421,0.6855286,0.6873113,0.65840447,0.67623687,0.6791668,0.6809711,21018,29854.202189922333,0.65840447,0.6651161,0.66989934,0.671578,9.087726824617851,0.0,0.0
126294,1382500,-0.008921862,-0.010217386,-0.0070269085,-0.0063198213,10,0.0,201057,2452410,0.7168374,0.6845279,0.6844493,0.6870372,0.70791554,0.67431056,0.67742246,0.6807174,21026,29864.32543873787,0.6598893,0.66502804,0.6707524,0.671493,8.44201386813258,0.0,0.0
126348,1383040,-0.021544695,-0.007294732,-0.0072963093,-0.0063102464,10,0.0,201138,2453220,0.69988245,0.68223,0.6872787,0.68702334,0.67833775,0.6749352,0.67998236,0.68071306,21034,29874.490160942078,0.6634409,0.6680913,0.6731693,0.6714685,10.750209785621394,0.0,0.0
126403,1383590,-0.007480979,-0.0045381426,-0.0043914495,-0.0062792865,10,0.0,201223,2454070,0.67626,0.6938101,0.6881183,0.6872922,0.668779,0.689272,0.6837269,0.681013,21042,29884.622135400772,0.668779,0.6799793,0.67495865,0.6719264,11.777409062331786,0.0,0.0
126453,1384090,0.005638778,-0.010866314,-0.0049405056,-0.006309592,10,0.0,201310,2454940,0.7019212,0.6917781,0.6888847,0.68753064,0.70756,0.6809117,0.6839441,0.68122095,21050,29894.794105291367,0.67461604,0.67597705,0.67311996,0.6721545,12.423073015658632,0.0,0.0
126504,1384600,-0.01563847,-0.0049187243,-0.0077758916,-0.006205431,10,0.0,201395,2455790,0.71834004,0.6893109,0.69092286,0.6874414,0.70270157,0.6843921,0.6831469,0.6812359,21058,29905.03929209709,0.70270157,0.6722798,0.6743424,0.6722586,10.880250689369827,0.0,0.0
126555,1385110,-0.017092347,-0.010561538,-0.007097463,-0.0063824644,10,0.0,201480,2456640,0.7107044,0.6947242,0.6927122,0.68800986,0.69361204,0.6841627,0.6856148,0.68162745,21066,29915.37248468399,0.6576366,0.67107415,0.6763622,0.6724829,8.43517692476625,0.0,0.0
126604,1385600,0.0267604,-0.0013323128,-0.0060702735,-0.0063032676,10,0.0,201577,2457610,0.6801977,0.6756739,0.68834096,0.6876667,0.7069581,0.67434156,0.68227077,0.6813634,21074,29925.486176729202,0.66345406,0.67166746,0.6723791,0.6722494,9.16259833678344,0.0,0.0
126655,1386110,-0.047539175,-0.0054901065,-0.0060682227,-0.006505292,10,0.0,201654,2458380,0.72439164,0.7038218,0.68793815,0.687945,0.67685246,0.6983317,0.68186986,0.68143976,21082,29935.507516860962,0.67685246,0.6858107,0.6729717,0.672396,11.514439911416066,0.0,0.0
126711,1386670,0.0027049184,-0.007930661,-0.008422634,-0.006693548,10,0.0,201743,2459270,0.7117086,0.6901976,0.6911028,0.68786013,0.7144135,0.6795433,0.6824376,0.68116397,21090,29945.572921276093,0.66222423,0.6745784,0.67473406,0.67211896,11.699700443546622,0.0,0.0
126764,1387200,-0.017722785,-0.0041716276,-0.0073257876,-0.006736518,10,0.0,201841,2460250,0.68603873,0.6874116,0.6866155,0.6878695,0.66831595,0.68324006,0.67928976,0.681133,21099,29956.85564804077,0.6578011,0.67675304,0.67089486,0.6721115,8.3372240209143,0.0,0.0
126815,1387710,-0.024495304,-0.0052952347,-0.004021102,-0.0064118183,10,0.0,201926,2461100,0.67901915,0.69046926,0.683139,0.6875599,0.65452385,0.68517405,0.67911804,0.68114805,21107,29967.129309654236,0.65452385,0.6759138,0.6685694,0.6719082,9.21885636001135,0.0,0.0
126869,1388250,-0.004584074,-0.0085090995,-0.003216486,-0.0063308114,10,0.0,202014,2461980,0.6880158,0.68393093,0.6814782,0.6872976,0.68343174,0.67542183,0.67826164,0.6809668,21115,29977.253898859024,0.6657593,0.66543823,0.6696387,0.6717511,10.659932639395077,0.0,0.0
126917,1388730,0.010488868,-0.00690251,-0.004060019,-0.0061266567,10,0.0,202106,2462900,0.69594693,0.68942916,0.68427396,0.6872146,0.7064358,0.68252665,0.6802139,0.681088,21123,29987.93265771866,0.66644394,0.6804727,0.6722079,0.6719534,8.28197753918302,0.0,0.0
126957,1389130,-0.011662364,0.0012654185,-0.002296698,-0.0058587207,10,0.0,202180,2463640,0.72395843,0.6896378,0.68438286,0.6870271,0.71229607,0.6909032,0.68208617,0.6811683,21129,29997.737123012543,0.6692251,0.6772393,0.67107564,0.67199486,6.037891428615026,0.0,0.0
127002,1389580,-0.031074286,-0.00020878315,-0.0037825452,-0.0058415174,10,0.0,202257,2464410,0.6966904,0.6838797,0.6868813,0.68710554,0.6656161,0.6836709,0.6830986,0.68126404,21136,30007.874290704727,0.6656161,0.66880244,0.6718046,0.6720302,18.639114417381027,0.0,0.0
127052,1390080,-0.009364307,-0.009205401,-0.0055128746,-0.005745462,10,0.0,202337,2465210,0.72397745,0.6906152,0.68816435,0.6871736,0.71461314,0.6814097,0.68265146,0.6814281,21144,30018.30627632141,0.6576331,0.67910403,0.67305434,0.67221427,22.8904242662388,0.0,0.0
127104,1390600,0.0011043549,-0.00876301,-0.004970257,-0.0055909893,10,0.0,202426,2466100,0.6908463,0.69348615,0.6877937,0.68710697,0.6919507,0.6847232,0.6828234,0.68151605,21152,30028.478279352188,0.6618828,0.67663914,0.6747261,0.67239296,25.548463335373896,0.0,0.0
127161,1391170,0.011215687,-0.013229633,-0.006882408,-0.0056639444,10,0.0,202522,2467060,0.6762787,0.6962655,0.6894188,0.6871484,0.6874944,0.68303585,0.68253636,0.68148446,21161,30039.77373433113,0.6762787,0.6705262,0.67547745,0.6725825,9.281468569768283,0.0,0.0
127216,1391720,-0.017306626,-0.0077417074,-0.006001634,-0.0056013213,10,0.0,202609,2467930,0.7021166,0.68111646,0.68782115,0.6872577,0.68481,0.6758882,0.6819924,0.6816631,21169,30050.106353521347,0.67212945,0.66877973,0.6746826,0.6728116,10.317471718794739,0.0,0.0
127267,1392230,0.0,0.0023523332,-0.0062542497,-0.0056427703,10,0.0,202706,2468900,0.6618614,0.6790651,0.6861006,0.68747365,0.6618614,0.68141747,0.67984635,0.6818308,21177,30060.36209464073,0.6618614,0.66822636,0.67187494,0.67285055,10.81652947123022,0.0,0.0
127317,1392730,-0.037796557,-0.0027255774,-0.006108797,-0.0055080624,10,0.0,202786,2469700,0.70083034,0.6858944,0.6870536,0.68742615,0.6630338,0.6831688,0.68094474,0.6819181,21185,30070.781315088272,0.6630338,0.6795099,0.6711377,0.6728555,11.582296552680166,0.0,0.0
127372,1393280,-0.016667545,-0.0049253106,-0.0055069206,-0.005615127,10,0.0,202894,2470780,0.68449736,0.67925555,0.68599707,0.687385,0.6678298,0.67433023,0.68049014,0.6817699,21194,30082.177270889282,0.6625015,0.6688577,0.67169213,0.6726737,7.46185328398264,0.0,0.0
127425,1393810,-0.005635798,-0.008509916,-0.005775149,-0.005678903,10,0.0,202975,2471590,0.67682123,0.6935718,0.68733793,0.6872406,0.67118543,0.6850619,0.6815628,0.68156177,21202,30092.475603580475,0.6668718,0.6802698,0.6717927,0.672539,10.328495741712747,0.0,0.0
127478,1394340,-0.048362672,-0.0068743527,-0.0052133948,-0.0054712156,10,0.0,203067,2472510,0.7045911,0.6873694,0.686106,0.6869081,0.6562284,0.680495,0.68089265,0.6814369,21210,30102.554844617844,0.6562284,0.6721602,0.6717071,0.6723706,10.3838528679539,0.0,0.0
127527,1394830,-0.045289278,0.001973611,-0.0045826654,-0.0053601493,10,0.0,203148,2473320,0.7240218,0.6750485,0.6839308,0.68629116,0.6787325,0.6770221,0.67934805,0.68093103,21218,30112.60749387741,0.67323226,0.66990334,0.6702879,0.6718643,26.72872753968234,0.0,0.0
127580,1395360,0.0,-0.0018411577,-0.006159463,-0.0054156156,10,0.0,203232,2474160,0.6987743,0.68436897,0.6874277,0.6864824,0.6987743,0.6783079,0.6809807,0.6810276,21226,30122.963585853577,0.6987743,0.67537606,0.6720709,0.67214686,10.23033163726371,0.0,0.0
127629,1395850,-0.039521217,-0.003358984,-0.0071355808,-0.005528803,10,0.0,203319,2475030,0.7058882,0.6866839,0.68833834,0.6866723,0.666367,0.6833249,0.6812028,0.6811434,21234,30133.087959766388,0.666367,0.6690067,0.67279303,0.6721302,10.294053835422918,0.0,0.0
127683,1396390,-0.0007672906,-0.008566046,-0.0072449683,-0.005478977,10,0.0,203407,2475910,0.6898716,0.68042576,0.6868507,0.68626666,0.6891043,0.67185974,0.67960584,0.68078774,21242,30143.329778909683,0.6891043,0.6667843,0.6708399,0.6717919,10.052832265287334,0.0,0.0
127733,1396890,-0.002868116,-0.0024463297,-0.007337969,-0.005391479,10,0.0,203496,2476800,0.7078836,0.6746167,0.68874776,0.6864666,0.7050155,0.6721704,0.68140984,0.6810751,21250,30153.8659658432,0.7050155,0.6651254,0.6721238,0.6720116,11.286764765242083,0.0,0.0
127782,1397380,-0.03669715,-0.006219411,-0.005119714,-0.0053127687,10,0.0,203581,2477650,0.7032761,0.6870738,0.6875148,0.68652695,0.66657895,0.6808545,0.6823949,0.6812142,21258,30164.006410837173,0.66657895,0.67311096,0.6733237,0.67227525,7.914466554745024,0.0,0.0
127834,1397900,-0.05001074,-0.0033664585,-0.003296731,-0.0053853574,10,0.0,203670,2478540,0.7072415,0.6875734,0.68288976,0.68649316,0.65723073,0.68420696,0.67959315,0.68110776,21266,30174.18092560768,0.65723073,0.66959244,0.67103165,0.67213416,7.591927799012759,0.0,0.0
127888,1398440,-0.017127872,-0.0076196073,-0.003539555,-0.0053325067,10,0.0,203766,2479500,0.7092636,0.6932181,0.68253195,0.6866038,0.69213575,0.6855985,0.67899245,0.68127126,21274,30184.37018609047,0.6809946,0.6709355,0.6687826,0.67209977,9.669668949655891,0.0,0.0
127933,1398890,-0.01118511,-0.010057527,-0.0064327484,-0.0057139215,10,0.0,203833,2480170,0.7239635,0.6868946,0.68670213,0.6866785,0.7127784,0.6768371,0.6802694,0.6809646,21281,30194.25426697731,0.66294605,0.67180234,0.6717464,0.67209935,26.03096305720625,0.0,0.0
127978,1399340,0.008596718,-0.0024651824,-0.00723289,-0.005747616,10,0.0,203922,2481060,0.6848552,0.68731356,0.68748116,0.6865307,0.69345194,0.6848484,0.68024826,0.6807831,21289,30205.53476715088,0.66795385,0.6768408,0.67271423,0.67206246,7.968101029869854,0.0,0.0
128025,1399810,0.012080908,-0.003352934,-0.0048224325,-0.0058109453,10,0.0,204001,2481850,0.70278275,0.6786104,0.68369657,0.6864871,0.71486366,0.6740494,0.6787554,0.680663,21296,30215.90865421295,0.6725469,0.669346,0.6698178,0.6720331,8.862936403003205,0.0,0.0
128067,1400230,-0.00044184923,-0.0076012434,-0.0059395516,-0.0059492863,10,0.0,204077,2482610,0.69848144,0.6779606,0.68598276,0.6864572,0.6980396,0.67035943,0.6800431,0.68050796,21302,30225.82354426384,0.67578334,0.66592526,0.6700099,0.6718264,8.162608233322358,0.0,0.0
128110,1400660,-0.031359196,-0.0083282115,-0.009317958,-0.0061446712,10,0.0,204150,2483340,0.7136361,0.6889018,0.690458,0.6867092,0.6822769,0.6805736,0.68114007,0.6805646,21309,30235.983088731766,0.67482924,0.67042816,0.67196965,0.6717069,21.44372146859929,0.0,0.0
128163,1401190,-0.017368317,-0.0066161393,-0.00861677,-0.006078305,10,0.0,204236,2484200,0.6996824,0.6956064,0.69215447,0.6867035,0.6823141,0.6889903,0.6835377,0.68062514,21317,30246.814229488373,0.65938777,0.6826265,0.67445266,0.6717176,10.280177019954941,0.0,0.0
128212,1401680,-0.0021434426,-0.009769273,-0.006673717,-0.006216445,10,0.0,204320,2485040,0.6779645,0.69245315,0.69091433,0.68697727,0.67582107,0.68268394,0.6842406,0.68076086,21325,30257.256904363632,0.67582107,0.68036234,0.67502517,0.6717002,10.963743588282453,0.0,0.0
128249,1402050,0.02411902,0.00036851168,-0.006659451,-0.006075508,10,0.0,204386,2485700,0.67693406,0.67201084,0.68759817,0.68672115,0.7010531,0.6723794,0.6809388,0.68064564,21331,30267.158581495285,0.6641777,0.6645689,0.67255807,0.67166317,16.987060556466137,0.0,0.0
128303,1402590,-0.017411947,0.0037814379,-0.004428284,-0.006032426,10,0.0,204471,2486550,0.69797415,0.68224233,0.68640536,0.6869302,0.6805622,0.68602383,0.6819769,0.6808978,21339,30278.023866415024,0.67379975,0.6664036,0.67229795,0.67183876,10.974259977964111,0.0,0.0
128355,1403110,-0.022184312,-0.0059064566,-0.0039982903,-0.005983016,10,0.0,204559,2487430,0.6762053,0.69183993,0.6872396,0.6868867,0.65402097,0.6863064,0.6833418,0.6809635,21347,30288.361746311188,0.65402097,0.6742202,0.67276275,0.6718599,11.020424142596159,0.0,0.0
128407,1403630,-0.016953468,0.00023371578,-0.005122422,-0.0060706446,10,0.0,204648,2488320,0.71638346,0.6751277,0.68856514,0.6872308,0.69943,0.67536145,0.6834428,0.68116015,21355,30298.857537984848,0.6639309,0.66142815,0.67398864,0.67208666,10.837860408966504,0.0,0.0
128456,1404120,0.0078498125,-0.006955528,-0.0059936917,-0.006029513,10,0.0,204733,2489170,0.69400424,0.6920601,0.68887514,0.6871335,0.70185405,0.68510467,0.6828814,0.681104,21363,30309.242747068405,0.69400424,0.6765066,0.6733946,0.67208374,8.419886193230614,0.0,0.0
128493,1404490,-0.010779381,-0.0044036033,-0.006285807,-0.0061776424,10,0.0,204806,2489900,0.68554914,0.6843456,0.6867488,0.6873613,0.67476976,0.679942,0.68046296,0.6811837,21369,30319.28000855446,0.6714536,0.67003685,0.6719012,0.6721903,18.82674011286248,0.0,0.0
128536,1404920,0.025328696,-0.012863642,-0.007295557,-0.00626865,10,0.0,204889,2490730,0.6759797,0.69772184,0.6882455,0.6874536,0.70130837,0.6848582,0.68094987,0.68118507,21376,30329.904322862625,0.6759797,0.6782261,0.67241496,0.6721004,8.901388507472253,0.0,0.0
128582,1405380,-0.038639665,-0.0043725134,-0.0068518184,-0.006190605,10,0.0,204959,2491430,0.6964092,0.6805941,0.68810904,0.6874132,0.65776956,0.6762215,0.68125725,0.6812227,21383,30340.683509111404,0.65776956,0.66789913,0.67035615,0.6720056,5.557518198095396,0.0,0.0
128624,1405800,-0.04452318,-0.0019695282,-0.008860889,-0.0063494626,10,0.0,205037,2492210,0.72351587,0.69300854,0.6928373,0.68784046,0.6789927,0.69103897,0.68397635,0.681491,21390,30350.905801534653,0.67489815,0.67654294,0.6725808,0.67214614,9.275698723080529,0.0,0.0
128673,1406290,0.018081069,0.006646371,-0.007774592,-0.0062726727,10,0.0,205115,2492990,0.67594516,0.6723333,0.69046354,0.68774915,0.69402623,0.6789797,0.6826889,0.6814765,21397,30360.43833374977,0.66887456,0.66401005,0.67323995,0.67217857,16.88650546335886,0.0,0.0
128726,1406820,0.0,0.0022624494,-0.005659786,-0.0061589163,10,0.0,205197,2493810,0.6641894,0.66997385,0.68739855,0.68757176,0.6641894,0.6722364,0.6817388,0.6814128,21405,30371.265496969223,0.6641894,0.66406065,0.6727862,0.67209566,9.092133663320192,0.0,0.0
128774,1407300,-0.017718434,-0.003649056,-0.004205985,-0.0062024007,10,0.0,205282,2494660,0.698656,0.68595994,0.6858155,0.6876521,0.6809376,0.6823108,0.68160933,0.6814497,21413,30382.59891796112,0.66896975,0.6774686,0.67336076,0.6722712,7.4413732720774455,0.0,0.0
128818,1407740,-0.015436411,-0.0012393415,-0.0054364414,-0.0063586324,10,0.0,205358,2495420,0.6796971,0.67273223,0.6861117,0.6880142,0.6642607,0.67149293,0.6806753,0.68165565,21420,30392.32021522522,0.6642607,0.66129094,0.67292243,0.6723333,24.82707837720573,0.0,0.0
128869,1408250,-0.00619483,-0.003292054,-0.005812645,-0.006460696,10,0.0,205450,2496340,0.68563426,0.68480724,0.68622535,0.68812966,0.6794394,0.6815152,0.68041277,0.68166894,21428,30402.695738077164,0.6706424,0.6762729,0.6715958,0.67253476,26.76027618380438,0.0,0.0
128923,1408790,-0.011651933,-0.0021469356,-0.0047893627,-0.0062833875,10,0.0,205529,2497130,0.67584455,0.68198556,0.68626803,0.6879773,0.6641926,0.67983866,0.68147874,0.68169385,21436,30412.717333316803,0.65866756,0.66469115,0.6718403,0.6723722,32.497962244970694,0.0,0.0
128973,1409290,-0.055918753,-0.00023146272,-0.004521428,-0.006142511,10,0.0,205624,2498080,0.72156274,0.6846339,0.68606514,0.6879001,0.665644,0.6844024,0.6815436,0.6817577,21444,30422.779101610184,0.665644,0.675418,0.671703,0.6724147,18.507104686405853,0.0,0.0
129024,1409800,0.002204895,0.0029209615,-0.0038002252,-0.006165388,10,0.0,205703,2498870,0.6861892,0.6804266,0.6844005,0.68792105,0.68839407,0.6833475,0.6806002,0.68175566,21452,30432.922251224518,0.6689317,0.6754138,0.67230654,0.6725358,26.708609431773173,0.0,0.0
129080,1410360,-0.01762247,-0.004050851,-0.006390622,-0.0061034667,10,0.0,205799,2499830,0.6727124,0.6842302,0.68519473,0.6877175,0.6550899,0.68017936,0.6788041,0.68161404,21461,30444.267404794693,0.6550899,0.6771873,0.6710958,0.67250013,10.364792506654831,0.0,0.0
129134,1410900,-0.038034678,-0.0057926117,-0.009056438,-0.0061925594,10,0.0,205882,2500660,0.7087071,0.68092376,0.68955785,0.6877304,0.6706724,0.67513114,0.6805014,0.68153787,21469,30454.689279317856,0.6706724,0.669692,0.6727979,0.6725023,10.83469402990665,0.0,0.0
129184,1411400,-0.036725283,0.000105172396,-0.006329651,-0.0061084577,10,0.0,205971,2501550,0.6973593,0.6783708,0.68744,0.6873836,0.66063404,0.67847586,0.6811102,0.6812751,21477,30465.081284046173,0.66063404,0.6641216,0.6713622,0.67213184,11.423675144467422,0.0,0.0
129234,1411900,-0.05188507,-0.007860035,-0.0046184002,-0.005865587,10,0.0,206064,2502480,0.72450155,0.6937829,0.68586993,0.6872378,0.6726165,0.685923,0.68125147,0.68137217,21485,30475.248720645905,0.6726165,0.67507905,0.66934377,0.6720178,11.18741808090739,0.0,0.0
129290,1412460,-0.01784724,-0.0026044487,-0.004946598,-0.005974217,10,0.0,206140,2503240,0.681378,0.680936,0.6841027,0.6871223,0.66353077,0.6783315,0.6791561,0.68114805,21493,30485.37905716896,0.6600615,0.6706804,0.6695464,0.6719365,11.529990922920698,0.0,0.0
129331,1412870,-0.034377635,-0.012429243,-0.0061283982,-0.006175144,10,0.0,206228,2504120,0.6876528,0.6960357,0.6843452,0.687203,0.6532752,0.6836065,0.67821676,0.6810278,21500,30496.040488243103,0.6532752,0.6727556,0.6700328,0.67187476,7.577251106064794,0.0,0.0
129374,1413300,0.01727122,-0.0065004406,-0.009301644,-0.006441114,10,0.0,206297,2504810,0.68261886,0.6882033,0.68911886,0.68717754,0.6998901,0.6817029,0.6798172,0.6807364,21507,30506.856185674667,0.6679425,0.66997707,0.67115784,0.6716636,8.259269491615203,0.0,0.0
129419,1413750,-0.03881514,-0.00072113273,-0.009090595,-0.0064558983,10,0.0,206381,2505650,0.693503,0.68356377,0.6913936,0.6873339,0.6546879,0.6828427,0.68230295,0.6808779,21514,30516.45314693451,0.6546879,0.67092717,0.6727979,0.67176247,22.55893592360422,0.0,0.0
129473,1414290,-0.01844436,-0.0045354306,-0.0047921543,-0.0063320333,10,0.0,206459,2506430,0.6763707,0.6894301,0.6856619,0.6871135,0.6579263,0.6848947,0.6808698,0.6807815,21522,30526.904829263687,0.6579263,0.6754333,0.67137796,0.67153937,11.17766590262171,0.0,0.0
129516,1414720,-0.06232381,-0.0143558085,-0.005463992,-0.0064238207,10,0.0,206539,2507230,0.7199805,0.6870295,0.68641275,0.68733215,0.65765667,0.67889524,0.68167824,0.6809662,21529,30537.646376132965,0.6575545,0.66277444,0.6698751,0.67162466,8.481547096777064,0.0,0.0
129562,1415180,-0.01753074,-0.007418388,-0.0060970383,-0.0061769173,10,0.0,206612,2507960,0.6933622,0.68336564,0.6860927,0.6867799,0.67583144,0.6777002,0.6801663,0.68062043,21536,30548.078029870987,0.6702415,0.6631943,0.6694625,0.6713945,10.308360841193688,0.0,0.0
129614,1415700,-0.041945755,-0.010283661,-0.0064726966,-0.006055315,10,0.0,206706,2508900,0.7232573,0.6892815,0.686611,0.6866944,0.68131155,0.6789979,0.6801382,0.680639,21544,30558.66185092926,0.68131155,0.6750595,0.67043585,0.6714867,9.497437643900433,0.0,0.0
129664,1416200,-0.016871333,-0.008340281,-0.0074086166,-0.006024813,10,0.0,206784,2509680,0.7197889,0.6822302,0.6893641,0.68665075,0.7029176,0.67438334,0.68212324,0.6806112,21552,30569.480674743652,0.6663091,0.6658942,0.672776,0.67133975,8.445556386715623,0.0,0.0
129714,1416700,-0.0041838884,-0.010795754,-0.007997563,-0.006222518,10,0.0,206870,2510540,0.6782642,0.68090373,0.68936944,0.6867019,0.6740803,0.6701079,0.6813717,0.68047935,21560,30580.138617038727,0.66401404,0.662157,0.6721951,0.6713292,9.865122920542124,0.0,0.0
129770,1417260,-0.002057314,-0.0057692053,-0.006268372,-0.0063490747,10,0.0,206963,2511470,0.70626324,0.6890234,0.6873385,0.68698317,0.70420593,0.6832541,0.68107,0.680634,21568,30590.657418251038,0.67832506,0.67300713,0.6724526,0.6713315,9.878715407865515,0.0,0.0
129816,1417720,-0.028328478,-0.0019532084,-0.00601999,-0.006366064,10,0.0,207053,2512370,0.7229661,0.6951527,0.6896382,0.6871333,0.6946376,0.6931995,0.68361807,0.68076736,21576,30601.883298158646,0.6946376,0.68238413,0.67403406,0.67145264,6.89611267635275,0.0,0.0
129856,1418120,-0.024584115,-0.0054024397,-0.004994329,-0.006232321,10,0.0,207118,2513020,0.70812976,0.6940576,0.6904258,0.68734753,0.68354565,0.68865514,0.68543136,0.6811152,21582,30611.894280195236,0.6748623,0.68682855,0.67556304,0.6717213,22.301053028953643,0.0,0.0
129904,1418600,-0.04218042,-0.0019130468,-0.00365044,-0.006142849,10,0.0,207202,2513860,0.6972398,0.68317676,0.6868962,0.6869452,0.6550594,0.68126374,0.6832458,0.6808023,21589,30621.958001613617,0.6550594,0.6679772,0.67361087,0.6714407,27.620290024951284,0.0,0.0
129954,1419100,-0.017819107,-0.003324467,-0.0055580074,-0.0062608244,10,0.0,207285,2514690,0.68242794,0.6934937,0.6863724,0.6871956,0.66460884,0.6901693,0.6808144,0.6809347,21597,30633.02162337303,0.6602415,0.6838957,0.6725872,0.67163074,8.63693721891834,0.0,0.0
130007,1419630,0.013165176,-0.013130111,-0.007433882,-0.0064591225,10,0.0,207367,2515510,0.7021189,0.6986173,0.6914127,0.6878077,0.71528405,0.6854872,0.6839788,0.68134856,21605,30644.01439666748,0.6869277,0.67465115,0.6761096,0.6721081,9.419130587880474,0.0,0.0
130054,1420100,-0.017375946,-0.003736478,-0.006410366,-0.006369546,10,0.0,207455,2516390,0.6993835,0.68492526,0.6909229,0.6878852,0.68200755,0.6811887,0.68451256,0.6815157,21613,30655.040454149246,0.6618157,0.6749676,0.6765039,0.67224294,11.41884833715885,0.0,0.0
130099,1420550,-0.062657595,-0.0030552507,-0.0053325226,-0.006209384,10,0.0,207537,2517210,0.71808696,0.6821355,0.6879517,0.68778485,0.65542936,0.6790803,0.6826191,0.6815755,21620,30664.673983573914,0.65542936,0.66894186,0.6732888,0.6720752,17.083321793219625,0.0,0.0
130144,1421000,-0.06752753,-0.009783452,-0.006519386,-0.0062961346,10,0.0,207608,2517920,0.7250135,0.69977534,0.68915176,0.68803525,0.65748596,0.68999195,0.6826325,0.68173915,21627,30675.21552658081,0.65748596,0.6762535,0.6723301,0.67225343,20.2986010757382,0.0,0.0
130196,1421520,-0.008865356,-0.0029974699,-0.00797817,-0.0064812736,10,0.0,207691,2518750,0.71606463,0.68568695,0.6905033,0.6882504,0.7071993,0.6826895,0.68252516,0.6817692,21635,30686.244948863983,0.67855376,0.66975063,0.6714301,0.67220086,10.171747968465501,0.0,0.0
130245,1422010,-0.0010697842,-0.0093097985,-0.007896457,-0.0066707125,10,0.0,207778,2519620,0.70664066,0.6892959,0.6904097,0.6885533,0.7055709,0.6799861,0.6825133,0.68188256,21643,30697.541882038116,0.6911045,0.6741406,0.67260736,0.67253965,7.82371394665263,0.0,0.0
130290,1422460,-0.025935948,-0.013947231,-0.0069343345,-0.0066924966,10,0.0,207857,2520410,0.70667684,0.6883699,0.68780553,0.6886915,0.6807409,0.6744227,0.6808712,0.68199897,21650,30707.36569261551,0.6629927,0.66955113,0.6733237,0.67261636,24.187502414826543,0.0,0.0
130340,1422960,-0.067296326,-0.00820992,-0.0051788706,-0.0063912277,10,0.0,207951,2521350,0.7223761,0.68484855,0.6826165,0.68817514,0.6550798,0.67663854,0.6774377,0.681784,21658,30718.46858406067,0.6550798,0.6689044,0.669793,0.672427,9.245423968071433,0.0,0.0
130388,1423440,-0.02214253,0.0013141334,-0.007193931,-0.0064434162,10,0.0,208018,2522020,0.7052707,0.6785386,0.6842344,0.6881192,0.6831282,0.6798528,0.67704046,0.6816758,21665,30728.90612220764,0.6709875,0.66908324,0.6690456,0.6723668,9.6846281871062,0.0,0.0
130434,1423900,0.018582582,-0.011307294,-0.007013221,-0.0063624526,10,0.0,208094,2522780,0.6650955,0.6857632,0.6863093,0.6879374,0.6836781,0.67445594,0.67929614,0.68157494,21672,30738.407064199448,0.6650955,0.66888213,0.6696305,0.6722091,20.542017232690295,0.0,0.0
130482,1424380,-0.029435933,-0.01239602,-0.006839461,-0.006605072,10,0.0,208181,2523650,0.72367823,0.693347,0.68858606,0.6882224,0.6942423,0.680951,0.68174654,0.6816173,21680,30748.998446941376,0.67086893,0.6710607,0.67215323,0.6723603,23.597961292921518,0.0,0.0
130537,1424930,0.0072708726,-0.009820062,-0.007176433,-0.0066330303,10,0.0,208271,2524550,0.6974738,0.6895597,0.69075197,0.6884573,0.7047447,0.6797396,0.6835755,0.68182427,21688,30759.30635857582,0.6705868,0.6717179,0.6747352,0.67274123,21.742509382710928,0.0,0.0
130590,1425460,4.4882298e-05,0.0021940111,-0.0036479188,-0.006454154,10,0.0,208365,2525490,0.6977556,0.6651805,0.68284416,0.68801975,0.69780046,0.6673745,0.6791963,0.68156564,21697,30771.03761959076,0.65717137,0.6559826,0.6684439,0.6723205,8.77075689449883,0.0,0.0
130646,1426020,0.0,-0.0044618486,-0.0047414796,-0.006200703,10,0.0,208456,2526400,0.7019086,0.6801632,0.6839965,0.6878473,0.7019086,0.6757013,0.679255,0.6816466,21705,30781.513421297073,0.7019086,0.664778,0.6689537,0.67239064,9.639711445557735,0.0,0.0
130695,1426510,0.012286544,0.00034586788,-0.005094619,-0.0061419387,10,0.0,208542,2527260,0.6993475,0.6810761,0.6884694,0.68790334,0.71163404,0.681422,0.6833747,0.6817613,21713,30792.308227539062,0.67734885,0.6671771,0.67242515,0.67227864,8.357508041077542,0.0,0.0
130740,1426960,-0.034208894,-0.0034701228,-0.0058420966,-0.006158848,10,0.0,208615,2527990,0.6971063,0.6830375,0.6882667,0.68801856,0.6628974,0.67956746,0.68242455,0.6818596,21720,30802.293649673462,0.6628974,0.67566955,0.67084527,0.6723128,23.795444359345304,0.0,0.0
130790,1427460,-0.059943736,-0.006706643,-0.0069140424,-0.006074189,10,0.0,208699,2528830,0.71781933,0.6882541,0.68843305,0.6877495,0.6578756,0.6815474,0.6815191,0.6816753,21728,30812.690604925156,0.65691626,0.67562973,0.6717711,0.6720958,24.642891975130933,0.0,0.0
130848,1428040,-0.028079033,-0.006219083,-0.006681896,-0.0062615843,10,0.0,208797,2529810,0.70413077,0.69182396,0.68898314,0.6878738,0.67605174,0.68560493,0.68230134,0.6816122,21737,30824.08314204216,0.6559644,0.66970956,0.67203414,0.6720463,9.380569449203223,0.0,0.0
130900,1428560,0.009040117,-0.0036843717,-0.0048794243,-0.006178938,10,0.0,208884,2530680,0.6915342,0.691552,0.6885714,0.68799704,0.70057434,0.6878675,0.68369204,0.6818182,21745,30834.14568567276,0.6740648,0.68058777,0.6726267,0.6721003,9.306444967151341,0.0,0.0
130948,1429040,-0.045604706,-0.008438474,-0.0041878987,-0.006141591,10,0.0,208972,2531560,0.7243282,0.686219,0.68550634,0.6877356,0.6787235,0.67778045,0.6813185,0.681594,21753,30844.534302711487,0.6645224,0.667127,0.6717175,0.6718751,9.392717700316988,0.0,0.0
131005,1429610,-0.017804384,-0.00069125893,-0.006734235,-0.0061297435,10,0.0,209058,2532420,0.68297946,0.6873001,0.6864422,0.68749905,0.6651751,0.68660885,0.679708,0.68136925,21761,30854.87607526779,0.6627715,0.6788329,0.6712499,0.6716915,10.230581171484944,0.0,0.0
131061,1430170,0.008997023,-0.003208673,-0.0054810103,-0.006083109,10,0.0,209155,2533390,0.6857203,0.68234336,0.68790376,0.6874782,0.69471735,0.6791347,0.6824228,0.6813951,21770,30866.13618683815,0.668099,0.66711557,0.6749949,0.6717123,8.613695933927842,0.0,0.0
131109,1430650,0.018207371,0.003611648,-0.005026838,-0.006102011,10,0.0,209241,2534250,0.688298,0.6846399,0.6873852,0.6875565,0.70650536,0.6882515,0.6823584,0.6814545,21778,30876.591024398804,0.678548,0.6651658,0.67414117,0.6718593,10.513275871274091,0.0,0.0
131165,1431210,-0.01694411,-0.0060934187,-0.005610591,-0.0059782984,10,0.0,209326,2535100,0.7167713,0.6751565,0.68619514,0.68725693,0.6998272,0.66906303,0.68058455,0.6812787,21786,30886.664751052856,0.65984553,0.66552675,0.67118883,0.6717584,12.397808992400758,0.0,0.0
131215,1431710,0.008441508,-0.00028889178,-0.0032212741,-0.0055355895,10,0.0,209420,2536040,0.69778675,0.6734197,0.68212503,0.6865316,0.70622826,0.67313087,0.6789036,0.68099606,21794,30897.119072198868,0.6726672,0.6673733,0.6696814,0.6716102,10.603605824229025,0.0,0.0
131269,1432250,-0.0017340183,0.0005543053,-0.0027020485,-0.005491196,10,0.0,209500,2536840,0.69854635,0.6827053,0.6813736,0.6864758,0.69681233,0.6832596,0.6786715,0.6809846,21802,30907.648694753647,0.69681233,0.671301,0.669499,0.6713689,9.64837067301134,0.0,0.0
131315,1432710,-0.011978149,-0.0048105298,-0.0061290236,-0.005644357,10,0.0,209596,2537800,0.709764,0.6958019,0.68939316,0.68723756,0.69778585,0.6909914,0.68326414,0.6815932,21810,30917.90072464943,0.69778585,0.68359387,0.67395973,0.6719257,24.013309989706055,0.0,0.0
131371,1433270,0.026145875,0.0010326803,-0.0057582925,-0.0052537536,10,0.0,209690,2538740,0.66028845,0.68829554,0.69055194,0.6870237,0.6864343,0.68932825,0.68479365,0.6817699,21819,30929.663537979126,0.66028845,0.6767634,0.6741568,0.67193526,6.470490592397277,0.0,0.0
131419,1433750,-0.010917127,0.00618608,-0.003920913,-0.0053476086,10,0.0,209765,2539490,0.68245405,0.673869,0.6858661,0.68717927,0.6715369,0.6800551,0.68194526,0.68183166,21826,30940.33682847023,0.666815,0.66363114,0.6707164,0.67198575,9.56746076462057,0.0,0.0
131471,1434270,-0.017107844,-0.0045988024,-0.00505073,-0.005258656,10,0.0,209854,2540380,0.7100731,0.69139564,0.6870147,0.68718374,0.69296527,0.68679684,0.68196386,0.68192506,21834,30951.041560649872,0.6658467,0.67570245,0.6714478,0.67200583,12.79459993539104,0.0,0.0
131521,1434770,0.03924334,-0.00031273364,-0.0056492724,-0.0051851245,10,0.0,209933,2541170,0.6602417,0.67838085,0.6904466,0.6870725,0.69948506,0.67806804,0.6847973,0.6818874,21842,30961.11225914955,0.65576744,0.6659417,0.676051,0.6720536,25.98872044880271,0.0,0.0
131571,1435270,-0.046388566,-0.0012170076,-0.0052757114,-0.005276666,10,0.0,210018,2542020,0.72499055,0.6952428,0.6902964,0.6875491,0.678602,0.6940258,0.68502074,0.68227243,21850,30971.232296466827,0.678602,0.6796249,0.6770148,0.67259794,19.724330836854833,0.0,0.0
131626,1435820,-0.010971189,0.0010880887,-0.004517434,-0.005184945,10,0.0,210107,2542910,0.68596244,0.6837411,0.68973494,0.68760526,0.67499125,0.6848291,0.6852176,0.6824203,21858,30981.53765153885,0.6665183,0.67636967,0.6756993,0.67272925,28.004799330176958,0.0,0.0
131678,1436340,-0.03114611,-0.0024278224,-0.0029764099,-0.0050223675,10,0.0,210203,2543870,0.6887861,0.6812461,0.6854831,0.68746144,0.65764,0.6788183,0.68250656,0.6824391,21867,30992.975200653076,0.65624136,0.6679263,0.67284805,0.67283094,9.341833771065488,0.0,0.0
131734,1436900,-0.029308677,-0.010489369,-0.004732762,-0.0050725457,10,0.0,210287,2544710,0.7179439,0.68827015,0.68248403,0.6871656,0.68863523,0.67778075,0.6777513,0.6820931,21875,31003.236308574677,0.68863523,0.6736387,0.6687703,0.6727314,11.350485378040648,0.0,0.0
131785,1437410,0.0,-0.001985073,-0.005623666,-0.005043443,10,0.0,210376,2545600,0.6848501,0.68993735,0.6866634,0.68732655,0.6848501,0.68795234,0.68103975,0.68228316,21883,31013.78601717949,0.6848501,0.67434436,0.6707364,0.67272204,10.88200085617549,0.0,0.0
131835,1437910,0.012136757,-0.0048633935,-0.0050480817,-0.005012163,10,0.0,210461,2546450,0.6914308,0.6951873,0.689224,0.6873569,0.70356756,0.69032395,0.684176,0.68234473,21891,31023.985879421234,0.6914308,0.6823884,0.67117345,0.6725974,11.235703911102396,0.0,0.0
131888,1438440,-0.00011497736,-0.015949924,-0.005832,-0.0051547973,10,0.0,210555,2547390,0.7117359,0.69873327,0.6881573,0.68739367,0.7116209,0.6827833,0.68232536,0.6822389,21899,31034.345262289047,0.68415415,0.6742426,0.6710728,0.6726547,8.630835860766764,0.0,0.0
131936,1438920,-0.0011281371,-0.00545094,-0.004757095,-0.005076442,10,0.0,210631,2548150,0.66296273,0.68182397,0.6845907,0.68721753,0.6618346,0.6763731,0.67983377,0.68214107,21907,31044.741298913956,0.6618346,0.66867816,0.67009985,0.67245615,11.505753694316422,0.0,0.0
131986,1439420,-0.018788397,-0.006779021,-0.0033887762,-0.004726756,10,0.0,210719,2549030,0.7224638,0.68306315,0.68158036,0.6868851,0.7036754,0.67628413,0.6781916,0.68215847,21915,31055.229408740997,0.67356116,0.66379607,0.6677237,0.6723096,8.772064776396531,0.0,0.0
132041,1439970,-0.017510772,-0.012341219,-0.0037153019,-0.0046812077,10,0.0,210810,2549940,0.69413286,0.68919617,0.6849562,0.6867008,0.6766221,0.67685497,0.6812409,0.68201965,21923,31065.763379096985,0.6766221,0.6721598,0.6692105,0.67184913,7.995065301644112,0.0,0.0
132092,1440480,-0.017572105,-0.0010530949,-0.0040733623,-0.004648263,10,0.0,210890,2550740,0.6917727,0.6872005,0.6879183,0.68690836,0.6742006,0.68614745,0.683845,0.6822601,21931,31075.947076797485,0.66406107,0.67548835,0.67242193,0.6719005,10.92987924844155,0.0,0.0
132142,1440980,-0.065620184,-0.0046253977,-0.004104659,-0.004642621,10,0.0,210974,2551580,0.7243614,0.6939123,0.688204,0.6867874,0.65874124,0.689287,0.6840992,0.68214476,21939,31086.279943227768,0.65874124,0.6764778,0.67430025,0.67201626,12.498819939447397,0.0,0.0
132196,1441520,-0.016833305,-0.0020510913,-0.0057836864,-0.004749773,10,0.0,211057,2552410,0.7213773,0.6810552,0.6889585,0.68724155,0.704544,0.67900413,0.68317485,0.68249184,21947,31096.4101190567,0.6819526,0.6741432,0.6753878,0.6723628,12.858993300257191,0.0,0.0
132244,1442000,-0.04299301,-0.002352935,-0.007387876,-0.0050959294,10,0.0,211142,2553260,0.7243508,0.68854934,0.69221467,0.6877815,0.6813578,0.6861964,0.6848269,0.6826856,21955,31106.58187842369,0.6813578,0.67711604,0.6763977,0.67269456,10.678482584056404,0.0,0.0
132293,1442490,-0.00665915,0.0021305918,-0.005094684,-0.0049001016,10,0.0,211230,2554140,0.7028486,0.6774124,0.6871563,0.6874932,0.69618946,0.67954296,0.6820616,0.68259317,21963,31117.10148692131,0.6793242,0.67180043,0.67419034,0.67269677,9.658844582860961,0.0,0.0
132348,1443040,-0.014755428,-0.00993346,-0.00504918,-0.0049501993,10,0.0,211315,2554990,0.7238934,0.69845384,0.6862793,0.6874619,0.709138,0.6885204,0.6812302,0.6825117,21971,31127.25188112259,0.6577399,0.68782204,0.67417645,0.67267346,11.733644865042091,0.0,0.0
132398,1443540,-0.022175252,-0.0010577023,-0.0067145447,-0.0050396677,10,0.0,211403,2555870,0.6870066,0.68094,0.68890274,0.6874916,0.66483134,0.67988235,0.68218833,0.68245184,21979,31137.37629389763,0.6612385,0.6730688,0.67261773,0.67267954,10.301942441024794,0.0,0.0
132452,1444080,-0.017606437,0.00061439874,-0.004379519,-0.004897089,10,0.0,211486,2556700,0.6904569,0.6818257,0.6854613,0.6873643,0.6728505,0.68244004,0.68108195,0.6824671,21987,31147.560144901276,0.6719057,0.6674378,0.6705107,0.67272633,9.901871398319589,0.0,0.0
132501,1444570,0.003728509,-0.00034993887,-0.005679394,-0.0050720624,10,0.0,211569,2557530,0.6925034,0.6938307,0.68982154,0.68752027,0.6962319,0.6934808,0.6841422,0.68244827,21995,31158.001725435257,0.6925034,0.6760125,0.673285,0.6725716,10.21428971509701,0.0,0.0
132549,1445050,-0.026083946,-0.0031537055,-0.0059863236,-0.0050453823,10,0.0,211658,2558420,0.717428,0.6832222,0.6879354,0.6872463,0.6913441,0.6800685,0.68194914,0.6822009,22003,31168.411826133728,0.6862763,0.671579,0.6710651,0.6721654,8.56594009178003,0.0,0.0
132602,1445580,-0.009279609,-0.008666593,-0.0050768717,-0.0050531225,10,0.0,211741,2559250,0.6871313,0.67955434,0.6842295,0.68681264,0.6778517,0.6708877,0.67915255,0.68175954,22011,31179.187291145325,0.665454,0.6608447,0.6680769,0.6717577,8.907227774265499,0.0,0.0
132655,1446110,-0.017617524,-0.005670011,-0.006134086,-0.005249604,10,0.0,211828,2560120,0.6900345,0.6797763,0.68411696,0.6867486,0.672417,0.6741877,0.678287,0.681527,22019,31189.626122236252,0.6715869,0.66657996,0.66879654,0.6715966,9.707810077707771,0.0,0.0
132707,1446630,-0.0021561384,-0.0082304,-0.0059639937,-0.0052414457,10,0.0,211917,2561010,0.66125625,0.68959,0.68385863,0.6869928,0.6591001,0.68153715,0.6779116,0.68174195,22027,31200.22008752823,0.65717477,0.6620372,0.66913337,0.6717684,11.193266806630183,0.0,0.0
132759,1447150,0.0,-0.0018232524,-0.0051090657,-0.005217814,10,0.0,212001,2561850,0.65473694,0.69032687,0.686511,0.68689436,0.65473694,0.6885036,0.6814016,0.6816765,22035,31210.411574602127,0.65473694,0.6768571,0.67059654,0.67165595,10.82906015785942,0.0,0.0
132805,1447610,-0.035803437,0.0020834387,-0.0021113264,-0.004951689,10,0.0,212092,2562760,0.7164757,0.69041854,0.6827262,0.68647146,0.6806723,0.692502,0.6806148,0.68151975,22043,31220.861968517303,0.6806723,0.6775128,0.66917074,0.6715712,8.012536399093966,0.0,0.0
132856,1448120,-0.008840919,0.0015139639,-0.003089348,-0.004983965,10,0.0,212183,2563670,0.71621126,0.68252164,0.682554,0.6861841,0.70737034,0.68403566,0.6794647,0.68120015,22051,31230.92921590805,0.67366433,0.6765649,0.67036253,0.6714884,10.364633708169478,0.0,0.0
132911,1448670,-0.025012374,0.001605159,-0.0043035727,-0.004902719,10,0.0,212264,2564480,0.70353556,0.68178326,0.6853235,0.68627965,0.6785232,0.68338835,0.6810199,0.68137693,22059,31241.194056510925,0.6763882,0.67093766,0.67213166,0.6715876,9.30281415238298,0.0,0.0
132957,1449130,-0.008318007,7.867813e-06,-0.004569722,-0.0048936754,10,0.0,212349,2565330,0.6746143,0.6944378,0.6885746,0.6867006,0.6662963,0.69444567,0.68400484,0.68180686,22067,31251.394392728806,0.6643226,0.6786724,0.6736369,0.6720365,9.92903644430851,0.0,0.0
133016,1449720,-0.021343708,-0.0016532898,-0.005003207,-0.0049882415,10,0.0,212442,2566260,0.7213878,0.68006676,0.6900306,0.68700635,0.7000441,0.6784135,0.6850273,0.6820181,22076,31262.903900384903,0.66552186,0.6674889,0.6744936,0.67236793,5.797771682771803,0.0,0.0
133070,1450260,-0.054789662,-0.010596037,-0.0020728998,-0.004751687,10,0.0,212526,2567100,0.72408986,0.69682777,0.6871321,0.6868284,0.6693002,0.68623173,0.6850592,0.6820767,22084,31273.004868984222,0.6644459,0.6675836,0.6747707,0.6724008,8.326679156441879,0.0,0.0
133123,1450790,-0.054532766,0.001679951,-0.0029308551,-0.0048650103,10,0.0,212613,2567970,0.7220729,0.6798731,0.68538445,0.68678683,0.66754013,0.68155307,0.6824534,0.68192184,22092,31283.21050429344,0.66754013,0.6675106,0.6711714,0.6721898,10.841306052649673,0.0,0.0
133169,1451250,-0.018447101,-0.0053102495,-0.005360558,-0.0049231444,10,0.0,212700,2568840,0.6811612,0.6778596,0.6848281,0.6864037,0.6627141,0.67254937,0.6794674,0.68148047,22100,31293.547288179398,0.65527153,0.6663929,0.67041725,0.67182046,11.7670407027618,0.0,0.0
133223,1451790,0.0066602826,0.0029957413,-0.005510236,-0.0047559547,10,0.0,212785,2569690,0.7055219,0.67286086,0.6833831,0.6860516,0.71218216,0.6758566,0.67787284,0.68129575,22108,31303.823488473892,0.6698755,0.6646468,0.66952235,0.67161995,11.552529211815997,0.0,0.0
133274,1452300,-0.029556155,-0.0018351197,-0.0035885363,-0.004555646,10,0.0,212869,2570530,0.6966689,0.6737257,0.68350035,0.68596226,0.66711277,0.6718906,0.67991173,0.6814066,22116,31313.86983013153,0.6597702,0.6617158,0.6695603,0.67146933,8.405519906050975,0.0,0.0
133326,1452820,-0.00886476,-0.003578168,-0.0034317225,-0.0045733643,10,0.0,212958,2571420,0.7250142,0.7014046,0.68597174,0.68600816,0.71614945,0.6978264,0.68254006,0.6814348,22124,31324.279099225998,0.71053493,0.695932,0.67467904,0.67175466,8.593018729538256,0.0,0.0
133378,1453340,-0.04261583,-0.012462711,-0.007493741,-0.004730689,10,0.0,213043,2572270,0.71662396,0.69265056,0.68991965,0.6861438,0.67400813,0.6801878,0.682426,0.6814131,22132,31334.53205895424,0.67400813,0.67384756,0.67667603,0.6717436,11.525533085967265,0.0,0.0
133427,1453830,-0.029509246,-0.010761315,-0.008213544,-0.004862261,10,0.0,213126,2573100,0.6869335,0.68421507,0.6889607,0.6861621,0.6574243,0.6734538,0.6807472,0.68129987,22140,31344.872995853424,0.656169,0.6687201,0.6739885,0.67191577,10.625829686933153,0.0,0.0
133478,1454340,-0.02181834,-0.007633495,-0.0050552096,-0.004768984,10,0.0,213211,2573950,0.7044789,0.69174933,0.6857508,0.6860224,0.6826606,0.68411577,0.68069565,0.68125343,22148,31355.137468338013,0.67139167,0.6735609,0.6724365,0.67182523,10.920835151604782,0.0,0.0
133529,1454850,-0.03251213,-0.0071228743,-0.0045182956,-0.0047712433,10,0.0,213303,2574870,0.7219898,0.68312055,0.68454325,0.68587595,0.6894777,0.6759976,0.6800248,0.6811047,22156,31365.680700540543,0.6781457,0.67039853,0.67010766,0.67176133,8.272728581665183,0.0,0.0
133580,1455360,0.018373013,-0.0029707192,-0.0060828794,-0.0049208077,10,0.0,213381,2575650,0.686244,0.6911311,0.6902582,0.6863895,0.704617,0.68816036,0.68417543,0.6814687,22164,31376.15592622757,0.682555,0.68196976,0.67528605,0.672323,8.17363486416458,0.0,0.0
133629,1455850,-0.054514527,-0.0057388484,-0.006707862,-0.004942673,10,0.0,213467,2576510,0.72004217,0.6867322,0.6932539,0.68690455,0.66552764,0.6809933,0.6865461,0.6819618,22172,31386.387030363083,0.66552764,0.663261,0.67646056,0.672633,10.81675820959264,0.0,0.0
133686,1456420,-0.025739253,-0.0007140756,-0.0043181847,-0.0048267185,10,0.0,213561,2577450,0.69519544,0.67640877,0.68537956,0.6867233,0.6694562,0.6756947,0.6810614,0.6818965,22180,31396.900235414505,0.6655315,0.6664581,0.6710355,0.672534,10.813275182032186,0.0,0.0
133736,1456920,0.004278004,-0.010268629,-0.003974978,-0.0047919047,10,0.0,213637,2578210,0.7040598,0.6906022,0.6829444,0.6866875,0.7083378,0.6803335,0.67896944,0.6818956,22188,31407.082201957703,0.68868184,0.6632577,0.6693791,0.6726059,11.226964174821731,0.0,0.0
133788,1457440,-0.016786575,-0.0053297044,-0.006165873,-0.004948238,10,0.0,213729,2579130,0.7233371,0.6898587,0.68803626,0.68696666,0.70655054,0.68452895,0.6818704,0.68201846,22196,31417.167190790176,0.7039967,0.67581445,0.67266154,0.672881,10.439450597151039,0.0,0.0
133839,1457950,-0.017608643,-0.005070114,-0.005834305,-0.0050808447,10,0.0,213809,2579930,0.6903732,0.68576896,0.6876075,0.68712115,0.67276454,0.68069875,0.68177325,0.6820404,22204,31427.780466794968,0.67276454,0.66832983,0.67283607,0.67286706,9.838762948506231,0.0,0.0
133885,1458410,-0.042592525,-0.013236803,-0.005735608,-0.0051848874,10,0.0,213898,2580820,0.70378006,0.6880161,0.6845829,0.6869929,0.6611875,0.6747793,0.67884725,0.681808,22212,31438.053716897964,0.65461737,0.6703613,0.67066324,0.6727762,12.043378287425947,0.0,0.0
133940,1458960,0.022722483,0.0042755962,-0.0053871195,-0.0052708695,10,0.0,213981,2581650,0.6607917,0.67771775,0.68390536,0.6866893,0.6835142,0.6819933,0.67851806,0.6814185,22220,31448.322921276093,0.65652466,0.66811377,0.6707418,0.67245036,11.57330011884261,0.0,0.0
133990,1459460,-0.0060889125,-0.012151981,-0.0071702222,-0.0054640016,10,0.0,214074,2582580,0.6866401,0.6952424,0.68617177,0.68657476,0.6805512,0.6830904,0.67900145,0.6811108,22228,31459.710568666458,0.6805512,0.6723844,0.67051476,0.6723208,6.51572024948087,0.0,0.0
134041,1459970,-0.055124342,-0.01372909,-0.009250599,-0.005749155,10,0.0,214159,2583430,0.71970695,0.6917867,0.69092345,0.68678725,0.6645826,0.6780577,0.6816728,0.6810381,22236,31470.514856815338,0.6611841,0.6710557,0.6738478,0.67222255,9.050535181459356,0.0,0.0
134094,1460500,-0.0056645274,-0.0103857815,-0.0072437804,-0.0059680813,10,0.0,214235,2584190,0.69118536,0.6924974,0.6888457,0.686957,0.6855208,0.68211156,0.6816019,0.68098897,22244,31480.40793442726,0.6684379,0.67846507,0.67300904,0.6724455,20.19712195018597,0.0,0.0
134155,1461110,-0.012979209,-0.0027664364,-0.0059755375,-0.0059496146,10,0.0,214332,2585160,0.7248057,0.68762314,0.68678504,0.6870184,0.7118265,0.6848568,0.6808096,0.68106884,22253,31491.216960906982,0.6557269,0.6640478,0.670587,0.6723483,10.545004471371282,0.0,0.0
134204,1461600,0.0013561845,-0.0018570184,-0.0045972867,-0.0057607815,10,0.0,214419,2586030,0.70147294,0.6804516,0.6861969,0.6870592,0.7028291,0.67859465,0.6815997,0.6812983,22261,31501.178849458694,0.6858541,0.6716391,0.6695683,0.6724082,26.51410885800366,0.0,0.0
134257,1462130,0.020838618,0.0017341614,-0.0017149848,-0.005723946,10,0.0,214517,2587010,0.6772685,0.6814951,0.6847783,0.6871066,0.6981071,0.6832293,0.6830633,0.6813827,22270,31511.952777147293,0.6772685,0.6690262,0.66992223,0.67228466,11.161942079733707,0.0,0.0
134315,1462710,0.0019375086,0.00045535565,-0.0037006235,-0.0057624658,10,0.0,214606,2587900,0.6928734,0.6750564,0.68543524,0.6872754,0.6948109,0.6755118,0.6817348,0.68151295,22279,31522.550606250763,0.68550897,0.6666711,0.6712575,0.6723357,8.967371098038504,0.0,0.0
134373,1463290,-0.011036217,-0.007938266,-0.0037498837,-0.005428972,10,0.0,214702,2588860,0.69031715,0.68806034,0.6845772,0.68685716,0.67928094,0.6801221,0.6808274,0.68142813,22288,31533.438412427902,0.65429175,0.6767893,0.6732011,0.67216444,10.274493300139213,0.0,0.0
134429,1463850,-0.0022765994,-0.008501494,-0.0036729258,-0.005374831,10,0.0,214798,2589820,0.6794047,0.68015254,0.687021,0.68682814,0.6771281,0.6716511,0.6833482,0.68145335,22297,31544.19960951805,0.6771281,0.66896987,0.6747508,0.67211777,12.174641485117332,0.0,0.0
134488,1464440,-0.03161639,-2.2917986e-05,-0.005579595,-0.0054029855,10,0.0,214894,2590780,0.70425636,0.67596203,0.6880455,0.68687195,0.67263997,0.67593914,0.6824659,0.6814689,22306,31554.923327684402,0.6617997,0.6700479,0.6744393,0.67220056,5.665816945778658,0.0,0.0
134540,1464960,-0.015148342,-0.0019206643,-0.004666665,-0.005229721,10,0.0,214976,2591600,0.6916216,0.6773836,0.68693733,0.68675137,0.67647326,0.675463,0.6822706,0.6815216,22314,31564.63812804222,0.6751613,0.6609026,0.6726782,0.67223865,25.189033175167598,0.0,0.0
134596,1465520,0.01336652,-0.0047633587,-0.0038224477,-0.005140706,10,0.0,215070,2592540,0.6795837,0.67659193,0.68368936,0.6860115,0.69295025,0.67182857,0.679867,0.6808707,22323,31575.40041732788,0.65567833,0.6578477,0.66913867,0.67148006,9.593207933835908,0.0,0.0
134659,1466150,-0.017586708,-0.009335416,-0.0042678183,-0.0050430195,10,0.0,215165,2593490,0.69121397,0.6906972,0.6831904,0.6858745,0.67362726,0.6813618,0.6789226,0.68083143,22332,31586.083459854126,0.6652885,0.6733807,0.6685737,0.6714913,11.38508493678397,0.0,0.0
134712,1466680,-0.05253738,0.0035129965,-0.0034803033,-0.0049244734,10,0.0,215260,2594440,0.7162018,0.67800415,0.68407804,0.68585986,0.6636644,0.68151706,0.68059784,0.68093544,22341,31596.78353357315,0.6636644,0.67185414,0.6686187,0.6713018,9.649389514445888,0.0,0.0
134768,1467240,-0.0060744286,-0.0097282175,-0.004142248,-0.004904558,10,0.0,215356,2595400,0.6745554,0.68347424,0.68400824,0.68568933,0.668481,0.6753735,0.6801036,0.680721,22349,31606.656138658524,0.6558798,0.6632548,0.6669243,0.67100674,23.98330782122809,0.0,0.0
134826,1467820,0.0,0.0021620332,-0.00528608,-0.0048681507,10,0.0,215441,2596250,0.7163289,0.6846767,0.685765,0.68585247,0.7163289,0.6826055,0.6799915,0.68093824,22358,31617.457543849945,0.7163289,0.67212,0.66957074,0.67111814,11.851687754115366,0.0,0.0
134878,1468340,-0.05691129,0.008650738,-0.0030649311,-0.0047175,10,0.0,215534,2597180,0.724006,0.6761529,0.6853498,0.68572754,0.6670947,0.68480366,0.68228495,0.68101007,22367,31628.134567022324,0.66527367,0.66366315,0.6699582,0.67090124,9.337395718822728,0.0,0.0
134936,1468920,-0.058389127,-0.008957475,-0.0032106454,-0.0045974674,10,0.0,215630,2598140,0.7138444,0.69206583,0.68370146,0.6859468,0.6554553,0.6831083,0.68049085,0.68134934,22376,31639.133026599884,0.6554553,0.67002314,0.6680246,0.6709842,9.390911224034692,0.0,0.0
134994,1469500,-0.018501699,-0.0014509142,-0.005583327,-0.00450277,10,0.0,215726,2599100,0.7046523,0.69000876,0.68734956,0.68589306,0.6861506,0.6885579,0.6817662,0.6813903,22385,31649.967826366425,0.6861506,0.67129415,0.67054254,0.67089236,9.206114664668421,0.0,0.0
135056,1470120,0.017495394,-0.020174045,-0.0067662974,-0.0043533565,10,0.0,215819,2600030,0.68165,0.6899511,0.68570715,0.68536425,0.6991454,0.6697771,0.67894083,0.68101096,22394,31660.713509082794,0.68165,0.6638069,0.66986525,0.6706034,11.952512581430208,0.0,0.0
135107,1470630,0.01560539,-0.012843842,-0.007087993,-0.0044644745,10,0.0,215910,2600940,0.6758968,0.68334985,0.685634,0.68548477,0.6915022,0.67050606,0.67854613,0.6810202,22402,31670.707041740417,0.6758968,0.66718435,0.6701391,0.67054665,11.32713383791328,0.0,0.0
135165,1471210,-0.0024310946,0.0005556166,-0.006448481,-0.004366954,10,0.0,216002,2601860,0.6830082,0.6772388,0.687702,0.68543166,0.6805771,0.67779434,0.6812536,0.6810647,22411,31681.43317937851,0.6805771,0.6655889,0.6724009,0.67081726,12.366821579807393,0.0,0.0
135668,1476240,-0.019488752,0.0070906356,0.0070906356,0.0070906356,10,0.0,216834,2610180,0.72501934,0.67541707,0.67541707,0.67541707,0.7055306,0.68250763,0.68250763,0.68250763,22489,31775.206743478775,0.68675655,0.66756386,0.66756386,0.66756386,1.7260214094268425,0.0,0.0
135667,1476230,0.010205388,0.004269195,0.004269195,0.004269195,10,0.0,216834,2610180,0.69760954,0.6631172,0.6631172,0.6631172,0.70781493,0.6673864,0.6673864,0.6673864,22489,31775.206743478775,0.6631033,0.6626954,0.6626954,0.6626954,1.373912549565282,0.0,0.0
135666,1476220,-0.015821636,0.004425192,0.004425192,0.004425192,10,0.0,216834,2610180,0.6848352,0.6757492,0.6757492,0.6757492,0.66901356,0.68017435,0.68017435,0.68017435,22489,31775.206743478775,0.660161,0.6709165,0.6709165,0.6709165,1.5949032503095653,0.0,0.0
135666,1476220,0.013868809,-0.0010476261,-0.0010476261,-0.0010476261,10,0.0,216834,2610180,0.67002124,0.6753094,0.6753094,0.6753094,0.68389004,0.6742618,0.6742618,0.6742618,22489,31775.206743478775,0.65559024,0.6742618,0.6742618,0.6742618,2.325512308880612,0.0,0.0
135666,1476220,-0.002126217,-0.010129958,-0.010129958,-0.010129958,10,0.0,216834,2610180,0.6834274,0.693492,0.693492,0.693492,0.6813012,0.68336207,0.68336207,0.68336207,22489,31775.206743478775,0.6599693,0.68220615,0.68220615,0.68220615,1.0455995179921198,0.0,0.0
135665,1476210,-0.019471169,0.0,0.0,0.0,10,0.0,216834,2610180,0.67649704,0.6847566,0.6847566,0.6847566,0.6570259,0.6847566,0.6847566,0.6847566,22489,31775.206743478775,0.6570259,0.6847566,0.6847566,0.6847566,1.5703057756033203,0.0,nan
135666,1476220,0.009945631,-0.01014318,-0.01014318,-0.01014318,10,0.0,216834,2610180,0.69558495,0.68960744,0.68960744,0.68960744,0.7055306,0.67946416,0.67946416,0.67946416,22489,31775.206743478775,0.65994054,0.6757324,0.6757324,0.6757324,1.002183665399094,0.0,0.0
135666,1476220,-0.03956437,-0.0039710165,-0.0039710165,-0.0039710165,10,0.0,216834,2610180,0.70857793,0.70331454,0.70331454,0.70331454,0.66901356,0.6993435,0.6993435,0.6993435,22489,31775.206743478775,0.66901356,0.69658613,0.69658613,0.69658613,1.705509604425676,0.0,0.0
                                                                                                                                                                                                                                                          135903,1478590,-0.05410689,0.00650503,-0.0035828883,-0.0050217123,10,0.0,216892,2610760,0.71829975,0.6861118,0.688179,0.6885175,0.66419286,0.6926169,0.6845961,0.6834958,22489,31775.206743478775,0.66419286,0.6725024,0.67205656,0.6708129,68.97879639573264,0.0,0.0
136127,1480830,-0.024276495,-0.0074741067,-0.005985628,-0.0054855035,10,0.0,216949,2611330,0.68721956,0.6977427,0.6875508,0.6882524,0.66294307,0.6902686,0.6815651,0.6827669,22489,31775.206743478775,0.66294307,0.6770781,0.67005163,0.67056274,73.03002127711439,0.0,0.0
136382,1483380,0.036027133,-0.009605646,-0.0067979842,-0.0055588908,10,0.0,217011,2611950,0.6598736,0.68133515,0.6904802,0.68828607,0.69590074,0.67172956,0.6836821,0.68272716,22489,31775.206743478775,0.6587374,0.6640357,0.669874,0.6701158,59.44847605224964,0.0,0.0
136603,1485590,-0.00045502186,-0.0014070213,-0.007026143,-0.0056576263,10,0.0,217069,2612530,0.67830527,0.6894518,0.69192475,0.6883348,0.67785025,0.68804485,0.68489856,0.68267715,22489,31775.206743478775,0.67785025,0.67828965,0.6751471,0.67056775,19.243113194432656,0.0,0.0
136763,1487190,-0.011459291,-0.017634476,-0.008759826,-0.0061373264,10,0.0,217118,2613020,0.66586846,0.69753724,0.6928711,0.6887298,0.65440917,0.67990273,0.68411124,0.6825925,22493,31778.664894342422,0.65394485,0.66671467,0.6757464,0.67104644,57.64391724835526,0.0,0.0
136863,1488190,0.0056309104,-0.004046726,-0.00798082,-0.006251195,10,0.0,217263,2614470,0.7024018,0.6853652,0.69191474,0.68907404,0.7080327,0.6813185,0.6839338,0.6828229,22505,31788.04411673546,0.6981289,0.6760782,0.6752321,0.67169356,14.995268288235788,0.0,0.0
136952,1489080,-0.008341491,-0.00079661014,-0.006846443,-0.006596224,10,0.0,217436,2616200,0.72403234,0.69165933,0.69063514,0.6893368,0.71569085,0.6908627,0.68378866,0.68274057,22519,31799.09042239189,0.7145579,0.6789325,0.6752162,0.672006,17.390855825991267,0.0,0.0
137026,1489820,0.0005066395,-0.015024644,-0.0076814215,-0.0066932403,10,0.0,217641,2618250,0.7101319,0.70015496,0.69396234,0.68981826,0.7106385,0.68513024,0.68628097,0.683125,22533,31809.875251293182,0.68405306,0.6799192,0.67807776,0.67255324,3.8618102474924223,0.0,0.0
137104,1490600,-0.014413416,-0.0013260245,-0.00858393,-0.006896679,10,0.0,217794,2619780,0.6785665,0.67695296,0.6922763,0.6901572,0.6641531,0.6756269,0.68369234,0.6832605,22545,31819.12959241867,0.6641531,0.66377676,0.67558634,0.67295074,15.986955224142289,0.0,0.0
137187,1491430,-0.011578023,-0.0021143495,-0.0067590643,-0.0069612325,10,0.0,217965,2621490,0.68531024,0.6809373,0.6857763,0.6898651,0.6737322,0.6788229,0.6790172,0.6829038,22559,31830.121011972427,0.6736599,0.67460626,0.67084825,0.6728956,14.051552125000837,0.0,0.0
137273,1492290,-0.031041384,0.0026300312,0.0009733677,-0.006457514,10,0.0,218141,2623250,0.7023801,0.6865392,0.680763,0.6893158,0.67133874,0.6891692,0.68173635,0.6828583,22573,31841.049388885498,0.6667343,0.67754257,0.66808784,0.67272013,14.871530493646551,0.0,0.0
137351,1493070,0.051287234,-0.0008022666,0.006855076,-0.0052656457,10,0.0,218295,2624790,0.65252364,0.6882136,0.67570555,0.6879247,0.7038109,0.6874113,0.68256056,0.68265903,22585,31850.431436300278,0.65252364,0.6753038,0.66009814,0.67165035,13.878763853768007,0.0,0.0
137438,1493940,-0.03352791,0.005945915,0.002662019,-0.0046188585,10,0.0,218447,2626310,0.7038113,0.6717576,0.67701983,0.68707407,0.6702834,0.6777035,0.6796818,0.6824552,22597,31859.776037454605,0.6686338,0.6681301,0.66180265,0.6709186,14.257664298833125,0.0,0.0
137524,1494800,0.03337705,0.00090725423,0.002572434,-0.0038229013,10,0.0,218629,2628130,0.65751505,0.675542,0.6752182,0.6860186,0.6908921,0.67644924,0.6777907,0.68219566,22611,31870.733503341675,0.65742064,0.65678155,0.6643445,0.67048013,15.142575025948824,0.0,0.0
137607,1495630,-0.025140405,0.0005935073,0.0010517687,-0.0031698467,10,0.0,218799,2629830,0.68821716,0.66818035,0.6776688,0.6848424,0.66307676,0.6687738,0.67872065,0.6816725,22625,31881.62170267105,0.6539858,0.66061604,0.6652424,0.66961396,14.41312358271774,0.0,0.0
137684,1496400,0.0014631152,0.005704439,0.0020263111,-0.0021650384,10,0.0,218955,2631390,0.66349953,0.6730843,0.6779932,0.68385416,0.66496265,0.6787887,0.68001956,0.6816892,22637,31891.037828683853,0.660532,0.66506165,0.66944313,0.6695874,16.429566375494534,0.0,0.0
137766,1497220,-0.017035365,0.0062280595,0.0016696292,-0.0014493855,10,0.0,219109,2632930,0.6742299,0.6718806,0.6793881,0.6828905,0.65719455,0.67810863,0.6810578,0.6814411,22649,31900.423052549362,0.65719455,0.66573995,0.66552323,0.6686787,15.513561916780988,0.0,0.0
137853,1498090,-0.023460388,0.003043127,0.002336164,-0.0006268492,10,0.0,219282,2634660,0.68092287,0.6822542,0.6772951,0.6817634,0.6574625,0.6852973,0.6796311,0.6811366,22663,31911.385935544968,0.6546884,0.6678337,0.6667932,0.6680224,15.425900909929787,0.0,0.0
137938,1498940,0.04695463,0.012769711,0.0030842102,0.00025039125,10,0.0,219469,2636530,0.65341306,0.6669078,0.6774939,0.6805031,0.7003677,0.67967755,0.68057805,0.68075347,22677,31922.368953704834,0.65341306,0.6610344,0.6666889,0.6671808,13.538515964704283,0.0,0.0
138018,1499740,-0.011407971,0.003942472,0.0047907676,0.0012439414,10,0.0,219624,2638080,0.6861319,0.6735491,0.67639685,0.67908424,0.6747239,0.6774916,0.68118757,0.68032813,22689,31931.837014198303,0.67434233,0.6630415,0.66425633,0.66601634,14.380405118148031,0.0,0.0
138103,1500590,-0.006143391,-0.0030895532,0.0024517744,0.0020667918,10,0.0,219774,2639580,0.67814165,0.69241625,0.677944,0.67813283,0.67199826,0.68932664,0.68039584,0.68019956,22701,31941.18703699112,0.67199826,0.66869426,0.6631325,0.6652245,13.663122569262677,0.0,0.0
138189,1501450,-0.021314561,0.013605202,0.0028028453,0.0029400121,10,0.0,219968,2641520,0.70311236,0.6790291,0.68167233,0.6776348,0.6817978,0.6926344,0.6844751,0.6805747,22715,31952.1841070652,0.6817978,0.6660077,0.6679404,0.6649665,13.722998097438003,0.0,0.0
138273,1502290,0.013489902,0.00015380382,0.0030597658,0.002982445,10,0.0,220140,2643240,0.6648172,0.68191886,0.67944616,0.6774847,0.6783071,0.6820727,0.68250585,0.6804672,22729,31963.19252061844,0.6647238,0.67271274,0.6661306,0.6648967,17.247230630243134,0.0,0.0
138354,1503100,-0.02434498,0.0012253523,0.0025281692,0.0025053825,10,0.0,220293,2644770,0.6832898,0.6883987,0.68092626,0.67797947,0.65894485,0.6896241,0.68345433,0.6804849,22741,31972.545055627823,0.65447897,0.6826499,0.66890985,0.6657854,14.464154670403946,0.0,0.0
138440,1503960,-0.0073845387,0.0011818468,0.0020874566,0.0024580108,10,0.0,220447,2646310,0.6629361,0.6777962,0.68104094,0.67849404,0.65555155,0.678978,0.68312836,0.680952,22753,31981.945682525635,0.65555155,0.66684437,0.6688345,0.66648585,16.206475783623294,0.0,0.0
138523,1504790,-0.0015867949,0.004486573,0.0020200617,0.002398617,10,0.0,220631,2648150,0.6821447,0.68089354,0.67978203,0.67892504,0.6805579,0.68538016,0.68180203,0.6813236,22767,31992.878520727158,0.6801796,0.6697744,0.6684703,0.6668912,60.347092931240375,0.0,0.0
138604,1505600,0.00695771,0.002756834,0.0013099164,0.0025008325,10,0.0,220786,2649700,0.6581756,0.67137814,0.6806962,0.67914486,0.6651333,0.6741349,0.6820061,0.68164575,22779,32002.294318437576,0.65553516,0.6597661,0.66547525,0.6667658,42.421898389015205,0.0,0.0
138691,1506470,-0.023896396,0.0006387889,0.0019783843,0.002458209,10,0.0,220957,2651410,0.69190663,0.6821567,0.67776734,0.67902595,0.66801023,0.6827954,0.6797458,0.6814841,22793,32013.227752685547,0.66208196,0.6647692,0.6661071,0.66639674,53.52485522282541,0.0,0.0
138768,1507240,0.0076238513,0.008761549,0.0013016158,0.0024488994,10,0.0,221110,2652940,0.6828885,0.67094517,0.67946655,0.67895037,0.69051236,0.6797067,0.68076813,0.6813993,22805,32022.70224094391,0.66427416,0.66715026,0.6683387,0.66666347,14.828234390737727,0.0,0.0
138850,1508060,0.005607724,0.007908339,0.0031004238,0.0024586576,10,0.0,221283,2654670,0.65339136,0.672591,0.6796554,0.6790891,0.6589991,0.6804993,0.6827558,0.68154776,22819,32033.695378541946,0.65339136,0.66873276,0.6708119,0.6669747,15.298187256081993,0.0,0.0
135893,1478490,-0.047866404,0.0038569034,-0.005426504,-0.0051943604,10,0.0,216892,2610760,0.7218745,0.6927806,0.6870568,0.6854786,0.6740081,0.6966376,0.68163025,0.68028426,22489,31775.206743478775,0.6740081,0.6815627,0.66954416,0.6681508,48.107981629909666,0.0,0.0
136112,1480680,-0.05273509,-0.008381724,-0.006223921,-0.00563631,10,0.0,216947,2611310,0.72494143,0.68884385,0.6891559,0.68738145,0.67220634,0.6804622,0.6829321,0.6817451,22489,31775.206743478775,0.67220634,0.6654825,0.6707029,0.6695926,60.72101339124141,0.0,0.0
136340,1482960,-0.029100955,-0.0012869537,-0.007075051,-0.0058547286,10,0.0,217005,2611890,0.6836274,0.6823456,0.69246763,0.68777424,0.6545265,0.6810587,0.68539244,0.6819195,22489,31775.206743478775,0.6545265,0.6719643,0.67251235,0.6701036,86.38217945760701,0.0,0.0
136579,1485350,-0.033668995,-0.005260259,-0.006305124,-0.0057868464,10,0.0,217067,2612510,0.6993713,0.6863078,0.68717825,0.6872887,0.6657023,0.68104756,0.6808731,0.68150187,22489,31775.206743478775,0.6657023,0.67209905,0.67180014,0.67005867,31.056702882051578,0.0,0.0
136729,1486850,-0.040371835,-0.00759722,-0.004227215,-0.0056415237,10,0.0,217104,2612880,0.707386,0.6916905,0.6897458,0.6876887,0.6670142,0.6840933,0.6855185,0.68204725,22490,31775.206743478775,0.65769964,0.6755014,0.673086,0.67073387,39.26269368987341,0.0,0.0
136848,1488040,-0.041443765,-0.014411056,-0.0076480038,-0.005768758,10,0.0,217249,2614330,0.6965279,0.68508494,0.6904338,0.6882859,0.65508413,0.67067397,0.68278575,0.68251723,22503,31785.959200143814,0.65508413,0.66554606,0.6757385,0.6716685,16.953724617740217,0.0,0.0
136953,1489090,0.007188201,-0.009137022,-0.00977704,-0.006143398,10,0.0,217451,2616350,0.690609,0.68761116,0.69037306,0.688324,0.6977972,0.6784741,0.680596,0.6821805,22519,31796.648552656174,0.6777367,0.66896534,0.671791,0.6716248,17.63281669085363,0.0,0.0
137048,1490040,-0.04602933,-0.0016550481,-0.007994758,-0.00629532,10,0.0,217689,2618730,0.7010618,0.6907193,0.6889319,0.6882054,0.65503246,0.6890643,0.6809371,0.68191016,22537,31808.42878818512,0.65503246,0.67867196,0.67352074,0.671888,4.477679786256996,0.0,0.0
137130,1490860,-0.03562236,-0.005326295,-0.008391062,-0.006538265,10,0.0,217872,2620560,0.6910417,0.6828252,0.6898994,0.6884897,0.65541935,0.67749894,0.68150824,0.68195134,22551,31817.811945199966,0.65541935,0.6665507,0.6734484,0.6722101,18.186660353395744,0.0,0.0
137231,1491870,-0.047531247,-0.0006795943,-0.009188465,-0.0069103874,10,0.0,218081,2622650,0.7075518,0.69007,0.6893123,0.6890752,0.66002053,0.68939036,0.6801239,0.6821648,22567,31828.54551100731,0.66002053,0.67646235,0.6711116,0.6725621,15.63457263939351,0.0,0.0
137323,1492790,0.030962944,-0.016111845,-0.007945701,-0.0069930195,10,0.0,218262,2624460,0.68299437,0.7024674,0.6899693,0.6887008,0.7139573,0.68635553,0.68202347,0.68170774,22581,31837.94241786003,0.6763195,0.6789477,0.67168367,0.6723595,16.935720798093516,0.0,0.0
137428,1493840,-0.009118795,-0.015425349,-0.011363986,-0.007376128,10,0.0,218485,2626690,0.68864197,0.6954988,0.69215554,0.6892538,0.67952317,0.68007356,0.68079156,0.6818777,22597,31848.68447327614,0.67952317,0.6678367,0.6731733,0.6727798,16.569108003476337,0.0,0.0
137520,1494760,-0.013017714,-0.01914317,-0.008038831,-0.0075841667,10,0.0,218652,2628360,0.67617685,0.69456077,0.687928,0.68934286,0.66315913,0.6754176,0.6798892,0.68175864,22611,31858.103494644165,0.66315913,0.66984713,0.6720606,0.6729492,17.133034868141564,0.0,0.0
137616,1495720,-0.042171717,0.0006111562,-0.0072919005,-0.007852621,10,0.0,218872,2630560,0.7246657,0.672264,0.6912644,0.68989754,0.682494,0.67287505,0.6839725,0.6820449,22627,31868.823326826096,0.6688448,0.6648608,0.67529875,0.67321676,17.464470871965226,0.0,0.0
137714,1496700,-0.0012056828,-0.016751444,-0.0073711555,-0.008181653,10,0.0,219056,2632400,0.6818914,0.70859337,0.6887409,0.68990135,0.6806857,0.69184196,0.6813697,0.6817197,22641,31878.242936372757,0.6806857,0.6816384,0.6719364,0.67315185,17.81904570929446,0.0,0.0
137809,1497650,-0.012912214,-0.00840612,-0.009333167,-0.008413757,10,0.0,219260,2634440,0.69785047,0.69759864,0.6914932,0.6899499,0.68493825,0.6891926,0.68216,0.68153626,22657,31888.990790843964,0.66741884,0.6718281,0.67207825,0.67276895,64.2753987421692,0.0,0.0
137901,1498570,-0.045874715,-0.004111129,-0.005869651,-0.008118078,10,0.0,219439,2636230,0.71536255,0.6912126,0.68739057,0.68970454,0.66948783,0.6871015,0.6815208,0.68158644,22671,31898.373297452927,0.66948783,0.6725914,0.67096114,0.6726879,50.933704763789905,0.0,0.0
138004,1499600,-0.028392494,-0.009282422,-0.011688806,-0.0084304735,10,0.0,219660,2638440,0.7245234,0.6932285,0.6934638,0.69020003,0.69613093,0.6839461,0.681775,0.6817695,22687,31909.12616252899,0.6788773,0.68179834,0.6745875,0.67298704,15.97688889972391,0.0,0.0
138105,1500610,0.017189384,-0.0056490838,-0.008286875,-0.008394036,10,0.0,219859,2640430,0.6868852,0.68049324,0.6892437,0.6899145,0.70407456,0.67484415,0.6809568,0.6815205,22703,31919.93094611168,0.68213814,0.6648581,0.67357326,0.6727345,16.661961877302325,0.0,0.0
138201,1501570,-0.033759832,-0.0039776983,-0.0067255646,-0.00814432,10,0.0,220043,2642270,0.717866,0.679587,0.6865905,0.68963295,0.6841062,0.67560923,0.67986494,0.68148863,22717,31929.333570241928,0.65677994,0.66075724,0.6710838,0.6726898,18.79027868434575,0.0,0.0
138301,1502570,-0.03439957,-0.006719321,-0.009083657,-0.008444424,10,0.0,220246,2644300,0.6955613,0.6862174,0.6888888,0.68986684,0.6611617,0.6794981,0.67980516,0.6814225,22733,31940.07702946663,0.6611617,0.6750754,0.67103696,0.672804,15.693210615384443,0.0,0.0
138387,1503430,0.010462761,-0.015285867,-0.008180467,-0.008206861,10,0.0,220428,2646120,0.67648226,0.69326913,0.6896267,0.6895814,0.686945,0.6779833,0.6814461,0.68137455,22747,31949.538534641266,0.67648226,0.6716366,0.6718837,0.67253673,18.954907401549182,0.0,0.0
138491,1504470,-0.036287785,-0.00783248,-0.007411874,-0.008110312,10,0.0,220650,2648340,0.7014986,0.6911231,0.6918248,0.6898568,0.66521084,0.6832907,0.6844129,0.6817465,22763,31960.324034690857,0.66521084,0.6783025,0.67631066,0.67292804,17.250287895239037,0.0,0.0
138585,1505410,0.004506588,0.006808728,-0.0013601702,-0.007408127,10,0.0,220838,2650220,0.6646929,0.67926836,0.68257,0.68875915,0.66919947,0.6860771,0.6812098,0.681351,22777,31969.744087696075,0.6630225,0.6707883,0.670781,0.6724499,16.8663377285577,0.0,0.0
138682,1506380,0.003942311,-0.0011059523,0.0018012732,-0.006640036,10,0.0,221043,2652270,0.68054503,0.67844784,0.67562693,0.6877598,0.68448734,0.6773419,0.6774282,0.6811198,22793,31980.47297167778,0.68054503,0.6643395,0.6653372,0.67184824,18.328656092110336,0.0,0.0
138772,1507280,-0.039331198,-0.011785823,-0.005310016,-0.006337019,10,0.0,221220,2654040,0.69694877,0.68923426,0.6863679,0.6873518,0.65761757,0.67744845,0.68105805,0.68101484,22807,31989.907679080963,0.65761757,0.67151034,0.67213434,0.6718035,17.72934568915194,0.0,0.0
138875,1508310,0.013209462,-0.0140040275,-0.010021376,-0.0065973247,10,0.0,221442,2656260,0.6900382,0.6957363,0.6910068,0.68745124,0.70324767,0.6817323,0.6809855,0.6808539,22823,32000.636509656906,0.6900382,0.6749476,0.6727625,0.6719103,15.59321681030669,0.0,0.0
138970,1509260,-0.043160617,-0.0110767605,-0.009158485,-0.006552275,10,0.0,221624,2658080,0.72411716,0.70522153,0.6957841,0.68801904,0.68095654,0.6941448,0.6866257,0.6814668,22837,32010.07474756241,0.68095654,0.68184006,0.6794763,0.672506,17.36886915903331,0.0,0.0
139071,1510270,0.013007283,-0.006190014,-0.00912579,-0.006349898,10,0.0,221834,2660180,0.6811465,0.69630635,0.6920329,0.6880406,0.6941538,0.69011635,0.6829069,0.6816907,22853,32020.844524860382,0.6811465,0.67637944,0.6745926,0.6727417,20.333574435655738,0.0,0.0
139155,1511110,-0.016323328,-0.00869813,-0.010185905,-0.006762328,10,0.0,222031,2662150,0.7015518,0.6891261,0.6927657,0.68848914,0.68522847,0.6804279,0.6825799,0.6817268,22867,32030.289376974106,0.6763808,0.66792786,0.6747332,0.6728051,18.36136076101755,0.0,0.0
138933,1508890,0.0005302429,-0.0006115794,0.0041389395,0.0024778135,10,0.0,221441,2656250,0.69872105,0.6780139,0.6771467,0.67918676,0.6992513,0.6774023,0.6812856,0.6816646,22831,32043.16729903221,0.65585893,0.67086685,0.66543686,0.66693944,15.663620312084538,0.0,0.0
139016,1509720,-0.03136921,-0.0030918003,0.0018188644,0.0023119755,10,0.0,221616,2658000,0.70344204,0.68498987,0.6839863,0.6798352,0.6720728,0.68189806,0.6858052,0.6821472,22845,32054.195821523666,0.67114097,0.66916084,0.67219114,0.66757554,14.769383322581644,0.0,0.0
139106,1510620,0.0042515397,-0.0010169863,0.0011707026,0.0022502488,10,0.0,221784,2659680,0.6730915,0.6807595,0.6840202,0.68040234,0.677343,0.6797425,0.6851909,0.6826526,22859,32065.1306784153,0.6561204,0.67126775,0.66901094,0.6681018,15.20208536907147,0.0,0.0
139189,1511450,-0.01143533,0.00915054,0.0017342031,0.002157792,10,0.0,221954,2661380,0.675177,0.68214643,0.6792185,0.6801505,0.66374165,0.691297,0.6809526,0.6823084,22871,32074.60810661316,0.66374165,0.67526734,0.66802865,0.66796535,14.953499200327427,0.0,0.0
139272,1512280,-0.013470769,0.0096920375,0.0051130904,0.0023872256,10,0.0,222128,2663120,0.6812102,0.67353344,0.67856836,0.6800773,0.66773945,0.68322545,0.6836814,0.68246454,22885,32085.834159612656,0.6660836,0.660008,0.6663752,0.6679124,13.522815275740331,0.0,0.0
139358,1513140,0.004178703,0.001018101,0.0048606335,0.0024715764,10,0.0,222299,2664830,0.6848988,0.67516196,0.6775677,0.68001956,0.6890775,0.67618006,0.6824286,0.68249106,22897,32095.294342041016,0.6540934,0.6604691,0.6652208,0.66773766,15.466737861113304,0.0,0.0
139430,1513860,0.034880936,-0.004484868,-0.000104185936,0.0021726107,10,0.0,222434,2666180,0.6685083,0.69037443,0.68401456,0.68038803,0.7033892,0.6858895,0.68391037,0.6825607,22909,32104.751499176025,0.6685083,0.66841114,0.6682919,0.66776466,15.390687437573893,0.0,0.0
139522,1514780,-0.0046247244,-0.0038336932,0.0026109528,0.002271987,10,0.0,222629,2668130,0.68063664,0.68906766,0.67934746,0.6802927,0.6760119,0.68523395,0.68195844,0.6825647,22923,32115.808101415634,0.6716595,0.6752213,0.66533774,0.6675293,14.659432314959925,0.0,0.0
139603,1515590,0.055342972,-0.0041884007,0.003598994,0.0024629082,10,0.0,222783,2669670,0.6546362,0.67553973,0.67825186,0.6799143,0.7099792,0.6713513,0.6818509,0.6823773,22937,32126.80813932419,0.6546362,0.6643643,0.66603965,0.6675426,14.69732674512849,0.0,0.0
139680,1516360,-0.026362836,0.0051285266,0.004161945,0.002678939,10,0.0,222939,2671230,0.69945,0.6767829,0.6754251,0.67977566,0.6730872,0.68191147,0.679587,0.6824546,22949,32136.201322317123,0.6730102,0.6669072,0.6645166,0.6673987,16.205655495208397,0.0,0.0
139774,1517300,0.0028483868,0.0029421032,0.002792235,0.0027474312,10,0.0,223124,2673080,0.66964394,0.6809176,0.6811708,0.67991626,0.6724923,0.6838598,0.68396306,0.6826637,22963,32147.260584115982,0.6547258,0.67633593,0.66982794,0.6675107,15.688338619129784,0.0,0.0
139851,1518070,-0.015121877,0.00012778044,0.0052349316,0.002990439,10,0.0,223273,2674570,0.6833148,0.6765545,0.67644966,0.6794849,0.6681929,0.67668235,0.6816845,0.6824753,22975,32156.70215678215,0.6551552,0.6656119,0.66660637,0.66696227,16.38163234220054,0.0,0.0
139933,1518890,-0.0068133473,0.0017561913,0.0047668945,0.0031366257,10,0.0,223443,2676270,0.6699707,0.68227357,0.6748316,0.67926574,0.66315734,0.6840297,0.67959845,0.68240243,22987,32166.111218690872,0.65872,0.6779103,0.6644717,0.6669124,15.530185582263844,0.0,0.0
140016,1519720,-0.012189567,0.0047923387,0.0026562423,0.0032194527,10,0.0,223596,2677800,0.68431437,0.6908979,0.67833066,0.6787125,0.6721248,0.6956903,0.68098694,0.681932,23001,32177.157376766205,0.667747,0.6769056,0.66739345,0.6664755,13.34907268224667,0.0,0.0
140103,1520590,-0.012272358,0.0034038306,0.0021586888,0.0032027788,10,0.0,223785,2679690,0.6809061,0.6828514,0.6825635,0.67851084,0.66863376,0.6862552,0.6847222,0.68171364,23015,32188.17269396782,0.664233,0.6722587,0.6696494,0.6664211,14.061482510580548,0.0,0.0
140190,1521460,0.0073002577,-0.00012494325,0.0028536094,0.0033656715,10,0.0,223953,2681370,0.68219054,0.67388076,0.6818551,0.6787858,0.6894908,0.67375576,0.68470865,0.6821515,23027,32197.603096961975,0.68219054,0.66181225,0.66908026,0.6666113,15.195421271033482,0.0,0.0
140261,1522170,0.034590125,0.0054180147,0.0025623983,0.0031366157,10,0.0,224104,2682880,0.66246307,0.67953014,0.6824234,0.67922884,0.6970532,0.68494815,0.6849858,0.6823654,23039,32207.03841996193,0.6572782,0.66609406,0.66955644,0.6669522,15.097047470545974,0.0,0.0
140348,1523040,0.0011348128,0.0032100498,0.0031825406,0.0030742045,10,0.0,224255,2684390,0.6537154,0.6695404,0.6816704,0.6793888,0.6548502,0.67275053,0.6848529,0.682463,23053,32218.103293657303,0.6529729,0.66049397,0.66911715,0.6671482,15.811255787898745,0.0,0.0
140435,1523910,7.867813e-05,0.009831029,0.0027995813,0.0033198085,10,0.0,224439,2686230,0.65869486,0.67628855,0.67467713,0.6786293,0.65877354,0.68611956,0.6774768,0.6819491,23067,32229.141098499298,0.65869486,0.6748656,0.66388625,0.6668053,16.16504571863528,0.0,0.0
140520,1524760,0.015258908,-0.003405291,0.0024700176,0.0032168913,10,0.0,224611,2687950,0.65232986,0.68382215,0.6807296,0.6788322,0.6675888,0.6804169,0.68319964,0.6820491,23079,32238.671543359756,0.65232986,0.6641176,0.6682028,0.66705334,14.516759169399755,0.0,0.0
140601,1525570,0.035959482,0.0013132989,0.0023912734,0.0031367417,10,0.0,224760,2689440,0.66212493,0.66707337,0.6761086,0.67864,0.6980844,0.66838676,0.6785,0.6817768,23091,32248.11295413971,0.65136045,0.659047,0.66390884,0.6668755,16.687583650695384,0.0,0.0
140681,1526370,0.0041568875,0.004015869,0.0029936314,0.003058637,10,0.0,224922,2691060,0.6885143,0.6743711,0.6761196,0.6787896,0.6926712,0.678387,0.6791132,0.6818483,23105,32259.15926194191,0.6658063,0.6680658,0.6673645,0.6671427,15.083111124696355,0.0,0.0
140767,1527230,0.038875937,-0.007720226,0.0005269873,0.0028080551,10,0.0,225098,2692820,0.6545895,0.68480486,0.67910486,0.67865884,0.6934654,0.6770846,0.6796319,0.6814668,23117,32268.619520425797,0.65448993,0.66061234,0.66656995,0.66684777,15.644877326792354,0.0,0.0
140852,1528080,0.006713629,-0.00030161737,0.0003907156,0.0024708505,10,0.0,225263,2694470,0.68465453,0.6891685,0.6791076,0.678874,0.69136816,0.6888669,0.6794983,0.681345,23131,32279.714436769485,0.68465453,0.67607445,0.66783994,0.6671683,15.078317807338662,0.0,0.0
140935,1528910,0.01855123,0.0043175695,0.004375624,0.0024685469,10,0.0,225417,2696010,0.68359935,0.6731849,0.6791423,0.67918605,0.7021506,0.67750245,0.6835178,0.6816546,23143,32289.166536331177,0.6709161,0.6603584,0.6663751,0.6672766,15.946699150863697,0.0,0.0
141021,1529770,0.016611993,0.00494985,0.004288921,0.00248488,10,0.0,225602,2697860,0.6590624,0.6774568,0.6777586,0.67929465,0.6756744,0.6824067,0.6820474,0.68177956,23157,32300.254732131958,0.6590624,0.6640802,0.6644044,0.66716945,16.19930889503153,0.0,0.0
141098,1530540,0.020326793,0.007253778,0.0042552394,0.002746518,10,0.0,225756,2699400,0.6860266,0.6758028,0.6782547,0.6790018,0.70635337,0.6830566,0.6825099,0.68174833,23169,32309.70966219902,0.6535073,0.6556072,0.6656431,0.66692156,14.900535300411955,0.0,0.0
141182,1531380,0.03882253,0.010568202,0.00423498,0.0028325072,10,0.0,225921,2701050,0.6494388,0.6720526,0.6778448,0.67856604,0.68826133,0.6826208,0.6820798,0.6813986,23183,32320.768600463867,0.6494388,0.6639591,0.66395646,0.6664968,14.14615078218092,0.0,0.0
141266,1532220,-0.005469978,-0.002275765,0.0065707266,0.0030705393,10,0.0,226071,2702550,0.67239547,0.68634975,0.677663,0.6782291,0.6669255,0.6840739,0.6842337,0.6812997,23195,32330.299607038498,0.66251343,0.6760696,0.66532797,0.66623884,13.697641100134126,0.0,0.0
141349,1533050,0.04211092,0.00064730644,0.0026204556,0.003085288,10,0.0,226260,2704440,0.668014,0.67262673,0.6810363,0.6781445,0.7101249,0.673274,0.6836567,0.6812298,23209,32341.366981983185,0.668014,0.65838295,0.6684928,0.6661908,14.941694566020475,0.0,0.0
139259,1512150,0.001733005,-0.010899353,-0.0074642543,-0.0064935414,10,0.0,222233,2664170,0.6814342,0.69765544,0.6893528,0.6883596,0.6831672,0.6867561,0.68188876,0.6818661,22883,32041.124657154083,0.67771906,0.6724884,0.6707649,0.6727663,16.25026539401519,0.0,0.0
139347,1513030,-0.018606782,-0.011538249,-0.007206217,-0.006486858,10,0.0,222418,2666020,0.69011503,0.6953159,0.68783194,0.6883356,0.67150825,0.6837777,0.6806257,0.68184876,22897,32050.633814573288,0.67150825,0.67864686,0.6725265,0.67290056,16.86471689714917,0.0,0.0
139447,1514030,-0.02049607,-0.01602779,-0.011096738,-0.006759219,10,0.0,222622,2668060,0.70614207,0.6932894,0.6922871,0.68850964,0.685646,0.6772616,0.6811903,0.68175036,22913,32061.424802541733,0.6638507,0.66859305,0.6728551,0.67284423,16.909018416754922,0.0,0.0
139545,1515010,-0.05047381,-0.002737409,-0.010279783,-0.007243117,10,0.0,222801,2669850,0.72240907,0.6877204,0.69605345,0.6894636,0.67193526,0.68498296,0.6857736,0.68222046,22927,32070.838597536087,0.66387534,0.6728622,0.6781309,0.6733463,17.204429511866874,0.0,0.0
139642,1515980,-0.024020493,-0.012677086,-0.007769125,-0.008106051,10,0.0,223017,2672010,0.72019476,0.70053947,0.6891287,0.6904889,0.69617426,0.68786234,0.68135965,0.6823828,22943,32081.753348112106,0.6906876,0.6722622,0.67378587,0.673937,17.131082492395926,0.0,0.0
139735,1516910,-0.044868946,-0.005596584,-0.0064647426,-0.008549912,10,0.0,223199,2673830,0.6989709,0.6819886,0.6871741,0.6908996,0.65410197,0.6763921,0.68070936,0.6823497,22957,32091.186780691147,0.65410197,0.66882837,0.6704371,0.67398036,18.001683297202387,0.0,0.0
139834,1517900,0.0056297183,-0.009133411,-0.009277359,-0.008549732,10,0.0,223419,2676030,0.6827383,0.69149005,0.68920815,0.6907976,0.688368,0.68235666,0.6799308,0.6822478,22973,32101.963272809982,0.6827383,0.6783304,0.67340857,0.67408276,15.066169238937011,0.0,0.0
139925,1518810,0.0048440695,-0.004894078,-0.01098863,-0.008820472,10,0.0,223602,2677860,0.7044653,0.6851212,0.688615,0.690538,0.7093094,0.6802271,0.6776265,0.6817175,22987,32111.409396648407,0.7044653,0.66871893,0.6696462,0.67345273,16.968265090304758,0.0,0.0
140026,1519820,-0.0063825846,0.002457571,-0.0032052565,-0.008365078,10,0.0,223804,2679880,0.6780462,0.6812662,0.6838671,0.6897693,0.67166364,0.6837238,0.68066186,0.6814043,23003,32122.153782367706,0.6684473,0.6711204,0.6701655,0.67294836,17.481598554225705,0.0,0.0
140118,1520740,-0.0099025965,0.0018127977,0.0008082169,-0.0073634093,10,0.0,223987,2681710,0.67973787,0.6809974,0.6833561,0.68857014,0.66983527,0.6828102,0.68416435,0.6812067,23017,32131.607661247253,0.66531205,0.6685846,0.6723794,0.67231756,15.641895910988623,0.0,0.0
140217,1521730,0.044549525,0.007311487,-0.0013319242,-0.006532496,10,0.0,224208,2683920,0.66595405,0.68091416,0.6821101,0.6878408,0.7105036,0.6882256,0.68077815,0.6813083,23033,32142.387037992477,0.66595405,0.67378724,0.670357,0.67230093,17.988998084572184,0.0,0.0
140309,1522650,-0.009937882,-0.0018212736,-0.0010323513,-0.006053052,10,0.0,224394,2685780,0.67827326,0.6791333,0.68612134,0.68778723,0.6683354,0.6773121,0.68508893,0.6817342,23047,32151.806020736694,0.65742254,0.6668707,0.6742196,0.6726645,15.850231085212435,0.0,0.0
140414,1523700,0.020259976,-0.0006860375,-0.0007531488,-0.005322446,10,0.0,224596,2687800,0.6597133,0.68538016,0.6848147,0.68729424,0.6799733,0.6846942,0.6840615,0.6819718,23063,32162.6556224823,0.6588491,0.6677237,0.6711914,0.6724513,17.562027902925955,0.0,0.0
140501,1524570,-0.042933524,0.0021798075,-6.259143e-05,-0.0040780427,10,0.0,224775,2689590,0.69655216,0.6808981,0.6827486,0.68579054,0.65361863,0.6830779,0.6826859,0.68171245,23077,32172.12110877037,0.65361863,0.67129034,0.6678946,0.6713878,86.50385980543199,0.0,0.0
140605,1525610,0.044115305,-0.0017491579,0.0021816837,-0.00311949,10,0.0,225000,2691840,0.6666018,0.6693067,0.67670614,0.6847365,0.7107171,0.6675576,0.6788877,0.681617,23093,32182.905269145966,0.6666018,0.6584258,0.6660982,0.67081153,15.868352913224484,0.0,0.0
140691,1526470,0.0036819577,-0.0012881279,0.0011999053,-0.0023896475,10,0.0,225177,2693610,0.6743707,0.68566585,0.68065035,0.68390644,0.67805266,0.6843778,0.6818502,0.6815167,23107,32192.40566086769,0.6737134,0.66948235,0.66938424,0.6704288,17.61033266169241,0.0,0.0
140795,1527510,0.039016426,0.009725404,0.0037960368,-0.0012761465,10,0.0,225383,2695670,0.67274,0.6748768,0.6777018,0.68308496,0.7117564,0.6846022,0.6814978,0.6818087,23123,32203.24192237854,0.67274,0.6684047,0.6659524,0.66989076,18.022521792823053,0.0,0.0
140887,1528430,0.014582932,0.0034713089,0.0021856106,-9.8300756e-05,10,0.0,225567,2697510,0.6543308,0.68037826,0.6789955,0.6821315,0.6689137,0.6838496,0.6811812,0.6820332,23137,32212.71157336235,0.6543308,0.66915005,0.6677893,0.6695801,19.35508045573896,0.0,0.0
140985,1529410,-0.038336933,-0.003898078,0.0027030916,0.000904182,10,0.0,225782,2699660,0.70386994,0.6894021,0.67658234,0.6811148,0.665533,0.685504,0.6792854,0.682019,23153,32223.519013643265,0.6611116,0.66604364,0.6645491,0.6690966,17.285841515076207,0.0,0.0
141082,1530380,-0.019443274,0.007616484,0.0024626022,0.0011266913,10,0.0,225961,2701450,0.6998152,0.6734867,0.67890793,0.6806078,0.68037194,0.6811031,0.68137056,0.6817345,23167,32232.982959508896,0.655151,0.66558045,0.6665325,0.6685941,18.834230371654964,0.0,0.0
141176,1531320,0.012733161,0.00074015855,0.0003639078,0.0012350818,10,0.0,226170,2703540,0.66391826,0.68717086,0.6833008,0.68084997,0.6766514,0.68791103,0.6836647,0.68208504,23183,32243.788607358932,0.66391826,0.6761984,0.668465,0.66845834,16.739271419546174,0.0,0.0
141272,1532280,0.0072641373,0.010366136,0.0031941743,0.0015490465,10,0.0,226344,2705280,0.69993496,0.6782586,0.6782915,0.68006116,0.7071991,0.68862474,0.68148553,0.6816102,23197,32253.284873247147,0.6720328,0.66918176,0.66777074,0.6678015,18.974157839618012,0.0,0.0
141373,1533290,0.0043454766,0.00017655492,0.00069457234,0.0016690576,10,0.0,226573,2707570,0.65844727,0.68220747,0.68097824,0.67979884,0.66279274,0.682384,0.6816729,0.6814679,23213,32264.097210645676,0.65414023,0.6703186,0.66591805,0.6672368,18.235858560167234,0.0,0.0
141465,1534210,-0.025925934,-0.0037021637,0.005022405,0.0021881375,10,0.0,226755,2709390,0.6852606,0.6853236,0.6788832,0.6793235,0.65933466,0.68162143,0.68390566,0.6815116,23227,32273.586950540543,0.6548714,0.6661142,0.6674194,0.66700685,16.490544376557917,0.0,0.0
141563,1535190,0.040821075,0.0024274706,0.0034557004,0.0023018187,10,0.0,226964,2711480,0.66666186,0.6791366,0.6817507,0.67953575,0.70748293,0.68156403,0.6852063,0.6818376,23243,32284.39288663864,0.6665687,0.6630141,0.66632795,0.666921,16.242468459404712,0.0,0.0
141657,1536130,-0.0040674806,-0.0045971214,0.00082651735,0.0021915846,10,0.0,227144,2713280,0.67129844,0.69191223,0.6823322,0.6799248,0.66723096,0.6873151,0.6831587,0.68211645,23257,32293.86904144287,0.6671533,0.67815375,0.6668944,0.666858,17.885982354970505,0.0,0.0
141752,1537080,0.025293708,0.0012206137,0.004014317,0.002421493,10,0.0,227367,2715510,0.682832,0.67800933,0.6781017,0.6798477,0.7081257,0.67923,0.6821161,0.68226916,23273,32304.714897871017,0.66266483,0.66929454,0.66620564,0.6667474,15.39373769122415,0.0,0.0
141847,1538030,0.0028717518,0.00416497,0.0039248546,0.002672687,10,0.0,227548,2717320,0.6543632,0.6798483,0.68257165,0.67991287,0.65723497,0.68401325,0.68649656,0.6825856,23287,32314.159651994705,0.6543632,0.6679818,0.66974014,0.66695744,20.573969193278284,0.0,0.0
141950,1539060,-0.020228863,-0.0056049465,-0.00025164903,0.0022945425,10,0.0,227754,2719380,0.68581414,0.6897582,0.68088895,0.68043804,0.6655853,0.6841533,0.6806373,0.6827325,23303,32324.978996276855,0.6617822,0.67148817,0.6677502,0.6671896,17.862528970206576,0.0,0.0
142041,1539970,0.04325193,0.0006976366,0.0039100824,0.0024666723,10,0.0,227954,2721380,0.6674401,0.68065464,0.6755606,0.68015015,0.71069205,0.68135226,0.67947066,0.6826168,23317,32334.47555756569,0.6617713,0.6697635,0.6639817,0.6670919,15.0098806095989,0.0,0.0
141437,1533930,-0.04515499,0.017068237,0.005096617,0.0034107554,10,0.0,226411,2705950,0.6991393,0.6707097,0.67634636,0.6782107,0.6539843,0.6877779,0.681443,0.6816214,23221,32350.834126472473,0.6539843,0.663838,0.6622157,0.6659969,17.16518347694593,0.0,0.0
141514,1534700,0.0042028427,0.0034493566,0.0038826633,0.003508508,10,0.0,226563,2707470,0.68094367,0.68375677,0.67850995,0.67803466,0.6851465,0.68720615,0.68239266,0.68154323,23235,32361.898242235184,0.639392,0.6584507,0.6634783,0.66565853,16.34723787170804,0.0,0.0
141599,1535550,-0.021121323,-0.008380276,0.0045983326,0.0035709345,10,0.0,226736,2709200,0.6911072,0.69122684,0.67958647,0.6783716,0.6699859,0.68284655,0.68418485,0.6819425,23247,32371.420201539993,0.6655941,0.66760725,0.6637091,0.6656773,16.394771877460112,0.0,0.0
141683,1536390,-0.025628686,-0.0022711218,0.0009663856,0.0034477965,10,0.0,226922,2711060,0.68699956,0.68562055,0.6810564,0.6787412,0.6613709,0.68334943,0.6820226,0.6821891,23261,32382.702003717422,0.6569215,0.6690073,0.66341704,0.665332,13.996045085755435,0.0,0.0
141765,1537210,0.0025410652,-0.0005263925,0.0026881443,0.0036676687,10,0.0,227072,2712560,0.6875283,0.6879909,0.67960966,0.67874163,0.6900694,0.6874645,0.68229765,0.6824093,23273,32392.18942117691,0.6858062,0.6729835,0.6653993,0.6652494,14.4805238296794,0.0,0.0
141851,1538070,0.03934872,0.00978967,0.004284384,0.0040721283,10,0.0,227238,2714220,0.6552696,0.66707015,0.6757665,0.6783618,0.69461834,0.6768599,0.68005097,0.68243384,23287,32403.23626255989,0.6552696,0.6581345,0.6643708,0.664807,15.26806544625641,0.0,0.0
141930,1538860,0.014541805,0.010333717,0.0031623358,0.0039376724,10,0.0,227407,2715910,0.7012746,0.67125523,0.6811317,0.67871594,0.7158164,0.68158895,0.68429404,0.68265355,23301,32414.318380355835,0.6553748,0.66127026,0.6674372,0.6650748,14.51010496404045,0.0,0.0
142009,1539650,-0.038200796,0.0100597795,0.0037433642,0.0038398383,10,0.0,227558,2717420,0.6950472,0.67849493,0.677244,0.67864305,0.6568464,0.68855476,0.6809875,0.6824829,23313,32423.783315181732,0.6568464,0.6697769,0.6636808,0.66492283,14.903516143417292,0.0,0.0
142094,1540500,0.009677887,0.00029157996,0.002236182,0.0036491875,10,0.0,227723,2719070,0.6545134,0.6766337,0.67783856,0.6785027,0.6641913,0.6769253,0.6800749,0.6821519,23325,32433.30504512787,0.6545134,0.6602332,0.6652723,0.6648703,14.346048538392736,0.0,0.0
142182,1541380,-0.0026239753,0.0056806086,0.0038163222,0.0036469765,10,0.0,227895,2720790,0.6789534,0.66927326,0.6757591,0.67840296,0.67632943,0.6749538,0.67957526,0.68204993,23339,32444.444291591644,0.6596864,0.65511817,0.6630435,0.6647515,15.515036731795012,0.0,0.0
142266,1542220,0.037006915,-0.0009985447,0.0030035865,0.0033107088,10,0.0,228064,2722480,0.6584327,0.6834148,0.6752177,0.6783025,0.69543964,0.6824162,0.6782212,0.6816132,23353,32455.553445100784,0.6584327,0.66690576,0.66245246,0.66459197,14.066882271680427,0.0,0.0
142348,1543040,-0.042153597,0.0065095127,0.0048048184,0.0035882646,10,0.0,228232,2724160,0.70383036,0.6747777,0.6750327,0.677677,0.66167676,0.68128717,0.67983764,0.6812653,23365,32465.06174015999,0.66159844,0.6677395,0.6659763,0.6643654,14.503923279322757,0.0,0.0
142432,1543880,-0.014765978,0.0028161525,0.005195083,0.0035855926,10,0.0,228398,2725820,0.6975669,0.6771604,0.6753481,0.677574,0.68280095,0.6799765,0.6805431,0.68115956,23379,32476.115891695023,0.67253023,0.6701818,0.6651519,0.6645541,13.627732537605949,0.0,0.0
142519,1544750,0.024610579,0.003554988,0.0009473574,0.00331148,10,0.0,228564,2727480,0.6651152,0.6759979,0.6811915,0.6778822,0.68972576,0.67955285,0.6821389,0.6811937,23391,32485.578976631165,0.6651152,0.6599986,0.6677359,0.66490483,14.981417459408624,0.0,0.0
142598,1545540,0.0015577078,-0.0021893203,0.0029703723,0.0032220972,10,0.0,228713,2728970,0.70311046,0.6779069,0.68149424,0.6780341,0.70466816,0.67571753,0.68446463,0.6812562,23403,32495.06758928299,0.653425,0.6584941,0.66917884,0.66535586,18.804043697179104,0.0,0.0
142683,1546390,0.0043034554,-0.0046216724,0.00037456275,0.0031044772,10,0.0,228900,2730840,0.6649186,0.67348635,0.6806651,0.6781474,0.66922206,0.6688647,0.68103963,0.6812519,23417,32506.158178806305,0.6533465,0.66181743,0.6650306,0.66553956,15.544102359797282,0.0,0.0
142765,1547210,0.0041770935,0.0015483976,0.0016450554,0.003056199,10,0.0,229047,2732310,0.6851597,0.6681925,0.6775332,0.67799056,0.6893368,0.66974086,0.6791783,0.6810467,23429,32515.637806892395,0.65365887,0.6604217,0.66437775,0.66549504,17.54135239294131,0.0,0.0
142850,1548060,0.0041778684,0.0028173446,0.0035250396,0.0028862571,10,0.0,229210,2733940,0.69989336,0.6775142,0.6758551,0.67823774,0.7040712,0.6803316,0.6793801,0.68112403,23443,32526.64751982689,0.6790451,0.65918773,0.66445106,0.66566443,13.959520325205958,0.0,0.0
142935,1548910,0.03386879,-0.007089168,-0.0003024602,0.002600743,10,0.0,229378,2735620,0.6590437,0.68273556,0.6819178,0.67819923,0.6929125,0.6756463,0.68161535,0.6808,23457,32537.745883464813,0.65435475,0.66421366,0.6666781,0.6656556,16.127410380931508,0.0,0.0
143017,1549730,0.02240324,-0.005072689,-0.0010430795,0.0024421911,10,0.0,229531,2737150,0.65736616,0.68052304,0.68308413,0.67854625,0.6797694,0.6754503,0.682041,0.6809885,23469,32547.186912059784,0.65736616,0.6623476,0.6663941,0.66580915,15.525782072167814,0.0,0.0
143097,1550530,-0.04636711,0.0018940568,0.00225052,0.0025455733,10,0.0,229695,2738790,0.7030552,0.67311484,0.6768469,0.6784301,0.6566881,0.6750089,0.67909735,0.68097574,23483,32558.241453647614,0.65372425,0.65784967,0.66430265,0.6657632,13.523861727407857,0.0,0.0
143175,1551310,0.01903671,0.0027700246,0.0016167575,0.0023111815,10,0.0,229847,2740310,0.68501806,0.6885782,0.6822132,0.67903376,0.7040548,0.69134814,0.68382996,0.681345,23495,32567.728850841522,0.6782773,0.67919,0.66754526,0.66610396,15.948815390061727,0.0,0.0
143258,1552140,0.0041546226,0.009398478,0.0030166537,0.00231125,10,0.0,230016,2742000,0.68889666,0.66928273,0.6806918,0.6792513,0.6930513,0.67868125,0.6837084,0.6815625,23507,32577.220201730728,0.6576771,0.6670942,0.66888106,0.66633123,16.111613042008543,0.0,0.0
143347,1553030,-0.040266633,0.0056004403,0.0016722209,0.0019466394,10,0.0,230185,2743690,0.6964993,0.6769869,0.6816799,0.6799797,0.65623266,0.6825873,0.68335223,0.68192625,23521,32588.289172172546,0.65623266,0.6627211,0.66824704,0.6664855,17.224112831526796,0.0,0.0
143433,1553890,0.041261554,0.0054423152,0.004368158,0.0019135753,10,0.0,230352,2745360,0.6688158,0.6734708,0.6763874,0.6800297,0.71007735,0.67891306,0.6807556,0.68194324,23535,32599.41349053383,0.6688158,0.65977234,0.6649833,0.66656923,15.737260084211126,0.0,0.0
143511,1554670,-0.047762036,0.0130457105,0.007405494,0.0024920315,10,0.0,230506,2746900,0.7030883,0.6694776,0.6781932,0.6798658,0.65532625,0.68252325,0.68559873,0.6823578,23547,32608.98418879509,0.6540106,0.65886676,0.66669255,0.66653806,14.410543602993219,0.0,0.0
143590,1555460,0.042063355,0.0015401065,0.0068627107,0.0027970765,10,0.0,230673,2748570,0.6612664,0.6942542,0.67821,0.67967415,0.70332974,0.69579434,0.6850727,0.6824712,23559,32618.492094039917,0.6612664,0.6903322,0.67004186,0.6666976,15.097764800064505,0.0,0.0
143677,1556330,0.0031930804,0.0070635257,0.0043495838,0.0031151308,10,0.0,230838,2750220,0.6794777,0.6673092,0.6789902,0.679317,0.6826708,0.6743728,0.6833398,0.6824322,23573,32629.56758236885,0.6535392,0.6626771,0.6694467,0.66677684,15.302836657159942,0.0,0.0
143762,1557180,-0.03975469,-0.001972735,0.003567403,0.003195216,10,0.0,231003,2751870,0.70322955,0.6932663,0.68041015,0.6796418,0.66347486,0.6912936,0.6839776,0.682837,23587,32640.639310836792,0.6590397,0.678627,0.6691883,0.66714245,13.87007584337937,0.0,0.0
143849,1558050,-0.035195768,-0.0013423503,0.0029600947,0.0031627943,10,0.0,231169,2753530,0.69863254,0.6872672,0.6780505,0.67956066,0.6634368,0.6859248,0.68101066,0.6827234,23599,32650.168464660645,0.65900135,0.66291225,0.6657753,0.66697425,14.311074412875621,0.0,0.0
142142,1540980,-0.020027697,0.009043026,0.002722456,0.002702175,10,0.0,228152,2723360,0.6870126,0.6849591,0.67870104,0.68003106,0.6669849,0.6940021,0.6814235,0.68273324,23333,32345.327131271362,0.6573184,0.6783023,0.6673605,0.6671815,17.778704656250305,0.0,0.0
142231,1541870,-0.026607573,0.0020157932,0.0028641724,0.0028815009,10,0.0,228333,2725170,0.68828434,0.6744389,0.6771167,0.6793934,0.66167676,0.67645466,0.67998093,0.6822749,23347,32354.832826137543,0.6572732,0.6595461,0.6643406,0.66651845,17.72801182119929,0.0,0.0
142328,1542840,-0.011137724,0.009134894,0.003979623,0.002981328,10,0.0,228551,2727350,0.68175143,0.6834482,0.6776543,0.6794076,0.6706137,0.69258314,0.68163407,0.6823889,23363,32365.588770389557,0.666226,0.6817032,0.6660123,0.6666239,17.044584165046587,0.0,0.0
142424,1543800,-0.0030973554,0.00897029,0.0047920034,0.0031003149,10,0.0,228729,2729130,0.68569064,0.66681284,0.67443377,0.67887527,0.6825933,0.6757831,0.679226,0.6819756,23377,32375.08137702942,0.66280854,0.65969336,0.66473913,0.66642445,16.211048377621253,0.0,0.0
142526,1544820,0.03326136,0.0016104102,0.0020016485,0.0029783237,10,0.0,228931,2731150,0.6574147,0.67185867,0.67917466,0.6786748,0.69067603,0.67346907,0.68117625,0.6816531,23393,32386.076238393784,0.65732026,0.6709031,0.66730237,0.6664928,18.486068138745647,0.0,0.0
142612,1545680,-0.037680864,0.009394133,0.0012944937,0.0028134023,10,0.0,229107,2732910,0.6994427,0.6786179,0.67947406,0.678532,0.6617618,0.688012,0.6807685,0.68134534,23407,32395.484270095825,0.6616835,0.66717625,0.66645694,0.66640544,16.468465214164837,0.0,0.0
142711,1546670,0.001950264,0.0052542863,0.0044112587,0.0028811835,10,0.0,229331,2735150,0.6809941,0.67401665,0.67462355,0.6780365,0.68294436,0.6792709,0.6790347,0.6809177,23423,32406.338237524033,0.66257375,0.6667462,0.665311,0.6664084,17.45284349629102,0.0,0.0
142807,1547630,0.005399227,0.0044522285,0.0033390988,0.0028230676,10,0.0,229513,2736970,0.6643373,0.6821095,0.68078685,0.67799443,0.6697365,0.6865617,0.68412596,0.6808174,23437,32415.912020921707,0.6643373,0.6644142,0.6685067,0.6663016,15.858003647000865,0.0,0.0
142905,1548610,0.010567725,0.0037457824,0.0008031899,0.0028496638,10,0.0,229720,2739040,0.6597322,0.67069227,0.67992705,0.6779237,0.67029995,0.6744381,0.6807303,0.68077344,23453,32426.74782848358,0.6551277,0.6665019,0.667482,0.6663301,17.815609488396905,0.0,0.0
142997,1549530,0.007751167,-0.00061364175,0.0010176622,0.0028864942,10,0.0,229897,2740810,0.6705831,0.6814948,0.6788692,0.67786086,0.6783343,0.68088114,0.6798869,0.68074733,23467,32436.263261556625,0.6705831,0.668352,0.6651304,0.6662213,15.894252147027471,0.0,0.0
143101,1550570,-0.00540936,-0.0032971085,0.0015146983,0.0025666512,10,0.0,230117,2743010,0.69669276,0.68552196,0.68125814,0.67837477,0.6912834,0.68222487,0.6827728,0.6809414,23483,32447.16863179207,0.6728635,0.66677725,0.67073363,0.6667923,17.30648999976893,0.0,0.0
143189,1551450,-0.0034105182,-0.004659182,0.002488756,0.0024369168,10,0.0,230300,2744840,0.67481047,0.68992144,0.6814861,0.6784762,0.67139995,0.68526226,0.68397486,0.68091315,23497,32456.67935848236,0.67132276,0.66467714,0.6689646,0.6667519,17.260666557475005,0.0,0.0
143288,1552440,-0.015395641,-0.0018818021,0.0018402386,0.0024128535,10,0.0,230520,2747040,0.6832588,0.67385095,0.68006957,0.6789446,0.66786313,0.6719692,0.6819099,0.6813575,23513,32467.484162569046,0.65359545,0.66356206,0.6680989,0.6673957,18.044635078654537,0.0,0.0
143383,1553390,-0.042366087,0.004588008,0.0030532556,0.0021844653,10,0.0,230703,2748870,0.7032611,0.67414963,0.6802614,0.6793377,0.660895,0.6787377,0.6833147,0.68152213,23527,32476.975660324097,0.660895,0.6623677,0.66710037,0.6673411,16.23246109851817,0.0,0.0
143485,1554410,0.011634648,0.0017182886,0.0042199604,0.0024711327,10,0.0,230905,2750890,0.67110807,0.67905396,0.6786497,0.6793749,0.6827427,0.6807722,0.6828697,0.681846,23543,32487.801715135574,0.65585566,0.67278814,0.67043877,0.6678882,17.660264547925365,0.0,0.0
143573,1555290,-0.019337833,0.009525401,0.0011357218,0.002379854,10,0.0,231086,2752700,0.70316297,0.6713458,0.67744666,0.6793066,0.68382514,0.6808712,0.6785824,0.6816864,23557,32497.367104291916,0.68382514,0.6632078,0.6659379,0.6677691,18.775357093137195,0.0,0.0
143672,1556280,0.010612249,0.008383769,0.0046741366,0.0027438183,10,0.0,231305,2754890,0.6992667,0.6738165,0.6762267,0.6792341,0.7098789,0.6822002,0.6809008,0.6819779,23573,32508.13738632202,0.6548576,0.6660593,0.6662138,0.66798234,16.756458099706084,0.0,0.0
143764,1557200,0.024147213,0.005147022,0.0031952441,0.002537271,10,0.0,231482,2756660,0.67294043,0.6710873,0.6774369,0.6791445,0.69708765,0.6762344,0.6806322,0.6816818,23587,32517.633987426758,0.65800405,0.66442,0.6666968,0.66769177,19.66549513696395,0.0,0.0
143865,1558210,-0.030290842,-0.003854358,0.0018920333,0.0025842676,10,0.0,231697,2758810,0.69771016,0.68535054,0.6800679,0.67924327,0.6674193,0.68149626,0.68195987,0.68182766,23603,32528.47856116295,0.66301054,0.66899544,0.6681127,0.6679097,15.445134895778672,0.0,0.0
143958,1559140,0.010470271,0.0040012063,0.0037648804,0.002920027,10,0.0,231878,2760620,0.7032201,0.6738733,0.67759496,0.6788596,0.7136904,0.6778745,0.68135977,0.6817797,23617,32537.93329191208,0.6711467,0.6662084,0.66800964,0.66801673,16.07049970497406,0.0,0.0
144058,1560140,0.038048863,0.013339579,0.0049213516,0.0031077443,10,0.0,232078,2762620,0.65595955,0.6705657,0.68033165,0.6789184,0.6940084,0.6839053,0.6852531,0.68202615,23633,32548.73932480812,0.65586483,0.66389215,0.6681652,0.6678573,16.989124750842205,0.0,0.0
144149,1561050,0.004275024,0.0024552823,0.00313035,0.0031292553,10,0.0,232259,2764430,0.66936785,0.6840398,0.6804605,0.6791036,0.6736429,0.686495,0.68359077,0.68223286,23647,32558.232159376144,0.6572891,0.672415,0.6682674,0.6678843,17.0473413521293,0.0,0.0
144251,1562070,-0.00019830465,0.0013567567,0.0029159058,0.0032946602,10,0.0,232478,2766620,0.6564193,0.68665254,0.6800842,0.6788832,0.656221,0.68800914,0.68300027,0.68217784,23663,32569.0705678463,0.656221,0.6727065,0.6669952,0.6676012,17.065888924332874,0.0,0.0
144343,1562990,-0.03647381,-0.0026141764,0.0029905206,0.0030849061,10,0.0,232655,2768390,0.7008871,0.6784275,0.6768606,0.6786456,0.6644133,0.6758133,0.679851,0.6817305,23677,32578.63333773613,0.6643353,0.6656958,0.66459167,0.667156,18.334288448180978,0.0,0.0
144442,1563980,-0.042239785,0.003507936,0.0022447102,0.0031366996,10,0.0,232864,2770480,0.7035446,0.6765939,0.6792012,0.67842317,0.66130483,0.68010175,0.6814461,0.6815598,23693,32589.506852388382,0.66122645,0.66388315,0.6667576,0.66691566,14.363415327399808,0.0,0.0
144535,1564910,0.023504674,0.002231562,0.0020127648,0.0030608901,10,0.0,233056,2772400,0.6573014,0.67325675,0.6796605,0.6787599,0.6808061,0.67548835,0.6816731,0.6818207,23707,32598.97651576996,0.6573014,0.6617646,0.66757673,0.667198,15.618893842416263,0.0,0.0
144636,1565920,-0.009443641,0.008809608,0.0031321598,0.0030778123,10,0.0,233253,2774370,0.6789126,0.6843632,0.67874944,0.67890936,0.66946894,0.69317275,0.68188167,0.68198717,23723,32609.852407217026,0.66507375,0.6704771,0.66867995,0.6673464,16.49891883663124,0.0,0.0
144726,1566820,0.01939118,0.0044273497,0.003979878,0.0029765456,10,0.0,233429,2776130,0.665232,0.6782587,0.6771529,0.67896587,0.6846232,0.6826861,0.6811328,0.68194246,23737,32619.380284547806,0.665232,0.6664268,0.66614854,0.6672116,16.46838762062789,0.0,0.0
144827,1567830,-5.4895878e-05,0.0012709498,0.0029796916,0.0031075827,10,0.0,233641,2778250,0.6573024,0.67689526,0.6792403,0.6788181,0.6572475,0.6781662,0.68221986,0.68192565,23753,32630.20941066742,0.6572475,0.6699929,0.66663307,0.6668899,18.040397410526072,0.0,0.0
144918,1568740,0.031831145,-0.0025221943,0.0005711955,0.0027198636,10,0.0,233822,2780060,0.66546154,0.67266935,0.67796415,0.67909807,0.6972927,0.67014724,0.6785354,0.681818,23767,32639.721237897873,0.66546154,0.66465557,0.6674537,0.6672003,18.51046158055704,0.0,0.0
143929,1558850,-0.041132927,-0.0032571852,0.0032328374,0.003486473,10,0.0,231330,2755140,0.70348537,0.69118476,0.6777341,0.6790131,0.66235244,0.68792754,0.680967,0.6824995,23611,32659.65531539917,0.65616214,0.6755637,0.6658494,0.6668178,16.530201887159794,0.0,0.0
144016,1559720,-0.00494498,0.011038047,0.0027381598,0.0037492518,10,0.0,231492,2756760,0.67209244,0.6742555,0.67927325,0.6786855,0.66714746,0.6852935,0.6820114,0.6824347,23625,32670.711417913437,0.66706973,0.67111933,0.6676004,0.6668798,14.21062867140591,0.0,0.0
144095,1560510,-0.0030477047,-0.0019439638,0.0057001133,0.0039988793,10,0.0,231645,2758290,0.70253724,0.6826262,0.6760968,0.67875516,0.69948953,0.68068224,0.68179697,0.68275416,23637,32680.35411953926,0.6609338,0.66649276,0.66661525,0.66707546,13.35255741517809,0.0,0.0
144173,1561290,-0.034625888,0.0035661638,0.0020964546,0.0040126815,10,0.0,231808,2759920,0.70347863,0.6797571,0.6795927,0.6784083,0.66885275,0.68332326,0.68168914,0.682421,23651,32691.410677433014,0.66445214,0.66696036,0.6658486,0.6669466,14.907446536651214,0.0,0.0
144261,1562170,-0.007889807,-0.00113312,0.0019703936,0.0039261025,10,0.0,231977,2761610,0.6641015,0.6874397,0.6813174,0.6785776,0.6562117,0.68630654,0.68328774,0.68250364,23663,32700.931164741516,0.65507686,0.67482287,0.66895556,0.66710496,15.697415877642385,0.0,0.0
144347,1563030,0.014850497,0.004164636,0.0025696885,0.004051343,10,0.0,232165,2763490,0.6653729,0.67034227,0.6788399,0.6782674,0.6802234,0.67450696,0.68140966,0.68231875,23677,32712.074115276337,0.6571074,0.65876514,0.6678262,0.66709715,14.299701241774603,0.0,0.0
144429,1563850,-0.006974578,-8.796454e-05,0.003557554,0.003996801,10,0.0,232313,2764970,0.6923169,0.6803882,0.6779409,0.67839134,0.6853423,0.68030024,0.6814986,0.6823881,23689,32721.596483945847,0.6844285,0.6709055,0.6673554,0.66726995,15.981917431982703,0.0,0.0
144509,1564650,-0.0154976845,0.0037038326,0.0024153215,0.003612062,10,0.0,232458,2766420,0.7039649,0.680024,0.67690957,0.6782825,0.6884672,0.68372786,0.6793248,0.6818946,23703,32732.656275510788,0.6883919,0.67005223,0.6658827,0.6671273,14.098605098928463,0.0,0.0
144602,1565580,0.0,-0.0038394332,0.0023887246,0.003214939,10,0.0,232637,2768210,0.7148033,0.68658555,0.68053347,0.67837,0.7148033,0.68274605,0.6829222,0.6815849,23717,32743.766320466995,0.7148033,0.67015666,0.6683669,0.66684544,15.456524030315292,0.0,0.0
144674,1566300,0.0014169216,0.0006834924,0.0035745865,0.0032804399,10,0.0,232785,2769690,0.68158436,0.68706644,0.67866814,0.67833084,0.6830013,0.68775,0.68224275,0.6816113,23729,32753.25817847252,0.68138254,0.6693865,0.66622335,0.666756,15.772946205892351,0.0,0.0
144757,1567130,-0.004929304,-0.0032258271,0.0033027774,0.0033102252,10,0.0,232950,2771340,0.66736513,0.66718924,0.6759003,0.67775,0.6624358,0.66396344,0.67920303,0.6810602,23741,32762.80683851242,0.6584795,0.65964794,0.6651988,0.666351,17.430113179476844,0.0,0.0
144839,1567950,0.0019822717,0.0063547194,0.0039185546,0.0034277048,10,0.0,233117,2773010,0.6786355,0.67641145,0.6750591,0.6778062,0.68061775,0.68276614,0.67897767,0.68123394,23755,32773.89002776146,0.6786355,0.6657356,0.6647159,0.6665313,16.501950267970045,0.0,0.0
144928,1568840,-0.007245481,0.0048487484,0.0035581975,0.0033115428,10,0.0,233283,2774670,0.6609697,0.6792457,0.6789892,0.67805004,0.6537242,0.68409455,0.68254745,0.68136156,23767,32783.3807516098,0.6537242,0.66632783,0.6689042,0.6667656,15.036974868848292,0.0,0.0
145010,1569660,-0.0306741,-0.0018131972,0.00422846,0.003422794,10,0.0,233451,2776350,0.6900285,0.68598497,0.6783161,0.6779852,0.6593544,0.6841718,0.68254465,0.68140787,23781,32794.53306245804,0.65508133,0.66823757,0.6664173,0.6667032,15.369420148750839,0.0,0.0
145097,1570530,-0.05009955,0.0001883924,0.0027028865,0.003197862,10,0.0,233619,2778030,0.7034581,0.6859497,0.6799463,0.6783657,0.6533585,0.6861381,0.68264925,0.6815636,23795,32805.66380858421,0.6533585,0.66942215,0.6693537,0.6670382,14.295387975430348,0.0,0.0
145178,1571340,0.008880019,0.0018115521,0.0039566206,0.003380507,10,0.0,233789,2779730,0.66962373,0.6742062,0.67836565,0.6782598,0.67850375,0.67601776,0.68232226,0.68164027,23807,32815.24696612358,0.6593136,0.6701726,0.6675595,0.6671835,14.760116228370379,0.0,0.0
145262,1572180,0.036081016,-0.0005907655,0.0031802608,0.0035377226,10,0.0,233941,2781250,0.6661102,0.68401015,0.67658883,0.67785925,0.70219123,0.68341935,0.6797692,0.68139696,23821,32826.32921028137,0.6661102,0.6724693,0.66645503,0.6669016,13.885885758629549,0.0,0.0
145343,1572990,0.0043462515,0.0019061625,0.0032382726,0.0035645491,10,0.0,234104,2782880,0.6583217,0.6856637,0.67769617,0.67786294,0.66266793,0.68756986,0.6809343,0.68142754,23833,32835.82684516907,0.65822744,0.67689145,0.66706145,0.66683096,16.246192937640288,0.0,0.0
145429,1573850,0.0008084178,0.0013800502,0.0037298738,0.003485127,10,0.0,234269,2784530,0.67413616,0.6832062,0.678029,0.6778075,0.6749446,0.6845863,0.6817589,0.6812926,23847,32846.93198990822,0.67413616,0.6749357,0.6681649,0.6667993,14.503246223343485,0.0,0.0
145509,1574650,0.030984879,0.010447973,0.0027826023,0.003589956,10,0.0,234420,2786040,0.6573512,0.6609014,0.68047786,0.6779763,0.6883361,0.6713494,0.6832603,0.68156636,23859,32856.43307042122,0.6544983,0.6557807,0.6691552,0.6670845,14.564450662419183,0.0,0.0
145598,1575540,0.021496475,0.0061209737,0.0045695226,0.0037637558,10,0.0,234606,2787900,0.6642919,0.6791611,0.6780363,0.6777934,0.6857884,0.68528205,0.68260574,0.6815571,23873,32867.53152370453,0.66253495,0.6709615,0.66824263,0.66709995,16.00022583326562,0.0,0.0
145673,1576290,0.006220937,0.009059173,0.002051484,0.0035094947,10,0.0,234754,2789380,0.6742757,0.67121327,0.67960477,0.6780836,0.68049663,0.6802724,0.6816564,0.68159306,23885,32877.05190992355,0.67159677,0.6636321,0.66918075,0.6674695,13.615571397036863,0.0,0.0
145761,1577170,0.027588367,0.0022943257,0.0038859535,0.003502716,10,0.0,234918,2791020,0.6629655,0.6720884,0.67578536,0.6780171,0.69055384,0.6743827,0.67967135,0.68151975,23899,32888.120327949524,0.6629655,0.66048753,0.66432333,0.6673255,14.028129143081898,0.0,0.0
145845,1578010,0.012641013,0.010456252,0.0040993826,0.003525795,10,0.0,235082,2792660,0.67424774,0.67228323,0.6778655,0.6782876,0.68688875,0.6827395,0.68196505,0.68181336,23911,32897.610184431076,0.67424774,0.6617367,0.6666186,0.6675134,13.037627957810136,0.0,0.0
145925,1578810,-0.010497153,0.01612621,0.0064384667,0.0037280985,10,0.0,235233,2794170,0.6893361,0.66375196,0.6770638,0.6781736,0.67883897,0.6798781,0.6835024,0.68190163,23925,32908.71306180954,0.65647084,0.6482135,0.6647652,0.6671498,13.660746244788431,0.0,0.0
146010,1579660,-0.0076244473,0.00023017525,0.007802324,0.0039300793,10,0.0,235401,2795850,0.6824286,0.6872099,0.6758916,0.67823756,0.67480415,0.68744004,0.68369395,0.6821676,23937,32918.25163650513,0.64880055,0.66023624,0.6638334,0.66716117,13.748079620326147,0.0,0.0
146096,1580520,-0.024164975,-0.0074908556,0.006048411,0.0042620683,10,0.0,235565,2797490,0.7029721,0.68914837,0.6768184,0.6777479,0.67880714,0.6816575,0.6828667,0.68200994,23951,32929.37466239929,0.66575897,0.65915376,0.6603529,0.6662602,13.858073741811808,0.0,0.0
146174,1581300,-0.02567029,0.002759546,0.0046813767,0.004448878,10,0.0,235711,2798950,0.69668555,0.6776971,0.675988,0.6774611,0.67101526,0.68045664,0.6806693,0.68191,23963,32938.880061388016,0.6666126,0.6659136,0.6623279,0.6659818,13.51201141704761,0.0,0.0
146255,1582110,0.01698196,0.0010162949,0.003637945,0.0044694566,10,0.0,235875,2800590,0.6591418,0.6770444,0.67909276,0.677633,0.67612374,0.6780607,0.68273073,0.68210244,23975,32948.40097951889,0.65105504,0.6565324,0.6647308,0.6657866,15.15166096262789,0.0,0.0
146342,1582980,-0.0039787292,0.011610699,0.0069968174,0.004858381,10,0.0,236041,2802250,0.66209185,0.67471904,0.6760549,0.6773973,0.6581131,0.6863297,0.6830518,0.68225574,23989,32959.52564048767,0.6508558,0.6545346,0.6628636,0.6654112,16.89598123127085,0.0,0.0
145020,1569760,-0.033528805,0.0032631934,0.004467054,0.0027695436,10,0.0,234041,2782250,0.6913395,0.6685803,0.67518693,0.67858666,0.6578107,0.6718434,0.679654,0.6813562,23783,32650.57344031334,0.6578107,0.65882677,0.66481,0.66674,16.480384498716713,0.0,0.0
145113,1570690,0.004482925,0.009098786,0.006273634,0.0029975402,10,0.0,234216,2784000,0.7038444,0.6764194,0.6776764,0.67841095,0.70832735,0.6855182,0.6839501,0.6814085,23797,32660.061105251312,0.7038444,0.6655286,0.666965,0.66680324,16.609006624509618,0.0,0.0
145211,1571670,0.0206483,0.0021733344,0.0039486755,0.0031431918,10,0.0,234417,2786010,0.66525364,0.6726065,0.6795182,0.6783756,0.68590194,0.6747798,0.683467,0.6815188,23813,32670.928529262543,0.66525364,0.66496646,0.66883856,0.6670573,16.980073542598717,0.0,0.0
145305,1572610,-0.035843253,-0.0018317879,0.0009892631,0.0028704142,10,0.0,234618,2788020,0.7020123,0.6777736,0.67824554,0.67842174,0.66616905,0.67594177,0.67923474,0.68129224,23827,32680.607571601868,0.65372187,0.661758,0.6658493,0.6669838,18.10960482127884,0.0,0.0
145399,1573550,-0.03277415,0.0072592376,0.0035922069,0.003183217,10,0.0,234799,2789830,0.7046174,0.6842962,0.6805767,0.6786978,0.67184323,0.6915554,0.68416893,0.681881,23841,32690.088203430176,0.6604796,0.67224765,0.66732484,0.66724205,14.79288638588789,0.0,0.0
145500,1574560,3.8981438e-05,0.0035981536,0.0005691546,0.002971595,10,0.0,235024,2792080,0.65491456,0.674764,0.68097025,0.6786153,0.65495354,0.6783621,0.6815393,0.6815869,23857,32700.98648428917,0.65478826,0.6645108,0.667775,0.6670648,16.158967442079078,0.0,0.0
145588,1575440,0.015295804,-0.00029741524,0.0034264212,0.003063799,10,0.0,235209,2793930,0.66566485,0.6841463,0.67801255,0.6785972,0.68096066,0.68384886,0.681439,0.681661,23871,32710.54528427124,0.6645063,0.6676817,0.668886,0.66721994,18.34750561561831,0.0,0.0
145689,1576450,-0.015695095,0.0106802825,0.0039113434,0.0032429579,10,0.0,235409,2795930,0.67191184,0.678895,0.67980146,0.6787023,0.65621674,0.6895753,0.68371284,0.68194526,23887,32721.40821123123,0.6542249,0.6698283,0.66848755,0.6673695,16.09719328894709,0.0,0.0
145781,1577370,-0.023768604,0.00028867126,0.002219954,0.0030714408,10,0.0,235579,2797630,0.70319766,0.6824333,0.67877525,0.6787495,0.67942905,0.68272203,0.68099517,0.6818209,23901,32730.934012174606,0.67935276,0.6652317,0.6666296,0.6673818,18.584268497960267,0.0,0.0
145881,1578370,0.005685568,-0.0020350039,0.0027371699,0.0032011876,10,0.0,235798,2799820,0.653449,0.6894749,0.67817765,0.67852825,0.65913457,0.68743986,0.68091476,0.68172944,23917,32741.804997205734,0.6533394,0.66412556,0.6663421,0.66719383,15.107868993940722,0.0,0.0
145975,1579310,0.009042919,0.004297352,0.0028908341,0.0032538467,10,0.0,235980,2801640,0.6625341,0.67530555,0.6784971,0.6787514,0.67157704,0.6796029,0.681388,0.6820052,23931,32751.324544906616,0.6625341,0.6638144,0.66788554,0.6674816,17.516927835404598,0.0,0.0
146078,1580340,0.005200982,0.0035132468,0.0049756356,0.0032746214,10,0.0,236197,2803810,0.703288,0.69135517,0.67890686,0.67887217,0.708489,0.6948684,0.6838825,0.68214685,23947,32762.23356819153,0.6959366,0.67802554,0.6678161,0.66767174,17.662227848122587,0.0,0.0
146166,1581220,-0.0017701983,0.007884145,0.0031430637,0.0028642544,10,0.0,236372,2805560,0.65535724,0.67499745,0.6799817,0.6794149,0.65358704,0.6828815,0.68312484,0.68227917,23961,32771.74464273453,0.6535229,0.66060495,0.66550094,0.66759884,16.57762799005098,0.0,0.0
146267,1582230,0.035673082,0.002128339,0.0016216475,0.002850861,10,0.0,236574,2807580,0.65566343,0.6746409,0.67903686,0.67909974,0.6913365,0.67676914,0.6806585,0.68195057,23977,32782.55890083313,0.6555687,0.6635788,0.6677198,0.6673037,15.859826537684777,0.0,0.0
146357,1583130,0.03169173,0.0025687993,2.4248362e-05,0.0025862746,10,0.0,236771,2809550,0.67875254,0.6791415,0.6827058,0.6794957,0.7104443,0.68171036,0.68273,0.68208194,23991,32792.12097907066,0.67875254,0.66622937,0.6665571,0.66740197,17.138985710374588,0.0,0.0
146460,1584160,-0.027204454,0.0081465,0.002705915,0.0028746696,10,0.0,236967,2811510,0.69848347,0.66357094,0.677861,0.6790045,0.671279,0.67171746,0.68056685,0.6818792,24007,32803.02180290222,0.6712018,0.6550418,0.6679988,0.66737473,17.780603928660604,0.0,0.0
146549,1585050,-0.04361993,0.0058873533,0.0027471543,0.0027413694,10,0.0,237160,2813440,0.7034444,0.6749773,0.67848694,0.67903394,0.6598245,0.6808647,0.6812341,0.6817753,24021,32812.590485572815,0.65465426,0.6623279,0.66566956,0.667155,17.12615105199374,0.0,0.0
146650,1586060,-0.0031839013,0.0029156685,0.0013801181,0.0025533002,10,0.0,237352,2815360,0.65805304,0.6707547,0.6806676,0.6794142,0.65486914,0.6736704,0.6820477,0.6819675,24037,32823.46783232689,0.6548445,0.6631111,0.66760117,0.6671627,17.397853092955625,0.0,0.0
146740,1586960,0.014752746,0.0025010766,0.0013690161,0.0022611418,10,0.0,237525,2817090,0.67901444,0.6687823,0.67924345,0.67927706,0.6937672,0.67128336,0.6806125,0.6815382,24051,32832.984344005585,0.6555872,0.659311,0.6676277,0.6670294,17.116303668720285,0.0,0.0
146845,1588010,0.037199616,0.0079753995,0.0019156516,0.0021382337,10,0.0,237743,2819270,0.66373056,0.68875074,0.68137825,0.6798614,0.7009302,0.6967261,0.68329406,0.6819996,24067,32843.890155792236,0.66373056,0.67591333,0.66765726,0.66726923,19.108342004508405,0.0,0.0
146935,1588910,-0.0058819056,0.0042885365,0.0065699327,0.0025305133,10,0.0,237924,2821080,0.68196535,0.6743065,0.67401534,0.6794168,0.67608345,0.678595,0.6805853,0.68194735,24081,32853.39836740494,0.6760068,0.6589037,0.6640098,0.6669852,17.279076406789354,0.0,0.0
147037,1589930,-0.042360306,0.002350837,0.00317621,0.0024726829,10,0.0,238144,2823280,0.6984337,0.6759024,0.67927253,0.6794862,0.6560734,0.67825323,0.68244874,0.68195885,24097,32864.25646400452,0.6560734,0.66170514,0.6676404,0.6669536,19.812976039090238,0.0,0.0
147124,1590800,-0.04250568,0.007624918,0.0037966268,0.0025123572,10,0.0,238316,2825000,0.69896924,0.6804992,0.6754824,0.6789441,0.65646356,0.6881241,0.67927885,0.68145645,24111,32873.811479091644,0.65646356,0.6699928,0.6643943,0.6667731,16.71639506818392,0.0,0.0
147224,1591800,0.020917952,0.006572753,0.0031280518,0.0025416976,10,0.0,238519,2827030,0.6839038,0.6657585,0.67723763,0.67880195,0.70482177,0.6723313,0.6803656,0.6813436,24127,32884.75114321709,0.6533791,0.658433,0.6657276,0.66660136,16.547901796070768,0.0,0.0
147316,1592720,-0.025836885,0.0034944117,0.0028879421,0.002774982,10,0.0,238691,2828750,0.7036023,0.6810874,0.67706794,0.67843866,0.6777654,0.68458176,0.6799559,0.6812136,24141,32894.26775789261,0.67768896,0.6631191,0.66528994,0.66650444,17.702362718504297,0.0,0.0
147421,1593770,0.0025966167,0.00039120315,0.0020364898,0.0028336025,10,0.0,238909,2830930,0.66701806,0.67799824,0.67931914,0.67827666,0.6696147,0.67838943,0.68135566,0.6811103,24157,32905.15882229805,0.6619189,0.6650105,0.66573477,0.66623473,18.325100597248376,0.0,0.0
147508,1594640,0.03140521,-0.0025630533,-0.0006540006,0.00256829,10,0.0,239087,2832710,0.6750459,0.69086105,0.67886865,0.67843974,0.7064511,0.688298,0.6782145,0.68100804,24171,32914.623559713364,0.6750459,0.67209065,0.6660946,0.66623133,15.445652478122087,0.0,0.0
147613,1595690,-0.0003259778,0.008866971,0.004694432,0.0026269106,10,0.0,239304,2834880,0.69541115,0.6620201,0.67384034,0.67783546,0.69508517,0.6708871,0.6785346,0.68046236,24187,32925.52164530754,0.68094516,0.658864,0.6623211,0.6656754,16.38188187386709,0.0,0.0
147704,1596600,-0.002542138,0.0024837493,0.0021581238,0.0026774418,10,0.0,239473,2836570,0.69023216,0.67798895,0.6778528,0.6776708,0.68769,0.6804728,0.680011,0.6803483,24201,32935.04508161545,0.6571017,0.67312807,0.6668843,0.66555613,17.83340285050152,0.0,0.0
147804,1597600,-0.042143345,0.0148891155,0.00482242,0.0030620461,10,0.0,239671,2838550,0.70357865,0.6622535,0.67597723,0.67724365,0.6614353,0.6771426,0.68079966,0.6803057,24217,32945.916992902756,0.653617,0.65682137,0.66416246,0.66535133,15.937930932278583,0.0,0.0
146428,1583840,-0.008107185,0.008503074,0.007509415,0.0050844825,10,0.0,236205,2803890,0.69982785,0.67402905,0.6741815,0.6772091,0.69172066,0.68253213,0.68169093,0.68229365,24003,32970.623625040054,0.6913485,0.66734105,0.6604747,0.6649432,14.163452768443657,0.0,0.0
146507,1584630,0.051179707,-0.0071644546,0.0036916167,0.005174051,10,0.0,236373,2805570,0.6609403,0.68447703,0.67711645,0.6769198,0.71212,0.67731255,0.6808081,0.68209386,24015,32980.37264037132,0.6609403,0.66266334,0.6629762,0.6644017,14.516412497884474,0.0,0.0
146585,1585410,-0.032289207,-0.003948748,0.0023238915,0.0049343603,10,0.0,236518,2807020,0.7047228,0.69519717,0.680907,0.6772043,0.6724336,0.6912485,0.6832308,0.6821386,24027,32989.88452911377,0.6590367,0.6773995,0.66758233,0.66442066,16.220307946949436,0.0,0.0
146675,1586310,0.024197519,0.0046817004,0.0046779364,0.005292569,10,0.0,236700,2808840,0.6620618,0.67617905,0.6795211,0.67698616,0.6862593,0.6808607,0.6841989,0.68227875,24041,33001.00594210625,0.658584,0.66100013,0.66739583,0.66425526,16.661862592896856,0.0,0.0
146758,1587140,0.027920127,0.003500253,0.0027306706,0.0052036806,10,0.0,236863,2810470,0.6660585,0.68004435,0.6801687,0.67738503,0.6939786,0.68354464,0.6828993,0.6825887,24055,33012.104195833206,0.6660585,0.6706916,0.6678023,0.66462004,14.110605130855106,0.0,0.0
146837,1587930,0.018674612,0.0025660396,0.0033638477,0.0050760815,10,0.0,237011,2811950,0.6740068,0.6778356,0.679566,0.67751485,0.69268143,0.6804017,0.68292993,0.6825909,24067,33021.62164211273,0.6609853,0.6661508,0.66736555,0.66462684,14.75565574883571,0.0,0.0
146923,1588790,0.012903452,-0.0019029916,0.003744768,0.004843508,10,0.0,237176,2813600,0.7035928,0.6819259,0.6779331,0.6775247,0.7164962,0.68002284,0.6816779,0.6823681,24079,33031.23346400261,0.65157634,0.66869265,0.6678673,0.6649397,17.1175820004979,0.0,0.0
147008,1589640,-0.01906377,0.0040084957,0.0016764081,0.004332548,10,0.0,237324,2815080,0.67349184,0.6707915,0.67817694,0.67764306,0.65442806,0.67480004,0.6798534,0.68197566,24093,33042.33000779152,0.65442806,0.64501274,0.6658386,0.6649822,14.481683758694768,0.0,0.0
147095,1590510,-0.004672408,0.0059545813,0.0035474794,0.003999049,10,0.0,237504,2816880,0.6607952,0.67610884,0.67585844,0.6778875,0.6561228,0.6820634,0.6794059,0.6818866,24107,33053.39072418213,0.6561228,0.6621723,0.6618606,0.6652875,15.227257792875655,0.0,0.0
147173,1591290,0.0024675727,-0.00031687616,0.0027576494,0.003743573,10,0.0,237651,2818350,0.6620159,0.6883281,0.6815229,0.6784033,0.6644835,0.68801117,0.6842806,0.68214685,24119,33062.933911561966,0.66045696,0.67487967,0.67004365,0.6658587,15.010949611744197,0.0,0.0
147260,1592160,0.03118354,-0.00040019155,0.0069465702,0.004105457,10,0.0,237832,2820160,0.6613462,0.6699439,0.67285126,0.6776935,0.69252974,0.6695438,0.67979777,0.68179893,24133,33074.12362360954,0.6613462,0.63292193,0.6577519,0.66504663,13.503615512900588,0.0,0.0
147340,1592960,-0.004169464,0.008107668,0.016636323,0.0051732836,10,0.0,237976,2821600,0.6681441,0.6772196,0.66241723,0.67641526,0.66397464,0.68532723,0.6790535,0.68158865,24145,33083.70801234245,0.6630302,0.63791746,0.6318414,0.6623324,14.032944583589002,0.0,0.0
147423,1593790,-0.029219627,0.045239367,0.021675613,0.006666353,10,0.0,238140,2823240,0.68480283,0.63412136,0.6626685,0.675158,0.6555832,0.6793607,0.6843441,0.6818244,24157,33093.34007835388,0.6555832,0.5522195,0.61668295,0.6582291,14.394065435057751,0.0,0.0
147503,1594590,-0.0059241652,0.0030042888,0.024887366,0.008107829,10,0.0,238306,2824900,0.672089,0.6769698,0.65826607,0.67394876,0.6661648,0.6799741,0.6831534,0.6820566,24171,33104.50538277626,0.65658385,0.6454721,0.6234389,0.65564656,13.382353738826911,0.0,0.0
147589,1595450,0.050381362,0.06708181,0.024771664,0.010234886,10,0.0,238473,2826570,0.6586273,0.6103617,0.65702903,0.67164207,0.70900863,0.6774435,0.6818008,0.68187696,24183,33114.1172106266,0.6586273,0.59569895,0.60595816,0.6496461,14.499701488203167,0.0,0.0
147677,1596330,0.28657028,0.026668662,0.040903922,0.013326291,10,0.0,238633,2828170,0.3829606,0.6482029,0.6382896,0.66831183,0.66953087,0.67487156,0.67919344,0.6816381,24197,33125.292843580246,0.3829606,0.60313,0.5980244,0.64351535,16.18364520797795,0.0,0.0
147753,1597090,0.1897518,0.013207937,0.04493705,0.017082931,10,0.0,238801,2829850,0.50716925,0.67296296,0.6355403,0.6643447,0.69692105,0.6861709,0.6804774,0.6814276,24209,33134.846771001816,0.50716925,0.56828594,0.56634855,0.63450867,14.148021292679216,0.0,0.0
147840,1597960,0.096571684,0.033766218,0.035868436,0.020075416,10,0.0,238964,2831480,0.5704084,0.6505421,0.6458512,0.661276,0.6669801,0.68430823,0.6817196,0.68135136,24223,33145.96909284592,0.4147786,0.6133379,0.57668763,0.6272787,13.181933323234412,0.0,0.0
147927,1598830,0.0024818778,0.025368083,0.041827317,0.023624802,10,0.0,239124,2833080,0.67697895,0.65484494,0.63836324,0.6575414,0.6794608,0.680213,0.68019056,0.6811662,24237,33157.101766347885,0.39166516,0.5219151,0.5671054,0.61813176,15.249197602770106,0.0,0.0
148004,1599600,0.16840422,0.042064488,0.041953012,0.026447333,10,0.0,239287,2834710,0.52957845,0.64100415,0.6391089,0.6547275,0.69798267,0.68306863,0.6810618,0.6811749,24249,33166.63573694229,0.52957845,0.49440628,0.54747385,0.6090725,13.629517171816955,0.0,0.0
148084,1600400,-0.025508285,0.07379051,0.095489495,0.03498468,10,0.0,239433,2836170,0.6861785,0.60974294,0.5822314,0.64593935,0.6606702,0.68353343,0.67772096,0.68092406,24261,33176.197783470154,0.6606702,0.5384407,0.51158583,0.5963291,12.374231718869808,0.0,0.0
148170,1601260,0.20791015,0.09324223,0.072053574,0.040247884,10,0.0,239602,2837860,0.46522173,0.5710556,0.606457,0.64019054,0.6731319,0.6642979,0.6785105,0.68043834,24275,33187.35390686989,0.4103213,0.5273527,0.5165316,0.5836871,14.611891489660415,0.0,0.0
148260,1602160,0.0006804466,0.066087045,0.10260309,0.04795628,10,0.0,239762,2839460,0.68822896,0.61706036,0.57684594,0.6327496,0.6889094,0.68314743,0.6794489,0.6807059,24289,33198.4417886734,0.33853087,0.5448471,0.49031383,0.5697789,14.571468672570798,0.0,0.0
148335,1602910,0.28312185,0.15552546,0.0839507,0.05341311,10,0.0,239909,2840930,0.38167915,0.52257895,0.5975751,0.62737685,0.664801,0.6781045,0.6815257,0.6807899,24301,33208.04570770264,0.38167915,0.45538098,0.49788254,0.5584375,15.809318906710672,0.0,0.0
148417,1603730,0.3209892,0.13338634,0.1211345,0.060707923,10,0.0,240075,2842590,0.35110682,0.5477643,0.5589332,0.61990005,0.672096,0.6811507,0.6800678,0.680608,24313,33217.64564561844,0.3334048,0.46727866,0.46138886,0.5461267,14.286939570353308,0.0,0.0
148504,1604600,-0.054340363,0.028614607,0.10992145,0.067661725,10,0.0,240244,2844280,0.7149412,0.6668271,0.5745954,0.61304283,0.66060084,0.69544166,0.68451685,0.6807046,24327,33228.810526371,0.66060084,0.5599446,0.4952435,0.5357333,17.799195996362336,0.0,0.0
148584,1605400,0.27538326,0.08171205,0.07677749,0.07246518,10,0.0,240405,2845890,0.39370194,0.60710394,0.6085756,0.6083059,0.6690852,0.688816,0.6853531,0.680771,24341,33239.92393016815,0.39117348,0.45697856,0.5020258,0.52715063,13.3556101756387,0.0,0.0
148671,1606270,-0.0260849,0.19473669,0.16104977,0.08407968,10,0.0,240571,2847550,0.6988722,0.486955,0.5187044,0.5966046,0.6727873,0.68169165,0.6797542,0.6806844,24353,33249.550156116486,0.33357465,0.4476177,0.44533005,0.5134454,17.279531995097482,0.0,0.0
148750,1607060,0.30950508,0.2053504,0.18213136,0.09480811,10,0.0,240730,2849140,0.35455725,0.4692928,0.49967414,0.586001,0.6640623,0.67464316,0.68180555,0.6808091,24365,33259.15266394615,0.34976986,0.40765148,0.4340756,0.50303584,15.799980863594344,0.0,0.0
148837,1607930,0.32705373,0.18479474,0.1917361,0.10707694,10,0.0,240891,2850750,0.33439255,0.49301606,0.48863482,0.57367647,0.6614463,0.6778108,0.68037105,0.6807534,24379,33270.335230112076,0.33439255,0.38144124,0.42108458,0.49017552,13.475350794759965,0.0,0.0
147896,1598520,0.013957381,-0.0062243044,0.0029055686,0.0028992314,10,0.0,239871,2840550,0.6539077,0.6714164,0.67635864,0.6770901,0.6678651,0.66519207,0.67926425,0.67998934,24231,32955.43123316765,0.6539077,0.66082466,0.6666572,0.66539896,16.891823645067053,0.0,0.0
147993,1599490,-0.021275222,0.0014431656,0.00039628922,0.0025596945,10,0.0,240062,2842460,0.6902966,0.6808185,0.6785693,0.6771499,0.66902137,0.68226165,0.6789657,0.6797096,24247,32966.2849047184,0.66902137,0.6673938,0.66240454,0.6649304,16.32974188107795,0.0,0.0
148085,1600410,0.005910158,0.0070125223,0.006967263,0.0029731293,10,0.0,240242,2844260,0.6574221,0.671873,0.67611754,0.67715555,0.6633323,0.6788855,0.68308485,0.6801287,24261,32975.8410320282,0.6574221,0.65709245,0.6658127,0.6651521,17.965420143627277,0.0,0.0
148188,1601440,0.0047662854,-0.0035809577,0.0006577462,0.0026534342,10,0.0,240460,2846440,0.65464735,0.6836127,0.67998904,0.677485,0.65941364,0.68003184,0.68064684,0.6801384,24277,32986.89927792549,0.65464735,0.66461957,0.6655861,0.66516197,17.577852003034202,0.0,0.0
148280,1602360,-0.041911542,0.0006205022,0.0036145472,0.0028044472,10,0.0,240641,2848250,0.7031182,0.6863805,0.677717,0.67736584,0.66120666,0.6870011,0.68133146,0.6801703,24291,32996.43832159042,0.6611283,0.6772569,0.6675467,0.6653856,15.474047431859544,0.0,0.0
148379,1603350,0.030394793,0.007068348,0.0044432636,0.0029415346,10,0.0,240851,2850350,0.66727865,0.6779192,0.6744109,0.67698073,0.69767344,0.68498755,0.67885405,0.6799222,24307,33007.39341378212,0.6638359,0.66194457,0.66522187,0.66524005,20.011928038620127,0.0,0.0
148472,1604280,0.010889471,0.0037330568,0.004673999,0.0034183247,10,0.0,241033,2852170,0.69047314,0.67555463,0.6783829,0.67698807,0.7013626,0.67928773,0.6830569,0.6804064,24321,33016.89491558075,0.6616823,0.6659135,0.6684058,0.66556364,18.733018012586033,0.0,0.0
148573,1605290,0.051046014,0.002235669,0.003445404,0.0033908905,10,0.0,241251,2854350,0.6640451,0.6748438,0.6800107,0.6773612,0.7150911,0.67707944,0.68345606,0.6807521,24337,33027.749022722244,0.6640451,0.6618098,0.66869146,0.6658822,17.26712580004932,0.0,0.0
148660,1606160,0.009241462,0.00017510653,0.00226003,0.0034772544,10,0.0,241424,2856080,0.6940264,0.68844724,0.6797935,0.6778213,0.7032679,0.68862236,0.68205345,0.6812986,24351,33037.249182224274,0.65526676,0.6737162,0.66650426,0.6663286,17.171198855008864,0.0,0.0
148765,1607210,0.025641441,0.008803373,0.003190511,0.0035377806,10,0.0,241624,2858080,0.6842355,0.672279,0.6796889,0.677867,0.70987695,0.68108237,0.6828794,0.68140477,24367,33048.11317873001,0.6842355,0.66417855,0.6674969,0.6663002,17.470406801052146,0.0,0.0
148857,1608130,0.019178748,-0.0036103488,-0.0007412827,0.002981504,10,0.0,241799,2859830,0.69465744,0.68770695,0.68482697,0.67864615,0.7138362,0.6840966,0.6840856,0.6816276,24381,33057.61234521866,0.67039895,0.67160684,0.67014754,0.6667248,16.74476464611583,0.0,0.0
148956,1609120,0.0037187934,0.008743882,0.0031889332,0.0033347025,10,0.0,242013,2861970,0.67686635,0.66844964,0.6803624,0.67894465,0.68058515,0.6771935,0.68355143,0.68227935,24397,33068.49510526657,0.67293596,0.6609769,0.6684652,0.66720337,15.12729958682455,0.0,0.0
149042,1609980,-0.021422982,0.008458108,0.0039334428,0.0032670565,10,0.0,242192,2863760,0.70305735,0.6767842,0.6794474,0.6790216,0.68163437,0.68524235,0.6833809,0.6822887,24411,33078.02246379852,0.6815583,0.6705544,0.668686,0.667456,15.72870291481166,0.0,0.0
149142,1610980,-0.036786318,0.011484707,0.002389517,0.003122448,10,0.0,242391,2865750,0.69713414,0.6751901,0.68066025,0.679335,0.6603478,0.6866748,0.6830497,0.68245745,24427,33088.86846160889,0.6602693,0.66675293,0.6702316,0.6680155,16.50358004148024,0.0,0.0
149241,1611970,-0.03516966,0.0069685457,0.003935211,0.0030995642,10,0.0,242568,2867520,0.7035329,0.6705345,0.67647177,0.67930686,0.6683632,0.6775031,0.68040705,0.6824064,24441,33098.40923380852,0.6683632,0.6657189,0.66531205,0.6678308,16.230319165402594,0.0,0.0
149342,1612980,-0.009882569,0.0037028254,0.0047060126,0.0030550184,10,0.0,242779,2869630,0.67121327,0.68282974,0.67787117,0.6794592,0.6613307,0.6865326,0.6825772,0.68251425,24457,33109.2866961956,0.65812653,0.669117,0.66833913,0.6679658,18.155085306268028,0.0,0.0
149429,1613850,0.036631346,-0.0016018212,0.0019286722,0.0028010702,10,0.0,242959,2871430,0.6543256,0.68005717,0.67899483,0.6797418,0.69095695,0.67845535,0.68092346,0.682543,24471,33118.88836312294,0.6543256,0.6737003,0.6647518,0.6676666,18.805763633975076,0.0,0.0
149531,1614870,-0.017392516,0.0007621765,0.0026612473,0.0027613447,10,0.0,243168,2873520,0.6892226,0.68131983,0.68064743,0.6798396,0.67183006,0.682082,0.68330866,0.682601,24487,33129.822919368744,0.664442,0.6668934,0.66957724,0.66780937,17.893948708584848,0.0,0.0
149620,1615760,-0.009872675,-0.0015069485,0.0022667504,0.0026431875,10,0.0,243343,2875270,0.70303863,0.6880045,0.67943627,0.67988884,0.69316596,0.68649757,0.6817028,0.68253195,24501,33139.34609246254,0.6695465,0.6739263,0.66702896,0.667823,17.70817738474159,0.0,0.0
149724,1616800,7.838011e-05,0.0073138177,0.00041904807,0.0025473053,10,0.0,243557,2877410,0.6608986,0.68711936,0.68235314,0.6799161,0.660977,0.6944331,0.68273956,0.6824692,24517,33150.30865716934,0.6608986,0.6752401,0.6671726,0.66774696,15.529593320018988,0.0,0.0
149819,1617750,-0.0073316693,0.001152128,0.0028118629,0.0026473266,10,0.0,243738,2879220,0.6832954,0.6814145,0.67873985,0.67953527,0.67596376,0.68256664,0.68155175,0.68220824,24531,33159.84989070892,0.65654665,0.66729456,0.6642559,0.667354,15.370326938411745,0.0,0.0
149914,1618700,-0.007275641,0.010967922,0.0044360454,0.0029893506,10,0.0,243950,2881340,0.6617136,0.6692661,0.67652667,0.6791432,0.65443796,0.680234,0.6809626,0.6821285,24547,33170.820455789566,0.65443796,0.66435766,0.6665503,0.66716325,19.05895396919162,0.0,0.0
150001,1619570,0.008097887,0.0028487265,0.0069644414,0.0033111495,10,0.0,244122,2883060,0.66475016,0.6764632,0.6739888,0.6785981,0.67284805,0.6793119,0.6809532,0.6819437,24561,33180.368056058884,0.66475016,0.6639523,0.6656498,0.66685915,17.411878989154687,0.0,0.0
150101,1620570,-0.026732504,-0.0017170429,0.0036093807,0.0033784262,10,0.0,244331,2885150,0.70342517,0.6764327,0.6759366,0.6782009,0.67669266,0.6747157,0.679546,0.68161315,24577,33191.26114535332,0.6605273,0.66417634,0.66346896,0.666173,16.765795140350395,0.0,0.0
150193,1621490,-0.040367663,-0.002768463,0.006204464,0.0035596015,10,0.0,244504,2886880,0.7005744,0.6927902,0.6743354,0.6778476,0.66020674,0.69002175,0.6805399,0.6814417,24591,33200.74986624718,0.66020674,0.67850375,0.66378844,0.666043,17.64545719204304,0.0,0.0
150293,1622490,0.021277606,-0.0012858271,0.0014210355,0.003436373,10,0.0,244696,2888800,0.69319457,0.6772641,0.6779587,0.6777038,0.7144722,0.67597824,0.6793799,0.6811754,24607,33211.63527798653,0.6536957,0.66021717,0.66707236,0.66586,17.36169395464431,0.0,0.0
150388,1623440,-0.013281763,-0.0015461982,0.0019362789,0.0032911622,10,0.0,244890,2890740,0.66804284,0.67653847,0.6760741,0.6775502,0.6547611,0.6749922,0.6780102,0.6808735,24621,33221.169783592224,0.6547611,0.6659776,0.66627175,0.66601783,15.564793312002873,0.0,0.0
150494,1624500,0.02152574,-0.0005421281,-0.00073070766,0.0029064203,10,0.0,245083,2892670,0.6534274,0.6753861,0.67856,0.6775867,0.67495316,0.67484397,0.6779564,0.6805245,24637,33232.11879968643,0.6534274,0.6650119,0.6649205,0.66583204,17.708992341014838,0.0,0.0
150578,1625340,0.021284282,0.00079110265,0.0027266657,0.002834165,10,0.0,245252,2894360,0.6763288,0.68689823,0.67960906,0.6777066,0.69761306,0.68768936,0.68233573,0.6805722,24651,33241.675641298294,0.6762369,0.6720188,0.66729754,0.6657243,18.275842385987968,0.0,0.0
150684,1626400,-0.010453999,0.009975302,0.002423243,0.003227141,10,0.0,245472,2896560,0.6777081,0.66881365,0.6823854,0.6775393,0.6672541,0.6787889,0.68480855,0.68078226,24667,33252.58120751381,0.6672541,0.6653589,0.67311704,0.66628224,17.22664539709386,0.0,0.0
148915,1608710,0.25849846,0.20356143,0.176291,0.11848293,10,0.0,241040,2852240,0.42199764,0.47304997,0.50627697,0.56253684,0.6804961,0.6766114,0.6825679,0.6810198,24391,33280.13671731949,0.42199764,0.4283258,0.44709328,0.4806743,13.59005464140927,0.0,0.0
149003,1609590,0.31031728,0.19395788,0.2002712,0.13100494,10,0.0,241208,2853920,0.3954425,0.48650575,0.48141858,0.5501428,0.70575976,0.6804637,0.68168974,0.6811477,24405,33291.344413518906,0.3954425,0.45660716,0.4234371,0.4698487,14.42140457187968,0.0,0.0
149085,1610410,0.34308958,0.13777128,0.17655626,0.13697873,10,0.0,241369,2855530,0.3323025,0.5442929,0.5088195,0.5449205,0.6753921,0.6820642,0.6853758,0.68189937,24417,33300.91861820221,0.3323025,0.49571258,0.4595717,0.4657692,14.246569386701449,0.0,0.0
149169,1611250,0.29411408,0.14456853,0.14870659,0.1436257,10,0.0,241538,2857220,0.36327848,0.5321623,0.5334442,0.53860265,0.65739256,0.6767308,0.6821509,0.6822284,24431,33312.0597846508,0.34087285,0.42136186,0.44846585,0.45984593,15.482678301827592,0.0,0.0
149251,1612070,0.32870093,0.18797818,0.17098229,0.14942679,10,0.0,241686,2858700,0.36465356,0.4834144,0.5095227,0.5327342,0.6933545,0.67139256,0.680505,0.68216103,24443,33321.53528857231,0.34354275,0.37047192,0.43713936,0.45567346,15.558557736464405,0.0,0.0
149336,1612920,0.3724696,0.15227477,0.17470369,0.15672816,10,0.0,241848,2860320,0.3405307,0.52258325,0.50563556,0.5254907,0.7130003,0.67485803,0.6803393,0.68221885,24457,33332.691084861755,0.3405307,0.46556944,0.43881997,0.4522846,14.162577577881777,0.0,0.0
149418,1613740,0.3126807,0.12970309,0.16447067,0.16087857,10,0.0,242007,2861910,0.39588502,0.5665453,0.5175449,0.521525,0.7085657,0.6962484,0.6820156,0.68240356,24469,33342.287746191025,0.3848827,0.50766665,0.45471814,0.45092383,14.862108480567624,0.0,0.0
149502,1614580,0.3325546,0.15343155,0.16297117,0.16582063,10,0.0,242173,2863570,0.35006818,0.5239722,0.5171864,0.5159944,0.6826228,0.6774038,0.68015754,0.6818151,24483,33353.484214782715,0.35006818,0.4282632,0.45217118,0.44664258,15.377573833768523,0.0,0.0
149585,1615410,0.32945704,0.17272004,0.16896191,0.17274632,10,0.0,242340,2865240,0.35431433,0.50696015,0.5118879,0.5089684,0.6837714,0.6796802,0.6808498,0.6817147,24495,33363.08124041557,0.35431433,0.43178806,0.44787148,0.44308594,16.185375099945357,0.0,0.0
149664,1616200,0.30894136,0.20690317,0.16617292,0.17172949,10,0.0,242490,2866740,0.35913527,0.47357163,0.51685035,0.5104229,0.66807663,0.68047476,0.6830234,0.6821524,24509,33374.29321932793,0.35913527,0.42051974,0.45326802,0.44475603,14.778760999583518,0.0,0.0
149753,1617090,0.26680177,0.20163386,0.17370844,0.17156336,10,0.0,242666,2868500,0.40003747,0.4741191,0.5058318,0.51028144,0.66683924,0.675753,0.6795404,0.6818447,24521,33383.899706840515,0.35631174,0.40407747,0.43954954,0.44426697,16.100134503534555,0.0,0.0
149839,1617950,0.25695014,0.13156357,0.1619222,0.16843449,10,0.0,242824,2870080,0.4061464,0.5571266,0.51961607,0.5135979,0.66309655,0.68869007,0.68153834,0.68203235,24535,33395.09518098831,0.34264076,0.4988262,0.45005345,0.44780114,17.125528703188408,0.0,0.0
149922,1618780,0.31429952,0.21879105,0.1517665,0.16637026,10,0.0,242983,2871670,0.36493593,0.4537786,0.5285681,0.5153132,0.67923546,0.67256963,0.68033457,0.6816835,24549,33406.30830049515,0.36493593,0.4136313,0.47200325,0.44924706,14.874235995240873,0.0,0.0
150004,1619600,0.29710487,0.17352696,0.17756696,0.16498803,10,0.0,243135,2873190,0.40031925,0.5068302,0.5030782,0.5166795,0.6974241,0.6803572,0.68064505,0.6816675,24561,33415.926384449005,0.40031925,0.47211772,0.44403812,0.45131096,15.900476448984172,0.0,0.0
150081,1620370,0.31035063,0.1835666,0.16005544,0.16390155,10,0.0,243300,2874840,0.34402177,0.49921662,0.5215802,0.5173628,0.6543724,0.68278325,0.68163574,0.68126434,24573,33425.51038360596,0.34402177,0.4517753,0.4655035,0.45173767,14.924070310973876,0.0,0.0
150171,1621270,0.32660866,0.115752384,0.17130053,0.16621254,10,0.0,243462,2876460,0.34236073,0.570154,0.5094716,0.5148455,0.6689694,0.6859064,0.68077207,0.6810581,24587,33436.65138101578,0.34236073,0.4874578,0.45635262,0.45165613,16.789761309650572,0.0,0.0
150255,1622110,0.24766508,0.17070533,0.16799754,0.1667528,10,0.0,243624,2878080,0.41547993,0.5107542,0.5119667,0.51425207,0.663145,0.6814596,0.67996424,0.6810049,24601,33447.77185511589,0.38090375,0.4598976,0.44818294,0.45167556,15.681376331736148,0.0,0.0
150339,1622950,0.31933388,0.16349371,0.1664748,0.16622518,10,0.0,243802,2879860,0.37821594,0.51498216,0.5127955,0.51455706,0.6975498,0.6784759,0.67927027,0.6807822,24613,33457.35254907608,0.37821594,0.4189697,0.4478891,0.45124584,14.76853565124557,0.0,0.0
150418,1623740,0.30253255,0.13608621,0.16690375,0.16705179,10,0.0,243948,2881320,0.39927155,0.5517758,0.5131688,0.5134819,0.7018041,0.68786204,0.6800725,0.6805337,24627,33468.58420753479,0.39152038,0.49577242,0.42855158,0.44908038,13.460698987760766,0.0,0.0
150500,1624560,0.27917778,0.21723385,0.17107785,0.16754435,10,0.0,244114,2882980,0.37916023,0.45830184,0.50789076,0.5129265,0.658338,0.6755356,0.6789686,0.68047094,24639,33478.21837973595,0.37916023,0.4486075,0.43611202,0.447647,14.994941272282533,0.0,0.0
150583,1625390,0.33734223,0.2083123,0.16340728,0.16643637,10,0.0,244262,2884460,0.36385176,0.46312365,0.5151622,0.51390004,0.701194,0.67143595,0.67856944,0.6803364,24651,33487.84096670151,0.36385176,0.37857795,0.44017997,0.44731748,14.907181620215715,0.0,0.0
150664,1626200,0.28189296,0.1654223,0.17994082,0.16785246,10,0.0,244423,2886070,0.40301192,0.5215402,0.49847177,0.51225257,0.6849049,0.6869625,0.67841256,0.68010503,24665,33499.07397198677,0.36993563,0.4985785,0.42764205,0.44570988,14.548062878871702,0.0,0.0
150748,1627040,0.25866884,0.14610392,0.15466587,0.16534825,10,0.0,244589,2887730,0.41133446,0.5470019,0.5268107,0.5148355,0.6700033,0.6931058,0.68147653,0.68018377,24677,33508.66227340698,0.39632812,0.46379536,0.46434647,0.4484554,13.916043962752562,0.0,0.0
150836,1627920,0.38151467,0.17645934,0.17845377,0.16795515,10,0.0,244769,2889530,0.3331645,0.49291077,0.50064063,0.51186866,0.7146792,0.66937006,0.6790944,0.6798239,24691,33519.8572576046,0.3331645,0.43073663,0.43687135,0.4464331,14.364915705564545,0.0,0.0
150920,1628760,0.3473812,0.19304022,0.16082567,0.16887659,10,0.0,244912,2890960,0.35777286,0.48906326,0.5222936,0.5113758,0.70515406,0.68210346,0.6831193,0.6802523,24705,33530.99468064308,0.35777286,0.41838375,0.44672653,0.44459492,14.29121365315074,0.0,0.0
150997,1629530,0.37336108,0.15442142,0.17706408,0.16932948,10,0.0,245071,2892550,0.33495393,0.5227712,0.5066916,0.51106817,0.708315,0.6771925,0.68375564,0.6803976,24717,33540.58636879921,0.33495393,0.48503178,0.44074717,0.44369152,12.790663065779619,0.0,0.0
151090,1630460,0.3062249,0.2018177,0.18350396,0.17186813,10,0.0,245243,2894270,0.36628506,0.4803183,0.5005076,0.50880116,0.67250997,0.682136,0.6840115,0.6806693,24731,33551.74759244919,0.36628506,0.3670774,0.45608142,0.4423992,13.606604921250264,0.0,0.0
151171,1631270,0.3129541,0.1740457,0.17736092,0.17178045,10,0.0,245386,2895700,0.39058307,0.51668626,0.50402445,0.5089238,0.70353717,0.6907319,0.6813853,0.6807043,24743,33561.28208255768,0.39058307,0.46077424,0.4344357,0.4416349,15.341963080270254,0.0,0.0
151249,1632050,0.37560955,0.16941884,0.16748828,0.17071792,10,0.0,245548,2897320,0.33257636,0.5023099,0.5138958,0.51011354,0.7081859,0.67172873,0.68138397,0.68083143,24755,33570.90433835983,0.33257636,0.4011441,0.44527438,0.4420131,16.69431204637769,0.0,0.0
151335,1632910,0.3545081,0.1552077,0.17672743,0.17174567,10,0.0,245713,2898970,0.33740586,0.5210117,0.5024167,0.5090822,0.69191396,0.6762194,0.6791441,0.68082786,24769,33582.25338721275,0.33740586,0.5090847,0.43488422,0.44087505,13.8651102550083,0.0,0.0
150772,1627280,0.017045856,0.004923803,0.0036412566,0.0031812938,10,0.0,245643,2898270,0.65783685,0.6698708,0.6795943,0.6777176,0.6748827,0.6747947,0.6832355,0.6808962,24681,33262.10076999664,0.6547376,0.65788543,0.66706383,0.66654354,17.79472552331326,0.0,0.0
150876,1628320,0.059200943,0.0020630895,0.00461784,0.0034101051,10,0.0,245854,2900380,0.6547133,0.68170863,0.6733954,0.6773416,0.7139142,0.6837717,0.6780132,0.68077147,24697,33272.96855401993,0.65461844,0.6719974,0.6631889,0.6664154,17.74614861597266,0.0,0.0
150968,1629240,-0.043445706,0.008714164,0.0032592737,0.0030792379,10,0.0,246033,2902170,0.70431936,0.6779847,0.681225,0.67783386,0.66087365,0.6866988,0.6844843,0.68092287,24711,33282.72143483162,0.6607952,0.6666177,0.6702328,0.66665393,16.016753363694477,0.0,0.0
151064,1630200,0.04047644,0.0024435283,0.0034134502,0.0028233596,10,0.0,246250,2904340,0.67122483,0.68263733,0.68067557,0.6783027,0.7117013,0.68508095,0.6840892,0.6811581,24727,33293.606033563614,0.6711323,0.6756049,0.66951746,0.6670884,16.67603250517162,0.0,0.0
151157,1631130,0.04954624,-0.003071302,0.0025357092,0.0026256647,10,0.0,246420,2906040,0.66501886,0.68707657,0.6799643,0.67892456,0.7145651,0.68400526,0.6825,0.68156284,24741,33303.17046236992,0.66501886,0.67063415,0.6684428,0.6676723,17.426977365684056,0.0,0.0
151260,1632160,0.04923141,0.007401335,0.0042209737,0.0027680679,10,0.0,246622,2908060,0.6539767,0.6726407,0.6764355,0.6786647,0.7032081,0.680042,0.68065643,0.68147534,24757,33314.039967536926,0.6539767,0.66499346,0.6636135,0.6671985,17.584845762229364,0.0,0.0
151352,1633080,-0.0133417845,0.008847505,0.0020559258,0.0028238473,10,0.0,246818,2910020,0.7034614,0.6778124,0.6792938,0.67898095,0.6901196,0.6866598,0.6813497,0.68180704,24771,33323.56795501709,0.6900445,0.6712674,0.66711617,0.6674814,18.449192521448822,0.0,0.0
151450,1634060,0.013207972,-0.0063714087,0.002290947,0.0028037315,10,0.0,247012,2911960,0.69982994,0.6878049,0.6795507,0.67947584,0.7130379,0.6814335,0.6818418,0.6822795,24787,33334.504722595215,0.6560866,0.6627822,0.6668497,0.6678406,16.13201912163407,0.0,0.0
151540,1634960,-0.021965444,2.9295683e-05,0.0031645333,0.0032569303,10,0.0,247191,2913750,0.678546,0.6877123,0.6799723,0.67923373,0.65658057,0.68774164,0.68296874,0.6825032,24801,33344.03813576698,0.65658057,0.6774963,0.66817683,0.66783893,19.243016080563393,0.0,0.0
151644,1636000,0.0007634163,-0.0015140474,0.003972384,0.003285585,10,0.0,247400,2915840,0.65484536,0.68443096,0.67866194,0.6791927,0.6556088,0.68291694,0.68263435,0.68248266,24817,33354.934017419815,0.65484536,0.6598301,0.6673044,0.6675526,17.33661302516024,0.0,0.0
151731,1636870,0.0018349886,0.009118909,0.0039875405,0.0034155324,10,0.0,247577,2917610,0.65475553,0.6753793,0.6773681,0.6785204,0.6565905,0.6844982,0.6813557,0.6819287,24831,33364.459206581116,0.65462345,0.674174,0.666589,0.66707814,17.98774828927212,0.0,0.0
151837,1637930,0.033405244,-0.0010594248,0.0012754368,0.003121797,10,0.0,247770,2919540,0.6534709,0.68215775,0.6795373,0.6788939,0.6868761,0.68109834,0.6808128,0.68201846,24847,33375.37103676796,0.6534709,0.6679413,0.6671554,0.66740346,17.03573671174812,0.0,0.0
151925,1638810,0.0027689934,0.010679263,0.0007420462,0.00281647,10,0.0,247964,2921480,0.6757219,0.6708688,0.6776838,0.67902356,0.6784909,0.6815481,0.6784259,0.6818413,24861,33384.895236730576,0.6757219,0.6622952,0.662975,0.66703147,16.69645856919253,0.0,0.0
152029,1639850,-0.01926297,0.008528543,0.005565188,0.00308742,10,0.0,248161,2923450,0.6777253,0.6625293,0.67720777,0.6784335,0.65846235,0.6710578,0.682773,0.68148977,24877,33395.87674546242,0.65846235,0.65870774,0.66759187,0.666638,16.6782472806367,0.0,0.0
152116,1640720,0.010761797,-0.0063878,0.0015777248,0.0027421974,10,0.0,248340,2925240,0.6538757,0.68691367,0.68323034,0.67914623,0.6646375,0.6805259,0.68480825,0.68189245,24891,33405.42642569542,0.6538757,0.66583633,0.6709831,0.667082,17.774018505844786,0.0,0.0
152217,1641730,0.0040386915,0.006493884,0.0029218732,0.0028054016,10,0.0,248553,2927370,0.6540404,0.6803067,0.6810357,0.6793284,0.6580791,0.6868006,0.6839576,0.682138,24907,33416.315292835236,0.6540404,0.6751067,0.6705149,0.66758835,20.566866893863242,0.0,0.0
152309,1642650,0.009221196,0.0010955632,0.0029757726,0.002737153,10,0.0,248732,2929160,0.6604005,0.68124205,0.6754643,0.6789842,0.6696217,0.6823376,0.6784401,0.68170226,24921,33425.86467266083,0.6604005,0.6628275,0.6641533,0.66734326,18.77418052434088,0.0,0.0
152412,1643680,-0.024742365,0.011228114,0.0057901447,0.0030360795,10,0.0,248930,2931140,0.6811647,0.67280567,0.6747491,0.67871535,0.6564223,0.68403375,0.6805393,0.68175536,24937,33436.7552447319,0.6564223,0.66434705,0.6642601,0.66707885,16.372449748341598,0.0,0.0
152503,1644590,0.0043150783,0.009555566,0.006600486,0.0033512467,10,0.0,249126,2933100,0.6730206,0.67850703,0.6778659,0.6786949,0.6773357,0.6880626,0.6844664,0.6820461,24951,33446.33890128136,0.6538692,0.6672392,0.6675711,0.6673224,15.345858656372442,0.0,0.0
152604,1645600,0.0075288415,0.00027134418,0.0016723067,0.0031882697,10,0.0,249321,2935050,0.66854936,0.6795931,0.68143517,0.6789053,0.6760782,0.6798643,0.68310755,0.6820936,24967,33457.271162986755,0.66854936,0.6699342,0.66770333,0.66719246,16.869139313949574,0.0,0.0
152695,1646510,0.03386146,0.009724307,0.0033934766,0.0031106698,10,0.0,249495,2936790,0.6534528,0.6761364,0.6784587,0.67894876,0.6873143,0.6858607,0.6818521,0.68205947,24981,33466.86362528801,0.6534528,0.65999717,0.66609514,0.66727126,15.86726635592685,0.0,0.0
152796,1647520,0.0,0.0030209483,0.0043937443,0.0033072345,10,0.0,249707,2938910,0.6991833,0.6744753,0.6781895,0.678912,0.6991833,0.67749625,0.68258315,0.68221915,24997,33477.7662665844,0.6991833,0.66845673,0.6692251,0.6674013,19.07084345763797,0.0,0.0
152886,1648420,0.011154711,0.006025964,0.0023748095,0.003391551,10,0.0,249884,2940680,0.6829075,0.68597806,0.6769662,0.67886037,0.69406223,0.692004,0.6793409,0.68225193,25011,33487.30959200859,0.6829075,0.67790157,0.66458464,0.6672843,15.596440669772837,0.0,0.0
152987,1649430,0.056188583,-0.0007771492,0.0031793523,0.0035675995,10,0.0,250095,2942790,0.65568966,0.6755935,0.6811943,0.6788986,0.71187824,0.6748163,0.6843737,0.68246615,25027,33498.20741868019,0.65568966,0.6594759,0.66767454,0.6673784,14.770595193530427,0.0,0.0
153078,1650340,0.006930828,-0.0052200677,0.0011612505,0.003346535,10,0.0,250262,2944460,0.6675434,0.6913759,0.6836348,0.67934316,0.67447424,0.68615586,0.6847961,0.6826897,25041,33507.77581810951,0.6675434,0.67111427,0.670698,0.6676957,17.578713946654943,0.0,0.0
153181,1651370,0.00093358755,0.0038082064,0.0019247544,0.0035992078,10,0.0,250477,2946610,0.66990924,0.6828073,0.67880857,0.678751,0.6708428,0.6866156,0.68073344,0.68235016,25057,33518.679183244705,0.66990924,0.6708763,0.6689358,0.667328,16.62835893085102,0.0,0.0
153268,1652240,0.049376965,0.0062408326,0.0020722586,0.0033432816,10,0.0,250646,2948300,0.6550208,0.6632792,0.6788297,0.6789857,0.70439774,0.66952,0.680902,0.682329,25071,33528.22399711609,0.6548706,0.6586553,0.6663066,0.667193,17.092734199128554,0.0,0.0
153372,1653280,0.0042577386,0.007031745,0.004428257,0.0032639615,10,0.0,250861,2950450,0.67210495,0.68001133,0.67713183,0.67937225,0.6763627,0.6870431,0.68156,0.68263614,25087,33539.14586138725,0.6720125,0.6737031,0.66512674,0.6674597,19.219666608318388,0.0,0.0
153463,1654190,0.019085765,0.007863593,0.0025379693,0.0029537654,10,0.0,251029,2952130,0.68738043,0.6707931,0.6792881,0.67943007,0.7064662,0.6786567,0.6818262,0.6823838,25101,33548.714183568954,0.6569362,0.6619266,0.66642654,0.6673157,16.115686411626427,0.0,0.0
153565,1655210,-0.010276258,0.00599311,0.0050020744,0.003108707,10,0.0,251224,2954080,0.70105165,0.67942154,0.6789785,0.6792254,0.6907754,0.6854147,0.68398046,0.6823341,25117,33559.688928842545,0.6546563,0.6679239,0.6663007,0.66713315,17.081818996342786,0.0,0.0
151417,1633730,0.28503892,0.18818337,0.17151085,0.17207845,10,0.0,245860,2900440,0.4230452,0.497187,0.5092537,0.50884223,0.7080841,0.6853704,0.6807646,0.68092066,24781,33591.833223581314,0.3485175,0.44594416,0.4385594,0.44112936,13.310940584318729,0.0,0.0
151499,1634550,0.2936189,0.15978102,0.17551681,0.1723998,10,0.0,246022,2902060,0.42170694,0.5270094,0.5042538,0.50863546,0.71532583,0.68679047,0.6797705,0.6810353,24795,33603.04601097107,0.41338792,0.4518172,0.4453363,0.44259334,13.588720559501096,0.0,0.0
151583,1635390,0.24836281,0.14934582,0.16280963,0.17337708,10,0.0,246187,2903710,0.41485557,0.53639257,0.520152,0.50793386,0.6632184,0.68573844,0.68296164,0.6813109,24807,33612.651886701584,0.33629993,0.46240515,0.44739166,0.44274676,14.711250379679884,0.0,0.0
151667,1636230,0.29834223,0.22596517,0.16464195,0.17239746,10,0.0,246352,2905360,0.4175682,0.45850706,0.5173892,0.50910383,0.71591043,0.6844722,0.68203104,0.68150127,24821,33623.94186925888,0.4175682,0.39022827,0.43521214,0.4430423,15.517591063048132,0.0,0.0
151752,1637080,0.37431577,0.20557575,0.17885986,0.17457692,10,0.0,246526,2907100,0.33558336,0.46975794,0.50213856,0.507075,0.7098991,0.6753336,0.6809984,0.68165195,24835,33635.13958358765,0.33558336,0.41073674,0.44005123,0.44105577,14.07223424646366,0.0,0.0
151833,1637890,0.28954583,0.1501554,0.16727681,0.17249824,10,0.0,246676,2908600,0.372514,0.5380532,0.5113406,0.50921834,0.66205984,0.68820864,0.67861754,0.68171656,24847,33644.79475021362,0.372514,0.46400517,0.42995983,0.4407258,15.690222490232665,0.0,0.0
151920,1638760,0.016654015,0.20193668,0.1649383,0.17359738,10,0.0,246854,2910380,0.69646025,0.4753301,0.5167297,0.5078382,0.71311426,0.6772668,0.68166804,0.6814355,24861,33655.96760582924,0.3512262,0.38891646,0.45406875,0.44044623,15.588551533079043,0.0,0.0
152003,1639590,0.3384714,0.17359376,0.1780146,0.17245556,10,0.0,247015,2911990,0.35822982,0.5001422,0.50233907,0.5086321,0.6967012,0.673736,0.6803537,0.68108773,24873,33665.524507284164,0.33719274,0.38096052,0.4358888,0.4407465,15.79194992725838,0.0,0.0
152088,1640440,0.32522076,0.18051836,0.18442701,0.17260526,10,0.0,247179,2913630,0.38450193,0.49486122,0.49603748,0.5082114,0.7097227,0.6753796,0.6804645,0.68081665,24887,33676.81396198273,0.38450193,0.45141515,0.44437364,0.44052002,14.143474712868482,0.0,0.0
152167,1641230,0.32336915,0.13228798,0.17463686,0.1717889,10,0.0,247322,2915060,0.348314,0.5552689,0.50934297,0.50936675,0.67168313,0.6875569,0.68397975,0.6811556,24899,33686.46669983864,0.348314,0.40898252,0.44007728,0.44061983,13.615169198577815,0.0,0.0
152246,1642020,0.3142,0.14420518,0.17992973,0.17352161,10,0.0,247480,2916640,0.35568812,0.5409926,0.5014205,0.50755113,0.66988814,0.6851977,0.68135023,0.68107283,24911,33696.08946847916,0.33602163,0.4081149,0.42568415,0.43914562,16.195874791870676,0.0,0.0
152329,1642850,0.33052975,0.16132697,0.17015812,0.17258719,10,0.0,247647,2918310,0.35229588,0.5133965,0.5142755,0.50881165,0.6828256,0.6747235,0.6844337,0.6813988,24925,33707.27151083946,0.35229588,0.448965,0.44012883,0.44059014,13.6473626121905,0.0,0.0
152412,1643680,0.3209054,0.21541078,0.16759084,0.17256239,10,0.0,247788,2919720,0.35937285,0.46953297,0.5161327,0.50912386,0.68027824,0.6849438,0.6837236,0.6816863,24937,33716.84693336487,0.35937285,0.4047677,0.45447722,0.4424279,13.472935464048597,0.0,0.0
152500,1644560,0.26800278,0.14497292,0.16616023,0.17154819,10,0.0,247963,2921470,0.4216251,0.54805046,0.51641124,0.5105245,0.6896279,0.69302344,0.6825715,0.68207276,24951,33728.00869655609,0.35071293,0.48769355,0.46126163,0.4437515,14.773716806896438,0.0,0.0
152589,1645450,0.2984441,0.17308643,0.1706259,0.17226984,10,0.0,248124,2923080,0.39047003,0.50163877,0.5142326,0.50964206,0.6889141,0.6915394,0.68466157,0.6821196,24965,33739.19922494888,0.34314367,0.42443442,0.4409061,0.4421074,15.93598711231511,0.0,0.0
152669,1646250,0.29957038,0.24823084,0.16984771,0.17318933,10,0.0,248285,2924690,0.3743903,0.43688598,0.5140822,0.5091331,0.6739607,0.6851169,0.6816646,0.68197256,24977,33748.76413035393,0.3723254,0.3888866,0.44967708,0.44354877,14.280168585020936,0.0,0.0
152747,1647030,0.24667877,0.17682377,0.17757967,0.17287579,10,0.0,248448,2926320,0.41610134,0.508956,0.50414187,0.5095233,0.6627801,0.68577975,0.6817215,0.68188405,24991,33760.02348089218,0.3803015,0.42232737,0.44341695,0.44420958,14.152460962925197,0.0,0.0
152830,1647860,0.26350904,0.15910725,0.16965163,0.17341751,10,0.0,248593,2927770,0.4216678,0.516474,0.5069939,0.5082807,0.68517685,0.67558134,0.6766456,0.6816129,25003,33769.67422938347,0.39422113,0.45304495,0.43299365,0.44417083,13.6313510049224,0.0,0.0
152918,1648740,0.28601503,0.15478201,0.16848917,0.17371555,10,0.0,248760,2929440,0.41188437,0.51797694,0.51362115,0.50838804,0.6978994,0.67275894,0.6821104,0.6817738,25017,33780.85570216179,0.33555534,0.44017085,0.45335084,0.44469586,14.47781471949455,0.0,0.0
152996,1649520,0.32697994,0.10408517,0.16593973,0.17339362,10,0.0,248920,2931040,0.3614248,0.57860404,0.5148628,0.50851935,0.68840474,0.6826892,0.68080246,0.6818523,25029,33790.4823038578,0.3614248,0.49276772,0.45141003,0.44498828,16.11517867571572,0.0,0.0
153077,1650330,0.31835914,0.14128543,0.16059403,0.17211406,10,0.0,249079,2932630,0.35608488,0.53035474,0.52176386,0.51030153,0.674444,0.6716402,0.682358,0.68201655,25041,33800.0910255909,0.35608488,0.46734342,0.46607387,0.44627124,14.38868309524316,0.0,0.0
153166,1651220,0.30654854,0.2125241,0.16077189,0.17073025,10,0.0,249237,2934210,0.39452374,0.4741869,0.52101266,0.5109752,0.7010723,0.686711,0.6817845,0.68184817,25055,33811.26819562912,0.39452374,0.45420855,0.47045386,0.44937372,13.989850255411335,0.0,0.0
153243,1651990,0.29129484,0.15369305,0.18340303,0.17032139,10,0.0,249380,2935640,0.36935732,0.53929293,0.5044422,0.51203734,0.66065216,0.692986,0.6878452,0.68241453,25067,33820.90352487564,0.36935732,0.4890903,0.45305148,0.45133382,16.55405410738911,0.0,0.0
153332,1652880,0.24168819,0.13128918,0.16810896,0.17027599,10,0.0,249540,2937240,0.4133631,0.5607289,0.5163327,0.5124432,0.6550513,0.69201815,0.6844417,0.6823739,25081,33832.04381299019,0.37389767,0.48805028,0.45148432,0.45182383,15.308298985834828,0.0,0.0
153418,1653740,0.33268738,0.1309978,0.16778345,0.17122036,10,0.0,249718,2939020,0.36395723,0.56515926,0.5146787,0.5113018,0.6966446,0.6961571,0.68246216,0.68205696,25095,33843.275483608246,0.36395723,0.48104772,0.44786417,0.4504038,12.857373202811129,0.0,0.0
153497,1654530,0.3838969,0.1653674,0.15266591,0.17029923,10,0.0,249880,2940640,0.3311118,0.5219035,0.5330935,0.51224303,0.7150087,0.6872709,0.6857595,0.68230623,25107,33852.91654634476,0.3311118,0.51357824,0.47830132,0.45154938,13.486837620469181,0.0,0.0
153576,1655320,0.24335557,0.15029648,0.17336841,0.1707206,10,0.0,250023,2942070,0.42149276,0.53415835,0.5109555,0.5117001,0.6648483,0.68445486,0.68432397,0.682292,25119,33862.59409093857,0.32676512,0.45676866,0.45280728,0.45283565,16.509030107706334,0.0,0.0
153664,1656200,0.30639216,0.12551036,0.16531365,0.17007312,10,0.0,250189,2943730,0.36198136,0.54877114,0.5162358,0.5123559,0.6683735,0.6742815,0.68154943,0.68242896,25133,33873.88081407547,0.3230758,0.48710966,0.45366958,0.45302123,15.653232509041755,0.0,0.0
153747,1657030,0.33059406,0.1537845,0.16607305,0.16971183,10,0.0,250356,2945400,0.36442935,0.5258027,0.51483434,0.51266885,0.6950234,0.67958724,0.6809074,0.6823807,25146,33884.56172513962,0.36442935,0.4688069,0.44701576,0.45243305,13.830847214839418,0.0,0.0
153831,1657870,0.2591464,0.18271378,0.17219253,0.17037088,10,0.0,250520,2947040,0.39871275,0.50225884,0.5096665,0.51258,0.65785915,0.6849726,0.6818592,0.68295085,25160,33895.795891046524,0.37263963,0.41419545,0.4315435,0.45211706,13.20767740586512,0.0,0.0
153655,1656110,-0.04156363,0.0022788583,0.0020255113,0.0030632333,10,0.0,251418,2956020,0.6946155,0.67836726,0.67939484,0.67919666,0.65305185,0.6806461,0.6814204,0.6822599,25131,33569.25141620636,0.65305185,0.6640512,0.6666671,0.667024,16.689907754554376,0.0,0.0
153755,1657110,-0.017913103,-0.0057461024,0.00020581007,0.002685002,10,0.0,251615,2957990,0.6790437,0.690996,0.6778294,0.6792865,0.6611306,0.68524987,0.6780352,0.68197143,25147,33580.37902736664,0.657331,0.66525966,0.66304815,0.6668031,16.014423390817917,0.0,0.0
153848,1658040,0.053436518,0.015475368,0.0011366963,0.002484636,10,0.0,251796,2959800,0.6537272,0.6648332,0.678885,0.6792086,0.7071637,0.68030846,0.6800216,0.6816932,25161,33589.95949578285,0.6537272,0.6561778,0.66792643,0.6667576,18.969927110828085,0.0,0.0
153949,1659050,-0.029229224,0.0036944568,0.0018010396,0.0021462326,10,0.0,252006,2961900,0.6847933,0.6800087,0.6823242,0.6797815,0.65556407,0.6837032,0.68412507,0.6819277,25177,33600.885964393616,0.65556407,0.66823447,0.6712278,0.6673697,17.974389422877074,0.0,0.0
154037,1659930,-0.013713181,-0.0063126744,-0.0013447559,0.0017527625,10,0.0,252177,2963610,0.6698826,0.6872382,0.6802943,0.67961365,0.6561694,0.6809255,0.67894953,0.68136644,25191,33610.41727209091,0.6561694,0.66708714,0.66428816,0.6669461,18.12055821444649,0.0,0.0
154138,1660940,-0.04726553,0.00097149017,0.004285055,0.0020605028,10,0.0,252373,2965570,0.70400465,0.6838191,0.6770323,0.67917734,0.6567391,0.68479055,0.68131727,0.6812379,25207,33621.35379934311,0.6567391,0.6670828,0.6679453,0.6667515,17.074427138311155,0.0,0.0
154228,1661840,-0.015939057,-0.0049924674,-0.002460221,0.0016945165,10,0.0,252563,2967470,0.6993477,0.68710506,0.6840257,0.6794619,0.6834086,0.6821126,0.6815655,0.6811565,25221,33630.91486334801,0.6589617,0.6688707,0.66896194,0.6666879,15.01373295461664,0.0,0.0
154329,1662850,0.00038844347,0.001081109,0.0012560105,0.0015232306,10,0.0,252757,2969410,0.6623336,0.6837829,0.6830028,0.6801038,0.66272205,0.6848639,0.6842589,0.681627,25237,33641.87365317345,0.6623336,0.66954017,0.67018247,0.66732335,18.038201746576902,0.0,0.0
154422,1663780,-0.013684392,-0.0009827673,0.0032050598,0.001457238,10,0.0,252931,2971150,0.67057997,0.6794497,0.6767351,0.6797223,0.6568956,0.6784669,0.67994016,0.6811795,25251,33651.40306472778,0.6568956,0.66312087,0.66604394,0.66716236,15.287943993465369,0.0,0.0
154520,1664760,0.016435325,0.0057905735,0.0029082876,0.0015557588,10,0.0,253135,2973190,0.69613945,0.67495304,0.6785452,0.67976135,0.7125748,0.6807436,0.6814534,0.68131715,25267,33662.33576965332,0.6568291,0.66982865,0.66686594,0.6673756,16.07903226115608,0.0,0.0
154615,1665710,0.025655508,0.007938856,0.0029606624,0.0014121456,10,0.0,253306,2974900,0.6896244,0.6793899,0.68219787,0.67993927,0.71527994,0.68732876,0.6851584,0.68135136,25281,33671.84484958649,0.6896244,0.67055184,0.67003965,0.6675282,15.580438865511256,0.0,0.0
154716,1666720,0.0,0.0066201687,0.0036977953,0.0015036064,10,0.0,253511,2976950,0.70574605,0.6837896,0.6816821,0.68050206,0.70574605,0.69040984,0.68537986,0.6820057,25297,33682.811406612396,0.70574605,0.6700298,0.6707831,0.6682633,16.139350147721686,0.0,0.0
154808,1667640,-0.0057248473,0.01088571,-0.00013925075,0.001592834,10,0.0,253686,2978700,0.66965777,0.671244,0.6814249,0.6806548,0.6639329,0.68212974,0.6812857,0.68224764,25311,33692.39678502083,0.6638549,0.66357815,0.66721123,0.66832626,18.107822236728154,0.0,0.0
154908,1668640,0.048768103,-0.0018991053,0.003411907,0.0016739843,10,0.0,253899,2980830,0.6537483,0.6885934,0.6803653,0.68055606,0.7025164,0.68669426,0.68377715,0.6822301,25327,33703.363828897476,0.6537483,0.67779744,0.6687151,0.6681354,18.173902192149306,0.0,0.0
154999,1669550,-0.031598926,0.0037397803,0.0032333636,0.002225332,10,0.0,254073,2982570,0.6891808,0.6708024,0.6763737,0.6799382,0.65758187,0.6745422,0.67960715,0.68216354,25341,33712.97263789177,0.6573098,0.66423094,0.6671938,0.66826785,16.444736321060795,0.0,0.0
155097,1670530,0.006158054,0.004118395,0.002470658,0.0020035452,10,0.0,254281,2984650,0.69922185,0.6765356,0.6798909,0.68026304,0.7053799,0.68065405,0.6823616,0.68226665,25357,33723.94368648529,0.69922185,0.66191775,0.6683068,0.6683322,17.187776991439108,0.0,0.0
155187,1671430,-0.044056296,0.0014917671,0.0036655916,0.0024104526,10,0.0,254456,2986400,0.6981285,0.672432,0.6766581,0.6798784,0.6540722,0.67392373,0.6803237,0.6822889,25371,33733.53227162361,0.6540722,0.6646137,0.665357,0.6681799,16.700380887612273,0.0,0.0
155290,1672460,0.034307122,0.0122847855,0.0014420402,0.002423924,10,0.0,254665,2988490,0.6714128,0.67298806,0.67809784,0.679629,0.70571995,0.6852728,0.6795399,0.68205297,25387,33744.52344894409,0.6713203,0.67092335,0.66613466,0.66791445,16.016398625912455,0.0,0.0
155385,1673410,0.040494382,0.0017196834,0.0002516216,0.0022290135,10,0.0,254837,2990210,0.67622805,0.6681789,0.6790331,0.6795436,0.7167224,0.6698986,0.6792847,0.6817727,25401,33754.077093839645,0.66094184,0.6584865,0.66528237,0.66766655,17.492293981026783,0.0,0.0
155482,1674380,0.0025047064,-0.008312911,0.0022722376,0.002268959,10,0.0,255049,2992330,0.67125136,0.69055474,0.6820171,0.67968386,0.67375606,0.6822418,0.6842892,0.68195283,25417,33765.05855488777,0.67125136,0.66146946,0.6689173,0.66774243,16.693528005403312,0.0,0.0
155572,1675280,0.0012837648,0.0061504305,-0.00052673044,0.001996239,10,0.0,255224,2994080,0.6545623,0.6740607,0.6828595,0.6800402,0.65584606,0.68021107,0.68233263,0.6820364,25431,33774.58070683479,0.65446514,0.66586185,0.6697042,0.66811734,18.082185638939496,0.0,0.0
155672,1676280,0.015332162,0.005188787,0.0020858676,0.0017615379,10,0.0,255410,2995940,0.6843204,0.67000806,0.6749538,0.6793992,0.69965255,0.6751968,0.67703956,0.6811607,25447,33785.464661598206,0.6588415,0.6603522,0.6657148,0.66758054,14.758168655978032,0.0,0.0
155764,1677200,-0.004460931,-4.3797492e-05,0.0042587714,0.0021249424,10,0.0,255601,2997850,0.6679353,0.6783326,0.6792911,0.6790398,0.6634744,0.6782888,0.6835499,0.68116474,25461,33795.01921057701,0.6633963,0.66385114,0.6675718,0.6672669,17.473805772353728,0.0,0.0
155869,1678250,0.0043133497,-0.00033883454,-0.0005899328,0.0019214418,10,0.0,255791,2999750,0.6633767,0.6826221,0.68371177,0.6794615,0.66769004,0.6822832,0.68312186,0.68138295,25477,33805.94660401344,0.66328305,0.6686044,0.6711279,0.66786397,17.14498273771713,0.0,0.0
155960,1679160,-0.016101837,0.0033061146,0.005122492,0.0020908504,10,0.0,255976,3001600,0.7032647,0.68405557,0.6766384,0.679045,0.6871629,0.6873617,0.68176085,0.6811359,25491,33815.49787282944,0.6828816,0.6672883,0.6643366,0.6671633,16.03367669061987,0.0,0.0
156057,1680130,-0.026981533,0.009593588,0.006307413,0.002474832,10,0.0,256169,3003530,0.70307547,0.6769131,0.6747338,0.67868984,0.67609394,0.68650675,0.68104124,0.6811647,25507,33826.45059919357,0.65545803,0.67246836,0.6654034,0.66692394,15.531404749658494,0.0,0.0
156152,1681080,-0.007287562,0.006632668,0.0025771689,0.0024130202,10,0.0,256343,3005270,0.67432374,0.6789981,0.6790531,0.6788641,0.6670362,0.6856307,0.6816305,0.6812772,25521,33836.05349826813,0.6598235,0.66664964,0.6685672,0.6673567,14.825550836748725,0.0,0.0
156252,1682080,0.015941441,0.0065659108,0.0021855228,0.002470085,10,0.0,256549,3007330,0.6594045,0.6677264,0.6786686,0.67906225,0.67534596,0.67429227,0.6808541,0.6815323,25537,33846.96557426453,0.65719134,0.6583657,0.6675127,0.6676731,19.14375120951988,0.0,0.0
156341,1682970,-0.004728198,-0.006191969,0.0050350083,0.0027200263,10,0.0,256721,3009050,0.66096324,0.68343365,0.6758902,0.6787808,0.65623504,0.6772417,0.68092513,0.68150085,25551,33856.570133924484,0.65623504,0.66843545,0.66483724,0.66746527,19.75462520976582,0.0,0.0
156441,1683970,0.0148742795,-0.006801325,9.614885e-05,0.0025903687,10,0.0,256935,3011190,0.6825463,0.6912932,0.6801165,0.6786508,0.6974206,0.6844919,0.6802126,0.6812412,25567,33867.4376513958,0.6590037,0.675522,0.66816026,0.6673374,17.25421924351862,0.0,0.0
153918,1658740,0.33909976,0.19746266,0.17259389,0.17050721,10,0.0,250678,2948620,0.35364866,0.49332556,0.5100166,0.51234424,0.6927484,0.69078827,0.6826106,0.68285143,25172,33905.443937540054,0.35364866,0.4615094,0.4343271,0.45048133,14.261062572762189,0.0,0.0
153992,1659480,0.24811831,0.15460858,0.15390909,0.16880207,10,0.0,250821,2950050,0.4219009,0.5343908,0.5309364,0.51446277,0.6700192,0.6889995,0.68484545,0.6832649,25184,33915.00489115715,0.38904992,0.4041275,0.4477298,0.45088714,15.30825987555732,0.0,0.0
154075,1660310,0.262261,0.15585694,0.16362178,0.16896488,10,0.0,250980,2951640,0.4073917,0.5325404,0.51865274,0.51418006,0.6696527,0.6883973,0.6822746,0.6831449,25198,33926.226479530334,0.3751424,0.45032567,0.4312452,0.4482096,14.791107500000882,0.0,0.0
154168,1661240,0.28506535,0.17775325,0.17072439,0.17031711,10,0.0,251153,2953370,0.42432523,0.5147869,0.5128443,0.512896,0.7093906,0.6925401,0.6835687,0.6832131,25212,33937.38399887085,0.3858548,0.39261574,0.4390202,0.44489643,16.337190121273615,0.0,0.0
154242,1661980,0.38135627,0.16463348,0.17184092,0.1693746,10,0.0,251299,2954830,0.32663384,0.5058662,0.5136748,0.5136482,0.7079901,0.6704997,0.68551576,0.68302286,25224,33946.94855642319,0.32663384,0.43456683,0.44368118,0.44472927,14.052385398773705,0.0,0.0
154325,1662810,0.2914359,0.16482623,0.16610992,0.16925098,10,0.0,251461,2956450,0.38028663,0.5171362,0.51550883,0.51381,0.67172253,0.6819625,0.6816188,0.683061,25238,33958.15655326843,0.3631772,0.45209447,0.44789246,0.44473293,14.186754374185902,0.0,0.0
154411,1663670,0.27636322,0.15681191,0.17111893,0.16846599,10,0.0,251603,2957870,0.37804177,0.522184,0.5089164,0.5145012,0.654405,0.6789959,0.68003535,0.68296725,25250,33967.68079543114,0.34587786,0.42069453,0.44930992,0.44576362,17.45672967670349,0.0,0.0
154497,1664530,0.35032937,0.16027962,0.1700849,0.16973144,10,0.0,251759,2959430,0.35016027,0.5234336,0.5091812,0.51265365,0.70048964,0.68371326,0.67926615,0.6823851,25262,33977.363226652145,0.35016027,0.49287385,0.43808356,0.44244927,16.449192777311957,0.0,0.0
154578,1665340,0.3210028,0.16426548,0.17161436,0.16959225,10,0.0,251917,2961010,0.34146675,0.51893747,0.51080203,0.51280826,0.66246957,0.6832029,0.6824163,0.6824005,25276,33988.58183813095,0.34146675,0.45967808,0.45208758,0.44232935,16.25064945581318,0.0,0.0
154664,1666200,0.3186888,0.18201275,0.16019548,0.16870378,10,0.0,252098,2962820,0.33805627,0.5008967,0.52310747,0.5137553,0.6567451,0.6829094,0.6833028,0.6824591,25290,33999.77693414688,0.33805627,0.46159664,0.4540375,0.44272867,13.789346020102581,0.0,0.0
154747,1667030,0.2847667,0.13003497,0.16912235,0.16873783,10,0.0,252245,2964290,0.4196075,0.56717616,0.51510626,0.5140947,0.7043742,0.69721115,0.68422866,0.68283254,25302,34009.3920545578,0.4034208,0.53757125,0.45371297,0.44354543,16.691661221244388,0.0,0.0
154828,1667840,0.36345127,0.18847306,0.17061467,0.16893366,10,0.0,252388,2965720,0.33704326,0.4857468,0.512521,0.5136802,0.7004945,0.6742199,0.6831357,0.6826139,25314,34018.93541932106,0.33195037,0.4374283,0.45663723,0.44469905,16.12378354793633,0.0,0.0
154914,1668700,0.29097056,0.14617054,0.16971314,0.16875562,10,0.0,252565,2967490,0.3759787,0.5376844,0.5090186,0.5136423,0.6669493,0.683855,0.67873186,0.68239796,25328,34030.13456916809,0.3759787,0.49005127,0.45327756,0.44669196,12.20238193945625,0.0,0.0
154990,1669460,0.34100416,0.21777458,0.16809714,0.17109102,10,0.0,252711,2968950,0.37243125,0.46197087,0.51514685,0.51112986,0.7134354,0.6797455,0.68324393,0.6822209,25340,34039.77064037323,0.36993182,0.41878787,0.44752192,0.44528973,16.569998230133244,0.0,0.0
155074,1670300,0.3124671,0.14201424,0.16368626,0.17026074,10,0.0,252871,2970550,0.40110147,0.53994703,0.519054,0.5121082,0.71356857,0.68196124,0.6827403,0.682369,25354,34051.03371667862,0.40110147,0.43688625,0.4428125,0.44649413,15.489144905330663,0.0,0.0
155159,1671150,0.34722647,0.14463203,0.15618443,0.16915229,10,0.0,253028,2972120,0.35720113,0.5320904,0.52492774,0.5129699,0.7044276,0.6767224,0.68111223,0.6821222,25366,34060.68590092659,0.35720113,0.42374706,0.4611361,0.44893533,14.464723324451887,0.0,0.0
155242,1671980,0.27502695,0.17479795,0.16775179,0.16921152,10,0.0,253185,2973690,0.41725543,0.5079035,0.51547205,0.5128954,0.6922824,0.68270147,0.6832239,0.6821068,25380,34071.93064546585,0.41725543,0.484996,0.45595765,0.4495219,14.661174542719161,0.0,0.0
155327,1672830,0.29035628,0.16429186,0.16920319,0.16957402,10,0.0,253360,2975440,0.40792835,0.52159166,0.5117033,0.5123223,0.6982846,0.6858835,0.6809066,0.6818964,25394,34083.1500620842,0.37352353,0.51279694,0.46522507,0.45070451,14.773971796932845,0.0,0.0
155413,1673690,0.3384531,0.18264326,0.16618931,0.16943805,10,0.0,253522,2977060,0.36455083,0.498206,0.51820725,0.51271003,0.70300394,0.6808493,0.6843965,0.6821481,25406,34092.80189204216,0.36455083,0.43265948,0.45042542,0.44997662,13.745696178553942,0.0,0.0
155493,1674490,0.30462432,0.15826337,0.17642307,0.17023554,10,0.0,253662,2978460,0.4016381,0.52582777,0.5074417,0.512339,0.7062624,0.6840912,0.68386483,0.68257457,25418,34102.440084695816,0.3322378,0.42440075,0.44000083,0.4500695,16.677126557253985,0.0,0.0
155576,1675320,0.29332143,0.17738155,0.16560195,0.16948237,10,0.0,253822,2980060,0.36298025,0.5001191,0.51677644,0.51300913,0.6563017,0.6775006,0.68237853,0.6824916,25432,34113.66258740425,0.36298025,0.45338535,0.43807453,0.449375,14.418430051963089,0.0,0.0
155664,1676200,0.30427855,0.1998114,0.18087305,0.17207825,10,0.0,253984,2981680,0.36052543,0.47793484,0.49774605,0.5099473,0.664804,0.67774624,0.6786192,0.68202555,25446,34124.93797636032,0.36052543,0.41273457,0.42579406,0.44605067,15.497872799546553,0.0,0.0
155743,1676990,0.3521662,0.20841122,0.16693297,0.17124645,10,0.0,254139,2983230,0.33685818,0.47069302,0.51359946,0.5104684,0.6890244,0.6791042,0.68053263,0.6817149,25458,34134.555027484894,0.33685818,0.39265308,0.43257773,0.44536397,12.749388414156693,0.0,0.0
155825,1677810,0.34140056,0.12235694,0.16200508,0.16985218,10,0.0,254301,2984850,0.373237,0.55348647,0.5220158,0.51214564,0.7146376,0.67584336,0.68402094,0.6819978,25472,34145.76963162422,0.36939037,0.43496007,0.4373196,0.4450266,14.128172376810188,0.0,0.0
155913,1678690,0.32844245,0.14030015,0.14261794,0.16784662,10,0.0,254463,2986470,0.3692966,0.5383988,0.54022306,0.5144931,0.69773906,0.6786989,0.6828411,0.6823397,25484,34155.43639969826,0.3692966,0.48357272,0.4663606,0.44591025,15.27080040646366,0.0,0.0
155989,1679450,0.3403432,0.13432972,0.17151125,0.16749509,10,0.0,254610,2987940,0.33460072,0.53586495,0.51186633,0.5148596,0.6749439,0.6701947,0.6833777,0.68235475,25496,34165.06057167053,0.33345145,0.41978782,0.44245294,0.4465501,15.403930912831601,0.0,0.0
156073,1680290,0.30203483,0.1025707,0.15506755,0.16721538,10,0.0,254765,2989490,0.3698769,0.5820602,0.5280753,0.5152134,0.6719117,0.68463093,0.6831428,0.6824287,25510,34176.3157787323,0.3698769,0.48895448,0.44895926,0.44705215,13.77336606651456,0.0,0.0
156152,1681080,0.31988272,0.2062926,0.16341561,0.16839844,10,0.0,254922,2991060,0.3676211,0.4697681,0.5173401,0.51395726,0.6875038,0.67606074,0.6807558,0.6823557,25522,34186.13959169388,0.3676211,0.44190654,0.4593642,0.4460872,50.22306573188766,0.0,0.0
156232,1681880,0.26368323,0.19578597,0.1816448,0.16905648,10,0.0,255087,2992710,0.42223057,0.48981428,0.49826095,0.5129025,0.6859138,0.6856002,0.6799058,0.681959,25534,34195.80253005028,0.4031991,0.45161447,0.4449949,0.44589636,14.989068136351323,0.0,0.0
156320,1682760,0.3241728,0.17264967,0.1563547,0.16786554,10,0.0,255244,2994280,0.36554974,0.5091171,0.52652276,0.5143189,0.68972254,0.6817668,0.6828775,0.68218446,25548,34207.03284430504,0.33397448,0.46284372,0.4740168,0.44703135,13.404743413966896,0.0,0.0
156532,1684880,-0.028174043,0.00018172264,0.0027759147,0.0029340354,10,0.0,257101,3012850,0.6864029,0.6813106,0.67913663,0.6783616,0.6582289,0.6814922,0.6819126,0.68129563,25581,33876.97823500633,0.6539095,0.67703474,0.6681482,0.6673378,18.0729683065167,0.0,0.0
156633,1685890,0.04086554,0.0009474397,0.0012264716,0.002875008,10,0.0,257315,3014990,0.65429044,0.67488176,0.67990184,0.67860067,0.695156,0.6758291,0.6811283,0.6814756,25597,33888.05115938187,0.65429044,0.6638047,0.6677015,0.6672611,16.04085724021642,0.0,0.0
156724,1686800,0.0041725636,0.009798795,0.0029655015,0.0027540938,10,0.0,257481,3016650,0.6691279,0.674062,0.67911226,0.678655,0.67330045,0.68386084,0.6820777,0.68140906,25611,33897.66467022896,0.6691279,0.66327477,0.66641855,0.6672149,18.02925393356568,0.0,0.0
156825,1687810,-0.0085039735,-0.00051033497,0.0029626458,0.0029227322,10,0.0,257688,3018720,0.66412634,0.6849084,0.6789034,0.6784054,0.65562236,0.68439806,0.68186605,0.6813281,25627,33908.60399770737,0.65339,0.682103,0.6696575,0.66722864,18.478013682607386,0.0,0.0
156918,1688740,-0.0040016174,-0.0031312048,-0.0008947724,0.0025073898,10,0.0,257860,3020440,0.7033226,0.6834958,0.6824314,0.67887443,0.699321,0.6803646,0.6815366,0.6813818,25641,33918.19782209396,0.65737873,0.67162675,0.6700526,0.66761124,15.626219894975868,0.0,0.0
157020,1689760,0.00012522936,0.0064333677,0.0019991547,0.0024196075,10,0.0,258058,3022420,0.6931552,0.67857736,0.6805184,0.67902946,0.69328046,0.68501073,0.68251765,0.6814491,25657,33929.18936562538,0.6760425,0.67400277,0.6683418,0.6678554,18.545253727462892,0.0,0.0
157112,1690680,0.04046893,-0.00052559376,0.00195827,0.0020115129,10,0.0,258227,3024110,0.67520404,0.68018514,0.6792488,0.6794436,0.71567297,0.6796595,0.68120706,0.6814551,25671,33938.75001049042,0.67520404,0.6692182,0.6673733,0.66780543,15.866209956705863,0.0,0.0
157214,1691700,0.004095137,0.003784454,-0.0022041881,0.0016377054,10,0.0,258434,3026180,0.6989535,0.682607,0.6840218,0.67974436,0.70304865,0.6863915,0.68181765,0.68138206,25687,33949.693789720535,0.6873585,0.67751235,0.66947037,0.66788715,17.631949433519043,0.0,0.0
157300,1692560,0.01239711,0.00056735275,0.0049511297,0.0017477467,10,0.0,258605,3027890,0.6657528,0.67876196,0.67807174,0.6799052,0.67814994,0.6793293,0.68302286,0.6816529,25701,33959.34747958183,0.6657528,0.6630338,0.6663128,0.6679238,18.477289207208177,0.0,0.0
157405,1693610,0.02932173,0.002696234,-0.0010648501,0.0016150806,10,0.0,258813,3029970,0.654101,0.6757468,0.68258834,0.680154,0.68342274,0.678443,0.6815235,0.68176913,25717,33970.291296720505,0.654101,0.66168356,0.6683466,0.667996,16.05325896959632,0.0,0.0
157496,1694520,0.035384297,0.0027835846,0.00018946052,0.001393257,10,0.0,258986,3031700,0.64711076,0.67545164,0.68175226,0.680465,0.68249506,0.67823535,0.6819415,0.6818583,25731,33979.861451387405,0.64711076,0.6635668,0.6667842,0.66801345,16.462104971477956,0.0,0.0
157597,1695530,0.03518349,0.013685465,0.002264915,0.0013907242,10,0.0,259186,3033700,0.6706688,0.67647946,0.68142396,0.68066037,0.70585227,0.690165,0.6836889,0.6820511,25747,33990.73045825958,0.6706688,0.66625303,0.6681426,0.6679661,16.10498120069791,0.0,0.0
157684,1696400,-0.0029106736,0.00063266756,0.002041915,0.0012233143,10,0.0,259358,3035420,0.6586853,0.67951554,0.68314433,0.68105036,0.65577465,0.68014824,0.6851862,0.6822737,25761,34000.296033382416,0.65577465,0.6713918,0.6709439,0.66837084,17.226411917151648,0.0,0.0
157789,1697450,0.0041682124,0.0044553755,0.004915881,0.0014417854,10,0.0,259549,3037330,0.6866308,0.67747873,0.6734572,0.68070877,0.690799,0.68193406,0.6783731,0.6821505,25777,34011.24209570885,0.6574135,0.6668467,0.66310424,0.6680786,18.537844029094437,0.0,0.0
157877,1698330,-0.038599312,0.00456478,0.0058824266,0.0018847892,10,0.0,259742,3039260,0.7018994,0.6813601,0.67504805,0.6799453,0.6633001,0.6859249,0.6809306,0.68183017,25791,34020.75954413414,0.6588637,0.66735727,0.6629688,0.6671043,16.896423648122234,0.0,0.0
157980,1699360,-0.021190941,-0.0021550953,0.00060412346,0.0019514792,10,0.0,259927,3041110,0.68526816,0.68497413,0.6801354,0.6798475,0.6640772,0.68281907,0.6807395,0.68179893,25807,34031.69464945793,0.6596461,0.6723076,0.6673713,0.66710234,16.136003493187708,0.0,0.0
158072,1700280,-0.032652438,-0.0034954608,0.0011656535,0.0019228611,10,0.0,260098,3042820,0.68780845,0.6785813,0.67993253,0.6798494,0.655156,0.67508584,0.6810982,0.68177223,25821,34041.2831993103,0.655156,0.6603996,0.66547364,0.6668573,17.92445266860115,0.0,0.0
158173,1701290,-0.048675597,-0.0029488683,0.0028221398,0.0023179322,10,0.0,260312,3044960,0.7041811,0.69638216,0.67895925,0.67951304,0.6555055,0.6934333,0.6817815,0.68183106,25837,34052.22886800766,0.6555055,0.6780226,0.6664216,0.6666913,17.246471801965313,0.0,0.0
158266,1702220,-0.009704351,0.003985101,0.0016755479,0.0023630057,10,0.0,260487,3046710,0.6795933,0.6694136,0.6786083,0.67926013,0.669889,0.6733987,0.68028396,0.68162316,25851,34061.851108789444,0.669889,0.6600338,0.6687805,0.6667136,19.004764440014046,0.0,0.0
158360,1703160,-0.025967121,-0.0040426133,0.0051163607,0.0027702951,10,0.0,260695,3048790,0.69783944,0.67934656,0.6765456,0.6789769,0.6718723,0.675304,0.6816621,0.6817472,25867,34072.80263233185,0.65363556,0.6658702,0.6653285,0.666728,18.091326540735317,0.0,0.0
158453,1704090,0.029202044,-0.004600686,0.0026555108,0.0027809488,10,0.0,260862,3050460,0.6764152,0.68550056,0.67871535,0.6788629,0.70561725,0.6808998,0.6813709,0.6816439,25881,34082.439011096954,0.6561602,0.6653121,0.66706383,0.666833,17.90112755272106,0.0,0.0
158555,1705110,-0.0039892197,0.005678403,0.0009758776,0.002889765,10,0.0,261076,3052600,0.67027736,0.66816187,0.68039244,0.67858785,0.66628814,0.6738402,0.68136823,0.68147767,25897,34093.421493291855,0.66628814,0.66306835,0.6669933,0.666665,18.96848583300621,0.0,0.0
158649,1706050,0.029267311,0.00960877,0.001706608,0.0028504783,10,0.0,261244,3054280,0.6840483,0.6731949,0.6775825,0.677997,0.7133156,0.6828036,0.67928916,0.68084747,25911,34103.07212948799,0.65767133,0.6575877,0.66463304,0.6660201,16.655252913961643,0.0,0.0
158750,1707060,0.017096758,0.0065284013,0.0041025146,0.0028529456,10,0.0,261457,3056410,0.6686723,0.6705365,0.67516756,0.6779237,0.6857691,0.6770649,0.67927015,0.6807766,25927,34114.11249303818,0.6686723,0.66181266,0.6650555,0.6660543,17.72128559157721,0.0,0.0
158835,1707910,0.010421395,0.010864663,0.005843003,0.0029307152,10,0.0,261624,3058080,0.6723599,0.6700139,0.6792063,0.6783271,0.6827813,0.68087864,0.6850493,0.6812578,25941,34123.72846984863,0.6614996,0.6617526,0.66891336,0.6665507,18.7709121178624,0.0,0.0
158942,1708980,-0.00013524294,0.002212119,0.0014477539,0.002792289,10,0.0,261812,3059960,0.65813625,0.69445837,0.68030334,0.678545,0.658001,0.69667053,0.6817509,0.6813373,25957,34134.70833897591,0.658001,0.681315,0.66540724,0.6666106,17.00695272012453,0.0,0.0
159027,1709830,0.014911592,-0.005032301,0.0006910944,0.0026882377,10,0.0,262007,3061910,0.6635428,0.68326366,0.67905813,0.6787241,0.6784544,0.6782313,0.67974913,0.68141234,25971,34144.314611911774,0.6635428,0.6676764,0.66545206,0.66643137,16.393785040446016,0.0,0.0
159127,1710830,0.049910724,-0.0031892122,0.0028311748,0.0027750859,10,0.0,262196,3063800,0.6558346,0.68225026,0.6775776,0.6784896,0.70574534,0.67906106,0.6804088,0.68126464,25987,34155.23509693146,0.6558346,0.67306036,0.6658104,0.6665479,15.582372168051542,0.0,0.0
159218,1711740,0.017775953,0.002798772,0.00054000615,0.0025825927,10,0.0,262383,3065670,0.6551332,0.6726773,0.68050593,0.6784592,0.67290914,0.6754761,0.681046,0.6810419,26001,34164.84721541405,0.6538924,0.65847766,0.6651898,0.6660653,15.208297602709303,0.0,0.0
159323,1712790,0.02955693,0.0054203332,0.004778077,0.002744461,10,0.0,262574,3067580,0.67348987,0.67636,0.67651016,0.6784194,0.7030468,0.68178034,0.68128824,0.6811639,26017,34175.87759017944,0.67348987,0.67007554,0.6658069,0.66602933,17.247606523185535,0.0,0.0
156403,1683590,0.27729514,0.13600078,0.15412992,0.16690543,10,0.0,255400,2995840,0.4215888,0.5345305,0.5254515,0.51485693,0.69888395,0.67053133,0.67958146,0.68176234,25562,34218.2509458065,0.38069648,0.50953126,0.46265385,0.44775516,14.562266188236805,0.0,0.0
156482,1684380,0.30780846,0.21177475,0.16383037,0.1652266,10,0.0,255545,2997290,0.38704008,0.4662881,0.51721907,0.5164014,0.69484854,0.6780628,0.6810495,0.68162805,25574,34227.905962228775,0.33382073,0.42239046,0.46441436,0.44983587,15.481106778306614,0.0,0.0
156566,1685220,0.32027686,0.19444194,0.17689711,0.16595949,10,0.0,255702,2998860,0.33406097,0.48862177,0.506279,0.5156864,0.6543378,0.68306375,0.68317604,0.68164593,25586,34237.50266838074,0.33406097,0.44402856,0.44961375,0.45156443,14.84512846794796,0.0,0.0
156655,1686110,0.3157981,0.13102175,0.16696747,0.16400601,10,0.0,255859,3000430,0.3521964,0.5457891,0.51895803,0.5182862,0.6679945,0.67681086,0.6841561,0.6822032,25600,34248.79477620125,0.35036036,0.49094588,0.45313558,0.4542226,17.048727210056477,0.0,0.0
156731,1686870,0.27337286,0.15701738,0.14967732,0.16332398,10,0.0,256020,3002040,0.4229292,0.5232056,0.53081167,0.5192511,0.69630206,0.6802229,0.68048894,0.68231654,25612,34258.47710752487,0.4229292,0.43781036,0.46948546,0.45690382,16.469228256225968,0.0,0.0
156822,1687780,0.3443267,0.1663889,0.16541876,0.16285588,10,0.0,256179,3003630,0.33582523,0.5060232,0.5149295,0.5193907,0.68015194,0.67241216,0.6803483,0.6819494,25626,34269.710414886475,0.33582523,0.38135776,0.45261428,0.45836523,14.693923308464544,0.0,0.0
156904,1688600,0.3083028,0.1840156,0.17102548,0.1650162,10,0.0,256341,3005250,0.35182092,0.49633798,0.5107499,0.5173296,0.6601237,0.6803535,0.68177533,0.68201524,25640,34280.967682123184,0.35182092,0.43976003,0.44837514,0.45798317,14.893794418037158,0.0,0.0
156983,1689390,0.30628577,0.16298254,0.16895382,0.1640123,10,0.0,256496,3006800,0.34932372,0.51688015,0.51014286,0.5175609,0.6556095,0.6798626,0.6790967,0.68157405,25652,34290.58980870247,0.34932372,0.43521506,0.45061657,0.45832565,14.289056820264598,0.0,0.0
157068,1690240,0.31418404,0.13825616,0.17882955,0.16614158,10,0.0,256652,3008360,0.35472414,0.5477915,0.49889937,0.51530904,0.6689082,0.6860477,0.67772895,0.681119,25664,34300.20436954498,0.35472414,0.45917583,0.42870694,0.4564374,15.627739499918775,0.0,0.0
157148,1691040,0.32508582,0.20584896,0.17371023,0.16749488,10,0.0,256797,3009810,0.37996978,0.48340735,0.50736564,0.5137366,0.7050556,0.68925625,0.6810759,0.68117654,25678,34311.42674565315,0.36681753,0.44009772,0.4451223,0.4552038,19.166767581172962,0.0,0.0
157232,1691880,0.32246587,0.16533726,0.16698618,0.16564193,10,0.0,256954,3011380,0.3384516,0.5123877,0.5149007,0.5157706,0.66091746,0.67772496,0.6818869,0.6812904,25690,34321.09786248207,0.3384516,0.44593,0.45296535,0.4559832,16.523767839372567,0.0,0.0
157321,1692770,0.29696354,0.19565871,0.18334788,0.16859058,10,0.0,257127,3013110,0.37536368,0.4826292,0.49450302,0.51239175,0.6723272,0.67828786,0.6778509,0.6808235,25704,34332.333813905716,0.37536368,0.41977325,0.43143466,0.45131636,14.505102009056559,0.0,0.0
157398,1693540,0.34393373,0.21798308,0.18872827,0.17082001,10,0.0,257268,3014520,0.34631184,0.4625395,0.49037755,0.5103693,0.69024557,0.68052256,0.6791058,0.68087965,25716,34342.02445268631,0.34631184,0.4402154,0.4397225,0.45072705,14.156234485044385,0.0,0.0
157480,1694360,0.3439087,0.20010488,0.17888716,0.17184347,10,0.0,257428,3016120,0.35768887,0.46716684,0.5001646,0.5088072,0.7015976,0.66727173,0.67905176,0.6806474,25730,34353.30249452591,0.35768887,0.37787682,0.4501501,0.44940996,15.8224334074351,0.0,0.0
157573,1695290,0.2190324,0.20732382,0.18404523,0.17300677,10,0.0,257606,3017900,0.43741363,0.47643954,0.49950826,0.5080932,0.65644604,0.6837633,0.6835535,0.6807428,25744,34364.55488848686,0.34076846,0.43320268,0.4529243,0.44930318,12.636589705752094,0.0,0.0
157650,1696060,0.3040201,0.093772665,0.164988,0.17287518,10,0.0,257765,3019490,0.38086468,0.59831786,0.515724,0.50753945,0.6848848,0.69209045,0.680712,0.6804147,25756,34374.167573451996,0.38086468,0.5239854,0.45433652,0.44961134,13.601676186177041,0.0,0.0
157730,1696860,0.30291447,0.12415536,0.15221743,0.17386273,10,0.0,257909,3020930,0.37905434,0.56481993,0.5329537,0.5067204,0.6819688,0.6889753,0.6851711,0.6805831,25768,34383.88109111786,0.33221588,0.55686647,0.4789482,0.4498208,15.445487530532455,0.0,0.0
157819,1697750,0.3262144,0.11098554,0.15873536,0.17331296,10,0.0,258065,3022490,0.33237025,0.5686721,0.52305216,0.5073123,0.65858465,0.6796577,0.68178743,0.6806254,25782,34395.155935525894,0.33237025,0.4939355,0.46522504,0.44991016,13.336457878575805,0.0,0.0
157898,1698540,0.28248984,0.17674494,0.16695589,0.17335257,10,0.0,258227,3024110,0.39193052,0.4843347,0.5112182,0.5071455,0.67442036,0.6742012,0.6807091,0.68047005,25794,34404.80659079552,0.34495792,0.4436443,0.4388597,0.44804522,15.75259181585601,0.0,0.0
157984,1699400,0.29162845,0.15048854,0.15331164,0.17148007,10,0.0,258379,3025630,0.41189012,0.5354641,0.52528554,0.50907385,0.70351857,0.68595254,0.6789812,0.68057466,25808,34416.01433682442,0.33237395,0.43742695,0.46140724,0.44943744,13.09523014119906,0.0,0.0
158066,1700220,0.26240885,0.16917102,0.16636224,0.17052317,10,0.0,258532,3027160,0.4478358,0.5220482,0.5160206,0.51025873,0.71024466,0.6912192,0.6823829,0.6809724,25822,34427.28217625618,0.42652288,0.4557024,0.43842986,0.4507267,14.156358711115447,0.0,0.0
158150,1701060,0.28457358,0.17198096,0.1727083,0.17093551,10,0.0,258689,3028730,0.4024246,0.511092,0.5102912,0.5102078,0.6869982,0.68307304,0.6829995,0.6812228,25834,34436.952424287796,0.3339726,0.41394836,0.4301544,0.4487737,14.058645171972968,0.0,0.0
158231,1701870,0.31322265,0.15622333,0.15975967,0.16985564,10,0.0,258824,3030080,0.4032591,0.5368688,0.5226976,0.5112457,0.71648175,0.6930921,0.6824573,0.6812679,25846,34446.55136060715,0.3347159,0.4099075,0.4424918,0.4486817,15.017076479499094,0.0,0.0
158312,1702680,0.23725641,0.21937013,0.17026344,0.16887046,10,0.0,258987,3031710,0.44632572,0.46533108,0.5147016,0.5130591,0.6835821,0.68470114,0.6849651,0.6818921,25860,34457.79374909401,0.3719482,0.48014098,0.45386714,0.45132115,14.31691683614292,0.0,0.0
158401,1703570,0.26849216,0.16127723,0.15722135,0.16579652,10,0.0,259159,3033430,0.39834976,0.52188504,0.52780807,0.51628417,0.6668419,0.68316233,0.6850295,0.68228525,25874,34469.04917430878,0.39834976,0.49964967,0.48516273,0.45440277,13.219699643970186,0.0,0.0
158483,1704390,0.2918445,0.17239627,0.17169774,0.16613415,10,0.0,259305,3034890,0.36193067,0.5071429,0.5094715,0.51627284,0.65377516,0.6795393,0.68116915,0.6823857,25886,34478.69479942322,0.36193067,0.45566744,0.46074444,0.45464057,16.74062100248856,0.0,0.0
158565,1705210,0.0011655092,0.17046764,0.16491401,0.16381684,10,0.0,259482,3036660,0.70718086,0.5070705,0.5134139,0.5180818,0.70834637,0.6775381,0.67832804,0.68188417,25899,34489.416363716125,0.3648488,0.40732136,0.43419772,0.45292145,81.90944136107454,0.0,0.0
158643,1705990,0.26041412,0.09316125,0.15365747,0.16220327,10,0.0,259627,3038110,0.4193989,0.5967621,0.5285836,0.5198658,0.679813,0.6899234,0.6822411,0.6822482,25911,34499.06200194359,0.415842,0.5699638,0.46059635,0.4545317,13.231418208064586,0.0,0.0
158722,1706780,0.26957577,0.11696658,0.12903254,0.15979452,10,0.0,259784,3039680,0.44607288,0.5661723,0.55308783,0.52200377,0.71564865,0.6831389,0.6821204,0.68209344,25923,34508.761978149414,0.33209673,0.53975314,0.48440513,0.4553609,15.302473757101598,0.0,0.0
158810,1707660,0.29429,0.16082191,0.1552222,0.15971263,10,0.0,259942,3041260,0.36573094,0.51322234,0.5267025,0.52219003,0.66002095,0.67404425,0.68192464,0.68209666,25937,34520.02262234688,0.36573094,0.4753646,0.46589103,0.45523524,13.9712427775509,0.0,0.0
159414,1713700,-0.010108888,0.08023943,0.009372374,0.0032389197,10,0.0,262768,3069520,0.69070625,0.60182494,0.67168045,0.6779193,0.68059736,0.6820644,0.6810526,0.68115824,26031,34185.692348480225,0.68052125,0.55616707,0.6540265,0.6648428,16.290608993131563,0.0,0.0
159508,1714640,-0.019651592,0.047779255,0.014822559,0.004399027,10,0.0,262937,3071210,0.7003464,0.6295656,0.66702825,0.67658585,0.6806948,0.6773448,0.6818509,0.68098485,26047,34196.626494407654,0.6806948,0.60116327,0.6335132,0.6615611,17.59018510293958,0.0,0.0
159610,1715660,0.036621213,-0.00020375848,0.007562304,0.004919188,10,0.0,263147,3073310,0.6489587,0.672294,0.6724799,0.67620474,0.6855799,0.67209035,0.6800423,0.6811239,26063,34207.63505721092,0.6489587,0.59770185,0.64392805,0.6594833,18.673535987804758,0.0,0.0
159704,1716600,0.0028573275,0.002661276,0.005301131,0.0052451766,10,0.0,263313,3074970,0.6775618,0.6762365,0.67490804,0.67580664,0.68041915,0.67889774,0.6802093,0.68105185,26077,34217.17541098595,0.6775618,0.6622705,0.6622999,0.65907216,17.298253225762547,0.0,0.0
159800,1717560,0.017916083,-0.0019973635,0.0015931427,0.0047719195,10,0.0,263508,3076920,0.654973,0.67976695,0.6788791,0.676329,0.67288905,0.67776966,0.68047225,0.68110096,26093,34228.1425242424,0.6456741,0.66585827,0.6480779,0.65743566,15.779040226864634,0.0,0.0
159893,1718490,0.011113286,0.0014167607,0.0029363942,0.004941305,10,0.0,263674,3078580,0.6652454,0.6913012,0.6782821,0.6760498,0.6763587,0.692718,0.6812186,0.6809911,26107,34237.69688820839,0.6652454,0.6774827,0.6647852,0.65717846,18.081242437057565,0.0,0.0
159996,1719520,0.0042335987,0.0012971878,0.0027279318,0.004887303,10,0.0,263883,3080670,0.67596674,0.6788399,0.6841744,0.67650014,0.68020034,0.68013716,0.6869023,0.6813875,26123,34248.66641974449,0.6730877,0.6775287,0.6741469,0.6579044,19.557493651502703,0.0,0.0
160085,1720410,-0.016928136,0.0042312266,0.002525149,0.0050013773,10,0.0,264054,3082380,0.6739661,0.683837,0.6777938,0.6765159,0.657038,0.6880682,0.680319,0.6815172,26137,34258.22824907303,0.65334207,0.66844785,0.6657766,0.6580427,16.756531737223572,0.0,0.0
160189,1721450,0.0024219155,-0.002283758,0.0027717275,0.0051883887,10,0.0,264255,3084390,0.6534548,0.68851244,0.68161917,0.67660195,0.6558767,0.6862287,0.68439084,0.68179035,26153,34269.24153089523,0.65332973,0.67403895,0.6675819,0.65799856,18.351278567881465,0.0,0.0
160275,1722310,0.021679342,0.019277275,0.0022864663,0.0050386507,10,0.0,264430,3086140,0.69358754,0.6720929,0.6775175,0.676379,0.7152669,0.6913701,0.679427,0.68145186,26167,34278.8276515007,0.69358754,0.6595948,0.66575915,0.65800476,17.681273667645655,0.0,0.0
160376,1723320,-0.032291055,-0.001767087,0.0027429604,0.0050620236,10,0.0,264637,3088210,0.68732667,0.6869551,0.68113106,0.6767169,0.6550356,0.68518794,0.68387395,0.6817296,26183,34289.80460834503,0.6550356,0.66689515,0.6673992,0.65822995,14.690897067497573,0.0,0.0
160468,1724240,0.018045962,0.0010794938,-7.848322e-05,0.0035579943,10,0.0,264808,3089920,0.6893322,0.6864545,0.68130684,0.6782295,0.70737815,0.6875339,0.68122846,0.6817602,26197,34299.377485990524,0.67502207,0.6675218,0.66662407,0.66100913,19.090495315566592,0.0,0.0
160568,1725240,0.019397914,-0.0024148405,0.003675788,0.0027675414,10,0.0,265015,3091990,0.67343545,0.6760956,0.6761718,0.67867714,0.69283336,0.6736808,0.6798475,0.681403,26213,34310.312888383865,0.67343545,0.66044104,0.6651895,0.6628018,17.950388789908796,0.0,0.0
160661,1726170,0.052499652,-0.0049185157,0.0014755405,0.0023032422,10,0.0,265178,3093620,0.657878,0.6889904,0.6795938,0.67943746,0.71037763,0.6840719,0.6810693,0.68173593,26227,34319.88469815254,0.6577744,0.6752522,0.6669799,0.6650931,17.639594613122,0.0,0.0
160765,1727210,-0.00221771,0.00010238886,0.0020172172,0.002104116,10,0.0,265386,3095700,0.6774391,0.69634396,0.6781079,0.67952025,0.6752214,0.6964463,0.680125,0.68162215,26243,34330.81234741211,0.6752214,0.68241566,0.6666287,0.6663016,18.938030081923394,0.0,0.0
160856,1728120,-0.04132849,0.007256967,0.0019872761,0.0022850551,10,0.0,265562,3097460,0.7033577,0.68076193,0.6807474,0.67956066,0.6620292,0.6880189,0.6827346,0.68182266,26257,34340.372827768326,0.6616403,0.6652525,0.6677875,0.6670996,16.474597415003288,0.0,0.0
160953,1729090,0.03813654,0.0065619946,0.0035798543,0.0023564799,10,0.0,265751,3099350,0.6549186,0.6706514,0.67911834,0.67931986,0.69305515,0.6772133,0.6826982,0.6816686,26273,34351.36704874039,0.6549186,0.66844183,0.66644406,0.66687554,14.999386693282629,0.0,0.0
161047,1730030,0.031627476,0.00067430735,0.0021469616,0.0022520404,10,0.0,265939,3101230,0.6586135,0.6737367,0.67610574,0.6789292,0.690241,0.67441094,0.6782527,0.68113315,26287,34360.975922346115,0.6586135,0.6595167,0.66404206,0.6663219,16.37468689682743,0.0,0.0
161148,1731040,0.0035837889,-0.0035258294,0.0010081237,0.0018595384,10,0.0,266124,3103080,0.7025068,0.6957179,0.6803617,0.6791018,0.70609057,0.692192,0.68136984,0.6809124,26303,34371.93139839172,0.67531216,0.68483704,0.66893685,0.6665789,18.639768801848376,0.0,0.0
161236,1731920,-0.030656338,0.0025479794,0.0024030178,0.002106219,10,0.0,266288,3104720,0.68761474,0.6803272,0.6820668,0.679265,0.6569584,0.68287516,0.6844698,0.6813262,26317,34381.50621509552,0.6569584,0.6730903,0.6693616,0.6667793,15.747765661395766,0.0,0.0
161337,1732930,-0.036159217,0.003709638,0.003708142,0.0022442644,10,0.0,266498,3106820,0.6932083,0.6725928,0.6754401,0.678797,0.65704906,0.6763025,0.6791482,0.68104124,26333,34392.48293042183,0.65704906,0.6655637,0.66438454,0.6664196,17.12180254938796,0.0,0.0
161429,1733850,-0.017048419,0.00605765,0.0021778853,0.002460957,10,0.0,266670,3108540,0.7030083,0.6741562,0.6806753,0.6787177,0.6859599,0.6802138,0.68285316,0.6811786,26347,34402.08017992973,0.6658832,0.6594251,0.6684763,0.6665981,16.832554706854253,0.0,0.0
161532,1734880,0.0038761497,0.012445426,0.0036782557,0.0025812492,10,0.0,266869,3110530,0.65408194,0.6672163,0.67762214,0.67877734,0.6579581,0.67966175,0.68130034,0.6813586,26363,34413.02727270126,0.65408194,0.6572516,0.66414917,0.6665707,15.960103394491538,0.0,0.0
161619,1735750,0.015749454,-0.0006238401,0.002022131,0.0025016128,10,0.0,267041,3112250,0.6875375,0.67990124,0.6812924,0.67909044,0.70328695,0.6792775,0.68331444,0.681592,26377,34422.639857530594,0.6533841,0.6690797,0.66983694,0.6668268,15.01721627341526,0.0,0.0
161723,1736790,-0.007421255,0.008954709,0.0059244656,0.0029592835,10,0.0,267240,3114240,0.6737319,0.674018,0.677779,0.6790602,0.66631067,0.6829727,0.6837035,0.68201953,26393,34433.591572999954,0.66189444,0.66946244,0.66772264,0.6670824,15.342541117151601,0.0,0.0
161815,1737710,0.035179496,-0.0033770264,0.004289536,0.0030463727,10,0.0,267410,3115940,0.6575151,0.6813344,0.6786869,0.67910546,0.6926946,0.6779573,0.6829765,0.68215185,26407,34443.14603924751,0.6575151,0.6701462,0.6691979,0.6672609,16.835595109602057,0.0,0.0
161915,1738710,0.03082174,0.010042953,0.00028252543,0.0028839225,10,0.0,267619,3118030,0.6719237,0.67527604,0.6811888,0.679186,0.70274544,0.68531907,0.6814714,0.68206996,26423,34454.147644519806,0.66054523,0.6624705,0.6694649,0.66746604,17.81433070498268,0.0,0.0
162006,1739620,0.0010300875,0.008968348,0.0035881489,0.0028736608,10,0.0,267787,3119710,0.6548398,0.6758655,0.6780159,0.67931813,0.6558699,0.6848338,0.6816041,0.6821918,26437,34463.80984330177,0.65444446,0.66293716,0.667292,0.66772956,17.637591840030144,0.0,0.0
162106,1740620,0.0023759007,-0.004125285,0.0018339384,0.0029737805,10,0.0,267993,3121770,0.7039579,0.68517673,0.6776229,0.67928904,0.7063338,0.6810515,0.6794569,0.68226284,26453,34474.785731077194,0.7039579,0.67372906,0.66601396,0.6677964,18.168383672511116,0.0,0.0
162198,1741540,-0.016566277,-0.012021685,-0.00035300016,0.0025967516,10,0.0,268184,3123680,0.7039512,0.68696517,0.68128204,0.6792006,0.6873849,0.6749435,0.680929,0.6817973,26467,34484.570588588715,0.67926294,0.66402006,0.6667793,0.6673429,16.558432739894325,0.0,0.0
158896,1708520,0.35000312,0.1454245,0.14838514,0.1585677,10,0.0,260100,3042840,0.35902667,0.53686976,0.5339954,0.5234884,0.7090298,0.68229425,0.6823805,0.6821873,25951,34531.30795574188,0.35608056,0.46844792,0.48587835,0.45901033,13.660546030488755,0.0,0.0
158969,1709250,0.30241725,0.1114346,0.15340833,0.15913257,10,0.0,260243,3044270,0.40124735,0.5661106,0.5257311,0.5230121,0.7036646,0.6775452,0.67913955,0.68214464,25963,34540.948206186295,0.40124735,0.5126877,0.44854003,0.4571902,18.91225871032614,0.0,0.0
159056,1710120,0.2828932,0.21396878,0.17211287,0.15995207,10,0.0,260400,3045840,0.39680633,0.47518015,0.5074408,0.522027,0.67969954,0.68914896,0.67955375,0.6819791,25975,34550.64650964737,0.39680633,0.46547756,0.44219562,0.45655474,15.886684711177976,0.0,0.0
159140,1710960,0.27295697,0.17626515,0.17703636,0.1595324,10,0.0,260571,3047550,0.42298543,0.49885964,0.50494576,0.5222976,0.6959424,0.6751248,0.6819821,0.68183,25989,34561.87169075012,0.34230566,0.3992828,0.44765785,0.45830467,13.906838890305409,0.0,0.0
159225,1711810,0.34781396,0.20447035,0.15935473,0.15952414,10,0.0,260729,3049130,0.36779624,0.4771374,0.522439,0.522433,0.7156102,0.68160766,0.68179375,0.68195707,26003,34573.136031627655,0.36779624,0.4084259,0.4522113,0.45927,13.815344329251722,0.0,0.0
159311,1712670,0.33720446,0.12101783,0.15358219,0.15777658,10,0.0,260872,3050560,0.3413236,0.5626367,0.52515626,0.52350014,0.6785281,0.6836545,0.67873865,0.68127674,26015,34582.773913383484,0.3413236,0.51823175,0.46105123,0.4603712,16.635706030224497,0.0,0.0
159393,1713490,0.2580568,0.12942992,0.14689207,0.15715593,10,0.0,261047,3052310,0.44608966,0.5521494,0.53784853,0.52420604,0.70414644,0.68157935,0.6847406,0.6813619,26029,34594.09664058685,0.338564,0.4302826,0.4583943,0.45836487,13.41876270315043,0.0,0.0
159469,1714250,0.24002993,0.21076016,0.16544408,0.15698455,10,0.0,261189,3053730,0.4344405,0.48368168,0.51752573,0.52451205,0.6744704,0.69444185,0.68296975,0.68149656,26041,34603.76055455208,0.4004543,0.44404382,0.4504325,0.4572996,14.6487164791704,0.0,0.0
159559,1715150,0.30945292,0.15993933,0.13517505,0.15488197,10,0.0,261344,3055280,0.36293247,0.51855737,0.5487199,0.5270128,0.6723854,0.67849666,0.68389493,0.6818948,26053,34613.432225465775,0.34421313,0.45395082,0.4867659,0.4613176,13.651000398694885,0.0,0.0
159641,1715970,0.250016,0.17462058,0.1585752,0.15533362,10,0.0,261520,3057040,0.419498,0.5179147,0.5252757,0.52663535,0.669514,0.69253534,0.6838509,0.6819689,26067,34624.72869062424,0.39033812,0.4020235,0.44931084,0.46020508,13.245194228242303,0.0,0.0
159725,1716810,0.2851942,0.17642784,0.16435571,0.15885982,10,0.0,261662,3058460,0.3757622,0.5154919,0.51781404,0.52299845,0.6609564,0.6919198,0.68216974,0.6818583,26081,34636.01762294769,0.37566477,0.45024666,0.44092968,0.45707983,14.355854258594748,0.0,0.0
159811,1717670,0.3205957,0.09847997,0.15509433,0.15826723,10,0.0,261821,3060050,0.3422325,0.58204955,0.5272964,0.52346015,0.6628282,0.68052953,0.68239075,0.6817274,26093,34645.651955366135,0.3422325,0.5287831,0.46240687,0.45714772,16.904486497945733,0.0,0.0
159890,1718460,0.32552084,0.1660686,0.16064513,0.15969233,10,0.0,261962,3061460,0.38198224,0.5179274,0.51914185,0.52194226,0.7075031,0.683996,0.679787,0.6816346,26105,34655.307406663895,0.35113302,0.47482094,0.4581393,0.4544415,15.664427595180456,0.0,0.0
159974,1719300,0.25504556,0.13899827,0.15004122,0.15908633,10,0.0,262134,3063180,0.44618663,0.5442439,0.5335878,0.523007,0.7012322,0.68324214,0.683629,0.68209326,26119,34666.59291887283,0.44618663,0.48214188,0.47070298,0.45647702,13.856352350024281,0.0,0.0
160058,1720140,0.27238446,0.14956331,0.16290325,0.15779378,10,0.0,262288,3064720,0.40027815,0.5316387,0.5198304,0.52455455,0.6726626,0.68120193,0.6827336,0.6823484,26133,34677.82251858711,0.38571167,0.50216603,0.46174258,0.45866308,13.63599094510985,0.0,0.0
160136,1720920,0.31841043,0.112698674,0.15968946,0.15709011,10,0.0,262433,3066170,0.34845093,0.56700647,0.5203218,0.525026,0.66686136,0.679705,0.6800113,0.6821161,26145,34687.452649354935,0.34845093,0.5433295,0.46704766,0.45917964,15.175024747173612,0.0,0.0
160219,1721750,0.2625948,0.13176687,0.17539862,0.1589432,10,0.0,262592,3067760,0.40863118,0.5472242,0.5050868,0.52302074,0.67122597,0.67899114,0.6804855,0.6819639,26157,34697.12972283363,0.3557333,0.52412194,0.4682917,0.45958167,13.41305967643419,0.0,0.0
160308,1722640,0.27361384,0.19497752,0.16432726,0.15957266,10,0.0,262746,3069300,0.41346052,0.48290148,0.5179371,0.5226982,0.68707436,0.677879,0.68226427,0.6822709,26171,34708.47639322281,0.33352274,0.39728492,0.45309338,0.45879975,16.44881862589768,0.0,0.0
160389,1723450,0.32106596,0.15246464,0.15618175,0.15995562,10,0.0,262900,3070840,0.33592325,0.5279142,0.5213901,0.52164906,0.6569892,0.6803789,0.6775719,0.6816047,26183,34718.08496212959,0.33592325,0.47517937,0.45001972,0.458209,14.433210633552752,0.0,0.0
160471,1724270,0.2906466,0.16732204,0.16309452,0.15903422,10,0.0,263059,3072430,0.4209391,0.50918376,0.5170174,0.52243847,0.7115857,0.6765058,0.6801118,0.6814728,26197,34729.32436180115,0.4209391,0.4333876,0.43820465,0.457207,16.493585702820027,0.0,0.0
160555,1725110,0.3415024,0.15042911,0.15969057,0.16184244,10,0.0,263201,3073850,0.3465195,0.53251964,0.52160615,0.51944923,0.6880219,0.6829487,0.6812966,0.6812916,26209,34739.03686594963,0.3465195,0.43696505,0.45091137,0.45409924,13.042334763201142,0.0,0.0
160634,1725900,0.3497645,0.14524925,0.16984896,0.16341272,10,0.0,263358,3075420,0.35984,0.52943516,0.5080658,0.51736647,0.7096045,0.67468446,0.67791486,0.68077916,26223,34750.35826420784,0.3324632,0.4483841,0.43968594,0.4526752,15.04510873912546,0.0,0.0
160723,1726790,0.25340205,0.20943555,0.15401603,0.16171981,10,0.0,263509,3076930,0.44649386,0.4744095,0.52800655,0.519181,0.6998959,0.68384504,0.68202245,0.6809008,26235,34760.02212667465,0.42201638,0.39057854,0.45031607,0.4534112,15.461572262313066,0.0,0.0
160807,1727630,0.2449604,0.11758435,0.16975765,0.1628902,10,0.0,263679,3078630,0.43047693,0.5764253,0.51387835,0.51827174,0.67543733,0.69400966,0.68363607,0.6811619,26249,34771.33450937271,0.41159606,0.5260166,0.461722,0.45394877,14.32233853109351,0.0,0.0
160892,1728480,0.3123974,0.18092918,0.15486398,0.16213347,10,0.0,263839,3080230,0.4015911,0.49831486,0.52684915,0.5188841,0.7139885,0.679244,0.6815783,0.6810848,26263,34782.630918741226,0.36792347,0.4142654,0.46844995,0.45464575,10.840754042049463,0.0,0.0
160974,1729300,0.38526633,0.15512183,0.15737183,0.16198431,10,0.0,263995,3081790,0.3302488,0.5235963,0.5289274,0.5192847,0.71551514,0.67871815,0.68364954,0.68107605,26276,34793.2717294693,0.3302488,0.500777,0.46512765,0.45509392,13.780864648795774,0.0,0.0
161051,1730070,0.26475173,0.15526995,0.15988542,0.16206266,10,0.0,264138,3083220,0.42062044,0.52514535,0.5192346,0.5186455,0.6853722,0.6804153,0.67911994,0.68072194,26288,34802.97495532036,0.3310863,0.4324345,0.4403983,0.45231092,15.724981976067816,0.0,0.0
161144,1731000,0.26090857,0.19337505,0.1464211,0.16086954,10,0.0,264306,3084900,0.40219864,0.4787225,0.5355936,0.52043545,0.6631072,0.67209756,0.68201464,0.6810213,26302,34814.14643764496,0.33026809,0.39516333,0.46753895,0.45349944,14.598968191592522,0.0,0.0
161220,1731760,0.23210526,0.17202067,0.14275044,0.15757997,10,0.0,264446,3086300,0.44791156,0.5162501,0.54047483,0.523665,0.6800168,0.68827075,0.68322533,0.6813348,26314,34823.79283905029,0.4308484,0.4743895,0.48208848,0.45546144,16.4545940650847,0.0,0.0
161307,1732630,0.21638763,0.13082197,0.16035964,0.15797897,10,0.0,264617,3088010,0.4412449,0.5534427,0.5211387,0.5233011,0.6576325,0.68426466,0.68149835,0.68115187,26328,34834.95391845703,0.4412449,0.5080124,0.45885932,0.4549573,14.527629937356302,0.0,0.0
162295,1742510,0.020868838,0.001206851,0.0017426795,0.002519848,10,0.0,268349,3125330,0.67773896,0.6763391,0.68026054,0.6795666,0.6986078,0.67754596,0.6820032,0.6820865,26481,34494.170508146286,0.67773896,0.65685964,0.6685271,0.6677758,15.498479825353586,0.0,0.0
162399,1743550,-0.01740104,0.008779216,0.004395408,0.0028814725,10,0.0,268541,3127250,0.7039906,0.6779672,0.6777845,0.67929196,0.68658954,0.6867463,0.68217987,0.6821735,26497,34505.17761540413,0.686514,0.6622497,0.6667424,0.66759276,16.40668095464785,0.0,0.0
162481,1744370,-0.02489227,0.0022073567,0.00073437154,0.0026213164,10,0.0,268728,3129120,0.70344293,0.6907636,0.67979467,0.6792443,0.67855066,0.692971,0.68052894,0.6818656,26511,34514.77863550186,0.6692809,0.6784554,0.66807234,0.66771543,17.36436778658859,0.0,0.0
162585,1745410,-0.013310671,0.010639751,0.0027612941,0.002678795,10,0.0,268912,3130960,0.7035814,0.6745273,0.680884,0.6791438,0.6902707,0.68516713,0.6836452,0.68182266,26527,34525.7338309288,0.6860088,0.6669413,0.6691944,0.66773814,15.66723618458357,0.0,0.0
162679,1746350,-0.022406101,-0.0038169385,0.0023673994,0.0025019974,10,0.0,269103,3132870,0.6949872,0.6877624,0.6797828,0.6791702,0.6725811,0.68394536,0.6821502,0.68167216,26541,34535.35300445557,0.6725811,0.6627774,0.66721374,0.6677107,18.022746374656887,0.0,0.0
162780,1747360,0.0061941743,-0.0027340292,0.0006267339,0.0019033164,10,0.0,269288,3134720,0.68120545,0.6810066,0.6792633,0.6794997,0.6873996,0.6782726,0.6798899,0.68140304,26557,34546.379345178604,0.68120545,0.66662276,0.669124,0.667822,17.65191796030332,0.0,0.0
162874,1748300,0.012822807,0.0039874734,0.0015534806,0.0020272422,10,0.0,269476,3136600,0.6936496,0.67436963,0.6785643,0.6793625,0.7064724,0.6783571,0.6801178,0.68138975,26571,34555.99597454071,0.6936496,0.6707302,0.6658739,0.66763085,16.488145827354817,0.0,0.0
162972,1749280,0.023040712,-0.0026209534,0.0044488106,0.0020520992,10,0.0,269659,3138430,0.6594123,0.67671096,0.67585915,0.6790128,0.68245304,0.67409,0.680308,0.68106484,26587,34566.970723629,0.6594123,0.6628244,0.6665123,0.6673363,16.505606344241695,0.0,0.0
163063,1750190,-0.017962098,0.0064001083,0.003380856,0.002114789,10,0.0,269851,3140350,0.7032502,0.6800186,0.68027186,0.6792379,0.68528813,0.6864187,0.6836527,0.6813527,26601,34576.543530225754,0.6852125,0.6693885,0.6695164,0.66767865,14.891462456458767,0.0,0.0
163167,1751230,0.021321297,-0.00087905524,0.0022798658,0.0022343926,10,0.0,270038,3142220,0.6589365,0.67229074,0.67972016,0.67924565,0.6802578,0.6714117,0.68200004,0.68148005,26617,34587.48697090149,0.65592587,0.6574938,0.6676584,0.66775376,17.340196698159815,0.0,0.0
163253,1752090,0.008838832,0.0067429184,0.0015323091,0.002396147,10,0.0,270223,3144070,0.7043491,0.67645955,0.67603576,0.6787748,0.71318793,0.68320245,0.67756814,0.6811709,26631,34597.092074394226,0.66525316,0.66667897,0.66525376,0.6675414,19.096127509542818,0.0,0.0
163355,1753110,0.036233842,0.001309818,0.005050534,0.0026481275,10,0.0,270404,3145880,0.6685505,0.6670289,0.67515695,0.67827797,0.70478433,0.66833866,0.68020743,0.680926,26647,34608.076909303665,0.6580395,0.6599722,0.6642982,0.6671261,15.357113042714138,0.0,0.0
163447,1754030,0.0068357587,0.0044764816,0.0031644262,0.0026913485,10,0.0,270592,3147760,0.6731419,0.6743901,0.6787303,0.6785454,0.67997766,0.6788665,0.68189466,0.6812367,26661,34617.68422842026,0.6731419,0.65865505,0.6676887,0.6673933,16.033523461185744,0.0,0.0
163541,1754970,0.007976353,-0.0043483377,-0.0014447236,0.0024540965,10,0.0,270775,3149590,0.66561884,0.69028705,0.6802989,0.6784243,0.6735952,0.682587,0.67890275,0.6808767,26677,34628.623249292374,0.65517694,0.67019826,0.66782796,0.6672162,15.177786888775584,0.0,0.0
163642,1755980,0.052791774,0.004025811,0.004459616,0.0025500918,10,0.0,270957,3151410,0.6604254,0.6715334,0.67350584,0.6777605,0.7132172,0.67555916,0.67796564,0.6802855,26691,34638.20880794525,0.6604254,0.6621965,0.66494364,0.6669457,16.810379516710565,0.0,0.0
163733,1756890,-0.012556851,0.0017844379,0.0025225384,0.0025588598,10,0.0,271142,3153260,0.6858388,0.68012816,0.6805536,0.6781351,0.67328197,0.68191254,0.6830761,0.6806799,26707,34649.21075797081,0.6689118,0.66894644,0.6684633,0.66710174,16.59166149451,0.0,0.0
163826,1757820,0.005881369,0.004641384,0.0015388018,0.0026795696,10,0.0,271330,3155140,0.70276874,0.6815547,0.680718,0.6781571,0.7086501,0.68619615,0.68225664,0.68080163,26721,34658.78586912155,0.65483606,0.6706971,0.66727084,0.66705066,16.442557341908664,0.0,0.0
163927,1758830,-0.0049154162,0.003780812,0.0028873682,0.0025170587,10,0.0,271518,3157020,0.6879785,0.66708153,0.6778404,0.6784064,0.6830631,0.6708623,0.6804616,0.6809086,26737,34669.7596719265,0.6549434,0.6602484,0.6680384,0.6672225,20.21007510529534,0.0,0.0
164018,1759740,-0.005597651,0.0015003562,0.00116,0.0025000141,10,0.0,271689,3158730,0.70002633,0.68613565,0.68307245,0.67863524,0.6944287,0.687636,0.6842324,0.6811614,26751,34679.35487961769,0.6690243,0.6748484,0.66826844,0.6671555,17.944229748212873,0.0,0.0
164120,1760760,0.034939468,0.0016711832,0.0017116934,0.0021691187,10,0.0,271895,3160790,0.6650183,0.6832065,0.68259984,0.678989,0.6999578,0.6848777,0.6843115,0.6811375,26767,34690.377729177475,0.6649248,0.6736402,0.67135614,0.66751003,16.25797528842829,0.0,0.0
164209,1761650,0.014645159,0.000706774,0.0038159902,0.0024062686,10,0.0,272058,3162420,0.66240174,0.6767722,0.67651606,0.6789266,0.6770469,0.6774789,0.680332,0.68132085,26781,34699.980823755264,0.6622053,0.6726712,0.66713923,0.6675231,18.38072066134246,0.0,0.0
164319,1762750,0.019206464,0.0021047175,0.0036252516,0.002392132,10,0.0,272268,3164520,0.6915605,0.6848083,0.6784678,0.67906624,0.710767,0.68691295,0.68209296,0.6814615,26797,34710.924003601074,0.6618639,0.67723316,0.6681469,0.6677808,18.278845055961288,0.0,0.0
164407,1763630,-0.046091914,0.012956202,0.0046311235,0.0026712047,10,0.0,272438,3166220,0.70296746,0.6689794,0.6786864,0.6790832,0.65687555,0.6819356,0.6833175,0.6817514,26811,34720.517599105835,0.65687555,0.66440934,0.667909,0.66780955,16.05106578393479,0.0,0.0
164504,1764600,0.012572527,-0.009177119,0.001557672,0.002469529,10,0.0,272620,3168040,0.6803664,0.6967042,0.6837275,0.67983484,0.6929389,0.6875271,0.6852852,0.68228865,26827,34731.51109814644,0.66015047,0.6783062,0.6702236,0.6681887,15.877020681405662,0.0,0.0
164594,1765500,0.009739697,0.0017654955,0.0026684285,0.0025998119,10,0.0,272806,3169900,0.6684573,0.68497276,0.67837125,0.6799511,0.678197,0.6867382,0.6810398,0.6825649,26841,34741.157435655594,0.66688144,0.6777787,0.66697913,0.66824293,17.398206712549694,0.0,0.0
164704,1766600,0.007668555,-0.001963085,0.000585717,0.002297916,10,0.0,272993,3171770,0.70355994,0.68966484,0.6824297,0.68045497,0.7112285,0.6877018,0.68295634,0.6827649,26857,34752.14047265053,0.70355994,0.6660861,0.6704514,0.66857934,15.846099210397067,0.0,0.0
164784,1767400,0.0029893517,0.0019919097,0.0032718987,0.0023794232,10,0.0,273160,3173440,0.67844236,0.6857431,0.68051714,0.68028396,0.6814317,0.68773496,0.6837891,0.68261933,26871,34761.71203637123,0.67844236,0.6699552,0.6676712,0.6685604,17.63664253612853,0.0,0.0
164892,1768480,0.03766638,-0.0029400825,0.0013580901,0.002282306,10,0.0,273359,3175430,0.6733222,0.67947054,0.6804995,0.6804349,0.7109886,0.6765305,0.6818575,0.68269664,26887,34772.64269185066,0.6733222,0.6687456,0.6691812,0.6686534,17.471658516732877,0.0,0.0
164983,1769390,0.00040650368,-0.0049528955,-0.0017723924,0.0019388532,10,0.0,273529,3177130,0.6831087,0.6855891,0.6796316,0.6803114,0.6835152,0.6806362,0.67785907,0.68222857,26901,34782.43959069252,0.6792114,0.6667091,0.6666639,0.6684935,15.304405700094797,0.0,0.0
165077,1770330,-0.011767507,-0.0028746785,0.0010400468,0.001978198,10,0.0,273736,3179200,0.6720698,0.6736889,0.6803897,0.67997473,0.6603023,0.67081416,0.6814298,0.68197304,26917,34793.38894534111,0.6603023,0.66475785,0.66818345,0.6683417,17.43935336870291,0.0,0.0
161385,1733410,0.26641765,0.15966442,0.17464785,0.16053396,10,0.0,264756,3089400,0.3934432,0.5101031,0.50209296,0.52060634,0.65986085,0.6697676,0.6767408,0.6809717,26340,34844.62173080444,0.33658573,0.43140143,0.4419549,0.45368987,16.248099877121515,0.0,0.0
161473,1734290,0.3281007,0.21341467,0.17171793,0.16168505,10,0.0,264913,3090970,0.33396754,0.46889943,0.50767404,0.51953036,0.66206825,0.6823141,0.67939204,0.6810081,26354,34855.930623054504,0.33396754,0.40541586,0.42982632,0.45314538,14.166988108563821,0.0,0.0
161558,1735140,0.34657058,0.12871778,0.16381878,0.16085437,10,0.0,265069,3092530,0.33154353,0.5605335,0.5178571,0.5204654,0.6781141,0.6892513,0.68167585,0.68102854,26366,34865.60612201691,0.33154353,0.43395907,0.46929497,0.45575085,13.968623164586345,0.0,0.0
161644,1736000,0.31597713,0.14991435,0.14131281,0.15816993,10,0.0,265224,3094080,0.3645225,0.5365728,0.5392818,0.5231327,0.6804996,0.68648714,0.6805945,0.6813261,26380,34876.852682590485,0.3645225,0.41312632,0.45960307,0.45781982,14.723608335471742,0.0,0.0
161725,1736810,0.3242181,0.1913677,0.15731269,0.15877445,10,0.0,265381,3095650,0.3921119,0.48344985,0.5221646,0.5221926,0.71633,0.67481756,0.67947733,0.68099934,26392,34886.517979860306,0.3921119,0.43779773,0.45793784,0.45871556,16.420400692942362,0.0,0.0
161807,1737630,0.27998206,0.16853711,0.16722298,0.15836063,10,0.0,265534,3097180,0.40111116,0.5194579,0.5162266,0.52268296,0.6810932,0.68799496,0.68344957,0.6809721,26406,34897.80870556831,0.33888116,0.4075737,0.44131604,0.4565914,14.097884798311334,0.0,0.0
161884,1738400,0.23602363,0.18264464,0.16679022,0.15865631,10,0.0,265689,3098730,0.4396583,0.50078017,0.5149173,0.5224119,0.67568195,0.6834248,0.68170744,0.6810681,26418,34907.51301717758,0.4396583,0.4338619,0.45453653,0.45659283,13.389364111954297,0.0,0.0
161972,1739280,0.34609783,0.121861026,0.16573538,0.15998864,10,0.0,265848,3100320,0.33584696,0.55736196,0.5152967,0.52078223,0.6819448,0.67922306,0.681032,0.68077093,26432,34918.7669813633,0.33584696,0.45412287,0.46809658,0.4562049,16.254365089053437,0.0,0.0
162056,1740120,0.29900852,0.20072047,0.16222598,0.16036221,10,0.0,265987,3101710,0.39581433,0.4835554,0.5237389,0.5208419,0.69482285,0.68438756,0.6837306,0.68121094,26444,34928.45308804512,0.39581433,0.44988394,0.46591845,0.45946318,14.309560850459892,0.0,0.0
162136,1740920,0.27124223,0.1503691,0.15920419,0.16140765,10,0.0,266163,3103470,0.3864394,0.53168094,0.52465713,0.5201749,0.65768164,0.68204993,0.6839341,0.6814064,26458,34939.850244283676,0.3715534,0.43780383,0.4582409,0.45792285,13.357983619343532,0.0,0.0
162219,1741750,0.34840417,0.119791225,0.16226621,0.16297005,10,0.0,266306,3104900,0.33404762,0.56764185,0.5214827,0.5184066,0.6824518,0.68743306,0.6824837,0.6813641,26470,34949.574368715286,0.33404762,0.5339367,0.46532413,0.45663556,13.271853937917287,0.0,0.0
162307,1742630,0.26766518,0.17099172,0.15891993,0.16235489,10,0.0,266474,3106580,0.41325483,0.5112374,0.52509874,0.51926965,0.68092,0.6822291,0.68401873,0.6816313,26484,34960.836930036545,0.41325483,0.4740115,0.47228417,0.4578664,15.756799370074244,0.0,0.0
162383,1743390,0.23374596,0.165939,0.15870701,0.16067395,10,0.0,266617,3108010,0.44704852,0.5110081,0.521096,0.52116334,0.6807945,0.6769471,0.6798031,0.68184084,26496,34970.53914117813,0.43513864,0.4345699,0.45401746,0.4588485,14.757337848174396,0.0,0.0
162471,1744270,0.3666713,0.12570728,0.15692893,0.158954,10,0.0,266774,3109580,0.3365893,0.5605324,0.5252145,0.52306205,0.7032606,0.6862396,0.6821434,0.6820266,26508,34980.228079319,0.3365893,0.47363144,0.45777488,0.46160212,16.620346521392488,0.0,0.0
162552,1745080,0.29020357,0.17549862,0.17233692,0.16066737,10,0.0,266930,3111140,0.4143827,0.500385,0.5068442,0.5210874,0.70458627,0.67588365,0.679049,0.6817377,26522,34991.56111764908,0.4143827,0.48019442,0.447625,0.45874456,14.685902380491365,0.0,0.0
162638,1745940,0.21051896,0.1724206,0.17324898,0.16301069,10,0.0,267097,3112810,0.44594687,0.518453,0.5062647,0.51876634,0.6564658,0.69087356,0.67951363,0.68176,26536,35002.86668205261,0.372887,0.472466,0.460848,0.45910406,12.808048025782803,0.0,0.0
162723,1746790,0.33275694,0.15888025,0.16302408,0.163649,10,0.0,267250,3114340,0.3675986,0.5232674,0.5201565,0.5183688,0.7003555,0.6821476,0.6831806,0.68200076,26548,35012.56985497475,0.3675986,0.51407933,0.46769226,0.45928925,13.558384917082941,0.0,0.0
162805,1747610,0.27167782,0.1778086,0.15453027,0.16201437,10,0.0,267402,3115860,0.43168738,0.5031141,0.5303866,0.5200517,0.7033652,0.6809227,0.6849169,0.6820491,26562,35023.79724597931,0.40827006,0.4476336,0.47940624,0.46249527,12.896935616239121,0.0,0.0
162881,1748370,0.2933949,0.15289353,0.15557165,0.16116759,10,0.0,267544,3117280,0.3983045,0.53130484,0.52675843,0.5210837,0.6916994,0.6841984,0.6823301,0.68223435,26574,35033.441937208176,0.391705,0.45065147,0.47431147,0.46428636,13.388146061300752,0.0,0.0
162966,1749220,0.26326564,0.15024826,0.15616345,0.16014768,10,0.0,267699,3118830,0.40308592,0.5300152,0.5248119,0.521993,0.66635156,0.67908686,0.68101037,0.68212634,26586,35043.11762928963,0.40308592,0.4688413,0.45895827,0.46372604,16.73779514487479,0.0,0.0
163048,1750040,0.32067096,0.15472749,0.15300594,0.15942633,10,0.0,267856,3120400,0.33309144,0.52963674,0.5294582,0.52288735,0.6537624,0.6843642,0.6834434,0.68216956,26600,35054.399487018585,0.33309144,0.4973759,0.47952664,0.46485078,13.871254718497436,0.0,0.0
163139,1750950,0.31121403,0.14193706,0.1591234,0.15925482,10,0.0,268023,3122070,0.38925534,0.5395058,0.5195809,0.52239144,0.7004694,0.6814428,0.6787042,0.681611,26614,35065.69853901863,0.38925534,0.4637022,0.4739846,0.46615618,15.10505064182809,0.0,0.0
163219,1751750,0.2735729,0.12562647,0.14653984,0.15805735,10,0.0,268161,3123450,0.43292353,0.5528054,0.53508234,0.5233152,0.7064964,0.6784319,0.68162227,0.68150127,26626,35075.43558096886,0.43292353,0.44997773,0.44944295,0.4643483,14.348065546134547,0.0,0.0
163303,1752590,0.24798822,0.16280957,0.16835228,0.15925045,10,0.0,268332,3125160,0.44500554,0.513831,0.5121815,0.5220564,0.69299376,0.67664057,0.68053377,0.68136847,26639,35086.194665670395,0.38552716,0.4440836,0.44265732,0.4624847,14.404154579649992,0.0,0.0
163381,1753370,0.26794213,0.23445976,0.18006344,0.16121565,10,0.0,268469,3126530,0.38870263,0.44399947,0.49873683,0.52030605,0.65664476,0.6784593,0.67805046,0.6813864,26651,35095.8883793354,0.3801872,0.44399947,0.44115505,0.46206853,14.64570882851551,0.0,0.0
163468,1754240,0.29106942,0.1507047,0.17908682,0.16242383,10,0.0,268636,3128200,0.3675569,0.5271219,0.49753976,0.5185647,0.6586263,0.6778266,0.6766265,0.6808531,26665,35107.22069954872,0.3675569,0.47518858,0.45640504,0.46170342,14.450704584441434,0.0,0.0
163551,1755070,0.256988,0.15209845,0.14419538,0.15961744,10,0.0,268791,3129750,0.39761966,0.5280307,0.5352082,0.52149767,0.65460765,0.6801292,0.68191063,0.6812571,26677,35116.87628722191,0.39761966,0.4304235,0.47008362,0.46404052,17.414792449320565,0.0,0.0
163632,1755880,0.27689976,0.102219366,0.14108431,0.15668273,10,0.0,268926,3131100,0.43202454,0.58893305,0.5389426,0.5243603,0.7089243,0.6911524,0.680027,0.6811238,26691,35128.16251921654,0.43202454,0.55946815,0.48281243,0.46656153,13.911880561529573,0.0,0.0
163719,1756750,0.30010545,0.10930882,0.16227986,0.15787517,10,0.0,269099,3132830,0.35861868,0.56383854,0.51838756,0.5229203,0.6587241,0.6731473,0.6806675,0.68089634,26705,35139.44202709198,0.35861868,0.49754,0.47311157,0.4656614,13.370089382483073,0.0,0.0
163802,1757580,0.23615366,0.10010161,0.14723088,0.1577334,10,0.0,269251,3134350,0.4192766,0.5718939,0.5349152,0.5232727,0.65543026,0.6719955,0.68214625,0.6807937,26717,35149.123250722885,0.3903059,0.5192488,0.47530806,0.46573964,12.791548552668296,0.0,0.0
165169,1771250,0.040810227,-0.002811551,0.00033512354,0.001775315,10,0.0,273905,3180890,0.65569824,0.67382693,0.6799794,0.68019044,0.69650847,0.6710154,0.68031466,0.68194634,26931,34803.07155942917,0.6555325,0.6642601,0.669242,0.6684688,17.915081662761285,0.0,0.0
165276,1772320,0.037949443,-0.0018438399,0.0032559037,0.0017481275,10,0.0,274106,3182900,0.6633321,0.68126094,0.6804705,0.6803101,0.70128155,0.6794171,0.68372643,0.68202966,26947,34814.04270911217,0.6633321,0.66691345,0.6689403,0.6684955,17.68416614490774,0.0,0.0
165370,1773260,0.0038214922,0.0023674846,0.0009784282,0.0013542484,10,0.0,274278,3184620,0.67658514,0.6796737,0.6817351,0.68083763,0.68040663,0.6820411,0.68271357,0.6821685,26961,34823.64118051529,0.6729229,0.669579,0.669793,0.6688836,16.393451849582025,0.0,0.0
165469,1774250,-0.007595718,0.0025873303,0.00034029366,0.0010514605,10,0.0,274476,3186600,0.6615972,0.67867005,0.68197036,0.6809365,0.6540015,0.68125737,0.6823107,0.6819698,26977,34834.578837394714,0.6540015,0.6719908,0.6707764,0.66908026,16.550252457893432,0.0,0.0
165562,1775180,-0.016952634,-0.0029497326,-0.0011123144,0.0007267992,10,0.0,274642,3188260,0.69744223,0.68990815,0.6814885,0.6810184,0.6804896,0.68695843,0.6803763,0.6817057,26991,34844.22781705856,0.6804135,0.67689574,0.6713827,0.6693463,16.524321178948895,0.0,0.0
165664,1776200,0.0041164756,-0.0010713458,-0.0024876702,0.00040659035,10,0.0,274850,3190340,0.6953102,0.6772788,0.6827246,0.68109316,0.69942665,0.6762074,0.680237,0.6814998,27007,34855.19877791405,0.6639575,0.6627113,0.66883355,0.6692561,17.978673198072983,0.0,0.0
165755,1777110,-0.016187906,0.007994878,0.0010621649,0.0002815277,10,0.0,275011,3191950,0.6708307,0.6823594,0.67959404,0.6808975,0.6546428,0.6903543,0.68065625,0.681179,27021,34864.83196640015,0.6546428,0.6758461,0.6688116,0.6692304,19.91637060188285,0.0,0.0
165849,1778050,-0.041423798,-0.0016355992,-0.0013562429,-2.2286415e-05,10,0.0,275201,3193850,0.703253,0.681314,0.68170947,0.68098,0.6618292,0.6796783,0.68035316,0.6809577,27037,34875.82126188278,0.65862423,0.6674068,0.6694319,0.66915214,18.279418622387833,0.0,0.0
165937,1778930,-0.0035498738,-0.004123962,-0.00051184656,2.3584009e-05,10,0.0,275364,3195480,0.66511333,0.6749686,0.6822369,0.6812806,0.66156346,0.6708447,0.68172514,0.6813042,27051,34885.44146990776,0.66156346,0.6677104,0.6706302,0.66953355,16.280352661066384,0.0,0.0
166038,1779940,0.009317219,-0.007660282,-0.002917804,-0.0001831032,10,0.0,275568,3197520,0.6630146,0.6797545,0.68173593,0.68141085,0.6723318,0.6720942,0.6788181,0.68122774,27067,34896.426214933395,0.66292095,0.6621726,0.6697237,0.6697341,16.665404468341006,0.0,0.0
166135,1780910,-0.014883459,-0.0025907576,-0.0011642063,-0.00045144462,10,0.0,275741,3199250,0.6815043,0.68822354,0.6821843,0.68161386,0.66662085,0.6856328,0.6811862,0.6812108,27081,34906.077364206314,0.66662085,0.67306876,0.6684714,0.66973263,18.39611858627698,0.0,0.0
166238,1781940,-0.023893297,-0.0050287424,-0.0011634666,-0.0006385253,10,0.0,275944,3201280,0.68409383,0.6801301,0.68230444,0.68173105,0.66020054,0.67510146,0.6811409,0.6811139,27097,34917.06898212433,0.66020054,0.6643101,0.6713379,0.669915,18.80540107210815,0.0,0.0
166323,1782790,0.0190503,-0.0040946067,0.00024771513,-0.00075215177,10,0.0,276114,3202980,0.6617797,0.6825789,0.67956245,0.68162346,0.68083,0.6784843,0.67981017,0.6808779,27111,34926.682599544525,0.6617797,0.66605717,0.6663748,0.66977775,16.544540204381658,0.0,0.0
166424,1783800,-0.006972611,0.0037974417,-0.00067483005,-0.0008533403,10,0.0,276316,3205000,0.66741574,0.68085915,0.6858446,0.6819475,0.6604431,0.68465656,0.6851697,0.6810955,27127,34937.75261950493,0.6604431,0.67490554,0.6740544,0.6699269,16.997076585042848,0.0,0.0
166518,1784740,-0.0001847148,0.0025206269,-0.0002839625,-0.00081115606,10,0.0,276488,3206720,0.66613936,0.6777482,0.6794414,0.68165225,0.66595465,0.6802688,0.67915744,0.68085057,27141,34947.36771798134,0.66153663,0.6706373,0.6680225,0.66960806,16.06135498382876,0.0,0.0
166618,1785740,0.039868474,0.007114631,0.003106408,-0.00041074152,10,0.0,276677,3208610,0.6648462,0.6795119,0.6782461,0.6814087,0.70471466,0.68662655,0.68135256,0.6810061,27157,34958.31204748154,0.6648462,0.666819,0.6684944,0.66960657,16.343759875587565,0.0,0.0
166712,1786680,-0.023692071,-0.009964615,-0.0007117856,-0.00046866905,10,0.0,276862,3210460,0.69634163,0.6934403,0.6838477,0.6817893,0.67264956,0.6834757,0.6831359,0.6813151,27171,34967.95902752876,0.65972024,0.67423826,0.6706196,0.6698204,16.241713705750442,0.0,0.0
166815,1787710,0.0,0.0016953528,-0.0018386847,-0.0005077886,10,0.0,277051,3212350,0.6568648,0.6869873,0.6826929,0.6818284,0.6568648,0.6886827,0.6808542,0.68130505,27187,34978.96577811241,0.6568648,0.6741637,0.6708867,0.66990036,17.92668968388228,0.0,0.0
166905,1788610,-0.014970362,-0.007420182,-0.0015735388,-0.00063026696,10,0.0,277232,3214160,0.6889416,0.68089235,0.683643,0.6817895,0.67397124,0.67347217,0.6820694,0.681212,27201,34988.57232403755,0.6735892,0.6616952,0.67002136,0.6697953,16.312169108453283,0.0,0.0
166999,1789550,0.008450568,0.0019956112,-0.0019644655,-0.00083074387,10,0.0,277418,3216020,0.6932112,0.6756467,0.68055063,0.6818134,0.70166177,0.6776423,0.6785862,0.6809688,27217,34999.558507442474,0.67214215,0.6706811,0.66891474,0.66967565,15.792800225014147,0.0,0.0
167096,1790520,-0.012514532,-0.010019487,-0.00088678417,-0.00069066265,10,0.0,277600,3217840,0.6896052,0.69434553,0.685369,0.682041,0.67709064,0.684326,0.68448234,0.68135035,27231,35009.23596906662,0.66177267,0.6693103,0.67193085,0.67005163,16.278545547127514,0.0,0.0
167192,1791480,0.023663223,-0.0032574714,-0.0013376361,-0.0006899054,10,0.0,277783,3219670,0.66995937,0.67538285,0.68109614,0.68191904,0.6936226,0.67212534,0.6800547,0.68127817,27247,35020.20830130577,0.6607338,0.6648327,0.6676208,0.6696814,17.225513432175042,0.0,0.0
167288,1792440,-0.024520934,-0.0017602801,2.5971533e-05,-0.00064259314,10,0.0,277963,3221470,0.69836146,0.67566174,0.6847545,0.68241185,0.6738405,0.6739015,0.6847806,0.68179315,27261,35029.78347039223,0.665754,0.66840976,0.67294383,0.6702211,15.844955840203454,0.0,0.0
167390,1793460,0.015736163,-0.0046599805,0.00075590727,-0.00048699183,10,0.0,278141,3223250,0.70058376,0.68516123,0.67868453,0.68192184,0.7163199,0.6805013,0.6794403,0.68145823,27277,35040.81161427498,0.67779547,0.67012894,0.66806227,0.6700231,17.78211911545245,0.0,0.0
167475,1794310,-0.0028019547,0.0035965382,-0.0010615713,-0.0005897531,10,0.0,278325,3225090,0.6946867,0.6846063,0.6822715,0.68197715,0.69188476,0.68820286,0.6812099,0.6813921,27291,35050.449895858765,0.69188476,0.67227983,0.66929084,0.6697684,16.350551625444353,0.0,0.0
167582,1795380,-0.0121097565,-0.003309685,-0.0012161565,-0.00093851506,10,0.0,278509,3226930,0.66793346,0.6805781,0.6805722,0.68205225,0.6558237,0.679575,0.6796358,0.68116087,27307,35061.43805646896,0.6558237,0.6673954,0.6694019,0.6698439,18.136511244773267,0.0,0.0
167669,1796250,0.034080625,-0.003253132,-0.001340856,-0.001225449,10,0.0,278674,3228580,0.6763958,0.6798215,0.68299836,0.6823651,0.7104764,0.6765683,0.68165755,0.68116456,27321,35071.09669804573,0.6587391,0.6641564,0.6691339,0.6699299,17.572358178640197,0.0,0.0
167772,1797280,0.0007507801,0.002649039,0.0008766061,-0.00084131263,10,0.0,278876,3230600,0.6691132,0.67540395,0.6818934,0.6821739,0.669864,0.678053,0.68276995,0.6813536,27337,35082.30701756477,0.6654714,0.66952556,0.6701756,0.6697681,17.179976497005192,0.0,0.0
167863,1798190,0.019035995,-0.0041364194,0.0015598476,-0.00056016364,10,0.0,279044,3232280,0.68703747,0.690678,0.68276685,0.68207043,0.70607346,0.6865416,0.6843267,0.68153113,27351,35091.937938928604,0.6649624,0.667708,0.66897476,0.66957045,17.656027092502203,0.0,0.0
167963,1799190,0.0052271485,-0.0016247034,-0.001969964,-0.0004218592,10,0.0,279245,3234290,0.67722404,0.6782476,0.6804171,0.68188024,0.6824512,0.6766229,0.6784471,0.6814827,27367,35103.010598897934,0.67722404,0.6652714,0.668442,0.66966057,17.484200122472238,0.0,0.0
